Country,ISO3 Code,Datetime (UTC),Datetime (Local),Price (EUR/kWhe)
Netherlands,NLD,2025-01-01 00:00:00,2025-01-01 01:00:00,0.00624
Netherlands,NLD,2025-01-01 01:00:00,2025-01-01 02:00:00,0.0041600000000000005
Netherlands,NLD,2025-01-01 02:00:00,2025-01-01 03:00:00,0.00328
Netherlands,NLD,2025-01-01 03:00:00,2025-01-01 04:00:00,0.00068
Netherlands,NLD,2025-01-01 04:00:00,2025-01-01 05:00:00,0.0
Netherlands,NLD,2025-01-01 05:00:00,2025-01-01 06:00:00,0.00076
Netherlands,NLD,2025-01-01 06:00:00,2025-01-01 07:00:00,0.00079
Netherlands,NLD,2025-01-01 07:00:00,2025-01-01 08:00:00,0.00189
Netherlands,NLD,2025-01-01 08:00:00,2025-01-01 09:00:00,0.0075
Netherlands,NLD,2025-01-01 09:00:00,2025-01-01 10:00:00,0.02732
Netherlands,NLD,2025-01-01 10:00:00,2025-01-01 11:00:00,0.03749
Netherlands,NLD,2025-01-01 11:00:00,2025-01-01 12:00:00,0.0601
Netherlands,NLD,2025-01-01 12:00:00,2025-01-01 13:00:00,0.06332
Netherlands,NLD,2025-01-01 13:00:00,2025-01-01 14:00:00,0.047
Netherlands,NLD,2025-01-01 14:00:00,2025-01-01 15:00:00,0.0501
Netherlands,NLD,2025-01-01 15:00:00,2025-01-01 16:00:00,0.02764
Netherlands,NLD,2025-01-01 16:00:00,2025-01-01 17:00:00,0.07997
Netherlands,NLD,2025-01-01 17:00:00,2025-01-01 18:00:00,0.095
Netherlands,NLD,2025-01-01 18:00:00,2025-01-01 19:00:00,0.095
Netherlands,NLD,2025-01-01 19:00:00,2025-01-01 20:00:00,0.08148999999999999
Netherlands,NLD,2025-01-01 20:00:00,2025-01-01 21:00:00,0.06896
Netherlands,NLD,2025-01-01 21:00:00,2025-01-01 22:00:00,0.046369999999999995
Netherlands,NLD,2025-01-01 22:00:00,2025-01-01 23:00:00,0.038
Netherlands,NLD,2025-01-01 23:00:00,2025-01-02 00:00:00,0.10194
Netherlands,NLD,2025-01-02 00:00:00,2025-01-02 01:00:00,0.14695
Netherlands,NLD,2025-01-02 01:00:00,2025-01-02 02:00:00,0.14844
Netherlands,NLD,2025-01-02 02:00:00,2025-01-02 03:00:00,0.138
Netherlands,NLD,2025-01-02 03:00:00,2025-01-02 04:00:00,0.1001
Netherlands,NLD,2025-01-02 04:00:00,2025-01-02 05:00:00,0.10747
Netherlands,NLD,2025-01-02 05:00:00,2025-01-02 06:00:00,0.15468
Netherlands,NLD,2025-01-02 06:00:00,2025-01-02 07:00:00,0.1747
Netherlands,NLD,2025-01-02 07:00:00,2025-01-02 08:00:00,0.17507
Netherlands,NLD,2025-01-02 08:00:00,2025-01-02 09:00:00,0.16537000000000002
Netherlands,NLD,2025-01-02 09:00:00,2025-01-02 10:00:00,0.136
Netherlands,NLD,2025-01-02 10:00:00,2025-01-02 11:00:00,0.11193
Netherlands,NLD,2025-01-02 11:00:00,2025-01-02 12:00:00,0.10152
Netherlands,NLD,2025-01-02 12:00:00,2025-01-02 13:00:00,0.1056
Netherlands,NLD,2025-01-02 13:00:00,2025-01-02 14:00:00,0.11895
Netherlands,NLD,2025-01-02 14:00:00,2025-01-02 15:00:00,0.13011
Netherlands,NLD,2025-01-02 15:00:00,2025-01-02 16:00:00,0.13881
Netherlands,NLD,2025-01-02 16:00:00,2025-01-02 17:00:00,0.153
Netherlands,NLD,2025-01-02 17:00:00,2025-01-02 18:00:00,0.15299000000000001
Netherlands,NLD,2025-01-02 18:00:00,2025-01-02 19:00:00,0.128
Netherlands,NLD,2025-01-02 19:00:00,2025-01-02 20:00:00,0.12916999999999998
Netherlands,NLD,2025-01-02 20:00:00,2025-01-02 21:00:00,0.12
Netherlands,NLD,2025-01-02 21:00:00,2025-01-02 22:00:00,0.1199
Netherlands,NLD,2025-01-02 22:00:00,2025-01-02 23:00:00,0.11606999999999999
Netherlands,NLD,2025-01-02 23:00:00,2025-01-03 00:00:00,0.11431999999999999
Netherlands,NLD,2025-01-03 00:00:00,2025-01-03 01:00:00,0.115
Netherlands,NLD,2025-01-03 01:00:00,2025-01-03 02:00:00,0.103
Netherlands,NLD,2025-01-03 02:00:00,2025-01-03 03:00:00,0.098
Netherlands,NLD,2025-01-03 03:00:00,2025-01-03 04:00:00,0.07815000000000001
Netherlands,NLD,2025-01-03 04:00:00,2025-01-03 05:00:00,0.071
Netherlands,NLD,2025-01-03 05:00:00,2025-01-03 06:00:00,0.06896
Netherlands,NLD,2025-01-03 06:00:00,2025-01-03 07:00:00,0.086
Netherlands,NLD,2025-01-03 07:00:00,2025-01-03 08:00:00,0.11264
Netherlands,NLD,2025-01-03 08:00:00,2025-01-03 09:00:00,0.13451
Netherlands,NLD,2025-01-03 09:00:00,2025-01-03 10:00:00,0.1
Netherlands,NLD,2025-01-03 10:00:00,2025-01-03 11:00:00,0.0866
Netherlands,NLD,2025-01-03 11:00:00,2025-01-03 12:00:00,0.0838
Netherlands,NLD,2025-01-03 12:00:00,2025-01-03 13:00:00,0.09720000000000001
Netherlands,NLD,2025-01-03 13:00:00,2025-01-03 14:00:00,0.11705
Netherlands,NLD,2025-01-03 14:00:00,2025-01-03 15:00:00,0.14999
Netherlands,NLD,2025-01-03 15:00:00,2025-01-03 16:00:00,0.1258
Netherlands,NLD,2025-01-03 16:00:00,2025-01-03 17:00:00,0.14993
Netherlands,NLD,2025-01-03 17:00:00,2025-01-03 18:00:00,0.13319999999999999
Netherlands,NLD,2025-01-03 18:00:00,2025-01-03 19:00:00,0.1243
Netherlands,NLD,2025-01-03 19:00:00,2025-01-03 20:00:00,0.125
Netherlands,NLD,2025-01-03 20:00:00,2025-01-03 21:00:00,0.15519999999999998
Netherlands,NLD,2025-01-03 21:00:00,2025-01-03 22:00:00,0.13319999999999999
Netherlands,NLD,2025-01-03 22:00:00,2025-01-03 23:00:00,0.19269999999999998
Netherlands,NLD,2025-01-03 23:00:00,2025-01-04 00:00:00,0.1364
Netherlands,NLD,2025-01-04 00:00:00,2025-01-04 01:00:00,0.13038999999999998
Netherlands,NLD,2025-01-04 01:00:00,2025-01-04 02:00:00,0.1067
Netherlands,NLD,2025-01-04 02:00:00,2025-01-04 03:00:00,0.099
Netherlands,NLD,2025-01-04 03:00:00,2025-01-04 04:00:00,0.09609000000000001
Netherlands,NLD,2025-01-04 04:00:00,2025-01-04 05:00:00,0.10222
Netherlands,NLD,2025-01-04 05:00:00,2025-01-04 06:00:00,0.1107
Netherlands,NLD,2025-01-04 06:00:00,2025-01-04 07:00:00,0.12002
Netherlands,NLD,2025-01-04 07:00:00,2025-01-04 08:00:00,0.12838999999999998
Netherlands,NLD,2025-01-04 08:00:00,2025-01-04 09:00:00,0.13075
Netherlands,NLD,2025-01-04 09:00:00,2025-01-04 10:00:00,0.13034
Netherlands,NLD,2025-01-04 10:00:00,2025-01-04 11:00:00,0.12829
Netherlands,NLD,2025-01-04 11:00:00,2025-01-04 12:00:00,0.13003
Netherlands,NLD,2025-01-04 12:00:00,2025-01-04 13:00:00,0.12985
Netherlands,NLD,2025-01-04 13:00:00,2025-01-04 14:00:00,0.1364
Netherlands,NLD,2025-01-04 14:00:00,2025-01-04 15:00:00,0.13876
Netherlands,NLD,2025-01-04 15:00:00,2025-01-04 16:00:00,0.1412
Netherlands,NLD,2025-01-04 16:00:00,2025-01-04 17:00:00,0.14983000000000002
Netherlands,NLD,2025-01-04 17:00:00,2025-01-04 18:00:00,0.14417
Netherlands,NLD,2025-01-04 18:00:00,2025-01-04 19:00:00,0.13838
Netherlands,NLD,2025-01-04 19:00:00,2025-01-04 20:00:00,0.12972999999999998
Netherlands,NLD,2025-01-04 20:00:00,2025-01-04 21:00:00,0.12307
Netherlands,NLD,2025-01-04 21:00:00,2025-01-04 22:00:00,0.11854
Netherlands,NLD,2025-01-04 22:00:00,2025-01-04 23:00:00,0.10961
Netherlands,NLD,2025-01-04 23:00:00,2025-01-05 00:00:00,0.11161
Netherlands,NLD,2025-01-05 00:00:00,2025-01-05 01:00:00,0.09476000000000001
Netherlands,NLD,2025-01-05 01:00:00,2025-01-05 02:00:00,0.08562
Netherlands,NLD,2025-01-05 02:00:00,2025-01-05 03:00:00,0.08294
Netherlands,NLD,2025-01-05 03:00:00,2025-01-05 04:00:00,0.07473
Netherlands,NLD,2025-01-05 04:00:00,2025-01-05 05:00:00,0.067
Netherlands,NLD,2025-01-05 05:00:00,2025-01-05 06:00:00,0.06567
Netherlands,NLD,2025-01-05 06:00:00,2025-01-05 07:00:00,0.06422
Netherlands,NLD,2025-01-05 07:00:00,2025-01-05 08:00:00,0.0755
Netherlands,NLD,2025-01-05 08:00:00,2025-01-05 09:00:00,0.0757
Netherlands,NLD,2025-01-05 09:00:00,2025-01-05 10:00:00,0.08295
Netherlands,NLD,2025-01-05 10:00:00,2025-01-05 11:00:00,0.08002
Netherlands,NLD,2025-01-05 11:00:00,2025-01-05 12:00:00,0.08166
Netherlands,NLD,2025-01-05 12:00:00,2025-01-05 13:00:00,0.06531999999999999
Netherlands,NLD,2025-01-05 13:00:00,2025-01-05 14:00:00,0.05967
Netherlands,NLD,2025-01-05 14:00:00,2025-01-05 15:00:00,0.04998
Netherlands,NLD,2025-01-05 15:00:00,2025-01-05 16:00:00,0.049909999999999996
Netherlands,NLD,2025-01-05 16:00:00,2025-01-05 17:00:00,0.06323
Netherlands,NLD,2025-01-05 17:00:00,2025-01-05 18:00:00,0.061130000000000004
Netherlands,NLD,2025-01-05 18:00:00,2025-01-05 19:00:00,0.05208
Netherlands,NLD,2025-01-05 19:00:00,2025-01-05 20:00:00,0.04088
Netherlands,NLD,2025-01-05 20:00:00,2025-01-05 21:00:00,0.039
Netherlands,NLD,2025-01-05 21:00:00,2025-01-05 22:00:00,0.032479999999999995
Netherlands,NLD,2025-01-05 22:00:00,2025-01-05 23:00:00,0.02036
Netherlands,NLD,2025-01-05 23:00:00,2025-01-06 00:00:00,0.02599
Netherlands,NLD,2025-01-06 00:00:00,2025-01-06 01:00:00,0.00965
Netherlands,NLD,2025-01-06 01:00:00,2025-01-06 02:00:00,0.0062
Netherlands,NLD,2025-01-06 02:00:00,2025-01-06 03:00:00,0.00277
Netherlands,NLD,2025-01-06 03:00:00,2025-01-06 04:00:00,0.00197
Netherlands,NLD,2025-01-06 04:00:00,2025-01-06 05:00:00,0.00369
Netherlands,NLD,2025-01-06 05:00:00,2025-01-06 06:00:00,0.01
Netherlands,NLD,2025-01-06 06:00:00,2025-01-06 07:00:00,0.04554
Netherlands,NLD,2025-01-06 07:00:00,2025-01-06 08:00:00,0.072
Netherlands,NLD,2025-01-06 08:00:00,2025-01-06 09:00:00,0.07703
Netherlands,NLD,2025-01-06 09:00:00,2025-01-06 10:00:00,0.06
Netherlands,NLD,2025-01-06 10:00:00,2025-01-06 11:00:00,0.04028
Netherlands,NLD,2025-01-06 11:00:00,2025-01-06 12:00:00,0.04206
Netherlands,NLD,2025-01-06 12:00:00,2025-01-06 13:00:00,0.04506
Netherlands,NLD,2025-01-06 13:00:00,2025-01-06 14:00:00,0.06456999999999999
Netherlands,NLD,2025-01-06 14:00:00,2025-01-06 15:00:00,0.07794
Netherlands,NLD,2025-01-06 15:00:00,2025-01-06 16:00:00,0.07792
Netherlands,NLD,2025-01-06 16:00:00,2025-01-06 17:00:00,0.10291
Netherlands,NLD,2025-01-06 17:00:00,2025-01-06 18:00:00,0.12666
Netherlands,NLD,2025-01-06 18:00:00,2025-01-06 19:00:00,0.11995
Netherlands,NLD,2025-01-06 19:00:00,2025-01-06 20:00:00,0.0999
Netherlands,NLD,2025-01-06 20:00:00,2025-01-06 21:00:00,0.07994
Netherlands,NLD,2025-01-06 21:00:00,2025-01-06 22:00:00,0.07343000000000001
Netherlands,NLD,2025-01-06 22:00:00,2025-01-06 23:00:00,0.05096
Netherlands,NLD,2025-01-06 23:00:00,2025-01-07 00:00:00,0.019510000000000003
Netherlands,NLD,2025-01-07 00:00:00,2025-01-07 01:00:00,0.00871
Netherlands,NLD,2025-01-07 01:00:00,2025-01-07 02:00:00,0.0089
Netherlands,NLD,2025-01-07 02:00:00,2025-01-07 03:00:00,0.00501
Netherlands,NLD,2025-01-07 03:00:00,2025-01-07 04:00:00,0.00513
Netherlands,NLD,2025-01-07 04:00:00,2025-01-07 05:00:00,0.0058
Netherlands,NLD,2025-01-07 05:00:00,2025-01-07 06:00:00,0.06
Netherlands,NLD,2025-01-07 06:00:00,2025-01-07 07:00:00,0.11656
Netherlands,NLD,2025-01-07 07:00:00,2025-01-07 08:00:00,0.16598
Netherlands,NLD,2025-01-07 08:00:00,2025-01-07 09:00:00,0.1385
Netherlands,NLD,2025-01-07 09:00:00,2025-01-07 10:00:00,0.11073999999999999
Netherlands,NLD,2025-01-07 10:00:00,2025-01-07 11:00:00,0.07995000000000001
Netherlands,NLD,2025-01-07 11:00:00,2025-01-07 12:00:00,0.0701
Netherlands,NLD,2025-01-07 12:00:00,2025-01-07 13:00:00,0.06733
Netherlands,NLD,2025-01-07 13:00:00,2025-01-07 14:00:00,0.075
Netherlands,NLD,2025-01-07 14:00:00,2025-01-07 15:00:00,0.0849
Netherlands,NLD,2025-01-07 15:00:00,2025-01-07 16:00:00,0.12558
Netherlands,NLD,2025-01-07 16:00:00,2025-01-07 17:00:00,0.16069999999999998
Netherlands,NLD,2025-01-07 17:00:00,2025-01-07 18:00:00,0.17386000000000001
Netherlands,NLD,2025-01-07 18:00:00,2025-01-07 19:00:00,0.1275
Netherlands,NLD,2025-01-07 19:00:00,2025-01-07 20:00:00,0.1029
Netherlands,NLD,2025-01-07 20:00:00,2025-01-07 21:00:00,0.09759999999999999
Netherlands,NLD,2025-01-07 21:00:00,2025-01-07 22:00:00,0.08220000000000001
Netherlands,NLD,2025-01-07 22:00:00,2025-01-07 23:00:00,0.08001000000000001
Netherlands,NLD,2025-01-07 23:00:00,2025-01-08 00:00:00,0.06619
Netherlands,NLD,2025-01-08 00:00:00,2025-01-08 01:00:00,0.05296
Netherlands,NLD,2025-01-08 01:00:00,2025-01-08 02:00:00,0.05017
Netherlands,NLD,2025-01-08 02:00:00,2025-01-08 03:00:00,0.0499
Netherlands,NLD,2025-01-08 03:00:00,2025-01-08 04:00:00,0.0528
Netherlands,NLD,2025-01-08 04:00:00,2025-01-08 05:00:00,0.06893
Netherlands,NLD,2025-01-08 05:00:00,2025-01-08 06:00:00,0.0751
Netherlands,NLD,2025-01-08 06:00:00,2025-01-08 07:00:00,0.12046
Netherlands,NLD,2025-01-08 07:00:00,2025-01-08 08:00:00,0.14104
Netherlands,NLD,2025-01-08 08:00:00,2025-01-08 09:00:00,0.14677
Netherlands,NLD,2025-01-08 09:00:00,2025-01-08 10:00:00,0.1256
Netherlands,NLD,2025-01-08 10:00:00,2025-01-08 11:00:00,0.10862999999999999
Netherlands,NLD,2025-01-08 11:00:00,2025-01-08 12:00:00,0.10587
Netherlands,NLD,2025-01-08 12:00:00,2025-01-08 13:00:00,0.10237
Netherlands,NLD,2025-01-08 13:00:00,2025-01-08 14:00:00,0.11028
Netherlands,NLD,2025-01-08 14:00:00,2025-01-08 15:00:00,0.12797
Netherlands,NLD,2025-01-08 15:00:00,2025-01-08 16:00:00,0.13731000000000002
Netherlands,NLD,2025-01-08 16:00:00,2025-01-08 17:00:00,0.15735
Netherlands,NLD,2025-01-08 17:00:00,2025-01-08 18:00:00,0.162
Netherlands,NLD,2025-01-08 18:00:00,2025-01-08 19:00:00,0.14665999999999998
Netherlands,NLD,2025-01-08 19:00:00,2025-01-08 20:00:00,0.13487000000000002
Netherlands,NLD,2025-01-08 20:00:00,2025-01-08 21:00:00,0.12511
Netherlands,NLD,2025-01-08 21:00:00,2025-01-08 22:00:00,0.1144
Netherlands,NLD,2025-01-08 22:00:00,2025-01-08 23:00:00,0.1005
Netherlands,NLD,2025-01-08 23:00:00,2025-01-09 00:00:00,0.09998
Netherlands,NLD,2025-01-09 00:00:00,2025-01-09 01:00:00,0.1
Netherlands,NLD,2025-01-09 01:00:00,2025-01-09 02:00:00,0.09246
Netherlands,NLD,2025-01-09 02:00:00,2025-01-09 03:00:00,0.0851
Netherlands,NLD,2025-01-09 03:00:00,2025-01-09 04:00:00,0.08464
Netherlands,NLD,2025-01-09 04:00:00,2025-01-09 05:00:00,0.09076999999999999
Netherlands,NLD,2025-01-09 05:00:00,2025-01-09 06:00:00,0.12104000000000001
Netherlands,NLD,2025-01-09 06:00:00,2025-01-09 07:00:00,0.1419
Netherlands,NLD,2025-01-09 07:00:00,2025-01-09 08:00:00,0.15228
Netherlands,NLD,2025-01-09 08:00:00,2025-01-09 09:00:00,0.14540999999999998
Netherlands,NLD,2025-01-09 09:00:00,2025-01-09 10:00:00,0.13891
Netherlands,NLD,2025-01-09 10:00:00,2025-01-09 11:00:00,0.13191
Netherlands,NLD,2025-01-09 11:00:00,2025-01-09 12:00:00,0.12239
Netherlands,NLD,2025-01-09 12:00:00,2025-01-09 13:00:00,0.11485
Netherlands,NLD,2025-01-09 13:00:00,2025-01-09 14:00:00,0.11627
Netherlands,NLD,2025-01-09 14:00:00,2025-01-09 15:00:00,0.12129000000000001
Netherlands,NLD,2025-01-09 15:00:00,2025-01-09 16:00:00,0.122
Netherlands,NLD,2025-01-09 16:00:00,2025-01-09 17:00:00,0.13107
Netherlands,NLD,2025-01-09 17:00:00,2025-01-09 18:00:00,0.13452
Netherlands,NLD,2025-01-09 18:00:00,2025-01-09 19:00:00,0.11295000000000001
Netherlands,NLD,2025-01-09 19:00:00,2025-01-09 20:00:00,0.11923
Netherlands,NLD,2025-01-09 20:00:00,2025-01-09 21:00:00,0.10517
Netherlands,NLD,2025-01-09 21:00:00,2025-01-09 22:00:00,0.10092
Netherlands,NLD,2025-01-09 22:00:00,2025-01-09 23:00:00,0.08001000000000001
Netherlands,NLD,2025-01-09 23:00:00,2025-01-10 00:00:00,0.09097
Netherlands,NLD,2025-01-10 00:00:00,2025-01-10 01:00:00,0.08023000000000001
Netherlands,NLD,2025-01-10 01:00:00,2025-01-10 02:00:00,0.0714
Netherlands,NLD,2025-01-10 02:00:00,2025-01-10 03:00:00,0.0692
Netherlands,NLD,2025-01-10 03:00:00,2025-01-10 04:00:00,0.06992
Netherlands,NLD,2025-01-10 04:00:00,2025-01-10 05:00:00,0.08417
Netherlands,NLD,2025-01-10 05:00:00,2025-01-10 06:00:00,0.09909
Netherlands,NLD,2025-01-10 06:00:00,2025-01-10 07:00:00,0.12392
Netherlands,NLD,2025-01-10 07:00:00,2025-01-10 08:00:00,0.13969
Netherlands,NLD,2025-01-10 08:00:00,2025-01-10 09:00:00,0.13698
Netherlands,NLD,2025-01-10 09:00:00,2025-01-10 10:00:00,0.12357
Netherlands,NLD,2025-01-10 10:00:00,2025-01-10 11:00:00,0.11359
Netherlands,NLD,2025-01-10 11:00:00,2025-01-10 12:00:00,0.10743000000000001
Netherlands,NLD,2025-01-10 12:00:00,2025-01-10 13:00:00,0.10501
Netherlands,NLD,2025-01-10 13:00:00,2025-01-10 14:00:00,0.11001000000000001
Netherlands,NLD,2025-01-10 14:00:00,2025-01-10 15:00:00,0.12869
Netherlands,NLD,2025-01-10 15:00:00,2025-01-10 16:00:00,0.13501
Netherlands,NLD,2025-01-10 16:00:00,2025-01-10 17:00:00,0.1426
Netherlands,NLD,2025-01-10 17:00:00,2025-01-10 18:00:00,0.14415
Netherlands,NLD,2025-01-10 18:00:00,2025-01-10 19:00:00,0.1411
Netherlands,NLD,2025-01-10 19:00:00,2025-01-10 20:00:00,0.13482
Netherlands,NLD,2025-01-10 20:00:00,2025-01-10 21:00:00,0.12251000000000001
Netherlands,NLD,2025-01-10 21:00:00,2025-01-10 22:00:00,0.11977
Netherlands,NLD,2025-01-10 22:00:00,2025-01-10 23:00:00,0.11173999999999999
Netherlands,NLD,2025-01-10 23:00:00,2025-01-11 00:00:00,0.11888
Netherlands,NLD,2025-01-11 00:00:00,2025-01-11 01:00:00,0.10409
Netherlands,NLD,2025-01-11 01:00:00,2025-01-11 02:00:00,0.0974
Netherlands,NLD,2025-01-11 02:00:00,2025-01-11 03:00:00,0.0958
Netherlands,NLD,2025-01-11 03:00:00,2025-01-11 04:00:00,0.095
Netherlands,NLD,2025-01-11 04:00:00,2025-01-11 05:00:00,0.09861
Netherlands,NLD,2025-01-11 05:00:00,2025-01-11 06:00:00,0.1051
Netherlands,NLD,2025-01-11 06:00:00,2025-01-11 07:00:00,0.1199
Netherlands,NLD,2025-01-11 07:00:00,2025-01-11 08:00:00,0.12834
Netherlands,NLD,2025-01-11 08:00:00,2025-01-11 09:00:00,0.14193
Netherlands,NLD,2025-01-11 09:00:00,2025-01-11 10:00:00,0.12781
Netherlands,NLD,2025-01-11 10:00:00,2025-01-11 11:00:00,0.10161
Netherlands,NLD,2025-01-11 11:00:00,2025-01-11 12:00:00,0.09756999999999999
Netherlands,NLD,2025-01-11 12:00:00,2025-01-11 13:00:00,0.09315000000000001
Netherlands,NLD,2025-01-11 13:00:00,2025-01-11 14:00:00,0.09573999999999999
Netherlands,NLD,2025-01-11 14:00:00,2025-01-11 15:00:00,0.10523
Netherlands,NLD,2025-01-11 15:00:00,2025-01-11 16:00:00,0.11245999999999999
Netherlands,NLD,2025-01-11 16:00:00,2025-01-11 17:00:00,0.12012
Netherlands,NLD,2025-01-11 17:00:00,2025-01-11 18:00:00,0.12409999999999999
Netherlands,NLD,2025-01-11 18:00:00,2025-01-11 19:00:00,0.135
Netherlands,NLD,2025-01-11 19:00:00,2025-01-11 20:00:00,0.13140000000000002
Netherlands,NLD,2025-01-11 20:00:00,2025-01-11 21:00:00,0.1242
Netherlands,NLD,2025-01-11 21:00:00,2025-01-11 22:00:00,0.12419
Netherlands,NLD,2025-01-11 22:00:00,2025-01-11 23:00:00,0.10593999999999999
Netherlands,NLD,2025-01-11 23:00:00,2025-01-12 00:00:00,0.1406
Netherlands,NLD,2025-01-12 00:00:00,2025-01-12 01:00:00,0.115
Netherlands,NLD,2025-01-12 01:00:00,2025-01-12 02:00:00,0.1
Netherlands,NLD,2025-01-12 02:00:00,2025-01-12 03:00:00,0.09
Netherlands,NLD,2025-01-12 03:00:00,2025-01-12 04:00:00,0.085
Netherlands,NLD,2025-01-12 04:00:00,2025-01-12 05:00:00,0.08990000000000001
Netherlands,NLD,2025-01-12 05:00:00,2025-01-12 06:00:00,0.097
Netherlands,NLD,2025-01-12 06:00:00,2025-01-12 07:00:00,0.10175
Netherlands,NLD,2025-01-12 07:00:00,2025-01-12 08:00:00,0.11476
Netherlands,NLD,2025-01-12 08:00:00,2025-01-12 09:00:00,0.12007
Netherlands,NLD,2025-01-12 09:00:00,2025-01-12 10:00:00,0.11777
Netherlands,NLD,2025-01-12 10:00:00,2025-01-12 11:00:00,0.10561
Netherlands,NLD,2025-01-12 11:00:00,2025-01-12 12:00:00,0.10299
Netherlands,NLD,2025-01-12 12:00:00,2025-01-12 13:00:00,0.09961
Netherlands,NLD,2025-01-12 13:00:00,2025-01-12 14:00:00,0.10323
Netherlands,NLD,2025-01-12 14:00:00,2025-01-12 15:00:00,0.11631999999999999
Netherlands,NLD,2025-01-12 15:00:00,2025-01-12 16:00:00,0.12952000000000002
Netherlands,NLD,2025-01-12 16:00:00,2025-01-12 17:00:00,0.13812
Netherlands,NLD,2025-01-12 17:00:00,2025-01-12 18:00:00,0.14665999999999998
Netherlands,NLD,2025-01-12 18:00:00,2025-01-12 19:00:00,0.14279
Netherlands,NLD,2025-01-12 19:00:00,2025-01-12 20:00:00,0.13311
Netherlands,NLD,2025-01-12 20:00:00,2025-01-12 21:00:00,0.12685
Netherlands,NLD,2025-01-12 21:00:00,2025-01-12 22:00:00,0.12045
Netherlands,NLD,2025-01-12 22:00:00,2025-01-12 23:00:00,0.1149
Netherlands,NLD,2025-01-12 23:00:00,2025-01-13 00:00:00,0.11239
Netherlands,NLD,2025-01-13 00:00:00,2025-01-13 01:00:00,0.10507
Netherlands,NLD,2025-01-13 01:00:00,2025-01-13 02:00:00,0.10446
Netherlands,NLD,2025-01-13 02:00:00,2025-01-13 03:00:00,0.10037
Netherlands,NLD,2025-01-13 03:00:00,2025-01-13 04:00:00,0.1
Netherlands,NLD,2025-01-13 04:00:00,2025-01-13 05:00:00,0.10997
Netherlands,NLD,2025-01-13 05:00:00,2025-01-13 06:00:00,0.13867
Netherlands,NLD,2025-01-13 06:00:00,2025-01-13 07:00:00,0.17783000000000002
Netherlands,NLD,2025-01-13 07:00:00,2025-01-13 08:00:00,0.21880000000000002
Netherlands,NLD,2025-01-13 08:00:00,2025-01-13 09:00:00,0.171
Netherlands,NLD,2025-01-13 09:00:00,2025-01-13 10:00:00,0.13997
Netherlands,NLD,2025-01-13 10:00:00,2025-01-13 11:00:00,0.11558
Netherlands,NLD,2025-01-13 11:00:00,2025-01-13 12:00:00,0.10482999999999999
Netherlands,NLD,2025-01-13 12:00:00,2025-01-13 13:00:00,0.10311
Netherlands,NLD,2025-01-13 13:00:00,2025-01-13 14:00:00,0.10554999999999999
Netherlands,NLD,2025-01-13 14:00:00,2025-01-13 15:00:00,0.13534000000000002
Netherlands,NLD,2025-01-13 15:00:00,2025-01-13 16:00:00,0.14082
Netherlands,NLD,2025-01-13 16:00:00,2025-01-13 17:00:00,0.149
Netherlands,NLD,2025-01-13 17:00:00,2025-01-13 18:00:00,0.14041
Netherlands,NLD,2025-01-13 18:00:00,2025-01-13 19:00:00,0.1196
Netherlands,NLD,2025-01-13 19:00:00,2025-01-13 20:00:00,0.105
Netherlands,NLD,2025-01-13 20:00:00,2025-01-13 21:00:00,0.11827
Netherlands,NLD,2025-01-13 21:00:00,2025-01-13 22:00:00,0.109
Netherlands,NLD,2025-01-13 22:00:00,2025-01-13 23:00:00,0.0958
Netherlands,NLD,2025-01-13 23:00:00,2025-01-14 00:00:00,0.08937
Netherlands,NLD,2025-01-14 00:00:00,2025-01-14 01:00:00,0.08875
Netherlands,NLD,2025-01-14 01:00:00,2025-01-14 02:00:00,0.08261
Netherlands,NLD,2025-01-14 02:00:00,2025-01-14 03:00:00,0.08206000000000001
Netherlands,NLD,2025-01-14 03:00:00,2025-01-14 04:00:00,0.09109
Netherlands,NLD,2025-01-14 04:00:00,2025-01-14 05:00:00,0.10055
Netherlands,NLD,2025-01-14 05:00:00,2025-01-14 06:00:00,0.10990000000000001
Netherlands,NLD,2025-01-14 06:00:00,2025-01-14 07:00:00,0.15242
Netherlands,NLD,2025-01-14 07:00:00,2025-01-14 08:00:00,0.18131
Netherlands,NLD,2025-01-14 08:00:00,2025-01-14 09:00:00,0.15112
Netherlands,NLD,2025-01-14 09:00:00,2025-01-14 10:00:00,0.1004
Netherlands,NLD,2025-01-14 10:00:00,2025-01-14 11:00:00,0.10445
Netherlands,NLD,2025-01-14 11:00:00,2025-01-14 12:00:00,0.09372
Netherlands,NLD,2025-01-14 12:00:00,2025-01-14 13:00:00,0.105
Netherlands,NLD,2025-01-14 13:00:00,2025-01-14 14:00:00,0.11556
Netherlands,NLD,2025-01-14 14:00:00,2025-01-14 15:00:00,0.12614
Netherlands,NLD,2025-01-14 15:00:00,2025-01-14 16:00:00,0.14258
Netherlands,NLD,2025-01-14 16:00:00,2025-01-14 17:00:00,0.16654
Netherlands,NLD,2025-01-14 17:00:00,2025-01-14 18:00:00,0.15414
Netherlands,NLD,2025-01-14 18:00:00,2025-01-14 19:00:00,0.1275
Netherlands,NLD,2025-01-14 19:00:00,2025-01-14 20:00:00,0.117
Netherlands,NLD,2025-01-14 20:00:00,2025-01-14 21:00:00,0.111
Netherlands,NLD,2025-01-14 21:00:00,2025-01-14 22:00:00,0.10843000000000001
Netherlands,NLD,2025-01-14 22:00:00,2025-01-14 23:00:00,0.12187
Netherlands,NLD,2025-01-14 23:00:00,2025-01-15 00:00:00,0.09717
Netherlands,NLD,2025-01-15 00:00:00,2025-01-15 01:00:00,0.09993
Netherlands,NLD,2025-01-15 01:00:00,2025-01-15 02:00:00,0.1
Netherlands,NLD,2025-01-15 02:00:00,2025-01-15 03:00:00,0.106
Netherlands,NLD,2025-01-15 03:00:00,2025-01-15 04:00:00,0.10535
Netherlands,NLD,2025-01-15 04:00:00,2025-01-15 05:00:00,0.11206999999999999
Netherlands,NLD,2025-01-15 05:00:00,2025-01-15 06:00:00,0.13468
Netherlands,NLD,2025-01-15 06:00:00,2025-01-15 07:00:00,0.19186
Netherlands,NLD,2025-01-15 07:00:00,2025-01-15 08:00:00,0.30071
Netherlands,NLD,2025-01-15 08:00:00,2025-01-15 09:00:00,0.30666000000000004
Netherlands,NLD,2025-01-15 09:00:00,2025-01-15 10:00:00,0.3
Netherlands,NLD,2025-01-15 10:00:00,2025-01-15 11:00:00,0.2826
Netherlands,NLD,2025-01-15 11:00:00,2025-01-15 12:00:00,0.24427000000000001
Netherlands,NLD,2025-01-15 12:00:00,2025-01-15 13:00:00,0.23034000000000002
Netherlands,NLD,2025-01-15 13:00:00,2025-01-15 14:00:00,0.26458
Netherlands,NLD,2025-01-15 14:00:00,2025-01-15 15:00:00,0.27273000000000003
Netherlands,NLD,2025-01-15 15:00:00,2025-01-15 16:00:00,0.29892
Netherlands,NLD,2025-01-15 16:00:00,2025-01-15 17:00:00,0.35048
Netherlands,NLD,2025-01-15 17:00:00,2025-01-15 18:00:00,0.30956
Netherlands,NLD,2025-01-15 18:00:00,2025-01-15 19:00:00,0.26242000000000004
Netherlands,NLD,2025-01-15 19:00:00,2025-01-15 20:00:00,0.17945
Netherlands,NLD,2025-01-15 20:00:00,2025-01-15 21:00:00,0.15094
Netherlands,NLD,2025-01-15 21:00:00,2025-01-15 22:00:00,0.14085
Netherlands,NLD,2025-01-15 22:00:00,2025-01-15 23:00:00,0.12390000000000001
Netherlands,NLD,2025-01-15 23:00:00,2025-01-16 00:00:00,0.12606
Netherlands,NLD,2025-01-16 00:00:00,2025-01-16 01:00:00,0.11887
Netherlands,NLD,2025-01-16 01:00:00,2025-01-16 02:00:00,0.1113
Netherlands,NLD,2025-01-16 02:00:00,2025-01-16 03:00:00,0.1044
Netherlands,NLD,2025-01-16 03:00:00,2025-01-16 04:00:00,0.10312
Netherlands,NLD,2025-01-16 04:00:00,2025-01-16 05:00:00,0.1149
Netherlands,NLD,2025-01-16 05:00:00,2025-01-16 06:00:00,0.12990000000000002
Netherlands,NLD,2025-01-16 06:00:00,2025-01-16 07:00:00,0.16961
Netherlands,NLD,2025-01-16 07:00:00,2025-01-16 08:00:00,0.19973
Netherlands,NLD,2025-01-16 08:00:00,2025-01-16 09:00:00,0.175
Netherlands,NLD,2025-01-16 09:00:00,2025-01-16 10:00:00,0.1519
Netherlands,NLD,2025-01-16 10:00:00,2025-01-16 11:00:00,0.14064
Netherlands,NLD,2025-01-16 11:00:00,2025-01-16 12:00:00,0.13056
Netherlands,NLD,2025-01-16 12:00:00,2025-01-16 13:00:00,0.12871000000000002
Netherlands,NLD,2025-01-16 13:00:00,2025-01-16 14:00:00,0.13505
Netherlands,NLD,2025-01-16 14:00:00,2025-01-16 15:00:00,0.15674000000000002
Netherlands,NLD,2025-01-16 15:00:00,2025-01-16 16:00:00,0.17317
Netherlands,NLD,2025-01-16 16:00:00,2025-01-16 17:00:00,0.18735
Netherlands,NLD,2025-01-16 17:00:00,2025-01-16 18:00:00,0.18431999999999998
Netherlands,NLD,2025-01-16 18:00:00,2025-01-16 19:00:00,0.17997
Netherlands,NLD,2025-01-16 19:00:00,2025-01-16 20:00:00,0.1596
Netherlands,NLD,2025-01-16 20:00:00,2025-01-16 21:00:00,0.14176
Netherlands,NLD,2025-01-16 21:00:00,2025-01-16 22:00:00,0.13545
Netherlands,NLD,2025-01-16 22:00:00,2025-01-16 23:00:00,0.12390000000000001
Netherlands,NLD,2025-01-16 23:00:00,2025-01-17 00:00:00,0.1
Netherlands,NLD,2025-01-17 00:00:00,2025-01-17 01:00:00,0.11
Netherlands,NLD,2025-01-17 01:00:00,2025-01-17 02:00:00,0.10635
Netherlands,NLD,2025-01-17 02:00:00,2025-01-17 03:00:00,0.10590000000000001
Netherlands,NLD,2025-01-17 03:00:00,2025-01-17 04:00:00,0.10606
Netherlands,NLD,2025-01-17 04:00:00,2025-01-17 05:00:00,0.112
Netherlands,NLD,2025-01-17 05:00:00,2025-01-17 06:00:00,0.1408
Netherlands,NLD,2025-01-17 06:00:00,2025-01-17 07:00:00,0.17501
Netherlands,NLD,2025-01-17 07:00:00,2025-01-17 08:00:00,0.20812999999999998
Netherlands,NLD,2025-01-17 08:00:00,2025-01-17 09:00:00,0.17534
Netherlands,NLD,2025-01-17 09:00:00,2025-01-17 10:00:00,0.15683000000000002
Netherlands,NLD,2025-01-17 10:00:00,2025-01-17 11:00:00,0.1401
Netherlands,NLD,2025-01-17 11:00:00,2025-01-17 12:00:00,0.12644
Netherlands,NLD,2025-01-17 12:00:00,2025-01-17 13:00:00,0.12403
Netherlands,NLD,2025-01-17 13:00:00,2025-01-17 14:00:00,0.13119999999999998
Netherlands,NLD,2025-01-17 14:00:00,2025-01-17 15:00:00,0.14769
Netherlands,NLD,2025-01-17 15:00:00,2025-01-17 16:00:00,0.16502
Netherlands,NLD,2025-01-17 16:00:00,2025-01-17 17:00:00,0.17775
Netherlands,NLD,2025-01-17 17:00:00,2025-01-17 18:00:00,0.17992
Netherlands,NLD,2025-01-17 18:00:00,2025-01-17 19:00:00,0.17421999999999999
Netherlands,NLD,2025-01-17 19:00:00,2025-01-17 20:00:00,0.15791
Netherlands,NLD,2025-01-17 20:00:00,2025-01-17 21:00:00,0.145
Netherlands,NLD,2025-01-17 21:00:00,2025-01-17 22:00:00,0.13997
Netherlands,NLD,2025-01-17 22:00:00,2025-01-17 23:00:00,0.12689
Netherlands,NLD,2025-01-17 23:00:00,2025-01-18 00:00:00,0.12534
Netherlands,NLD,2025-01-18 00:00:00,2025-01-18 01:00:00,0.12106
Netherlands,NLD,2025-01-18 01:00:00,2025-01-18 02:00:00,0.121
Netherlands,NLD,2025-01-18 02:00:00,2025-01-18 03:00:00,0.11885
Netherlands,NLD,2025-01-18 03:00:00,2025-01-18 04:00:00,0.11649
Netherlands,NLD,2025-01-18 04:00:00,2025-01-18 05:00:00,0.11978
Netherlands,NLD,2025-01-18 05:00:00,2025-01-18 06:00:00,0.11981
Netherlands,NLD,2025-01-18 06:00:00,2025-01-18 07:00:00,0.13349
Netherlands,NLD,2025-01-18 07:00:00,2025-01-18 08:00:00,0.14565
Netherlands,NLD,2025-01-18 08:00:00,2025-01-18 09:00:00,0.1441
Netherlands,NLD,2025-01-18 09:00:00,2025-01-18 10:00:00,0.13137000000000001
Netherlands,NLD,2025-01-18 10:00:00,2025-01-18 11:00:00,0.12157
Netherlands,NLD,2025-01-18 11:00:00,2025-01-18 12:00:00,0.11887
Netherlands,NLD,2025-01-18 12:00:00,2025-01-18 13:00:00,0.11501
Netherlands,NLD,2025-01-18 13:00:00,2025-01-18 14:00:00,0.11903
Netherlands,NLD,2025-01-18 14:00:00,2025-01-18 15:00:00,0.13056
Netherlands,NLD,2025-01-18 15:00:00,2025-01-18 16:00:00,0.1455
Netherlands,NLD,2025-01-18 16:00:00,2025-01-18 17:00:00,0.16191
Netherlands,NLD,2025-01-18 17:00:00,2025-01-18 18:00:00,0.16757
Netherlands,NLD,2025-01-18 18:00:00,2025-01-18 19:00:00,0.16785
Netherlands,NLD,2025-01-18 19:00:00,2025-01-18 20:00:00,0.15612
Netherlands,NLD,2025-01-18 20:00:00,2025-01-18 21:00:00,0.14342
Netherlands,NLD,2025-01-18 21:00:00,2025-01-18 22:00:00,0.1364
Netherlands,NLD,2025-01-18 22:00:00,2025-01-18 23:00:00,0.12936
Netherlands,NLD,2025-01-18 23:00:00,2025-01-19 00:00:00,0.12975
Netherlands,NLD,2025-01-19 00:00:00,2025-01-19 01:00:00,0.12426000000000001
Netherlands,NLD,2025-01-19 01:00:00,2025-01-19 02:00:00,0.1231
Netherlands,NLD,2025-01-19 02:00:00,2025-01-19 03:00:00,0.12124
Netherlands,NLD,2025-01-19 03:00:00,2025-01-19 04:00:00,0.12018000000000001
Netherlands,NLD,2025-01-19 04:00:00,2025-01-19 05:00:00,0.12
Netherlands,NLD,2025-01-19 05:00:00,2025-01-19 06:00:00,0.12158
Netherlands,NLD,2025-01-19 06:00:00,2025-01-19 07:00:00,0.12337000000000001
Netherlands,NLD,2025-01-19 07:00:00,2025-01-19 08:00:00,0.12359999999999999
Netherlands,NLD,2025-01-19 08:00:00,2025-01-19 09:00:00,0.12521
Netherlands,NLD,2025-01-19 09:00:00,2025-01-19 10:00:00,0.12527
Netherlands,NLD,2025-01-19 10:00:00,2025-01-19 11:00:00,0.12156
Netherlands,NLD,2025-01-19 11:00:00,2025-01-19 12:00:00,0.11225
Netherlands,NLD,2025-01-19 12:00:00,2025-01-19 13:00:00,0.10751000000000001
Netherlands,NLD,2025-01-19 13:00:00,2025-01-19 14:00:00,0.11681
Netherlands,NLD,2025-01-19 14:00:00,2025-01-19 15:00:00,0.12436
Netherlands,NLD,2025-01-19 15:00:00,2025-01-19 16:00:00,0.13757
Netherlands,NLD,2025-01-19 16:00:00,2025-01-19 17:00:00,0.14881
Netherlands,NLD,2025-01-19 17:00:00,2025-01-19 18:00:00,0.15919
Netherlands,NLD,2025-01-19 18:00:00,2025-01-19 19:00:00,0.15678999999999998
Netherlands,NLD,2025-01-19 19:00:00,2025-01-19 20:00:00,0.14931
Netherlands,NLD,2025-01-19 20:00:00,2025-01-19 21:00:00,0.13952
Netherlands,NLD,2025-01-19 21:00:00,2025-01-19 22:00:00,0.13113999999999998
Netherlands,NLD,2025-01-19 22:00:00,2025-01-19 23:00:00,0.12298999999999999
Netherlands,NLD,2025-01-19 23:00:00,2025-01-20 00:00:00,0.12226999999999999
Netherlands,NLD,2025-01-20 00:00:00,2025-01-20 01:00:00,0.11945
Netherlands,NLD,2025-01-20 01:00:00,2025-01-20 02:00:00,0.11656
Netherlands,NLD,2025-01-20 02:00:00,2025-01-20 03:00:00,0.11441
Netherlands,NLD,2025-01-20 03:00:00,2025-01-20 04:00:00,0.11545
Netherlands,NLD,2025-01-20 04:00:00,2025-01-20 05:00:00,0.12582
Netherlands,NLD,2025-01-20 05:00:00,2025-01-20 06:00:00,0.15769999999999998
Netherlands,NLD,2025-01-20 06:00:00,2025-01-20 07:00:00,0.26024
Netherlands,NLD,2025-01-20 07:00:00,2025-01-20 08:00:00,0.40411
Netherlands,NLD,2025-01-20 08:00:00,2025-01-20 09:00:00,0.29118
Netherlands,NLD,2025-01-20 09:00:00,2025-01-20 10:00:00,0.23629
Netherlands,NLD,2025-01-20 10:00:00,2025-01-20 11:00:00,0.18769
Netherlands,NLD,2025-01-20 11:00:00,2025-01-20 12:00:00,0.17613
Netherlands,NLD,2025-01-20 12:00:00,2025-01-20 13:00:00,0.17139
Netherlands,NLD,2025-01-20 13:00:00,2025-01-20 14:00:00,0.19030000000000002
Netherlands,NLD,2025-01-20 14:00:00,2025-01-20 15:00:00,0.26281
Netherlands,NLD,2025-01-20 15:00:00,2025-01-20 16:00:00,0.37028
Netherlands,NLD,2025-01-20 16:00:00,2025-01-20 17:00:00,0.52347
Netherlands,NLD,2025-01-20 17:00:00,2025-01-20 18:00:00,0.47328
Netherlands,NLD,2025-01-20 18:00:00,2025-01-20 19:00:00,0.29557
Netherlands,NLD,2025-01-20 19:00:00,2025-01-20 20:00:00,0.22
Netherlands,NLD,2025-01-20 20:00:00,2025-01-20 21:00:00,0.17
Netherlands,NLD,2025-01-20 21:00:00,2025-01-20 22:00:00,0.15274000000000001
Netherlands,NLD,2025-01-20 22:00:00,2025-01-20 23:00:00,0.13774
Netherlands,NLD,2025-01-20 23:00:00,2025-01-21 00:00:00,0.113
Netherlands,NLD,2025-01-21 00:00:00,2025-01-21 01:00:00,0.10676000000000001
Netherlands,NLD,2025-01-21 01:00:00,2025-01-21 02:00:00,0.1038
Netherlands,NLD,2025-01-21 02:00:00,2025-01-21 03:00:00,0.10968000000000001
Netherlands,NLD,2025-01-21 03:00:00,2025-01-21 04:00:00,0.113
Netherlands,NLD,2025-01-21 04:00:00,2025-01-21 05:00:00,0.12073
Netherlands,NLD,2025-01-21 05:00:00,2025-01-21 06:00:00,0.14178
Netherlands,NLD,2025-01-21 06:00:00,2025-01-21 07:00:00,0.1669
Netherlands,NLD,2025-01-21 07:00:00,2025-01-21 08:00:00,0.24831999999999999
Netherlands,NLD,2025-01-21 08:00:00,2025-01-21 09:00:00,0.212
Netherlands,NLD,2025-01-21 09:00:00,2025-01-21 10:00:00,0.19805
Netherlands,NLD,2025-01-21 10:00:00,2025-01-21 11:00:00,0.162
Netherlands,NLD,2025-01-21 11:00:00,2025-01-21 12:00:00,0.14837
Netherlands,NLD,2025-01-21 12:00:00,2025-01-21 13:00:00,0.14354
Netherlands,NLD,2025-01-21 13:00:00,2025-01-21 14:00:00,0.15048
Netherlands,NLD,2025-01-21 14:00:00,2025-01-21 15:00:00,0.17101
Netherlands,NLD,2025-01-21 15:00:00,2025-01-21 16:00:00,0.20277
Netherlands,NLD,2025-01-21 16:00:00,2025-01-21 17:00:00,0.28252
Netherlands,NLD,2025-01-21 17:00:00,2025-01-21 18:00:00,0.24396
Netherlands,NLD,2025-01-21 18:00:00,2025-01-21 19:00:00,0.19994
Netherlands,NLD,2025-01-21 19:00:00,2025-01-21 20:00:00,0.17216
Netherlands,NLD,2025-01-21 20:00:00,2025-01-21 21:00:00,0.15372
Netherlands,NLD,2025-01-21 21:00:00,2025-01-21 22:00:00,0.13831
Netherlands,NLD,2025-01-21 22:00:00,2025-01-21 23:00:00,0.1254
Netherlands,NLD,2025-01-21 23:00:00,2025-01-22 00:00:00,0.1273
Netherlands,NLD,2025-01-22 00:00:00,2025-01-22 01:00:00,0.12369
Netherlands,NLD,2025-01-22 01:00:00,2025-01-22 02:00:00,0.11743
Netherlands,NLD,2025-01-22 02:00:00,2025-01-22 03:00:00,0.11412
Netherlands,NLD,2025-01-22 03:00:00,2025-01-22 04:00:00,0.11462
Netherlands,NLD,2025-01-22 04:00:00,2025-01-22 05:00:00,0.12503
Netherlands,NLD,2025-01-22 05:00:00,2025-01-22 06:00:00,0.145
Netherlands,NLD,2025-01-22 06:00:00,2025-01-22 07:00:00,0.19547
Netherlands,NLD,2025-01-22 07:00:00,2025-01-22 08:00:00,0.23136
Netherlands,NLD,2025-01-22 08:00:00,2025-01-22 09:00:00,0.19941
Netherlands,NLD,2025-01-22 09:00:00,2025-01-22 10:00:00,0.17906
Netherlands,NLD,2025-01-22 10:00:00,2025-01-22 11:00:00,0.17294
Netherlands,NLD,2025-01-22 11:00:00,2025-01-22 12:00:00,0.165
Netherlands,NLD,2025-01-22 12:00:00,2025-01-22 13:00:00,0.17
Netherlands,NLD,2025-01-22 13:00:00,2025-01-22 14:00:00,0.1794
Netherlands,NLD,2025-01-22 14:00:00,2025-01-22 15:00:00,0.19368000000000002
Netherlands,NLD,2025-01-22 15:00:00,2025-01-22 16:00:00,0.19301
Netherlands,NLD,2025-01-22 16:00:00,2025-01-22 17:00:00,0.19766
Netherlands,NLD,2025-01-22 17:00:00,2025-01-22 18:00:00,0.17652
Netherlands,NLD,2025-01-22 18:00:00,2025-01-22 19:00:00,0.1674
Netherlands,NLD,2025-01-22 19:00:00,2025-01-22 20:00:00,0.13582
Netherlands,NLD,2025-01-22 20:00:00,2025-01-22 21:00:00,0.12791
Netherlands,NLD,2025-01-22 21:00:00,2025-01-22 22:00:00,0.12850999999999999
Netherlands,NLD,2025-01-22 22:00:00,2025-01-22 23:00:00,0.11506
Netherlands,NLD,2025-01-22 23:00:00,2025-01-23 00:00:00,0.11392000000000001
Netherlands,NLD,2025-01-23 00:00:00,2025-01-23 01:00:00,0.10909999999999999
Netherlands,NLD,2025-01-23 01:00:00,2025-01-23 02:00:00,0.10562
Netherlands,NLD,2025-01-23 02:00:00,2025-01-23 03:00:00,0.10008
Netherlands,NLD,2025-01-23 03:00:00,2025-01-23 04:00:00,0.09777
Netherlands,NLD,2025-01-23 04:00:00,2025-01-23 05:00:00,0.10043
Netherlands,NLD,2025-01-23 05:00:00,2025-01-23 06:00:00,0.10856
Netherlands,NLD,2025-01-23 06:00:00,2025-01-23 07:00:00,0.13813999999999999
Netherlands,NLD,2025-01-23 07:00:00,2025-01-23 08:00:00,0.15935
Netherlands,NLD,2025-01-23 08:00:00,2025-01-23 09:00:00,0.15593
Netherlands,NLD,2025-01-23 09:00:00,2025-01-23 10:00:00,0.128
Netherlands,NLD,2025-01-23 10:00:00,2025-01-23 11:00:00,0.11142
Netherlands,NLD,2025-01-23 11:00:00,2025-01-23 12:00:00,0.09140000000000001
Netherlands,NLD,2025-01-23 12:00:00,2025-01-23 13:00:00,0.08832
Netherlands,NLD,2025-01-23 13:00:00,2025-01-23 14:00:00,0.08586
Netherlands,NLD,2025-01-23 14:00:00,2025-01-23 15:00:00,0.09276999999999999
Netherlands,NLD,2025-01-23 15:00:00,2025-01-23 16:00:00,0.09255
Netherlands,NLD,2025-01-23 16:00:00,2025-01-23 17:00:00,0.109
Netherlands,NLD,2025-01-23 17:00:00,2025-01-23 18:00:00,0.112
Netherlands,NLD,2025-01-23 18:00:00,2025-01-23 19:00:00,0.0999
Netherlands,NLD,2025-01-23 19:00:00,2025-01-23 20:00:00,0.0895
Netherlands,NLD,2025-01-23 20:00:00,2025-01-23 21:00:00,0.07723000000000001
Netherlands,NLD,2025-01-23 21:00:00,2025-01-23 22:00:00,0.07848999999999999
Netherlands,NLD,2025-01-23 22:00:00,2025-01-23 23:00:00,0.060090000000000005
Netherlands,NLD,2025-01-23 23:00:00,2025-01-24 00:00:00,0.07033
Netherlands,NLD,2025-01-24 00:00:00,2025-01-24 01:00:00,0.05853
Netherlands,NLD,2025-01-24 01:00:00,2025-01-24 02:00:00,0.04424
Netherlands,NLD,2025-01-24 02:00:00,2025-01-24 03:00:00,0.03958
Netherlands,NLD,2025-01-24 03:00:00,2025-01-24 04:00:00,0.04381
Netherlands,NLD,2025-01-24 04:00:00,2025-01-24 05:00:00,0.06666
Netherlands,NLD,2025-01-24 05:00:00,2025-01-24 06:00:00,0.0814
Netherlands,NLD,2025-01-24 06:00:00,2025-01-24 07:00:00,0.10901999999999999
Netherlands,NLD,2025-01-24 07:00:00,2025-01-24 08:00:00,0.11524
Netherlands,NLD,2025-01-24 08:00:00,2025-01-24 09:00:00,0.09693
Netherlands,NLD,2025-01-24 09:00:00,2025-01-24 10:00:00,0.09
Netherlands,NLD,2025-01-24 10:00:00,2025-01-24 11:00:00,0.07916
Netherlands,NLD,2025-01-24 11:00:00,2025-01-24 12:00:00,0.07723999999999999
Netherlands,NLD,2025-01-24 12:00:00,2025-01-24 13:00:00,0.07526999999999999
Netherlands,NLD,2025-01-24 13:00:00,2025-01-24 14:00:00,0.07488
Netherlands,NLD,2025-01-24 14:00:00,2025-01-24 15:00:00,0.0788
Netherlands,NLD,2025-01-24 15:00:00,2025-01-24 16:00:00,0.0799
Netherlands,NLD,2025-01-24 16:00:00,2025-01-24 17:00:00,0.09017
Netherlands,NLD,2025-01-24 17:00:00,2025-01-24 18:00:00,0.09197
Netherlands,NLD,2025-01-24 18:00:00,2025-01-24 19:00:00,0.09326999999999999
Netherlands,NLD,2025-01-24 19:00:00,2025-01-24 20:00:00,0.08674
Netherlands,NLD,2025-01-24 20:00:00,2025-01-24 21:00:00,0.0823
Netherlands,NLD,2025-01-24 21:00:00,2025-01-24 22:00:00,0.09293000000000001
Netherlands,NLD,2025-01-24 22:00:00,2025-01-24 23:00:00,0.08704
Netherlands,NLD,2025-01-24 23:00:00,2025-01-25 00:00:00,0.05736
Netherlands,NLD,2025-01-25 00:00:00,2025-01-25 01:00:00,0.07787000000000001
Netherlands,NLD,2025-01-25 01:00:00,2025-01-25 02:00:00,0.092
Netherlands,NLD,2025-01-25 02:00:00,2025-01-25 03:00:00,0.10518999999999999
Netherlands,NLD,2025-01-25 03:00:00,2025-01-25 04:00:00,0.06681000000000001
Netherlands,NLD,2025-01-25 04:00:00,2025-01-25 05:00:00,0.06706000000000001
Netherlands,NLD,2025-01-25 05:00:00,2025-01-25 06:00:00,0.07062
Netherlands,NLD,2025-01-25 06:00:00,2025-01-25 07:00:00,0.07206
Netherlands,NLD,2025-01-25 07:00:00,2025-01-25 08:00:00,0.08502
Netherlands,NLD,2025-01-25 08:00:00,2025-01-25 09:00:00,0.08555
Netherlands,NLD,2025-01-25 09:00:00,2025-01-25 10:00:00,0.08336
Netherlands,NLD,2025-01-25 10:00:00,2025-01-25 11:00:00,0.08773
Netherlands,NLD,2025-01-25 11:00:00,2025-01-25 12:00:00,0.08181999999999999
Netherlands,NLD,2025-01-25 12:00:00,2025-01-25 13:00:00,0.08198
Netherlands,NLD,2025-01-25 13:00:00,2025-01-25 14:00:00,0.08509
Netherlands,NLD,2025-01-25 14:00:00,2025-01-25 15:00:00,0.10354000000000001
Netherlands,NLD,2025-01-25 15:00:00,2025-01-25 16:00:00,0.12411
Netherlands,NLD,2025-01-25 16:00:00,2025-01-25 17:00:00,0.1386
Netherlands,NLD,2025-01-25 17:00:00,2025-01-25 18:00:00,0.14709999999999998
Netherlands,NLD,2025-01-25 18:00:00,2025-01-25 19:00:00,0.14435
Netherlands,NLD,2025-01-25 19:00:00,2025-01-25 20:00:00,0.13075
Netherlands,NLD,2025-01-25 20:00:00,2025-01-25 21:00:00,0.12675
Netherlands,NLD,2025-01-25 21:00:00,2025-01-25 22:00:00,0.1245
Netherlands,NLD,2025-01-25 22:00:00,2025-01-25 23:00:00,0.11499
Netherlands,NLD,2025-01-25 23:00:00,2025-01-26 00:00:00,0.1164
Netherlands,NLD,2025-01-26 00:00:00,2025-01-26 01:00:00,0.10747
Netherlands,NLD,2025-01-26 01:00:00,2025-01-26 02:00:00,0.09813
Netherlands,NLD,2025-01-26 02:00:00,2025-01-26 03:00:00,0.09706999999999999
Netherlands,NLD,2025-01-26 03:00:00,2025-01-26 04:00:00,0.09171
Netherlands,NLD,2025-01-26 04:00:00,2025-01-26 05:00:00,0.09495999999999999
Netherlands,NLD,2025-01-26 05:00:00,2025-01-26 06:00:00,0.09943
Netherlands,NLD,2025-01-26 06:00:00,2025-01-26 07:00:00,0.10582
Netherlands,NLD,2025-01-26 07:00:00,2025-01-26 08:00:00,0.10836
Netherlands,NLD,2025-01-26 08:00:00,2025-01-26 09:00:00,0.1062
Netherlands,NLD,2025-01-26 09:00:00,2025-01-26 10:00:00,0.09244
Netherlands,NLD,2025-01-26 10:00:00,2025-01-26 11:00:00,0.09876
Netherlands,NLD,2025-01-26 11:00:00,2025-01-26 12:00:00,0.09481999999999999
Netherlands,NLD,2025-01-26 12:00:00,2025-01-26 13:00:00,0.08
Netherlands,NLD,2025-01-26 13:00:00,2025-01-26 14:00:00,0.08009999999999999
Netherlands,NLD,2025-01-26 14:00:00,2025-01-26 15:00:00,0.09595999999999999
Netherlands,NLD,2025-01-26 15:00:00,2025-01-26 16:00:00,0.10768000000000001
Netherlands,NLD,2025-01-26 16:00:00,2025-01-26 17:00:00,0.11549
Netherlands,NLD,2025-01-26 17:00:00,2025-01-26 18:00:00,0.10801999999999999
Netherlands,NLD,2025-01-26 18:00:00,2025-01-26 19:00:00,0.08138
Netherlands,NLD,2025-01-26 19:00:00,2025-01-26 20:00:00,0.07064
Netherlands,NLD,2025-01-26 20:00:00,2025-01-26 21:00:00,0.06075
Netherlands,NLD,2025-01-26 21:00:00,2025-01-26 22:00:00,0.044340000000000004
Netherlands,NLD,2025-01-26 22:00:00,2025-01-26 23:00:00,0.02284
Netherlands,NLD,2025-01-26 23:00:00,2025-01-27 00:00:00,0.0361
Netherlands,NLD,2025-01-27 00:00:00,2025-01-27 01:00:00,0.030350000000000002
Netherlands,NLD,2025-01-27 01:00:00,2025-01-27 02:00:00,0.01577
Netherlands,NLD,2025-01-27 02:00:00,2025-01-27 03:00:00,0.01238
Netherlands,NLD,2025-01-27 03:00:00,2025-01-27 04:00:00,0.0091
Netherlands,NLD,2025-01-27 04:00:00,2025-01-27 05:00:00,0.019399999999999997
Netherlands,NLD,2025-01-27 05:00:00,2025-01-27 06:00:00,0.03427
Netherlands,NLD,2025-01-27 06:00:00,2025-01-27 07:00:00,0.054909999999999994
Netherlands,NLD,2025-01-27 07:00:00,2025-01-27 08:00:00,0.068
Netherlands,NLD,2025-01-27 08:00:00,2025-01-27 09:00:00,0.06296
Netherlands,NLD,2025-01-27 09:00:00,2025-01-27 10:00:00,0.045
Netherlands,NLD,2025-01-27 10:00:00,2025-01-27 11:00:00,0.038840000000000006
Netherlands,NLD,2025-01-27 11:00:00,2025-01-27 12:00:00,0.03619
Netherlands,NLD,2025-01-27 12:00:00,2025-01-27 13:00:00,0.03761
Netherlands,NLD,2025-01-27 13:00:00,2025-01-27 14:00:00,0.044520000000000004
Netherlands,NLD,2025-01-27 14:00:00,2025-01-27 15:00:00,0.07437
Netherlands,NLD,2025-01-27 15:00:00,2025-01-27 16:00:00,0.08771999999999999
Netherlands,NLD,2025-01-27 16:00:00,2025-01-27 17:00:00,0.1072
Netherlands,NLD,2025-01-27 17:00:00,2025-01-27 18:00:00,0.10767
Netherlands,NLD,2025-01-27 18:00:00,2025-01-27 19:00:00,0.0933
Netherlands,NLD,2025-01-27 19:00:00,2025-01-27 20:00:00,0.0851
Netherlands,NLD,2025-01-27 20:00:00,2025-01-27 21:00:00,0.07664
Netherlands,NLD,2025-01-27 21:00:00,2025-01-27 22:00:00,0.07345
Netherlands,NLD,2025-01-27 22:00:00,2025-01-27 23:00:00,0.06
Netherlands,NLD,2025-01-27 23:00:00,2025-01-28 00:00:00,0.0616
Netherlands,NLD,2025-01-28 00:00:00,2025-01-28 01:00:00,0.055729999999999995
Netherlands,NLD,2025-01-28 01:00:00,2025-01-28 02:00:00,0.04295
Netherlands,NLD,2025-01-28 02:00:00,2025-01-28 03:00:00,0.05138
Netherlands,NLD,2025-01-28 03:00:00,2025-01-28 04:00:00,0.05777
Netherlands,NLD,2025-01-28 04:00:00,2025-01-28 05:00:00,0.05707
Netherlands,NLD,2025-01-28 05:00:00,2025-01-28 06:00:00,0.07781999999999999
Netherlands,NLD,2025-01-28 06:00:00,2025-01-28 07:00:00,0.10355
Netherlands,NLD,2025-01-28 07:00:00,2025-01-28 08:00:00,0.1276
Netherlands,NLD,2025-01-28 08:00:00,2025-01-28 09:00:00,0.11747
Netherlands,NLD,2025-01-28 09:00:00,2025-01-28 10:00:00,0.1002
Netherlands,NLD,2025-01-28 10:00:00,2025-01-28 11:00:00,0.09804
Netherlands,NLD,2025-01-28 11:00:00,2025-01-28 12:00:00,0.09962
Netherlands,NLD,2025-01-28 12:00:00,2025-01-28 13:00:00,0.09831000000000001
Netherlands,NLD,2025-01-28 13:00:00,2025-01-28 14:00:00,0.10122
Netherlands,NLD,2025-01-28 14:00:00,2025-01-28 15:00:00,0.11393
Netherlands,NLD,2025-01-28 15:00:00,2025-01-28 16:00:00,0.12246
Netherlands,NLD,2025-01-28 16:00:00,2025-01-28 17:00:00,0.125
Netherlands,NLD,2025-01-28 17:00:00,2025-01-28 18:00:00,0.1205
Netherlands,NLD,2025-01-28 18:00:00,2025-01-28 19:00:00,0.11734
Netherlands,NLD,2025-01-28 19:00:00,2025-01-28 20:00:00,0.08784
Netherlands,NLD,2025-01-28 20:00:00,2025-01-28 21:00:00,0.07831
Netherlands,NLD,2025-01-28 21:00:00,2025-01-28 22:00:00,0.069
Netherlands,NLD,2025-01-28 22:00:00,2025-01-28 23:00:00,0.0555
Netherlands,NLD,2025-01-28 23:00:00,2025-01-29 00:00:00,0.07579000000000001
Netherlands,NLD,2025-01-29 00:00:00,2025-01-29 01:00:00,0.07191
Netherlands,NLD,2025-01-29 01:00:00,2025-01-29 02:00:00,0.06573999999999999
Netherlands,NLD,2025-01-29 02:00:00,2025-01-29 03:00:00,0.05994
Netherlands,NLD,2025-01-29 03:00:00,2025-01-29 04:00:00,0.06401000000000001
Netherlands,NLD,2025-01-29 04:00:00,2025-01-29 05:00:00,0.07023
Netherlands,NLD,2025-01-29 05:00:00,2025-01-29 06:00:00,0.08116
Netherlands,NLD,2025-01-29 06:00:00,2025-01-29 07:00:00,0.12695
Netherlands,NLD,2025-01-29 07:00:00,2025-01-29 08:00:00,0.1362
Netherlands,NLD,2025-01-29 08:00:00,2025-01-29 09:00:00,0.13044999999999998
Netherlands,NLD,2025-01-29 09:00:00,2025-01-29 10:00:00,0.10504999999999999
Netherlands,NLD,2025-01-29 10:00:00,2025-01-29 11:00:00,0.08925
Netherlands,NLD,2025-01-29 11:00:00,2025-01-29 12:00:00,0.085
Netherlands,NLD,2025-01-29 12:00:00,2025-01-29 13:00:00,0.08553
Netherlands,NLD,2025-01-29 13:00:00,2025-01-29 14:00:00,0.08767
Netherlands,NLD,2025-01-29 14:00:00,2025-01-29 15:00:00,0.10275
Netherlands,NLD,2025-01-29 15:00:00,2025-01-29 16:00:00,0.13272
Netherlands,NLD,2025-01-29 16:00:00,2025-01-29 17:00:00,0.14956999999999998
Netherlands,NLD,2025-01-29 17:00:00,2025-01-29 18:00:00,0.165
Netherlands,NLD,2025-01-29 18:00:00,2025-01-29 19:00:00,0.14859999999999998
Netherlands,NLD,2025-01-29 19:00:00,2025-01-29 20:00:00,0.1353
Netherlands,NLD,2025-01-29 20:00:00,2025-01-29 21:00:00,0.1221
Netherlands,NLD,2025-01-29 21:00:00,2025-01-29 22:00:00,0.12235
Netherlands,NLD,2025-01-29 22:00:00,2025-01-29 23:00:00,0.1001
Netherlands,NLD,2025-01-29 23:00:00,2025-01-30 00:00:00,0.13134
Netherlands,NLD,2025-01-30 00:00:00,2025-01-30 01:00:00,0.12579
Netherlands,NLD,2025-01-30 01:00:00,2025-01-30 02:00:00,0.1119
Netherlands,NLD,2025-01-30 02:00:00,2025-01-30 03:00:00,0.10448
Netherlands,NLD,2025-01-30 03:00:00,2025-01-30 04:00:00,0.1
Netherlands,NLD,2025-01-30 04:00:00,2025-01-30 05:00:00,0.10109
Netherlands,NLD,2025-01-30 05:00:00,2025-01-30 06:00:00,0.13136
Netherlands,NLD,2025-01-30 06:00:00,2025-01-30 07:00:00,0.14965
Netherlands,NLD,2025-01-30 07:00:00,2025-01-30 08:00:00,0.1603
Netherlands,NLD,2025-01-30 08:00:00,2025-01-30 09:00:00,0.15149
Netherlands,NLD,2025-01-30 09:00:00,2025-01-30 10:00:00,0.1349
Netherlands,NLD,2025-01-30 10:00:00,2025-01-30 11:00:00,0.12325
Netherlands,NLD,2025-01-30 11:00:00,2025-01-30 12:00:00,0.11574
Netherlands,NLD,2025-01-30 12:00:00,2025-01-30 13:00:00,0.1133
Netherlands,NLD,2025-01-30 13:00:00,2025-01-30 14:00:00,0.12574
Netherlands,NLD,2025-01-30 14:00:00,2025-01-30 15:00:00,0.14267
Netherlands,NLD,2025-01-30 15:00:00,2025-01-30 16:00:00,0.15105000000000002
Netherlands,NLD,2025-01-30 16:00:00,2025-01-30 17:00:00,0.17809
Netherlands,NLD,2025-01-30 17:00:00,2025-01-30 18:00:00,0.17993
Netherlands,NLD,2025-01-30 18:00:00,2025-01-30 19:00:00,0.16124000000000002
Netherlands,NLD,2025-01-30 19:00:00,2025-01-30 20:00:00,0.14849
Netherlands,NLD,2025-01-30 20:00:00,2025-01-30 21:00:00,0.13259
Netherlands,NLD,2025-01-30 21:00:00,2025-01-30 22:00:00,0.12573
Netherlands,NLD,2025-01-30 22:00:00,2025-01-30 23:00:00,0.1202
Netherlands,NLD,2025-01-30 23:00:00,2025-01-31 00:00:00,0.12
Netherlands,NLD,2025-01-31 00:00:00,2025-01-31 01:00:00,0.11649
Netherlands,NLD,2025-01-31 01:00:00,2025-01-31 02:00:00,0.11359999999999999
Netherlands,NLD,2025-01-31 02:00:00,2025-01-31 03:00:00,0.11106
Netherlands,NLD,2025-01-31 03:00:00,2025-01-31 04:00:00,0.11348
Netherlands,NLD,2025-01-31 04:00:00,2025-01-31 05:00:00,0.1192
Netherlands,NLD,2025-01-31 05:00:00,2025-01-31 06:00:00,0.13
Netherlands,NLD,2025-01-31 06:00:00,2025-01-31 07:00:00,0.15582
Netherlands,NLD,2025-01-31 07:00:00,2025-01-31 08:00:00,0.16369999999999998
Netherlands,NLD,2025-01-31 08:00:00,2025-01-31 09:00:00,0.15481999999999999
Netherlands,NLD,2025-01-31 09:00:00,2025-01-31 10:00:00,0.1301
Netherlands,NLD,2025-01-31 10:00:00,2025-01-31 11:00:00,0.1262
Netherlands,NLD,2025-01-31 11:00:00,2025-01-31 12:00:00,0.12006
Netherlands,NLD,2025-01-31 12:00:00,2025-01-31 13:00:00,0.12118999999999999
Netherlands,NLD,2025-01-31 13:00:00,2025-01-31 14:00:00,0.1193
Netherlands,NLD,2025-01-31 14:00:00,2025-01-31 15:00:00,0.14411000000000002
Netherlands,NLD,2025-01-31 15:00:00,2025-01-31 16:00:00,0.16046000000000002
Netherlands,NLD,2025-01-31 16:00:00,2025-01-31 17:00:00,0.17712999999999998
Netherlands,NLD,2025-01-31 17:00:00,2025-01-31 18:00:00,0.18447999999999998
Netherlands,NLD,2025-01-31 18:00:00,2025-01-31 19:00:00,0.17899
Netherlands,NLD,2025-01-31 19:00:00,2025-01-31 20:00:00,0.16266
Netherlands,NLD,2025-01-31 20:00:00,2025-01-31 21:00:00,0.1527
Netherlands,NLD,2025-01-31 21:00:00,2025-01-31 22:00:00,0.14440999999999998
Netherlands,NLD,2025-01-31 22:00:00,2025-01-31 23:00:00,0.13140000000000002
Netherlands,NLD,2025-01-31 23:00:00,2025-02-01 00:00:00,0.137
Netherlands,NLD,2025-02-01 00:00:00,2025-02-01 01:00:00,0.12947999999999998
Netherlands,NLD,2025-02-01 01:00:00,2025-02-01 02:00:00,0.12428
Netherlands,NLD,2025-02-01 02:00:00,2025-02-01 03:00:00,0.11871999999999999
Netherlands,NLD,2025-02-01 03:00:00,2025-02-01 04:00:00,0.1162
Netherlands,NLD,2025-02-01 04:00:00,2025-02-01 05:00:00,0.11822
Netherlands,NLD,2025-02-01 05:00:00,2025-02-01 06:00:00,0.12661
Netherlands,NLD,2025-02-01 06:00:00,2025-02-01 07:00:00,0.14474
Netherlands,NLD,2025-02-01 07:00:00,2025-02-01 08:00:00,0.15346
Netherlands,NLD,2025-02-01 08:00:00,2025-02-01 09:00:00,0.14244
Netherlands,NLD,2025-02-01 09:00:00,2025-02-01 10:00:00,0.12840000000000001
Netherlands,NLD,2025-02-01 10:00:00,2025-02-01 11:00:00,0.12007999999999999
Netherlands,NLD,2025-02-01 11:00:00,2025-02-01 12:00:00,0.11029000000000001
Netherlands,NLD,2025-02-01 12:00:00,2025-02-01 13:00:00,0.1034
Netherlands,NLD,2025-02-01 13:00:00,2025-02-01 14:00:00,0.11370000000000001
Netherlands,NLD,2025-02-01 14:00:00,2025-02-01 15:00:00,0.12673
Netherlands,NLD,2025-02-01 15:00:00,2025-02-01 16:00:00,0.14946
Netherlands,NLD,2025-02-01 16:00:00,2025-02-01 17:00:00,0.16338999999999998
Netherlands,NLD,2025-02-01 17:00:00,2025-02-01 18:00:00,0.16577
Netherlands,NLD,2025-02-01 18:00:00,2025-02-01 19:00:00,0.16297999999999999
Netherlands,NLD,2025-02-01 19:00:00,2025-02-01 20:00:00,0.1566
Netherlands,NLD,2025-02-01 20:00:00,2025-02-01 21:00:00,0.14524
Netherlands,NLD,2025-02-01 21:00:00,2025-02-01 22:00:00,0.14173
Netherlands,NLD,2025-02-01 22:00:00,2025-02-01 23:00:00,0.13174
Netherlands,NLD,2025-02-01 23:00:00,2025-02-02 00:00:00,0.13326
Netherlands,NLD,2025-02-02 00:00:00,2025-02-02 01:00:00,0.12691
Netherlands,NLD,2025-02-02 01:00:00,2025-02-02 02:00:00,0.12298999999999999
Netherlands,NLD,2025-02-02 02:00:00,2025-02-02 03:00:00,0.12066
Netherlands,NLD,2025-02-02 03:00:00,2025-02-02 04:00:00,0.12234
Netherlands,NLD,2025-02-02 04:00:00,2025-02-02 05:00:00,0.12340999999999999
Netherlands,NLD,2025-02-02 05:00:00,2025-02-02 06:00:00,0.12809
Netherlands,NLD,2025-02-02 06:00:00,2025-02-02 07:00:00,0.1359
Netherlands,NLD,2025-02-02 07:00:00,2025-02-02 08:00:00,0.1373
Netherlands,NLD,2025-02-02 08:00:00,2025-02-02 09:00:00,0.1377
Netherlands,NLD,2025-02-02 09:00:00,2025-02-02 10:00:00,0.13004
Netherlands,NLD,2025-02-02 10:00:00,2025-02-02 11:00:00,0.12933
Netherlands,NLD,2025-02-02 11:00:00,2025-02-02 12:00:00,0.12224
Netherlands,NLD,2025-02-02 12:00:00,2025-02-02 13:00:00,0.11188
Netherlands,NLD,2025-02-02 13:00:00,2025-02-02 14:00:00,0.11536
Netherlands,NLD,2025-02-02 14:00:00,2025-02-02 15:00:00,0.12401000000000001
Netherlands,NLD,2025-02-02 15:00:00,2025-02-02 16:00:00,0.14393999999999998
Netherlands,NLD,2025-02-02 16:00:00,2025-02-02 17:00:00,0.15944
Netherlands,NLD,2025-02-02 17:00:00,2025-02-02 18:00:00,0.1712
Netherlands,NLD,2025-02-02 18:00:00,2025-02-02 19:00:00,0.17395
Netherlands,NLD,2025-02-02 19:00:00,2025-02-02 20:00:00,0.1655
Netherlands,NLD,2025-02-02 20:00:00,2025-02-02 21:00:00,0.15577000000000002
Netherlands,NLD,2025-02-02 21:00:00,2025-02-02 22:00:00,0.14844
Netherlands,NLD,2025-02-02 22:00:00,2025-02-02 23:00:00,0.13324
Netherlands,NLD,2025-02-02 23:00:00,2025-02-03 00:00:00,0.12954
Netherlands,NLD,2025-02-03 00:00:00,2025-02-03 01:00:00,0.12663
Netherlands,NLD,2025-02-03 01:00:00,2025-02-03 02:00:00,0.12472
Netherlands,NLD,2025-02-03 02:00:00,2025-02-03 03:00:00,0.12004000000000001
Netherlands,NLD,2025-02-03 03:00:00,2025-02-03 04:00:00,0.12323999999999999
Netherlands,NLD,2025-02-03 04:00:00,2025-02-03 05:00:00,0.12777
Netherlands,NLD,2025-02-03 05:00:00,2025-02-03 06:00:00,0.15918000000000002
Netherlands,NLD,2025-02-03 06:00:00,2025-02-03 07:00:00,0.20788
Netherlands,NLD,2025-02-03 07:00:00,2025-02-03 08:00:00,0.24323
Netherlands,NLD,2025-02-03 08:00:00,2025-02-03 09:00:00,0.17804
Netherlands,NLD,2025-02-03 09:00:00,2025-02-03 10:00:00,0.14995
Netherlands,NLD,2025-02-03 10:00:00,2025-02-03 11:00:00,0.12502
Netherlands,NLD,2025-02-03 11:00:00,2025-02-03 12:00:00,0.11727
Netherlands,NLD,2025-02-03 12:00:00,2025-02-03 13:00:00,0.11493
Netherlands,NLD,2025-02-03 13:00:00,2025-02-03 14:00:00,0.12
Netherlands,NLD,2025-02-03 14:00:00,2025-02-03 15:00:00,0.1271
Netherlands,NLD,2025-02-03 15:00:00,2025-02-03 16:00:00,0.16
Netherlands,NLD,2025-02-03 16:00:00,2025-02-03 17:00:00,0.20471
Netherlands,NLD,2025-02-03 17:00:00,2025-02-03 18:00:00,0.20073
Netherlands,NLD,2025-02-03 18:00:00,2025-02-03 19:00:00,0.2011
Netherlands,NLD,2025-02-03 19:00:00,2025-02-03 20:00:00,0.16774
Netherlands,NLD,2025-02-03 20:00:00,2025-02-03 21:00:00,0.153
Netherlands,NLD,2025-02-03 21:00:00,2025-02-03 22:00:00,0.1395
Netherlands,NLD,2025-02-03 22:00:00,2025-02-03 23:00:00,0.13581000000000001
Netherlands,NLD,2025-02-03 23:00:00,2025-02-04 00:00:00,0.13240000000000002
Netherlands,NLD,2025-02-04 00:00:00,2025-02-04 01:00:00,0.12554
Netherlands,NLD,2025-02-04 01:00:00,2025-02-04 02:00:00,0.12318000000000001
Netherlands,NLD,2025-02-04 02:00:00,2025-02-04 03:00:00,0.12398999999999999
Netherlands,NLD,2025-02-04 03:00:00,2025-02-04 04:00:00,0.12325
Netherlands,NLD,2025-02-04 04:00:00,2025-02-04 05:00:00,0.12763
Netherlands,NLD,2025-02-04 05:00:00,2025-02-04 06:00:00,0.15478999999999998
Netherlands,NLD,2025-02-04 06:00:00,2025-02-04 07:00:00,0.1495
Netherlands,NLD,2025-02-04 07:00:00,2025-02-04 08:00:00,0.21199
Netherlands,NLD,2025-02-04 08:00:00,2025-02-04 09:00:00,0.16331
Netherlands,NLD,2025-02-04 09:00:00,2025-02-04 10:00:00,0.13653
Netherlands,NLD,2025-02-04 10:00:00,2025-02-04 11:00:00,0.125
Netherlands,NLD,2025-02-04 11:00:00,2025-02-04 12:00:00,0.10945
Netherlands,NLD,2025-02-04 12:00:00,2025-02-04 13:00:00,0.11306000000000001
Netherlands,NLD,2025-02-04 13:00:00,2025-02-04 14:00:00,0.12009
Netherlands,NLD,2025-02-04 14:00:00,2025-02-04 15:00:00,0.11915
Netherlands,NLD,2025-02-04 15:00:00,2025-02-04 16:00:00,0.117
Netherlands,NLD,2025-02-04 16:00:00,2025-02-04 17:00:00,0.14959999999999998
Netherlands,NLD,2025-02-04 17:00:00,2025-02-04 18:00:00,0.175
Netherlands,NLD,2025-02-04 18:00:00,2025-02-04 19:00:00,0.14
Netherlands,NLD,2025-02-04 19:00:00,2025-02-04 20:00:00,0.13254
Netherlands,NLD,2025-02-04 20:00:00,2025-02-04 21:00:00,0.13196000000000002
Netherlands,NLD,2025-02-04 21:00:00,2025-02-04 22:00:00,0.115
Netherlands,NLD,2025-02-04 22:00:00,2025-02-04 23:00:00,0.09490000000000001
Netherlands,NLD,2025-02-04 23:00:00,2025-02-05 00:00:00,0.09484000000000001
Netherlands,NLD,2025-02-05 00:00:00,2025-02-05 01:00:00,0.09884
Netherlands,NLD,2025-02-05 01:00:00,2025-02-05 02:00:00,0.10145
Netherlands,NLD,2025-02-05 02:00:00,2025-02-05 03:00:00,0.0999
Netherlands,NLD,2025-02-05 03:00:00,2025-02-05 04:00:00,0.1128
Netherlands,NLD,2025-02-05 04:00:00,2025-02-05 05:00:00,0.12171
Netherlands,NLD,2025-02-05 05:00:00,2025-02-05 06:00:00,0.1398
Netherlands,NLD,2025-02-05 06:00:00,2025-02-05 07:00:00,0.16169999999999998
Netherlands,NLD,2025-02-05 07:00:00,2025-02-05 08:00:00,0.18081
Netherlands,NLD,2025-02-05 08:00:00,2025-02-05 09:00:00,0.15933
Netherlands,NLD,2025-02-05 09:00:00,2025-02-05 10:00:00,0.11954000000000001
Netherlands,NLD,2025-02-05 10:00:00,2025-02-05 11:00:00,0.10095
Netherlands,NLD,2025-02-05 11:00:00,2025-02-05 12:00:00,0.1
Netherlands,NLD,2025-02-05 12:00:00,2025-02-05 13:00:00,0.11184999999999999
Netherlands,NLD,2025-02-05 13:00:00,2025-02-05 14:00:00,0.12885
Netherlands,NLD,2025-02-05 14:00:00,2025-02-05 15:00:00,0.14412
Netherlands,NLD,2025-02-05 15:00:00,2025-02-05 16:00:00,0.15908
Netherlands,NLD,2025-02-05 16:00:00,2025-02-05 17:00:00,0.17677
Netherlands,NLD,2025-02-05 17:00:00,2025-02-05 18:00:00,0.1899
Netherlands,NLD,2025-02-05 18:00:00,2025-02-05 19:00:00,0.18963
Netherlands,NLD,2025-02-05 19:00:00,2025-02-05 20:00:00,0.17
Netherlands,NLD,2025-02-05 20:00:00,2025-02-05 21:00:00,0.15541999999999997
Netherlands,NLD,2025-02-05 21:00:00,2025-02-05 22:00:00,0.1437
Netherlands,NLD,2025-02-05 22:00:00,2025-02-05 23:00:00,0.12857
Netherlands,NLD,2025-02-05 23:00:00,2025-02-06 00:00:00,0.13366999999999998
Netherlands,NLD,2025-02-06 00:00:00,2025-02-06 01:00:00,0.12684
Netherlands,NLD,2025-02-06 01:00:00,2025-02-06 02:00:00,0.125
Netherlands,NLD,2025-02-06 02:00:00,2025-02-06 03:00:00,0.125
Netherlands,NLD,2025-02-06 03:00:00,2025-02-06 04:00:00,0.12501
Netherlands,NLD,2025-02-06 04:00:00,2025-02-06 05:00:00,0.12009
Netherlands,NLD,2025-02-06 05:00:00,2025-02-06 06:00:00,0.13525
Netherlands,NLD,2025-02-06 06:00:00,2025-02-06 07:00:00,0.18009
Netherlands,NLD,2025-02-06 07:00:00,2025-02-06 08:00:00,0.21665
Netherlands,NLD,2025-02-06 08:00:00,2025-02-06 09:00:00,0.17862
Netherlands,NLD,2025-02-06 09:00:00,2025-02-06 10:00:00,0.15630000000000002
Netherlands,NLD,2025-02-06 10:00:00,2025-02-06 11:00:00,0.122
Netherlands,NLD,2025-02-06 11:00:00,2025-02-06 12:00:00,0.11120000000000001
Netherlands,NLD,2025-02-06 12:00:00,2025-02-06 13:00:00,0.0999
Netherlands,NLD,2025-02-06 13:00:00,2025-02-06 14:00:00,0.11929000000000001
Netherlands,NLD,2025-02-06 14:00:00,2025-02-06 15:00:00,0.11779
Netherlands,NLD,2025-02-06 15:00:00,2025-02-06 16:00:00,0.127
Netherlands,NLD,2025-02-06 16:00:00,2025-02-06 17:00:00,0.16743
Netherlands,NLD,2025-02-06 17:00:00,2025-02-06 18:00:00,0.17048
Netherlands,NLD,2025-02-06 18:00:00,2025-02-06 19:00:00,0.16294999999999998
Netherlands,NLD,2025-02-06 19:00:00,2025-02-06 20:00:00,0.14038
Netherlands,NLD,2025-02-06 20:00:00,2025-02-06 21:00:00,0.12975
Netherlands,NLD,2025-02-06 21:00:00,2025-02-06 22:00:00,0.13290000000000002
Netherlands,NLD,2025-02-06 22:00:00,2025-02-06 23:00:00,0.12195
Netherlands,NLD,2025-02-06 23:00:00,2025-02-07 00:00:00,0.12605
Netherlands,NLD,2025-02-07 00:00:00,2025-02-07 01:00:00,0.11270000000000001
Netherlands,NLD,2025-02-07 01:00:00,2025-02-07 02:00:00,0.10882
Netherlands,NLD,2025-02-07 02:00:00,2025-02-07 03:00:00,0.105
Netherlands,NLD,2025-02-07 03:00:00,2025-02-07 04:00:00,0.10467
Netherlands,NLD,2025-02-07 04:00:00,2025-02-07 05:00:00,0.10531
Netherlands,NLD,2025-02-07 05:00:00,2025-02-07 06:00:00,0.11329
Netherlands,NLD,2025-02-07 06:00:00,2025-02-07 07:00:00,0.14193
Netherlands,NLD,2025-02-07 07:00:00,2025-02-07 08:00:00,0.16419999999999998
Netherlands,NLD,2025-02-07 08:00:00,2025-02-07 09:00:00,0.15034999999999998
Netherlands,NLD,2025-02-07 09:00:00,2025-02-07 10:00:00,0.127
Netherlands,NLD,2025-02-07 10:00:00,2025-02-07 11:00:00,0.09162999999999999
Netherlands,NLD,2025-02-07 11:00:00,2025-02-07 12:00:00,0.0851
Netherlands,NLD,2025-02-07 12:00:00,2025-02-07 13:00:00,0.08918999999999999
Netherlands,NLD,2025-02-07 13:00:00,2025-02-07 14:00:00,0.08954999999999999
Netherlands,NLD,2025-02-07 14:00:00,2025-02-07 15:00:00,0.1021
Netherlands,NLD,2025-02-07 15:00:00,2025-02-07 16:00:00,0.12699
Netherlands,NLD,2025-02-07 16:00:00,2025-02-07 17:00:00,0.143
Netherlands,NLD,2025-02-07 17:00:00,2025-02-07 18:00:00,0.14936000000000002
Netherlands,NLD,2025-02-07 18:00:00,2025-02-07 19:00:00,0.134
Netherlands,NLD,2025-02-07 19:00:00,2025-02-07 20:00:00,0.11381999999999999
Netherlands,NLD,2025-02-07 20:00:00,2025-02-07 21:00:00,0.095
Netherlands,NLD,2025-02-07 21:00:00,2025-02-07 22:00:00,0.083
Netherlands,NLD,2025-02-07 22:00:00,2025-02-07 23:00:00,0.0895
Netherlands,NLD,2025-02-07 23:00:00,2025-02-08 00:00:00,0.07840000000000001
Netherlands,NLD,2025-02-08 00:00:00,2025-02-08 01:00:00,0.0725
Netherlands,NLD,2025-02-08 01:00:00,2025-02-08 02:00:00,0.08990000000000001
Netherlands,NLD,2025-02-08 02:00:00,2025-02-08 03:00:00,0.09
Netherlands,NLD,2025-02-08 03:00:00,2025-02-08 04:00:00,0.08968999999999999
Netherlands,NLD,2025-02-08 04:00:00,2025-02-08 05:00:00,0.09099
Netherlands,NLD,2025-02-08 05:00:00,2025-02-08 06:00:00,0.09082
Netherlands,NLD,2025-02-08 06:00:00,2025-02-08 07:00:00,0.096
Netherlands,NLD,2025-02-08 07:00:00,2025-02-08 08:00:00,0.123
Netherlands,NLD,2025-02-08 08:00:00,2025-02-08 09:00:00,0.13335
Netherlands,NLD,2025-02-08 09:00:00,2025-02-08 10:00:00,0.125
Netherlands,NLD,2025-02-08 10:00:00,2025-02-08 11:00:00,0.11170000000000001
Netherlands,NLD,2025-02-08 11:00:00,2025-02-08 12:00:00,0.12032
Netherlands,NLD,2025-02-08 12:00:00,2025-02-08 13:00:00,0.1499
Netherlands,NLD,2025-02-08 13:00:00,2025-02-08 14:00:00,0.125
Netherlands,NLD,2025-02-08 14:00:00,2025-02-08 15:00:00,0.118
Netherlands,NLD,2025-02-08 15:00:00,2025-02-08 16:00:00,0.141
Netherlands,NLD,2025-02-08 16:00:00,2025-02-08 17:00:00,0.15019
Netherlands,NLD,2025-02-08 17:00:00,2025-02-08 18:00:00,0.16049000000000002
Netherlands,NLD,2025-02-08 18:00:00,2025-02-08 19:00:00,0.16536
Netherlands,NLD,2025-02-08 19:00:00,2025-02-08 20:00:00,0.162
Netherlands,NLD,2025-02-08 20:00:00,2025-02-08 21:00:00,0.149
Netherlands,NLD,2025-02-08 21:00:00,2025-02-08 22:00:00,0.14737999999999998
Netherlands,NLD,2025-02-08 22:00:00,2025-02-08 23:00:00,0.1423
Netherlands,NLD,2025-02-08 23:00:00,2025-02-09 00:00:00,0.135
Netherlands,NLD,2025-02-09 00:00:00,2025-02-09 01:00:00,0.1357
Netherlands,NLD,2025-02-09 01:00:00,2025-02-09 02:00:00,0.1343
Netherlands,NLD,2025-02-09 02:00:00,2025-02-09 03:00:00,0.1193
Netherlands,NLD,2025-02-09 03:00:00,2025-02-09 04:00:00,0.117
Netherlands,NLD,2025-02-09 04:00:00,2025-02-09 05:00:00,0.117
Netherlands,NLD,2025-02-09 05:00:00,2025-02-09 06:00:00,0.117
Netherlands,NLD,2025-02-09 06:00:00,2025-02-09 07:00:00,0.13343
Netherlands,NLD,2025-02-09 07:00:00,2025-02-09 08:00:00,0.13677
Netherlands,NLD,2025-02-09 08:00:00,2025-02-09 09:00:00,0.12487000000000001
Netherlands,NLD,2025-02-09 09:00:00,2025-02-09 10:00:00,0.117
Netherlands,NLD,2025-02-09 10:00:00,2025-02-09 11:00:00,0.1043
Netherlands,NLD,2025-02-09 11:00:00,2025-02-09 12:00:00,0.1
Netherlands,NLD,2025-02-09 12:00:00,2025-02-09 13:00:00,0.09686
Netherlands,NLD,2025-02-09 13:00:00,2025-02-09 14:00:00,0.10990000000000001
Netherlands,NLD,2025-02-09 14:00:00,2025-02-09 15:00:00,0.12040000000000001
Netherlands,NLD,2025-02-09 15:00:00,2025-02-09 16:00:00,0.14211000000000001
Netherlands,NLD,2025-02-09 16:00:00,2025-02-09 17:00:00,0.14879
Netherlands,NLD,2025-02-09 17:00:00,2025-02-09 18:00:00,0.16216999999999998
Netherlands,NLD,2025-02-09 18:00:00,2025-02-09 19:00:00,0.132
Netherlands,NLD,2025-02-09 19:00:00,2025-02-09 20:00:00,0.14457
Netherlands,NLD,2025-02-09 20:00:00,2025-02-09 21:00:00,0.14295
Netherlands,NLD,2025-02-09 21:00:00,2025-02-09 22:00:00,0.143
Netherlands,NLD,2025-02-09 22:00:00,2025-02-09 23:00:00,0.11907999999999999
Netherlands,NLD,2025-02-09 23:00:00,2025-02-10 00:00:00,0.1075
Netherlands,NLD,2025-02-10 00:00:00,2025-02-10 01:00:00,0.08632
Netherlands,NLD,2025-02-10 01:00:00,2025-02-10 02:00:00,0.085
Netherlands,NLD,2025-02-10 02:00:00,2025-02-10 03:00:00,0.08929999999999999
Netherlands,NLD,2025-02-10 03:00:00,2025-02-10 04:00:00,0.08826
Netherlands,NLD,2025-02-10 04:00:00,2025-02-10 05:00:00,0.09694
Netherlands,NLD,2025-02-10 05:00:00,2025-02-10 06:00:00,0.1455
Netherlands,NLD,2025-02-10 06:00:00,2025-02-10 07:00:00,0.154
Netherlands,NLD,2025-02-10 07:00:00,2025-02-10 08:00:00,0.18136000000000002
Netherlands,NLD,2025-02-10 08:00:00,2025-02-10 09:00:00,0.16318000000000002
Netherlands,NLD,2025-02-10 09:00:00,2025-02-10 10:00:00,0.13
Netherlands,NLD,2025-02-10 10:00:00,2025-02-10 11:00:00,0.12027
Netherlands,NLD,2025-02-10 11:00:00,2025-02-10 12:00:00,0.11444
Netherlands,NLD,2025-02-10 12:00:00,2025-02-10 13:00:00,0.11502
Netherlands,NLD,2025-02-10 13:00:00,2025-02-10 14:00:00,0.13
Netherlands,NLD,2025-02-10 14:00:00,2025-02-10 15:00:00,0.12854
Netherlands,NLD,2025-02-10 15:00:00,2025-02-10 16:00:00,0.135
Netherlands,NLD,2025-02-10 16:00:00,2025-02-10 17:00:00,0.1409
Netherlands,NLD,2025-02-10 17:00:00,2025-02-10 18:00:00,0.15
Netherlands,NLD,2025-02-10 18:00:00,2025-02-10 19:00:00,0.12048
Netherlands,NLD,2025-02-10 19:00:00,2025-02-10 20:00:00,0.1
Netherlands,NLD,2025-02-10 20:00:00,2025-02-10 21:00:00,0.09517
Netherlands,NLD,2025-02-10 21:00:00,2025-02-10 22:00:00,0.09209999999999999
Netherlands,NLD,2025-02-10 22:00:00,2025-02-10 23:00:00,0.0905
Netherlands,NLD,2025-02-10 23:00:00,2025-02-11 00:00:00,0.063
Netherlands,NLD,2025-02-11 00:00:00,2025-02-11 01:00:00,0.065
Netherlands,NLD,2025-02-11 01:00:00,2025-02-11 02:00:00,0.07408
Netherlands,NLD,2025-02-11 02:00:00,2025-02-11 03:00:00,0.07775
Netherlands,NLD,2025-02-11 03:00:00,2025-02-11 04:00:00,0.0775
Netherlands,NLD,2025-02-11 04:00:00,2025-02-11 05:00:00,0.09154999999999999
Netherlands,NLD,2025-02-11 05:00:00,2025-02-11 06:00:00,0.1165
Netherlands,NLD,2025-02-11 06:00:00,2025-02-11 07:00:00,0.14311000000000001
Netherlands,NLD,2025-02-11 07:00:00,2025-02-11 08:00:00,0.15906
Netherlands,NLD,2025-02-11 08:00:00,2025-02-11 09:00:00,0.16376
Netherlands,NLD,2025-02-11 09:00:00,2025-02-11 10:00:00,0.15280000000000002
Netherlands,NLD,2025-02-11 10:00:00,2025-02-11 11:00:00,0.14
Netherlands,NLD,2025-02-11 11:00:00,2025-02-11 12:00:00,0.1372
Netherlands,NLD,2025-02-11 12:00:00,2025-02-11 13:00:00,0.1328
Netherlands,NLD,2025-02-11 13:00:00,2025-02-11 14:00:00,0.135
Netherlands,NLD,2025-02-11 14:00:00,2025-02-11 15:00:00,0.14392
Netherlands,NLD,2025-02-11 15:00:00,2025-02-11 16:00:00,0.14440999999999998
Netherlands,NLD,2025-02-11 16:00:00,2025-02-11 17:00:00,0.16047999999999998
Netherlands,NLD,2025-02-11 17:00:00,2025-02-11 18:00:00,0.17786000000000002
Netherlands,NLD,2025-02-11 18:00:00,2025-02-11 19:00:00,0.16745
Netherlands,NLD,2025-02-11 19:00:00,2025-02-11 20:00:00,0.14458000000000001
Netherlands,NLD,2025-02-11 20:00:00,2025-02-11 21:00:00,0.1401
Netherlands,NLD,2025-02-11 21:00:00,2025-02-11 22:00:00,0.15
Netherlands,NLD,2025-02-11 22:00:00,2025-02-11 23:00:00,0.13616
Netherlands,NLD,2025-02-11 23:00:00,2025-02-12 00:00:00,0.13055
Netherlands,NLD,2025-02-12 00:00:00,2025-02-12 01:00:00,0.12813
Netherlands,NLD,2025-02-12 01:00:00,2025-02-12 02:00:00,0.12682
Netherlands,NLD,2025-02-12 02:00:00,2025-02-12 03:00:00,0.12659
Netherlands,NLD,2025-02-12 03:00:00,2025-02-12 04:00:00,0.12874000000000002
Netherlands,NLD,2025-02-12 04:00:00,2025-02-12 05:00:00,0.1313
Netherlands,NLD,2025-02-12 05:00:00,2025-02-12 06:00:00,0.15039
Netherlands,NLD,2025-02-12 06:00:00,2025-02-12 07:00:00,0.16319999999999998
Netherlands,NLD,2025-02-12 07:00:00,2025-02-12 08:00:00,0.18
Netherlands,NLD,2025-02-12 08:00:00,2025-02-12 09:00:00,0.17492
Netherlands,NLD,2025-02-12 09:00:00,2025-02-12 10:00:00,0.161
Netherlands,NLD,2025-02-12 10:00:00,2025-02-12 11:00:00,0.136
Netherlands,NLD,2025-02-12 11:00:00,2025-02-12 12:00:00,0.1345
Netherlands,NLD,2025-02-12 12:00:00,2025-02-12 13:00:00,0.1423
Netherlands,NLD,2025-02-12 13:00:00,2025-02-12 14:00:00,0.14966
Netherlands,NLD,2025-02-12 14:00:00,2025-02-12 15:00:00,0.15999000000000002
Netherlands,NLD,2025-02-12 15:00:00,2025-02-12 16:00:00,0.17239
Netherlands,NLD,2025-02-12 16:00:00,2025-02-12 17:00:00,0.18300999999999998
Netherlands,NLD,2025-02-12 17:00:00,2025-02-12 18:00:00,0.19763999999999998
Netherlands,NLD,2025-02-12 18:00:00,2025-02-12 19:00:00,0.19286
Netherlands,NLD,2025-02-12 19:00:00,2025-02-12 20:00:00,0.17446
Netherlands,NLD,2025-02-12 20:00:00,2025-02-12 21:00:00,0.15606
Netherlands,NLD,2025-02-12 21:00:00,2025-02-12 22:00:00,0.15053999999999998
Netherlands,NLD,2025-02-12 22:00:00,2025-02-12 23:00:00,0.14204
Netherlands,NLD,2025-02-12 23:00:00,2025-02-13 00:00:00,0.13858
Netherlands,NLD,2025-02-13 00:00:00,2025-02-13 01:00:00,0.13512000000000002
Netherlands,NLD,2025-02-13 01:00:00,2025-02-13 02:00:00,0.13937
Netherlands,NLD,2025-02-13 02:00:00,2025-02-13 03:00:00,0.13375
Netherlands,NLD,2025-02-13 03:00:00,2025-02-13 04:00:00,0.13585
Netherlands,NLD,2025-02-13 04:00:00,2025-02-13 05:00:00,0.135
Netherlands,NLD,2025-02-13 05:00:00,2025-02-13 06:00:00,0.14836000000000002
Netherlands,NLD,2025-02-13 06:00:00,2025-02-13 07:00:00,0.18855000000000002
Netherlands,NLD,2025-02-13 07:00:00,2025-02-13 08:00:00,0.21952000000000002
Netherlands,NLD,2025-02-13 08:00:00,2025-02-13 09:00:00,0.21409999999999998
Netherlands,NLD,2025-02-13 09:00:00,2025-02-13 10:00:00,0.19748
Netherlands,NLD,2025-02-13 10:00:00,2025-02-13 11:00:00,0.18006999999999998
Netherlands,NLD,2025-02-13 11:00:00,2025-02-13 12:00:00,0.16666999999999998
Netherlands,NLD,2025-02-13 12:00:00,2025-02-13 13:00:00,0.16413999999999998
Netherlands,NLD,2025-02-13 13:00:00,2025-02-13 14:00:00,0.16254
Netherlands,NLD,2025-02-13 14:00:00,2025-02-13 15:00:00,0.1645
Netherlands,NLD,2025-02-13 15:00:00,2025-02-13 16:00:00,0.17497
Netherlands,NLD,2025-02-13 16:00:00,2025-02-13 17:00:00,0.20516
Netherlands,NLD,2025-02-13 17:00:00,2025-02-13 18:00:00,0.20423
Netherlands,NLD,2025-02-13 18:00:00,2025-02-13 19:00:00,0.19652
Netherlands,NLD,2025-02-13 19:00:00,2025-02-13 20:00:00,0.17705
Netherlands,NLD,2025-02-13 20:00:00,2025-02-13 21:00:00,0.16291999999999998
Netherlands,NLD,2025-02-13 21:00:00,2025-02-13 22:00:00,0.15312
Netherlands,NLD,2025-02-13 22:00:00,2025-02-13 23:00:00,0.13897
Netherlands,NLD,2025-02-13 23:00:00,2025-02-14 00:00:00,0.13757
Netherlands,NLD,2025-02-14 00:00:00,2025-02-14 01:00:00,0.13276
Netherlands,NLD,2025-02-14 01:00:00,2025-02-14 02:00:00,0.1279
Netherlands,NLD,2025-02-14 02:00:00,2025-02-14 03:00:00,0.12555
Netherlands,NLD,2025-02-14 03:00:00,2025-02-14 04:00:00,0.12727
Netherlands,NLD,2025-02-14 04:00:00,2025-02-14 05:00:00,0.13763
Netherlands,NLD,2025-02-14 05:00:00,2025-02-14 06:00:00,0.15763
Netherlands,NLD,2025-02-14 06:00:00,2025-02-14 07:00:00,0.21619
Netherlands,NLD,2025-02-14 07:00:00,2025-02-14 08:00:00,0.25355
Netherlands,NLD,2025-02-14 08:00:00,2025-02-14 09:00:00,0.20939
Netherlands,NLD,2025-02-14 09:00:00,2025-02-14 10:00:00,0.17879
Netherlands,NLD,2025-02-14 10:00:00,2025-02-14 11:00:00,0.16
Netherlands,NLD,2025-02-14 11:00:00,2025-02-14 12:00:00,0.14903
Netherlands,NLD,2025-02-14 12:00:00,2025-02-14 13:00:00,0.14528
Netherlands,NLD,2025-02-14 13:00:00,2025-02-14 14:00:00,0.15061000000000002
Netherlands,NLD,2025-02-14 14:00:00,2025-02-14 15:00:00,0.16711
Netherlands,NLD,2025-02-14 15:00:00,2025-02-14 16:00:00,0.19046000000000002
Netherlands,NLD,2025-02-14 16:00:00,2025-02-14 17:00:00,0.27526
Netherlands,NLD,2025-02-14 17:00:00,2025-02-14 18:00:00,0.27576999999999996
Netherlands,NLD,2025-02-14 18:00:00,2025-02-14 19:00:00,0.22186
Netherlands,NLD,2025-02-14 19:00:00,2025-02-14 20:00:00,0.18355000000000002
Netherlands,NLD,2025-02-14 20:00:00,2025-02-14 21:00:00,0.16319999999999998
Netherlands,NLD,2025-02-14 21:00:00,2025-02-14 22:00:00,0.153
Netherlands,NLD,2025-02-14 22:00:00,2025-02-14 23:00:00,0.14003
Netherlands,NLD,2025-02-14 23:00:00,2025-02-15 00:00:00,0.13290000000000002
Netherlands,NLD,2025-02-15 00:00:00,2025-02-15 01:00:00,0.12804
Netherlands,NLD,2025-02-15 01:00:00,2025-02-15 02:00:00,0.11838
Netherlands,NLD,2025-02-15 02:00:00,2025-02-15 03:00:00,0.11519
Netherlands,NLD,2025-02-15 03:00:00,2025-02-15 04:00:00,0.115
Netherlands,NLD,2025-02-15 04:00:00,2025-02-15 05:00:00,0.11708
Netherlands,NLD,2025-02-15 05:00:00,2025-02-15 06:00:00,0.12954
Netherlands,NLD,2025-02-15 06:00:00,2025-02-15 07:00:00,0.14507
Netherlands,NLD,2025-02-15 07:00:00,2025-02-15 08:00:00,0.14858000000000002
Netherlands,NLD,2025-02-15 08:00:00,2025-02-15 09:00:00,0.13683
Netherlands,NLD,2025-02-15 09:00:00,2025-02-15 10:00:00,0.12459
Netherlands,NLD,2025-02-15 10:00:00,2025-02-15 11:00:00,0.11835999999999999
Netherlands,NLD,2025-02-15 11:00:00,2025-02-15 12:00:00,0.11239
Netherlands,NLD,2025-02-15 12:00:00,2025-02-15 13:00:00,0.11001000000000001
Netherlands,NLD,2025-02-15 13:00:00,2025-02-15 14:00:00,0.11464
Netherlands,NLD,2025-02-15 14:00:00,2025-02-15 15:00:00,0.12472
Netherlands,NLD,2025-02-15 15:00:00,2025-02-15 16:00:00,0.14
Netherlands,NLD,2025-02-15 16:00:00,2025-02-15 17:00:00,0.15866
Netherlands,NLD,2025-02-15 17:00:00,2025-02-15 18:00:00,0.17053000000000001
Netherlands,NLD,2025-02-15 18:00:00,2025-02-15 19:00:00,0.16391
Netherlands,NLD,2025-02-15 19:00:00,2025-02-15 20:00:00,0.14729
Netherlands,NLD,2025-02-15 20:00:00,2025-02-15 21:00:00,0.12806
Netherlands,NLD,2025-02-15 21:00:00,2025-02-15 22:00:00,0.13163
Netherlands,NLD,2025-02-15 22:00:00,2025-02-15 23:00:00,0.12470999999999999
Netherlands,NLD,2025-02-15 23:00:00,2025-02-16 00:00:00,0.13411
Netherlands,NLD,2025-02-16 00:00:00,2025-02-16 01:00:00,0.12890000000000001
Netherlands,NLD,2025-02-16 01:00:00,2025-02-16 02:00:00,0.12357
Netherlands,NLD,2025-02-16 02:00:00,2025-02-16 03:00:00,0.1199
Netherlands,NLD,2025-02-16 03:00:00,2025-02-16 04:00:00,0.11957
Netherlands,NLD,2025-02-16 04:00:00,2025-02-16 05:00:00,0.12018999999999999
Netherlands,NLD,2025-02-16 05:00:00,2025-02-16 06:00:00,0.12
Netherlands,NLD,2025-02-16 06:00:00,2025-02-16 07:00:00,0.12764
Netherlands,NLD,2025-02-16 07:00:00,2025-02-16 08:00:00,0.1296
Netherlands,NLD,2025-02-16 08:00:00,2025-02-16 09:00:00,0.13040000000000002
Netherlands,NLD,2025-02-16 09:00:00,2025-02-16 10:00:00,0.12411
Netherlands,NLD,2025-02-16 10:00:00,2025-02-16 11:00:00,0.11725
Netherlands,NLD,2025-02-16 11:00:00,2025-02-16 12:00:00,0.12129999999999999
Netherlands,NLD,2025-02-16 12:00:00,2025-02-16 13:00:00,0.10821
Netherlands,NLD,2025-02-16 13:00:00,2025-02-16 14:00:00,0.10984000000000001
Netherlands,NLD,2025-02-16 14:00:00,2025-02-16 15:00:00,0.12445
Netherlands,NLD,2025-02-16 15:00:00,2025-02-16 16:00:00,0.13294999999999998
Netherlands,NLD,2025-02-16 16:00:00,2025-02-16 17:00:00,0.14908000000000002
Netherlands,NLD,2025-02-16 17:00:00,2025-02-16 18:00:00,0.16501
Netherlands,NLD,2025-02-16 18:00:00,2025-02-16 19:00:00,0.16088999999999998
Netherlands,NLD,2025-02-16 19:00:00,2025-02-16 20:00:00,0.15372
Netherlands,NLD,2025-02-16 20:00:00,2025-02-16 21:00:00,0.13935
Netherlands,NLD,2025-02-16 21:00:00,2025-02-16 22:00:00,0.1376
Netherlands,NLD,2025-02-16 22:00:00,2025-02-16 23:00:00,0.13151
Netherlands,NLD,2025-02-16 23:00:00,2025-02-17 00:00:00,0.12805000000000002
Netherlands,NLD,2025-02-17 00:00:00,2025-02-17 01:00:00,0.12106
Netherlands,NLD,2025-02-17 01:00:00,2025-02-17 02:00:00,0.12034
Netherlands,NLD,2025-02-17 02:00:00,2025-02-17 03:00:00,0.12394
Netherlands,NLD,2025-02-17 03:00:00,2025-02-17 04:00:00,0.12674
Netherlands,NLD,2025-02-17 04:00:00,2025-02-17 05:00:00,0.12991
Netherlands,NLD,2025-02-17 05:00:00,2025-02-17 06:00:00,0.14922
Netherlands,NLD,2025-02-17 06:00:00,2025-02-17 07:00:00,0.20474
Netherlands,NLD,2025-02-17 07:00:00,2025-02-17 08:00:00,0.20979
Netherlands,NLD,2025-02-17 08:00:00,2025-02-17 09:00:00,0.1713
Netherlands,NLD,2025-02-17 09:00:00,2025-02-17 10:00:00,0.13967
Netherlands,NLD,2025-02-17 10:00:00,2025-02-17 11:00:00,0.1172
Netherlands,NLD,2025-02-17 11:00:00,2025-02-17 12:00:00,0.10954000000000001
Netherlands,NLD,2025-02-17 12:00:00,2025-02-17 13:00:00,0.10679000000000001
Netherlands,NLD,2025-02-17 13:00:00,2025-02-17 14:00:00,0.11175
Netherlands,NLD,2025-02-17 14:00:00,2025-02-17 15:00:00,0.13
Netherlands,NLD,2025-02-17 15:00:00,2025-02-17 16:00:00,0.15543
Netherlands,NLD,2025-02-17 16:00:00,2025-02-17 17:00:00,0.213
Netherlands,NLD,2025-02-17 17:00:00,2025-02-17 18:00:00,0.26237
Netherlands,NLD,2025-02-17 18:00:00,2025-02-17 19:00:00,0.21543
Netherlands,NLD,2025-02-17 19:00:00,2025-02-17 20:00:00,0.17793
Netherlands,NLD,2025-02-17 20:00:00,2025-02-17 21:00:00,0.15530000000000002
Netherlands,NLD,2025-02-17 21:00:00,2025-02-17 22:00:00,0.13939
Netherlands,NLD,2025-02-17 22:00:00,2025-02-17 23:00:00,0.12972
Netherlands,NLD,2025-02-17 23:00:00,2025-02-18 00:00:00,0.13301
Netherlands,NLD,2025-02-18 00:00:00,2025-02-18 01:00:00,0.12506
Netherlands,NLD,2025-02-18 01:00:00,2025-02-18 02:00:00,0.12362000000000001
Netherlands,NLD,2025-02-18 02:00:00,2025-02-18 03:00:00,0.11662
Netherlands,NLD,2025-02-18 03:00:00,2025-02-18 04:00:00,0.11508
Netherlands,NLD,2025-02-18 04:00:00,2025-02-18 05:00:00,0.12151999999999999
Netherlands,NLD,2025-02-18 05:00:00,2025-02-18 06:00:00,0.1391
Netherlands,NLD,2025-02-18 06:00:00,2025-02-18 07:00:00,0.17987
Netherlands,NLD,2025-02-18 07:00:00,2025-02-18 08:00:00,0.1938
Netherlands,NLD,2025-02-18 08:00:00,2025-02-18 09:00:00,0.14323
Netherlands,NLD,2025-02-18 09:00:00,2025-02-18 10:00:00,0.12454000000000001
Netherlands,NLD,2025-02-18 10:00:00,2025-02-18 11:00:00,0.11009999999999999
Netherlands,NLD,2025-02-18 11:00:00,2025-02-18 12:00:00,0.09454000000000001
Netherlands,NLD,2025-02-18 12:00:00,2025-02-18 13:00:00,0.09
Netherlands,NLD,2025-02-18 13:00:00,2025-02-18 14:00:00,0.09834999999999999
Netherlands,NLD,2025-02-18 14:00:00,2025-02-18 15:00:00,0.11
Netherlands,NLD,2025-02-18 15:00:00,2025-02-18 16:00:00,0.126
Netherlands,NLD,2025-02-18 16:00:00,2025-02-18 17:00:00,0.17238
Netherlands,NLD,2025-02-18 17:00:00,2025-02-18 18:00:00,0.17328
Netherlands,NLD,2025-02-18 18:00:00,2025-02-18 19:00:00,0.15533000000000002
Netherlands,NLD,2025-02-18 19:00:00,2025-02-18 20:00:00,0.14196
Netherlands,NLD,2025-02-18 20:00:00,2025-02-18 21:00:00,0.13016
Netherlands,NLD,2025-02-18 21:00:00,2025-02-18 22:00:00,0.12192
Netherlands,NLD,2025-02-18 22:00:00,2025-02-18 23:00:00,0.11486
Netherlands,NLD,2025-02-18 23:00:00,2025-02-19 00:00:00,0.10495
Netherlands,NLD,2025-02-19 00:00:00,2025-02-19 01:00:00,0.0997
Netherlands,NLD,2025-02-19 01:00:00,2025-02-19 02:00:00,0.0997
Netherlands,NLD,2025-02-19 02:00:00,2025-02-19 03:00:00,0.09767
Netherlands,NLD,2025-02-19 03:00:00,2025-02-19 04:00:00,0.09486
Netherlands,NLD,2025-02-19 04:00:00,2025-02-19 05:00:00,0.09863
Netherlands,NLD,2025-02-19 05:00:00,2025-02-19 06:00:00,0.115
Netherlands,NLD,2025-02-19 06:00:00,2025-02-19 07:00:00,0.1495
Netherlands,NLD,2025-02-19 07:00:00,2025-02-19 08:00:00,0.16671
Netherlands,NLD,2025-02-19 08:00:00,2025-02-19 09:00:00,0.12329999999999999
Netherlands,NLD,2025-02-19 09:00:00,2025-02-19 10:00:00,0.09509999999999999
Netherlands,NLD,2025-02-19 10:00:00,2025-02-19 11:00:00,0.07342
Netherlands,NLD,2025-02-19 11:00:00,2025-02-19 12:00:00,0.075
Netherlands,NLD,2025-02-19 12:00:00,2025-02-19 13:00:00,0.0783
Netherlands,NLD,2025-02-19 13:00:00,2025-02-19 14:00:00,0.08
Netherlands,NLD,2025-02-19 14:00:00,2025-02-19 15:00:00,0.09063
Netherlands,NLD,2025-02-19 15:00:00,2025-02-19 16:00:00,0.11339
Netherlands,NLD,2025-02-19 16:00:00,2025-02-19 17:00:00,0.132
Netherlands,NLD,2025-02-19 17:00:00,2025-02-19 18:00:00,0.14573
Netherlands,NLD,2025-02-19 18:00:00,2025-02-19 19:00:00,0.14643
Netherlands,NLD,2025-02-19 19:00:00,2025-02-19 20:00:00,0.12281
Netherlands,NLD,2025-02-19 20:00:00,2025-02-19 21:00:00,0.11516
Netherlands,NLD,2025-02-19 21:00:00,2025-02-19 22:00:00,0.12093000000000001
Netherlands,NLD,2025-02-19 22:00:00,2025-02-19 23:00:00,0.1
Netherlands,NLD,2025-02-19 23:00:00,2025-02-20 00:00:00,0.08765
Netherlands,NLD,2025-02-20 00:00:00,2025-02-20 01:00:00,0.08667
Netherlands,NLD,2025-02-20 01:00:00,2025-02-20 02:00:00,0.08598
Netherlands,NLD,2025-02-20 02:00:00,2025-02-20 03:00:00,0.08459
Netherlands,NLD,2025-02-20 03:00:00,2025-02-20 04:00:00,0.08295
Netherlands,NLD,2025-02-20 04:00:00,2025-02-20 05:00:00,0.08373
Netherlands,NLD,2025-02-20 05:00:00,2025-02-20 06:00:00,0.09053
Netherlands,NLD,2025-02-20 06:00:00,2025-02-20 07:00:00,0.11117
Netherlands,NLD,2025-02-20 07:00:00,2025-02-20 08:00:00,0.13069999999999998
Netherlands,NLD,2025-02-20 08:00:00,2025-02-20 09:00:00,0.12771
Netherlands,NLD,2025-02-20 09:00:00,2025-02-20 10:00:00,0.10357999999999999
Netherlands,NLD,2025-02-20 10:00:00,2025-02-20 11:00:00,0.08739
Netherlands,NLD,2025-02-20 11:00:00,2025-02-20 12:00:00,0.08706
Netherlands,NLD,2025-02-20 12:00:00,2025-02-20 13:00:00,0.08445
Netherlands,NLD,2025-02-20 13:00:00,2025-02-20 14:00:00,0.08478
Netherlands,NLD,2025-02-20 14:00:00,2025-02-20 15:00:00,0.08943000000000001
Netherlands,NLD,2025-02-20 15:00:00,2025-02-20 16:00:00,0.09613
Netherlands,NLD,2025-02-20 16:00:00,2025-02-20 17:00:00,0.11009000000000001
Netherlands,NLD,2025-02-20 17:00:00,2025-02-20 18:00:00,0.11605
Netherlands,NLD,2025-02-20 18:00:00,2025-02-20 19:00:00,0.12584
Netherlands,NLD,2025-02-20 19:00:00,2025-02-20 20:00:00,0.1027
Netherlands,NLD,2025-02-20 20:00:00,2025-02-20 21:00:00,0.09278
Netherlands,NLD,2025-02-20 21:00:00,2025-02-20 22:00:00,0.09304000000000001
Netherlands,NLD,2025-02-20 22:00:00,2025-02-20 23:00:00,0.08431
Netherlands,NLD,2025-02-20 23:00:00,2025-02-21 00:00:00,0.07403
Netherlands,NLD,2025-02-21 00:00:00,2025-02-21 01:00:00,0.07009
Netherlands,NLD,2025-02-21 01:00:00,2025-02-21 02:00:00,0.07499
Netherlands,NLD,2025-02-21 02:00:00,2025-02-21 03:00:00,0.07625
Netherlands,NLD,2025-02-21 03:00:00,2025-02-21 04:00:00,0.074
Netherlands,NLD,2025-02-21 04:00:00,2025-02-21 05:00:00,0.07297
Netherlands,NLD,2025-02-21 05:00:00,2025-02-21 06:00:00,0.09687
Netherlands,NLD,2025-02-21 06:00:00,2025-02-21 07:00:00,0.14024
Netherlands,NLD,2025-02-21 07:00:00,2025-02-21 08:00:00,0.13502
Netherlands,NLD,2025-02-21 08:00:00,2025-02-21 09:00:00,0.11220000000000001
Netherlands,NLD,2025-02-21 09:00:00,2025-02-21 10:00:00,0.09201000000000001
Netherlands,NLD,2025-02-21 10:00:00,2025-02-21 11:00:00,0.07644
Netherlands,NLD,2025-02-21 11:00:00,2025-02-21 12:00:00,0.065
Netherlands,NLD,2025-02-21 12:00:00,2025-02-21 13:00:00,0.0632
Netherlands,NLD,2025-02-21 13:00:00,2025-02-21 14:00:00,0.06947
Netherlands,NLD,2025-02-21 14:00:00,2025-02-21 15:00:00,0.07549
Netherlands,NLD,2025-02-21 15:00:00,2025-02-21 16:00:00,0.09309
Netherlands,NLD,2025-02-21 16:00:00,2025-02-21 17:00:00,0.09877
Netherlands,NLD,2025-02-21 17:00:00,2025-02-21 18:00:00,0.10113
Netherlands,NLD,2025-02-21 18:00:00,2025-02-21 19:00:00,0.08501
Netherlands,NLD,2025-02-21 19:00:00,2025-02-21 20:00:00,0.08201
Netherlands,NLD,2025-02-21 20:00:00,2025-02-21 21:00:00,0.07133
Netherlands,NLD,2025-02-21 21:00:00,2025-02-21 22:00:00,0.07089
Netherlands,NLD,2025-02-21 22:00:00,2025-02-21 23:00:00,0.06609000000000001
Netherlands,NLD,2025-02-21 23:00:00,2025-02-22 00:00:00,0.053829999999999996
Netherlands,NLD,2025-02-22 00:00:00,2025-02-22 01:00:00,0.049159999999999995
Netherlands,NLD,2025-02-22 01:00:00,2025-02-22 02:00:00,0.047700000000000006
Netherlands,NLD,2025-02-22 02:00:00,2025-02-22 03:00:00,0.04134
Netherlands,NLD,2025-02-22 03:00:00,2025-02-22 04:00:00,0.03979
Netherlands,NLD,2025-02-22 04:00:00,2025-02-22 05:00:00,0.050140000000000004
Netherlands,NLD,2025-02-22 05:00:00,2025-02-22 06:00:00,0.05331
Netherlands,NLD,2025-02-22 06:00:00,2025-02-22 07:00:00,0.0649
Netherlands,NLD,2025-02-22 07:00:00,2025-02-22 08:00:00,0.07
Netherlands,NLD,2025-02-22 08:00:00,2025-02-22 09:00:00,0.08
Netherlands,NLD,2025-02-22 09:00:00,2025-02-22 10:00:00,0.08275
Netherlands,NLD,2025-02-22 10:00:00,2025-02-22 11:00:00,0.085
Netherlands,NLD,2025-02-22 11:00:00,2025-02-22 12:00:00,0.09025
Netherlands,NLD,2025-02-22 12:00:00,2025-02-22 13:00:00,0.06661
Netherlands,NLD,2025-02-22 13:00:00,2025-02-22 14:00:00,0.06745
Netherlands,NLD,2025-02-22 14:00:00,2025-02-22 15:00:00,0.08168
Netherlands,NLD,2025-02-22 15:00:00,2025-02-22 16:00:00,0.09775
Netherlands,NLD,2025-02-22 16:00:00,2025-02-22 17:00:00,0.1318
Netherlands,NLD,2025-02-22 17:00:00,2025-02-22 18:00:00,0.146
Netherlands,NLD,2025-02-22 18:00:00,2025-02-22 19:00:00,0.15365
Netherlands,NLD,2025-02-22 19:00:00,2025-02-22 20:00:00,0.14721
Netherlands,NLD,2025-02-22 20:00:00,2025-02-22 21:00:00,0.11618
Netherlands,NLD,2025-02-22 21:00:00,2025-02-22 22:00:00,0.122
Netherlands,NLD,2025-02-22 22:00:00,2025-02-22 23:00:00,0.11948
Netherlands,NLD,2025-02-22 23:00:00,2025-02-23 00:00:00,0.106
Netherlands,NLD,2025-02-23 00:00:00,2025-02-23 01:00:00,0.09259999999999999
Netherlands,NLD,2025-02-23 01:00:00,2025-02-23 02:00:00,0.08702
Netherlands,NLD,2025-02-23 02:00:00,2025-02-23 03:00:00,0.08363
Netherlands,NLD,2025-02-23 03:00:00,2025-02-23 04:00:00,0.0843
Netherlands,NLD,2025-02-23 04:00:00,2025-02-23 05:00:00,0.08579
Netherlands,NLD,2025-02-23 05:00:00,2025-02-23 06:00:00,0.08662
Netherlands,NLD,2025-02-23 06:00:00,2025-02-23 07:00:00,0.10335
Netherlands,NLD,2025-02-23 07:00:00,2025-02-23 08:00:00,0.10622
Netherlands,NLD,2025-02-23 08:00:00,2025-02-23 09:00:00,0.093
Netherlands,NLD,2025-02-23 09:00:00,2025-02-23 10:00:00,0.07612999999999999
Netherlands,NLD,2025-02-23 10:00:00,2025-02-23 11:00:00,0.06046
Netherlands,NLD,2025-02-23 11:00:00,2025-02-23 12:00:00,0.04981
Netherlands,NLD,2025-02-23 12:00:00,2025-02-23 13:00:00,0.033350000000000005
Netherlands,NLD,2025-02-23 13:00:00,2025-02-23 14:00:00,0.030789999999999998
Netherlands,NLD,2025-02-23 14:00:00,2025-02-23 15:00:00,0.04381
Netherlands,NLD,2025-02-23 15:00:00,2025-02-23 16:00:00,0.0757
Netherlands,NLD,2025-02-23 16:00:00,2025-02-23 17:00:00,0.13559000000000002
Netherlands,NLD,2025-02-23 17:00:00,2025-02-23 18:00:00,0.14339
Netherlands,NLD,2025-02-23 18:00:00,2025-02-23 19:00:00,0.11755
Netherlands,NLD,2025-02-23 19:00:00,2025-02-23 20:00:00,0.09561
Netherlands,NLD,2025-02-23 20:00:00,2025-02-23 21:00:00,0.07719
Netherlands,NLD,2025-02-23 21:00:00,2025-02-23 22:00:00,0.06797
Netherlands,NLD,2025-02-23 22:00:00,2025-02-23 23:00:00,0.0601
Netherlands,NLD,2025-02-23 23:00:00,2025-02-24 00:00:00,0.01
Netherlands,NLD,2025-02-24 00:00:00,2025-02-24 01:00:00,0.011890000000000001
Netherlands,NLD,2025-02-24 01:00:00,2025-02-24 02:00:00,0.01243
Netherlands,NLD,2025-02-24 02:00:00,2025-02-24 03:00:00,0.007679999999999999
Netherlands,NLD,2025-02-24 03:00:00,2025-02-24 04:00:00,0.00393
Netherlands,NLD,2025-02-24 04:00:00,2025-02-24 05:00:00,0.007
Netherlands,NLD,2025-02-24 05:00:00,2025-02-24 06:00:00,0.052
Netherlands,NLD,2025-02-24 06:00:00,2025-02-24 07:00:00,0.08929000000000001
Netherlands,NLD,2025-02-24 07:00:00,2025-02-24 08:00:00,0.11033
Netherlands,NLD,2025-02-24 08:00:00,2025-02-24 09:00:00,0.0955
Netherlands,NLD,2025-02-24 09:00:00,2025-02-24 10:00:00,0.08186
Netherlands,NLD,2025-02-24 10:00:00,2025-02-24 11:00:00,0.085
Netherlands,NLD,2025-02-24 11:00:00,2025-02-24 12:00:00,0.08304
Netherlands,NLD,2025-02-24 12:00:00,2025-02-24 13:00:00,0.08419
Netherlands,NLD,2025-02-24 13:00:00,2025-02-24 14:00:00,0.08736
Netherlands,NLD,2025-02-24 14:00:00,2025-02-24 15:00:00,0.0932
Netherlands,NLD,2025-02-24 15:00:00,2025-02-24 16:00:00,0.10355
Netherlands,NLD,2025-02-24 16:00:00,2025-02-24 17:00:00,0.11453
Netherlands,NLD,2025-02-24 17:00:00,2025-02-24 18:00:00,0.1407
Netherlands,NLD,2025-02-24 18:00:00,2025-02-24 19:00:00,0.15071
Netherlands,NLD,2025-02-24 19:00:00,2025-02-24 20:00:00,0.13066
Netherlands,NLD,2025-02-24 20:00:00,2025-02-24 21:00:00,0.113
Netherlands,NLD,2025-02-24 21:00:00,2025-02-24 22:00:00,0.11195999999999999
Netherlands,NLD,2025-02-24 22:00:00,2025-02-24 23:00:00,0.10685
Netherlands,NLD,2025-02-24 23:00:00,2025-02-25 00:00:00,0.09058
Netherlands,NLD,2025-02-25 00:00:00,2025-02-25 01:00:00,0.08997
Netherlands,NLD,2025-02-25 01:00:00,2025-02-25 02:00:00,0.09242
Netherlands,NLD,2025-02-25 02:00:00,2025-02-25 03:00:00,0.09244
Netherlands,NLD,2025-02-25 03:00:00,2025-02-25 04:00:00,0.09431999999999999
Netherlands,NLD,2025-02-25 04:00:00,2025-02-25 05:00:00,0.1035
Netherlands,NLD,2025-02-25 05:00:00,2025-02-25 06:00:00,0.14
Netherlands,NLD,2025-02-25 06:00:00,2025-02-25 07:00:00,0.15941
Netherlands,NLD,2025-02-25 07:00:00,2025-02-25 08:00:00,0.16648
Netherlands,NLD,2025-02-25 08:00:00,2025-02-25 09:00:00,0.14961000000000002
Netherlands,NLD,2025-02-25 09:00:00,2025-02-25 10:00:00,0.13488
Netherlands,NLD,2025-02-25 10:00:00,2025-02-25 11:00:00,0.12183
Netherlands,NLD,2025-02-25 11:00:00,2025-02-25 12:00:00,0.1185
Netherlands,NLD,2025-02-25 12:00:00,2025-02-25 13:00:00,0.11756
Netherlands,NLD,2025-02-25 13:00:00,2025-02-25 14:00:00,0.12439
Netherlands,NLD,2025-02-25 14:00:00,2025-02-25 15:00:00,0.13466999999999998
Netherlands,NLD,2025-02-25 15:00:00,2025-02-25 16:00:00,0.15796000000000002
Netherlands,NLD,2025-02-25 16:00:00,2025-02-25 17:00:00,0.19493000000000002
Netherlands,NLD,2025-02-25 17:00:00,2025-02-25 18:00:00,0.21580000000000002
Netherlands,NLD,2025-02-25 18:00:00,2025-02-25 19:00:00,0.17945
Netherlands,NLD,2025-02-25 19:00:00,2025-02-25 20:00:00,0.15428
Netherlands,NLD,2025-02-25 20:00:00,2025-02-25 21:00:00,0.13897
Netherlands,NLD,2025-02-25 21:00:00,2025-02-25 22:00:00,0.12641
Netherlands,NLD,2025-02-25 22:00:00,2025-02-25 23:00:00,0.11209000000000001
Netherlands,NLD,2025-02-25 23:00:00,2025-02-26 00:00:00,0.11907999999999999
Netherlands,NLD,2025-02-26 00:00:00,2025-02-26 01:00:00,0.11354
Netherlands,NLD,2025-02-26 01:00:00,2025-02-26 02:00:00,0.11278
Netherlands,NLD,2025-02-26 02:00:00,2025-02-26 03:00:00,0.11084999999999999
Netherlands,NLD,2025-02-26 03:00:00,2025-02-26 04:00:00,0.11169
Netherlands,NLD,2025-02-26 04:00:00,2025-02-26 05:00:00,0.11389
Netherlands,NLD,2025-02-26 05:00:00,2025-02-26 06:00:00,0.12844999999999998
Netherlands,NLD,2025-02-26 06:00:00,2025-02-26 07:00:00,0.15672
Netherlands,NLD,2025-02-26 07:00:00,2025-02-26 08:00:00,0.16815
Netherlands,NLD,2025-02-26 08:00:00,2025-02-26 09:00:00,0.15485
Netherlands,NLD,2025-02-26 09:00:00,2025-02-26 10:00:00,0.13311
Netherlands,NLD,2025-02-26 10:00:00,2025-02-26 11:00:00,0.1
Netherlands,NLD,2025-02-26 11:00:00,2025-02-26 12:00:00,0.08549
Netherlands,NLD,2025-02-26 12:00:00,2025-02-26 13:00:00,0.08
Netherlands,NLD,2025-02-26 13:00:00,2025-02-26 14:00:00,0.0862
Netherlands,NLD,2025-02-26 14:00:00,2025-02-26 15:00:00,0.1158
Netherlands,NLD,2025-02-26 15:00:00,2025-02-26 16:00:00,0.10962999999999999
Netherlands,NLD,2025-02-26 16:00:00,2025-02-26 17:00:00,0.14596
Netherlands,NLD,2025-02-26 17:00:00,2025-02-26 18:00:00,0.15905000000000002
Netherlands,NLD,2025-02-26 18:00:00,2025-02-26 19:00:00,0.15212
Netherlands,NLD,2025-02-26 19:00:00,2025-02-26 20:00:00,0.14156
Netherlands,NLD,2025-02-26 20:00:00,2025-02-26 21:00:00,0.11844
Netherlands,NLD,2025-02-26 21:00:00,2025-02-26 22:00:00,0.12093999999999999
Netherlands,NLD,2025-02-26 22:00:00,2025-02-26 23:00:00,0.11258
Netherlands,NLD,2025-02-26 23:00:00,2025-02-27 00:00:00,0.10165
Netherlands,NLD,2025-02-27 00:00:00,2025-02-27 01:00:00,0.10381
Netherlands,NLD,2025-02-27 01:00:00,2025-02-27 02:00:00,0.10124
Netherlands,NLD,2025-02-27 02:00:00,2025-02-27 03:00:00,0.0996
Netherlands,NLD,2025-02-27 03:00:00,2025-02-27 04:00:00,0.10041
Netherlands,NLD,2025-02-27 04:00:00,2025-02-27 05:00:00,0.10562
Netherlands,NLD,2025-02-27 05:00:00,2025-02-27 06:00:00,0.11515
Netherlands,NLD,2025-02-27 06:00:00,2025-02-27 07:00:00,0.15124
Netherlands,NLD,2025-02-27 07:00:00,2025-02-27 08:00:00,0.15915
Netherlands,NLD,2025-02-27 08:00:00,2025-02-27 09:00:00,0.14
Netherlands,NLD,2025-02-27 09:00:00,2025-02-27 10:00:00,0.12601
Netherlands,NLD,2025-02-27 10:00:00,2025-02-27 11:00:00,0.10812000000000001
Netherlands,NLD,2025-02-27 11:00:00,2025-02-27 12:00:00,0.09995
Netherlands,NLD,2025-02-27 12:00:00,2025-02-27 13:00:00,0.0975
Netherlands,NLD,2025-02-27 13:00:00,2025-02-27 14:00:00,0.0998
Netherlands,NLD,2025-02-27 14:00:00,2025-02-27 15:00:00,0.1
Netherlands,NLD,2025-02-27 15:00:00,2025-02-27 16:00:00,0.11647
Netherlands,NLD,2025-02-27 16:00:00,2025-02-27 17:00:00,0.14451
Netherlands,NLD,2025-02-27 17:00:00,2025-02-27 18:00:00,0.16887
Netherlands,NLD,2025-02-27 18:00:00,2025-02-27 19:00:00,0.146
Netherlands,NLD,2025-02-27 19:00:00,2025-02-27 20:00:00,0.12925
Netherlands,NLD,2025-02-27 20:00:00,2025-02-27 21:00:00,0.10490000000000001
Netherlands,NLD,2025-02-27 21:00:00,2025-02-27 22:00:00,0.1042
Netherlands,NLD,2025-02-27 22:00:00,2025-02-27 23:00:00,0.10526
Netherlands,NLD,2025-02-27 23:00:00,2025-02-28 00:00:00,0.09709999999999999
Netherlands,NLD,2025-02-28 00:00:00,2025-02-28 01:00:00,0.11054
Netherlands,NLD,2025-02-28 01:00:00,2025-02-28 02:00:00,0.10937999999999999
Netherlands,NLD,2025-02-28 02:00:00,2025-02-28 03:00:00,0.10658
Netherlands,NLD,2025-02-28 03:00:00,2025-02-28 04:00:00,0.11053
Netherlands,NLD,2025-02-28 04:00:00,2025-02-28 05:00:00,0.11112000000000001
Netherlands,NLD,2025-02-28 05:00:00,2025-02-28 06:00:00,0.11686
Netherlands,NLD,2025-02-28 06:00:00,2025-02-28 07:00:00,0.14883000000000002
Netherlands,NLD,2025-02-28 07:00:00,2025-02-28 08:00:00,0.16044999999999998
Netherlands,NLD,2025-02-28 08:00:00,2025-02-28 09:00:00,0.14107
Netherlands,NLD,2025-02-28 09:00:00,2025-02-28 10:00:00,0.12319
Netherlands,NLD,2025-02-28 10:00:00,2025-02-28 11:00:00,0.11
Netherlands,NLD,2025-02-28 11:00:00,2025-02-28 12:00:00,0.0964
Netherlands,NLD,2025-02-28 12:00:00,2025-02-28 13:00:00,0.0915
Netherlands,NLD,2025-02-28 13:00:00,2025-02-28 14:00:00,0.092
Netherlands,NLD,2025-02-28 14:00:00,2025-02-28 15:00:00,0.10115
Netherlands,NLD,2025-02-28 15:00:00,2025-02-28 16:00:00,0.12409999999999999
Netherlands,NLD,2025-02-28 16:00:00,2025-02-28 17:00:00,0.14772
Netherlands,NLD,2025-02-28 17:00:00,2025-02-28 18:00:00,0.15663
Netherlands,NLD,2025-02-28 18:00:00,2025-02-28 19:00:00,0.158
Netherlands,NLD,2025-02-28 19:00:00,2025-02-28 20:00:00,0.14269
Netherlands,NLD,2025-02-28 20:00:00,2025-02-28 21:00:00,0.13131
Netherlands,NLD,2025-02-28 21:00:00,2025-02-28 22:00:00,0.12554
Netherlands,NLD,2025-02-28 22:00:00,2025-02-28 23:00:00,0.11721
Netherlands,NLD,2025-02-28 23:00:00,2025-03-01 00:00:00,0.12647
Netherlands,NLD,2025-03-01 00:00:00,2025-03-01 01:00:00,0.11946999999999999
Netherlands,NLD,2025-03-01 01:00:00,2025-03-01 02:00:00,0.11661
Netherlands,NLD,2025-03-01 02:00:00,2025-03-01 03:00:00,0.10990000000000001
Netherlands,NLD,2025-03-01 03:00:00,2025-03-01 04:00:00,0.10805
Netherlands,NLD,2025-03-01 04:00:00,2025-03-01 05:00:00,0.11188
Netherlands,NLD,2025-03-01 05:00:00,2025-03-01 06:00:00,0.1171
Netherlands,NLD,2025-03-01 06:00:00,2025-03-01 07:00:00,0.13382
Netherlands,NLD,2025-03-01 07:00:00,2025-03-01 08:00:00,0.13625
Netherlands,NLD,2025-03-01 08:00:00,2025-03-01 09:00:00,0.13348
Netherlands,NLD,2025-03-01 09:00:00,2025-03-01 10:00:00,0.11944
Netherlands,NLD,2025-03-01 10:00:00,2025-03-01 11:00:00,0.10643000000000001
Netherlands,NLD,2025-03-01 11:00:00,2025-03-01 12:00:00,0.09863
Netherlands,NLD,2025-03-01 12:00:00,2025-03-01 13:00:00,0.09140999999999999
Netherlands,NLD,2025-03-01 13:00:00,2025-03-01 14:00:00,0.0891
Netherlands,NLD,2025-03-01 14:00:00,2025-03-01 15:00:00,0.0964
Netherlands,NLD,2025-03-01 15:00:00,2025-03-01 16:00:00,0.11354
Netherlands,NLD,2025-03-01 16:00:00,2025-03-01 17:00:00,0.13481
Netherlands,NLD,2025-03-01 17:00:00,2025-03-01 18:00:00,0.152
Netherlands,NLD,2025-03-01 18:00:00,2025-03-01 19:00:00,0.14676
Netherlands,NLD,2025-03-01 19:00:00,2025-03-01 20:00:00,0.13341
Netherlands,NLD,2025-03-01 20:00:00,2025-03-01 21:00:00,0.12543
Netherlands,NLD,2025-03-01 21:00:00,2025-03-01 22:00:00,0.12203
Netherlands,NLD,2025-03-01 22:00:00,2025-03-01 23:00:00,0.11992
Netherlands,NLD,2025-03-01 23:00:00,2025-03-02 00:00:00,0.12397
Netherlands,NLD,2025-03-02 00:00:00,2025-03-02 01:00:00,0.10772
Netherlands,NLD,2025-03-02 01:00:00,2025-03-02 02:00:00,0.09941
Netherlands,NLD,2025-03-02 02:00:00,2025-03-02 03:00:00,0.09319
Netherlands,NLD,2025-03-02 03:00:00,2025-03-02 04:00:00,0.09448999999999999
Netherlands,NLD,2025-03-02 04:00:00,2025-03-02 05:00:00,0.0943
Netherlands,NLD,2025-03-02 05:00:00,2025-03-02 06:00:00,0.09643
Netherlands,NLD,2025-03-02 06:00:00,2025-03-02 07:00:00,0.103
Netherlands,NLD,2025-03-02 07:00:00,2025-03-02 08:00:00,0.10323
Netherlands,NLD,2025-03-02 08:00:00,2025-03-02 09:00:00,0.089
Netherlands,NLD,2025-03-02 09:00:00,2025-03-02 10:00:00,0.0683
Netherlands,NLD,2025-03-02 10:00:00,2025-03-02 11:00:00,0.049
Netherlands,NLD,2025-03-02 11:00:00,2025-03-02 12:00:00,0.0275
Netherlands,NLD,2025-03-02 12:00:00,2025-03-02 13:00:00,-0.003
Netherlands,NLD,2025-03-02 13:00:00,2025-03-02 14:00:00,-0.0038599999999999997
Netherlands,NLD,2025-03-02 14:00:00,2025-03-02 15:00:00,0.0507
Netherlands,NLD,2025-03-02 15:00:00,2025-03-02 16:00:00,0.0799
Netherlands,NLD,2025-03-02 16:00:00,2025-03-02 17:00:00,0.12201999999999999
Netherlands,NLD,2025-03-02 17:00:00,2025-03-02 18:00:00,0.14105
Netherlands,NLD,2025-03-02 18:00:00,2025-03-02 19:00:00,0.14637999999999998
Netherlands,NLD,2025-03-02 19:00:00,2025-03-02 20:00:00,0.13335
Netherlands,NLD,2025-03-02 20:00:00,2025-03-02 21:00:00,0.12043999999999999
Netherlands,NLD,2025-03-02 21:00:00,2025-03-02 22:00:00,0.12086
Netherlands,NLD,2025-03-02 22:00:00,2025-03-02 23:00:00,0.11283
Netherlands,NLD,2025-03-02 23:00:00,2025-03-03 00:00:00,0.10828
Netherlands,NLD,2025-03-03 00:00:00,2025-03-03 01:00:00,0.10385
Netherlands,NLD,2025-03-03 01:00:00,2025-03-03 02:00:00,0.10293000000000001
Netherlands,NLD,2025-03-03 02:00:00,2025-03-03 03:00:00,0.0998
Netherlands,NLD,2025-03-03 03:00:00,2025-03-03 04:00:00,0.10346999999999999
Netherlands,NLD,2025-03-03 04:00:00,2025-03-03 05:00:00,0.11681
Netherlands,NLD,2025-03-03 05:00:00,2025-03-03 06:00:00,0.13755
Netherlands,NLD,2025-03-03 06:00:00,2025-03-03 07:00:00,0.163
Netherlands,NLD,2025-03-03 07:00:00,2025-03-03 08:00:00,0.146
Netherlands,NLD,2025-03-03 08:00:00,2025-03-03 09:00:00,0.09
Netherlands,NLD,2025-03-03 09:00:00,2025-03-03 10:00:00,0.08
Netherlands,NLD,2025-03-03 10:00:00,2025-03-03 11:00:00,0.0064
Netherlands,NLD,2025-03-03 11:00:00,2025-03-03 12:00:00,0.00033
Netherlands,NLD,2025-03-03 12:00:00,2025-03-03 13:00:00,-0.00176
Netherlands,NLD,2025-03-03 13:00:00,2025-03-03 14:00:00,0.060469999999999996
Netherlands,NLD,2025-03-03 14:00:00,2025-03-03 15:00:00,0.08347
Netherlands,NLD,2025-03-03 15:00:00,2025-03-03 16:00:00,0.10629999999999999
Netherlands,NLD,2025-03-03 16:00:00,2025-03-03 17:00:00,0.14275
Netherlands,NLD,2025-03-03 17:00:00,2025-03-03 18:00:00,0.18005000000000002
Netherlands,NLD,2025-03-03 18:00:00,2025-03-03 19:00:00,0.17582
Netherlands,NLD,2025-03-03 19:00:00,2025-03-03 20:00:00,0.15028
Netherlands,NLD,2025-03-03 20:00:00,2025-03-03 21:00:00,0.12739
Netherlands,NLD,2025-03-03 21:00:00,2025-03-03 22:00:00,0.1251
Netherlands,NLD,2025-03-03 22:00:00,2025-03-03 23:00:00,0.12279000000000001
Netherlands,NLD,2025-03-03 23:00:00,2025-03-04 00:00:00,0.12129000000000001
Netherlands,NLD,2025-03-04 00:00:00,2025-03-04 01:00:00,0.10976000000000001
Netherlands,NLD,2025-03-04 01:00:00,2025-03-04 02:00:00,0.10399
Netherlands,NLD,2025-03-04 02:00:00,2025-03-04 03:00:00,0.10495
Netherlands,NLD,2025-03-04 03:00:00,2025-03-04 04:00:00,0.10062
Netherlands,NLD,2025-03-04 04:00:00,2025-03-04 05:00:00,0.11039
Netherlands,NLD,2025-03-04 05:00:00,2025-03-04 06:00:00,0.13811
Netherlands,NLD,2025-03-04 06:00:00,2025-03-04 07:00:00,0.16962
Netherlands,NLD,2025-03-04 07:00:00,2025-03-04 08:00:00,0.14195
Netherlands,NLD,2025-03-04 08:00:00,2025-03-04 09:00:00,0.122
Netherlands,NLD,2025-03-04 09:00:00,2025-03-04 10:00:00,0.08997
Netherlands,NLD,2025-03-04 10:00:00,2025-03-04 11:00:00,0.03
Netherlands,NLD,2025-03-04 11:00:00,2025-03-04 12:00:00,-0.003
Netherlands,NLD,2025-03-04 12:00:00,2025-03-04 13:00:00,0.00404
Netherlands,NLD,2025-03-04 13:00:00,2025-03-04 14:00:00,0.05178
Netherlands,NLD,2025-03-04 14:00:00,2025-03-04 15:00:00,0.08152
Netherlands,NLD,2025-03-04 15:00:00,2025-03-04 16:00:00,0.109
Netherlands,NLD,2025-03-04 16:00:00,2025-03-04 17:00:00,0.14258
Netherlands,NLD,2025-03-04 17:00:00,2025-03-04 18:00:00,0.17393
Netherlands,NLD,2025-03-04 18:00:00,2025-03-04 19:00:00,0.16394999999999998
Netherlands,NLD,2025-03-04 19:00:00,2025-03-04 20:00:00,0.13340000000000002
Netherlands,NLD,2025-03-04 20:00:00,2025-03-04 21:00:00,0.11485
Netherlands,NLD,2025-03-04 21:00:00,2025-03-04 22:00:00,0.11429
Netherlands,NLD,2025-03-04 22:00:00,2025-03-04 23:00:00,0.10729000000000001
Netherlands,NLD,2025-03-04 23:00:00,2025-03-05 00:00:00,0.092
Netherlands,NLD,2025-03-05 00:00:00,2025-03-05 01:00:00,0.09290000000000001
Netherlands,NLD,2025-03-05 01:00:00,2025-03-05 02:00:00,0.0846
Netherlands,NLD,2025-03-05 02:00:00,2025-03-05 03:00:00,0.08031999999999999
Netherlands,NLD,2025-03-05 03:00:00,2025-03-05 04:00:00,0.08223
Netherlands,NLD,2025-03-05 04:00:00,2025-03-05 05:00:00,0.09237000000000001
Netherlands,NLD,2025-03-05 05:00:00,2025-03-05 06:00:00,0.11608
Netherlands,NLD,2025-03-05 06:00:00,2025-03-05 07:00:00,0.14049
Netherlands,NLD,2025-03-05 07:00:00,2025-03-05 08:00:00,0.14152
Netherlands,NLD,2025-03-05 08:00:00,2025-03-05 09:00:00,0.04423
Netherlands,NLD,2025-03-05 09:00:00,2025-03-05 10:00:00,-0.00624
Netherlands,NLD,2025-03-05 10:00:00,2025-03-05 11:00:00,-0.011
Netherlands,NLD,2025-03-05 11:00:00,2025-03-05 12:00:00,-0.02035
Netherlands,NLD,2025-03-05 12:00:00,2025-03-05 13:00:00,-0.00885
Netherlands,NLD,2025-03-05 13:00:00,2025-03-05 14:00:00,-0.002
Netherlands,NLD,2025-03-05 14:00:00,2025-03-05 15:00:00,0.04838
Netherlands,NLD,2025-03-05 15:00:00,2025-03-05 16:00:00,0.0861
Netherlands,NLD,2025-03-05 16:00:00,2025-03-05 17:00:00,0.12709
Netherlands,NLD,2025-03-05 17:00:00,2025-03-05 18:00:00,0.14378
Netherlands,NLD,2025-03-05 18:00:00,2025-03-05 19:00:00,0.14615999999999998
Netherlands,NLD,2025-03-05 19:00:00,2025-03-05 20:00:00,0.12231
Netherlands,NLD,2025-03-05 20:00:00,2025-03-05 21:00:00,0.10792
Netherlands,NLD,2025-03-05 21:00:00,2025-03-05 22:00:00,0.10878
Netherlands,NLD,2025-03-05 22:00:00,2025-03-05 23:00:00,0.09739
Netherlands,NLD,2025-03-05 23:00:00,2025-03-06 00:00:00,0.0841
Netherlands,NLD,2025-03-06 00:00:00,2025-03-06 01:00:00,0.08414
Netherlands,NLD,2025-03-06 01:00:00,2025-03-06 02:00:00,0.08483
Netherlands,NLD,2025-03-06 02:00:00,2025-03-06 03:00:00,0.08459
Netherlands,NLD,2025-03-06 03:00:00,2025-03-06 04:00:00,0.0901
Netherlands,NLD,2025-03-06 04:00:00,2025-03-06 05:00:00,0.09353
Netherlands,NLD,2025-03-06 05:00:00,2025-03-06 06:00:00,0.13287000000000002
Netherlands,NLD,2025-03-06 06:00:00,2025-03-06 07:00:00,0.14724
Netherlands,NLD,2025-03-06 07:00:00,2025-03-06 08:00:00,0.1085
Netherlands,NLD,2025-03-06 08:00:00,2025-03-06 09:00:00,0.07872
Netherlands,NLD,2025-03-06 09:00:00,2025-03-06 10:00:00,0.05062
Netherlands,NLD,2025-03-06 10:00:00,2025-03-06 11:00:00,0.00158
Netherlands,NLD,2025-03-06 11:00:00,2025-03-06 12:00:00,-0.00447
Netherlands,NLD,2025-03-06 12:00:00,2025-03-06 13:00:00,-0.00204
Netherlands,NLD,2025-03-06 13:00:00,2025-03-06 14:00:00,0.01316
Netherlands,NLD,2025-03-06 14:00:00,2025-03-06 15:00:00,0.06361
Netherlands,NLD,2025-03-06 15:00:00,2025-03-06 16:00:00,0.10056
Netherlands,NLD,2025-03-06 16:00:00,2025-03-06 17:00:00,0.13682
Netherlands,NLD,2025-03-06 17:00:00,2025-03-06 18:00:00,0.15572999999999998
Netherlands,NLD,2025-03-06 18:00:00,2025-03-06 19:00:00,0.13233
Netherlands,NLD,2025-03-06 19:00:00,2025-03-06 20:00:00,0.1107
Netherlands,NLD,2025-03-06 20:00:00,2025-03-06 21:00:00,0.10337
Netherlands,NLD,2025-03-06 21:00:00,2025-03-06 22:00:00,0.0964
Netherlands,NLD,2025-03-06 22:00:00,2025-03-06 23:00:00,0.086
Netherlands,NLD,2025-03-06 23:00:00,2025-03-07 00:00:00,0.08458
Netherlands,NLD,2025-03-07 00:00:00,2025-03-07 01:00:00,0.086
Netherlands,NLD,2025-03-07 01:00:00,2025-03-07 02:00:00,0.087
Netherlands,NLD,2025-03-07 02:00:00,2025-03-07 03:00:00,0.08588
Netherlands,NLD,2025-03-07 03:00:00,2025-03-07 04:00:00,0.09
Netherlands,NLD,2025-03-07 04:00:00,2025-03-07 05:00:00,0.1013
Netherlands,NLD,2025-03-07 05:00:00,2025-03-07 06:00:00,0.1072
Netherlands,NLD,2025-03-07 06:00:00,2025-03-07 07:00:00,0.13659000000000002
Netherlands,NLD,2025-03-07 07:00:00,2025-03-07 08:00:00,0.11701
Netherlands,NLD,2025-03-07 08:00:00,2025-03-07 09:00:00,0.08211
Netherlands,NLD,2025-03-07 09:00:00,2025-03-07 10:00:00,0.06337
Netherlands,NLD,2025-03-07 10:00:00,2025-03-07 11:00:00,0.03181
Netherlands,NLD,2025-03-07 11:00:00,2025-03-07 12:00:00,0.01279
Netherlands,NLD,2025-03-07 12:00:00,2025-03-07 13:00:00,0.00679
Netherlands,NLD,2025-03-07 13:00:00,2025-03-07 14:00:00,0.032920000000000005
Netherlands,NLD,2025-03-07 14:00:00,2025-03-07 15:00:00,0.06998
Netherlands,NLD,2025-03-07 15:00:00,2025-03-07 16:00:00,0.11
Netherlands,NLD,2025-03-07 16:00:00,2025-03-07 17:00:00,0.13483
Netherlands,NLD,2025-03-07 17:00:00,2025-03-07 18:00:00,0.19547
Netherlands,NLD,2025-03-07 18:00:00,2025-03-07 19:00:00,0.1658
Netherlands,NLD,2025-03-07 19:00:00,2025-03-07 20:00:00,0.13611
Netherlands,NLD,2025-03-07 20:00:00,2025-03-07 21:00:00,0.11855
Netherlands,NLD,2025-03-07 21:00:00,2025-03-07 22:00:00,0.10912000000000001
Netherlands,NLD,2025-03-07 22:00:00,2025-03-07 23:00:00,0.10242
Netherlands,NLD,2025-03-07 23:00:00,2025-03-08 00:00:00,0.11757
Netherlands,NLD,2025-03-08 00:00:00,2025-03-08 01:00:00,0.10251
Netherlands,NLD,2025-03-08 01:00:00,2025-03-08 02:00:00,0.097
Netherlands,NLD,2025-03-08 02:00:00,2025-03-08 03:00:00,0.09936
Netherlands,NLD,2025-03-08 03:00:00,2025-03-08 04:00:00,0.10071
Netherlands,NLD,2025-03-08 04:00:00,2025-03-08 05:00:00,0.10341
Netherlands,NLD,2025-03-08 05:00:00,2025-03-08 06:00:00,0.1149
Netherlands,NLD,2025-03-08 06:00:00,2025-03-08 07:00:00,0.11
Netherlands,NLD,2025-03-08 07:00:00,2025-03-08 08:00:00,0.09804
Netherlands,NLD,2025-03-08 08:00:00,2025-03-08 09:00:00,0.07254000000000001
Netherlands,NLD,2025-03-08 09:00:00,2025-03-08 10:00:00,0.01805
Netherlands,NLD,2025-03-08 10:00:00,2025-03-08 11:00:00,0.00152
Netherlands,NLD,2025-03-08 11:00:00,2025-03-08 12:00:00,-0.00366
Netherlands,NLD,2025-03-08 12:00:00,2025-03-08 13:00:00,-0.00051
Netherlands,NLD,2025-03-08 13:00:00,2025-03-08 14:00:00,7.000000000000001e-05
Netherlands,NLD,2025-03-08 14:00:00,2025-03-08 15:00:00,0.04536
Netherlands,NLD,2025-03-08 15:00:00,2025-03-08 16:00:00,0.08459
Netherlands,NLD,2025-03-08 16:00:00,2025-03-08 17:00:00,0.13041999999999998
Netherlands,NLD,2025-03-08 17:00:00,2025-03-08 18:00:00,0.1509
Netherlands,NLD,2025-03-08 18:00:00,2025-03-08 19:00:00,0.12235
Netherlands,NLD,2025-03-08 19:00:00,2025-03-08 20:00:00,0.09906000000000001
Netherlands,NLD,2025-03-08 20:00:00,2025-03-08 21:00:00,0.09018000000000001
Netherlands,NLD,2025-03-08 21:00:00,2025-03-08 22:00:00,0.08806
Netherlands,NLD,2025-03-08 22:00:00,2025-03-08 23:00:00,0.08648
Netherlands,NLD,2025-03-08 23:00:00,2025-03-09 00:00:00,0.08497
Netherlands,NLD,2025-03-09 00:00:00,2025-03-09 01:00:00,0.0868
Netherlands,NLD,2025-03-09 01:00:00,2025-03-09 02:00:00,0.0857
Netherlands,NLD,2025-03-09 02:00:00,2025-03-09 03:00:00,0.09586
Netherlands,NLD,2025-03-09 03:00:00,2025-03-09 04:00:00,0.09772
Netherlands,NLD,2025-03-09 04:00:00,2025-03-09 05:00:00,0.09985
Netherlands,NLD,2025-03-09 05:00:00,2025-03-09 06:00:00,0.1
Netherlands,NLD,2025-03-09 06:00:00,2025-03-09 07:00:00,0.08734
Netherlands,NLD,2025-03-09 07:00:00,2025-03-09 08:00:00,0.06221
Netherlands,NLD,2025-03-09 08:00:00,2025-03-09 09:00:00,0.02927
Netherlands,NLD,2025-03-09 09:00:00,2025-03-09 10:00:00,0.0101
Netherlands,NLD,2025-03-09 10:00:00,2025-03-09 11:00:00,-0.006549999999999999
Netherlands,NLD,2025-03-09 11:00:00,2025-03-09 12:00:00,-0.01277
Netherlands,NLD,2025-03-09 12:00:00,2025-03-09 13:00:00,-0.008060000000000001
Netherlands,NLD,2025-03-09 13:00:00,2025-03-09 14:00:00,-0.00221
Netherlands,NLD,2025-03-09 14:00:00,2025-03-09 15:00:00,0.01739
Netherlands,NLD,2025-03-09 15:00:00,2025-03-09 16:00:00,0.081
Netherlands,NLD,2025-03-09 16:00:00,2025-03-09 17:00:00,0.11206
Netherlands,NLD,2025-03-09 17:00:00,2025-03-09 18:00:00,0.12746
Netherlands,NLD,2025-03-09 18:00:00,2025-03-09 19:00:00,0.13463
Netherlands,NLD,2025-03-09 19:00:00,2025-03-09 20:00:00,0.12978
Netherlands,NLD,2025-03-09 20:00:00,2025-03-09 21:00:00,0.12143999999999999
Netherlands,NLD,2025-03-09 21:00:00,2025-03-09 22:00:00,0.11001000000000001
Netherlands,NLD,2025-03-09 22:00:00,2025-03-09 23:00:00,0.10364
Netherlands,NLD,2025-03-09 23:00:00,2025-03-10 00:00:00,0.09494
Netherlands,NLD,2025-03-10 00:00:00,2025-03-10 01:00:00,0.09198
Netherlands,NLD,2025-03-10 01:00:00,2025-03-10 02:00:00,0.09264
Netherlands,NLD,2025-03-10 02:00:00,2025-03-10 03:00:00,0.09256
Netherlands,NLD,2025-03-10 03:00:00,2025-03-10 04:00:00,0.08998
Netherlands,NLD,2025-03-10 04:00:00,2025-03-10 05:00:00,0.10114
Netherlands,NLD,2025-03-10 05:00:00,2025-03-10 06:00:00,0.14176
Netherlands,NLD,2025-03-10 06:00:00,2025-03-10 07:00:00,0.14992
Netherlands,NLD,2025-03-10 07:00:00,2025-03-10 08:00:00,0.13332
Netherlands,NLD,2025-03-10 08:00:00,2025-03-10 09:00:00,0.09822
Netherlands,NLD,2025-03-10 09:00:00,2025-03-10 10:00:00,0.08412
Netherlands,NLD,2025-03-10 10:00:00,2025-03-10 11:00:00,0.07787999999999999
Netherlands,NLD,2025-03-10 11:00:00,2025-03-10 12:00:00,0.07601999999999999
Netherlands,NLD,2025-03-10 12:00:00,2025-03-10 13:00:00,0.07732
Netherlands,NLD,2025-03-10 13:00:00,2025-03-10 14:00:00,0.0819
Netherlands,NLD,2025-03-10 14:00:00,2025-03-10 15:00:00,0.09054000000000001
Netherlands,NLD,2025-03-10 15:00:00,2025-03-10 16:00:00,0.10940000000000001
Netherlands,NLD,2025-03-10 16:00:00,2025-03-10 17:00:00,0.1362
Netherlands,NLD,2025-03-10 17:00:00,2025-03-10 18:00:00,0.16535
Netherlands,NLD,2025-03-10 18:00:00,2025-03-10 19:00:00,0.15688999999999997
Netherlands,NLD,2025-03-10 19:00:00,2025-03-10 20:00:00,0.1232
Netherlands,NLD,2025-03-10 20:00:00,2025-03-10 21:00:00,0.10859999999999999
Netherlands,NLD,2025-03-10 21:00:00,2025-03-10 22:00:00,0.10516
Netherlands,NLD,2025-03-10 22:00:00,2025-03-10 23:00:00,0.09631999999999999
Netherlands,NLD,2025-03-10 23:00:00,2025-03-11 00:00:00,0.10064000000000001
Netherlands,NLD,2025-03-11 00:00:00,2025-03-11 01:00:00,0.09761
Netherlands,NLD,2025-03-11 01:00:00,2025-03-11 02:00:00,0.09756000000000001
Netherlands,NLD,2025-03-11 02:00:00,2025-03-11 03:00:00,0.09743
Netherlands,NLD,2025-03-11 03:00:00,2025-03-11 04:00:00,0.09711
Netherlands,NLD,2025-03-11 04:00:00,2025-03-11 05:00:00,0.10349
Netherlands,NLD,2025-03-11 05:00:00,2025-03-11 06:00:00,0.09187999999999999
Netherlands,NLD,2025-03-11 06:00:00,2025-03-11 07:00:00,0.13902
Netherlands,NLD,2025-03-11 07:00:00,2025-03-11 08:00:00,0.13858
Netherlands,NLD,2025-03-11 08:00:00,2025-03-11 09:00:00,0.1254
Netherlands,NLD,2025-03-11 09:00:00,2025-03-11 10:00:00,0.10152
Netherlands,NLD,2025-03-11 10:00:00,2025-03-11 11:00:00,0.09623000000000001
Netherlands,NLD,2025-03-11 11:00:00,2025-03-11 12:00:00,0.09416
Netherlands,NLD,2025-03-11 12:00:00,2025-03-11 13:00:00,0.09478
Netherlands,NLD,2025-03-11 13:00:00,2025-03-11 14:00:00,0.09805
Netherlands,NLD,2025-03-11 14:00:00,2025-03-11 15:00:00,0.10649
Netherlands,NLD,2025-03-11 15:00:00,2025-03-11 16:00:00,0.11951
Netherlands,NLD,2025-03-11 16:00:00,2025-03-11 17:00:00,0.13937
Netherlands,NLD,2025-03-11 17:00:00,2025-03-11 18:00:00,0.17088
Netherlands,NLD,2025-03-11 18:00:00,2025-03-11 19:00:00,0.16967
Netherlands,NLD,2025-03-11 19:00:00,2025-03-11 20:00:00,0.14493
Netherlands,NLD,2025-03-11 20:00:00,2025-03-11 21:00:00,0.13084
Netherlands,NLD,2025-03-11 21:00:00,2025-03-11 22:00:00,0.1174
Netherlands,NLD,2025-03-11 22:00:00,2025-03-11 23:00:00,0.10683
Netherlands,NLD,2025-03-11 23:00:00,2025-03-12 00:00:00,0.10093
Netherlands,NLD,2025-03-12 00:00:00,2025-03-12 01:00:00,0.09868
Netherlands,NLD,2025-03-12 01:00:00,2025-03-12 02:00:00,0.09697
Netherlands,NLD,2025-03-12 02:00:00,2025-03-12 03:00:00,0.09536
Netherlands,NLD,2025-03-12 03:00:00,2025-03-12 04:00:00,0.09770000000000001
Netherlands,NLD,2025-03-12 04:00:00,2025-03-12 05:00:00,0.10392
Netherlands,NLD,2025-03-12 05:00:00,2025-03-12 06:00:00,0.13043000000000002
Netherlands,NLD,2025-03-12 06:00:00,2025-03-12 07:00:00,0.14201
Netherlands,NLD,2025-03-12 07:00:00,2025-03-12 08:00:00,0.1401
Netherlands,NLD,2025-03-12 08:00:00,2025-03-12 09:00:00,0.125
Netherlands,NLD,2025-03-12 09:00:00,2025-03-12 10:00:00,0.10265
Netherlands,NLD,2025-03-12 10:00:00,2025-03-12 11:00:00,0.09893
Netherlands,NLD,2025-03-12 11:00:00,2025-03-12 12:00:00,0.09774
Netherlands,NLD,2025-03-12 12:00:00,2025-03-12 13:00:00,0.09262000000000001
Netherlands,NLD,2025-03-12 13:00:00,2025-03-12 14:00:00,0.0968
Netherlands,NLD,2025-03-12 14:00:00,2025-03-12 15:00:00,0.1001
Netherlands,NLD,2025-03-12 15:00:00,2025-03-12 16:00:00,0.113
Netherlands,NLD,2025-03-12 16:00:00,2025-03-12 17:00:00,0.13806000000000002
Netherlands,NLD,2025-03-12 17:00:00,2025-03-12 18:00:00,0.18938
Netherlands,NLD,2025-03-12 18:00:00,2025-03-12 19:00:00,0.17912
Netherlands,NLD,2025-03-12 19:00:00,2025-03-12 20:00:00,0.14780000000000001
Netherlands,NLD,2025-03-12 20:00:00,2025-03-12 21:00:00,0.13219999999999998
Netherlands,NLD,2025-03-12 21:00:00,2025-03-12 22:00:00,0.12
Netherlands,NLD,2025-03-12 22:00:00,2025-03-12 23:00:00,0.10991
Netherlands,NLD,2025-03-12 23:00:00,2025-03-13 00:00:00,0.10851999999999999
Netherlands,NLD,2025-03-13 00:00:00,2025-03-13 01:00:00,0.10251
Netherlands,NLD,2025-03-13 01:00:00,2025-03-13 02:00:00,0.09959
Netherlands,NLD,2025-03-13 02:00:00,2025-03-13 03:00:00,0.09665
Netherlands,NLD,2025-03-13 03:00:00,2025-03-13 04:00:00,0.09719
Netherlands,NLD,2025-03-13 04:00:00,2025-03-13 05:00:00,0.10511
Netherlands,NLD,2025-03-13 05:00:00,2025-03-13 06:00:00,0.13127
Netherlands,NLD,2025-03-13 06:00:00,2025-03-13 07:00:00,0.15596000000000002
Netherlands,NLD,2025-03-13 07:00:00,2025-03-13 08:00:00,0.1551
Netherlands,NLD,2025-03-13 08:00:00,2025-03-13 09:00:00,0.13068000000000002
Netherlands,NLD,2025-03-13 09:00:00,2025-03-13 10:00:00,0.12040000000000001
Netherlands,NLD,2025-03-13 10:00:00,2025-03-13 11:00:00,0.103
Netherlands,NLD,2025-03-13 11:00:00,2025-03-13 12:00:00,0.09562000000000001
Netherlands,NLD,2025-03-13 12:00:00,2025-03-13 13:00:00,0.0969
Netherlands,NLD,2025-03-13 13:00:00,2025-03-13 14:00:00,0.104
Netherlands,NLD,2025-03-13 14:00:00,2025-03-13 15:00:00,0.104
Netherlands,NLD,2025-03-13 15:00:00,2025-03-13 16:00:00,0.10881
Netherlands,NLD,2025-03-13 16:00:00,2025-03-13 17:00:00,0.13819
Netherlands,NLD,2025-03-13 17:00:00,2025-03-13 18:00:00,0.16605
Netherlands,NLD,2025-03-13 18:00:00,2025-03-13 19:00:00,0.17346999999999999
Netherlands,NLD,2025-03-13 19:00:00,2025-03-13 20:00:00,0.149
Netherlands,NLD,2025-03-13 20:00:00,2025-03-13 21:00:00,0.13569
Netherlands,NLD,2025-03-13 21:00:00,2025-03-13 22:00:00,0.12348
Netherlands,NLD,2025-03-13 22:00:00,2025-03-13 23:00:00,0.11163
Netherlands,NLD,2025-03-13 23:00:00,2025-03-14 00:00:00,0.10909
Netherlands,NLD,2025-03-14 00:00:00,2025-03-14 01:00:00,0.106
Netherlands,NLD,2025-03-14 01:00:00,2025-03-14 02:00:00,0.10590000000000001
Netherlands,NLD,2025-03-14 02:00:00,2025-03-14 03:00:00,0.10382999999999999
Netherlands,NLD,2025-03-14 03:00:00,2025-03-14 04:00:00,0.10529999999999999
Netherlands,NLD,2025-03-14 04:00:00,2025-03-14 05:00:00,0.11361
Netherlands,NLD,2025-03-14 05:00:00,2025-03-14 06:00:00,0.14097
Netherlands,NLD,2025-03-14 06:00:00,2025-03-14 07:00:00,0.15502000000000002
Netherlands,NLD,2025-03-14 07:00:00,2025-03-14 08:00:00,0.15305000000000002
Netherlands,NLD,2025-03-14 08:00:00,2025-03-14 09:00:00,0.13190000000000002
Netherlands,NLD,2025-03-14 09:00:00,2025-03-14 10:00:00,0.11181
Netherlands,NLD,2025-03-14 10:00:00,2025-03-14 11:00:00,0.1012
Netherlands,NLD,2025-03-14 11:00:00,2025-03-14 12:00:00,0.09864
Netherlands,NLD,2025-03-14 12:00:00,2025-03-14 13:00:00,0.1
Netherlands,NLD,2025-03-14 13:00:00,2025-03-14 14:00:00,0.09112
Netherlands,NLD,2025-03-14 14:00:00,2025-03-14 15:00:00,0.1065
Netherlands,NLD,2025-03-14 15:00:00,2025-03-14 16:00:00,0.1156
Netherlands,NLD,2025-03-14 16:00:00,2025-03-14 17:00:00,0.13374
Netherlands,NLD,2025-03-14 17:00:00,2025-03-14 18:00:00,0.14569
Netherlands,NLD,2025-03-14 18:00:00,2025-03-14 19:00:00,0.15084999999999998
Netherlands,NLD,2025-03-14 19:00:00,2025-03-14 20:00:00,0.13001
Netherlands,NLD,2025-03-14 20:00:00,2025-03-14 21:00:00,0.11139
Netherlands,NLD,2025-03-14 21:00:00,2025-03-14 22:00:00,0.114
Netherlands,NLD,2025-03-14 22:00:00,2025-03-14 23:00:00,0.10517
Netherlands,NLD,2025-03-14 23:00:00,2025-03-15 00:00:00,0.11215
Netherlands,NLD,2025-03-15 00:00:00,2025-03-15 01:00:00,0.10314
Netherlands,NLD,2025-03-15 01:00:00,2025-03-15 02:00:00,0.096
Netherlands,NLD,2025-03-15 02:00:00,2025-03-15 03:00:00,0.08990000000000001
Netherlands,NLD,2025-03-15 03:00:00,2025-03-15 04:00:00,0.0869
Netherlands,NLD,2025-03-15 04:00:00,2025-03-15 05:00:00,0.09054999999999999
Netherlands,NLD,2025-03-15 05:00:00,2025-03-15 06:00:00,0.09701
Netherlands,NLD,2025-03-15 06:00:00,2025-03-15 07:00:00,0.09942000000000001
Netherlands,NLD,2025-03-15 07:00:00,2025-03-15 08:00:00,0.09874
Netherlands,NLD,2025-03-15 08:00:00,2025-03-15 09:00:00,0.08636
Netherlands,NLD,2025-03-15 09:00:00,2025-03-15 10:00:00,0.07248
Netherlands,NLD,2025-03-15 10:00:00,2025-03-15 11:00:00,0.06673
Netherlands,NLD,2025-03-15 11:00:00,2025-03-15 12:00:00,0.05722
Netherlands,NLD,2025-03-15 12:00:00,2025-03-15 13:00:00,0.048
Netherlands,NLD,2025-03-15 13:00:00,2025-03-15 14:00:00,0.054509999999999996
Netherlands,NLD,2025-03-15 14:00:00,2025-03-15 15:00:00,0.06462999999999999
Netherlands,NLD,2025-03-15 15:00:00,2025-03-15 16:00:00,0.07976000000000001
Netherlands,NLD,2025-03-15 16:00:00,2025-03-15 17:00:00,0.11565
Netherlands,NLD,2025-03-15 17:00:00,2025-03-15 18:00:00,0.12748
Netherlands,NLD,2025-03-15 18:00:00,2025-03-15 19:00:00,0.13296
Netherlands,NLD,2025-03-15 19:00:00,2025-03-15 20:00:00,0.12146
Netherlands,NLD,2025-03-15 20:00:00,2025-03-15 21:00:00,0.1085
Netherlands,NLD,2025-03-15 21:00:00,2025-03-15 22:00:00,0.10502
Netherlands,NLD,2025-03-15 22:00:00,2025-03-15 23:00:00,0.09525
Netherlands,NLD,2025-03-15 23:00:00,2025-03-16 00:00:00,0.09001
Netherlands,NLD,2025-03-16 00:00:00,2025-03-16 01:00:00,0.08579
Netherlands,NLD,2025-03-16 01:00:00,2025-03-16 02:00:00,0.07962000000000001
Netherlands,NLD,2025-03-16 02:00:00,2025-03-16 03:00:00,0.07818000000000001
Netherlands,NLD,2025-03-16 03:00:00,2025-03-16 04:00:00,0.07859999999999999
Netherlands,NLD,2025-03-16 04:00:00,2025-03-16 05:00:00,0.08051
Netherlands,NLD,2025-03-16 05:00:00,2025-03-16 06:00:00,0.08514000000000001
Netherlands,NLD,2025-03-16 06:00:00,2025-03-16 07:00:00,0.08206999999999999
Netherlands,NLD,2025-03-16 07:00:00,2025-03-16 08:00:00,0.07795
Netherlands,NLD,2025-03-16 08:00:00,2025-03-16 09:00:00,0.0574
Netherlands,NLD,2025-03-16 09:00:00,2025-03-16 10:00:00,0.02419
Netherlands,NLD,2025-03-16 10:00:00,2025-03-16 11:00:00,-0.0007700000000000001
Netherlands,NLD,2025-03-16 11:00:00,2025-03-16 12:00:00,-0.01001
Netherlands,NLD,2025-03-16 12:00:00,2025-03-16 13:00:00,-0.00316
Netherlands,NLD,2025-03-16 13:00:00,2025-03-16 14:00:00,0.0007
Netherlands,NLD,2025-03-16 14:00:00,2025-03-16 15:00:00,0.031
Netherlands,NLD,2025-03-16 15:00:00,2025-03-16 16:00:00,0.0702
Netherlands,NLD,2025-03-16 16:00:00,2025-03-16 17:00:00,0.11170000000000001
Netherlands,NLD,2025-03-16 17:00:00,2025-03-16 18:00:00,0.12727
Netherlands,NLD,2025-03-16 18:00:00,2025-03-16 19:00:00,0.14
Netherlands,NLD,2025-03-16 19:00:00,2025-03-16 20:00:00,0.118
Netherlands,NLD,2025-03-16 20:00:00,2025-03-16 21:00:00,0.0999
Netherlands,NLD,2025-03-16 21:00:00,2025-03-16 22:00:00,0.092
Netherlands,NLD,2025-03-16 22:00:00,2025-03-16 23:00:00,0.08070000000000001
Netherlands,NLD,2025-03-16 23:00:00,2025-03-17 00:00:00,0.1046
Netherlands,NLD,2025-03-17 00:00:00,2025-03-17 01:00:00,0.10679999999999999
Netherlands,NLD,2025-03-17 01:00:00,2025-03-17 02:00:00,0.09673999999999999
Netherlands,NLD,2025-03-17 02:00:00,2025-03-17 03:00:00,0.08091
Netherlands,NLD,2025-03-17 03:00:00,2025-03-17 04:00:00,0.08585
Netherlands,NLD,2025-03-17 04:00:00,2025-03-17 05:00:00,0.1033
Netherlands,NLD,2025-03-17 05:00:00,2025-03-17 06:00:00,0.13518
Netherlands,NLD,2025-03-17 06:00:00,2025-03-17 07:00:00,0.15287
Netherlands,NLD,2025-03-17 07:00:00,2025-03-17 08:00:00,0.12656
Netherlands,NLD,2025-03-17 08:00:00,2025-03-17 09:00:00,0.08712
Netherlands,NLD,2025-03-17 09:00:00,2025-03-17 10:00:00,0.05421
Netherlands,NLD,2025-03-17 10:00:00,2025-03-17 11:00:00,0.03
Netherlands,NLD,2025-03-17 11:00:00,2025-03-17 12:00:00,-0.002
Netherlands,NLD,2025-03-17 12:00:00,2025-03-17 13:00:00,-0.002
Netherlands,NLD,2025-03-17 13:00:00,2025-03-17 14:00:00,0.05
Netherlands,NLD,2025-03-17 14:00:00,2025-03-17 15:00:00,0.06712
Netherlands,NLD,2025-03-17 15:00:00,2025-03-17 16:00:00,0.09392
Netherlands,NLD,2025-03-17 16:00:00,2025-03-17 17:00:00,0.12787
Netherlands,NLD,2025-03-17 17:00:00,2025-03-17 18:00:00,0.15665
Netherlands,NLD,2025-03-17 18:00:00,2025-03-17 19:00:00,0.17
Netherlands,NLD,2025-03-17 19:00:00,2025-03-17 20:00:00,0.1415
Netherlands,NLD,2025-03-17 20:00:00,2025-03-17 21:00:00,0.11353
Netherlands,NLD,2025-03-17 21:00:00,2025-03-17 22:00:00,0.10645
Netherlands,NLD,2025-03-17 22:00:00,2025-03-17 23:00:00,0.0935
Netherlands,NLD,2025-03-17 23:00:00,2025-03-18 00:00:00,0.0922
Netherlands,NLD,2025-03-18 00:00:00,2025-03-18 01:00:00,0.08999
Netherlands,NLD,2025-03-18 01:00:00,2025-03-18 02:00:00,0.09140000000000001
Netherlands,NLD,2025-03-18 02:00:00,2025-03-18 03:00:00,0.08723
Netherlands,NLD,2025-03-18 03:00:00,2025-03-18 04:00:00,0.09124
Netherlands,NLD,2025-03-18 04:00:00,2025-03-18 05:00:00,0.10373
Netherlands,NLD,2025-03-18 05:00:00,2025-03-18 06:00:00,0.13252
Netherlands,NLD,2025-03-18 06:00:00,2025-03-18 07:00:00,0.13668
Netherlands,NLD,2025-03-18 07:00:00,2025-03-18 08:00:00,0.10601000000000001
Netherlands,NLD,2025-03-18 08:00:00,2025-03-18 09:00:00,0.07153
Netherlands,NLD,2025-03-18 09:00:00,2025-03-18 10:00:00,0.02123
Netherlands,NLD,2025-03-18 10:00:00,2025-03-18 11:00:00,-0.00513
Netherlands,NLD,2025-03-18 11:00:00,2025-03-18 12:00:00,-0.01168
Netherlands,NLD,2025-03-18 12:00:00,2025-03-18 13:00:00,-0.00261
Netherlands,NLD,2025-03-18 13:00:00,2025-03-18 14:00:00,0.00529
Netherlands,NLD,2025-03-18 14:00:00,2025-03-18 15:00:00,0.04323
Netherlands,NLD,2025-03-18 15:00:00,2025-03-18 16:00:00,0.08270999999999999
Netherlands,NLD,2025-03-18 16:00:00,2025-03-18 17:00:00,0.12428
Netherlands,NLD,2025-03-18 17:00:00,2025-03-18 18:00:00,0.14997
Netherlands,NLD,2025-03-18 18:00:00,2025-03-18 19:00:00,0.15972999999999998
Netherlands,NLD,2025-03-18 19:00:00,2025-03-18 20:00:00,0.14149
Netherlands,NLD,2025-03-18 20:00:00,2025-03-18 21:00:00,0.11767
Netherlands,NLD,2025-03-18 21:00:00,2025-03-18 22:00:00,0.10737000000000001
Netherlands,NLD,2025-03-18 22:00:00,2025-03-18 23:00:00,0.10042
Netherlands,NLD,2025-03-18 23:00:00,2025-03-19 00:00:00,0.09868
Netherlands,NLD,2025-03-19 00:00:00,2025-03-19 01:00:00,0.09437000000000001
Netherlands,NLD,2025-03-19 01:00:00,2025-03-19 02:00:00,0.09490000000000001
Netherlands,NLD,2025-03-19 02:00:00,2025-03-19 03:00:00,0.09609999999999999
Netherlands,NLD,2025-03-19 03:00:00,2025-03-19 04:00:00,0.09968
Netherlands,NLD,2025-03-19 04:00:00,2025-03-19 05:00:00,0.10987000000000001
Netherlands,NLD,2025-03-19 05:00:00,2025-03-19 06:00:00,0.14537
Netherlands,NLD,2025-03-19 06:00:00,2025-03-19 07:00:00,0.14621
Netherlands,NLD,2025-03-19 07:00:00,2025-03-19 08:00:00,0.10814
Netherlands,NLD,2025-03-19 08:00:00,2025-03-19 09:00:00,0.07595
Netherlands,NLD,2025-03-19 09:00:00,2025-03-19 10:00:00,0.02587
Netherlands,NLD,2025-03-19 10:00:00,2025-03-19 11:00:00,2.9999999999999997e-05
Netherlands,NLD,2025-03-19 11:00:00,2025-03-19 12:00:00,-0.00064
Netherlands,NLD,2025-03-19 12:00:00,2025-03-19 13:00:00,-0.00017999999999999998
Netherlands,NLD,2025-03-19 13:00:00,2025-03-19 14:00:00,0.00111
Netherlands,NLD,2025-03-19 14:00:00,2025-03-19 15:00:00,0.05982
Netherlands,NLD,2025-03-19 15:00:00,2025-03-19 16:00:00,0.09929
Netherlands,NLD,2025-03-19 16:00:00,2025-03-19 17:00:00,0.13697
Netherlands,NLD,2025-03-19 17:00:00,2025-03-19 18:00:00,0.22581
Netherlands,NLD,2025-03-19 18:00:00,2025-03-19 19:00:00,0.20983000000000002
Netherlands,NLD,2025-03-19 19:00:00,2025-03-19 20:00:00,0.16440000000000002
Netherlands,NLD,2025-03-19 20:00:00,2025-03-19 21:00:00,0.12946000000000002
Netherlands,NLD,2025-03-19 21:00:00,2025-03-19 22:00:00,0.11739
Netherlands,NLD,2025-03-19 22:00:00,2025-03-19 23:00:00,0.10643999999999999
Netherlands,NLD,2025-03-19 23:00:00,2025-03-20 00:00:00,0.10873999999999999
Netherlands,NLD,2025-03-20 00:00:00,2025-03-20 01:00:00,0.09511
Netherlands,NLD,2025-03-20 01:00:00,2025-03-20 02:00:00,0.09369
Netherlands,NLD,2025-03-20 02:00:00,2025-03-20 03:00:00,0.093
Netherlands,NLD,2025-03-20 03:00:00,2025-03-20 04:00:00,0.09137
Netherlands,NLD,2025-03-20 04:00:00,2025-03-20 05:00:00,0.109
Netherlands,NLD,2025-03-20 05:00:00,2025-03-20 06:00:00,0.13224
Netherlands,NLD,2025-03-20 06:00:00,2025-03-20 07:00:00,0.13515
Netherlands,NLD,2025-03-20 07:00:00,2025-03-20 08:00:00,0.09906000000000001
Netherlands,NLD,2025-03-20 08:00:00,2025-03-20 09:00:00,0.075
Netherlands,NLD,2025-03-20 09:00:00,2025-03-20 10:00:00,0.03497
Netherlands,NLD,2025-03-20 10:00:00,2025-03-20 11:00:00,0.00342
Netherlands,NLD,2025-03-20 11:00:00,2025-03-20 12:00:00,0.00043
Netherlands,NLD,2025-03-20 12:00:00,2025-03-20 13:00:00,0.00065
Netherlands,NLD,2025-03-20 13:00:00,2025-03-20 14:00:00,0.01456
Netherlands,NLD,2025-03-20 14:00:00,2025-03-20 15:00:00,0.06825
Netherlands,NLD,2025-03-20 15:00:00,2025-03-20 16:00:00,0.10479999999999999
Netherlands,NLD,2025-03-20 16:00:00,2025-03-20 17:00:00,0.13813
Netherlands,NLD,2025-03-20 17:00:00,2025-03-20 18:00:00,0.24689
Netherlands,NLD,2025-03-20 18:00:00,2025-03-20 19:00:00,0.23035
Netherlands,NLD,2025-03-20 19:00:00,2025-03-20 20:00:00,0.15339
Netherlands,NLD,2025-03-20 20:00:00,2025-03-20 21:00:00,0.12607
Netherlands,NLD,2025-03-20 21:00:00,2025-03-20 22:00:00,0.11070999999999999
Netherlands,NLD,2025-03-20 22:00:00,2025-03-20 23:00:00,0.10664
Netherlands,NLD,2025-03-20 23:00:00,2025-03-21 00:00:00,0.10801000000000001
Netherlands,NLD,2025-03-21 00:00:00,2025-03-21 01:00:00,0.1001
Netherlands,NLD,2025-03-21 01:00:00,2025-03-21 02:00:00,0.0975
Netherlands,NLD,2025-03-21 02:00:00,2025-03-21 03:00:00,0.09337999999999999
Netherlands,NLD,2025-03-21 03:00:00,2025-03-21 04:00:00,0.09028
Netherlands,NLD,2025-03-21 04:00:00,2025-03-21 05:00:00,0.10449
Netherlands,NLD,2025-03-21 05:00:00,2025-03-21 06:00:00,0.12565
Netherlands,NLD,2025-03-21 06:00:00,2025-03-21 07:00:00,0.13212000000000002
Netherlands,NLD,2025-03-21 07:00:00,2025-03-21 08:00:00,0.09920999999999999
Netherlands,NLD,2025-03-21 08:00:00,2025-03-21 09:00:00,0.0688
Netherlands,NLD,2025-03-21 09:00:00,2025-03-21 10:00:00,0.040490000000000005
Netherlands,NLD,2025-03-21 10:00:00,2025-03-21 11:00:00,0.0064
Netherlands,NLD,2025-03-21 11:00:00,2025-03-21 12:00:00,-0.002
Netherlands,NLD,2025-03-21 12:00:00,2025-03-21 13:00:00,-0.002
Netherlands,NLD,2025-03-21 13:00:00,2025-03-21 14:00:00,-0.002
Netherlands,NLD,2025-03-21 14:00:00,2025-03-21 15:00:00,-0.00159
Netherlands,NLD,2025-03-21 15:00:00,2025-03-21 16:00:00,0.04293
Netherlands,NLD,2025-03-21 16:00:00,2025-03-21 17:00:00,0.08973
Netherlands,NLD,2025-03-21 17:00:00,2025-03-21 18:00:00,0.1115
Netherlands,NLD,2025-03-21 18:00:00,2025-03-21 19:00:00,0.082
Netherlands,NLD,2025-03-21 19:00:00,2025-03-21 20:00:00,0.06842000000000001
Netherlands,NLD,2025-03-21 20:00:00,2025-03-21 21:00:00,0.045689999999999995
Netherlands,NLD,2025-03-21 21:00:00,2025-03-21 22:00:00,0.02923
Netherlands,NLD,2025-03-21 22:00:00,2025-03-21 23:00:00,0.021079999999999998
Netherlands,NLD,2025-03-21 23:00:00,2025-03-22 00:00:00,0.02693
Netherlands,NLD,2025-03-22 00:00:00,2025-03-22 01:00:00,0.013869999999999999
Netherlands,NLD,2025-03-22 01:00:00,2025-03-22 02:00:00,0.01071
Netherlands,NLD,2025-03-22 02:00:00,2025-03-22 03:00:00,0.008400000000000001
Netherlands,NLD,2025-03-22 03:00:00,2025-03-22 04:00:00,0.01117
Netherlands,NLD,2025-03-22 04:00:00,2025-03-22 05:00:00,0.013529999999999999
Netherlands,NLD,2025-03-22 05:00:00,2025-03-22 06:00:00,0.01307
Netherlands,NLD,2025-03-22 06:00:00,2025-03-22 07:00:00,0.01988
Netherlands,NLD,2025-03-22 07:00:00,2025-03-22 08:00:00,0.00311
Netherlands,NLD,2025-03-22 08:00:00,2025-03-22 09:00:00,0.0
Netherlands,NLD,2025-03-22 09:00:00,2025-03-22 10:00:00,-0.002
Netherlands,NLD,2025-03-22 10:00:00,2025-03-22 11:00:00,-0.006
Netherlands,NLD,2025-03-22 11:00:00,2025-03-22 12:00:00,-0.01684
Netherlands,NLD,2025-03-22 12:00:00,2025-03-22 13:00:00,-0.012
Netherlands,NLD,2025-03-22 13:00:00,2025-03-22 14:00:00,-0.00679
Netherlands,NLD,2025-03-22 14:00:00,2025-03-22 15:00:00,-0.00151
Netherlands,NLD,2025-03-22 15:00:00,2025-03-22 16:00:00,0.04
Netherlands,NLD,2025-03-22 16:00:00,2025-03-22 17:00:00,0.12675
Netherlands,NLD,2025-03-22 17:00:00,2025-03-22 18:00:00,0.154
Netherlands,NLD,2025-03-22 18:00:00,2025-03-22 19:00:00,0.156
Netherlands,NLD,2025-03-22 19:00:00,2025-03-22 20:00:00,0.1083
Netherlands,NLD,2025-03-22 20:00:00,2025-03-22 21:00:00,0.0999
Netherlands,NLD,2025-03-22 21:00:00,2025-03-22 22:00:00,0.1001
Netherlands,NLD,2025-03-22 22:00:00,2025-03-22 23:00:00,0.098
Netherlands,NLD,2025-03-22 23:00:00,2025-03-23 00:00:00,0.091
Netherlands,NLD,2025-03-23 00:00:00,2025-03-23 01:00:00,0.08
Netherlands,NLD,2025-03-23 01:00:00,2025-03-23 02:00:00,0.09
Netherlands,NLD,2025-03-23 02:00:00,2025-03-23 03:00:00,0.09281
Netherlands,NLD,2025-03-23 03:00:00,2025-03-23 04:00:00,0.09279000000000001
Netherlands,NLD,2025-03-23 04:00:00,2025-03-23 05:00:00,0.09
Netherlands,NLD,2025-03-23 05:00:00,2025-03-23 06:00:00,0.094
Netherlands,NLD,2025-03-23 06:00:00,2025-03-23 07:00:00,0.10191
Netherlands,NLD,2025-03-23 07:00:00,2025-03-23 08:00:00,0.07973000000000001
Netherlands,NLD,2025-03-23 08:00:00,2025-03-23 09:00:00,0.02314
Netherlands,NLD,2025-03-23 09:00:00,2025-03-23 10:00:00,0.013779999999999999
Netherlands,NLD,2025-03-23 10:00:00,2025-03-23 11:00:00,0.0096
Netherlands,NLD,2025-03-23 11:00:00,2025-03-23 12:00:00,0.01349
Netherlands,NLD,2025-03-23 12:00:00,2025-03-23 13:00:00,0.00501
Netherlands,NLD,2025-03-23 13:00:00,2025-03-23 14:00:00,0.011460000000000001
Netherlands,NLD,2025-03-23 14:00:00,2025-03-23 15:00:00,0.04177
Netherlands,NLD,2025-03-23 15:00:00,2025-03-23 16:00:00,0.09351999999999999
Netherlands,NLD,2025-03-23 16:00:00,2025-03-23 17:00:00,0.11708
Netherlands,NLD,2025-03-23 17:00:00,2025-03-23 18:00:00,0.14
Netherlands,NLD,2025-03-23 18:00:00,2025-03-23 19:00:00,0.14096
Netherlands,NLD,2025-03-23 19:00:00,2025-03-23 20:00:00,0.1397
Netherlands,NLD,2025-03-23 20:00:00,2025-03-23 21:00:00,0.12812
Netherlands,NLD,2025-03-23 21:00:00,2025-03-23 22:00:00,0.12351999999999999
Netherlands,NLD,2025-03-23 22:00:00,2025-03-23 23:00:00,0.11424
Netherlands,NLD,2025-03-23 23:00:00,2025-03-24 00:00:00,0.1085
Netherlands,NLD,2025-03-24 00:00:00,2025-03-24 01:00:00,0.10281
Netherlands,NLD,2025-03-24 01:00:00,2025-03-24 02:00:00,0.09911
Netherlands,NLD,2025-03-24 02:00:00,2025-03-24 03:00:00,0.0963
Netherlands,NLD,2025-03-24 03:00:00,2025-03-24 04:00:00,0.09864
Netherlands,NLD,2025-03-24 04:00:00,2025-03-24 05:00:00,0.1149
Netherlands,NLD,2025-03-24 05:00:00,2025-03-24 06:00:00,0.13741
Netherlands,NLD,2025-03-24 06:00:00,2025-03-24 07:00:00,0.16162
Netherlands,NLD,2025-03-24 07:00:00,2025-03-24 08:00:00,0.15909
Netherlands,NLD,2025-03-24 08:00:00,2025-03-24 09:00:00,0.13284
Netherlands,NLD,2025-03-24 09:00:00,2025-03-24 10:00:00,0.11025
Netherlands,NLD,2025-03-24 10:00:00,2025-03-24 11:00:00,0.10116
Netherlands,NLD,2025-03-24 11:00:00,2025-03-24 12:00:00,0.09443
Netherlands,NLD,2025-03-24 12:00:00,2025-03-24 13:00:00,0.0915
Netherlands,NLD,2025-03-24 13:00:00,2025-03-24 14:00:00,0.09290999999999999
Netherlands,NLD,2025-03-24 14:00:00,2025-03-24 15:00:00,0.09959
Netherlands,NLD,2025-03-24 15:00:00,2025-03-24 16:00:00,0.11991
Netherlands,NLD,2025-03-24 16:00:00,2025-03-24 17:00:00,0.14643
Netherlands,NLD,2025-03-24 17:00:00,2025-03-24 18:00:00,0.20061
Netherlands,NLD,2025-03-24 18:00:00,2025-03-24 19:00:00,0.19085
Netherlands,NLD,2025-03-24 19:00:00,2025-03-24 20:00:00,0.1613
Netherlands,NLD,2025-03-24 20:00:00,2025-03-24 21:00:00,0.13578
Netherlands,NLD,2025-03-24 21:00:00,2025-03-24 22:00:00,0.12296
Netherlands,NLD,2025-03-24 22:00:00,2025-03-24 23:00:00,0.1133
Netherlands,NLD,2025-03-24 23:00:00,2025-03-25 00:00:00,0.10062
Netherlands,NLD,2025-03-25 00:00:00,2025-03-25 01:00:00,0.099
Netherlands,NLD,2025-03-25 01:00:00,2025-03-25 02:00:00,0.09715
Netherlands,NLD,2025-03-25 02:00:00,2025-03-25 03:00:00,0.0964
Netherlands,NLD,2025-03-25 03:00:00,2025-03-25 04:00:00,0.09564
Netherlands,NLD,2025-03-25 04:00:00,2025-03-25 05:00:00,0.1016
Netherlands,NLD,2025-03-25 05:00:00,2025-03-25 06:00:00,0.12785
Netherlands,NLD,2025-03-25 06:00:00,2025-03-25 07:00:00,0.1391
Netherlands,NLD,2025-03-25 07:00:00,2025-03-25 08:00:00,0.13006
Netherlands,NLD,2025-03-25 08:00:00,2025-03-25 09:00:00,0.10604000000000001
Netherlands,NLD,2025-03-25 09:00:00,2025-03-25 10:00:00,0.09065000000000001
Netherlands,NLD,2025-03-25 10:00:00,2025-03-25 11:00:00,0.07819
Netherlands,NLD,2025-03-25 11:00:00,2025-03-25 12:00:00,0.06861
Netherlands,NLD,2025-03-25 12:00:00,2025-03-25 13:00:00,0.06829
Netherlands,NLD,2025-03-25 13:00:00,2025-03-25 14:00:00,0.07743000000000001
Netherlands,NLD,2025-03-25 14:00:00,2025-03-25 15:00:00,0.08882
Netherlands,NLD,2025-03-25 15:00:00,2025-03-25 16:00:00,0.10189
Netherlands,NLD,2025-03-25 16:00:00,2025-03-25 17:00:00,0.13097999999999999
Netherlands,NLD,2025-03-25 17:00:00,2025-03-25 18:00:00,0.15456
Netherlands,NLD,2025-03-25 18:00:00,2025-03-25 19:00:00,0.16540000000000002
Netherlands,NLD,2025-03-25 19:00:00,2025-03-25 20:00:00,0.14859999999999998
Netherlands,NLD,2025-03-25 20:00:00,2025-03-25 21:00:00,0.1225
Netherlands,NLD,2025-03-25 21:00:00,2025-03-25 22:00:00,0.11345000000000001
Netherlands,NLD,2025-03-25 22:00:00,2025-03-25 23:00:00,0.10205
Netherlands,NLD,2025-03-25 23:00:00,2025-03-26 00:00:00,0.10102
Netherlands,NLD,2025-03-26 00:00:00,2025-03-26 01:00:00,0.09795000000000001
Netherlands,NLD,2025-03-26 01:00:00,2025-03-26 02:00:00,0.09734000000000001
Netherlands,NLD,2025-03-26 02:00:00,2025-03-26 03:00:00,0.09739
Netherlands,NLD,2025-03-26 03:00:00,2025-03-26 04:00:00,0.09572
Netherlands,NLD,2025-03-26 04:00:00,2025-03-26 05:00:00,0.09697
Netherlands,NLD,2025-03-26 05:00:00,2025-03-26 06:00:00,0.12447
Netherlands,NLD,2025-03-26 06:00:00,2025-03-26 07:00:00,0.13946
Netherlands,NLD,2025-03-26 07:00:00,2025-03-26 08:00:00,0.13644
Netherlands,NLD,2025-03-26 08:00:00,2025-03-26 09:00:00,0.11103
Netherlands,NLD,2025-03-26 09:00:00,2025-03-26 10:00:00,0.09899
Netherlands,NLD,2025-03-26 10:00:00,2025-03-26 11:00:00,0.09512999999999999
Netherlands,NLD,2025-03-26 11:00:00,2025-03-26 12:00:00,0.09417
Netherlands,NLD,2025-03-26 12:00:00,2025-03-26 13:00:00,0.08356999999999999
Netherlands,NLD,2025-03-26 13:00:00,2025-03-26 14:00:00,0.088
Netherlands,NLD,2025-03-26 14:00:00,2025-03-26 15:00:00,0.09117
Netherlands,NLD,2025-03-26 15:00:00,2025-03-26 16:00:00,0.09905
Netherlands,NLD,2025-03-26 16:00:00,2025-03-26 17:00:00,0.12963
Netherlands,NLD,2025-03-26 17:00:00,2025-03-26 18:00:00,0.15732
Netherlands,NLD,2025-03-26 18:00:00,2025-03-26 19:00:00,0.16756000000000001
Netherlands,NLD,2025-03-26 19:00:00,2025-03-26 20:00:00,0.15
Netherlands,NLD,2025-03-26 20:00:00,2025-03-26 21:00:00,0.12633
Netherlands,NLD,2025-03-26 21:00:00,2025-03-26 22:00:00,0.11748
Netherlands,NLD,2025-03-26 22:00:00,2025-03-26 23:00:00,0.10689
Netherlands,NLD,2025-03-26 23:00:00,2025-03-27 00:00:00,0.10391
Netherlands,NLD,2025-03-27 00:00:00,2025-03-27 01:00:00,0.09739
Netherlands,NLD,2025-03-27 01:00:00,2025-03-27 02:00:00,0.09661
Netherlands,NLD,2025-03-27 02:00:00,2025-03-27 03:00:00,0.09584000000000001
Netherlands,NLD,2025-03-27 03:00:00,2025-03-27 04:00:00,0.09215999999999999
Netherlands,NLD,2025-03-27 04:00:00,2025-03-27 05:00:00,0.10201
Netherlands,NLD,2025-03-27 05:00:00,2025-03-27 06:00:00,0.12505
Netherlands,NLD,2025-03-27 06:00:00,2025-03-27 07:00:00,0.13779
Netherlands,NLD,2025-03-27 07:00:00,2025-03-27 08:00:00,0.1235
Netherlands,NLD,2025-03-27 08:00:00,2025-03-27 09:00:00,0.08992
Netherlands,NLD,2025-03-27 09:00:00,2025-03-27 10:00:00,0.07078
Netherlands,NLD,2025-03-27 10:00:00,2025-03-27 11:00:00,0.044899999999999995
Netherlands,NLD,2025-03-27 11:00:00,2025-03-27 12:00:00,0.012
Netherlands,NLD,2025-03-27 12:00:00,2025-03-27 13:00:00,0.00412
Netherlands,NLD,2025-03-27 13:00:00,2025-03-27 14:00:00,0.02903
Netherlands,NLD,2025-03-27 14:00:00,2025-03-27 15:00:00,0.0688
Netherlands,NLD,2025-03-27 15:00:00,2025-03-27 16:00:00,0.08708
Netherlands,NLD,2025-03-27 16:00:00,2025-03-27 17:00:00,0.11662
Netherlands,NLD,2025-03-27 17:00:00,2025-03-27 18:00:00,0.15106999999999998
Netherlands,NLD,2025-03-27 18:00:00,2025-03-27 19:00:00,0.16744
Netherlands,NLD,2025-03-27 19:00:00,2025-03-27 20:00:00,0.14071
Netherlands,NLD,2025-03-27 20:00:00,2025-03-27 21:00:00,0.12273999999999999
Netherlands,NLD,2025-03-27 21:00:00,2025-03-27 22:00:00,0.11159999999999999
Netherlands,NLD,2025-03-27 22:00:00,2025-03-27 23:00:00,0.09958
Netherlands,NLD,2025-03-27 23:00:00,2025-03-28 00:00:00,0.08521
Netherlands,NLD,2025-03-28 00:00:00,2025-03-28 01:00:00,0.07905
Netherlands,NLD,2025-03-28 01:00:00,2025-03-28 02:00:00,0.07898999999999999
Netherlands,NLD,2025-03-28 02:00:00,2025-03-28 03:00:00,0.07789
Netherlands,NLD,2025-03-28 03:00:00,2025-03-28 04:00:00,0.07847
Netherlands,NLD,2025-03-28 04:00:00,2025-03-28 05:00:00,0.09234
Netherlands,NLD,2025-03-28 05:00:00,2025-03-28 06:00:00,0.12279999999999999
Netherlands,NLD,2025-03-28 06:00:00,2025-03-28 07:00:00,0.1222
Netherlands,NLD,2025-03-28 07:00:00,2025-03-28 08:00:00,0.10208
Netherlands,NLD,2025-03-28 08:00:00,2025-03-28 09:00:00,0.0716
Netherlands,NLD,2025-03-28 09:00:00,2025-03-28 10:00:00,0.02047
Netherlands,NLD,2025-03-28 10:00:00,2025-03-28 11:00:00,-0.002
Netherlands,NLD,2025-03-28 11:00:00,2025-03-28 12:00:00,-0.002
Netherlands,NLD,2025-03-28 12:00:00,2025-03-28 13:00:00,-2.9999999999999997e-05
Netherlands,NLD,2025-03-28 13:00:00,2025-03-28 14:00:00,0.01343
Netherlands,NLD,2025-03-28 14:00:00,2025-03-28 15:00:00,0.06641
Netherlands,NLD,2025-03-28 15:00:00,2025-03-28 16:00:00,0.09985
Netherlands,NLD,2025-03-28 16:00:00,2025-03-28 17:00:00,0.12084
Netherlands,NLD,2025-03-28 17:00:00,2025-03-28 18:00:00,0.15359
Netherlands,NLD,2025-03-28 18:00:00,2025-03-28 19:00:00,0.15828
Netherlands,NLD,2025-03-28 19:00:00,2025-03-28 20:00:00,0.14318
Netherlands,NLD,2025-03-28 20:00:00,2025-03-28 21:00:00,0.1186
Netherlands,NLD,2025-03-28 21:00:00,2025-03-28 22:00:00,0.1125
Netherlands,NLD,2025-03-28 22:00:00,2025-03-28 23:00:00,0.10734
Netherlands,NLD,2025-03-28 23:00:00,2025-03-29 00:00:00,0.10432
Netherlands,NLD,2025-03-29 00:00:00,2025-03-29 01:00:00,0.09617
Netherlands,NLD,2025-03-29 01:00:00,2025-03-29 02:00:00,0.0891
Netherlands,NLD,2025-03-29 02:00:00,2025-03-29 03:00:00,0.08804000000000001
Netherlands,NLD,2025-03-29 03:00:00,2025-03-29 04:00:00,0.08927
Netherlands,NLD,2025-03-29 04:00:00,2025-03-29 05:00:00,0.08707
Netherlands,NLD,2025-03-29 05:00:00,2025-03-29 06:00:00,0.091
Netherlands,NLD,2025-03-29 06:00:00,2025-03-29 07:00:00,0.09293000000000001
Netherlands,NLD,2025-03-29 07:00:00,2025-03-29 08:00:00,0.08567
Netherlands,NLD,2025-03-29 08:00:00,2025-03-29 09:00:00,0.07062
Netherlands,NLD,2025-03-29 09:00:00,2025-03-29 10:00:00,0.05925
Netherlands,NLD,2025-03-29 10:00:00,2025-03-29 11:00:00,0.05946
Netherlands,NLD,2025-03-29 11:00:00,2025-03-29 12:00:00,0.05992
Netherlands,NLD,2025-03-29 12:00:00,2025-03-29 13:00:00,0.00088
Netherlands,NLD,2025-03-29 13:00:00,2025-03-29 14:00:00,0.00234
Netherlands,NLD,2025-03-29 14:00:00,2025-03-29 15:00:00,0.02364
Netherlands,NLD,2025-03-29 15:00:00,2025-03-29 16:00:00,0.058
Netherlands,NLD,2025-03-29 16:00:00,2025-03-29 17:00:00,0.09049
Netherlands,NLD,2025-03-29 17:00:00,2025-03-29 18:00:00,0.1367
Netherlands,NLD,2025-03-29 18:00:00,2025-03-29 19:00:00,0.14396
Netherlands,NLD,2025-03-29 19:00:00,2025-03-29 20:00:00,0.11477
Netherlands,NLD,2025-03-29 20:00:00,2025-03-29 21:00:00,0.09381
Netherlands,NLD,2025-03-29 21:00:00,2025-03-29 22:00:00,0.07665000000000001
Netherlands,NLD,2025-03-29 22:00:00,2025-03-29 23:00:00,0.061950000000000005
Netherlands,NLD,2025-03-29 23:00:00,2025-03-30 00:00:00,0.0175
Netherlands,NLD,2025-03-30 00:00:00,2025-03-30 01:00:00,0.012199999999999999
Netherlands,NLD,2025-03-30 01:00:00,2025-03-30 03:00:00,0.00231
Netherlands,NLD,2025-03-30 02:00:00,2025-03-30 04:00:00,0.0012
Netherlands,NLD,2025-03-30 03:00:00,2025-03-30 05:00:00,8.999999999999999e-05
Netherlands,NLD,2025-03-30 04:00:00,2025-03-30 06:00:00,0.0
Netherlands,NLD,2025-03-30 05:00:00,2025-03-30 07:00:00,-2.9999999999999997e-05
Netherlands,NLD,2025-03-30 06:00:00,2025-03-30 08:00:00,-1e-05
Netherlands,NLD,2025-03-30 07:00:00,2025-03-30 09:00:00,-4e-05
Netherlands,NLD,2025-03-30 08:00:00,2025-03-30 10:00:00,-0.00347
Netherlands,NLD,2025-03-30 09:00:00,2025-03-30 11:00:00,-0.015
Netherlands,NLD,2025-03-30 10:00:00,2025-03-30 12:00:00,-0.033
Netherlands,NLD,2025-03-30 11:00:00,2025-03-30 13:00:00,-0.033
Netherlands,NLD,2025-03-30 12:00:00,2025-03-30 14:00:00,-0.033
Netherlands,NLD,2025-03-30 13:00:00,2025-03-30 15:00:00,-0.01534
Netherlands,NLD,2025-03-30 14:00:00,2025-03-30 16:00:00,-0.00401
Netherlands,NLD,2025-03-30 15:00:00,2025-03-30 17:00:00,7.000000000000001e-05
Netherlands,NLD,2025-03-30 16:00:00,2025-03-30 18:00:00,0.014410000000000001
Netherlands,NLD,2025-03-30 17:00:00,2025-03-30 19:00:00,0.060829999999999995
Netherlands,NLD,2025-03-30 18:00:00,2025-03-30 20:00:00,0.0627
Netherlands,NLD,2025-03-30 19:00:00,2025-03-30 21:00:00,0.065
Netherlands,NLD,2025-03-30 20:00:00,2025-03-30 22:00:00,0.06171
Netherlands,NLD,2025-03-30 21:00:00,2025-03-30 23:00:00,0.05644
Netherlands,NLD,2025-03-30 22:00:00,2025-03-31 00:00:00,0.06541
Netherlands,NLD,2025-03-30 23:00:00,2025-03-31 01:00:00,0.06325
Netherlands,NLD,2025-03-31 00:00:00,2025-03-31 02:00:00,0.06441
Netherlands,NLD,2025-03-31 01:00:00,2025-03-31 03:00:00,0.06722
Netherlands,NLD,2025-03-31 02:00:00,2025-03-31 04:00:00,0.06897
Netherlands,NLD,2025-03-31 03:00:00,2025-03-31 05:00:00,0.088
Netherlands,NLD,2025-03-31 04:00:00,2025-03-31 06:00:00,0.10490000000000001
Netherlands,NLD,2025-03-31 05:00:00,2025-03-31 07:00:00,0.14267
Netherlands,NLD,2025-03-31 06:00:00,2025-03-31 08:00:00,0.17416
Netherlands,NLD,2025-03-31 07:00:00,2025-03-31 09:00:00,0.11863
Netherlands,NLD,2025-03-31 08:00:00,2025-03-31 10:00:00,0.09935
Netherlands,NLD,2025-03-31 09:00:00,2025-03-31 11:00:00,0.07476000000000001
Netherlands,NLD,2025-03-31 10:00:00,2025-03-31 12:00:00,0.025
Netherlands,NLD,2025-03-31 11:00:00,2025-03-31 13:00:00,-0.003
Netherlands,NLD,2025-03-31 12:00:00,2025-03-31 14:00:00,-0.003
Netherlands,NLD,2025-03-31 13:00:00,2025-03-31 15:00:00,0.0499
Netherlands,NLD,2025-03-31 14:00:00,2025-03-31 16:00:00,0.06331
Netherlands,NLD,2025-03-31 15:00:00,2025-03-31 17:00:00,0.08727
Netherlands,NLD,2025-03-31 16:00:00,2025-03-31 18:00:00,0.11665
Netherlands,NLD,2025-03-31 17:00:00,2025-03-31 19:00:00,0.1665
Netherlands,NLD,2025-03-31 18:00:00,2025-03-31 20:00:00,0.16867
Netherlands,NLD,2025-03-31 19:00:00,2025-03-31 21:00:00,0.12971000000000002
Netherlands,NLD,2025-03-31 20:00:00,2025-03-31 22:00:00,0.11254
Netherlands,NLD,2025-03-31 21:00:00,2025-03-31 23:00:00,0.1013
Netherlands,NLD,2025-03-31 22:00:00,2025-04-01 00:00:00,0.10036
Netherlands,NLD,2025-03-31 23:00:00,2025-04-01 01:00:00,0.09307
Netherlands,NLD,2025-04-01 00:00:00,2025-04-01 02:00:00,0.09084
Netherlands,NLD,2025-04-01 01:00:00,2025-04-01 03:00:00,0.0905
Netherlands,NLD,2025-04-01 02:00:00,2025-04-01 04:00:00,0.08871
Netherlands,NLD,2025-04-01 03:00:00,2025-04-01 05:00:00,0.09755
Netherlands,NLD,2025-04-01 04:00:00,2025-04-01 06:00:00,0.12183
Netherlands,NLD,2025-04-01 05:00:00,2025-04-01 07:00:00,0.17574
Netherlands,NLD,2025-04-01 06:00:00,2025-04-01 08:00:00,0.15937
Netherlands,NLD,2025-04-01 07:00:00,2025-04-01 09:00:00,0.10642
Netherlands,NLD,2025-04-01 08:00:00,2025-04-01 10:00:00,0.0775
Netherlands,NLD,2025-04-01 09:00:00,2025-04-01 11:00:00,0.052719999999999996
Netherlands,NLD,2025-04-01 10:00:00,2025-04-01 12:00:00,0.01
Netherlands,NLD,2025-04-01 11:00:00,2025-04-01 13:00:00,-0.02
Netherlands,NLD,2025-04-01 12:00:00,2025-04-01 14:00:00,-0.03
Netherlands,NLD,2025-04-01 13:00:00,2025-04-01 15:00:00,-0.003
Netherlands,NLD,2025-04-01 14:00:00,2025-04-01 16:00:00,0.041100000000000005
Netherlands,NLD,2025-04-01 15:00:00,2025-04-01 17:00:00,0.06867
Netherlands,NLD,2025-04-01 16:00:00,2025-04-01 18:00:00,0.10578
Netherlands,NLD,2025-04-01 17:00:00,2025-04-01 19:00:00,0.13972
Netherlands,NLD,2025-04-01 18:00:00,2025-04-01 20:00:00,0.13118000000000002
Netherlands,NLD,2025-04-01 19:00:00,2025-04-01 21:00:00,0.10426
Netherlands,NLD,2025-04-01 20:00:00,2025-04-01 22:00:00,0.09267
Netherlands,NLD,2025-04-01 21:00:00,2025-04-01 23:00:00,0.07765000000000001
Netherlands,NLD,2025-04-01 22:00:00,2025-04-02 00:00:00,0.06563
Netherlands,NLD,2025-04-01 23:00:00,2025-04-02 01:00:00,0.06304
Netherlands,NLD,2025-04-02 00:00:00,2025-04-02 02:00:00,0.06275
Netherlands,NLD,2025-04-02 01:00:00,2025-04-02 03:00:00,0.06352000000000001
Netherlands,NLD,2025-04-02 02:00:00,2025-04-02 04:00:00,0.06412999999999999
Netherlands,NLD,2025-04-02 03:00:00,2025-04-02 05:00:00,0.07740999999999999
Netherlands,NLD,2025-04-02 04:00:00,2025-04-02 06:00:00,0.10762000000000001
Netherlands,NLD,2025-04-02 05:00:00,2025-04-02 07:00:00,0.145
Netherlands,NLD,2025-04-02 06:00:00,2025-04-02 08:00:00,0.12296
Netherlands,NLD,2025-04-02 07:00:00,2025-04-02 09:00:00,0.07970000000000001
Netherlands,NLD,2025-04-02 08:00:00,2025-04-02 10:00:00,0.041350000000000005
Netherlands,NLD,2025-04-02 09:00:00,2025-04-02 11:00:00,-0.0099
Netherlands,NLD,2025-04-02 10:00:00,2025-04-02 12:00:00,-0.03
Netherlands,NLD,2025-04-02 11:00:00,2025-04-02 13:00:00,-0.05
Netherlands,NLD,2025-04-02 12:00:00,2025-04-02 14:00:00,-0.054
Netherlands,NLD,2025-04-02 13:00:00,2025-04-02 15:00:00,-0.04801
Netherlands,NLD,2025-04-02 14:00:00,2025-04-02 16:00:00,-0.02537
Netherlands,NLD,2025-04-02 15:00:00,2025-04-02 17:00:00,-1e-05
Netherlands,NLD,2025-04-02 16:00:00,2025-04-02 18:00:00,0.07658
Netherlands,NLD,2025-04-02 17:00:00,2025-04-02 19:00:00,0.114
Netherlands,NLD,2025-04-02 18:00:00,2025-04-02 20:00:00,0.114
Netherlands,NLD,2025-04-02 19:00:00,2025-04-02 21:00:00,0.09606999999999999
Netherlands,NLD,2025-04-02 20:00:00,2025-04-02 22:00:00,0.08263
Netherlands,NLD,2025-04-02 21:00:00,2025-04-02 23:00:00,0.07143000000000001
Netherlands,NLD,2025-04-02 22:00:00,2025-04-03 00:00:00,0.06283
Netherlands,NLD,2025-04-02 23:00:00,2025-04-03 01:00:00,0.0592
Netherlands,NLD,2025-04-03 00:00:00,2025-04-03 02:00:00,0.0587
Netherlands,NLD,2025-04-03 01:00:00,2025-04-03 03:00:00,0.05949
Netherlands,NLD,2025-04-03 02:00:00,2025-04-03 04:00:00,0.06136
Netherlands,NLD,2025-04-03 03:00:00,2025-04-03 05:00:00,0.075
Netherlands,NLD,2025-04-03 04:00:00,2025-04-03 06:00:00,0.1189
Netherlands,NLD,2025-04-03 05:00:00,2025-04-03 07:00:00,0.15381
Netherlands,NLD,2025-04-03 06:00:00,2025-04-03 08:00:00,0.1333
Netherlands,NLD,2025-04-03 07:00:00,2025-04-03 09:00:00,0.07911
Netherlands,NLD,2025-04-03 08:00:00,2025-04-03 10:00:00,0.03737
Netherlands,NLD,2025-04-03 09:00:00,2025-04-03 11:00:00,-0.00016
Netherlands,NLD,2025-04-03 10:00:00,2025-04-03 12:00:00,-0.002
Netherlands,NLD,2025-04-03 11:00:00,2025-04-03 13:00:00,-0.0146
Netherlands,NLD,2025-04-03 12:00:00,2025-04-03 14:00:00,-0.00982
Netherlands,NLD,2025-04-03 13:00:00,2025-04-03 15:00:00,-0.00159
Netherlands,NLD,2025-04-03 14:00:00,2025-04-03 16:00:00,8e-05
Netherlands,NLD,2025-04-03 15:00:00,2025-04-03 17:00:00,0.06883
Netherlands,NLD,2025-04-03 16:00:00,2025-04-03 18:00:00,0.13036
Netherlands,NLD,2025-04-03 17:00:00,2025-04-03 19:00:00,0.16091
Netherlands,NLD,2025-04-03 18:00:00,2025-04-03 20:00:00,0.15331
Netherlands,NLD,2025-04-03 19:00:00,2025-04-03 21:00:00,0.13147
Netherlands,NLD,2025-04-03 20:00:00,2025-04-03 22:00:00,0.11137000000000001
Netherlands,NLD,2025-04-03 21:00:00,2025-04-03 23:00:00,0.10268000000000001
Netherlands,NLD,2025-04-03 22:00:00,2025-04-04 00:00:00,0.10497
Netherlands,NLD,2025-04-03 23:00:00,2025-04-04 01:00:00,0.09888
Netherlands,NLD,2025-04-04 00:00:00,2025-04-04 02:00:00,0.09887
Netherlands,NLD,2025-04-04 01:00:00,2025-04-04 03:00:00,0.09895
Netherlands,NLD,2025-04-04 02:00:00,2025-04-04 04:00:00,0.1003
Netherlands,NLD,2025-04-04 03:00:00,2025-04-04 05:00:00,0.10537
Netherlands,NLD,2025-04-04 04:00:00,2025-04-04 06:00:00,0.13516
Netherlands,NLD,2025-04-04 05:00:00,2025-04-04 07:00:00,0.16683
Netherlands,NLD,2025-04-04 06:00:00,2025-04-04 08:00:00,0.13673
Netherlands,NLD,2025-04-04 07:00:00,2025-04-04 09:00:00,0.09448000000000001
Netherlands,NLD,2025-04-04 08:00:00,2025-04-04 10:00:00,0.06091
Netherlands,NLD,2025-04-04 09:00:00,2025-04-04 11:00:00,0.00782
Netherlands,NLD,2025-04-04 10:00:00,2025-04-04 12:00:00,0.0
Netherlands,NLD,2025-04-04 11:00:00,2025-04-04 13:00:00,-0.00227
Netherlands,NLD,2025-04-04 12:00:00,2025-04-04 14:00:00,-0.00214
Netherlands,NLD,2025-04-04 13:00:00,2025-04-04 15:00:00,-0.00011
Netherlands,NLD,2025-04-04 14:00:00,2025-04-04 16:00:00,0.02478
Netherlands,NLD,2025-04-04 15:00:00,2025-04-04 17:00:00,0.07073
Netherlands,NLD,2025-04-04 16:00:00,2025-04-04 18:00:00,0.11103
Netherlands,NLD,2025-04-04 17:00:00,2025-04-04 19:00:00,0.13299
Netherlands,NLD,2025-04-04 18:00:00,2025-04-04 20:00:00,0.14006
Netherlands,NLD,2025-04-04 19:00:00,2025-04-04 21:00:00,0.109
Netherlands,NLD,2025-04-04 20:00:00,2025-04-04 22:00:00,0.09809999999999999
Netherlands,NLD,2025-04-04 21:00:00,2025-04-04 23:00:00,0.09106
Netherlands,NLD,2025-04-04 22:00:00,2025-04-05 00:00:00,0.0988
Netherlands,NLD,2025-04-04 23:00:00,2025-04-05 01:00:00,0.09426999999999999
Netherlands,NLD,2025-04-05 00:00:00,2025-04-05 02:00:00,0.09243000000000001
Netherlands,NLD,2025-04-05 01:00:00,2025-04-05 03:00:00,0.09215000000000001
Netherlands,NLD,2025-04-05 02:00:00,2025-04-05 04:00:00,0.09038
Netherlands,NLD,2025-04-05 03:00:00,2025-04-05 05:00:00,0.08931
Netherlands,NLD,2025-04-05 04:00:00,2025-04-05 06:00:00,0.09248999999999999
Netherlands,NLD,2025-04-05 05:00:00,2025-04-05 07:00:00,0.0986
Netherlands,NLD,2025-04-05 06:00:00,2025-04-05 08:00:00,0.09375
Netherlands,NLD,2025-04-05 07:00:00,2025-04-05 09:00:00,0.055850000000000004
Netherlands,NLD,2025-04-05 08:00:00,2025-04-05 10:00:00,0.00066
Netherlands,NLD,2025-04-05 09:00:00,2025-04-05 11:00:00,-0.002
Netherlands,NLD,2025-04-05 10:00:00,2025-04-05 12:00:00,-0.06
Netherlands,NLD,2025-04-05 11:00:00,2025-04-05 13:00:00,-0.05471
Netherlands,NLD,2025-04-05 12:00:00,2025-04-05 14:00:00,-0.05288
Netherlands,NLD,2025-04-05 13:00:00,2025-04-05 15:00:00,-0.0299
Netherlands,NLD,2025-04-05 14:00:00,2025-04-05 16:00:00,-0.00423
Netherlands,NLD,2025-04-05 15:00:00,2025-04-05 17:00:00,0.00027
Netherlands,NLD,2025-04-05 16:00:00,2025-04-05 18:00:00,0.06451000000000001
Netherlands,NLD,2025-04-05 17:00:00,2025-04-05 19:00:00,0.0983
Netherlands,NLD,2025-04-05 18:00:00,2025-04-05 20:00:00,0.1
Netherlands,NLD,2025-04-05 19:00:00,2025-04-05 21:00:00,0.08436
Netherlands,NLD,2025-04-05 20:00:00,2025-04-05 22:00:00,0.07898999999999999
Netherlands,NLD,2025-04-05 21:00:00,2025-04-05 23:00:00,0.06875
Netherlands,NLD,2025-04-05 22:00:00,2025-04-06 00:00:00,0.07045
Netherlands,NLD,2025-04-05 23:00:00,2025-04-06 01:00:00,0.061
Netherlands,NLD,2025-04-06 00:00:00,2025-04-06 02:00:00,0.060219999999999996
Netherlands,NLD,2025-04-06 01:00:00,2025-04-06 03:00:00,0.06453
Netherlands,NLD,2025-04-06 02:00:00,2025-04-06 04:00:00,0.06591
Netherlands,NLD,2025-04-06 03:00:00,2025-04-06 05:00:00,0.07278
Netherlands,NLD,2025-04-06 04:00:00,2025-04-06 06:00:00,0.07339
Netherlands,NLD,2025-04-06 05:00:00,2025-04-06 07:00:00,0.075
Netherlands,NLD,2025-04-06 06:00:00,2025-04-06 08:00:00,0.04052
Netherlands,NLD,2025-04-06 07:00:00,2025-04-06 09:00:00,0.0001
Netherlands,NLD,2025-04-06 08:00:00,2025-04-06 10:00:00,-0.002
Netherlands,NLD,2025-04-06 09:00:00,2025-04-06 11:00:00,-0.02754
Netherlands,NLD,2025-04-06 10:00:00,2025-04-06 12:00:00,-0.06
Netherlands,NLD,2025-04-06 11:00:00,2025-04-06 13:00:00,-0.10624
Netherlands,NLD,2025-04-06 12:00:00,2025-04-06 14:00:00,-0.11454
Netherlands,NLD,2025-04-06 13:00:00,2025-04-06 15:00:00,-0.06988
Netherlands,NLD,2025-04-06 14:00:00,2025-04-06 16:00:00,-0.018940000000000002
Netherlands,NLD,2025-04-06 15:00:00,2025-04-06 17:00:00,0.0016200000000000001
Netherlands,NLD,2025-04-06 16:00:00,2025-04-06 18:00:00,0.09658
Netherlands,NLD,2025-04-06 17:00:00,2025-04-06 19:00:00,0.12025
Netherlands,NLD,2025-04-06 18:00:00,2025-04-06 20:00:00,0.12800999999999998
Netherlands,NLD,2025-04-06 19:00:00,2025-04-06 21:00:00,0.11715
Netherlands,NLD,2025-04-06 20:00:00,2025-04-06 22:00:00,0.10819
Netherlands,NLD,2025-04-06 21:00:00,2025-04-06 23:00:00,0.09738
Netherlands,NLD,2025-04-06 22:00:00,2025-04-07 00:00:00,0.08364
Netherlands,NLD,2025-04-06 23:00:00,2025-04-07 01:00:00,0.08166
Netherlands,NLD,2025-04-07 00:00:00,2025-04-07 02:00:00,0.07869
Netherlands,NLD,2025-04-07 01:00:00,2025-04-07 03:00:00,0.07997
Netherlands,NLD,2025-04-07 02:00:00,2025-04-07 04:00:00,0.0828
Netherlands,NLD,2025-04-07 03:00:00,2025-04-07 05:00:00,0.09345
Netherlands,NLD,2025-04-07 04:00:00,2025-04-07 06:00:00,0.12404000000000001
Netherlands,NLD,2025-04-07 05:00:00,2025-04-07 07:00:00,0.17914
Netherlands,NLD,2025-04-07 06:00:00,2025-04-07 08:00:00,0.14461000000000002
Netherlands,NLD,2025-04-07 07:00:00,2025-04-07 09:00:00,0.1051
Netherlands,NLD,2025-04-07 08:00:00,2025-04-07 10:00:00,0.07903
Netherlands,NLD,2025-04-07 09:00:00,2025-04-07 11:00:00,0.06085
Netherlands,NLD,2025-04-07 10:00:00,2025-04-07 12:00:00,0.011800000000000001
Netherlands,NLD,2025-04-07 11:00:00,2025-04-07 13:00:00,0.00219
Netherlands,NLD,2025-04-07 12:00:00,2025-04-07 14:00:00,0.0022
Netherlands,NLD,2025-04-07 13:00:00,2025-04-07 15:00:00,0.05453
Netherlands,NLD,2025-04-07 14:00:00,2025-04-07 16:00:00,0.06261
Netherlands,NLD,2025-04-07 15:00:00,2025-04-07 17:00:00,0.09254000000000001
Netherlands,NLD,2025-04-07 16:00:00,2025-04-07 18:00:00,0.11574
Netherlands,NLD,2025-04-07 17:00:00,2025-04-07 19:00:00,0.151
Netherlands,NLD,2025-04-07 18:00:00,2025-04-07 20:00:00,0.15225999999999998
Netherlands,NLD,2025-04-07 19:00:00,2025-04-07 21:00:00,0.13797
Netherlands,NLD,2025-04-07 20:00:00,2025-04-07 22:00:00,0.1075
Netherlands,NLD,2025-04-07 21:00:00,2025-04-07 23:00:00,0.10445
Netherlands,NLD,2025-04-07 22:00:00,2025-04-08 00:00:00,0.08178
Netherlands,NLD,2025-04-07 23:00:00,2025-04-08 01:00:00,0.08414
Netherlands,NLD,2025-04-08 00:00:00,2025-04-08 02:00:00,0.08042
Netherlands,NLD,2025-04-08 01:00:00,2025-04-08 03:00:00,0.07953
Netherlands,NLD,2025-04-08 02:00:00,2025-04-08 04:00:00,0.08411
Netherlands,NLD,2025-04-08 03:00:00,2025-04-08 05:00:00,0.0916
Netherlands,NLD,2025-04-08 04:00:00,2025-04-08 06:00:00,0.132
Netherlands,NLD,2025-04-08 05:00:00,2025-04-08 07:00:00,0.1653
Netherlands,NLD,2025-04-08 06:00:00,2025-04-08 08:00:00,0.13677
Netherlands,NLD,2025-04-08 07:00:00,2025-04-08 09:00:00,0.09126000000000001
Netherlands,NLD,2025-04-08 08:00:00,2025-04-08 10:00:00,0.07212
Netherlands,NLD,2025-04-08 09:00:00,2025-04-08 11:00:00,0.05278
Netherlands,NLD,2025-04-08 10:00:00,2025-04-08 12:00:00,0.018359999999999998
Netherlands,NLD,2025-04-08 11:00:00,2025-04-08 13:00:00,0.014119999999999999
Netherlands,NLD,2025-04-08 12:00:00,2025-04-08 14:00:00,0.022670000000000003
Netherlands,NLD,2025-04-08 13:00:00,2025-04-08 15:00:00,0.045939999999999995
Netherlands,NLD,2025-04-08 14:00:00,2025-04-08 16:00:00,0.06305
Netherlands,NLD,2025-04-08 15:00:00,2025-04-08 17:00:00,0.08155
Netherlands,NLD,2025-04-08 16:00:00,2025-04-08 18:00:00,0.10901000000000001
Netherlands,NLD,2025-04-08 17:00:00,2025-04-08 19:00:00,0.13571
Netherlands,NLD,2025-04-08 18:00:00,2025-04-08 20:00:00,0.16737
Netherlands,NLD,2025-04-08 19:00:00,2025-04-08 21:00:00,0.13758
Netherlands,NLD,2025-04-08 20:00:00,2025-04-08 22:00:00,0.11535
Netherlands,NLD,2025-04-08 21:00:00,2025-04-08 23:00:00,0.09720000000000001
Netherlands,NLD,2025-04-08 22:00:00,2025-04-09 00:00:00,0.095
Netherlands,NLD,2025-04-08 23:00:00,2025-04-09 01:00:00,0.085
Netherlands,NLD,2025-04-09 00:00:00,2025-04-09 02:00:00,0.0856
Netherlands,NLD,2025-04-09 01:00:00,2025-04-09 03:00:00,0.08415
Netherlands,NLD,2025-04-09 02:00:00,2025-04-09 04:00:00,0.08645
Netherlands,NLD,2025-04-09 03:00:00,2025-04-09 05:00:00,0.09564
Netherlands,NLD,2025-04-09 04:00:00,2025-04-09 06:00:00,0.12340000000000001
Netherlands,NLD,2025-04-09 05:00:00,2025-04-09 07:00:00,0.15341
Netherlands,NLD,2025-04-09 06:00:00,2025-04-09 08:00:00,0.12806
Netherlands,NLD,2025-04-09 07:00:00,2025-04-09 09:00:00,0.095
Netherlands,NLD,2025-04-09 08:00:00,2025-04-09 10:00:00,0.07739
Netherlands,NLD,2025-04-09 09:00:00,2025-04-09 11:00:00,0.05059
Netherlands,NLD,2025-04-09 10:00:00,2025-04-09 12:00:00,0.011300000000000001
Netherlands,NLD,2025-04-09 11:00:00,2025-04-09 13:00:00,0.0
Netherlands,NLD,2025-04-09 12:00:00,2025-04-09 14:00:00,-0.00159
Netherlands,NLD,2025-04-09 13:00:00,2025-04-09 15:00:00,0.015
Netherlands,NLD,2025-04-09 14:00:00,2025-04-09 16:00:00,0.04579
Netherlands,NLD,2025-04-09 15:00:00,2025-04-09 17:00:00,0.07092
Netherlands,NLD,2025-04-09 16:00:00,2025-04-09 18:00:00,0.09351000000000001
Netherlands,NLD,2025-04-09 17:00:00,2025-04-09 19:00:00,0.11889
Netherlands,NLD,2025-04-09 18:00:00,2025-04-09 20:00:00,0.12919
Netherlands,NLD,2025-04-09 19:00:00,2025-04-09 21:00:00,0.10417
Netherlands,NLD,2025-04-09 20:00:00,2025-04-09 22:00:00,0.0948
Netherlands,NLD,2025-04-09 21:00:00,2025-04-09 23:00:00,0.08951
Netherlands,NLD,2025-04-09 22:00:00,2025-04-10 00:00:00,0.085
Netherlands,NLD,2025-04-09 23:00:00,2025-04-10 01:00:00,0.08395
Netherlands,NLD,2025-04-10 00:00:00,2025-04-10 02:00:00,0.08395
Netherlands,NLD,2025-04-10 01:00:00,2025-04-10 03:00:00,0.08264
Netherlands,NLD,2025-04-10 02:00:00,2025-04-10 04:00:00,0.08224
Netherlands,NLD,2025-04-10 03:00:00,2025-04-10 05:00:00,0.08782
Netherlands,NLD,2025-04-10 04:00:00,2025-04-10 06:00:00,0.11569
Netherlands,NLD,2025-04-10 05:00:00,2025-04-10 07:00:00,0.14904
Netherlands,NLD,2025-04-10 06:00:00,2025-04-10 08:00:00,0.13059
Netherlands,NLD,2025-04-10 07:00:00,2025-04-10 09:00:00,0.09943
Netherlands,NLD,2025-04-10 08:00:00,2025-04-10 10:00:00,0.08571
Netherlands,NLD,2025-04-10 09:00:00,2025-04-10 11:00:00,0.06259
Netherlands,NLD,2025-04-10 10:00:00,2025-04-10 12:00:00,0.02702
Netherlands,NLD,2025-04-10 11:00:00,2025-04-10 13:00:00,0.0016699999999999998
Netherlands,NLD,2025-04-10 12:00:00,2025-04-10 14:00:00,5.9999999999999995e-05
Netherlands,NLD,2025-04-10 13:00:00,2025-04-10 15:00:00,0.001
Netherlands,NLD,2025-04-10 14:00:00,2025-04-10 16:00:00,0.044829999999999995
Netherlands,NLD,2025-04-10 15:00:00,2025-04-10 17:00:00,0.06489
Netherlands,NLD,2025-04-10 16:00:00,2025-04-10 18:00:00,0.09212999999999999
Netherlands,NLD,2025-04-10 17:00:00,2025-04-10 19:00:00,0.132
Netherlands,NLD,2025-04-10 18:00:00,2025-04-10 20:00:00,0.13231
Netherlands,NLD,2025-04-10 19:00:00,2025-04-10 21:00:00,0.0947
Netherlands,NLD,2025-04-10 20:00:00,2025-04-10 22:00:00,0.08845
Netherlands,NLD,2025-04-10 21:00:00,2025-04-10 23:00:00,0.08713
Netherlands,NLD,2025-04-10 22:00:00,2025-04-11 00:00:00,0.096
Netherlands,NLD,2025-04-10 23:00:00,2025-04-11 01:00:00,0.0851
Netherlands,NLD,2025-04-11 00:00:00,2025-04-11 02:00:00,0.089
Netherlands,NLD,2025-04-11 01:00:00,2025-04-11 03:00:00,0.07529999999999999
Netherlands,NLD,2025-04-11 02:00:00,2025-04-11 04:00:00,0.075
Netherlands,NLD,2025-04-11 03:00:00,2025-04-11 05:00:00,0.0851
Netherlands,NLD,2025-04-11 04:00:00,2025-04-11 06:00:00,0.09192
Netherlands,NLD,2025-04-11 05:00:00,2025-04-11 07:00:00,0.11608
Netherlands,NLD,2025-04-11 06:00:00,2025-04-11 08:00:00,0.13118000000000002
Netherlands,NLD,2025-04-11 07:00:00,2025-04-11 09:00:00,0.112
Netherlands,NLD,2025-04-11 08:00:00,2025-04-11 10:00:00,0.020050000000000002
Netherlands,NLD,2025-04-11 09:00:00,2025-04-11 11:00:00,-0.002
Netherlands,NLD,2025-04-11 10:00:00,2025-04-11 12:00:00,-0.00574
Netherlands,NLD,2025-04-11 11:00:00,2025-04-11 13:00:00,-0.00882
Netherlands,NLD,2025-04-11 12:00:00,2025-04-11 14:00:00,-0.00509
Netherlands,NLD,2025-04-11 13:00:00,2025-04-11 15:00:00,-0.0001
Netherlands,NLD,2025-04-11 14:00:00,2025-04-11 16:00:00,-0.00047999999999999996
Netherlands,NLD,2025-04-11 15:00:00,2025-04-11 17:00:00,0.06344
Netherlands,NLD,2025-04-11 16:00:00,2025-04-11 18:00:00,0.1027
Netherlands,NLD,2025-04-11 17:00:00,2025-04-11 19:00:00,0.1273
Netherlands,NLD,2025-04-11 18:00:00,2025-04-11 20:00:00,0.14745
Netherlands,NLD,2025-04-11 19:00:00,2025-04-11 21:00:00,0.125
Netherlands,NLD,2025-04-11 20:00:00,2025-04-11 22:00:00,0.11270999999999999
Netherlands,NLD,2025-04-11 21:00:00,2025-04-11 23:00:00,0.10064000000000001
Netherlands,NLD,2025-04-11 22:00:00,2025-04-12 00:00:00,0.10193
Netherlands,NLD,2025-04-11 23:00:00,2025-04-12 01:00:00,0.09843
Netherlands,NLD,2025-04-12 00:00:00,2025-04-12 02:00:00,0.09537999999999999
Netherlands,NLD,2025-04-12 01:00:00,2025-04-12 03:00:00,0.08909
Netherlands,NLD,2025-04-12 02:00:00,2025-04-12 04:00:00,0.08913
Netherlands,NLD,2025-04-12 03:00:00,2025-04-12 05:00:00,0.08911
Netherlands,NLD,2025-04-12 04:00:00,2025-04-12 06:00:00,0.09351000000000001
Netherlands,NLD,2025-04-12 05:00:00,2025-04-12 07:00:00,0.09013
Netherlands,NLD,2025-04-12 06:00:00,2025-04-12 08:00:00,0.09029000000000001
Netherlands,NLD,2025-04-12 07:00:00,2025-04-12 09:00:00,0.06204
Netherlands,NLD,2025-04-12 08:00:00,2025-04-12 10:00:00,0.02019
Netherlands,NLD,2025-04-12 09:00:00,2025-04-12 11:00:00,0.0
Netherlands,NLD,2025-04-12 10:00:00,2025-04-12 12:00:00,-0.01855
Netherlands,NLD,2025-04-12 11:00:00,2025-04-12 13:00:00,-0.05154
Netherlands,NLD,2025-04-12 12:00:00,2025-04-12 14:00:00,-0.06379
Netherlands,NLD,2025-04-12 13:00:00,2025-04-12 15:00:00,-0.03131
Netherlands,NLD,2025-04-12 14:00:00,2025-04-12 16:00:00,-5.9999999999999995e-05
Netherlands,NLD,2025-04-12 15:00:00,2025-04-12 17:00:00,0.053340000000000005
Netherlands,NLD,2025-04-12 16:00:00,2025-04-12 18:00:00,0.09885
Netherlands,NLD,2025-04-12 17:00:00,2025-04-12 19:00:00,0.13419999999999999
Netherlands,NLD,2025-04-12 18:00:00,2025-04-12 20:00:00,0.11746
Netherlands,NLD,2025-04-12 19:00:00,2025-04-12 21:00:00,0.08924
Netherlands,NLD,2025-04-12 20:00:00,2025-04-12 22:00:00,0.082
Netherlands,NLD,2025-04-12 21:00:00,2025-04-12 23:00:00,0.0699
Netherlands,NLD,2025-04-12 22:00:00,2025-04-13 00:00:00,0.06399
Netherlands,NLD,2025-04-12 23:00:00,2025-04-13 01:00:00,0.056
Netherlands,NLD,2025-04-13 00:00:00,2025-04-13 02:00:00,0.04236
Netherlands,NLD,2025-04-13 01:00:00,2025-04-13 03:00:00,0.0295
Netherlands,NLD,2025-04-13 02:00:00,2025-04-13 04:00:00,0.0349
Netherlands,NLD,2025-04-13 03:00:00,2025-04-13 05:00:00,0.0349
Netherlands,NLD,2025-04-13 04:00:00,2025-04-13 06:00:00,0.03225
Netherlands,NLD,2025-04-13 05:00:00,2025-04-13 07:00:00,0.02775
Netherlands,NLD,2025-04-13 06:00:00,2025-04-13 08:00:00,0.0345
Netherlands,NLD,2025-04-13 07:00:00,2025-04-13 09:00:00,0.00843
Netherlands,NLD,2025-04-13 08:00:00,2025-04-13 10:00:00,0.0
Netherlands,NLD,2025-04-13 09:00:00,2025-04-13 11:00:00,-2e-05
Netherlands,NLD,2025-04-13 10:00:00,2025-04-13 12:00:00,-0.002
Netherlands,NLD,2025-04-13 11:00:00,2025-04-13 13:00:00,-0.01884
Netherlands,NLD,2025-04-13 12:00:00,2025-04-13 14:00:00,-0.02538
Netherlands,NLD,2025-04-13 13:00:00,2025-04-13 15:00:00,-0.00993
Netherlands,NLD,2025-04-13 14:00:00,2025-04-13 16:00:00,-1e-05
Netherlands,NLD,2025-04-13 15:00:00,2025-04-13 17:00:00,0.01635
Netherlands,NLD,2025-04-13 16:00:00,2025-04-13 18:00:00,0.09002
Netherlands,NLD,2025-04-13 17:00:00,2025-04-13 19:00:00,0.10956999999999999
Netherlands,NLD,2025-04-13 18:00:00,2025-04-13 20:00:00,0.11273999999999999
Netherlands,NLD,2025-04-13 19:00:00,2025-04-13 21:00:00,0.10696
Netherlands,NLD,2025-04-13 20:00:00,2025-04-13 22:00:00,0.09765
Netherlands,NLD,2025-04-13 21:00:00,2025-04-13 23:00:00,0.09
Netherlands,NLD,2025-04-13 22:00:00,2025-04-14 00:00:00,0.08161
Netherlands,NLD,2025-04-13 23:00:00,2025-04-14 01:00:00,0.07798999999999999
Netherlands,NLD,2025-04-14 00:00:00,2025-04-14 02:00:00,0.07751000000000001
Netherlands,NLD,2025-04-14 01:00:00,2025-04-14 03:00:00,0.07755
Netherlands,NLD,2025-04-14 02:00:00,2025-04-14 04:00:00,0.07925
Netherlands,NLD,2025-04-14 03:00:00,2025-04-14 05:00:00,0.08868000000000001
Netherlands,NLD,2025-04-14 04:00:00,2025-04-14 06:00:00,0.11459
Netherlands,NLD,2025-04-14 05:00:00,2025-04-14 07:00:00,0.15052000000000001
Netherlands,NLD,2025-04-14 06:00:00,2025-04-14 08:00:00,0.1437
Netherlands,NLD,2025-04-14 07:00:00,2025-04-14 09:00:00,0.10006
Netherlands,NLD,2025-04-14 08:00:00,2025-04-14 10:00:00,0.0851
Netherlands,NLD,2025-04-14 09:00:00,2025-04-14 11:00:00,0.07
Netherlands,NLD,2025-04-14 10:00:00,2025-04-14 12:00:00,0.060840000000000005
Netherlands,NLD,2025-04-14 11:00:00,2025-04-14 13:00:00,0.05656
Netherlands,NLD,2025-04-14 12:00:00,2025-04-14 14:00:00,0.05652
Netherlands,NLD,2025-04-14 13:00:00,2025-04-14 15:00:00,0.06644
Netherlands,NLD,2025-04-14 14:00:00,2025-04-14 16:00:00,0.07656
Netherlands,NLD,2025-04-14 15:00:00,2025-04-14 17:00:00,0.08888
Netherlands,NLD,2025-04-14 16:00:00,2025-04-14 18:00:00,0.1083
Netherlands,NLD,2025-04-14 17:00:00,2025-04-14 19:00:00,0.18
Netherlands,NLD,2025-04-14 18:00:00,2025-04-14 20:00:00,0.14866
Netherlands,NLD,2025-04-14 19:00:00,2025-04-14 21:00:00,0.09781000000000001
Netherlands,NLD,2025-04-14 20:00:00,2025-04-14 22:00:00,0.07769
Netherlands,NLD,2025-04-14 21:00:00,2025-04-14 23:00:00,0.076
Netherlands,NLD,2025-04-14 22:00:00,2025-04-15 00:00:00,0.07890000000000001
Netherlands,NLD,2025-04-14 23:00:00,2025-04-15 01:00:00,0.074
Netherlands,NLD,2025-04-15 00:00:00,2025-04-15 02:00:00,0.0699
Netherlands,NLD,2025-04-15 01:00:00,2025-04-15 03:00:00,0.07
Netherlands,NLD,2025-04-15 02:00:00,2025-04-15 04:00:00,0.0663
Netherlands,NLD,2025-04-15 03:00:00,2025-04-15 05:00:00,0.065
Netherlands,NLD,2025-04-15 04:00:00,2025-04-15 06:00:00,0.07737999999999999
Netherlands,NLD,2025-04-15 05:00:00,2025-04-15 07:00:00,0.09259999999999999
Netherlands,NLD,2025-04-15 06:00:00,2025-04-15 08:00:00,0.097
Netherlands,NLD,2025-04-15 07:00:00,2025-04-15 09:00:00,0.06797
Netherlands,NLD,2025-04-15 08:00:00,2025-04-15 10:00:00,0.04893
Netherlands,NLD,2025-04-15 09:00:00,2025-04-15 11:00:00,0.00292
Netherlands,NLD,2025-04-15 10:00:00,2025-04-15 12:00:00,0.00157
Netherlands,NLD,2025-04-15 11:00:00,2025-04-15 13:00:00,0.0
Netherlands,NLD,2025-04-15 12:00:00,2025-04-15 14:00:00,0.00271
Netherlands,NLD,2025-04-15 13:00:00,2025-04-15 15:00:00,0.04486
Netherlands,NLD,2025-04-15 14:00:00,2025-04-15 16:00:00,0.078
Netherlands,NLD,2025-04-15 15:00:00,2025-04-15 17:00:00,0.092
Netherlands,NLD,2025-04-15 16:00:00,2025-04-15 18:00:00,0.10037
Netherlands,NLD,2025-04-15 17:00:00,2025-04-15 19:00:00,0.12588
Netherlands,NLD,2025-04-15 18:00:00,2025-04-15 20:00:00,0.13316999999999998
Netherlands,NLD,2025-04-15 19:00:00,2025-04-15 21:00:00,0.10596
Netherlands,NLD,2025-04-15 20:00:00,2025-04-15 22:00:00,0.09652
Netherlands,NLD,2025-04-15 21:00:00,2025-04-15 23:00:00,0.08882
Netherlands,NLD,2025-04-15 22:00:00,2025-04-16 00:00:00,0.0854
Netherlands,NLD,2025-04-15 23:00:00,2025-04-16 01:00:00,0.07848000000000001
Netherlands,NLD,2025-04-16 00:00:00,2025-04-16 02:00:00,0.0783
Netherlands,NLD,2025-04-16 01:00:00,2025-04-16 03:00:00,0.07057
Netherlands,NLD,2025-04-16 02:00:00,2025-04-16 04:00:00,0.06997
Netherlands,NLD,2025-04-16 03:00:00,2025-04-16 05:00:00,0.07895999999999999
Netherlands,NLD,2025-04-16 04:00:00,2025-04-16 06:00:00,0.1015
Netherlands,NLD,2025-04-16 05:00:00,2025-04-16 07:00:00,0.12447
Netherlands,NLD,2025-04-16 06:00:00,2025-04-16 08:00:00,0.10994
Netherlands,NLD,2025-04-16 07:00:00,2025-04-16 09:00:00,0.09334999999999999
Netherlands,NLD,2025-04-16 08:00:00,2025-04-16 10:00:00,0.07798000000000001
Netherlands,NLD,2025-04-16 09:00:00,2025-04-16 11:00:00,0.061700000000000005
Netherlands,NLD,2025-04-16 10:00:00,2025-04-16 12:00:00,0.03347
Netherlands,NLD,2025-04-16 11:00:00,2025-04-16 13:00:00,0.02134
Netherlands,NLD,2025-04-16 12:00:00,2025-04-16 14:00:00,0.02509
Netherlands,NLD,2025-04-16 13:00:00,2025-04-16 15:00:00,0.055
Netherlands,NLD,2025-04-16 14:00:00,2025-04-16 16:00:00,0.068
Netherlands,NLD,2025-04-16 15:00:00,2025-04-16 17:00:00,0.089
Netherlands,NLD,2025-04-16 16:00:00,2025-04-16 18:00:00,0.11487
Netherlands,NLD,2025-04-16 17:00:00,2025-04-16 19:00:00,0.146
Netherlands,NLD,2025-04-16 18:00:00,2025-04-16 20:00:00,0.13692
Netherlands,NLD,2025-04-16 19:00:00,2025-04-16 21:00:00,0.11982
Netherlands,NLD,2025-04-16 20:00:00,2025-04-16 22:00:00,0.10926000000000001
Netherlands,NLD,2025-04-16 21:00:00,2025-04-16 23:00:00,0.09859
Netherlands,NLD,2025-04-16 22:00:00,2025-04-17 00:00:00,0.08899
Netherlands,NLD,2025-04-16 23:00:00,2025-04-17 01:00:00,0.08399
Netherlands,NLD,2025-04-17 00:00:00,2025-04-17 02:00:00,0.08167
Netherlands,NLD,2025-04-17 01:00:00,2025-04-17 03:00:00,0.08006999999999999
Netherlands,NLD,2025-04-17 02:00:00,2025-04-17 04:00:00,0.08128
Netherlands,NLD,2025-04-17 03:00:00,2025-04-17 05:00:00,0.08743000000000001
Netherlands,NLD,2025-04-17 04:00:00,2025-04-17 06:00:00,0.10506
Netherlands,NLD,2025-04-17 05:00:00,2025-04-17 07:00:00,0.12233
Netherlands,NLD,2025-04-17 06:00:00,2025-04-17 08:00:00,0.13090000000000002
Netherlands,NLD,2025-04-17 07:00:00,2025-04-17 09:00:00,0.1201
Netherlands,NLD,2025-04-17 08:00:00,2025-04-17 10:00:00,0.10568999999999999
Netherlands,NLD,2025-04-17 09:00:00,2025-04-17 11:00:00,0.08313
Netherlands,NLD,2025-04-17 10:00:00,2025-04-17 12:00:00,0.08004
Netherlands,NLD,2025-04-17 11:00:00,2025-04-17 13:00:00,0.07936
Netherlands,NLD,2025-04-17 12:00:00,2025-04-17 14:00:00,0.07809999999999999
Netherlands,NLD,2025-04-17 13:00:00,2025-04-17 15:00:00,0.07765000000000001
Netherlands,NLD,2025-04-17 14:00:00,2025-04-17 16:00:00,0.087
Netherlands,NLD,2025-04-17 15:00:00,2025-04-17 17:00:00,0.09455
Netherlands,NLD,2025-04-17 16:00:00,2025-04-17 18:00:00,0.11076000000000001
Netherlands,NLD,2025-04-17 17:00:00,2025-04-17 19:00:00,0.12597
Netherlands,NLD,2025-04-17 18:00:00,2025-04-17 20:00:00,0.12037
Netherlands,NLD,2025-04-17 19:00:00,2025-04-17 21:00:00,0.1178
Netherlands,NLD,2025-04-17 20:00:00,2025-04-17 22:00:00,0.0989
Netherlands,NLD,2025-04-17 21:00:00,2025-04-17 23:00:00,0.09627
Netherlands,NLD,2025-04-17 22:00:00,2025-04-18 00:00:00,0.09941
Netherlands,NLD,2025-04-17 23:00:00,2025-04-18 01:00:00,0.088
Netherlands,NLD,2025-04-18 00:00:00,2025-04-18 02:00:00,0.088
Netherlands,NLD,2025-04-18 01:00:00,2025-04-18 03:00:00,0.084
Netherlands,NLD,2025-04-18 02:00:00,2025-04-18 04:00:00,0.07968
Netherlands,NLD,2025-04-18 03:00:00,2025-04-18 05:00:00,0.07490000000000001
Netherlands,NLD,2025-04-18 04:00:00,2025-04-18 06:00:00,0.08
Netherlands,NLD,2025-04-18 05:00:00,2025-04-18 07:00:00,0.09670000000000001
Netherlands,NLD,2025-04-18 06:00:00,2025-04-18 08:00:00,0.108
Netherlands,NLD,2025-04-18 07:00:00,2025-04-18 09:00:00,0.10259
Netherlands,NLD,2025-04-18 08:00:00,2025-04-18 10:00:00,0.09287999999999999
Netherlands,NLD,2025-04-18 09:00:00,2025-04-18 11:00:00,0.07798999999999999
Netherlands,NLD,2025-04-18 10:00:00,2025-04-18 12:00:00,0.06993
Netherlands,NLD,2025-04-18 11:00:00,2025-04-18 13:00:00,0.055479999999999995
Netherlands,NLD,2025-04-18 12:00:00,2025-04-18 14:00:00,0.05298
Netherlands,NLD,2025-04-18 13:00:00,2025-04-18 15:00:00,0.055020000000000006
Netherlands,NLD,2025-04-18 14:00:00,2025-04-18 16:00:00,0.06581000000000001
Netherlands,NLD,2025-04-18 15:00:00,2025-04-18 17:00:00,0.08335
Netherlands,NLD,2025-04-18 16:00:00,2025-04-18 18:00:00,0.09924
Netherlands,NLD,2025-04-18 17:00:00,2025-04-18 19:00:00,0.11893000000000001
Netherlands,NLD,2025-04-18 18:00:00,2025-04-18 20:00:00,0.12159
Netherlands,NLD,2025-04-18 19:00:00,2025-04-18 21:00:00,0.11176
Netherlands,NLD,2025-04-18 20:00:00,2025-04-18 22:00:00,0.09955
Netherlands,NLD,2025-04-18 21:00:00,2025-04-18 23:00:00,0.09
Netherlands,NLD,2025-04-18 22:00:00,2025-04-19 00:00:00,0.08145000000000001
Netherlands,NLD,2025-04-18 23:00:00,2025-04-19 01:00:00,0.07438
Netherlands,NLD,2025-04-19 00:00:00,2025-04-19 02:00:00,0.07859999999999999
Netherlands,NLD,2025-04-19 01:00:00,2025-04-19 03:00:00,0.07621
Netherlands,NLD,2025-04-19 02:00:00,2025-04-19 04:00:00,0.07892
Netherlands,NLD,2025-04-19 03:00:00,2025-04-19 05:00:00,0.08305
Netherlands,NLD,2025-04-19 04:00:00,2025-04-19 06:00:00,0.08835
Netherlands,NLD,2025-04-19 05:00:00,2025-04-19 07:00:00,0.08493
Netherlands,NLD,2025-04-19 06:00:00,2025-04-19 08:00:00,0.07839
Netherlands,NLD,2025-04-19 07:00:00,2025-04-19 09:00:00,0.07056
Netherlands,NLD,2025-04-19 08:00:00,2025-04-19 10:00:00,0.02851
Netherlands,NLD,2025-04-19 09:00:00,2025-04-19 11:00:00,0.00454
Netherlands,NLD,2025-04-19 10:00:00,2025-04-19 12:00:00,0.0
Netherlands,NLD,2025-04-19 11:00:00,2025-04-19 13:00:00,-0.00564
Netherlands,NLD,2025-04-19 12:00:00,2025-04-19 14:00:00,-0.01177
Netherlands,NLD,2025-04-19 13:00:00,2025-04-19 15:00:00,-0.0016
Netherlands,NLD,2025-04-19 14:00:00,2025-04-19 16:00:00,0.0002
Netherlands,NLD,2025-04-19 15:00:00,2025-04-19 17:00:00,0.05615
Netherlands,NLD,2025-04-19 16:00:00,2025-04-19 18:00:00,0.09290999999999999
Netherlands,NLD,2025-04-19 17:00:00,2025-04-19 19:00:00,0.11398
Netherlands,NLD,2025-04-19 18:00:00,2025-04-19 20:00:00,0.12668000000000001
Netherlands,NLD,2025-04-19 19:00:00,2025-04-19 21:00:00,0.1199
Netherlands,NLD,2025-04-19 20:00:00,2025-04-19 22:00:00,0.1039
Netherlands,NLD,2025-04-19 21:00:00,2025-04-19 23:00:00,0.09441
Netherlands,NLD,2025-04-19 22:00:00,2025-04-20 00:00:00,0.098
Netherlands,NLD,2025-04-19 23:00:00,2025-04-20 01:00:00,0.09075
Netherlands,NLD,2025-04-20 00:00:00,2025-04-20 02:00:00,0.10334
Netherlands,NLD,2025-04-20 01:00:00,2025-04-20 03:00:00,0.096
Netherlands,NLD,2025-04-20 02:00:00,2025-04-20 04:00:00,0.1003
Netherlands,NLD,2025-04-20 03:00:00,2025-04-20 05:00:00,0.12379000000000001
Netherlands,NLD,2025-04-20 04:00:00,2025-04-20 06:00:00,0.12346
Netherlands,NLD,2025-04-20 05:00:00,2025-04-20 07:00:00,0.10599
Netherlands,NLD,2025-04-20 06:00:00,2025-04-20 08:00:00,0.09318000000000001
Netherlands,NLD,2025-04-20 07:00:00,2025-04-20 09:00:00,0.0195
Netherlands,NLD,2025-04-20 08:00:00,2025-04-20 10:00:00,-2e-05
Netherlands,NLD,2025-04-20 09:00:00,2025-04-20 11:00:00,-0.00908
Netherlands,NLD,2025-04-20 10:00:00,2025-04-20 12:00:00,-0.03
Netherlands,NLD,2025-04-20 11:00:00,2025-04-20 13:00:00,-0.0579
Netherlands,NLD,2025-04-20 12:00:00,2025-04-20 14:00:00,-0.027399999999999997
Netherlands,NLD,2025-04-20 13:00:00,2025-04-20 15:00:00,-0.00515
Netherlands,NLD,2025-04-20 14:00:00,2025-04-20 16:00:00,0.0
Netherlands,NLD,2025-04-20 15:00:00,2025-04-20 17:00:00,0.08136
Netherlands,NLD,2025-04-20 16:00:00,2025-04-20 18:00:00,0.10681
Netherlands,NLD,2025-04-20 17:00:00,2025-04-20 19:00:00,0.12692
Netherlands,NLD,2025-04-20 18:00:00,2025-04-20 20:00:00,0.14495
Netherlands,NLD,2025-04-20 19:00:00,2025-04-20 21:00:00,0.14599
Netherlands,NLD,2025-04-20 20:00:00,2025-04-20 22:00:00,0.12249
Netherlands,NLD,2025-04-20 21:00:00,2025-04-20 23:00:00,0.11001000000000001
Netherlands,NLD,2025-04-20 22:00:00,2025-04-21 00:00:00,0.11062999999999999
Netherlands,NLD,2025-04-20 23:00:00,2025-04-21 01:00:00,0.09543
Netherlands,NLD,2025-04-21 00:00:00,2025-04-21 02:00:00,0.09862
Netherlands,NLD,2025-04-21 01:00:00,2025-04-21 03:00:00,0.1
Netherlands,NLD,2025-04-21 02:00:00,2025-04-21 04:00:00,0.09798
Netherlands,NLD,2025-04-21 03:00:00,2025-04-21 05:00:00,0.1
Netherlands,NLD,2025-04-21 04:00:00,2025-04-21 06:00:00,0.10065
Netherlands,NLD,2025-04-21 05:00:00,2025-04-21 07:00:00,0.09465000000000001
Netherlands,NLD,2025-04-21 06:00:00,2025-04-21 08:00:00,0.09129999999999999
Netherlands,NLD,2025-04-21 07:00:00,2025-04-21 09:00:00,0.09270999999999999
Netherlands,NLD,2025-04-21 08:00:00,2025-04-21 10:00:00,0.06808
Netherlands,NLD,2025-04-21 09:00:00,2025-04-21 11:00:00,0.04
Netherlands,NLD,2025-04-21 10:00:00,2025-04-21 12:00:00,0.015519999999999999
Netherlands,NLD,2025-04-21 11:00:00,2025-04-21 13:00:00,0.00891
Netherlands,NLD,2025-04-21 12:00:00,2025-04-21 14:00:00,0.00836
Netherlands,NLD,2025-04-21 13:00:00,2025-04-21 15:00:00,0.010369999999999999
Netherlands,NLD,2025-04-21 14:00:00,2025-04-21 16:00:00,0.05636
Netherlands,NLD,2025-04-21 15:00:00,2025-04-21 17:00:00,0.10017
Netherlands,NLD,2025-04-21 16:00:00,2025-04-21 18:00:00,0.10437
Netherlands,NLD,2025-04-21 17:00:00,2025-04-21 19:00:00,0.12311
Netherlands,NLD,2025-04-21 18:00:00,2025-04-21 20:00:00,0.14
Netherlands,NLD,2025-04-21 19:00:00,2025-04-21 21:00:00,0.1321
Netherlands,NLD,2025-04-21 20:00:00,2025-04-21 22:00:00,0.12276999999999999
Netherlands,NLD,2025-04-21 21:00:00,2025-04-21 23:00:00,0.10712999999999999
Netherlands,NLD,2025-04-21 22:00:00,2025-04-22 00:00:00,0.09567
Netherlands,NLD,2025-04-21 23:00:00,2025-04-22 01:00:00,0.0884
Netherlands,NLD,2025-04-22 00:00:00,2025-04-22 02:00:00,0.08698
Netherlands,NLD,2025-04-22 01:00:00,2025-04-22 03:00:00,0.08462
Netherlands,NLD,2025-04-22 02:00:00,2025-04-22 04:00:00,0.08389
Netherlands,NLD,2025-04-22 03:00:00,2025-04-22 05:00:00,0.09509000000000001
Netherlands,NLD,2025-04-22 04:00:00,2025-04-22 06:00:00,0.1174
Netherlands,NLD,2025-04-22 05:00:00,2025-04-22 07:00:00,0.14614
Netherlands,NLD,2025-04-22 06:00:00,2025-04-22 08:00:00,0.147
Netherlands,NLD,2025-04-22 07:00:00,2025-04-22 09:00:00,0.11252
Netherlands,NLD,2025-04-22 08:00:00,2025-04-22 10:00:00,0.09831999999999999
Netherlands,NLD,2025-04-22 09:00:00,2025-04-22 11:00:00,0.09081
Netherlands,NLD,2025-04-22 10:00:00,2025-04-22 12:00:00,0.08142
Netherlands,NLD,2025-04-22 11:00:00,2025-04-22 13:00:00,0.06976
Netherlands,NLD,2025-04-22 12:00:00,2025-04-22 14:00:00,0.07034
Netherlands,NLD,2025-04-22 13:00:00,2025-04-22 15:00:00,0.07845
Netherlands,NLD,2025-04-22 14:00:00,2025-04-22 16:00:00,0.082
Netherlands,NLD,2025-04-22 15:00:00,2025-04-22 17:00:00,0.0963
Netherlands,NLD,2025-04-22 16:00:00,2025-04-22 18:00:00,0.1149
Netherlands,NLD,2025-04-22 17:00:00,2025-04-22 19:00:00,0.17872
Netherlands,NLD,2025-04-22 18:00:00,2025-04-22 20:00:00,0.25335
Netherlands,NLD,2025-04-22 19:00:00,2025-04-22 21:00:00,0.15772999999999998
Netherlands,NLD,2025-04-22 20:00:00,2025-04-22 22:00:00,0.121
Netherlands,NLD,2025-04-22 21:00:00,2025-04-22 23:00:00,0.10748999999999999
Netherlands,NLD,2025-04-22 22:00:00,2025-04-23 00:00:00,0.10172
Netherlands,NLD,2025-04-22 23:00:00,2025-04-23 01:00:00,0.09418000000000001
Netherlands,NLD,2025-04-23 00:00:00,2025-04-23 02:00:00,0.09172
Netherlands,NLD,2025-04-23 01:00:00,2025-04-23 03:00:00,0.09032
Netherlands,NLD,2025-04-23 02:00:00,2025-04-23 04:00:00,0.09391
Netherlands,NLD,2025-04-23 03:00:00,2025-04-23 05:00:00,0.0998
Netherlands,NLD,2025-04-23 04:00:00,2025-04-23 06:00:00,0.13181
Netherlands,NLD,2025-04-23 05:00:00,2025-04-23 07:00:00,0.15009999999999998
Netherlands,NLD,2025-04-23 06:00:00,2025-04-23 08:00:00,0.13074000000000002
Netherlands,NLD,2025-04-23 07:00:00,2025-04-23 09:00:00,0.10341
Netherlands,NLD,2025-04-23 08:00:00,2025-04-23 10:00:00,0.092
Netherlands,NLD,2025-04-23 09:00:00,2025-04-23 11:00:00,0.09439
Netherlands,NLD,2025-04-23 10:00:00,2025-04-23 12:00:00,0.08104
Netherlands,NLD,2025-04-23 11:00:00,2025-04-23 13:00:00,0.08323
Netherlands,NLD,2025-04-23 12:00:00,2025-04-23 14:00:00,0.08506999999999999
Netherlands,NLD,2025-04-23 13:00:00,2025-04-23 15:00:00,0.09129999999999999
Netherlands,NLD,2025-04-23 14:00:00,2025-04-23 16:00:00,0.094
Netherlands,NLD,2025-04-23 15:00:00,2025-04-23 17:00:00,0.10288
Netherlands,NLD,2025-04-23 16:00:00,2025-04-23 18:00:00,0.12190000000000001
Netherlands,NLD,2025-04-23 17:00:00,2025-04-23 19:00:00,0.14799
Netherlands,NLD,2025-04-23 18:00:00,2025-04-23 20:00:00,0.14453
Netherlands,NLD,2025-04-23 19:00:00,2025-04-23 21:00:00,0.12456
Netherlands,NLD,2025-04-23 20:00:00,2025-04-23 22:00:00,0.10776999999999999
Netherlands,NLD,2025-04-23 21:00:00,2025-04-23 23:00:00,0.09440000000000001
Netherlands,NLD,2025-04-23 22:00:00,2025-04-24 00:00:00,0.09240000000000001
Netherlands,NLD,2025-04-23 23:00:00,2025-04-24 01:00:00,0.08689
Netherlands,NLD,2025-04-24 00:00:00,2025-04-24 02:00:00,0.08506
Netherlands,NLD,2025-04-24 01:00:00,2025-04-24 03:00:00,0.08454
Netherlands,NLD,2025-04-24 02:00:00,2025-04-24 04:00:00,0.08166
Netherlands,NLD,2025-04-24 03:00:00,2025-04-24 05:00:00,0.08789
Netherlands,NLD,2025-04-24 04:00:00,2025-04-24 06:00:00,0.1
Netherlands,NLD,2025-04-24 05:00:00,2025-04-24 07:00:00,0.11406999999999999
Netherlands,NLD,2025-04-24 06:00:00,2025-04-24 08:00:00,0.11746
Netherlands,NLD,2025-04-24 07:00:00,2025-04-24 09:00:00,0.10909
Netherlands,NLD,2025-04-24 08:00:00,2025-04-24 10:00:00,0.09667
Netherlands,NLD,2025-04-24 09:00:00,2025-04-24 11:00:00,0.09355
Netherlands,NLD,2025-04-24 10:00:00,2025-04-24 12:00:00,0.08151
Netherlands,NLD,2025-04-24 11:00:00,2025-04-24 13:00:00,0.07872
Netherlands,NLD,2025-04-24 12:00:00,2025-04-24 14:00:00,0.07705
Netherlands,NLD,2025-04-24 13:00:00,2025-04-24 15:00:00,0.07657
Netherlands,NLD,2025-04-24 14:00:00,2025-04-24 16:00:00,0.08020000000000001
Netherlands,NLD,2025-04-24 15:00:00,2025-04-24 17:00:00,0.08996
Netherlands,NLD,2025-04-24 16:00:00,2025-04-24 18:00:00,0.09817000000000001
Netherlands,NLD,2025-04-24 17:00:00,2025-04-24 19:00:00,0.11090000000000001
Netherlands,NLD,2025-04-24 18:00:00,2025-04-24 20:00:00,0.1194
Netherlands,NLD,2025-04-24 19:00:00,2025-04-24 21:00:00,0.11448
Netherlands,NLD,2025-04-24 20:00:00,2025-04-24 22:00:00,0.10653
Netherlands,NLD,2025-04-24 21:00:00,2025-04-24 23:00:00,0.09309999999999999
Netherlands,NLD,2025-04-24 22:00:00,2025-04-25 00:00:00,0.08863
Netherlands,NLD,2025-04-24 23:00:00,2025-04-25 01:00:00,0.08055
Netherlands,NLD,2025-04-25 00:00:00,2025-04-25 02:00:00,0.08056
Netherlands,NLD,2025-04-25 01:00:00,2025-04-25 03:00:00,0.08045000000000001
Netherlands,NLD,2025-04-25 02:00:00,2025-04-25 04:00:00,0.08231000000000001
Netherlands,NLD,2025-04-25 03:00:00,2025-04-25 05:00:00,0.09161
Netherlands,NLD,2025-04-25 04:00:00,2025-04-25 06:00:00,0.10294
Netherlands,NLD,2025-04-25 05:00:00,2025-04-25 07:00:00,0.11339
Netherlands,NLD,2025-04-25 06:00:00,2025-04-25 08:00:00,0.11305
Netherlands,NLD,2025-04-25 07:00:00,2025-04-25 09:00:00,0.09941
Netherlands,NLD,2025-04-25 08:00:00,2025-04-25 10:00:00,0.09333
Netherlands,NLD,2025-04-25 09:00:00,2025-04-25 11:00:00,0.08165
Netherlands,NLD,2025-04-25 10:00:00,2025-04-25 12:00:00,0.06498999999999999
Netherlands,NLD,2025-04-25 11:00:00,2025-04-25 13:00:00,0.04598
Netherlands,NLD,2025-04-25 12:00:00,2025-04-25 14:00:00,0.03775
Netherlands,NLD,2025-04-25 13:00:00,2025-04-25 15:00:00,0.05276
Netherlands,NLD,2025-04-25 14:00:00,2025-04-25 16:00:00,0.0649
Netherlands,NLD,2025-04-25 15:00:00,2025-04-25 17:00:00,0.082
Netherlands,NLD,2025-04-25 16:00:00,2025-04-25 18:00:00,0.09670000000000001
Netherlands,NLD,2025-04-25 17:00:00,2025-04-25 19:00:00,0.11495
Netherlands,NLD,2025-04-25 18:00:00,2025-04-25 20:00:00,0.12599
Netherlands,NLD,2025-04-25 19:00:00,2025-04-25 21:00:00,0.10962999999999999
Netherlands,NLD,2025-04-25 20:00:00,2025-04-25 22:00:00,0.10037
Netherlands,NLD,2025-04-25 21:00:00,2025-04-25 23:00:00,0.09209
Netherlands,NLD,2025-04-25 22:00:00,2025-04-26 00:00:00,0.09577
Netherlands,NLD,2025-04-25 23:00:00,2025-04-26 01:00:00,0.08777
Netherlands,NLD,2025-04-26 00:00:00,2025-04-26 02:00:00,0.08555
Netherlands,NLD,2025-04-26 01:00:00,2025-04-26 03:00:00,0.08478
Netherlands,NLD,2025-04-26 02:00:00,2025-04-26 04:00:00,0.08406999999999999
Netherlands,NLD,2025-04-26 03:00:00,2025-04-26 05:00:00,0.08659
Netherlands,NLD,2025-04-26 04:00:00,2025-04-26 06:00:00,0.09075
Netherlands,NLD,2025-04-26 05:00:00,2025-04-26 07:00:00,0.08859
Netherlands,NLD,2025-04-26 06:00:00,2025-04-26 08:00:00,0.08621
Netherlands,NLD,2025-04-26 07:00:00,2025-04-26 09:00:00,0.03445
Netherlands,NLD,2025-04-26 08:00:00,2025-04-26 10:00:00,0.0025499999999999997
Netherlands,NLD,2025-04-26 09:00:00,2025-04-26 11:00:00,-1e-05
Netherlands,NLD,2025-04-26 10:00:00,2025-04-26 12:00:00,-0.01337
Netherlands,NLD,2025-04-26 11:00:00,2025-04-26 13:00:00,-0.026199999999999998
Netherlands,NLD,2025-04-26 12:00:00,2025-04-26 14:00:00,-0.01679
Netherlands,NLD,2025-04-26 13:00:00,2025-04-26 15:00:00,-0.00216
Netherlands,NLD,2025-04-26 14:00:00,2025-04-26 16:00:00,-2e-05
Netherlands,NLD,2025-04-26 15:00:00,2025-04-26 17:00:00,0.030989999999999997
Netherlands,NLD,2025-04-26 16:00:00,2025-04-26 18:00:00,0.07886
Netherlands,NLD,2025-04-26 17:00:00,2025-04-26 19:00:00,0.09995
Netherlands,NLD,2025-04-26 18:00:00,2025-04-26 20:00:00,0.11488
Netherlands,NLD,2025-04-26 19:00:00,2025-04-26 21:00:00,0.10559
Netherlands,NLD,2025-04-26 20:00:00,2025-04-26 22:00:00,0.1
Netherlands,NLD,2025-04-26 21:00:00,2025-04-26 23:00:00,0.10154
Netherlands,NLD,2025-04-26 22:00:00,2025-04-27 00:00:00,0.11181999999999999
Netherlands,NLD,2025-04-26 23:00:00,2025-04-27 01:00:00,0.09559999999999999
Netherlands,NLD,2025-04-27 00:00:00,2025-04-27 02:00:00,0.09559999999999999
Netherlands,NLD,2025-04-27 01:00:00,2025-04-27 03:00:00,0.09559999999999999
Netherlands,NLD,2025-04-27 02:00:00,2025-04-27 04:00:00,0.09559999999999999
Netherlands,NLD,2025-04-27 03:00:00,2025-04-27 05:00:00,0.085
Netherlands,NLD,2025-04-27 04:00:00,2025-04-27 06:00:00,0.07977
Netherlands,NLD,2025-04-27 05:00:00,2025-04-27 07:00:00,0.0699
Netherlands,NLD,2025-04-27 06:00:00,2025-04-27 08:00:00,0.0399
Netherlands,NLD,2025-04-27 07:00:00,2025-04-27 09:00:00,4e-05
Netherlands,NLD,2025-04-27 08:00:00,2025-04-27 10:00:00,-0.003
Netherlands,NLD,2025-04-27 09:00:00,2025-04-27 11:00:00,-0.054
Netherlands,NLD,2025-04-27 10:00:00,2025-04-27 12:00:00,-0.14722
Netherlands,NLD,2025-04-27 11:00:00,2025-04-27 13:00:00,-0.1899
Netherlands,NLD,2025-04-27 12:00:00,2025-04-27 14:00:00,-0.15
Netherlands,NLD,2025-04-27 13:00:00,2025-04-27 15:00:00,-0.04998
Netherlands,NLD,2025-04-27 14:00:00,2025-04-27 16:00:00,-0.00517
Netherlands,NLD,2025-04-27 15:00:00,2025-04-27 17:00:00,0.01835
Netherlands,NLD,2025-04-27 16:00:00,2025-04-27 18:00:00,0.08973
Netherlands,NLD,2025-04-27 17:00:00,2025-04-27 19:00:00,0.11139
Netherlands,NLD,2025-04-27 18:00:00,2025-04-27 20:00:00,0.126
Netherlands,NLD,2025-04-27 19:00:00,2025-04-27 21:00:00,0.11
Netherlands,NLD,2025-04-27 20:00:00,2025-04-27 22:00:00,0.099
Netherlands,NLD,2025-04-27 21:00:00,2025-04-27 23:00:00,0.09356
Netherlands,NLD,2025-04-27 22:00:00,2025-04-28 00:00:00,0.0911
Netherlands,NLD,2025-04-27 23:00:00,2025-04-28 01:00:00,0.0851
Netherlands,NLD,2025-04-28 00:00:00,2025-04-28 02:00:00,0.0831
Netherlands,NLD,2025-04-28 01:00:00,2025-04-28 03:00:00,0.08429
Netherlands,NLD,2025-04-28 02:00:00,2025-04-28 04:00:00,0.09082
Netherlands,NLD,2025-04-28 03:00:00,2025-04-28 05:00:00,0.09709000000000001
Netherlands,NLD,2025-04-28 04:00:00,2025-04-28 06:00:00,0.14
Netherlands,NLD,2025-04-28 05:00:00,2025-04-28 07:00:00,0.13109
Netherlands,NLD,2025-04-28 06:00:00,2025-04-28 08:00:00,0.09679
Netherlands,NLD,2025-04-28 07:00:00,2025-04-28 09:00:00,0.06737
Netherlands,NLD,2025-04-28 08:00:00,2025-04-28 10:00:00,0.01
Netherlands,NLD,2025-04-28 09:00:00,2025-04-28 11:00:00,-1e-05
Netherlands,NLD,2025-04-28 10:00:00,2025-04-28 12:00:00,-0.006809999999999999
Netherlands,NLD,2025-04-28 11:00:00,2025-04-28 13:00:00,-0.005900000000000001
Netherlands,NLD,2025-04-28 12:00:00,2025-04-28 14:00:00,-0.00618
Netherlands,NLD,2025-04-28 13:00:00,2025-04-28 15:00:00,-0.0015400000000000001
Netherlands,NLD,2025-04-28 14:00:00,2025-04-28 16:00:00,0.00174
Netherlands,NLD,2025-04-28 15:00:00,2025-04-28 17:00:00,0.06867
Netherlands,NLD,2025-04-28 16:00:00,2025-04-28 18:00:00,0.095
Netherlands,NLD,2025-04-28 17:00:00,2025-04-28 19:00:00,0.13975
Netherlands,NLD,2025-04-28 18:00:00,2025-04-28 20:00:00,0.19244
Netherlands,NLD,2025-04-28 19:00:00,2025-04-28 21:00:00,0.12883
Netherlands,NLD,2025-04-28 20:00:00,2025-04-28 22:00:00,0.106
Netherlands,NLD,2025-04-28 21:00:00,2025-04-28 23:00:00,0.09616
Netherlands,NLD,2025-04-28 22:00:00,2025-04-29 00:00:00,0.08947
Netherlands,NLD,2025-04-28 23:00:00,2025-04-29 01:00:00,0.08508
Netherlands,NLD,2025-04-29 00:00:00,2025-04-29 02:00:00,0.08031
Netherlands,NLD,2025-04-29 01:00:00,2025-04-29 03:00:00,0.07764
Netherlands,NLD,2025-04-29 02:00:00,2025-04-29 04:00:00,0.07676999999999999
Netherlands,NLD,2025-04-29 03:00:00,2025-04-29 05:00:00,0.08518
Netherlands,NLD,2025-04-29 04:00:00,2025-04-29 06:00:00,0.10624
Netherlands,NLD,2025-04-29 05:00:00,2025-04-29 07:00:00,0.11247
Netherlands,NLD,2025-04-29 06:00:00,2025-04-29 08:00:00,0.09998
Netherlands,NLD,2025-04-29 07:00:00,2025-04-29 09:00:00,0.078
Netherlands,NLD,2025-04-29 08:00:00,2025-04-29 10:00:00,0.0089
Netherlands,NLD,2025-04-29 09:00:00,2025-04-29 11:00:00,0.0
Netherlands,NLD,2025-04-29 10:00:00,2025-04-29 12:00:00,-0.00076
Netherlands,NLD,2025-04-29 11:00:00,2025-04-29 13:00:00,-0.0019
Netherlands,NLD,2025-04-29 12:00:00,2025-04-29 14:00:00,-0.0016699999999999998
Netherlands,NLD,2025-04-29 13:00:00,2025-04-29 15:00:00,-1e-05
Netherlands,NLD,2025-04-29 14:00:00,2025-04-29 16:00:00,0.01287
Netherlands,NLD,2025-04-29 15:00:00,2025-04-29 17:00:00,0.07379999999999999
Netherlands,NLD,2025-04-29 16:00:00,2025-04-29 18:00:00,0.09733
Netherlands,NLD,2025-04-29 17:00:00,2025-04-29 19:00:00,0.125
Netherlands,NLD,2025-04-29 18:00:00,2025-04-29 20:00:00,0.15786
Netherlands,NLD,2025-04-29 19:00:00,2025-04-29 21:00:00,0.12911
Netherlands,NLD,2025-04-29 20:00:00,2025-04-29 22:00:00,0.10653
Netherlands,NLD,2025-04-29 21:00:00,2025-04-29 23:00:00,0.0965
Netherlands,NLD,2025-04-29 22:00:00,2025-04-30 00:00:00,0.095
Netherlands,NLD,2025-04-29 23:00:00,2025-04-30 01:00:00,0.08990999999999999
Netherlands,NLD,2025-04-30 00:00:00,2025-04-30 02:00:00,0.08549
Netherlands,NLD,2025-04-30 01:00:00,2025-04-30 03:00:00,0.08677
Netherlands,NLD,2025-04-30 02:00:00,2025-04-30 04:00:00,0.08868000000000001
Netherlands,NLD,2025-04-30 03:00:00,2025-04-30 05:00:00,0.09378
Netherlands,NLD,2025-04-30 04:00:00,2025-04-30 06:00:00,0.11527
Netherlands,NLD,2025-04-30 05:00:00,2025-04-30 07:00:00,0.12029999999999999
Netherlands,NLD,2025-04-30 06:00:00,2025-04-30 08:00:00,0.0999
Netherlands,NLD,2025-04-30 07:00:00,2025-04-30 09:00:00,0.08781
Netherlands,NLD,2025-04-30 08:00:00,2025-04-30 10:00:00,0.00708
Netherlands,NLD,2025-04-30 09:00:00,2025-04-30 11:00:00,0.0
Netherlands,NLD,2025-04-30 10:00:00,2025-04-30 12:00:00,-0.001
Netherlands,NLD,2025-04-30 11:00:00,2025-04-30 13:00:00,-0.00621
Netherlands,NLD,2025-04-30 12:00:00,2025-04-30 14:00:00,-0.003
Netherlands,NLD,2025-04-30 13:00:00,2025-04-30 15:00:00,-2e-05
Netherlands,NLD,2025-04-30 14:00:00,2025-04-30 16:00:00,0.01727
Netherlands,NLD,2025-04-30 15:00:00,2025-04-30 17:00:00,0.07618000000000001
Netherlands,NLD,2025-04-30 16:00:00,2025-04-30 18:00:00,0.099
Netherlands,NLD,2025-04-30 17:00:00,2025-04-30 19:00:00,0.1254
Netherlands,NLD,2025-04-30 18:00:00,2025-04-30 20:00:00,0.17643
Netherlands,NLD,2025-04-30 19:00:00,2025-04-30 21:00:00,0.128
Netherlands,NLD,2025-04-30 20:00:00,2025-04-30 22:00:00,0.10801000000000001
Netherlands,NLD,2025-04-30 21:00:00,2025-04-30 23:00:00,0.09753
Netherlands,NLD,2025-04-30 22:00:00,2025-05-01 00:00:00,0.09295
Netherlands,NLD,2025-04-30 23:00:00,2025-05-01 01:00:00,0.08745
Netherlands,NLD,2025-05-01 00:00:00,2025-05-01 02:00:00,0.08593
Netherlands,NLD,2025-05-01 01:00:00,2025-05-01 03:00:00,0.08664
Netherlands,NLD,2025-05-01 02:00:00,2025-05-01 04:00:00,0.0859
Netherlands,NLD,2025-05-01 03:00:00,2025-05-01 05:00:00,0.08070000000000001
Netherlands,NLD,2025-05-01 04:00:00,2025-05-01 06:00:00,0.08725
Netherlands,NLD,2025-05-01 05:00:00,2025-05-01 07:00:00,0.08741
Netherlands,NLD,2025-05-01 06:00:00,2025-05-01 08:00:00,0.08518
Netherlands,NLD,2025-05-01 07:00:00,2025-05-01 09:00:00,0.0
Netherlands,NLD,2025-05-01 08:00:00,2025-05-01 10:00:00,-0.003
Netherlands,NLD,2025-05-01 09:00:00,2025-05-01 11:00:00,-0.040100000000000004
Netherlands,NLD,2025-05-01 10:00:00,2025-05-01 12:00:00,-0.10807
Netherlands,NLD,2025-05-01 11:00:00,2025-05-01 13:00:00,-0.14242
Netherlands,NLD,2025-05-01 12:00:00,2025-05-01 14:00:00,-0.1181
Netherlands,NLD,2025-05-01 13:00:00,2025-05-01 15:00:00,-0.04999
Netherlands,NLD,2025-05-01 14:00:00,2025-05-01 16:00:00,-0.00517
Netherlands,NLD,2025-05-01 15:00:00,2025-05-01 17:00:00,0.04624
Netherlands,NLD,2025-05-01 16:00:00,2025-05-01 18:00:00,0.09617
Netherlands,NLD,2025-05-01 17:00:00,2025-05-01 19:00:00,0.12987
Netherlands,NLD,2025-05-01 18:00:00,2025-05-01 20:00:00,0.16508
Netherlands,NLD,2025-05-01 19:00:00,2025-05-01 21:00:00,0.1267
Netherlands,NLD,2025-05-01 20:00:00,2025-05-01 22:00:00,0.10486
Netherlands,NLD,2025-05-01 21:00:00,2025-05-01 23:00:00,0.09089
Netherlands,NLD,2025-05-01 22:00:00,2025-05-02 00:00:00,0.096
Netherlands,NLD,2025-05-01 23:00:00,2025-05-02 01:00:00,0.0922
Netherlands,NLD,2025-05-02 00:00:00,2025-05-02 02:00:00,0.082
Netherlands,NLD,2025-05-02 01:00:00,2025-05-02 03:00:00,0.07154
Netherlands,NLD,2025-05-02 02:00:00,2025-05-02 04:00:00,0.06868
Netherlands,NLD,2025-05-02 03:00:00,2025-05-02 05:00:00,0.07
Netherlands,NLD,2025-05-02 04:00:00,2025-05-02 06:00:00,0.0884
Netherlands,NLD,2025-05-02 05:00:00,2025-05-02 07:00:00,0.1029
Netherlands,NLD,2025-05-02 06:00:00,2025-05-02 08:00:00,0.09375
Netherlands,NLD,2025-05-02 07:00:00,2025-05-02 09:00:00,0.07639
Netherlands,NLD,2025-05-02 08:00:00,2025-05-02 10:00:00,0.00085
Netherlands,NLD,2025-05-02 09:00:00,2025-05-02 11:00:00,-1e-05
Netherlands,NLD,2025-05-02 10:00:00,2025-05-02 12:00:00,-0.0008
Netherlands,NLD,2025-05-02 11:00:00,2025-05-02 13:00:00,-0.003
Netherlands,NLD,2025-05-02 12:00:00,2025-05-02 14:00:00,-0.004
Netherlands,NLD,2025-05-02 13:00:00,2025-05-02 15:00:00,-8e-05
Netherlands,NLD,2025-05-02 14:00:00,2025-05-02 16:00:00,0.0003
Netherlands,NLD,2025-05-02 15:00:00,2025-05-02 17:00:00,0.061439999999999995
Netherlands,NLD,2025-05-02 16:00:00,2025-05-02 18:00:00,0.09518
Netherlands,NLD,2025-05-02 17:00:00,2025-05-02 19:00:00,0.10798
Netherlands,NLD,2025-05-02 18:00:00,2025-05-02 20:00:00,0.14035
Netherlands,NLD,2025-05-02 19:00:00,2025-05-02 21:00:00,0.11773
Netherlands,NLD,2025-05-02 20:00:00,2025-05-02 22:00:00,0.10326
Netherlands,NLD,2025-05-02 21:00:00,2025-05-02 23:00:00,0.0928
Netherlands,NLD,2025-05-02 22:00:00,2025-05-03 00:00:00,0.09373999999999999
Netherlands,NLD,2025-05-02 23:00:00,2025-05-03 01:00:00,0.089
Netherlands,NLD,2025-05-03 00:00:00,2025-05-03 02:00:00,0.08872
Netherlands,NLD,2025-05-03 01:00:00,2025-05-03 03:00:00,0.09245
Netherlands,NLD,2025-05-03 02:00:00,2025-05-03 04:00:00,0.09544
Netherlands,NLD,2025-05-03 03:00:00,2025-05-03 05:00:00,0.09720000000000001
Netherlands,NLD,2025-05-03 04:00:00,2025-05-03 06:00:00,0.10164
Netherlands,NLD,2025-05-03 05:00:00,2025-05-03 07:00:00,0.09736
Netherlands,NLD,2025-05-03 06:00:00,2025-05-03 08:00:00,0.08586
Netherlands,NLD,2025-05-03 07:00:00,2025-05-03 09:00:00,0.013529999999999999
Netherlands,NLD,2025-05-03 08:00:00,2025-05-03 10:00:00,1e-05
Netherlands,NLD,2025-05-03 09:00:00,2025-05-03 11:00:00,-1e-05
Netherlands,NLD,2025-05-03 10:00:00,2025-05-03 12:00:00,-0.00116
Netherlands,NLD,2025-05-03 11:00:00,2025-05-03 13:00:00,-0.00304
Netherlands,NLD,2025-05-03 12:00:00,2025-05-03 14:00:00,-0.00269
Netherlands,NLD,2025-05-03 13:00:00,2025-05-03 15:00:00,-2.9999999999999997e-05
Netherlands,NLD,2025-05-03 14:00:00,2025-05-03 16:00:00,0.0
Netherlands,NLD,2025-05-03 15:00:00,2025-05-03 17:00:00,0.02691
Netherlands,NLD,2025-05-03 16:00:00,2025-05-03 18:00:00,0.0601
Netherlands,NLD,2025-05-03 17:00:00,2025-05-03 19:00:00,0.07422
Netherlands,NLD,2025-05-03 18:00:00,2025-05-03 20:00:00,0.08628
Netherlands,NLD,2025-05-03 19:00:00,2025-05-03 21:00:00,0.08537
Netherlands,NLD,2025-05-03 20:00:00,2025-05-03 22:00:00,0.09295
Netherlands,NLD,2025-05-03 21:00:00,2025-05-03 23:00:00,0.086
Netherlands,NLD,2025-05-03 22:00:00,2025-05-04 00:00:00,0.05995
Netherlands,NLD,2025-05-03 23:00:00,2025-05-04 01:00:00,0.044899999999999995
Netherlands,NLD,2025-05-04 00:00:00,2025-05-04 02:00:00,0.0334
Netherlands,NLD,2025-05-04 01:00:00,2025-05-04 03:00:00,0.02161
Netherlands,NLD,2025-05-04 02:00:00,2025-05-04 04:00:00,0.02002
Netherlands,NLD,2025-05-04 03:00:00,2025-05-04 05:00:00,0.01558
Netherlands,NLD,2025-05-04 04:00:00,2025-05-04 06:00:00,0.013619999999999998
Netherlands,NLD,2025-05-04 05:00:00,2025-05-04 07:00:00,0.00783
Netherlands,NLD,2025-05-04 06:00:00,2025-05-04 08:00:00,0.0029300000000000003
Netherlands,NLD,2025-05-04 07:00:00,2025-05-04 09:00:00,0.0
Netherlands,NLD,2025-05-04 08:00:00,2025-05-04 10:00:00,-1e-05
Netherlands,NLD,2025-05-04 09:00:00,2025-05-04 11:00:00,-1e-05
Netherlands,NLD,2025-05-04 10:00:00,2025-05-04 12:00:00,-2e-05
Netherlands,NLD,2025-05-04 11:00:00,2025-05-04 13:00:00,-0.002
Netherlands,NLD,2025-05-04 12:00:00,2025-05-04 14:00:00,-0.00501
Netherlands,NLD,2025-05-04 13:00:00,2025-05-04 15:00:00,-0.00159
Netherlands,NLD,2025-05-04 14:00:00,2025-05-04 16:00:00,-1e-05
Netherlands,NLD,2025-05-04 15:00:00,2025-05-04 17:00:00,0.00894
Netherlands,NLD,2025-05-04 16:00:00,2025-05-04 18:00:00,0.07324
Netherlands,NLD,2025-05-04 17:00:00,2025-05-04 19:00:00,0.09
Netherlands,NLD,2025-05-04 18:00:00,2025-05-04 20:00:00,0.10497
Netherlands,NLD,2025-05-04 19:00:00,2025-05-04 21:00:00,0.1182
Netherlands,NLD,2025-05-04 20:00:00,2025-05-04 22:00:00,0.10479000000000001
Netherlands,NLD,2025-05-04 21:00:00,2025-05-04 23:00:00,0.08436
Netherlands,NLD,2025-05-04 22:00:00,2025-05-05 00:00:00,0.08355
Netherlands,NLD,2025-05-04 23:00:00,2025-05-05 01:00:00,0.07071
Netherlands,NLD,2025-05-05 00:00:00,2025-05-05 02:00:00,0.08159999999999999
Netherlands,NLD,2025-05-05 01:00:00,2025-05-05 03:00:00,0.08561
Netherlands,NLD,2025-05-05 02:00:00,2025-05-05 04:00:00,0.082
Netherlands,NLD,2025-05-05 03:00:00,2025-05-05 05:00:00,0.08979999999999999
Netherlands,NLD,2025-05-05 04:00:00,2025-05-05 06:00:00,0.11714
Netherlands,NLD,2025-05-05 05:00:00,2025-05-05 07:00:00,0.11695
Netherlands,NLD,2025-05-05 06:00:00,2025-05-05 08:00:00,0.0995
Netherlands,NLD,2025-05-05 07:00:00,2025-05-05 09:00:00,0.08093
Netherlands,NLD,2025-05-05 08:00:00,2025-05-05 10:00:00,0.07013
Netherlands,NLD,2025-05-05 09:00:00,2025-05-05 11:00:00,0.053869999999999994
Netherlands,NLD,2025-05-05 10:00:00,2025-05-05 12:00:00,0.004900000000000001
Netherlands,NLD,2025-05-05 11:00:00,2025-05-05 13:00:00,-0.002
Netherlands,NLD,2025-05-05 12:00:00,2025-05-05 14:00:00,-0.002
Netherlands,NLD,2025-05-05 13:00:00,2025-05-05 15:00:00,-0.0016
Netherlands,NLD,2025-05-05 14:00:00,2025-05-05 16:00:00,0.001
Netherlands,NLD,2025-05-05 15:00:00,2025-05-05 17:00:00,0.07656
Netherlands,NLD,2025-05-05 16:00:00,2025-05-05 18:00:00,0.08653
Netherlands,NLD,2025-05-05 17:00:00,2025-05-05 19:00:00,0.11155
Netherlands,NLD,2025-05-05 18:00:00,2025-05-05 20:00:00,0.1
Netherlands,NLD,2025-05-05 19:00:00,2025-05-05 21:00:00,0.119
Netherlands,NLD,2025-05-05 20:00:00,2025-05-05 22:00:00,0.10313
Netherlands,NLD,2025-05-05 21:00:00,2025-05-05 23:00:00,0.08943000000000001
Netherlands,NLD,2025-05-05 22:00:00,2025-05-06 00:00:00,0.08245999999999999
Netherlands,NLD,2025-05-05 23:00:00,2025-05-06 01:00:00,0.08141
Netherlands,NLD,2025-05-06 00:00:00,2025-05-06 02:00:00,0.086
Netherlands,NLD,2025-05-06 01:00:00,2025-05-06 03:00:00,0.08486
Netherlands,NLD,2025-05-06 02:00:00,2025-05-06 04:00:00,0.08219
Netherlands,NLD,2025-05-06 03:00:00,2025-05-06 05:00:00,0.09165999999999999
Netherlands,NLD,2025-05-06 04:00:00,2025-05-06 06:00:00,0.1102
Netherlands,NLD,2025-05-06 05:00:00,2025-05-06 07:00:00,0.12538
Netherlands,NLD,2025-05-06 06:00:00,2025-05-06 08:00:00,0.10675
Netherlands,NLD,2025-05-06 07:00:00,2025-05-06 09:00:00,0.092
Netherlands,NLD,2025-05-06 08:00:00,2025-05-06 10:00:00,0.066
Netherlands,NLD,2025-05-06 09:00:00,2025-05-06 11:00:00,0.05213
Netherlands,NLD,2025-05-06 10:00:00,2025-05-06 12:00:00,0.037340000000000005
Netherlands,NLD,2025-05-06 11:00:00,2025-05-06 13:00:00,0.032159999999999994
Netherlands,NLD,2025-05-06 12:00:00,2025-05-06 14:00:00,0.038770000000000006
Netherlands,NLD,2025-05-06 13:00:00,2025-05-06 15:00:00,0.056240000000000005
Netherlands,NLD,2025-05-06 14:00:00,2025-05-06 16:00:00,0.06382
Netherlands,NLD,2025-05-06 15:00:00,2025-05-06 17:00:00,0.07858
Netherlands,NLD,2025-05-06 16:00:00,2025-05-06 18:00:00,0.09334
Netherlands,NLD,2025-05-06 17:00:00,2025-05-06 19:00:00,0.12355
Netherlands,NLD,2025-05-06 18:00:00,2025-05-06 20:00:00,0.16769
Netherlands,NLD,2025-05-06 19:00:00,2025-05-06 21:00:00,0.1401
Netherlands,NLD,2025-05-06 20:00:00,2025-05-06 22:00:00,0.12279999999999999
Netherlands,NLD,2025-05-06 21:00:00,2025-05-06 23:00:00,0.10204
Netherlands,NLD,2025-05-06 22:00:00,2025-05-07 00:00:00,0.0882
Netherlands,NLD,2025-05-06 23:00:00,2025-05-07 01:00:00,0.08264
Netherlands,NLD,2025-05-07 00:00:00,2025-05-07 02:00:00,0.08178
Netherlands,NLD,2025-05-07 01:00:00,2025-05-07 03:00:00,0.08533
Netherlands,NLD,2025-05-07 02:00:00,2025-05-07 04:00:00,0.09727
Netherlands,NLD,2025-05-07 03:00:00,2025-05-07 05:00:00,0.1125
Netherlands,NLD,2025-05-07 04:00:00,2025-05-07 06:00:00,0.13752
Netherlands,NLD,2025-05-07 05:00:00,2025-05-07 07:00:00,0.14395
Netherlands,NLD,2025-05-07 06:00:00,2025-05-07 08:00:00,0.13016
Netherlands,NLD,2025-05-07 07:00:00,2025-05-07 09:00:00,0.09686
Netherlands,NLD,2025-05-07 08:00:00,2025-05-07 10:00:00,0.07861
Netherlands,NLD,2025-05-07 09:00:00,2025-05-07 11:00:00,0.06636
Netherlands,NLD,2025-05-07 10:00:00,2025-05-07 12:00:00,0.0572
Netherlands,NLD,2025-05-07 11:00:00,2025-05-07 13:00:00,0.05638
Netherlands,NLD,2025-05-07 12:00:00,2025-05-07 14:00:00,0.0599
Netherlands,NLD,2025-05-07 13:00:00,2025-05-07 15:00:00,0.06684
Netherlands,NLD,2025-05-07 14:00:00,2025-05-07 16:00:00,0.07296
Netherlands,NLD,2025-05-07 15:00:00,2025-05-07 17:00:00,0.0847
Netherlands,NLD,2025-05-07 16:00:00,2025-05-07 18:00:00,0.09992
Netherlands,NLD,2025-05-07 17:00:00,2025-05-07 19:00:00,0.11957
Netherlands,NLD,2025-05-07 18:00:00,2025-05-07 20:00:00,0.151
Netherlands,NLD,2025-05-07 19:00:00,2025-05-07 21:00:00,0.12704000000000001
Netherlands,NLD,2025-05-07 20:00:00,2025-05-07 22:00:00,0.10559
Netherlands,NLD,2025-05-07 21:00:00,2025-05-07 23:00:00,0.09311
Netherlands,NLD,2025-05-07 22:00:00,2025-05-08 00:00:00,0.09159
Netherlands,NLD,2025-05-07 23:00:00,2025-05-08 01:00:00,0.08759
Netherlands,NLD,2025-05-08 00:00:00,2025-05-08 02:00:00,0.0874
Netherlands,NLD,2025-05-08 01:00:00,2025-05-08 03:00:00,0.08832
Netherlands,NLD,2025-05-08 02:00:00,2025-05-08 04:00:00,0.09609000000000001
Netherlands,NLD,2025-05-08 03:00:00,2025-05-08 05:00:00,0.10887000000000001
Netherlands,NLD,2025-05-08 04:00:00,2025-05-08 06:00:00,0.12406
Netherlands,NLD,2025-05-08 05:00:00,2025-05-08 07:00:00,0.13893
Netherlands,NLD,2025-05-08 06:00:00,2025-05-08 08:00:00,0.12838999999999998
Netherlands,NLD,2025-05-08 07:00:00,2025-05-08 09:00:00,0.09629
Netherlands,NLD,2025-05-08 08:00:00,2025-05-08 10:00:00,0.08195000000000001
Netherlands,NLD,2025-05-08 09:00:00,2025-05-08 11:00:00,0.06299
Netherlands,NLD,2025-05-08 10:00:00,2025-05-08 12:00:00,0.054049999999999994
Netherlands,NLD,2025-05-08 11:00:00,2025-05-08 13:00:00,0.05
Netherlands,NLD,2025-05-08 12:00:00,2025-05-08 14:00:00,0.056
Netherlands,NLD,2025-05-08 13:00:00,2025-05-08 15:00:00,0.06597
Netherlands,NLD,2025-05-08 14:00:00,2025-05-08 16:00:00,0.07554999999999999
Netherlands,NLD,2025-05-08 15:00:00,2025-05-08 17:00:00,0.08126
Netherlands,NLD,2025-05-08 16:00:00,2025-05-08 18:00:00,0.09676
Netherlands,NLD,2025-05-08 17:00:00,2025-05-08 19:00:00,0.1272
Netherlands,NLD,2025-05-08 18:00:00,2025-05-08 20:00:00,0.18569
Netherlands,NLD,2025-05-08 19:00:00,2025-05-08 21:00:00,0.14787
Netherlands,NLD,2025-05-08 20:00:00,2025-05-08 22:00:00,0.11072
Netherlands,NLD,2025-05-08 21:00:00,2025-05-08 23:00:00,0.10239
Netherlands,NLD,2025-05-08 22:00:00,2025-05-09 00:00:00,0.10365
Netherlands,NLD,2025-05-08 23:00:00,2025-05-09 01:00:00,0.09087999999999999
Netherlands,NLD,2025-05-09 00:00:00,2025-05-09 02:00:00,0.08832999999999999
Netherlands,NLD,2025-05-09 01:00:00,2025-05-09 03:00:00,0.08965999999999999
Netherlands,NLD,2025-05-09 02:00:00,2025-05-09 04:00:00,0.099
Netherlands,NLD,2025-05-09 03:00:00,2025-05-09 05:00:00,0.10906999999999999
Netherlands,NLD,2025-05-09 04:00:00,2025-05-09 06:00:00,0.141
Netherlands,NLD,2025-05-09 05:00:00,2025-05-09 07:00:00,0.13788
Netherlands,NLD,2025-05-09 06:00:00,2025-05-09 08:00:00,0.10722
Netherlands,NLD,2025-05-09 07:00:00,2025-05-09 09:00:00,0.07753
Netherlands,NLD,2025-05-09 08:00:00,2025-05-09 10:00:00,0.04618
Netherlands,NLD,2025-05-09 09:00:00,2025-05-09 11:00:00,0.0001
Netherlands,NLD,2025-05-09 10:00:00,2025-05-09 12:00:00,-0.00054
Netherlands,NLD,2025-05-09 11:00:00,2025-05-09 13:00:00,-2.9999999999999997e-05
Netherlands,NLD,2025-05-09 12:00:00,2025-05-09 14:00:00,-1e-05
Netherlands,NLD,2025-05-09 13:00:00,2025-05-09 15:00:00,-0.0002
Netherlands,NLD,2025-05-09 14:00:00,2025-05-09 16:00:00,0.046009999999999995
Netherlands,NLD,2025-05-09 15:00:00,2025-05-09 17:00:00,0.07004
Netherlands,NLD,2025-05-09 16:00:00,2025-05-09 18:00:00,0.09325
Netherlands,NLD,2025-05-09 17:00:00,2025-05-09 19:00:00,0.11968999999999999
Netherlands,NLD,2025-05-09 18:00:00,2025-05-09 20:00:00,0.15256
Netherlands,NLD,2025-05-09 19:00:00,2025-05-09 21:00:00,0.13883
Netherlands,NLD,2025-05-09 20:00:00,2025-05-09 22:00:00,0.11299
Netherlands,NLD,2025-05-09 21:00:00,2025-05-09 23:00:00,0.09806000000000001
Netherlands,NLD,2025-05-09 22:00:00,2025-05-10 00:00:00,0.116
Netherlands,NLD,2025-05-09 23:00:00,2025-05-10 01:00:00,0.09692
Netherlands,NLD,2025-05-10 00:00:00,2025-05-10 02:00:00,0.09287000000000001
Netherlands,NLD,2025-05-10 01:00:00,2025-05-10 03:00:00,0.09570000000000001
Netherlands,NLD,2025-05-10 02:00:00,2025-05-10 04:00:00,0.10148
Netherlands,NLD,2025-05-10 03:00:00,2025-05-10 05:00:00,0.10047
Netherlands,NLD,2025-05-10 04:00:00,2025-05-10 06:00:00,0.09781999999999999
Netherlands,NLD,2025-05-10 05:00:00,2025-05-10 07:00:00,0.09648000000000001
Netherlands,NLD,2025-05-10 06:00:00,2025-05-10 08:00:00,0.07499
Netherlands,NLD,2025-05-10 07:00:00,2025-05-10 09:00:00,0.008289999999999999
Netherlands,NLD,2025-05-10 08:00:00,2025-05-10 10:00:00,-7.000000000000001e-05
Netherlands,NLD,2025-05-10 09:00:00,2025-05-10 11:00:00,-0.02291
Netherlands,NLD,2025-05-10 10:00:00,2025-05-10 12:00:00,-0.07
Netherlands,NLD,2025-05-10 11:00:00,2025-05-10 13:00:00,-0.1271
Netherlands,NLD,2025-05-10 12:00:00,2025-05-10 14:00:00,-0.11061
Netherlands,NLD,2025-05-10 13:00:00,2025-05-10 15:00:00,-0.0495
Netherlands,NLD,2025-05-10 14:00:00,2025-05-10 16:00:00,-0.00591
Netherlands,NLD,2025-05-10 15:00:00,2025-05-10 17:00:00,0.02017
Netherlands,NLD,2025-05-10 16:00:00,2025-05-10 18:00:00,0.084
Netherlands,NLD,2025-05-10 17:00:00,2025-05-10 19:00:00,0.11320000000000001
Netherlands,NLD,2025-05-10 18:00:00,2025-05-10 20:00:00,0.14514
Netherlands,NLD,2025-05-10 19:00:00,2025-05-10 21:00:00,0.13124
Netherlands,NLD,2025-05-10 20:00:00,2025-05-10 22:00:00,0.1024
Netherlands,NLD,2025-05-10 21:00:00,2025-05-10 23:00:00,0.08956
Netherlands,NLD,2025-05-10 22:00:00,2025-05-11 00:00:00,0.0978
Netherlands,NLD,2025-05-10 23:00:00,2025-05-11 01:00:00,0.08992
Netherlands,NLD,2025-05-11 00:00:00,2025-05-11 02:00:00,0.09006
Netherlands,NLD,2025-05-11 01:00:00,2025-05-11 03:00:00,0.08972
Netherlands,NLD,2025-05-11 02:00:00,2025-05-11 04:00:00,0.08949
Netherlands,NLD,2025-05-11 03:00:00,2025-05-11 05:00:00,0.08946
Netherlands,NLD,2025-05-11 04:00:00,2025-05-11 06:00:00,0.08234
Netherlands,NLD,2025-05-11 05:00:00,2025-05-11 07:00:00,0.06222
Netherlands,NLD,2025-05-11 06:00:00,2025-05-11 08:00:00,0.00496
Netherlands,NLD,2025-05-11 07:00:00,2025-05-11 09:00:00,-0.0001
Netherlands,NLD,2025-05-11 08:00:00,2025-05-11 10:00:00,-0.01201
Netherlands,NLD,2025-05-11 09:00:00,2025-05-11 11:00:00,-0.06742000000000001
Netherlands,NLD,2025-05-11 10:00:00,2025-05-11 12:00:00,-0.31912
Netherlands,NLD,2025-05-11 11:00:00,2025-05-11 13:00:00,-0.35
Netherlands,NLD,2025-05-11 12:00:00,2025-05-11 14:00:00,-0.29993000000000003
Netherlands,NLD,2025-05-11 13:00:00,2025-05-11 15:00:00,-0.10995999999999999
Netherlands,NLD,2025-05-11 14:00:00,2025-05-11 16:00:00,-0.018449999999999998
Netherlands,NLD,2025-05-11 15:00:00,2025-05-11 17:00:00,-0.00011999999999999999
Netherlands,NLD,2025-05-11 16:00:00,2025-05-11 18:00:00,0.07701000000000001
Netherlands,NLD,2025-05-11 17:00:00,2025-05-11 19:00:00,0.11195000000000001
Netherlands,NLD,2025-05-11 18:00:00,2025-05-11 20:00:00,0.12486
Netherlands,NLD,2025-05-11 19:00:00,2025-05-11 21:00:00,0.1153
Netherlands,NLD,2025-05-11 20:00:00,2025-05-11 22:00:00,0.09845000000000001
Netherlands,NLD,2025-05-11 21:00:00,2025-05-11 23:00:00,0.08468
Netherlands,NLD,2025-05-11 22:00:00,2025-05-12 00:00:00,0.08170000000000001
Netherlands,NLD,2025-05-11 23:00:00,2025-05-12 01:00:00,0.07725
Netherlands,NLD,2025-05-12 00:00:00,2025-05-12 02:00:00,0.07701999999999999
Netherlands,NLD,2025-05-12 01:00:00,2025-05-12 03:00:00,0.07744
Netherlands,NLD,2025-05-12 02:00:00,2025-05-12 04:00:00,0.08033
Netherlands,NLD,2025-05-12 03:00:00,2025-05-12 05:00:00,0.09115000000000001
Netherlands,NLD,2025-05-12 04:00:00,2025-05-12 06:00:00,0.12315000000000001
Netherlands,NLD,2025-05-12 05:00:00,2025-05-12 07:00:00,0.12771
Netherlands,NLD,2025-05-12 06:00:00,2025-05-12 08:00:00,0.10621
Netherlands,NLD,2025-05-12 07:00:00,2025-05-12 09:00:00,0.062259999999999996
Netherlands,NLD,2025-05-12 08:00:00,2025-05-12 10:00:00,-0.002
Netherlands,NLD,2025-05-12 09:00:00,2025-05-12 11:00:00,-0.006019999999999999
Netherlands,NLD,2025-05-12 10:00:00,2025-05-12 12:00:00,-0.04418
Netherlands,NLD,2025-05-12 11:00:00,2025-05-12 13:00:00,-0.056960000000000004
Netherlands,NLD,2025-05-12 12:00:00,2025-05-12 14:00:00,-0.048229999999999995
Netherlands,NLD,2025-05-12 13:00:00,2025-05-12 15:00:00,-0.01089
Netherlands,NLD,2025-05-12 14:00:00,2025-05-12 16:00:00,-0.00372
Netherlands,NLD,2025-05-12 15:00:00,2025-05-12 17:00:00,0.06447
Netherlands,NLD,2025-05-12 16:00:00,2025-05-12 18:00:00,0.09556999999999999
Netherlands,NLD,2025-05-12 17:00:00,2025-05-12 19:00:00,0.13001
Netherlands,NLD,2025-05-12 18:00:00,2025-05-12 20:00:00,0.16942
Netherlands,NLD,2025-05-12 19:00:00,2025-05-12 21:00:00,0.11758
Netherlands,NLD,2025-05-12 20:00:00,2025-05-12 22:00:00,0.10114
Netherlands,NLD,2025-05-12 21:00:00,2025-05-12 23:00:00,0.09043999999999999
Netherlands,NLD,2025-05-12 22:00:00,2025-05-13 00:00:00,0.08718000000000001
Netherlands,NLD,2025-05-12 23:00:00,2025-05-13 01:00:00,0.085
Netherlands,NLD,2025-05-13 00:00:00,2025-05-13 02:00:00,0.08503
Netherlands,NLD,2025-05-13 01:00:00,2025-05-13 03:00:00,0.09112
Netherlands,NLD,2025-05-13 02:00:00,2025-05-13 04:00:00,0.09362000000000001
Netherlands,NLD,2025-05-13 03:00:00,2025-05-13 05:00:00,0.09793
Netherlands,NLD,2025-05-13 04:00:00,2025-05-13 06:00:00,0.13031
Netherlands,NLD,2025-05-13 05:00:00,2025-05-13 07:00:00,0.12643000000000001
Netherlands,NLD,2025-05-13 06:00:00,2025-05-13 08:00:00,0.1019
Netherlands,NLD,2025-05-13 07:00:00,2025-05-13 09:00:00,0.07551000000000001
Netherlands,NLD,2025-05-13 08:00:00,2025-05-13 10:00:00,0.016
Netherlands,NLD,2025-05-13 09:00:00,2025-05-13 11:00:00,-0.00108
Netherlands,NLD,2025-05-13 10:00:00,2025-05-13 12:00:00,-0.0099
Netherlands,NLD,2025-05-13 11:00:00,2025-05-13 13:00:00,-0.02162
Netherlands,NLD,2025-05-13 12:00:00,2025-05-13 14:00:00,-0.00733
Netherlands,NLD,2025-05-13 13:00:00,2025-05-13 15:00:00,-0.0041600000000000005
Netherlands,NLD,2025-05-13 14:00:00,2025-05-13 16:00:00,0.0001
Netherlands,NLD,2025-05-13 15:00:00,2025-05-13 17:00:00,0.06925
Netherlands,NLD,2025-05-13 16:00:00,2025-05-13 18:00:00,0.097
Netherlands,NLD,2025-05-13 17:00:00,2025-05-13 19:00:00,0.12456999999999999
Netherlands,NLD,2025-05-13 18:00:00,2025-05-13 20:00:00,0.21292
Netherlands,NLD,2025-05-13 19:00:00,2025-05-13 21:00:00,0.14837
Netherlands,NLD,2025-05-13 20:00:00,2025-05-13 22:00:00,0.11223000000000001
Netherlands,NLD,2025-05-13 21:00:00,2025-05-13 23:00:00,0.09920999999999999
Netherlands,NLD,2025-05-13 22:00:00,2025-05-14 00:00:00,0.09748
Netherlands,NLD,2025-05-13 23:00:00,2025-05-14 01:00:00,0.08986
Netherlands,NLD,2025-05-14 00:00:00,2025-05-14 02:00:00,0.08778
Netherlands,NLD,2025-05-14 01:00:00,2025-05-14 03:00:00,0.0885
Netherlands,NLD,2025-05-14 02:00:00,2025-05-14 04:00:00,0.09451999999999999
Netherlands,NLD,2025-05-14 03:00:00,2025-05-14 05:00:00,0.10222
Netherlands,NLD,2025-05-14 04:00:00,2025-05-14 06:00:00,0.12858
Netherlands,NLD,2025-05-14 05:00:00,2025-05-14 07:00:00,0.12243000000000001
Netherlands,NLD,2025-05-14 06:00:00,2025-05-14 08:00:00,0.10162
Netherlands,NLD,2025-05-14 07:00:00,2025-05-14 09:00:00,0.06817000000000001
Netherlands,NLD,2025-05-14 08:00:00,2025-05-14 10:00:00,0.0001
Netherlands,NLD,2025-05-14 09:00:00,2025-05-14 11:00:00,-0.00263
Netherlands,NLD,2025-05-14 10:00:00,2025-05-14 12:00:00,-0.02777
Netherlands,NLD,2025-05-14 11:00:00,2025-05-14 13:00:00,-0.04287
Netherlands,NLD,2025-05-14 12:00:00,2025-05-14 14:00:00,-0.046
Netherlands,NLD,2025-05-14 13:00:00,2025-05-14 15:00:00,-0.01775
Netherlands,NLD,2025-05-14 14:00:00,2025-05-14 16:00:00,-0.002
Netherlands,NLD,2025-05-14 15:00:00,2025-05-14 17:00:00,0.02879
Netherlands,NLD,2025-05-14 16:00:00,2025-05-14 18:00:00,0.08456
Netherlands,NLD,2025-05-14 17:00:00,2025-05-14 19:00:00,0.10671
Netherlands,NLD,2025-05-14 18:00:00,2025-05-14 20:00:00,0.16271000000000002
Netherlands,NLD,2025-05-14 19:00:00,2025-05-14 21:00:00,0.13311
Netherlands,NLD,2025-05-14 20:00:00,2025-05-14 22:00:00,0.10856
Netherlands,NLD,2025-05-14 21:00:00,2025-05-14 23:00:00,0.0953
Netherlands,NLD,2025-05-14 22:00:00,2025-05-15 00:00:00,0.09702
Netherlands,NLD,2025-05-14 23:00:00,2025-05-15 01:00:00,0.088
Netherlands,NLD,2025-05-15 00:00:00,2025-05-15 02:00:00,0.08224
Netherlands,NLD,2025-05-15 01:00:00,2025-05-15 03:00:00,0.08167
Netherlands,NLD,2025-05-15 02:00:00,2025-05-15 04:00:00,0.08501
Netherlands,NLD,2025-05-15 03:00:00,2025-05-15 05:00:00,0.09483
Netherlands,NLD,2025-05-15 04:00:00,2025-05-15 06:00:00,0.1199
Netherlands,NLD,2025-05-15 05:00:00,2025-05-15 07:00:00,0.12785
Netherlands,NLD,2025-05-15 06:00:00,2025-05-15 08:00:00,0.11273999999999999
Netherlands,NLD,2025-05-15 07:00:00,2025-05-15 09:00:00,0.09409999999999999
Netherlands,NLD,2025-05-15 08:00:00,2025-05-15 10:00:00,0.00886
Netherlands,NLD,2025-05-15 09:00:00,2025-05-15 11:00:00,-8e-05
Netherlands,NLD,2025-05-15 10:00:00,2025-05-15 12:00:00,-0.009089999999999999
Netherlands,NLD,2025-05-15 11:00:00,2025-05-15 13:00:00,-0.03012
Netherlands,NLD,2025-05-15 12:00:00,2025-05-15 14:00:00,-0.03
Netherlands,NLD,2025-05-15 13:00:00,2025-05-15 15:00:00,-0.018600000000000002
Netherlands,NLD,2025-05-15 14:00:00,2025-05-15 16:00:00,-0.002
Netherlands,NLD,2025-05-15 15:00:00,2025-05-15 17:00:00,0.0
Netherlands,NLD,2025-05-15 16:00:00,2025-05-15 18:00:00,0.06891
Netherlands,NLD,2025-05-15 17:00:00,2025-05-15 19:00:00,0.09927
Netherlands,NLD,2025-05-15 18:00:00,2025-05-15 20:00:00,0.13074000000000002
Netherlands,NLD,2025-05-15 19:00:00,2025-05-15 21:00:00,0.12513
Netherlands,NLD,2025-05-15 20:00:00,2025-05-15 22:00:00,0.11435
Netherlands,NLD,2025-05-15 21:00:00,2025-05-15 23:00:00,0.10021
Netherlands,NLD,2025-05-15 22:00:00,2025-05-16 00:00:00,0.0945
Netherlands,NLD,2025-05-15 23:00:00,2025-05-16 01:00:00,0.08847
Netherlands,NLD,2025-05-16 00:00:00,2025-05-16 02:00:00,0.08491
Netherlands,NLD,2025-05-16 01:00:00,2025-05-16 03:00:00,0.085
Netherlands,NLD,2025-05-16 02:00:00,2025-05-16 04:00:00,0.08876
Netherlands,NLD,2025-05-16 03:00:00,2025-05-16 05:00:00,0.10540000000000001
Netherlands,NLD,2025-05-16 04:00:00,2025-05-16 06:00:00,0.11842
Netherlands,NLD,2025-05-16 05:00:00,2025-05-16 07:00:00,0.12117
Netherlands,NLD,2025-05-16 06:00:00,2025-05-16 08:00:00,0.11128
Netherlands,NLD,2025-05-16 07:00:00,2025-05-16 09:00:00,0.0701
Netherlands,NLD,2025-05-16 08:00:00,2025-05-16 10:00:00,0.00817
Netherlands,NLD,2025-05-16 09:00:00,2025-05-16 11:00:00,-0.00078
Netherlands,NLD,2025-05-16 10:00:00,2025-05-16 12:00:00,-0.0035099999999999997
Netherlands,NLD,2025-05-16 11:00:00,2025-05-16 13:00:00,-0.0099
Netherlands,NLD,2025-05-16 12:00:00,2025-05-16 14:00:00,-0.02
Netherlands,NLD,2025-05-16 13:00:00,2025-05-16 15:00:00,-0.01491
Netherlands,NLD,2025-05-16 14:00:00,2025-05-16 16:00:00,-0.003
Netherlands,NLD,2025-05-16 15:00:00,2025-05-16 17:00:00,0.061399999999999996
Netherlands,NLD,2025-05-16 16:00:00,2025-05-16 18:00:00,0.08851
Netherlands,NLD,2025-05-16 17:00:00,2025-05-16 19:00:00,0.10152
Netherlands,NLD,2025-05-16 18:00:00,2025-05-16 20:00:00,0.15344999999999998
Netherlands,NLD,2025-05-16 19:00:00,2025-05-16 21:00:00,0.14905000000000002
Netherlands,NLD,2025-05-16 20:00:00,2025-05-16 22:00:00,0.1179
Netherlands,NLD,2025-05-16 21:00:00,2025-05-16 23:00:00,0.10455
Netherlands,NLD,2025-05-16 22:00:00,2025-05-17 00:00:00,0.0925
Netherlands,NLD,2025-05-16 23:00:00,2025-05-17 01:00:00,0.09494
Netherlands,NLD,2025-05-17 00:00:00,2025-05-17 02:00:00,0.09217
Netherlands,NLD,2025-05-17 01:00:00,2025-05-17 03:00:00,0.09
Netherlands,NLD,2025-05-17 02:00:00,2025-05-17 04:00:00,0.08990000000000001
Netherlands,NLD,2025-05-17 03:00:00,2025-05-17 05:00:00,0.09
Netherlands,NLD,2025-05-17 04:00:00,2025-05-17 06:00:00,0.09156
Netherlands,NLD,2025-05-17 05:00:00,2025-05-17 07:00:00,0.09167
Netherlands,NLD,2025-05-17 06:00:00,2025-05-17 08:00:00,0.055689999999999996
Netherlands,NLD,2025-05-17 07:00:00,2025-05-17 09:00:00,0.00073
Netherlands,NLD,2025-05-17 08:00:00,2025-05-17 10:00:00,-5.9999999999999995e-05
Netherlands,NLD,2025-05-17 09:00:00,2025-05-17 11:00:00,-0.00426
Netherlands,NLD,2025-05-17 10:00:00,2025-05-17 12:00:00,-0.004900000000000001
Netherlands,NLD,2025-05-17 11:00:00,2025-05-17 13:00:00,-0.01002
Netherlands,NLD,2025-05-17 12:00:00,2025-05-17 14:00:00,-0.01126
Netherlands,NLD,2025-05-17 13:00:00,2025-05-17 15:00:00,-0.00579
Netherlands,NLD,2025-05-17 14:00:00,2025-05-17 16:00:00,-0.00109
Netherlands,NLD,2025-05-17 15:00:00,2025-05-17 17:00:00,0.0045
Netherlands,NLD,2025-05-17 16:00:00,2025-05-17 18:00:00,0.06831999999999999
Netherlands,NLD,2025-05-17 17:00:00,2025-05-17 19:00:00,0.09831999999999999
Netherlands,NLD,2025-05-17 18:00:00,2025-05-17 20:00:00,0.11395999999999999
Netherlands,NLD,2025-05-17 19:00:00,2025-05-17 21:00:00,0.13763
Netherlands,NLD,2025-05-17 20:00:00,2025-05-17 22:00:00,0.132
Netherlands,NLD,2025-05-17 21:00:00,2025-05-17 23:00:00,0.10138
Netherlands,NLD,2025-05-17 22:00:00,2025-05-18 00:00:00,0.10673
Netherlands,NLD,2025-05-17 23:00:00,2025-05-18 01:00:00,0.10149
Netherlands,NLD,2025-05-18 00:00:00,2025-05-18 02:00:00,0.09856999999999999
Netherlands,NLD,2025-05-18 01:00:00,2025-05-18 03:00:00,0.0974
Netherlands,NLD,2025-05-18 02:00:00,2025-05-18 04:00:00,0.09841
Netherlands,NLD,2025-05-18 03:00:00,2025-05-18 05:00:00,0.0978
Netherlands,NLD,2025-05-18 04:00:00,2025-05-18 06:00:00,0.09195
Netherlands,NLD,2025-05-18 05:00:00,2025-05-18 07:00:00,0.08748
Netherlands,NLD,2025-05-18 06:00:00,2025-05-18 08:00:00,0.08556
Netherlands,NLD,2025-05-18 07:00:00,2025-05-18 09:00:00,0.01602
Netherlands,NLD,2025-05-18 08:00:00,2025-05-18 10:00:00,2e-05
Netherlands,NLD,2025-05-18 09:00:00,2025-05-18 11:00:00,-0.0002
Netherlands,NLD,2025-05-18 10:00:00,2025-05-18 12:00:00,-0.002
Netherlands,NLD,2025-05-18 11:00:00,2025-05-18 13:00:00,-0.00737
Netherlands,NLD,2025-05-18 12:00:00,2025-05-18 14:00:00,-0.015
Netherlands,NLD,2025-05-18 13:00:00,2025-05-18 15:00:00,-0.00897
Netherlands,NLD,2025-05-18 14:00:00,2025-05-18 16:00:00,-0.0002
Netherlands,NLD,2025-05-18 15:00:00,2025-05-18 17:00:00,0.009630000000000001
Netherlands,NLD,2025-05-18 16:00:00,2025-05-18 18:00:00,0.08565
Netherlands,NLD,2025-05-18 17:00:00,2025-05-18 19:00:00,0.09752
Netherlands,NLD,2025-05-18 18:00:00,2025-05-18 20:00:00,0.11779
Netherlands,NLD,2025-05-18 19:00:00,2025-05-18 21:00:00,0.128
Netherlands,NLD,2025-05-18 20:00:00,2025-05-18 22:00:00,0.1154
Netherlands,NLD,2025-05-18 21:00:00,2025-05-18 23:00:00,0.1
Netherlands,NLD,2025-05-18 22:00:00,2025-05-19 00:00:00,0.11048000000000001
Netherlands,NLD,2025-05-18 23:00:00,2025-05-19 01:00:00,0.09903
Netherlands,NLD,2025-05-19 00:00:00,2025-05-19 02:00:00,0.09337000000000001
Netherlands,NLD,2025-05-19 01:00:00,2025-05-19 03:00:00,0.0901
Netherlands,NLD,2025-05-19 02:00:00,2025-05-19 04:00:00,0.09075
Netherlands,NLD,2025-05-19 03:00:00,2025-05-19 05:00:00,0.1024
Netherlands,NLD,2025-05-19 04:00:00,2025-05-19 06:00:00,0.128
Netherlands,NLD,2025-05-19 05:00:00,2025-05-19 07:00:00,0.13753
Netherlands,NLD,2025-05-19 06:00:00,2025-05-19 08:00:00,0.11574
Netherlands,NLD,2025-05-19 07:00:00,2025-05-19 09:00:00,0.09039
Netherlands,NLD,2025-05-19 08:00:00,2025-05-19 10:00:00,0.06433
Netherlands,NLD,2025-05-19 09:00:00,2025-05-19 11:00:00,0.02757
Netherlands,NLD,2025-05-19 10:00:00,2025-05-19 12:00:00,0.01277
Netherlands,NLD,2025-05-19 11:00:00,2025-05-19 13:00:00,0.005
Netherlands,NLD,2025-05-19 12:00:00,2025-05-19 14:00:00,0.008
Netherlands,NLD,2025-05-19 13:00:00,2025-05-19 15:00:00,0.02594
Netherlands,NLD,2025-05-19 14:00:00,2025-05-19 16:00:00,0.06604
Netherlands,NLD,2025-05-19 15:00:00,2025-05-19 17:00:00,0.08899
Netherlands,NLD,2025-05-19 16:00:00,2025-05-19 18:00:00,0.10615999999999999
Netherlands,NLD,2025-05-19 17:00:00,2025-05-19 19:00:00,0.13488
Netherlands,NLD,2025-05-19 18:00:00,2025-05-19 20:00:00,0.19335
Netherlands,NLD,2025-05-19 19:00:00,2025-05-19 21:00:00,0.15
Netherlands,NLD,2025-05-19 20:00:00,2025-05-19 22:00:00,0.11709
Netherlands,NLD,2025-05-19 21:00:00,2025-05-19 23:00:00,0.1031
Netherlands,NLD,2025-05-19 22:00:00,2025-05-20 00:00:00,0.10903
Netherlands,NLD,2025-05-19 23:00:00,2025-05-20 01:00:00,0.10212
Netherlands,NLD,2025-05-20 00:00:00,2025-05-20 02:00:00,0.09741
Netherlands,NLD,2025-05-20 01:00:00,2025-05-20 03:00:00,0.09709999999999999
Netherlands,NLD,2025-05-20 02:00:00,2025-05-20 04:00:00,0.09662000000000001
Netherlands,NLD,2025-05-20 03:00:00,2025-05-20 05:00:00,0.10790000000000001
Netherlands,NLD,2025-05-20 04:00:00,2025-05-20 06:00:00,0.13927
Netherlands,NLD,2025-05-20 05:00:00,2025-05-20 07:00:00,0.126
Netherlands,NLD,2025-05-20 06:00:00,2025-05-20 08:00:00,0.1082
Netherlands,NLD,2025-05-20 07:00:00,2025-05-20 09:00:00,0.09051000000000001
Netherlands,NLD,2025-05-20 08:00:00,2025-05-20 10:00:00,0.05707
Netherlands,NLD,2025-05-20 09:00:00,2025-05-20 11:00:00,0.01595
Netherlands,NLD,2025-05-20 10:00:00,2025-05-20 12:00:00,0.0
Netherlands,NLD,2025-05-20 11:00:00,2025-05-20 13:00:00,-0.00029
Netherlands,NLD,2025-05-20 12:00:00,2025-05-20 14:00:00,-0.0005200000000000001
Netherlands,NLD,2025-05-20 13:00:00,2025-05-20 15:00:00,0.006
Netherlands,NLD,2025-05-20 14:00:00,2025-05-20 16:00:00,0.05752
Netherlands,NLD,2025-05-20 15:00:00,2025-05-20 17:00:00,0.08716
Netherlands,NLD,2025-05-20 16:00:00,2025-05-20 18:00:00,0.10119
Netherlands,NLD,2025-05-20 17:00:00,2025-05-20 19:00:00,0.12847999999999998
Netherlands,NLD,2025-05-20 18:00:00,2025-05-20 20:00:00,0.17183
Netherlands,NLD,2025-05-20 19:00:00,2025-05-20 21:00:00,0.13705
Netherlands,NLD,2025-05-20 20:00:00,2025-05-20 22:00:00,0.11176
Netherlands,NLD,2025-05-20 21:00:00,2025-05-20 23:00:00,0.09881999999999999
Netherlands,NLD,2025-05-20 22:00:00,2025-05-21 00:00:00,0.10793000000000001
Netherlands,NLD,2025-05-20 23:00:00,2025-05-21 01:00:00,0.10233
Netherlands,NLD,2025-05-21 00:00:00,2025-05-21 02:00:00,0.0979
Netherlands,NLD,2025-05-21 01:00:00,2025-05-21 03:00:00,0.09490000000000001
Netherlands,NLD,2025-05-21 02:00:00,2025-05-21 04:00:00,0.0937
Netherlands,NLD,2025-05-21 03:00:00,2025-05-21 05:00:00,0.095
Netherlands,NLD,2025-05-21 04:00:00,2025-05-21 06:00:00,0.10554000000000001
Netherlands,NLD,2025-05-21 05:00:00,2025-05-21 07:00:00,0.113
Netherlands,NLD,2025-05-21 06:00:00,2025-05-21 08:00:00,0.10782
Netherlands,NLD,2025-05-21 07:00:00,2025-05-21 09:00:00,0.08481999999999999
Netherlands,NLD,2025-05-21 08:00:00,2025-05-21 10:00:00,0.04222
Netherlands,NLD,2025-05-21 09:00:00,2025-05-21 11:00:00,0.00015
Netherlands,NLD,2025-05-21 10:00:00,2025-05-21 12:00:00,-0.002
Netherlands,NLD,2025-05-21 11:00:00,2025-05-21 13:00:00,-0.006
Netherlands,NLD,2025-05-21 12:00:00,2025-05-21 14:00:00,-0.00604
Netherlands,NLD,2025-05-21 13:00:00,2025-05-21 15:00:00,-0.0034
Netherlands,NLD,2025-05-21 14:00:00,2025-05-21 16:00:00,0.0
Netherlands,NLD,2025-05-21 15:00:00,2025-05-21 17:00:00,0.04908
Netherlands,NLD,2025-05-21 16:00:00,2025-05-21 18:00:00,0.08632
Netherlands,NLD,2025-05-21 17:00:00,2025-05-21 19:00:00,0.1001
Netherlands,NLD,2025-05-21 18:00:00,2025-05-21 20:00:00,0.11435
Netherlands,NLD,2025-05-21 19:00:00,2025-05-21 21:00:00,0.13
Netherlands,NLD,2025-05-21 20:00:00,2025-05-21 22:00:00,0.12226999999999999
Netherlands,NLD,2025-05-21 21:00:00,2025-05-21 23:00:00,0.1149
Netherlands,NLD,2025-05-21 22:00:00,2025-05-22 00:00:00,0.1167
Netherlands,NLD,2025-05-21 23:00:00,2025-05-22 01:00:00,0.10815000000000001
Netherlands,NLD,2025-05-22 00:00:00,2025-05-22 02:00:00,0.115
Netherlands,NLD,2025-05-22 01:00:00,2025-05-22 03:00:00,0.0992
Netherlands,NLD,2025-05-22 02:00:00,2025-05-22 04:00:00,0.08334
Netherlands,NLD,2025-05-22 03:00:00,2025-05-22 05:00:00,0.09
Netherlands,NLD,2025-05-22 04:00:00,2025-05-22 06:00:00,0.1
Netherlands,NLD,2025-05-22 05:00:00,2025-05-22 07:00:00,0.10601000000000001
Netherlands,NLD,2025-05-22 06:00:00,2025-05-22 08:00:00,0.09816
Netherlands,NLD,2025-05-22 07:00:00,2025-05-22 09:00:00,0.05454
Netherlands,NLD,2025-05-22 08:00:00,2025-05-22 10:00:00,-0.002
Netherlands,NLD,2025-05-22 09:00:00,2025-05-22 11:00:00,-0.003
Netherlands,NLD,2025-05-22 10:00:00,2025-05-22 12:00:00,-0.00701
Netherlands,NLD,2025-05-22 11:00:00,2025-05-22 13:00:00,-0.014
Netherlands,NLD,2025-05-22 12:00:00,2025-05-22 14:00:00,-0.0175
Netherlands,NLD,2025-05-22 13:00:00,2025-05-22 15:00:00,-0.0109
Netherlands,NLD,2025-05-22 14:00:00,2025-05-22 16:00:00,-0.00299
Netherlands,NLD,2025-05-22 15:00:00,2025-05-22 17:00:00,-0.00075
Netherlands,NLD,2025-05-22 16:00:00,2025-05-22 18:00:00,0.04566
Netherlands,NLD,2025-05-22 17:00:00,2025-05-22 19:00:00,0.09731999999999999
Netherlands,NLD,2025-05-22 18:00:00,2025-05-22 20:00:00,0.11572
Netherlands,NLD,2025-05-22 19:00:00,2025-05-22 21:00:00,0.12725
Netherlands,NLD,2025-05-22 20:00:00,2025-05-22 22:00:00,0.1242
Netherlands,NLD,2025-05-22 21:00:00,2025-05-22 23:00:00,0.10851999999999999
Netherlands,NLD,2025-05-22 22:00:00,2025-05-23 00:00:00,0.09015000000000001
Netherlands,NLD,2025-05-22 23:00:00,2025-05-23 01:00:00,0.09315999999999999
Netherlands,NLD,2025-05-23 00:00:00,2025-05-23 02:00:00,0.08712
Netherlands,NLD,2025-05-23 01:00:00,2025-05-23 03:00:00,0.08653
Netherlands,NLD,2025-05-23 02:00:00,2025-05-23 04:00:00,0.083
Netherlands,NLD,2025-05-23 03:00:00,2025-05-23 05:00:00,0.09589
Netherlands,NLD,2025-05-23 04:00:00,2025-05-23 06:00:00,0.11549
Netherlands,NLD,2025-05-23 05:00:00,2025-05-23 07:00:00,0.12090999999999999
Netherlands,NLD,2025-05-23 06:00:00,2025-05-23 08:00:00,0.10348
Netherlands,NLD,2025-05-23 07:00:00,2025-05-23 09:00:00,0.07679000000000001
Netherlands,NLD,2025-05-23 08:00:00,2025-05-23 10:00:00,0.06196
Netherlands,NLD,2025-05-23 09:00:00,2025-05-23 11:00:00,0.047450000000000006
Netherlands,NLD,2025-05-23 10:00:00,2025-05-23 12:00:00,0.01303
Netherlands,NLD,2025-05-23 11:00:00,2025-05-23 13:00:00,-1e-05
Netherlands,NLD,2025-05-23 12:00:00,2025-05-23 14:00:00,-0.00086
Netherlands,NLD,2025-05-23 13:00:00,2025-05-23 15:00:00,-0.0010500000000000002
Netherlands,NLD,2025-05-23 14:00:00,2025-05-23 16:00:00,0.02086
Netherlands,NLD,2025-05-23 15:00:00,2025-05-23 17:00:00,0.06286
Netherlands,NLD,2025-05-23 16:00:00,2025-05-23 18:00:00,0.0877
Netherlands,NLD,2025-05-23 17:00:00,2025-05-23 19:00:00,0.1076
Netherlands,NLD,2025-05-23 18:00:00,2025-05-23 20:00:00,0.1198
Netherlands,NLD,2025-05-23 19:00:00,2025-05-23 21:00:00,0.1315
Netherlands,NLD,2025-05-23 20:00:00,2025-05-23 22:00:00,0.12343000000000001
Netherlands,NLD,2025-05-23 21:00:00,2025-05-23 23:00:00,0.10287
Netherlands,NLD,2025-05-23 22:00:00,2025-05-24 00:00:00,0.09759999999999999
Netherlands,NLD,2025-05-23 23:00:00,2025-05-24 01:00:00,0.09476000000000001
Netherlands,NLD,2025-05-24 00:00:00,2025-05-24 02:00:00,0.08874
Netherlands,NLD,2025-05-24 01:00:00,2025-05-24 03:00:00,0.08259999999999999
Netherlands,NLD,2025-05-24 02:00:00,2025-05-24 04:00:00,0.07643000000000001
Netherlands,NLD,2025-05-24 03:00:00,2025-05-24 05:00:00,0.07179
Netherlands,NLD,2025-05-24 04:00:00,2025-05-24 06:00:00,0.0717
Netherlands,NLD,2025-05-24 05:00:00,2025-05-24 07:00:00,0.06918
Netherlands,NLD,2025-05-24 06:00:00,2025-05-24 08:00:00,0.053450000000000004
Netherlands,NLD,2025-05-24 07:00:00,2025-05-24 09:00:00,0.01226
Netherlands,NLD,2025-05-24 08:00:00,2025-05-24 10:00:00,-1e-05
Netherlands,NLD,2025-05-24 09:00:00,2025-05-24 11:00:00,-8.999999999999999e-05
Netherlands,NLD,2025-05-24 10:00:00,2025-05-24 12:00:00,-0.00011999999999999999
Netherlands,NLD,2025-05-24 11:00:00,2025-05-24 13:00:00,-0.00016
Netherlands,NLD,2025-05-24 12:00:00,2025-05-24 14:00:00,0.00023
Netherlands,NLD,2025-05-24 13:00:00,2025-05-24 15:00:00,0.00597
Netherlands,NLD,2025-05-24 14:00:00,2025-05-24 16:00:00,0.02
Netherlands,NLD,2025-05-24 15:00:00,2025-05-24 17:00:00,0.066
Netherlands,NLD,2025-05-24 16:00:00,2025-05-24 18:00:00,0.088
Netherlands,NLD,2025-05-24 17:00:00,2025-05-24 19:00:00,0.10642
Netherlands,NLD,2025-05-24 18:00:00,2025-05-24 20:00:00,0.10435
Netherlands,NLD,2025-05-24 19:00:00,2025-05-24 21:00:00,0.10222
Netherlands,NLD,2025-05-24 20:00:00,2025-05-24 22:00:00,0.08909
Netherlands,NLD,2025-05-24 21:00:00,2025-05-24 23:00:00,0.07322
Netherlands,NLD,2025-05-24 22:00:00,2025-05-25 00:00:00,0.020210000000000002
Netherlands,NLD,2025-05-24 23:00:00,2025-05-25 01:00:00,0.02084
Netherlands,NLD,2025-05-25 00:00:00,2025-05-25 02:00:00,0.0141
Netherlands,NLD,2025-05-25 01:00:00,2025-05-25 03:00:00,0.00838
Netherlands,NLD,2025-05-25 02:00:00,2025-05-25 04:00:00,0.0039
Netherlands,NLD,2025-05-25 03:00:00,2025-05-25 05:00:00,0.00204
Netherlands,NLD,2025-05-25 04:00:00,2025-05-25 06:00:00,0.00099
Netherlands,NLD,2025-05-25 05:00:00,2025-05-25 07:00:00,0.00103
Netherlands,NLD,2025-05-25 06:00:00,2025-05-25 08:00:00,2.9999999999999997e-05
Netherlands,NLD,2025-05-25 07:00:00,2025-05-25 09:00:00,-0.00016
Netherlands,NLD,2025-05-25 08:00:00,2025-05-25 10:00:00,-0.002
Netherlands,NLD,2025-05-25 09:00:00,2025-05-25 11:00:00,-0.009130000000000001
Netherlands,NLD,2025-05-25 10:00:00,2025-05-25 12:00:00,-0.01709
Netherlands,NLD,2025-05-25 11:00:00,2025-05-25 13:00:00,-0.03
Netherlands,NLD,2025-05-25 12:00:00,2025-05-25 14:00:00,-0.0318
Netherlands,NLD,2025-05-25 13:00:00,2025-05-25 15:00:00,-0.02575
Netherlands,NLD,2025-05-25 14:00:00,2025-05-25 16:00:00,-0.011970000000000001
Netherlands,NLD,2025-05-25 15:00:00,2025-05-25 17:00:00,-7.000000000000001e-05
Netherlands,NLD,2025-05-25 16:00:00,2025-05-25 18:00:00,0.00929
Netherlands,NLD,2025-05-25 17:00:00,2025-05-25 19:00:00,0.08295999999999999
Netherlands,NLD,2025-05-25 18:00:00,2025-05-25 20:00:00,0.1
Netherlands,NLD,2025-05-25 19:00:00,2025-05-25 21:00:00,0.115
Netherlands,NLD,2025-05-25 20:00:00,2025-05-25 22:00:00,0.10223
Netherlands,NLD,2025-05-25 21:00:00,2025-05-25 23:00:00,0.09292
Netherlands,NLD,2025-05-25 22:00:00,2025-05-26 00:00:00,0.08297
Netherlands,NLD,2025-05-25 23:00:00,2025-05-26 01:00:00,0.07474
Netherlands,NLD,2025-05-26 00:00:00,2025-05-26 02:00:00,0.06509999999999999
Netherlands,NLD,2025-05-26 01:00:00,2025-05-26 03:00:00,0.0635
Netherlands,NLD,2025-05-26 02:00:00,2025-05-26 04:00:00,0.06798
Netherlands,NLD,2025-05-26 03:00:00,2025-05-26 05:00:00,0.076
Netherlands,NLD,2025-05-26 04:00:00,2025-05-26 06:00:00,0.10447
Netherlands,NLD,2025-05-26 05:00:00,2025-05-26 07:00:00,0.13418
Netherlands,NLD,2025-05-26 06:00:00,2025-05-26 08:00:00,0.11322
Netherlands,NLD,2025-05-26 07:00:00,2025-05-26 09:00:00,0.07659
Netherlands,NLD,2025-05-26 08:00:00,2025-05-26 10:00:00,0.0022
Netherlands,NLD,2025-05-26 09:00:00,2025-05-26 11:00:00,-0.0008100000000000001
Netherlands,NLD,2025-05-26 10:00:00,2025-05-26 12:00:00,-0.003
Netherlands,NLD,2025-05-26 11:00:00,2025-05-26 13:00:00,-0.003
Netherlands,NLD,2025-05-26 12:00:00,2025-05-26 14:00:00,-0.00214
Netherlands,NLD,2025-05-26 13:00:00,2025-05-26 15:00:00,-0.003
Netherlands,NLD,2025-05-26 14:00:00,2025-05-26 16:00:00,-0.002
Netherlands,NLD,2025-05-26 15:00:00,2025-05-26 17:00:00,0.015099999999999999
Netherlands,NLD,2025-05-26 16:00:00,2025-05-26 18:00:00,0.086
Netherlands,NLD,2025-05-26 17:00:00,2025-05-26 19:00:00,0.10604999999999999
Netherlands,NLD,2025-05-26 18:00:00,2025-05-26 20:00:00,0.15
Netherlands,NLD,2025-05-26 19:00:00,2025-05-26 21:00:00,0.14806999999999998
Netherlands,NLD,2025-05-26 20:00:00,2025-05-26 22:00:00,0.112
Netherlands,NLD,2025-05-26 21:00:00,2025-05-26 23:00:00,0.09068000000000001
Netherlands,NLD,2025-05-26 22:00:00,2025-05-27 00:00:00,0.07676999999999999
Netherlands,NLD,2025-05-26 23:00:00,2025-05-27 01:00:00,0.06569
Netherlands,NLD,2025-05-27 00:00:00,2025-05-27 02:00:00,0.044899999999999995
Netherlands,NLD,2025-05-27 01:00:00,2025-05-27 03:00:00,0.02
Netherlands,NLD,2025-05-27 02:00:00,2025-05-27 04:00:00,0.016399999999999998
Netherlands,NLD,2025-05-27 03:00:00,2025-05-27 05:00:00,0.0455
Netherlands,NLD,2025-05-27 04:00:00,2025-05-27 06:00:00,0.0514
Netherlands,NLD,2025-05-27 05:00:00,2025-05-27 07:00:00,0.06523000000000001
Netherlands,NLD,2025-05-27 06:00:00,2025-05-27 08:00:00,0.06577
Netherlands,NLD,2025-05-27 07:00:00,2025-05-27 09:00:00,0.05017
Netherlands,NLD,2025-05-27 08:00:00,2025-05-27 10:00:00,0.00426
Netherlands,NLD,2025-05-27 09:00:00,2025-05-27 11:00:00,0.00294
Netherlands,NLD,2025-05-27 10:00:00,2025-05-27 12:00:00,2e-05
Netherlands,NLD,2025-05-27 11:00:00,2025-05-27 13:00:00,-8e-05
Netherlands,NLD,2025-05-27 12:00:00,2025-05-27 14:00:00,-0.00019
Netherlands,NLD,2025-05-27 13:00:00,2025-05-27 15:00:00,0.00219
Netherlands,NLD,2025-05-27 14:00:00,2025-05-27 16:00:00,0.04915
Netherlands,NLD,2025-05-27 15:00:00,2025-05-27 17:00:00,0.09918
Netherlands,NLD,2025-05-27 16:00:00,2025-05-27 18:00:00,0.1075
Netherlands,NLD,2025-05-27 17:00:00,2025-05-27 19:00:00,0.1191
Netherlands,NLD,2025-05-27 18:00:00,2025-05-27 20:00:00,0.14114
Netherlands,NLD,2025-05-27 19:00:00,2025-05-27 21:00:00,0.1118
Netherlands,NLD,2025-05-27 20:00:00,2025-05-27 22:00:00,0.10059
Netherlands,NLD,2025-05-27 21:00:00,2025-05-27 23:00:00,0.08216
Netherlands,NLD,2025-05-27 22:00:00,2025-05-28 00:00:00,0.07028
Netherlands,NLD,2025-05-27 23:00:00,2025-05-28 01:00:00,0.06154
Netherlands,NLD,2025-05-28 00:00:00,2025-05-28 02:00:00,0.06025
Netherlands,NLD,2025-05-28 01:00:00,2025-05-28 03:00:00,0.05354
Netherlands,NLD,2025-05-28 02:00:00,2025-05-28 04:00:00,0.057390000000000004
Netherlands,NLD,2025-05-28 03:00:00,2025-05-28 05:00:00,0.06520999999999999
Netherlands,NLD,2025-05-28 04:00:00,2025-05-28 06:00:00,0.08597
Netherlands,NLD,2025-05-28 05:00:00,2025-05-28 07:00:00,0.10272
Netherlands,NLD,2025-05-28 06:00:00,2025-05-28 08:00:00,0.128
Netherlands,NLD,2025-05-28 07:00:00,2025-05-28 09:00:00,0.1
Netherlands,NLD,2025-05-28 08:00:00,2025-05-28 10:00:00,0.06978
Netherlands,NLD,2025-05-28 09:00:00,2025-05-28 11:00:00,0.06123
Netherlands,NLD,2025-05-28 10:00:00,2025-05-28 12:00:00,0.05619
Netherlands,NLD,2025-05-28 11:00:00,2025-05-28 13:00:00,0.04974
Netherlands,NLD,2025-05-28 12:00:00,2025-05-28 14:00:00,0.04571
Netherlands,NLD,2025-05-28 13:00:00,2025-05-28 15:00:00,0.03673
Netherlands,NLD,2025-05-28 14:00:00,2025-05-28 16:00:00,0.0579
Netherlands,NLD,2025-05-28 15:00:00,2025-05-28 17:00:00,0.07414
Netherlands,NLD,2025-05-28 16:00:00,2025-05-28 18:00:00,0.09498999999999999
Netherlands,NLD,2025-05-28 17:00:00,2025-05-28 19:00:00,0.11736
Netherlands,NLD,2025-05-28 18:00:00,2025-05-28 20:00:00,0.12756
Netherlands,NLD,2025-05-28 19:00:00,2025-05-28 21:00:00,0.16683
Netherlands,NLD,2025-05-28 20:00:00,2025-05-28 22:00:00,0.13886
Netherlands,NLD,2025-05-28 21:00:00,2025-05-28 23:00:00,0.10490000000000001
Netherlands,NLD,2025-05-28 22:00:00,2025-05-29 00:00:00,0.11223999999999999
Netherlands,NLD,2025-05-28 23:00:00,2025-05-29 01:00:00,0.1088
Netherlands,NLD,2025-05-29 00:00:00,2025-05-29 02:00:00,0.1021
Netherlands,NLD,2025-05-29 01:00:00,2025-05-29 03:00:00,0.10164
Netherlands,NLD,2025-05-29 02:00:00,2025-05-29 04:00:00,0.10251
Netherlands,NLD,2025-05-29 03:00:00,2025-05-29 05:00:00,0.0998
Netherlands,NLD,2025-05-29 04:00:00,2025-05-29 06:00:00,0.09818
Netherlands,NLD,2025-05-29 05:00:00,2025-05-29 07:00:00,0.09381999999999999
Netherlands,NLD,2025-05-29 06:00:00,2025-05-29 08:00:00,0.09017
Netherlands,NLD,2025-05-29 07:00:00,2025-05-29 09:00:00,0.07345
Netherlands,NLD,2025-05-29 08:00:00,2025-05-29 10:00:00,0.02813
Netherlands,NLD,2025-05-29 09:00:00,2025-05-29 11:00:00,0.00233
Netherlands,NLD,2025-05-29 10:00:00,2025-05-29 12:00:00,0.0
Netherlands,NLD,2025-05-29 11:00:00,2025-05-29 13:00:00,-0.002
Netherlands,NLD,2025-05-29 12:00:00,2025-05-29 14:00:00,-0.002
Netherlands,NLD,2025-05-29 13:00:00,2025-05-29 15:00:00,-0.00276
Netherlands,NLD,2025-05-29 14:00:00,2025-05-29 16:00:00,-0.00159
Netherlands,NLD,2025-05-29 15:00:00,2025-05-29 17:00:00,0.02
Netherlands,NLD,2025-05-29 16:00:00,2025-05-29 18:00:00,0.05962
Netherlands,NLD,2025-05-29 17:00:00,2025-05-29 19:00:00,0.07351
Netherlands,NLD,2025-05-29 18:00:00,2025-05-29 20:00:00,0.0752
Netherlands,NLD,2025-05-29 19:00:00,2025-05-29 21:00:00,0.0734
Netherlands,NLD,2025-05-29 20:00:00,2025-05-29 22:00:00,0.07629999999999999
Netherlands,NLD,2025-05-29 21:00:00,2025-05-29 23:00:00,0.057
Netherlands,NLD,2025-05-29 22:00:00,2025-05-30 00:00:00,0.044899999999999995
Netherlands,NLD,2025-05-29 23:00:00,2025-05-30 01:00:00,0.027460000000000002
Netherlands,NLD,2025-05-30 00:00:00,2025-05-30 02:00:00,0.033479999999999996
Netherlands,NLD,2025-05-30 01:00:00,2025-05-30 03:00:00,0.03395
Netherlands,NLD,2025-05-30 02:00:00,2025-05-30 04:00:00,0.03739
Netherlands,NLD,2025-05-30 03:00:00,2025-05-30 05:00:00,0.05508
Netherlands,NLD,2025-05-30 04:00:00,2025-05-30 06:00:00,0.06773
Netherlands,NLD,2025-05-30 05:00:00,2025-05-30 07:00:00,0.06838
Netherlands,NLD,2025-05-30 06:00:00,2025-05-30 08:00:00,0.053009999999999995
Netherlands,NLD,2025-05-30 07:00:00,2025-05-30 09:00:00,0.02913
Netherlands,NLD,2025-05-30 08:00:00,2025-05-30 10:00:00,0.00183
Netherlands,NLD,2025-05-30 09:00:00,2025-05-30 11:00:00,-5e-05
Netherlands,NLD,2025-05-30 10:00:00,2025-05-30 12:00:00,-0.0007099999999999999
Netherlands,NLD,2025-05-30 11:00:00,2025-05-30 13:00:00,-0.00282
Netherlands,NLD,2025-05-30 12:00:00,2025-05-30 14:00:00,-0.00319
Netherlands,NLD,2025-05-30 13:00:00,2025-05-30 15:00:00,-0.00172
Netherlands,NLD,2025-05-30 14:00:00,2025-05-30 16:00:00,-2.9999999999999997e-05
Netherlands,NLD,2025-05-30 15:00:00,2025-05-30 17:00:00,0.007
Netherlands,NLD,2025-05-30 16:00:00,2025-05-30 18:00:00,0.07004
Netherlands,NLD,2025-05-30 17:00:00,2025-05-30 19:00:00,0.11
Netherlands,NLD,2025-05-30 18:00:00,2025-05-30 20:00:00,0.13527
Netherlands,NLD,2025-05-30 19:00:00,2025-05-30 21:00:00,0.15018
Netherlands,NLD,2025-05-30 20:00:00,2025-05-30 22:00:00,0.13019
Netherlands,NLD,2025-05-30 21:00:00,2025-05-30 23:00:00,0.10815000000000001
Netherlands,NLD,2025-05-30 22:00:00,2025-05-31 00:00:00,0.107
Netherlands,NLD,2025-05-30 23:00:00,2025-05-31 01:00:00,0.09770000000000001
Netherlands,NLD,2025-05-31 00:00:00,2025-05-31 02:00:00,0.09481
Netherlands,NLD,2025-05-31 01:00:00,2025-05-31 03:00:00,0.09362999999999999
Netherlands,NLD,2025-05-31 02:00:00,2025-05-31 04:00:00,0.09412999999999999
Netherlands,NLD,2025-05-31 03:00:00,2025-05-31 05:00:00,0.09258
Netherlands,NLD,2025-05-31 04:00:00,2025-05-31 06:00:00,0.09479000000000001
Netherlands,NLD,2025-05-31 05:00:00,2025-05-31 07:00:00,0.0858
Netherlands,NLD,2025-05-31 06:00:00,2025-05-31 08:00:00,0.053810000000000004
Netherlands,NLD,2025-05-31 07:00:00,2025-05-31 09:00:00,0.001
Netherlands,NLD,2025-05-31 08:00:00,2025-05-31 10:00:00,-2e-05
Netherlands,NLD,2025-05-31 09:00:00,2025-05-31 11:00:00,-0.001
Netherlands,NLD,2025-05-31 10:00:00,2025-05-31 12:00:00,-0.00307
Netherlands,NLD,2025-05-31 11:00:00,2025-05-31 13:00:00,-0.01317
Netherlands,NLD,2025-05-31 12:00:00,2025-05-31 14:00:00,-0.00775
Netherlands,NLD,2025-05-31 13:00:00,2025-05-31 15:00:00,-0.003
Netherlands,NLD,2025-05-31 14:00:00,2025-05-31 16:00:00,-5e-05
Netherlands,NLD,2025-05-31 15:00:00,2025-05-31 17:00:00,0.0365
Netherlands,NLD,2025-05-31 16:00:00,2025-05-31 18:00:00,0.08885
Netherlands,NLD,2025-05-31 17:00:00,2025-05-31 19:00:00,0.13141
Netherlands,NLD,2025-05-31 18:00:00,2025-05-31 20:00:00,0.19235
Netherlands,NLD,2025-05-31 19:00:00,2025-05-31 21:00:00,0.19237
Netherlands,NLD,2025-05-31 20:00:00,2025-05-31 22:00:00,0.13576
Netherlands,NLD,2025-05-31 21:00:00,2025-05-31 23:00:00,0.09979
Netherlands,NLD,2025-05-31 22:00:00,2025-06-01 00:00:00,0.0984
Netherlands,NLD,2025-05-31 23:00:00,2025-06-01 01:00:00,0.08522
Netherlands,NLD,2025-06-01 00:00:00,2025-06-01 02:00:00,0.08656
Netherlands,NLD,2025-06-01 01:00:00,2025-06-01 03:00:00,0.08059999999999999
Netherlands,NLD,2025-06-01 02:00:00,2025-06-01 04:00:00,0.07853
Netherlands,NLD,2025-06-01 03:00:00,2025-06-01 05:00:00,0.07066
Netherlands,NLD,2025-06-01 04:00:00,2025-06-01 06:00:00,0.037450000000000004
Netherlands,NLD,2025-06-01 05:00:00,2025-06-01 07:00:00,0.013
Netherlands,NLD,2025-06-01 06:00:00,2025-06-01 08:00:00,0.0024
Netherlands,NLD,2025-06-01 07:00:00,2025-06-01 09:00:00,-1e-05
Netherlands,NLD,2025-06-01 08:00:00,2025-06-01 10:00:00,-0.0006
Netherlands,NLD,2025-06-01 09:00:00,2025-06-01 11:00:00,-0.00211
Netherlands,NLD,2025-06-01 10:00:00,2025-06-01 12:00:00,-0.0054800000000000005
Netherlands,NLD,2025-06-01 11:00:00,2025-06-01 13:00:00,-0.01293
Netherlands,NLD,2025-06-01 12:00:00,2025-06-01 14:00:00,-0.02041
Netherlands,NLD,2025-06-01 13:00:00,2025-06-01 15:00:00,-0.015609999999999999
Netherlands,NLD,2025-06-01 14:00:00,2025-06-01 16:00:00,-0.006
Netherlands,NLD,2025-06-01 15:00:00,2025-06-01 17:00:00,-0.00091
Netherlands,NLD,2025-06-01 16:00:00,2025-06-01 18:00:00,0.017
Netherlands,NLD,2025-06-01 17:00:00,2025-06-01 19:00:00,0.07181
Netherlands,NLD,2025-06-01 18:00:00,2025-06-01 20:00:00,0.08965999999999999
Netherlands,NLD,2025-06-01 19:00:00,2025-06-01 21:00:00,0.1149
Netherlands,NLD,2025-06-01 20:00:00,2025-06-01 22:00:00,0.10198
Netherlands,NLD,2025-06-01 21:00:00,2025-06-01 23:00:00,0.08354
Netherlands,NLD,2025-06-01 22:00:00,2025-06-02 00:00:00,0.07529999999999999
Netherlands,NLD,2025-06-01 23:00:00,2025-06-02 01:00:00,0.07
Netherlands,NLD,2025-06-02 00:00:00,2025-06-02 02:00:00,0.07165
Netherlands,NLD,2025-06-02 01:00:00,2025-06-02 03:00:00,0.07371
Netherlands,NLD,2025-06-02 02:00:00,2025-06-02 04:00:00,0.07659999999999999
Netherlands,NLD,2025-06-02 03:00:00,2025-06-02 05:00:00,0.08256999999999999
Netherlands,NLD,2025-06-02 04:00:00,2025-06-02 06:00:00,0.1051
Netherlands,NLD,2025-06-02 05:00:00,2025-06-02 07:00:00,0.12386
Netherlands,NLD,2025-06-02 06:00:00,2025-06-02 08:00:00,0.10540000000000001
Netherlands,NLD,2025-06-02 07:00:00,2025-06-02 09:00:00,0.08256000000000001
Netherlands,NLD,2025-06-02 08:00:00,2025-06-02 10:00:00,0.054189999999999995
Netherlands,NLD,2025-06-02 09:00:00,2025-06-02 11:00:00,0.03321
Netherlands,NLD,2025-06-02 10:00:00,2025-06-02 12:00:00,0.02
Netherlands,NLD,2025-06-02 11:00:00,2025-06-02 13:00:00,0.01278
Netherlands,NLD,2025-06-02 12:00:00,2025-06-02 14:00:00,0.011
Netherlands,NLD,2025-06-02 13:00:00,2025-06-02 15:00:00,0.01975
Netherlands,NLD,2025-06-02 14:00:00,2025-06-02 16:00:00,0.048310000000000006
Netherlands,NLD,2025-06-02 15:00:00,2025-06-02 17:00:00,0.07198
Netherlands,NLD,2025-06-02 16:00:00,2025-06-02 18:00:00,0.08678
Netherlands,NLD,2025-06-02 17:00:00,2025-06-02 19:00:00,0.10966
Netherlands,NLD,2025-06-02 18:00:00,2025-06-02 20:00:00,0.18936
Netherlands,NLD,2025-06-02 19:00:00,2025-06-02 21:00:00,0.23926
Netherlands,NLD,2025-06-02 20:00:00,2025-06-02 22:00:00,0.14311000000000001
Netherlands,NLD,2025-06-02 21:00:00,2025-06-02 23:00:00,0.10636
Netherlands,NLD,2025-06-02 22:00:00,2025-06-03 00:00:00,0.10073
Netherlands,NLD,2025-06-02 23:00:00,2025-06-03 01:00:00,0.096
Netherlands,NLD,2025-06-03 00:00:00,2025-06-03 02:00:00,0.09403
Netherlands,NLD,2025-06-03 01:00:00,2025-06-03 03:00:00,0.08544
Netherlands,NLD,2025-06-03 02:00:00,2025-06-03 04:00:00,0.08158
Netherlands,NLD,2025-06-03 03:00:00,2025-06-03 05:00:00,0.09183
Netherlands,NLD,2025-06-03 04:00:00,2025-06-03 06:00:00,0.11233
Netherlands,NLD,2025-06-03 05:00:00,2025-06-03 07:00:00,0.10121
Netherlands,NLD,2025-06-03 06:00:00,2025-06-03 08:00:00,0.07740000000000001
Netherlands,NLD,2025-06-03 07:00:00,2025-06-03 09:00:00,0.0322
Netherlands,NLD,2025-06-03 08:00:00,2025-06-03 10:00:00,0.0
Netherlands,NLD,2025-06-03 09:00:00,2025-06-03 11:00:00,-0.002
Netherlands,NLD,2025-06-03 10:00:00,2025-06-03 12:00:00,-0.002
Netherlands,NLD,2025-06-03 11:00:00,2025-06-03 13:00:00,-0.003
Netherlands,NLD,2025-06-03 12:00:00,2025-06-03 14:00:00,-0.01
Netherlands,NLD,2025-06-03 13:00:00,2025-06-03 15:00:00,-0.005
Netherlands,NLD,2025-06-03 14:00:00,2025-06-03 16:00:00,-0.002
Netherlands,NLD,2025-06-03 15:00:00,2025-06-03 17:00:00,0.0001
Netherlands,NLD,2025-06-03 16:00:00,2025-06-03 18:00:00,0.0699
Netherlands,NLD,2025-06-03 17:00:00,2025-06-03 19:00:00,0.09491
Netherlands,NLD,2025-06-03 18:00:00,2025-06-03 20:00:00,0.12379000000000001
Netherlands,NLD,2025-06-03 19:00:00,2025-06-03 21:00:00,0.10561
Netherlands,NLD,2025-06-03 20:00:00,2025-06-03 22:00:00,0.10398
Netherlands,NLD,2025-06-03 21:00:00,2025-06-03 23:00:00,0.09337000000000001
Netherlands,NLD,2025-06-03 22:00:00,2025-06-04 00:00:00,0.07127
Netherlands,NLD,2025-06-03 23:00:00,2025-06-04 01:00:00,0.06277
Netherlands,NLD,2025-06-04 00:00:00,2025-06-04 02:00:00,0.06093
Netherlands,NLD,2025-06-04 01:00:00,2025-06-04 03:00:00,0.06132
Netherlands,NLD,2025-06-04 02:00:00,2025-06-04 04:00:00,0.06411
Netherlands,NLD,2025-06-04 03:00:00,2025-06-04 05:00:00,0.07517
Netherlands,NLD,2025-06-04 04:00:00,2025-06-04 06:00:00,0.10832
Netherlands,NLD,2025-06-04 05:00:00,2025-06-04 07:00:00,0.11578000000000001
Netherlands,NLD,2025-06-04 06:00:00,2025-06-04 08:00:00,0.1124
Netherlands,NLD,2025-06-04 07:00:00,2025-06-04 09:00:00,0.10295
Netherlands,NLD,2025-06-04 08:00:00,2025-06-04 10:00:00,0.07068
Netherlands,NLD,2025-06-04 09:00:00,2025-06-04 11:00:00,0.045
Netherlands,NLD,2025-06-04 10:00:00,2025-06-04 12:00:00,0.019960000000000002
Netherlands,NLD,2025-06-04 11:00:00,2025-06-04 13:00:00,0.009689999999999999
Netherlands,NLD,2025-06-04 12:00:00,2025-06-04 14:00:00,0.016
Netherlands,NLD,2025-06-04 13:00:00,2025-06-04 15:00:00,0.03461
Netherlands,NLD,2025-06-04 14:00:00,2025-06-04 16:00:00,0.04690999999999999
Netherlands,NLD,2025-06-04 15:00:00,2025-06-04 17:00:00,0.0731
Netherlands,NLD,2025-06-04 16:00:00,2025-06-04 18:00:00,0.095
Netherlands,NLD,2025-06-04 17:00:00,2025-06-04 19:00:00,0.108
Netherlands,NLD,2025-06-04 18:00:00,2025-06-04 20:00:00,0.13757
Netherlands,NLD,2025-06-04 19:00:00,2025-06-04 21:00:00,0.136
Netherlands,NLD,2025-06-04 20:00:00,2025-06-04 22:00:00,0.11789
Netherlands,NLD,2025-06-04 21:00:00,2025-06-04 23:00:00,0.10052
Netherlands,NLD,2025-06-04 22:00:00,2025-06-05 00:00:00,0.09581999999999999
Netherlands,NLD,2025-06-04 23:00:00,2025-06-05 01:00:00,0.08597
Netherlands,NLD,2025-06-05 00:00:00,2025-06-05 02:00:00,0.08048000000000001
Netherlands,NLD,2025-06-05 01:00:00,2025-06-05 03:00:00,0.07979
Netherlands,NLD,2025-06-05 02:00:00,2025-06-05 04:00:00,0.08056999999999999
Netherlands,NLD,2025-06-05 03:00:00,2025-06-05 05:00:00,0.081
Netherlands,NLD,2025-06-05 04:00:00,2025-06-05 06:00:00,0.11378
Netherlands,NLD,2025-06-05 05:00:00,2025-06-05 07:00:00,0.11685
Netherlands,NLD,2025-06-05 06:00:00,2025-06-05 08:00:00,0.11278
Netherlands,NLD,2025-06-05 07:00:00,2025-06-05 09:00:00,0.0922
Netherlands,NLD,2025-06-05 08:00:00,2025-06-05 10:00:00,0.06501
Netherlands,NLD,2025-06-05 09:00:00,2025-06-05 11:00:00,0.04503
Netherlands,NLD,2025-06-05 10:00:00,2025-06-05 12:00:00,0.02115
Netherlands,NLD,2025-06-05 11:00:00,2025-06-05 13:00:00,0.01103
Netherlands,NLD,2025-06-05 12:00:00,2025-06-05 14:00:00,0.0076
Netherlands,NLD,2025-06-05 13:00:00,2025-06-05 15:00:00,0.019870000000000002
Netherlands,NLD,2025-06-05 14:00:00,2025-06-05 16:00:00,0.0575
Netherlands,NLD,2025-06-05 15:00:00,2025-06-05 17:00:00,0.07298
Netherlands,NLD,2025-06-05 16:00:00,2025-06-05 18:00:00,0.09444
Netherlands,NLD,2025-06-05 17:00:00,2025-06-05 19:00:00,0.10712999999999999
Netherlands,NLD,2025-06-05 18:00:00,2025-06-05 20:00:00,0.1262
Netherlands,NLD,2025-06-05 19:00:00,2025-06-05 21:00:00,0.12037
Netherlands,NLD,2025-06-05 20:00:00,2025-06-05 22:00:00,0.10339
Netherlands,NLD,2025-06-05 21:00:00,2025-06-05 23:00:00,0.0819
Netherlands,NLD,2025-06-05 22:00:00,2025-06-06 00:00:00,0.07021
Netherlands,NLD,2025-06-05 23:00:00,2025-06-06 01:00:00,0.05835
Netherlands,NLD,2025-06-06 00:00:00,2025-06-06 02:00:00,0.0599
Netherlands,NLD,2025-06-06 01:00:00,2025-06-06 03:00:00,0.05527
Netherlands,NLD,2025-06-06 02:00:00,2025-06-06 04:00:00,0.04814
Netherlands,NLD,2025-06-06 03:00:00,2025-06-06 05:00:00,0.054479999999999994
Netherlands,NLD,2025-06-06 04:00:00,2025-06-06 06:00:00,0.06419
Netherlands,NLD,2025-06-06 05:00:00,2025-06-06 07:00:00,0.06897
Netherlands,NLD,2025-06-06 06:00:00,2025-06-06 08:00:00,0.05656
Netherlands,NLD,2025-06-06 07:00:00,2025-06-06 09:00:00,0.004070000000000001
Netherlands,NLD,2025-06-06 08:00:00,2025-06-06 10:00:00,-1e-05
Netherlands,NLD,2025-06-06 09:00:00,2025-06-06 11:00:00,-0.0002
Netherlands,NLD,2025-06-06 10:00:00,2025-06-06 12:00:00,-0.002
Netherlands,NLD,2025-06-06 11:00:00,2025-06-06 13:00:00,-0.00394
Netherlands,NLD,2025-06-06 12:00:00,2025-06-06 14:00:00,-0.004200000000000001
Netherlands,NLD,2025-06-06 13:00:00,2025-06-06 15:00:00,-0.00369
Netherlands,NLD,2025-06-06 14:00:00,2025-06-06 16:00:00,-2.9999999999999997e-05
Netherlands,NLD,2025-06-06 15:00:00,2025-06-06 17:00:00,0.001
Netherlands,NLD,2025-06-06 16:00:00,2025-06-06 18:00:00,0.04629
Netherlands,NLD,2025-06-06 17:00:00,2025-06-06 19:00:00,0.08276
Netherlands,NLD,2025-06-06 18:00:00,2025-06-06 20:00:00,0.11105
Netherlands,NLD,2025-06-06 19:00:00,2025-06-06 21:00:00,0.12929
Netherlands,NLD,2025-06-06 20:00:00,2025-06-06 22:00:00,0.12772
Netherlands,NLD,2025-06-06 21:00:00,2025-06-06 23:00:00,0.10341
Netherlands,NLD,2025-06-06 22:00:00,2025-06-07 00:00:00,0.10046
Netherlands,NLD,2025-06-06 23:00:00,2025-06-07 01:00:00,0.09459999999999999
Netherlands,NLD,2025-06-07 00:00:00,2025-06-07 02:00:00,0.08766
Netherlands,NLD,2025-06-07 01:00:00,2025-06-07 03:00:00,0.094
Netherlands,NLD,2025-06-07 02:00:00,2025-06-07 04:00:00,0.09475
Netherlands,NLD,2025-06-07 03:00:00,2025-06-07 05:00:00,0.09448999999999999
Netherlands,NLD,2025-06-07 04:00:00,2025-06-07 06:00:00,0.095
Netherlands,NLD,2025-06-07 05:00:00,2025-06-07 07:00:00,0.09869
Netherlands,NLD,2025-06-07 06:00:00,2025-06-07 08:00:00,0.09040999999999999
Netherlands,NLD,2025-06-07 07:00:00,2025-06-07 09:00:00,0.07525
Netherlands,NLD,2025-06-07 08:00:00,2025-06-07 10:00:00,0.03405
Netherlands,NLD,2025-06-07 09:00:00,2025-06-07 11:00:00,0.009439999999999999
Netherlands,NLD,2025-06-07 10:00:00,2025-06-07 12:00:00,0.0011899999999999999
Netherlands,NLD,2025-06-07 11:00:00,2025-06-07 13:00:00,-1e-05
Netherlands,NLD,2025-06-07 12:00:00,2025-06-07 14:00:00,-2e-05
Netherlands,NLD,2025-06-07 13:00:00,2025-06-07 15:00:00,-2e-05
Netherlands,NLD,2025-06-07 14:00:00,2025-06-07 16:00:00,-0.00061
Netherlands,NLD,2025-06-07 15:00:00,2025-06-07 17:00:00,0.023239999999999997
Netherlands,NLD,2025-06-07 16:00:00,2025-06-07 18:00:00,0.06504
Netherlands,NLD,2025-06-07 17:00:00,2025-06-07 19:00:00,0.082
Netherlands,NLD,2025-06-07 18:00:00,2025-06-07 20:00:00,0.12653
Netherlands,NLD,2025-06-07 19:00:00,2025-06-07 21:00:00,0.128
Netherlands,NLD,2025-06-07 20:00:00,2025-06-07 22:00:00,0.11156
Netherlands,NLD,2025-06-07 21:00:00,2025-06-07 23:00:00,0.082
Netherlands,NLD,2025-06-07 22:00:00,2025-06-08 00:00:00,0.09502
Netherlands,NLD,2025-06-07 23:00:00,2025-06-08 01:00:00,0.08181999999999999
Netherlands,NLD,2025-06-08 00:00:00,2025-06-08 02:00:00,0.07387
Netherlands,NLD,2025-06-08 01:00:00,2025-06-08 03:00:00,0.06339
Netherlands,NLD,2025-06-08 02:00:00,2025-06-08 04:00:00,0.05717
Netherlands,NLD,2025-06-08 03:00:00,2025-06-08 05:00:00,0.04732
Netherlands,NLD,2025-06-08 04:00:00,2025-06-08 06:00:00,0.03307
Netherlands,NLD,2025-06-08 05:00:00,2025-06-08 07:00:00,0.00309
Netherlands,NLD,2025-06-08 06:00:00,2025-06-08 08:00:00,0.0
Netherlands,NLD,2025-06-08 07:00:00,2025-06-08 09:00:00,-0.0005
Netherlands,NLD,2025-06-08 08:00:00,2025-06-08 10:00:00,-0.002
Netherlands,NLD,2025-06-08 09:00:00,2025-06-08 11:00:00,-0.0081
Netherlands,NLD,2025-06-08 10:00:00,2025-06-08 12:00:00,-0.019850000000000003
Netherlands,NLD,2025-06-08 11:00:00,2025-06-08 13:00:00,-0.039920000000000004
Netherlands,NLD,2025-06-08 12:00:00,2025-06-08 14:00:00,-0.052829999999999995
Netherlands,NLD,2025-06-08 13:00:00,2025-06-08 15:00:00,-0.05299
Netherlands,NLD,2025-06-08 14:00:00,2025-06-08 16:00:00,-0.03597
Netherlands,NLD,2025-06-08 15:00:00,2025-06-08 17:00:00,-0.014060000000000001
Netherlands,NLD,2025-06-08 16:00:00,2025-06-08 18:00:00,1e-05
Netherlands,NLD,2025-06-08 17:00:00,2025-06-08 19:00:00,0.039990000000000005
Netherlands,NLD,2025-06-08 18:00:00,2025-06-08 20:00:00,0.08270000000000001
Netherlands,NLD,2025-06-08 19:00:00,2025-06-08 21:00:00,0.09468
Netherlands,NLD,2025-06-08 20:00:00,2025-06-08 22:00:00,0.13013
Netherlands,NLD,2025-06-08 21:00:00,2025-06-08 23:00:00,0.1134
Netherlands,NLD,2025-06-08 22:00:00,2025-06-09 00:00:00,0.11091
Netherlands,NLD,2025-06-08 23:00:00,2025-06-09 01:00:00,0.086
Netherlands,NLD,2025-06-09 00:00:00,2025-06-09 02:00:00,0.065
Netherlands,NLD,2025-06-09 01:00:00,2025-06-09 03:00:00,0.060899999999999996
Netherlands,NLD,2025-06-09 02:00:00,2025-06-09 04:00:00,0.0699
Netherlands,NLD,2025-06-09 03:00:00,2025-06-09 05:00:00,0.07
Netherlands,NLD,2025-06-09 04:00:00,2025-06-09 06:00:00,0.05982
Netherlands,NLD,2025-06-09 05:00:00,2025-06-09 07:00:00,0.05478
Netherlands,NLD,2025-06-09 06:00:00,2025-06-09 08:00:00,0.00513
Netherlands,NLD,2025-06-09 07:00:00,2025-06-09 09:00:00,0.0
Netherlands,NLD,2025-06-09 08:00:00,2025-06-09 10:00:00,-0.0009699999999999999
Netherlands,NLD,2025-06-09 09:00:00,2025-06-09 11:00:00,-0.0034
Netherlands,NLD,2025-06-09 10:00:00,2025-06-09 12:00:00,-0.00903
Netherlands,NLD,2025-06-09 11:00:00,2025-06-09 13:00:00,-0.018449999999999998
Netherlands,NLD,2025-06-09 12:00:00,2025-06-09 14:00:00,-0.01566
Netherlands,NLD,2025-06-09 13:00:00,2025-06-09 15:00:00,-0.0041600000000000005
Netherlands,NLD,2025-06-09 14:00:00,2025-06-09 16:00:00,-0.00085
Netherlands,NLD,2025-06-09 15:00:00,2025-06-09 17:00:00,0.00216
Netherlands,NLD,2025-06-09 16:00:00,2025-06-09 18:00:00,0.06584999999999999
Netherlands,NLD,2025-06-09 17:00:00,2025-06-09 19:00:00,0.11128
Netherlands,NLD,2025-06-09 18:00:00,2025-06-09 20:00:00,0.13427
Netherlands,NLD,2025-06-09 19:00:00,2025-06-09 21:00:00,0.14669
Netherlands,NLD,2025-06-09 20:00:00,2025-06-09 22:00:00,0.13
Netherlands,NLD,2025-06-09 21:00:00,2025-06-09 23:00:00,0.09612000000000001
Netherlands,NLD,2025-06-09 22:00:00,2025-06-10 00:00:00,0.08295999999999999
Netherlands,NLD,2025-06-09 23:00:00,2025-06-10 01:00:00,0.0747
Netherlands,NLD,2025-06-10 00:00:00,2025-06-10 02:00:00,0.0678
Netherlands,NLD,2025-06-10 01:00:00,2025-06-10 03:00:00,0.05771
Netherlands,NLD,2025-06-10 02:00:00,2025-06-10 04:00:00,0.05192
Netherlands,NLD,2025-06-10 03:00:00,2025-06-10 05:00:00,0.05604
Netherlands,NLD,2025-06-10 04:00:00,2025-06-10 06:00:00,0.06770999999999999
Netherlands,NLD,2025-06-10 05:00:00,2025-06-10 07:00:00,0.08022
Netherlands,NLD,2025-06-10 06:00:00,2025-06-10 08:00:00,0.08
Netherlands,NLD,2025-06-10 07:00:00,2025-06-10 09:00:00,0.06509000000000001
Netherlands,NLD,2025-06-10 08:00:00,2025-06-10 10:00:00,0.02125
Netherlands,NLD,2025-06-10 09:00:00,2025-06-10 11:00:00,0.013800000000000002
Netherlands,NLD,2025-06-10 10:00:00,2025-06-10 12:00:00,0.0001
Netherlands,NLD,2025-06-10 11:00:00,2025-06-10 13:00:00,0.00505
Netherlands,NLD,2025-06-10 12:00:00,2025-06-10 14:00:00,0.005
Netherlands,NLD,2025-06-10 13:00:00,2025-06-10 15:00:00,0.00099
Netherlands,NLD,2025-06-10 14:00:00,2025-06-10 16:00:00,0.01
Netherlands,NLD,2025-06-10 15:00:00,2025-06-10 17:00:00,0.05966
Netherlands,NLD,2025-06-10 16:00:00,2025-06-10 18:00:00,0.08718000000000001
Netherlands,NLD,2025-06-10 17:00:00,2025-06-10 19:00:00,0.10243000000000001
Netherlands,NLD,2025-06-10 18:00:00,2025-06-10 20:00:00,0.11333
Netherlands,NLD,2025-06-10 19:00:00,2025-06-10 21:00:00,0.12329999999999999
Netherlands,NLD,2025-06-10 20:00:00,2025-06-10 22:00:00,0.11337
Netherlands,NLD,2025-06-10 21:00:00,2025-06-10 23:00:00,0.10495
Netherlands,NLD,2025-06-10 22:00:00,2025-06-11 00:00:00,0.11431000000000001
Netherlands,NLD,2025-06-10 23:00:00,2025-06-11 01:00:00,0.092
Netherlands,NLD,2025-06-11 00:00:00,2025-06-11 02:00:00,0.08375
Netherlands,NLD,2025-06-11 01:00:00,2025-06-11 03:00:00,0.095
Netherlands,NLD,2025-06-11 02:00:00,2025-06-11 04:00:00,0.086
Netherlands,NLD,2025-06-11 03:00:00,2025-06-11 05:00:00,0.09
Netherlands,NLD,2025-06-11 04:00:00,2025-06-11 06:00:00,0.11219
Netherlands,NLD,2025-06-11 05:00:00,2025-06-11 07:00:00,0.1202
Netherlands,NLD,2025-06-11 06:00:00,2025-06-11 08:00:00,0.1
Netherlands,NLD,2025-06-11 07:00:00,2025-06-11 09:00:00,0.08539
Netherlands,NLD,2025-06-11 08:00:00,2025-06-11 10:00:00,0.03191
Netherlands,NLD,2025-06-11 09:00:00,2025-06-11 11:00:00,0.0012
Netherlands,NLD,2025-06-11 10:00:00,2025-06-11 12:00:00,-0.0002
Netherlands,NLD,2025-06-11 11:00:00,2025-06-11 13:00:00,-0.00064
Netherlands,NLD,2025-06-11 12:00:00,2025-06-11 14:00:00,-0.003
Netherlands,NLD,2025-06-11 13:00:00,2025-06-11 15:00:00,-0.00159
Netherlands,NLD,2025-06-11 14:00:00,2025-06-11 16:00:00,0.002
Netherlands,NLD,2025-06-11 15:00:00,2025-06-11 17:00:00,0.06404
Netherlands,NLD,2025-06-11 16:00:00,2025-06-11 18:00:00,0.0997
Netherlands,NLD,2025-06-11 17:00:00,2025-06-11 19:00:00,0.13032
Netherlands,NLD,2025-06-11 18:00:00,2025-06-11 20:00:00,0.20837999999999998
Netherlands,NLD,2025-06-11 19:00:00,2025-06-11 21:00:00,0.18
Netherlands,NLD,2025-06-11 20:00:00,2025-06-11 22:00:00,0.11934
Netherlands,NLD,2025-06-11 21:00:00,2025-06-11 23:00:00,0.09668
Netherlands,NLD,2025-06-11 22:00:00,2025-06-12 00:00:00,0.09297
Netherlands,NLD,2025-06-11 23:00:00,2025-06-12 01:00:00,0.08706
Netherlands,NLD,2025-06-12 00:00:00,2025-06-12 02:00:00,0.08
Netherlands,NLD,2025-06-12 01:00:00,2025-06-12 03:00:00,0.08
Netherlands,NLD,2025-06-12 02:00:00,2025-06-12 04:00:00,0.08237
Netherlands,NLD,2025-06-12 03:00:00,2025-06-12 05:00:00,0.08736
Netherlands,NLD,2025-06-12 04:00:00,2025-06-12 06:00:00,0.10573
Netherlands,NLD,2025-06-12 05:00:00,2025-06-12 07:00:00,0.09872
Netherlands,NLD,2025-06-12 06:00:00,2025-06-12 08:00:00,0.07893
Netherlands,NLD,2025-06-12 07:00:00,2025-06-12 09:00:00,0.036090000000000004
Netherlands,NLD,2025-06-12 08:00:00,2025-06-12 10:00:00,0.0
Netherlands,NLD,2025-06-12 09:00:00,2025-06-12 11:00:00,-0.002
Netherlands,NLD,2025-06-12 10:00:00,2025-06-12 12:00:00,-0.01766
Netherlands,NLD,2025-06-12 11:00:00,2025-06-12 13:00:00,-0.03096
Netherlands,NLD,2025-06-12 12:00:00,2025-06-12 14:00:00,-0.03129
Netherlands,NLD,2025-06-12 13:00:00,2025-06-12 15:00:00,-0.014
Netherlands,NLD,2025-06-12 14:00:00,2025-06-12 16:00:00,-0.00278
Netherlands,NLD,2025-06-12 15:00:00,2025-06-12 17:00:00,0.0149
Netherlands,NLD,2025-06-12 16:00:00,2025-06-12 18:00:00,0.07995999999999999
Netherlands,NLD,2025-06-12 17:00:00,2025-06-12 19:00:00,0.11239
Netherlands,NLD,2025-06-12 18:00:00,2025-06-12 20:00:00,0.132
Netherlands,NLD,2025-06-12 19:00:00,2025-06-12 21:00:00,0.11333
Netherlands,NLD,2025-06-12 20:00:00,2025-06-12 22:00:00,0.10593999999999999
Netherlands,NLD,2025-06-12 21:00:00,2025-06-12 23:00:00,0.09490000000000001
Netherlands,NLD,2025-06-12 22:00:00,2025-06-13 00:00:00,0.08771
Netherlands,NLD,2025-06-12 23:00:00,2025-06-13 01:00:00,0.087
Netherlands,NLD,2025-06-13 00:00:00,2025-06-13 02:00:00,0.08990000000000001
Netherlands,NLD,2025-06-13 01:00:00,2025-06-13 03:00:00,0.091
Netherlands,NLD,2025-06-13 02:00:00,2025-06-13 04:00:00,0.09754
Netherlands,NLD,2025-06-13 03:00:00,2025-06-13 05:00:00,0.1
Netherlands,NLD,2025-06-13 04:00:00,2025-06-13 06:00:00,0.10925
Netherlands,NLD,2025-06-13 05:00:00,2025-06-13 07:00:00,0.1216
Netherlands,NLD,2025-06-13 06:00:00,2025-06-13 08:00:00,0.115
Netherlands,NLD,2025-06-13 07:00:00,2025-06-13 09:00:00,0.08
Netherlands,NLD,2025-06-13 08:00:00,2025-06-13 10:00:00,0.023
Netherlands,NLD,2025-06-13 09:00:00,2025-06-13 11:00:00,0.00069
Netherlands,NLD,2025-06-13 10:00:00,2025-06-13 12:00:00,-8e-05
Netherlands,NLD,2025-06-13 11:00:00,2025-06-13 13:00:00,-0.00029
Netherlands,NLD,2025-06-13 12:00:00,2025-06-13 14:00:00,-0.00145
Netherlands,NLD,2025-06-13 13:00:00,2025-06-13 15:00:00,-0.00138
Netherlands,NLD,2025-06-13 14:00:00,2025-06-13 16:00:00,0.00103
Netherlands,NLD,2025-06-13 15:00:00,2025-06-13 17:00:00,0.0689
Netherlands,NLD,2025-06-13 16:00:00,2025-06-13 18:00:00,0.095
Netherlands,NLD,2025-06-13 17:00:00,2025-06-13 19:00:00,0.12239
Netherlands,NLD,2025-06-13 18:00:00,2025-06-13 20:00:00,0.123
Netherlands,NLD,2025-06-13 19:00:00,2025-06-13 21:00:00,0.121
Netherlands,NLD,2025-06-13 20:00:00,2025-06-13 22:00:00,0.10859999999999999
Netherlands,NLD,2025-06-13 21:00:00,2025-06-13 23:00:00,0.09390000000000001
Netherlands,NLD,2025-06-13 22:00:00,2025-06-14 00:00:00,0.096
Netherlands,NLD,2025-06-13 23:00:00,2025-06-14 01:00:00,0.0785
Netherlands,NLD,2025-06-14 00:00:00,2025-06-14 02:00:00,0.0911
Netherlands,NLD,2025-06-14 01:00:00,2025-06-14 03:00:00,0.08320999999999999
Netherlands,NLD,2025-06-14 02:00:00,2025-06-14 04:00:00,0.096
Netherlands,NLD,2025-06-14 03:00:00,2025-06-14 05:00:00,0.0975
Netherlands,NLD,2025-06-14 04:00:00,2025-06-14 06:00:00,0.084
Netherlands,NLD,2025-06-14 05:00:00,2025-06-14 07:00:00,0.08589
Netherlands,NLD,2025-06-14 06:00:00,2025-06-14 08:00:00,0.024
Netherlands,NLD,2025-06-14 07:00:00,2025-06-14 09:00:00,0.0
Netherlands,NLD,2025-06-14 08:00:00,2025-06-14 10:00:00,-0.0008100000000000001
Netherlands,NLD,2025-06-14 09:00:00,2025-06-14 11:00:00,-0.0049900000000000005
Netherlands,NLD,2025-06-14 10:00:00,2025-06-14 12:00:00,-0.01456
Netherlands,NLD,2025-06-14 11:00:00,2025-06-14 13:00:00,-0.0195
Netherlands,NLD,2025-06-14 12:00:00,2025-06-14 14:00:00,-0.02437
Netherlands,NLD,2025-06-14 13:00:00,2025-06-14 15:00:00,-0.0067
Netherlands,NLD,2025-06-14 14:00:00,2025-06-14 16:00:00,-0.00037
Netherlands,NLD,2025-06-14 15:00:00,2025-06-14 17:00:00,0.00886
Netherlands,NLD,2025-06-14 16:00:00,2025-06-14 18:00:00,0.07239
Netherlands,NLD,2025-06-14 17:00:00,2025-06-14 19:00:00,0.11281999999999999
Netherlands,NLD,2025-06-14 18:00:00,2025-06-14 20:00:00,0.12176999999999999
Netherlands,NLD,2025-06-14 19:00:00,2025-06-14 21:00:00,0.1268
Netherlands,NLD,2025-06-14 20:00:00,2025-06-14 22:00:00,0.1201
Netherlands,NLD,2025-06-14 21:00:00,2025-06-14 23:00:00,0.11120999999999999
Netherlands,NLD,2025-06-14 22:00:00,2025-06-15 00:00:00,0.09709999999999999
Netherlands,NLD,2025-06-14 23:00:00,2025-06-15 01:00:00,0.0994
Netherlands,NLD,2025-06-15 00:00:00,2025-06-15 02:00:00,0.09509999999999999
Netherlands,NLD,2025-06-15 01:00:00,2025-06-15 03:00:00,0.09486
Netherlands,NLD,2025-06-15 02:00:00,2025-06-15 04:00:00,0.09434999999999999
Netherlands,NLD,2025-06-15 03:00:00,2025-06-15 05:00:00,0.09437999999999999
Netherlands,NLD,2025-06-15 04:00:00,2025-06-15 06:00:00,0.0891
Netherlands,NLD,2025-06-15 05:00:00,2025-06-15 07:00:00,0.073
Netherlands,NLD,2025-06-15 06:00:00,2025-06-15 08:00:00,0.05386
Netherlands,NLD,2025-06-15 07:00:00,2025-06-15 09:00:00,0.00555
Netherlands,NLD,2025-06-15 08:00:00,2025-06-15 10:00:00,0.0
Netherlands,NLD,2025-06-15 09:00:00,2025-06-15 11:00:00,-2e-05
Netherlands,NLD,2025-06-15 10:00:00,2025-06-15 12:00:00,-0.00124
Netherlands,NLD,2025-06-15 11:00:00,2025-06-15 13:00:00,-0.00563
Netherlands,NLD,2025-06-15 12:00:00,2025-06-15 14:00:00,-0.005
Netherlands,NLD,2025-06-15 13:00:00,2025-06-15 15:00:00,-0.002
Netherlands,NLD,2025-06-15 14:00:00,2025-06-15 16:00:00,-1e-05
Netherlands,NLD,2025-06-15 15:00:00,2025-06-15 17:00:00,0.045020000000000004
Netherlands,NLD,2025-06-15 16:00:00,2025-06-15 18:00:00,0.08667
Netherlands,NLD,2025-06-15 17:00:00,2025-06-15 19:00:00,0.10148
Netherlands,NLD,2025-06-15 18:00:00,2025-06-15 20:00:00,0.125
Netherlands,NLD,2025-06-15 19:00:00,2025-06-15 21:00:00,0.14032
Netherlands,NLD,2025-06-15 20:00:00,2025-06-15 22:00:00,0.13562000000000002
Netherlands,NLD,2025-06-15 21:00:00,2025-06-15 23:00:00,0.10654000000000001
Netherlands,NLD,2025-06-15 22:00:00,2025-06-16 00:00:00,0.1171
Netherlands,NLD,2025-06-15 23:00:00,2025-06-16 01:00:00,0.09779
Netherlands,NLD,2025-06-16 00:00:00,2025-06-16 02:00:00,0.09756999999999999
Netherlands,NLD,2025-06-16 01:00:00,2025-06-16 03:00:00,0.084
Netherlands,NLD,2025-06-16 02:00:00,2025-06-16 04:00:00,0.08320999999999999
Netherlands,NLD,2025-06-16 03:00:00,2025-06-16 05:00:00,0.09904
Netherlands,NLD,2025-06-16 04:00:00,2025-06-16 06:00:00,0.11556999999999999
Netherlands,NLD,2025-06-16 05:00:00,2025-06-16 07:00:00,0.125
Netherlands,NLD,2025-06-16 06:00:00,2025-06-16 08:00:00,0.11924
Netherlands,NLD,2025-06-16 07:00:00,2025-06-16 09:00:00,0.09504
Netherlands,NLD,2025-06-16 08:00:00,2025-06-16 10:00:00,0.05711
Netherlands,NLD,2025-06-16 09:00:00,2025-06-16 11:00:00,0.01383
Netherlands,NLD,2025-06-16 10:00:00,2025-06-16 12:00:00,0.00211
Netherlands,NLD,2025-06-16 11:00:00,2025-06-16 13:00:00,0.00079
Netherlands,NLD,2025-06-16 12:00:00,2025-06-16 14:00:00,0.0007
Netherlands,NLD,2025-06-16 13:00:00,2025-06-16 15:00:00,0.00115
Netherlands,NLD,2025-06-16 14:00:00,2025-06-16 16:00:00,0.013609999999999999
Netherlands,NLD,2025-06-16 15:00:00,2025-06-16 17:00:00,0.06908
Netherlands,NLD,2025-06-16 16:00:00,2025-06-16 18:00:00,0.0987
Netherlands,NLD,2025-06-16 17:00:00,2025-06-16 19:00:00,0.11793000000000001
Netherlands,NLD,2025-06-16 18:00:00,2025-06-16 20:00:00,0.1861
Netherlands,NLD,2025-06-16 19:00:00,2025-06-16 21:00:00,0.19
Netherlands,NLD,2025-06-16 20:00:00,2025-06-16 22:00:00,0.13366999999999998
Netherlands,NLD,2025-06-16 21:00:00,2025-06-16 23:00:00,0.112
Netherlands,NLD,2025-06-16 22:00:00,2025-06-17 00:00:00,0.106
Netherlands,NLD,2025-06-16 23:00:00,2025-06-17 01:00:00,0.10177
Netherlands,NLD,2025-06-17 00:00:00,2025-06-17 02:00:00,0.09712
Netherlands,NLD,2025-06-17 01:00:00,2025-06-17 03:00:00,0.09581999999999999
Netherlands,NLD,2025-06-17 02:00:00,2025-06-17 04:00:00,0.09733
Netherlands,NLD,2025-06-17 03:00:00,2025-06-17 05:00:00,0.10382999999999999
Netherlands,NLD,2025-06-17 04:00:00,2025-06-17 06:00:00,0.12090000000000001
Netherlands,NLD,2025-06-17 05:00:00,2025-06-17 07:00:00,0.10845
Netherlands,NLD,2025-06-17 06:00:00,2025-06-17 08:00:00,0.101
Netherlands,NLD,2025-06-17 07:00:00,2025-06-17 09:00:00,0.08652
Netherlands,NLD,2025-06-17 08:00:00,2025-06-17 10:00:00,0.00438
Netherlands,NLD,2025-06-17 09:00:00,2025-06-17 11:00:00,-0.00035999999999999997
Netherlands,NLD,2025-06-17 10:00:00,2025-06-17 12:00:00,-0.00055
Netherlands,NLD,2025-06-17 11:00:00,2025-06-17 13:00:00,-0.0024300000000000003
Netherlands,NLD,2025-06-17 12:00:00,2025-06-17 14:00:00,-0.0027400000000000002
Netherlands,NLD,2025-06-17 13:00:00,2025-06-17 15:00:00,-0.00163
Netherlands,NLD,2025-06-17 14:00:00,2025-06-17 16:00:00,0.01
Netherlands,NLD,2025-06-17 15:00:00,2025-06-17 17:00:00,0.08009999999999999
Netherlands,NLD,2025-06-17 16:00:00,2025-06-17 18:00:00,0.105
Netherlands,NLD,2025-06-17 17:00:00,2025-06-17 19:00:00,0.128
Netherlands,NLD,2025-06-17 18:00:00,2025-06-17 20:00:00,0.2376
Netherlands,NLD,2025-06-17 19:00:00,2025-06-17 21:00:00,0.23569
Netherlands,NLD,2025-06-17 20:00:00,2025-06-17 22:00:00,0.14039
Netherlands,NLD,2025-06-17 21:00:00,2025-06-17 23:00:00,0.11658
Netherlands,NLD,2025-06-17 22:00:00,2025-06-18 00:00:00,0.113
Netherlands,NLD,2025-06-17 23:00:00,2025-06-18 01:00:00,0.10708
Netherlands,NLD,2025-06-18 00:00:00,2025-06-18 02:00:00,0.10161
Netherlands,NLD,2025-06-18 01:00:00,2025-06-18 03:00:00,0.09634000000000001
Netherlands,NLD,2025-06-18 02:00:00,2025-06-18 04:00:00,0.09733
Netherlands,NLD,2025-06-18 03:00:00,2025-06-18 05:00:00,0.10443000000000001
Netherlands,NLD,2025-06-18 04:00:00,2025-06-18 06:00:00,0.11315
Netherlands,NLD,2025-06-18 05:00:00,2025-06-18 07:00:00,0.11562
Netherlands,NLD,2025-06-18 06:00:00,2025-06-18 08:00:00,0.1153
Netherlands,NLD,2025-06-18 07:00:00,2025-06-18 09:00:00,0.08964
Netherlands,NLD,2025-06-18 08:00:00,2025-06-18 10:00:00,0.02178
Netherlands,NLD,2025-06-18 09:00:00,2025-06-18 11:00:00,0.00117
Netherlands,NLD,2025-06-18 10:00:00,2025-06-18 12:00:00,-0.00013000000000000002
Netherlands,NLD,2025-06-18 11:00:00,2025-06-18 13:00:00,-0.00047999999999999996
Netherlands,NLD,2025-06-18 12:00:00,2025-06-18 14:00:00,-0.0010400000000000001
Netherlands,NLD,2025-06-18 13:00:00,2025-06-18 15:00:00,-0.0003
Netherlands,NLD,2025-06-18 14:00:00,2025-06-18 16:00:00,0.00222
Netherlands,NLD,2025-06-18 15:00:00,2025-06-18 17:00:00,0.07312
Netherlands,NLD,2025-06-18 16:00:00,2025-06-18 18:00:00,0.10538
Netherlands,NLD,2025-06-18 17:00:00,2025-06-18 19:00:00,0.11689
Netherlands,NLD,2025-06-18 18:00:00,2025-06-18 20:00:00,0.14139
Netherlands,NLD,2025-06-18 19:00:00,2025-06-18 21:00:00,0.17532
Netherlands,NLD,2025-06-18 20:00:00,2025-06-18 22:00:00,0.13607
Netherlands,NLD,2025-06-18 21:00:00,2025-06-18 23:00:00,0.12
Netherlands,NLD,2025-06-18 22:00:00,2025-06-19 00:00:00,0.11179
Netherlands,NLD,2025-06-18 23:00:00,2025-06-19 01:00:00,0.10908
Netherlands,NLD,2025-06-19 00:00:00,2025-06-19 02:00:00,0.10740000000000001
Netherlands,NLD,2025-06-19 01:00:00,2025-06-19 03:00:00,0.10427
Netherlands,NLD,2025-06-19 02:00:00,2025-06-19 04:00:00,0.10423
Netherlands,NLD,2025-06-19 03:00:00,2025-06-19 05:00:00,0.1076
Netherlands,NLD,2025-06-19 04:00:00,2025-06-19 06:00:00,0.10490000000000001
Netherlands,NLD,2025-06-19 05:00:00,2025-06-19 07:00:00,0.10047
Netherlands,NLD,2025-06-19 06:00:00,2025-06-19 08:00:00,0.08956
Netherlands,NLD,2025-06-19 07:00:00,2025-06-19 09:00:00,0.00975
Netherlands,NLD,2025-06-19 08:00:00,2025-06-19 10:00:00,-0.00058
Netherlands,NLD,2025-06-19 09:00:00,2025-06-19 11:00:00,-0.00902
Netherlands,NLD,2025-06-19 10:00:00,2025-06-19 12:00:00,-0.006019999999999999
Netherlands,NLD,2025-06-19 11:00:00,2025-06-19 13:00:00,-0.00607
Netherlands,NLD,2025-06-19 12:00:00,2025-06-19 14:00:00,-0.00509
Netherlands,NLD,2025-06-19 13:00:00,2025-06-19 15:00:00,-0.00784
Netherlands,NLD,2025-06-19 14:00:00,2025-06-19 16:00:00,-0.00312
Netherlands,NLD,2025-06-19 15:00:00,2025-06-19 17:00:00,0.0065899999999999995
Netherlands,NLD,2025-06-19 16:00:00,2025-06-19 18:00:00,0.08441
Netherlands,NLD,2025-06-19 17:00:00,2025-06-19 19:00:00,0.11878
Netherlands,NLD,2025-06-19 18:00:00,2025-06-19 20:00:00,0.14156
Netherlands,NLD,2025-06-19 19:00:00,2025-06-19 21:00:00,0.14697
Netherlands,NLD,2025-06-19 20:00:00,2025-06-19 22:00:00,0.1308
Netherlands,NLD,2025-06-19 21:00:00,2025-06-19 23:00:00,0.11
Netherlands,NLD,2025-06-19 22:00:00,2025-06-20 00:00:00,0.10901000000000001
Netherlands,NLD,2025-06-19 23:00:00,2025-06-20 01:00:00,0.10457
Netherlands,NLD,2025-06-20 00:00:00,2025-06-20 02:00:00,0.10056
Netherlands,NLD,2025-06-20 01:00:00,2025-06-20 03:00:00,0.104
Netherlands,NLD,2025-06-20 02:00:00,2025-06-20 04:00:00,0.09948
Netherlands,NLD,2025-06-20 03:00:00,2025-06-20 05:00:00,0.10904000000000001
Netherlands,NLD,2025-06-20 04:00:00,2025-06-20 06:00:00,0.12090000000000001
Netherlands,NLD,2025-06-20 05:00:00,2025-06-20 07:00:00,0.11866
Netherlands,NLD,2025-06-20 06:00:00,2025-06-20 08:00:00,0.111
Netherlands,NLD,2025-06-20 07:00:00,2025-06-20 09:00:00,0.08169
Netherlands,NLD,2025-06-20 08:00:00,2025-06-20 10:00:00,0.02144
Netherlands,NLD,2025-06-20 09:00:00,2025-06-20 11:00:00,0.0059900000000000005
Netherlands,NLD,2025-06-20 10:00:00,2025-06-20 12:00:00,0.00188
Netherlands,NLD,2025-06-20 11:00:00,2025-06-20 13:00:00,-0.00051
Netherlands,NLD,2025-06-20 12:00:00,2025-06-20 14:00:00,-8e-05
Netherlands,NLD,2025-06-20 13:00:00,2025-06-20 15:00:00,0.00078
Netherlands,NLD,2025-06-20 14:00:00,2025-06-20 16:00:00,0.02961
Netherlands,NLD,2025-06-20 15:00:00,2025-06-20 17:00:00,0.08773
Netherlands,NLD,2025-06-20 16:00:00,2025-06-20 18:00:00,0.11123000000000001
Netherlands,NLD,2025-06-20 17:00:00,2025-06-20 19:00:00,0.1354
Netherlands,NLD,2025-06-20 18:00:00,2025-06-20 20:00:00,0.19478
Netherlands,NLD,2025-06-20 19:00:00,2025-06-20 21:00:00,0.17862999999999998
Netherlands,NLD,2025-06-20 20:00:00,2025-06-20 22:00:00,0.13705
Netherlands,NLD,2025-06-20 21:00:00,2025-06-20 23:00:00,0.12138
Netherlands,NLD,2025-06-20 22:00:00,2025-06-21 00:00:00,0.11852
Netherlands,NLD,2025-06-20 23:00:00,2025-06-21 01:00:00,0.11048000000000001
Netherlands,NLD,2025-06-21 00:00:00,2025-06-21 02:00:00,0.10815000000000001
Netherlands,NLD,2025-06-21 01:00:00,2025-06-21 03:00:00,0.10629999999999999
Netherlands,NLD,2025-06-21 02:00:00,2025-06-21 04:00:00,0.11
Netherlands,NLD,2025-06-21 03:00:00,2025-06-21 05:00:00,0.10493999999999999
Netherlands,NLD,2025-06-21 04:00:00,2025-06-21 06:00:00,0.10075
Netherlands,NLD,2025-06-21 05:00:00,2025-06-21 07:00:00,0.09074
Netherlands,NLD,2025-06-21 06:00:00,2025-06-21 08:00:00,0.07593000000000001
Netherlands,NLD,2025-06-21 07:00:00,2025-06-21 09:00:00,0.023399999999999997
Netherlands,NLD,2025-06-21 08:00:00,2025-06-21 10:00:00,0.00049
Netherlands,NLD,2025-06-21 09:00:00,2025-06-21 11:00:00,-0.0020099999999999996
Netherlands,NLD,2025-06-21 10:00:00,2025-06-21 12:00:00,-0.0124
Netherlands,NLD,2025-06-21 11:00:00,2025-06-21 13:00:00,-0.02606
Netherlands,NLD,2025-06-21 12:00:00,2025-06-21 14:00:00,-0.027780000000000003
Netherlands,NLD,2025-06-21 13:00:00,2025-06-21 15:00:00,-0.003
Netherlands,NLD,2025-06-21 14:00:00,2025-06-21 16:00:00,8.999999999999999e-05
Netherlands,NLD,2025-06-21 15:00:00,2025-06-21 17:00:00,0.060200000000000004
Netherlands,NLD,2025-06-21 16:00:00,2025-06-21 18:00:00,0.10089000000000001
Netherlands,NLD,2025-06-21 17:00:00,2025-06-21 19:00:00,0.1279
Netherlands,NLD,2025-06-21 18:00:00,2025-06-21 20:00:00,0.15674000000000002
Netherlands,NLD,2025-06-21 19:00:00,2025-06-21 21:00:00,0.16585
Netherlands,NLD,2025-06-21 20:00:00,2025-06-21 22:00:00,0.14104
Netherlands,NLD,2025-06-21 21:00:00,2025-06-21 23:00:00,0.11932
Netherlands,NLD,2025-06-21 22:00:00,2025-06-22 00:00:00,0.10690000000000001
Netherlands,NLD,2025-06-21 23:00:00,2025-06-22 01:00:00,0.10107
Netherlands,NLD,2025-06-22 00:00:00,2025-06-22 02:00:00,0.099
Netherlands,NLD,2025-06-22 01:00:00,2025-06-22 03:00:00,0.09058
Netherlands,NLD,2025-06-22 02:00:00,2025-06-22 04:00:00,0.08782
Netherlands,NLD,2025-06-22 03:00:00,2025-06-22 05:00:00,0.08008
Netherlands,NLD,2025-06-22 04:00:00,2025-06-22 06:00:00,0.06756000000000001
Netherlands,NLD,2025-06-22 05:00:00,2025-06-22 07:00:00,0.02644
Netherlands,NLD,2025-06-22 06:00:00,2025-06-22 08:00:00,0.0
Netherlands,NLD,2025-06-22 07:00:00,2025-06-22 09:00:00,-8.999999999999999e-05
Netherlands,NLD,2025-06-22 08:00:00,2025-06-22 10:00:00,-0.01111
Netherlands,NLD,2025-06-22 09:00:00,2025-06-22 11:00:00,-0.01872
Netherlands,NLD,2025-06-22 10:00:00,2025-06-22 12:00:00,-0.006
Netherlands,NLD,2025-06-22 11:00:00,2025-06-22 13:00:00,-0.00605
Netherlands,NLD,2025-06-22 12:00:00,2025-06-22 14:00:00,-0.00973
Netherlands,NLD,2025-06-22 13:00:00,2025-06-22 15:00:00,-0.0067800000000000004
Netherlands,NLD,2025-06-22 14:00:00,2025-06-22 16:00:00,-0.00756
Netherlands,NLD,2025-06-22 15:00:00,2025-06-22 17:00:00,-0.0001
Netherlands,NLD,2025-06-22 16:00:00,2025-06-22 18:00:00,0.05938
Netherlands,NLD,2025-06-22 17:00:00,2025-06-22 19:00:00,0.1028
Netherlands,NLD,2025-06-22 18:00:00,2025-06-22 20:00:00,0.12176999999999999
Netherlands,NLD,2025-06-22 19:00:00,2025-06-22 21:00:00,0.13198
Netherlands,NLD,2025-06-22 20:00:00,2025-06-22 22:00:00,0.12425
Netherlands,NLD,2025-06-22 21:00:00,2025-06-22 23:00:00,0.10163
Netherlands,NLD,2025-06-22 22:00:00,2025-06-23 00:00:00,0.06602
Netherlands,NLD,2025-06-22 23:00:00,2025-06-23 01:00:00,0.05802
Netherlands,NLD,2025-06-23 00:00:00,2025-06-23 02:00:00,0.05677
Netherlands,NLD,2025-06-23 01:00:00,2025-06-23 03:00:00,0.05681
Netherlands,NLD,2025-06-23 02:00:00,2025-06-23 04:00:00,0.0636
Netherlands,NLD,2025-06-23 03:00:00,2025-06-23 05:00:00,0.07378
Netherlands,NLD,2025-06-23 04:00:00,2025-06-23 06:00:00,0.08073999999999999
Netherlands,NLD,2025-06-23 05:00:00,2025-06-23 07:00:00,0.08363
Netherlands,NLD,2025-06-23 06:00:00,2025-06-23 08:00:00,0.0732
Netherlands,NLD,2025-06-23 07:00:00,2025-06-23 09:00:00,0.01864
Netherlands,NLD,2025-06-23 08:00:00,2025-06-23 10:00:00,0.00051
Netherlands,NLD,2025-06-23 09:00:00,2025-06-23 11:00:00,-0.0044800000000000005
Netherlands,NLD,2025-06-23 10:00:00,2025-06-23 12:00:00,-0.0099
Netherlands,NLD,2025-06-23 11:00:00,2025-06-23 13:00:00,-0.02035
Netherlands,NLD,2025-06-23 12:00:00,2025-06-23 14:00:00,-0.03
Netherlands,NLD,2025-06-23 13:00:00,2025-06-23 15:00:00,-0.03269
Netherlands,NLD,2025-06-23 14:00:00,2025-06-23 16:00:00,-0.023
Netherlands,NLD,2025-06-23 15:00:00,2025-06-23 17:00:00,-0.0099
Netherlands,NLD,2025-06-23 16:00:00,2025-06-23 18:00:00,0.00379
Netherlands,NLD,2025-06-23 17:00:00,2025-06-23 19:00:00,0.05507
Netherlands,NLD,2025-06-23 18:00:00,2025-06-23 20:00:00,0.1
Netherlands,NLD,2025-06-23 19:00:00,2025-06-23 21:00:00,0.111
Netherlands,NLD,2025-06-23 20:00:00,2025-06-23 22:00:00,0.127
Netherlands,NLD,2025-06-23 21:00:00,2025-06-23 23:00:00,0.10387
Netherlands,NLD,2025-06-23 22:00:00,2025-06-24 00:00:00,0.08284
Netherlands,NLD,2025-06-23 23:00:00,2025-06-24 01:00:00,0.07167
Netherlands,NLD,2025-06-24 00:00:00,2025-06-24 02:00:00,0.06508
Netherlands,NLD,2025-06-24 01:00:00,2025-06-24 03:00:00,0.07
Netherlands,NLD,2025-06-24 02:00:00,2025-06-24 04:00:00,0.06652
Netherlands,NLD,2025-06-24 03:00:00,2025-06-24 05:00:00,0.07043
Netherlands,NLD,2025-06-24 04:00:00,2025-06-24 06:00:00,0.09347
Netherlands,NLD,2025-06-24 05:00:00,2025-06-24 07:00:00,0.08990000000000001
Netherlands,NLD,2025-06-24 06:00:00,2025-06-24 08:00:00,0.08685999999999999
Netherlands,NLD,2025-06-24 07:00:00,2025-06-24 09:00:00,0.0592
Netherlands,NLD,2025-06-24 08:00:00,2025-06-24 10:00:00,0.0
Netherlands,NLD,2025-06-24 09:00:00,2025-06-24 11:00:00,-0.0004
Netherlands,NLD,2025-06-24 10:00:00,2025-06-24 12:00:00,-0.002
Netherlands,NLD,2025-06-24 11:00:00,2025-06-24 13:00:00,-0.00268
Netherlands,NLD,2025-06-24 12:00:00,2025-06-24 14:00:00,-0.00202
Netherlands,NLD,2025-06-24 13:00:00,2025-06-24 15:00:00,-0.002
Netherlands,NLD,2025-06-24 14:00:00,2025-06-24 16:00:00,-0.00039
Netherlands,NLD,2025-06-24 15:00:00,2025-06-24 17:00:00,0.006719999999999999
Netherlands,NLD,2025-06-24 16:00:00,2025-06-24 18:00:00,0.06439
Netherlands,NLD,2025-06-24 17:00:00,2025-06-24 19:00:00,0.09911
Netherlands,NLD,2025-06-24 18:00:00,2025-06-24 20:00:00,0.12484999999999999
Netherlands,NLD,2025-06-24 19:00:00,2025-06-24 21:00:00,0.12348999999999999
Netherlands,NLD,2025-06-24 20:00:00,2025-06-24 22:00:00,0.11896999999999999
Netherlands,NLD,2025-06-24 21:00:00,2025-06-24 23:00:00,0.09919
Netherlands,NLD,2025-06-24 22:00:00,2025-06-25 00:00:00,0.0856
Netherlands,NLD,2025-06-24 23:00:00,2025-06-25 01:00:00,0.08020000000000001
Netherlands,NLD,2025-06-25 00:00:00,2025-06-25 02:00:00,0.08020000000000001
Netherlands,NLD,2025-06-25 01:00:00,2025-06-25 03:00:00,0.0829
Netherlands,NLD,2025-06-25 02:00:00,2025-06-25 04:00:00,0.088
Netherlands,NLD,2025-06-25 03:00:00,2025-06-25 05:00:00,0.097
Netherlands,NLD,2025-06-25 04:00:00,2025-06-25 06:00:00,0.10909999999999999
Netherlands,NLD,2025-06-25 05:00:00,2025-06-25 07:00:00,0.1226
Netherlands,NLD,2025-06-25 06:00:00,2025-06-25 08:00:00,0.136
Netherlands,NLD,2025-06-25 07:00:00,2025-06-25 09:00:00,0.1243
Netherlands,NLD,2025-06-25 08:00:00,2025-06-25 10:00:00,0.125
Netherlands,NLD,2025-06-25 09:00:00,2025-06-25 11:00:00,0.06955
Netherlands,NLD,2025-06-25 10:00:00,2025-06-25 12:00:00,0.0251
Netherlands,NLD,2025-06-25 11:00:00,2025-06-25 13:00:00,0.0042699999999999995
Netherlands,NLD,2025-06-25 12:00:00,2025-06-25 14:00:00,0.0045899999999999995
Netherlands,NLD,2025-06-25 13:00:00,2025-06-25 15:00:00,0.00888
Netherlands,NLD,2025-06-25 14:00:00,2025-06-25 16:00:00,0.02527
Netherlands,NLD,2025-06-25 15:00:00,2025-06-25 17:00:00,0.08506999999999999
Netherlands,NLD,2025-06-25 16:00:00,2025-06-25 18:00:00,0.10629000000000001
Netherlands,NLD,2025-06-25 17:00:00,2025-06-25 19:00:00,0.13482
Netherlands,NLD,2025-06-25 18:00:00,2025-06-25 20:00:00,0.2
Netherlands,NLD,2025-06-25 19:00:00,2025-06-25 21:00:00,0.24702000000000002
Netherlands,NLD,2025-06-25 20:00:00,2025-06-25 22:00:00,0.17362
Netherlands,NLD,2025-06-25 21:00:00,2025-06-25 23:00:00,0.12378
Netherlands,NLD,2025-06-25 22:00:00,2025-06-26 00:00:00,0.11995
Netherlands,NLD,2025-06-25 23:00:00,2025-06-26 01:00:00,0.10637
Netherlands,NLD,2025-06-26 00:00:00,2025-06-26 02:00:00,0.10131
Netherlands,NLD,2025-06-26 01:00:00,2025-06-26 03:00:00,0.09518
Netherlands,NLD,2025-06-26 02:00:00,2025-06-26 04:00:00,0.09562000000000001
Netherlands,NLD,2025-06-26 03:00:00,2025-06-26 05:00:00,0.09943
Netherlands,NLD,2025-06-26 04:00:00,2025-06-26 06:00:00,0.11612
Netherlands,NLD,2025-06-26 05:00:00,2025-06-26 07:00:00,0.12018999999999999
Netherlands,NLD,2025-06-26 06:00:00,2025-06-26 08:00:00,0.10679000000000001
Netherlands,NLD,2025-06-26 07:00:00,2025-06-26 09:00:00,0.09570000000000001
Netherlands,NLD,2025-06-26 08:00:00,2025-06-26 10:00:00,0.09303
Netherlands,NLD,2025-06-26 09:00:00,2025-06-26 11:00:00,0.07789
Netherlands,NLD,2025-06-26 10:00:00,2025-06-26 12:00:00,0.0698
Netherlands,NLD,2025-06-26 11:00:00,2025-06-26 13:00:00,0.05738
Netherlands,NLD,2025-06-26 12:00:00,2025-06-26 14:00:00,0.049159999999999995
Netherlands,NLD,2025-06-26 13:00:00,2025-06-26 15:00:00,0.046729999999999994
Netherlands,NLD,2025-06-26 14:00:00,2025-06-26 16:00:00,0.05
Netherlands,NLD,2025-06-26 15:00:00,2025-06-26 17:00:00,0.06966
Netherlands,NLD,2025-06-26 16:00:00,2025-06-26 18:00:00,0.08774
Netherlands,NLD,2025-06-26 17:00:00,2025-06-26 19:00:00,0.099
Netherlands,NLD,2025-06-26 18:00:00,2025-06-26 20:00:00,0.10686
Netherlands,NLD,2025-06-26 19:00:00,2025-06-26 21:00:00,0.10516
Netherlands,NLD,2025-06-26 20:00:00,2025-06-26 22:00:00,0.10990000000000001
Netherlands,NLD,2025-06-26 21:00:00,2025-06-26 23:00:00,0.098
Netherlands,NLD,2025-06-26 22:00:00,2025-06-27 00:00:00,0.08541
Netherlands,NLD,2025-06-26 23:00:00,2025-06-27 01:00:00,0.08924
Netherlands,NLD,2025-06-27 00:00:00,2025-06-27 02:00:00,0.09605
Netherlands,NLD,2025-06-27 01:00:00,2025-06-27 03:00:00,0.0901
Netherlands,NLD,2025-06-27 02:00:00,2025-06-27 04:00:00,0.08319
Netherlands,NLD,2025-06-27 03:00:00,2025-06-27 05:00:00,0.08924
Netherlands,NLD,2025-06-27 04:00:00,2025-06-27 06:00:00,0.10554000000000001
Netherlands,NLD,2025-06-27 05:00:00,2025-06-27 07:00:00,0.11320000000000001
Netherlands,NLD,2025-06-27 06:00:00,2025-06-27 08:00:00,0.1077
Netherlands,NLD,2025-06-27 07:00:00,2025-06-27 09:00:00,0.09842000000000001
Netherlands,NLD,2025-06-27 08:00:00,2025-06-27 10:00:00,0.08125
Netherlands,NLD,2025-06-27 09:00:00,2025-06-27 11:00:00,0.06745
Netherlands,NLD,2025-06-27 10:00:00,2025-06-27 12:00:00,0.054549999999999994
Netherlands,NLD,2025-06-27 11:00:00,2025-06-27 13:00:00,0.028300000000000002
Netherlands,NLD,2025-06-27 12:00:00,2025-06-27 14:00:00,0.0053
Netherlands,NLD,2025-06-27 13:00:00,2025-06-27 15:00:00,0.011550000000000001
Netherlands,NLD,2025-06-27 14:00:00,2025-06-27 16:00:00,0.03
Netherlands,NLD,2025-06-27 15:00:00,2025-06-27 17:00:00,0.07068
Netherlands,NLD,2025-06-27 16:00:00,2025-06-27 18:00:00,0.09162999999999999
Netherlands,NLD,2025-06-27 17:00:00,2025-06-27 19:00:00,0.10767
Netherlands,NLD,2025-06-27 18:00:00,2025-06-27 20:00:00,0.12448000000000001
Netherlands,NLD,2025-06-27 19:00:00,2025-06-27 21:00:00,0.13505
Netherlands,NLD,2025-06-27 20:00:00,2025-06-27 22:00:00,0.12186
Netherlands,NLD,2025-06-27 21:00:00,2025-06-27 23:00:00,0.10762000000000001
Netherlands,NLD,2025-06-27 22:00:00,2025-06-28 00:00:00,0.09483
Netherlands,NLD,2025-06-27 23:00:00,2025-06-28 01:00:00,0.08824
Netherlands,NLD,2025-06-28 00:00:00,2025-06-28 02:00:00,0.07998000000000001
Netherlands,NLD,2025-06-28 01:00:00,2025-06-28 03:00:00,0.07151
Netherlands,NLD,2025-06-28 02:00:00,2025-06-28 04:00:00,0.068
Netherlands,NLD,2025-06-28 03:00:00,2025-06-28 05:00:00,0.07168000000000001
Netherlands,NLD,2025-06-28 04:00:00,2025-06-28 06:00:00,0.06872
Netherlands,NLD,2025-06-28 05:00:00,2025-06-28 07:00:00,0.05735
Netherlands,NLD,2025-06-28 06:00:00,2025-06-28 08:00:00,0.027800000000000002
Netherlands,NLD,2025-06-28 07:00:00,2025-06-28 09:00:00,0.00234
Netherlands,NLD,2025-06-28 08:00:00,2025-06-28 10:00:00,1e-05
Netherlands,NLD,2025-06-28 09:00:00,2025-06-28 11:00:00,-2.9999999999999997e-05
Netherlands,NLD,2025-06-28 10:00:00,2025-06-28 12:00:00,-0.00057
Netherlands,NLD,2025-06-28 11:00:00,2025-06-28 13:00:00,-0.002
Netherlands,NLD,2025-06-28 12:00:00,2025-06-28 14:00:00,-0.00277
Netherlands,NLD,2025-06-28 13:00:00,2025-06-28 15:00:00,-0.0015
Netherlands,NLD,2025-06-28 14:00:00,2025-06-28 16:00:00,-0.0005
Netherlands,NLD,2025-06-28 15:00:00,2025-06-28 17:00:00,0.00273
Netherlands,NLD,2025-06-28 16:00:00,2025-06-28 18:00:00,0.06173
Netherlands,NLD,2025-06-28 17:00:00,2025-06-28 19:00:00,0.09483
Netherlands,NLD,2025-06-28 18:00:00,2025-06-28 20:00:00,0.109
Netherlands,NLD,2025-06-28 19:00:00,2025-06-28 21:00:00,0.12240000000000001
Netherlands,NLD,2025-06-28 20:00:00,2025-06-28 22:00:00,0.11967
Netherlands,NLD,2025-06-28 21:00:00,2025-06-28 23:00:00,0.1035
Netherlands,NLD,2025-06-28 22:00:00,2025-06-29 00:00:00,0.09506999999999999
Netherlands,NLD,2025-06-28 23:00:00,2025-06-29 01:00:00,0.08942
Netherlands,NLD,2025-06-29 00:00:00,2025-06-29 02:00:00,0.08965999999999999
Netherlands,NLD,2025-06-29 01:00:00,2025-06-29 03:00:00,0.08682
Netherlands,NLD,2025-06-29 02:00:00,2025-06-29 04:00:00,0.0855
Netherlands,NLD,2025-06-29 03:00:00,2025-06-29 05:00:00,0.0853
Netherlands,NLD,2025-06-29 04:00:00,2025-06-29 06:00:00,0.08646
Netherlands,NLD,2025-06-29 05:00:00,2025-06-29 07:00:00,0.07513
Netherlands,NLD,2025-06-29 06:00:00,2025-06-29 08:00:00,0.04757
Netherlands,NLD,2025-06-29 07:00:00,2025-06-29 09:00:00,0.00534
Netherlands,NLD,2025-06-29 08:00:00,2025-06-29 10:00:00,0.0
Netherlands,NLD,2025-06-29 09:00:00,2025-06-29 11:00:00,-0.00026000000000000003
Netherlands,NLD,2025-06-29 10:00:00,2025-06-29 12:00:00,-0.00839
Netherlands,NLD,2025-06-29 11:00:00,2025-06-29 13:00:00,-0.025
Netherlands,NLD,2025-06-29 12:00:00,2025-06-29 14:00:00,-0.02955
Netherlands,NLD,2025-06-29 13:00:00,2025-06-29 15:00:00,-0.0099
Netherlands,NLD,2025-06-29 14:00:00,2025-06-29 16:00:00,-0.0015
Netherlands,NLD,2025-06-29 15:00:00,2025-06-29 17:00:00,0.00799
Netherlands,NLD,2025-06-29 16:00:00,2025-06-29 18:00:00,0.078
Netherlands,NLD,2025-06-29 17:00:00,2025-06-29 19:00:00,0.10214
Netherlands,NLD,2025-06-29 18:00:00,2025-06-29 20:00:00,0.11198000000000001
Netherlands,NLD,2025-06-29 19:00:00,2025-06-29 21:00:00,0.11807
Netherlands,NLD,2025-06-29 20:00:00,2025-06-29 22:00:00,0.11373
Netherlands,NLD,2025-06-29 21:00:00,2025-06-29 23:00:00,0.101
Netherlands,NLD,2025-06-29 22:00:00,2025-06-30 00:00:00,0.09873
Netherlands,NLD,2025-06-29 23:00:00,2025-06-30 01:00:00,0.08903
Netherlands,NLD,2025-06-30 00:00:00,2025-06-30 02:00:00,0.08503
Netherlands,NLD,2025-06-30 01:00:00,2025-06-30 03:00:00,0.08413
Netherlands,NLD,2025-06-30 02:00:00,2025-06-30 04:00:00,0.08611
Netherlands,NLD,2025-06-30 03:00:00,2025-06-30 05:00:00,0.096
Netherlands,NLD,2025-06-30 04:00:00,2025-06-30 06:00:00,0.1149
Netherlands,NLD,2025-06-30 05:00:00,2025-06-30 07:00:00,0.11170000000000001
Netherlands,NLD,2025-06-30 06:00:00,2025-06-30 08:00:00,0.10817
Netherlands,NLD,2025-06-30 07:00:00,2025-06-30 09:00:00,0.09194
Netherlands,NLD,2025-06-30 08:00:00,2025-06-30 10:00:00,0.07740999999999999
Netherlands,NLD,2025-06-30 09:00:00,2025-06-30 11:00:00,0.04986
Netherlands,NLD,2025-06-30 10:00:00,2025-06-30 12:00:00,0.00477
Netherlands,NLD,2025-06-30 11:00:00,2025-06-30 13:00:00,-0.002
Netherlands,NLD,2025-06-30 12:00:00,2025-06-30 14:00:00,0.0001
Netherlands,NLD,2025-06-30 13:00:00,2025-06-30 15:00:00,0.061200000000000004
Netherlands,NLD,2025-06-30 14:00:00,2025-06-30 16:00:00,0.0805
Netherlands,NLD,2025-06-30 15:00:00,2025-06-30 17:00:00,0.09176999999999999
Netherlands,NLD,2025-06-30 16:00:00,2025-06-30 18:00:00,0.11001000000000001
Netherlands,NLD,2025-06-30 17:00:00,2025-06-30 19:00:00,0.17894
Netherlands,NLD,2025-06-30 18:00:00,2025-06-30 20:00:00,0.28945
Netherlands,NLD,2025-06-30 19:00:00,2025-06-30 21:00:00,0.236
Netherlands,NLD,2025-06-30 20:00:00,2025-06-30 22:00:00,0.157
Netherlands,NLD,2025-06-30 21:00:00,2025-06-30 23:00:00,0.12265000000000001
Netherlands,NLD,2025-06-30 22:00:00,2025-07-01 00:00:00,0.11128
Netherlands,NLD,2025-06-30 23:00:00,2025-07-01 01:00:00,0.09539
Netherlands,NLD,2025-07-01 00:00:00,2025-07-01 02:00:00,0.0891
Netherlands,NLD,2025-07-01 01:00:00,2025-07-01 03:00:00,0.08806
Netherlands,NLD,2025-07-01 02:00:00,2025-07-01 04:00:00,0.09001
Netherlands,NLD,2025-07-01 03:00:00,2025-07-01 05:00:00,0.09662000000000001
Netherlands,NLD,2025-07-01 04:00:00,2025-07-01 06:00:00,0.11497
Netherlands,NLD,2025-07-01 05:00:00,2025-07-01 07:00:00,0.1201
Netherlands,NLD,2025-07-01 06:00:00,2025-07-01 08:00:00,0.11428
Netherlands,NLD,2025-07-01 07:00:00,2025-07-01 09:00:00,0.0917
Netherlands,NLD,2025-07-01 08:00:00,2025-07-01 10:00:00,0.09011
Netherlands,NLD,2025-07-01 09:00:00,2025-07-01 11:00:00,0.07379000000000001
Netherlands,NLD,2025-07-01 10:00:00,2025-07-01 12:00:00,0.040299999999999996
Netherlands,NLD,2025-07-01 11:00:00,2025-07-01 13:00:00,0.04247
Netherlands,NLD,2025-07-01 12:00:00,2025-07-01 14:00:00,0.04754
Netherlands,NLD,2025-07-01 13:00:00,2025-07-01 15:00:00,0.07815000000000001
Netherlands,NLD,2025-07-01 14:00:00,2025-07-01 16:00:00,0.09079999999999999
Netherlands,NLD,2025-07-01 15:00:00,2025-07-01 17:00:00,0.10225
Netherlands,NLD,2025-07-01 16:00:00,2025-07-01 18:00:00,0.15244
Netherlands,NLD,2025-07-01 17:00:00,2025-07-01 19:00:00,0.32
Netherlands,NLD,2025-07-01 18:00:00,2025-07-01 20:00:00,0.5175700000000001
Netherlands,NLD,2025-07-01 19:00:00,2025-07-01 21:00:00,0.47016
Netherlands,NLD,2025-07-01 20:00:00,2025-07-01 22:00:00,0.27818
Netherlands,NLD,2025-07-01 21:00:00,2025-07-01 23:00:00,0.16135
Netherlands,NLD,2025-07-01 22:00:00,2025-07-02 00:00:00,0.11929000000000001
Netherlands,NLD,2025-07-01 23:00:00,2025-07-02 01:00:00,0.1027
Netherlands,NLD,2025-07-02 00:00:00,2025-07-02 02:00:00,0.09254000000000001
Netherlands,NLD,2025-07-02 01:00:00,2025-07-02 03:00:00,0.09208
Netherlands,NLD,2025-07-02 02:00:00,2025-07-02 04:00:00,0.09577
Netherlands,NLD,2025-07-02 03:00:00,2025-07-02 05:00:00,0.10486
Netherlands,NLD,2025-07-02 04:00:00,2025-07-02 06:00:00,0.12369
Netherlands,NLD,2025-07-02 05:00:00,2025-07-02 07:00:00,0.112
Netherlands,NLD,2025-07-02 06:00:00,2025-07-02 08:00:00,0.10452
Netherlands,NLD,2025-07-02 07:00:00,2025-07-02 09:00:00,0.09248999999999999
Netherlands,NLD,2025-07-02 08:00:00,2025-07-02 10:00:00,0.08106000000000001
Netherlands,NLD,2025-07-02 09:00:00,2025-07-02 11:00:00,0.07278
Netherlands,NLD,2025-07-02 10:00:00,2025-07-02 12:00:00,0.025
Netherlands,NLD,2025-07-02 11:00:00,2025-07-02 13:00:00,0.03259
Netherlands,NLD,2025-07-02 12:00:00,2025-07-02 14:00:00,0.046579999999999996
Netherlands,NLD,2025-07-02 13:00:00,2025-07-02 15:00:00,0.07151
Netherlands,NLD,2025-07-02 14:00:00,2025-07-02 16:00:00,0.07961
Netherlands,NLD,2025-07-02 15:00:00,2025-07-02 17:00:00,0.09114
Netherlands,NLD,2025-07-02 16:00:00,2025-07-02 18:00:00,0.13190000000000002
Netherlands,NLD,2025-07-02 17:00:00,2025-07-02 19:00:00,0.23119
Netherlands,NLD,2025-07-02 18:00:00,2025-07-02 20:00:00,0.31612
Netherlands,NLD,2025-07-02 19:00:00,2025-07-02 21:00:00,0.21359
Netherlands,NLD,2025-07-02 20:00:00,2025-07-02 22:00:00,0.1408
Netherlands,NLD,2025-07-02 21:00:00,2025-07-02 23:00:00,0.10859
Netherlands,NLD,2025-07-02 22:00:00,2025-07-03 00:00:00,0.08392000000000001
Netherlands,NLD,2025-07-02 23:00:00,2025-07-03 01:00:00,0.08091
Netherlands,NLD,2025-07-03 00:00:00,2025-07-03 02:00:00,0.079
Netherlands,NLD,2025-07-03 01:00:00,2025-07-03 03:00:00,0.07893
Netherlands,NLD,2025-07-03 02:00:00,2025-07-03 04:00:00,0.08088
Netherlands,NLD,2025-07-03 03:00:00,2025-07-03 05:00:00,0.08645
Netherlands,NLD,2025-07-03 04:00:00,2025-07-03 06:00:00,0.10696
Netherlands,NLD,2025-07-03 05:00:00,2025-07-03 07:00:00,0.112
Netherlands,NLD,2025-07-03 06:00:00,2025-07-03 08:00:00,0.10490000000000001
Netherlands,NLD,2025-07-03 07:00:00,2025-07-03 09:00:00,0.09045
Netherlands,NLD,2025-07-03 08:00:00,2025-07-03 10:00:00,0.07506
Netherlands,NLD,2025-07-03 09:00:00,2025-07-03 11:00:00,0.05735
Netherlands,NLD,2025-07-03 10:00:00,2025-07-03 12:00:00,0.042159999999999996
Netherlands,NLD,2025-07-03 11:00:00,2025-07-03 13:00:00,0.03412
Netherlands,NLD,2025-07-03 12:00:00,2025-07-03 14:00:00,0.00721
Netherlands,NLD,2025-07-03 13:00:00,2025-07-03 15:00:00,0.01638
Netherlands,NLD,2025-07-03 14:00:00,2025-07-03 16:00:00,0.05568
Netherlands,NLD,2025-07-03 15:00:00,2025-07-03 17:00:00,0.08098999999999999
Netherlands,NLD,2025-07-03 16:00:00,2025-07-03 18:00:00,0.09573999999999999
Netherlands,NLD,2025-07-03 17:00:00,2025-07-03 19:00:00,0.10870999999999999
Netherlands,NLD,2025-07-03 18:00:00,2025-07-03 20:00:00,0.15416
Netherlands,NLD,2025-07-03 19:00:00,2025-07-03 21:00:00,0.17922
Netherlands,NLD,2025-07-03 20:00:00,2025-07-03 22:00:00,0.14643
Netherlands,NLD,2025-07-03 21:00:00,2025-07-03 23:00:00,0.13
Netherlands,NLD,2025-07-03 22:00:00,2025-07-04 00:00:00,0.11
Netherlands,NLD,2025-07-03 23:00:00,2025-07-04 01:00:00,0.10346
Netherlands,NLD,2025-07-04 00:00:00,2025-07-04 02:00:00,0.09998
Netherlands,NLD,2025-07-04 01:00:00,2025-07-04 03:00:00,0.09638
Netherlands,NLD,2025-07-04 02:00:00,2025-07-04 04:00:00,0.09992
Netherlands,NLD,2025-07-04 03:00:00,2025-07-04 05:00:00,0.10407
Netherlands,NLD,2025-07-04 04:00:00,2025-07-04 06:00:00,0.10722
Netherlands,NLD,2025-07-04 05:00:00,2025-07-04 07:00:00,0.11129
Netherlands,NLD,2025-07-04 06:00:00,2025-07-04 08:00:00,0.1
Netherlands,NLD,2025-07-04 07:00:00,2025-07-04 09:00:00,0.09115000000000001
Netherlands,NLD,2025-07-04 08:00:00,2025-07-04 10:00:00,0.07001
Netherlands,NLD,2025-07-04 09:00:00,2025-07-04 11:00:00,0.002
Netherlands,NLD,2025-07-04 10:00:00,2025-07-04 12:00:00,-5e-05
Netherlands,NLD,2025-07-04 11:00:00,2025-07-04 13:00:00,-0.00156
Netherlands,NLD,2025-07-04 12:00:00,2025-07-04 14:00:00,-0.0013700000000000001
Netherlands,NLD,2025-07-04 13:00:00,2025-07-04 15:00:00,-0.00061
Netherlands,NLD,2025-07-04 14:00:00,2025-07-04 16:00:00,0.00233
Netherlands,NLD,2025-07-04 15:00:00,2025-07-04 17:00:00,0.06143
Netherlands,NLD,2025-07-04 16:00:00,2025-07-04 18:00:00,0.08907
Netherlands,NLD,2025-07-04 17:00:00,2025-07-04 19:00:00,0.09751
Netherlands,NLD,2025-07-04 18:00:00,2025-07-04 20:00:00,0.12767
Netherlands,NLD,2025-07-04 19:00:00,2025-07-04 21:00:00,0.14502
Netherlands,NLD,2025-07-04 20:00:00,2025-07-04 22:00:00,0.12296
Netherlands,NLD,2025-07-04 21:00:00,2025-07-04 23:00:00,0.103
Netherlands,NLD,2025-07-04 22:00:00,2025-07-05 00:00:00,0.09537999999999999
Netherlands,NLD,2025-07-04 23:00:00,2025-07-05 01:00:00,0.08836
Netherlands,NLD,2025-07-05 00:00:00,2025-07-05 02:00:00,0.09028
Netherlands,NLD,2025-07-05 01:00:00,2025-07-05 03:00:00,0.08791
Netherlands,NLD,2025-07-05 02:00:00,2025-07-05 04:00:00,0.08926
Netherlands,NLD,2025-07-05 03:00:00,2025-07-05 05:00:00,0.0788
Netherlands,NLD,2025-07-05 04:00:00,2025-07-05 06:00:00,0.07940000000000001
Netherlands,NLD,2025-07-05 05:00:00,2025-07-05 07:00:00,0.04331
Netherlands,NLD,2025-07-05 06:00:00,2025-07-05 08:00:00,0.01786
Netherlands,NLD,2025-07-05 07:00:00,2025-07-05 09:00:00,0.0033399999999999997
Netherlands,NLD,2025-07-05 08:00:00,2025-07-05 10:00:00,0.0
Netherlands,NLD,2025-07-05 09:00:00,2025-07-05 11:00:00,-4e-05
Netherlands,NLD,2025-07-05 10:00:00,2025-07-05 12:00:00,-0.00049
Netherlands,NLD,2025-07-05 11:00:00,2025-07-05 13:00:00,-0.002
Netherlands,NLD,2025-07-05 12:00:00,2025-07-05 14:00:00,-0.00149
Netherlands,NLD,2025-07-05 13:00:00,2025-07-05 15:00:00,-0.0009
Netherlands,NLD,2025-07-05 14:00:00,2025-07-05 16:00:00,-0.002
Netherlands,NLD,2025-07-05 15:00:00,2025-07-05 17:00:00,0.0
Netherlands,NLD,2025-07-05 16:00:00,2025-07-05 18:00:00,0.04143
Netherlands,NLD,2025-07-05 17:00:00,2025-07-05 19:00:00,0.08493
Netherlands,NLD,2025-07-05 18:00:00,2025-07-05 20:00:00,0.10981
Netherlands,NLD,2025-07-05 19:00:00,2025-07-05 21:00:00,0.116
Netherlands,NLD,2025-07-05 20:00:00,2025-07-05 22:00:00,0.116
Netherlands,NLD,2025-07-05 21:00:00,2025-07-05 23:00:00,0.10723
Netherlands,NLD,2025-07-05 22:00:00,2025-07-06 00:00:00,0.09426999999999999
Netherlands,NLD,2025-07-05 23:00:00,2025-07-06 01:00:00,0.08771
Netherlands,NLD,2025-07-06 00:00:00,2025-07-06 02:00:00,0.08298
Netherlands,NLD,2025-07-06 01:00:00,2025-07-06 03:00:00,0.08020000000000001
Netherlands,NLD,2025-07-06 02:00:00,2025-07-06 04:00:00,0.08088
Netherlands,NLD,2025-07-06 03:00:00,2025-07-06 05:00:00,0.08593
Netherlands,NLD,2025-07-06 04:00:00,2025-07-06 06:00:00,0.08473
Netherlands,NLD,2025-07-06 05:00:00,2025-07-06 07:00:00,0.08395999999999999
Netherlands,NLD,2025-07-06 06:00:00,2025-07-06 08:00:00,0.07562999999999999
Netherlands,NLD,2025-07-06 07:00:00,2025-07-06 09:00:00,0.054810000000000005
Netherlands,NLD,2025-07-06 08:00:00,2025-07-06 10:00:00,0.027649999999999997
Netherlands,NLD,2025-07-06 09:00:00,2025-07-06 11:00:00,0.02
Netherlands,NLD,2025-07-06 10:00:00,2025-07-06 12:00:00,0.0201
Netherlands,NLD,2025-07-06 11:00:00,2025-07-06 13:00:00,0.03202
Netherlands,NLD,2025-07-06 12:00:00,2025-07-06 14:00:00,0.017
Netherlands,NLD,2025-07-06 13:00:00,2025-07-06 15:00:00,0.05802
Netherlands,NLD,2025-07-06 14:00:00,2025-07-06 16:00:00,0.08
Netherlands,NLD,2025-07-06 15:00:00,2025-07-06 17:00:00,0.10701999999999999
Netherlands,NLD,2025-07-06 16:00:00,2025-07-06 18:00:00,0.11231000000000001
Netherlands,NLD,2025-07-06 17:00:00,2025-07-06 19:00:00,0.1243
Netherlands,NLD,2025-07-06 18:00:00,2025-07-06 20:00:00,0.13541
Netherlands,NLD,2025-07-06 19:00:00,2025-07-06 21:00:00,0.13941
Netherlands,NLD,2025-07-06 20:00:00,2025-07-06 22:00:00,0.1281
Netherlands,NLD,2025-07-06 21:00:00,2025-07-06 23:00:00,0.11533
Netherlands,NLD,2025-07-06 22:00:00,2025-07-07 00:00:00,0.12588
Netherlands,NLD,2025-07-06 23:00:00,2025-07-07 01:00:00,0.11437
Netherlands,NLD,2025-07-07 00:00:00,2025-07-07 02:00:00,0.10806
Netherlands,NLD,2025-07-07 01:00:00,2025-07-07 03:00:00,0.101
Netherlands,NLD,2025-07-07 02:00:00,2025-07-07 04:00:00,0.101
Netherlands,NLD,2025-07-07 03:00:00,2025-07-07 05:00:00,0.1009
Netherlands,NLD,2025-07-07 04:00:00,2025-07-07 06:00:00,0.11975
Netherlands,NLD,2025-07-07 05:00:00,2025-07-07 07:00:00,0.12358
Netherlands,NLD,2025-07-07 06:00:00,2025-07-07 08:00:00,0.14281
Netherlands,NLD,2025-07-07 07:00:00,2025-07-07 09:00:00,0.12329000000000001
Netherlands,NLD,2025-07-07 08:00:00,2025-07-07 10:00:00,0.09834
Netherlands,NLD,2025-07-07 09:00:00,2025-07-07 11:00:00,0.09237000000000001
Netherlands,NLD,2025-07-07 10:00:00,2025-07-07 12:00:00,0.07872
Netherlands,NLD,2025-07-07 11:00:00,2025-07-07 13:00:00,0.06078
Netherlands,NLD,2025-07-07 12:00:00,2025-07-07 14:00:00,0.02909
Netherlands,NLD,2025-07-07 13:00:00,2025-07-07 15:00:00,0.0061600000000000005
Netherlands,NLD,2025-07-07 14:00:00,2025-07-07 16:00:00,0.011
Netherlands,NLD,2025-07-07 15:00:00,2025-07-07 17:00:00,0.06031
Netherlands,NLD,2025-07-07 16:00:00,2025-07-07 18:00:00,0.07798000000000001
Netherlands,NLD,2025-07-07 17:00:00,2025-07-07 19:00:00,0.08935
Netherlands,NLD,2025-07-07 18:00:00,2025-07-07 20:00:00,0.1002
Netherlands,NLD,2025-07-07 19:00:00,2025-07-07 21:00:00,0.11667
Netherlands,NLD,2025-07-07 20:00:00,2025-07-07 22:00:00,0.11874
Netherlands,NLD,2025-07-07 21:00:00,2025-07-07 23:00:00,0.1
Netherlands,NLD,2025-07-07 22:00:00,2025-07-08 00:00:00,0.10782
Netherlands,NLD,2025-07-07 23:00:00,2025-07-08 01:00:00,0.09677
Netherlands,NLD,2025-07-08 00:00:00,2025-07-08 02:00:00,0.08148999999999999
Netherlands,NLD,2025-07-08 01:00:00,2025-07-08 03:00:00,0.085
Netherlands,NLD,2025-07-08 02:00:00,2025-07-08 04:00:00,0.08588
Netherlands,NLD,2025-07-08 03:00:00,2025-07-08 05:00:00,0.09114
Netherlands,NLD,2025-07-08 04:00:00,2025-07-08 06:00:00,0.10798999999999999
Netherlands,NLD,2025-07-08 05:00:00,2025-07-08 07:00:00,0.11865
Netherlands,NLD,2025-07-08 06:00:00,2025-07-08 08:00:00,0.11776
Netherlands,NLD,2025-07-08 07:00:00,2025-07-08 09:00:00,0.09883
Netherlands,NLD,2025-07-08 08:00:00,2025-07-08 10:00:00,0.07701000000000001
Netherlands,NLD,2025-07-08 09:00:00,2025-07-08 11:00:00,0.06895
Netherlands,NLD,2025-07-08 10:00:00,2025-07-08 12:00:00,0.055159999999999994
Netherlands,NLD,2025-07-08 11:00:00,2025-07-08 13:00:00,0.048350000000000004
Netherlands,NLD,2025-07-08 12:00:00,2025-07-08 14:00:00,0.046049999999999994
Netherlands,NLD,2025-07-08 13:00:00,2025-07-08 15:00:00,0.04758
Netherlands,NLD,2025-07-08 14:00:00,2025-07-08 16:00:00,0.06032
Netherlands,NLD,2025-07-08 15:00:00,2025-07-08 17:00:00,0.08435
Netherlands,NLD,2025-07-08 16:00:00,2025-07-08 18:00:00,0.08741
Netherlands,NLD,2025-07-08 17:00:00,2025-07-08 19:00:00,0.107
Netherlands,NLD,2025-07-08 18:00:00,2025-07-08 20:00:00,0.12649
Netherlands,NLD,2025-07-08 19:00:00,2025-07-08 21:00:00,0.1275
Netherlands,NLD,2025-07-08 20:00:00,2025-07-08 22:00:00,0.11812
Netherlands,NLD,2025-07-08 21:00:00,2025-07-08 23:00:00,0.10219
Netherlands,NLD,2025-07-08 22:00:00,2025-07-09 00:00:00,0.09951
Netherlands,NLD,2025-07-08 23:00:00,2025-07-09 01:00:00,0.09129000000000001
Netherlands,NLD,2025-07-09 00:00:00,2025-07-09 02:00:00,0.08857
Netherlands,NLD,2025-07-09 01:00:00,2025-07-09 03:00:00,0.09042
Netherlands,NLD,2025-07-09 02:00:00,2025-07-09 04:00:00,0.09156
Netherlands,NLD,2025-07-09 03:00:00,2025-07-09 05:00:00,0.1
Netherlands,NLD,2025-07-09 04:00:00,2025-07-09 06:00:00,0.11366
Netherlands,NLD,2025-07-09 05:00:00,2025-07-09 07:00:00,0.11646
Netherlands,NLD,2025-07-09 06:00:00,2025-07-09 08:00:00,0.11937
Netherlands,NLD,2025-07-09 07:00:00,2025-07-09 09:00:00,0.09901
Netherlands,NLD,2025-07-09 08:00:00,2025-07-09 10:00:00,0.09097
Netherlands,NLD,2025-07-09 09:00:00,2025-07-09 11:00:00,0.08391
Netherlands,NLD,2025-07-09 10:00:00,2025-07-09 12:00:00,0.0699
Netherlands,NLD,2025-07-09 11:00:00,2025-07-09 13:00:00,0.04246
Netherlands,NLD,2025-07-09 12:00:00,2025-07-09 14:00:00,0.036
Netherlands,NLD,2025-07-09 13:00:00,2025-07-09 15:00:00,0.04154
Netherlands,NLD,2025-07-09 14:00:00,2025-07-09 16:00:00,0.07683
Netherlands,NLD,2025-07-09 15:00:00,2025-07-09 17:00:00,0.09148999999999999
Netherlands,NLD,2025-07-09 16:00:00,2025-07-09 18:00:00,0.1037
Netherlands,NLD,2025-07-09 17:00:00,2025-07-09 19:00:00,0.11772
Netherlands,NLD,2025-07-09 18:00:00,2025-07-09 20:00:00,0.1406
Netherlands,NLD,2025-07-09 19:00:00,2025-07-09 21:00:00,0.14661000000000002
Netherlands,NLD,2025-07-09 20:00:00,2025-07-09 22:00:00,0.122
Netherlands,NLD,2025-07-09 21:00:00,2025-07-09 23:00:00,0.10606
Netherlands,NLD,2025-07-09 22:00:00,2025-07-10 00:00:00,0.10091
Netherlands,NLD,2025-07-09 23:00:00,2025-07-10 01:00:00,0.09573000000000001
Netherlands,NLD,2025-07-10 00:00:00,2025-07-10 02:00:00,0.0891
Netherlands,NLD,2025-07-10 01:00:00,2025-07-10 03:00:00,0.08645
Netherlands,NLD,2025-07-10 02:00:00,2025-07-10 04:00:00,0.08796999999999999
Netherlands,NLD,2025-07-10 03:00:00,2025-07-10 05:00:00,0.09824
Netherlands,NLD,2025-07-10 04:00:00,2025-07-10 06:00:00,0.10811
Netherlands,NLD,2025-07-10 05:00:00,2025-07-10 07:00:00,0.10754000000000001
Netherlands,NLD,2025-07-10 06:00:00,2025-07-10 08:00:00,0.10723
Netherlands,NLD,2025-07-10 07:00:00,2025-07-10 09:00:00,0.0937
Netherlands,NLD,2025-07-10 08:00:00,2025-07-10 10:00:00,0.08777
Netherlands,NLD,2025-07-10 09:00:00,2025-07-10 11:00:00,0.06954
Netherlands,NLD,2025-07-10 10:00:00,2025-07-10 12:00:00,0.04539
Netherlands,NLD,2025-07-10 11:00:00,2025-07-10 13:00:00,0.04007
Netherlands,NLD,2025-07-10 12:00:00,2025-07-10 14:00:00,0.0399
Netherlands,NLD,2025-07-10 13:00:00,2025-07-10 15:00:00,0.05688
Netherlands,NLD,2025-07-10 14:00:00,2025-07-10 16:00:00,0.0768
Netherlands,NLD,2025-07-10 15:00:00,2025-07-10 17:00:00,0.08996
Netherlands,NLD,2025-07-10 16:00:00,2025-07-10 18:00:00,0.1002
Netherlands,NLD,2025-07-10 17:00:00,2025-07-10 19:00:00,0.11588
Netherlands,NLD,2025-07-10 18:00:00,2025-07-10 20:00:00,0.1372
Netherlands,NLD,2025-07-10 19:00:00,2025-07-10 21:00:00,0.13596
Netherlands,NLD,2025-07-10 20:00:00,2025-07-10 22:00:00,0.12183
Netherlands,NLD,2025-07-10 21:00:00,2025-07-10 23:00:00,0.10887000000000001
Netherlands,NLD,2025-07-10 22:00:00,2025-07-11 00:00:00,0.10881
Netherlands,NLD,2025-07-10 23:00:00,2025-07-11 01:00:00,0.10338
Netherlands,NLD,2025-07-11 00:00:00,2025-07-11 02:00:00,0.09928000000000001
Netherlands,NLD,2025-07-11 01:00:00,2025-07-11 03:00:00,0.09364
Netherlands,NLD,2025-07-11 02:00:00,2025-07-11 04:00:00,0.09416
Netherlands,NLD,2025-07-11 03:00:00,2025-07-11 05:00:00,0.10059
Netherlands,NLD,2025-07-11 04:00:00,2025-07-11 06:00:00,0.10998999999999999
Netherlands,NLD,2025-07-11 05:00:00,2025-07-11 07:00:00,0.10990000000000001
Netherlands,NLD,2025-07-11 06:00:00,2025-07-11 08:00:00,0.11243
Netherlands,NLD,2025-07-11 07:00:00,2025-07-11 09:00:00,0.098
Netherlands,NLD,2025-07-11 08:00:00,2025-07-11 10:00:00,0.09014
Netherlands,NLD,2025-07-11 09:00:00,2025-07-11 11:00:00,0.08020000000000001
Netherlands,NLD,2025-07-11 10:00:00,2025-07-11 12:00:00,0.07543000000000001
Netherlands,NLD,2025-07-11 11:00:00,2025-07-11 13:00:00,0.04802
Netherlands,NLD,2025-07-11 12:00:00,2025-07-11 14:00:00,0.03204
Netherlands,NLD,2025-07-11 13:00:00,2025-07-11 15:00:00,0.0381
Netherlands,NLD,2025-07-11 14:00:00,2025-07-11 16:00:00,0.06397
Netherlands,NLD,2025-07-11 15:00:00,2025-07-11 17:00:00,0.08956
Netherlands,NLD,2025-07-11 16:00:00,2025-07-11 18:00:00,0.09076000000000001
Netherlands,NLD,2025-07-11 17:00:00,2025-07-11 19:00:00,0.10679999999999999
Netherlands,NLD,2025-07-11 18:00:00,2025-07-11 20:00:00,0.12555
Netherlands,NLD,2025-07-11 19:00:00,2025-07-11 21:00:00,0.12769
Netherlands,NLD,2025-07-11 20:00:00,2025-07-11 22:00:00,0.11628
Netherlands,NLD,2025-07-11 21:00:00,2025-07-11 23:00:00,0.10629000000000001
Netherlands,NLD,2025-07-11 22:00:00,2025-07-12 00:00:00,0.11479
Netherlands,NLD,2025-07-11 23:00:00,2025-07-12 01:00:00,0.10765000000000001
Netherlands,NLD,2025-07-12 00:00:00,2025-07-12 02:00:00,0.10789
Netherlands,NLD,2025-07-12 01:00:00,2025-07-12 03:00:00,0.10112
Netherlands,NLD,2025-07-12 02:00:00,2025-07-12 04:00:00,0.09743
Netherlands,NLD,2025-07-12 03:00:00,2025-07-12 05:00:00,0.09375
Netherlands,NLD,2025-07-12 04:00:00,2025-07-12 06:00:00,0.08846
Netherlands,NLD,2025-07-12 05:00:00,2025-07-12 07:00:00,0.09143000000000001
Netherlands,NLD,2025-07-12 06:00:00,2025-07-12 08:00:00,0.09369
Netherlands,NLD,2025-07-12 07:00:00,2025-07-12 09:00:00,0.05985
Netherlands,NLD,2025-07-12 08:00:00,2025-07-12 10:00:00,0.01819
Netherlands,NLD,2025-07-12 09:00:00,2025-07-12 11:00:00,0.003
Netherlands,NLD,2025-07-12 10:00:00,2025-07-12 12:00:00,0.00022
Netherlands,NLD,2025-07-12 11:00:00,2025-07-12 13:00:00,0.0
Netherlands,NLD,2025-07-12 12:00:00,2025-07-12 14:00:00,0.0
Netherlands,NLD,2025-07-12 13:00:00,2025-07-12 15:00:00,0.00022
Netherlands,NLD,2025-07-12 14:00:00,2025-07-12 16:00:00,0.01677
Netherlands,NLD,2025-07-12 15:00:00,2025-07-12 17:00:00,0.07127
Netherlands,NLD,2025-07-12 16:00:00,2025-07-12 18:00:00,0.102
Netherlands,NLD,2025-07-12 17:00:00,2025-07-12 19:00:00,0.10685
Netherlands,NLD,2025-07-12 18:00:00,2025-07-12 20:00:00,0.12
Netherlands,NLD,2025-07-12 19:00:00,2025-07-12 21:00:00,0.12852000000000002
Netherlands,NLD,2025-07-12 20:00:00,2025-07-12 22:00:00,0.12614
Netherlands,NLD,2025-07-12 21:00:00,2025-07-12 23:00:00,0.11756
Netherlands,NLD,2025-07-12 22:00:00,2025-07-13 00:00:00,0.11835
Netherlands,NLD,2025-07-12 23:00:00,2025-07-13 01:00:00,0.11292
Netherlands,NLD,2025-07-13 00:00:00,2025-07-13 02:00:00,0.11453
Netherlands,NLD,2025-07-13 01:00:00,2025-07-13 03:00:00,0.11148999999999999
Netherlands,NLD,2025-07-13 02:00:00,2025-07-13 04:00:00,0.11037000000000001
Netherlands,NLD,2025-07-13 03:00:00,2025-07-13 05:00:00,0.10640999999999999
Netherlands,NLD,2025-07-13 04:00:00,2025-07-13 06:00:00,0.0999
Netherlands,NLD,2025-07-13 05:00:00,2025-07-13 07:00:00,0.09747
Netherlands,NLD,2025-07-13 06:00:00,2025-07-13 08:00:00,0.09226999999999999
Netherlands,NLD,2025-07-13 07:00:00,2025-07-13 09:00:00,0.06
Netherlands,NLD,2025-07-13 08:00:00,2025-07-13 10:00:00,0.00428
Netherlands,NLD,2025-07-13 09:00:00,2025-07-13 11:00:00,5e-05
Netherlands,NLD,2025-07-13 10:00:00,2025-07-13 12:00:00,0.0
Netherlands,NLD,2025-07-13 11:00:00,2025-07-13 13:00:00,0.0
Netherlands,NLD,2025-07-13 12:00:00,2025-07-13 14:00:00,0.0
Netherlands,NLD,2025-07-13 13:00:00,2025-07-13 15:00:00,0.0
Netherlands,NLD,2025-07-13 14:00:00,2025-07-13 16:00:00,0.00259
Netherlands,NLD,2025-07-13 15:00:00,2025-07-13 17:00:00,0.08506
Netherlands,NLD,2025-07-13 16:00:00,2025-07-13 18:00:00,0.10165
Netherlands,NLD,2025-07-13 17:00:00,2025-07-13 19:00:00,0.11562
Netherlands,NLD,2025-07-13 18:00:00,2025-07-13 20:00:00,0.12021
Netherlands,NLD,2025-07-13 19:00:00,2025-07-13 21:00:00,0.12802000000000002
Netherlands,NLD,2025-07-13 20:00:00,2025-07-13 22:00:00,0.12694
Netherlands,NLD,2025-07-13 21:00:00,2025-07-13 23:00:00,0.11541
Netherlands,NLD,2025-07-13 22:00:00,2025-07-14 00:00:00,0.1171
Netherlands,NLD,2025-07-13 23:00:00,2025-07-14 01:00:00,0.10401
Netherlands,NLD,2025-07-14 00:00:00,2025-07-14 02:00:00,0.09817000000000001
Netherlands,NLD,2025-07-14 01:00:00,2025-07-14 03:00:00,0.09494
Netherlands,NLD,2025-07-14 02:00:00,2025-07-14 04:00:00,0.09911
Netherlands,NLD,2025-07-14 03:00:00,2025-07-14 05:00:00,0.10718000000000001
Netherlands,NLD,2025-07-14 04:00:00,2025-07-14 06:00:00,0.11915
Netherlands,NLD,2025-07-14 05:00:00,2025-07-14 07:00:00,0.124
Netherlands,NLD,2025-07-14 06:00:00,2025-07-14 08:00:00,0.11220999999999999
Netherlands,NLD,2025-07-14 07:00:00,2025-07-14 09:00:00,0.09969
Netherlands,NLD,2025-07-14 08:00:00,2025-07-14 10:00:00,0.09458
Netherlands,NLD,2025-07-14 09:00:00,2025-07-14 11:00:00,0.08402
Netherlands,NLD,2025-07-14 10:00:00,2025-07-14 12:00:00,0.068
Netherlands,NLD,2025-07-14 11:00:00,2025-07-14 13:00:00,0.06121
Netherlands,NLD,2025-07-14 12:00:00,2025-07-14 14:00:00,0.05422
Netherlands,NLD,2025-07-14 13:00:00,2025-07-14 15:00:00,0.0511
Netherlands,NLD,2025-07-14 14:00:00,2025-07-14 16:00:00,0.066
Netherlands,NLD,2025-07-14 15:00:00,2025-07-14 17:00:00,0.08089
Netherlands,NLD,2025-07-14 16:00:00,2025-07-14 18:00:00,0.09609999999999999
Netherlands,NLD,2025-07-14 17:00:00,2025-07-14 19:00:00,0.098
Netherlands,NLD,2025-07-14 18:00:00,2025-07-14 20:00:00,0.11613
Netherlands,NLD,2025-07-14 19:00:00,2025-07-14 21:00:00,0.13876
Netherlands,NLD,2025-07-14 20:00:00,2025-07-14 22:00:00,0.12512
Netherlands,NLD,2025-07-14 21:00:00,2025-07-14 23:00:00,0.11117
Netherlands,NLD,2025-07-14 22:00:00,2025-07-15 00:00:00,0.0999
Netherlands,NLD,2025-07-14 23:00:00,2025-07-15 01:00:00,0.09679
Netherlands,NLD,2025-07-15 00:00:00,2025-07-15 02:00:00,0.09024
Netherlands,NLD,2025-07-15 01:00:00,2025-07-15 03:00:00,0.08645
Netherlands,NLD,2025-07-15 02:00:00,2025-07-15 04:00:00,0.0851
Netherlands,NLD,2025-07-15 03:00:00,2025-07-15 05:00:00,0.09107
Netherlands,NLD,2025-07-15 04:00:00,2025-07-15 06:00:00,0.10352
Netherlands,NLD,2025-07-15 05:00:00,2025-07-15 07:00:00,0.11
Netherlands,NLD,2025-07-15 06:00:00,2025-07-15 08:00:00,0.10554999999999999
Netherlands,NLD,2025-07-15 07:00:00,2025-07-15 09:00:00,0.08867
Netherlands,NLD,2025-07-15 08:00:00,2025-07-15 10:00:00,0.07153
Netherlands,NLD,2025-07-15 09:00:00,2025-07-15 11:00:00,0.06147
Netherlands,NLD,2025-07-15 10:00:00,2025-07-15 12:00:00,0.017
Netherlands,NLD,2025-07-15 11:00:00,2025-07-15 13:00:00,0.00722
Netherlands,NLD,2025-07-15 12:00:00,2025-07-15 14:00:00,0.01315
Netherlands,NLD,2025-07-15 13:00:00,2025-07-15 15:00:00,0.031219999999999998
Netherlands,NLD,2025-07-15 14:00:00,2025-07-15 16:00:00,0.05814
Netherlands,NLD,2025-07-15 15:00:00,2025-07-15 17:00:00,0.08028
Netherlands,NLD,2025-07-15 16:00:00,2025-07-15 18:00:00,0.09691
Netherlands,NLD,2025-07-15 17:00:00,2025-07-15 19:00:00,0.10645
Netherlands,NLD,2025-07-15 18:00:00,2025-07-15 20:00:00,0.11966
Netherlands,NLD,2025-07-15 19:00:00,2025-07-15 21:00:00,0.1199
Netherlands,NLD,2025-07-15 20:00:00,2025-07-15 22:00:00,0.11571
Netherlands,NLD,2025-07-15 21:00:00,2025-07-15 23:00:00,0.0987
Netherlands,NLD,2025-07-15 22:00:00,2025-07-16 00:00:00,0.09583
Netherlands,NLD,2025-07-15 23:00:00,2025-07-16 01:00:00,0.09104000000000001
Netherlands,NLD,2025-07-16 00:00:00,2025-07-16 02:00:00,0.084
Netherlands,NLD,2025-07-16 01:00:00,2025-07-16 03:00:00,0.08043
Netherlands,NLD,2025-07-16 02:00:00,2025-07-16 04:00:00,0.08095999999999999
Netherlands,NLD,2025-07-16 03:00:00,2025-07-16 05:00:00,0.08665
Netherlands,NLD,2025-07-16 04:00:00,2025-07-16 06:00:00,0.10112
Netherlands,NLD,2025-07-16 05:00:00,2025-07-16 07:00:00,0.10908
Netherlands,NLD,2025-07-16 06:00:00,2025-07-16 08:00:00,0.10909
Netherlands,NLD,2025-07-16 07:00:00,2025-07-16 09:00:00,0.0999
Netherlands,NLD,2025-07-16 08:00:00,2025-07-16 10:00:00,0.08265
Netherlands,NLD,2025-07-16 09:00:00,2025-07-16 11:00:00,0.07564
Netherlands,NLD,2025-07-16 10:00:00,2025-07-16 12:00:00,0.07801000000000001
Netherlands,NLD,2025-07-16 11:00:00,2025-07-16 13:00:00,0.07243000000000001
Netherlands,NLD,2025-07-16 12:00:00,2025-07-16 14:00:00,0.06285
Netherlands,NLD,2025-07-16 13:00:00,2025-07-16 15:00:00,0.06325
Netherlands,NLD,2025-07-16 14:00:00,2025-07-16 16:00:00,0.07351
Netherlands,NLD,2025-07-16 15:00:00,2025-07-16 17:00:00,0.08443
Netherlands,NLD,2025-07-16 16:00:00,2025-07-16 18:00:00,0.09865
Netherlands,NLD,2025-07-16 17:00:00,2025-07-16 19:00:00,0.10968000000000001
Netherlands,NLD,2025-07-16 18:00:00,2025-07-16 20:00:00,0.12079999999999999
Netherlands,NLD,2025-07-16 19:00:00,2025-07-16 21:00:00,0.13269999999999998
Netherlands,NLD,2025-07-16 20:00:00,2025-07-16 22:00:00,0.12128
Netherlands,NLD,2025-07-16 21:00:00,2025-07-16 23:00:00,0.11075
Netherlands,NLD,2025-07-16 22:00:00,2025-07-17 00:00:00,0.10391
Netherlands,NLD,2025-07-16 23:00:00,2025-07-17 01:00:00,0.09842000000000001
Netherlands,NLD,2025-07-17 00:00:00,2025-07-17 02:00:00,0.09004000000000001
Netherlands,NLD,2025-07-17 01:00:00,2025-07-17 03:00:00,0.0852
Netherlands,NLD,2025-07-17 02:00:00,2025-07-17 04:00:00,0.08649
Netherlands,NLD,2025-07-17 03:00:00,2025-07-17 05:00:00,0.08924
Netherlands,NLD,2025-07-17 04:00:00,2025-07-17 06:00:00,0.10436
Netherlands,NLD,2025-07-17 05:00:00,2025-07-17 07:00:00,0.10994
Netherlands,NLD,2025-07-17 06:00:00,2025-07-17 08:00:00,0.10592
Netherlands,NLD,2025-07-17 07:00:00,2025-07-17 09:00:00,0.09309999999999999
Netherlands,NLD,2025-07-17 08:00:00,2025-07-17 10:00:00,0.085
Netherlands,NLD,2025-07-17 09:00:00,2025-07-17 11:00:00,0.07707
Netherlands,NLD,2025-07-17 10:00:00,2025-07-17 12:00:00,0.07017
Netherlands,NLD,2025-07-17 11:00:00,2025-07-17 13:00:00,0.055479999999999995
Netherlands,NLD,2025-07-17 12:00:00,2025-07-17 14:00:00,0.05023
Netherlands,NLD,2025-07-17 13:00:00,2025-07-17 15:00:00,0.06629
Netherlands,NLD,2025-07-17 14:00:00,2025-07-17 16:00:00,0.07529000000000001
Netherlands,NLD,2025-07-17 15:00:00,2025-07-17 17:00:00,0.08293
Netherlands,NLD,2025-07-17 16:00:00,2025-07-17 18:00:00,0.09659000000000001
Netherlands,NLD,2025-07-17 17:00:00,2025-07-17 19:00:00,0.11117
Netherlands,NLD,2025-07-17 18:00:00,2025-07-17 20:00:00,0.12201000000000001
Netherlands,NLD,2025-07-17 19:00:00,2025-07-17 21:00:00,0.13312000000000002
Netherlands,NLD,2025-07-17 20:00:00,2025-07-17 22:00:00,0.12507
Netherlands,NLD,2025-07-17 21:00:00,2025-07-17 23:00:00,0.11418
Netherlands,NLD,2025-07-17 22:00:00,2025-07-18 00:00:00,0.10773999999999999
Netherlands,NLD,2025-07-17 23:00:00,2025-07-18 01:00:00,0.09862
Netherlands,NLD,2025-07-18 00:00:00,2025-07-18 02:00:00,0.09572
Netherlands,NLD,2025-07-18 01:00:00,2025-07-18 03:00:00,0.0953
Netherlands,NLD,2025-07-18 02:00:00,2025-07-18 04:00:00,0.09706000000000001
Netherlands,NLD,2025-07-18 03:00:00,2025-07-18 05:00:00,0.10647
Netherlands,NLD,2025-07-18 04:00:00,2025-07-18 06:00:00,0.11266
Netherlands,NLD,2025-07-18 05:00:00,2025-07-18 07:00:00,0.11359999999999999
Netherlands,NLD,2025-07-18 06:00:00,2025-07-18 08:00:00,0.10939
Netherlands,NLD,2025-07-18 07:00:00,2025-07-18 09:00:00,0.09920999999999999
Netherlands,NLD,2025-07-18 08:00:00,2025-07-18 10:00:00,0.08563
Netherlands,NLD,2025-07-18 09:00:00,2025-07-18 11:00:00,0.08208
Netherlands,NLD,2025-07-18 10:00:00,2025-07-18 12:00:00,0.08
Netherlands,NLD,2025-07-18 11:00:00,2025-07-18 13:00:00,0.07302
Netherlands,NLD,2025-07-18 12:00:00,2025-07-18 14:00:00,0.0712
Netherlands,NLD,2025-07-18 13:00:00,2025-07-18 15:00:00,0.07268000000000001
Netherlands,NLD,2025-07-18 14:00:00,2025-07-18 16:00:00,0.08055
Netherlands,NLD,2025-07-18 15:00:00,2025-07-18 17:00:00,0.08468
Netherlands,NLD,2025-07-18 16:00:00,2025-07-18 18:00:00,0.09978000000000001
Netherlands,NLD,2025-07-18 17:00:00,2025-07-18 19:00:00,0.12028
Netherlands,NLD,2025-07-18 18:00:00,2025-07-18 20:00:00,0.14655
Netherlands,NLD,2025-07-18 19:00:00,2025-07-18 21:00:00,0.147
Netherlands,NLD,2025-07-18 20:00:00,2025-07-18 22:00:00,0.12688
Netherlands,NLD,2025-07-18 21:00:00,2025-07-18 23:00:00,0.11393
Netherlands,NLD,2025-07-18 22:00:00,2025-07-19 00:00:00,0.1076
Netherlands,NLD,2025-07-18 23:00:00,2025-07-19 01:00:00,0.10535
Netherlands,NLD,2025-07-19 00:00:00,2025-07-19 02:00:00,0.10266
Netherlands,NLD,2025-07-19 01:00:00,2025-07-19 03:00:00,0.10163
Netherlands,NLD,2025-07-19 02:00:00,2025-07-19 04:00:00,0.09838
Netherlands,NLD,2025-07-19 03:00:00,2025-07-19 05:00:00,0.09369
Netherlands,NLD,2025-07-19 04:00:00,2025-07-19 06:00:00,0.09629
Netherlands,NLD,2025-07-19 05:00:00,2025-07-19 07:00:00,0.08791
Netherlands,NLD,2025-07-19 06:00:00,2025-07-19 08:00:00,0.08252
Netherlands,NLD,2025-07-19 07:00:00,2025-07-19 09:00:00,0.056
Netherlands,NLD,2025-07-19 08:00:00,2025-07-19 10:00:00,0.01
Netherlands,NLD,2025-07-19 09:00:00,2025-07-19 11:00:00,0.00065
Netherlands,NLD,2025-07-19 10:00:00,2025-07-19 12:00:00,0.0
Netherlands,NLD,2025-07-19 11:00:00,2025-07-19 13:00:00,-1e-05
Netherlands,NLD,2025-07-19 12:00:00,2025-07-19 14:00:00,0.0
Netherlands,NLD,2025-07-19 13:00:00,2025-07-19 15:00:00,0.00219
Netherlands,NLD,2025-07-19 14:00:00,2025-07-19 16:00:00,0.03184
Netherlands,NLD,2025-07-19 15:00:00,2025-07-19 17:00:00,0.08698
Netherlands,NLD,2025-07-19 16:00:00,2025-07-19 18:00:00,0.0984
Netherlands,NLD,2025-07-19 17:00:00,2025-07-19 19:00:00,0.11581999999999999
Netherlands,NLD,2025-07-19 18:00:00,2025-07-19 20:00:00,0.12126
Netherlands,NLD,2025-07-19 19:00:00,2025-07-19 21:00:00,0.11215
Netherlands,NLD,2025-07-19 20:00:00,2025-07-19 22:00:00,0.10626999999999999
Netherlands,NLD,2025-07-19 21:00:00,2025-07-19 23:00:00,0.09938
Netherlands,NLD,2025-07-19 22:00:00,2025-07-20 00:00:00,0.08376
Netherlands,NLD,2025-07-19 23:00:00,2025-07-20 01:00:00,0.08893999999999999
Netherlands,NLD,2025-07-20 00:00:00,2025-07-20 02:00:00,0.09853
Netherlands,NLD,2025-07-20 01:00:00,2025-07-20 03:00:00,0.09418000000000001
Netherlands,NLD,2025-07-20 02:00:00,2025-07-20 04:00:00,0.1017
Netherlands,NLD,2025-07-20 03:00:00,2025-07-20 05:00:00,0.09844
Netherlands,NLD,2025-07-20 04:00:00,2025-07-20 06:00:00,0.09720000000000001
Netherlands,NLD,2025-07-20 05:00:00,2025-07-20 07:00:00,0.08843999999999999
Netherlands,NLD,2025-07-20 06:00:00,2025-07-20 08:00:00,0.0882
Netherlands,NLD,2025-07-20 07:00:00,2025-07-20 09:00:00,0.06286
Netherlands,NLD,2025-07-20 08:00:00,2025-07-20 10:00:00,0.01447
Netherlands,NLD,2025-07-20 09:00:00,2025-07-20 11:00:00,0.0033
Netherlands,NLD,2025-07-20 10:00:00,2025-07-20 12:00:00,0.0
Netherlands,NLD,2025-07-20 11:00:00,2025-07-20 13:00:00,-1e-05
Netherlands,NLD,2025-07-20 12:00:00,2025-07-20 14:00:00,0.0
Netherlands,NLD,2025-07-20 13:00:00,2025-07-20 15:00:00,0.01463
Netherlands,NLD,2025-07-20 14:00:00,2025-07-20 16:00:00,0.06933
Netherlands,NLD,2025-07-20 15:00:00,2025-07-20 17:00:00,0.08596
Netherlands,NLD,2025-07-20 16:00:00,2025-07-20 18:00:00,0.10703
Netherlands,NLD,2025-07-20 17:00:00,2025-07-20 19:00:00,0.112
Netherlands,NLD,2025-07-20 18:00:00,2025-07-20 20:00:00,0.116
Netherlands,NLD,2025-07-20 19:00:00,2025-07-20 21:00:00,0.12490000000000001
Netherlands,NLD,2025-07-20 20:00:00,2025-07-20 22:00:00,0.12088
Netherlands,NLD,2025-07-20 21:00:00,2025-07-20 23:00:00,0.10905
Netherlands,NLD,2025-07-20 22:00:00,2025-07-21 00:00:00,0.092
Netherlands,NLD,2025-07-20 23:00:00,2025-07-21 01:00:00,0.08571
Netherlands,NLD,2025-07-21 00:00:00,2025-07-21 02:00:00,0.08771
Netherlands,NLD,2025-07-21 01:00:00,2025-07-21 03:00:00,0.0872
Netherlands,NLD,2025-07-21 02:00:00,2025-07-21 04:00:00,0.08412
Netherlands,NLD,2025-07-21 03:00:00,2025-07-21 05:00:00,0.09286
Netherlands,NLD,2025-07-21 04:00:00,2025-07-21 06:00:00,0.10388
Netherlands,NLD,2025-07-21 05:00:00,2025-07-21 07:00:00,0.1001
Netherlands,NLD,2025-07-21 06:00:00,2025-07-21 08:00:00,0.09529
Netherlands,NLD,2025-07-21 07:00:00,2025-07-21 09:00:00,0.09085
Netherlands,NLD,2025-07-21 08:00:00,2025-07-21 10:00:00,0.06995
Netherlands,NLD,2025-07-21 09:00:00,2025-07-21 11:00:00,0.06706000000000001
Netherlands,NLD,2025-07-21 10:00:00,2025-07-21 12:00:00,0.07401
Netherlands,NLD,2025-07-21 11:00:00,2025-07-21 13:00:00,0.07496
Netherlands,NLD,2025-07-21 12:00:00,2025-07-21 14:00:00,0.07862000000000001
Netherlands,NLD,2025-07-21 13:00:00,2025-07-21 15:00:00,0.0777
Netherlands,NLD,2025-07-21 14:00:00,2025-07-21 16:00:00,0.0831
Netherlands,NLD,2025-07-21 15:00:00,2025-07-21 17:00:00,0.09687
Netherlands,NLD,2025-07-21 16:00:00,2025-07-21 18:00:00,0.10344
Netherlands,NLD,2025-07-21 17:00:00,2025-07-21 19:00:00,0.12929
Netherlands,NLD,2025-07-21 18:00:00,2025-07-21 20:00:00,0.13543
Netherlands,NLD,2025-07-21 19:00:00,2025-07-21 21:00:00,0.12963
Netherlands,NLD,2025-07-21 20:00:00,2025-07-21 22:00:00,0.11106999999999999
Netherlands,NLD,2025-07-21 21:00:00,2025-07-21 23:00:00,0.10004
Netherlands,NLD,2025-07-21 22:00:00,2025-07-22 00:00:00,0.09473999999999999
Netherlands,NLD,2025-07-21 23:00:00,2025-07-22 01:00:00,0.0872
Netherlands,NLD,2025-07-22 00:00:00,2025-07-22 02:00:00,0.08548
Netherlands,NLD,2025-07-22 01:00:00,2025-07-22 03:00:00,0.082
Netherlands,NLD,2025-07-22 02:00:00,2025-07-22 04:00:00,0.081
Netherlands,NLD,2025-07-22 03:00:00,2025-07-22 05:00:00,0.08671
Netherlands,NLD,2025-07-22 04:00:00,2025-07-22 06:00:00,0.10568999999999999
Netherlands,NLD,2025-07-22 05:00:00,2025-07-22 07:00:00,0.10640000000000001
Netherlands,NLD,2025-07-22 06:00:00,2025-07-22 08:00:00,0.10629999999999999
Netherlands,NLD,2025-07-22 07:00:00,2025-07-22 09:00:00,0.0889
Netherlands,NLD,2025-07-22 08:00:00,2025-07-22 10:00:00,0.07831999999999999
Netherlands,NLD,2025-07-22 09:00:00,2025-07-22 11:00:00,0.06337
Netherlands,NLD,2025-07-22 10:00:00,2025-07-22 12:00:00,0.038259999999999995
Netherlands,NLD,2025-07-22 11:00:00,2025-07-22 13:00:00,0.01071
Netherlands,NLD,2025-07-22 12:00:00,2025-07-22 14:00:00,0.00045
Netherlands,NLD,2025-07-22 13:00:00,2025-07-22 15:00:00,0.00454
Netherlands,NLD,2025-07-22 14:00:00,2025-07-22 16:00:00,0.03699
Netherlands,NLD,2025-07-22 15:00:00,2025-07-22 17:00:00,0.07579000000000001
Netherlands,NLD,2025-07-22 16:00:00,2025-07-22 18:00:00,0.08755
Netherlands,NLD,2025-07-22 17:00:00,2025-07-22 19:00:00,0.10781
Netherlands,NLD,2025-07-22 18:00:00,2025-07-22 20:00:00,0.11333
Netherlands,NLD,2025-07-22 19:00:00,2025-07-22 21:00:00,0.11362
Netherlands,NLD,2025-07-22 20:00:00,2025-07-22 22:00:00,0.10862999999999999
Netherlands,NLD,2025-07-22 21:00:00,2025-07-22 23:00:00,0.10311
Netherlands,NLD,2025-07-22 22:00:00,2025-07-23 00:00:00,0.08796
Netherlands,NLD,2025-07-22 23:00:00,2025-07-23 01:00:00,0.08016
Netherlands,NLD,2025-07-23 00:00:00,2025-07-23 02:00:00,0.07866
Netherlands,NLD,2025-07-23 01:00:00,2025-07-23 03:00:00,0.0767
Netherlands,NLD,2025-07-23 02:00:00,2025-07-23 04:00:00,0.078
Netherlands,NLD,2025-07-23 03:00:00,2025-07-23 05:00:00,0.0798
Netherlands,NLD,2025-07-23 04:00:00,2025-07-23 06:00:00,0.09182
Netherlands,NLD,2025-07-23 05:00:00,2025-07-23 07:00:00,0.09989
Netherlands,NLD,2025-07-23 06:00:00,2025-07-23 08:00:00,0.0965
Netherlands,NLD,2025-07-23 07:00:00,2025-07-23 09:00:00,0.08653
Netherlands,NLD,2025-07-23 08:00:00,2025-07-23 10:00:00,0.08506999999999999
Netherlands,NLD,2025-07-23 09:00:00,2025-07-23 11:00:00,0.08170000000000001
Netherlands,NLD,2025-07-23 10:00:00,2025-07-23 12:00:00,0.07147
Netherlands,NLD,2025-07-23 11:00:00,2025-07-23 13:00:00,0.05281
Netherlands,NLD,2025-07-23 12:00:00,2025-07-23 14:00:00,0.054
Netherlands,NLD,2025-07-23 13:00:00,2025-07-23 15:00:00,0.05373
Netherlands,NLD,2025-07-23 14:00:00,2025-07-23 16:00:00,0.06881999999999999
Netherlands,NLD,2025-07-23 15:00:00,2025-07-23 17:00:00,0.0795
Netherlands,NLD,2025-07-23 16:00:00,2025-07-23 18:00:00,0.08856
Netherlands,NLD,2025-07-23 17:00:00,2025-07-23 19:00:00,0.10676000000000001
Netherlands,NLD,2025-07-23 18:00:00,2025-07-23 20:00:00,0.1147
Netherlands,NLD,2025-07-23 19:00:00,2025-07-23 21:00:00,0.12
Netherlands,NLD,2025-07-23 20:00:00,2025-07-23 22:00:00,0.11072
Netherlands,NLD,2025-07-23 21:00:00,2025-07-23 23:00:00,0.10306
Netherlands,NLD,2025-07-23 22:00:00,2025-07-24 00:00:00,0.0975
Netherlands,NLD,2025-07-23 23:00:00,2025-07-24 01:00:00,0.09297
Netherlands,NLD,2025-07-24 00:00:00,2025-07-24 02:00:00,0.08806
Netherlands,NLD,2025-07-24 01:00:00,2025-07-24 03:00:00,0.08701
Netherlands,NLD,2025-07-24 02:00:00,2025-07-24 04:00:00,0.08983
Netherlands,NLD,2025-07-24 03:00:00,2025-07-24 05:00:00,0.0999
Netherlands,NLD,2025-07-24 04:00:00,2025-07-24 06:00:00,0.10922
Netherlands,NLD,2025-07-24 05:00:00,2025-07-24 07:00:00,0.09148
Netherlands,NLD,2025-07-24 06:00:00,2025-07-24 08:00:00,0.09490000000000001
Netherlands,NLD,2025-07-24 07:00:00,2025-07-24 09:00:00,0.09547
Netherlands,NLD,2025-07-24 08:00:00,2025-07-24 10:00:00,0.08658
Netherlands,NLD,2025-07-24 09:00:00,2025-07-24 11:00:00,0.08172
Netherlands,NLD,2025-07-24 10:00:00,2025-07-24 12:00:00,0.08059999999999999
Netherlands,NLD,2025-07-24 11:00:00,2025-07-24 13:00:00,0.074
Netherlands,NLD,2025-07-24 12:00:00,2025-07-24 14:00:00,0.07442
Netherlands,NLD,2025-07-24 13:00:00,2025-07-24 15:00:00,0.07793000000000001
Netherlands,NLD,2025-07-24 14:00:00,2025-07-24 16:00:00,0.08381
Netherlands,NLD,2025-07-24 15:00:00,2025-07-24 17:00:00,0.09366
Netherlands,NLD,2025-07-24 16:00:00,2025-07-24 18:00:00,0.104
Netherlands,NLD,2025-07-24 17:00:00,2025-07-24 19:00:00,0.11006999999999999
Netherlands,NLD,2025-07-24 18:00:00,2025-07-24 20:00:00,0.14756
Netherlands,NLD,2025-07-24 19:00:00,2025-07-24 21:00:00,0.13561
Netherlands,NLD,2025-07-24 20:00:00,2025-07-24 22:00:00,0.1174
Netherlands,NLD,2025-07-24 21:00:00,2025-07-24 23:00:00,0.10859999999999999
Netherlands,NLD,2025-07-24 22:00:00,2025-07-25 00:00:00,0.10920999999999999
Netherlands,NLD,2025-07-24 23:00:00,2025-07-25 01:00:00,0.1029
Netherlands,NLD,2025-07-25 00:00:00,2025-07-25 02:00:00,0.09490000000000001
Netherlands,NLD,2025-07-25 01:00:00,2025-07-25 03:00:00,0.08893000000000001
Netherlands,NLD,2025-07-25 02:00:00,2025-07-25 04:00:00,0.09171
Netherlands,NLD,2025-07-25 03:00:00,2025-07-25 05:00:00,0.09422
Netherlands,NLD,2025-07-25 04:00:00,2025-07-25 06:00:00,0.1061
Netherlands,NLD,2025-07-25 05:00:00,2025-07-25 07:00:00,0.108
Netherlands,NLD,2025-07-25 06:00:00,2025-07-25 08:00:00,0.11011
Netherlands,NLD,2025-07-25 07:00:00,2025-07-25 09:00:00,0.09679
Netherlands,NLD,2025-07-25 08:00:00,2025-07-25 10:00:00,0.0901
Netherlands,NLD,2025-07-25 09:00:00,2025-07-25 11:00:00,0.08365
Netherlands,NLD,2025-07-25 10:00:00,2025-07-25 12:00:00,0.08134999999999999
Netherlands,NLD,2025-07-25 11:00:00,2025-07-25 13:00:00,0.07268000000000001
Netherlands,NLD,2025-07-25 12:00:00,2025-07-25 14:00:00,0.06831999999999999
Netherlands,NLD,2025-07-25 13:00:00,2025-07-25 15:00:00,0.07454000000000001
Netherlands,NLD,2025-07-25 14:00:00,2025-07-25 16:00:00,0.07692
Netherlands,NLD,2025-07-25 15:00:00,2025-07-25 17:00:00,0.08152
Netherlands,NLD,2025-07-25 16:00:00,2025-07-25 18:00:00,0.08885
Netherlands,NLD,2025-07-25 17:00:00,2025-07-25 19:00:00,0.10411
Netherlands,NLD,2025-07-25 18:00:00,2025-07-25 20:00:00,0.11744
Netherlands,NLD,2025-07-25 19:00:00,2025-07-25 21:00:00,0.1207
Netherlands,NLD,2025-07-25 20:00:00,2025-07-25 22:00:00,0.114
Netherlands,NLD,2025-07-25 21:00:00,2025-07-25 23:00:00,0.10954000000000001
Netherlands,NLD,2025-07-25 22:00:00,2025-07-26 00:00:00,0.10917
Netherlands,NLD,2025-07-25 23:00:00,2025-07-26 01:00:00,0.09927
Netherlands,NLD,2025-07-26 00:00:00,2025-07-26 02:00:00,0.09373000000000001
Netherlands,NLD,2025-07-26 01:00:00,2025-07-26 03:00:00,0.0916
Netherlands,NLD,2025-07-26 02:00:00,2025-07-26 04:00:00,0.09008
Netherlands,NLD,2025-07-26 03:00:00,2025-07-26 05:00:00,0.08936
Netherlands,NLD,2025-07-26 04:00:00,2025-07-26 06:00:00,0.09239
Netherlands,NLD,2025-07-26 05:00:00,2025-07-26 07:00:00,0.09090999999999999
Netherlands,NLD,2025-07-26 06:00:00,2025-07-26 08:00:00,0.08468
Netherlands,NLD,2025-07-26 07:00:00,2025-07-26 09:00:00,0.07916
Netherlands,NLD,2025-07-26 08:00:00,2025-07-26 10:00:00,0.07141
Netherlands,NLD,2025-07-26 09:00:00,2025-07-26 11:00:00,0.06622
Netherlands,NLD,2025-07-26 10:00:00,2025-07-26 12:00:00,0.05922
Netherlands,NLD,2025-07-26 11:00:00,2025-07-26 13:00:00,0.04458
Netherlands,NLD,2025-07-26 12:00:00,2025-07-26 14:00:00,0.044020000000000004
Netherlands,NLD,2025-07-26 13:00:00,2025-07-26 15:00:00,0.06014
Netherlands,NLD,2025-07-26 14:00:00,2025-07-26 16:00:00,0.06637
Netherlands,NLD,2025-07-26 15:00:00,2025-07-26 17:00:00,0.07621
Netherlands,NLD,2025-07-26 16:00:00,2025-07-26 18:00:00,0.08943999999999999
Netherlands,NLD,2025-07-26 17:00:00,2025-07-26 19:00:00,0.11078
Netherlands,NLD,2025-07-26 18:00:00,2025-07-26 20:00:00,0.12195
Netherlands,NLD,2025-07-26 19:00:00,2025-07-26 21:00:00,0.12822999999999998
Netherlands,NLD,2025-07-26 20:00:00,2025-07-26 22:00:00,0.11976
Netherlands,NLD,2025-07-26 21:00:00,2025-07-26 23:00:00,0.11040000000000001
Netherlands,NLD,2025-07-26 22:00:00,2025-07-27 00:00:00,0.10628
Netherlands,NLD,2025-07-26 23:00:00,2025-07-27 01:00:00,0.10212
Netherlands,NLD,2025-07-27 00:00:00,2025-07-27 02:00:00,0.0999
Netherlands,NLD,2025-07-27 01:00:00,2025-07-27 03:00:00,0.09207
Netherlands,NLD,2025-07-27 02:00:00,2025-07-27 04:00:00,0.09198999999999999
Netherlands,NLD,2025-07-27 03:00:00,2025-07-27 05:00:00,0.08988
Netherlands,NLD,2025-07-27 04:00:00,2025-07-27 06:00:00,0.08879000000000001
Netherlands,NLD,2025-07-27 05:00:00,2025-07-27 07:00:00,0.0862
Netherlands,NLD,2025-07-27 06:00:00,2025-07-27 08:00:00,0.08645
Netherlands,NLD,2025-07-27 07:00:00,2025-07-27 09:00:00,0.08564
Netherlands,NLD,2025-07-27 08:00:00,2025-07-27 10:00:00,0.07198
Netherlands,NLD,2025-07-27 09:00:00,2025-07-27 11:00:00,0.068
Netherlands,NLD,2025-07-27 10:00:00,2025-07-27 12:00:00,0.04494
Netherlands,NLD,2025-07-27 11:00:00,2025-07-27 13:00:00,0.01504
Netherlands,NLD,2025-07-27 12:00:00,2025-07-27 14:00:00,0.00885
Netherlands,NLD,2025-07-27 13:00:00,2025-07-27 15:00:00,0.0173
Netherlands,NLD,2025-07-27 14:00:00,2025-07-27 16:00:00,0.048100000000000004
Netherlands,NLD,2025-07-27 15:00:00,2025-07-27 17:00:00,0.08
Netherlands,NLD,2025-07-27 16:00:00,2025-07-27 18:00:00,0.09268000000000001
Netherlands,NLD,2025-07-27 17:00:00,2025-07-27 19:00:00,0.10467
Netherlands,NLD,2025-07-27 18:00:00,2025-07-27 20:00:00,0.10990000000000001
Netherlands,NLD,2025-07-27 19:00:00,2025-07-27 21:00:00,0.11470999999999999
Netherlands,NLD,2025-07-27 20:00:00,2025-07-27 22:00:00,0.10733
Netherlands,NLD,2025-07-27 21:00:00,2025-07-27 23:00:00,0.10427
Netherlands,NLD,2025-07-27 22:00:00,2025-07-28 00:00:00,0.1
Netherlands,NLD,2025-07-27 23:00:00,2025-07-28 01:00:00,0.08877
Netherlands,NLD,2025-07-28 00:00:00,2025-07-28 02:00:00,0.08373
Netherlands,NLD,2025-07-28 01:00:00,2025-07-28 03:00:00,0.07739
Netherlands,NLD,2025-07-28 02:00:00,2025-07-28 04:00:00,0.076
Netherlands,NLD,2025-07-28 03:00:00,2025-07-28 05:00:00,0.08434
Netherlands,NLD,2025-07-28 04:00:00,2025-07-28 06:00:00,0.09862
Netherlands,NLD,2025-07-28 05:00:00,2025-07-28 07:00:00,0.10890999999999999
Netherlands,NLD,2025-07-28 06:00:00,2025-07-28 08:00:00,0.112
Netherlands,NLD,2025-07-28 07:00:00,2025-07-28 09:00:00,0.09297
Netherlands,NLD,2025-07-28 08:00:00,2025-07-28 10:00:00,0.08534
Netherlands,NLD,2025-07-28 09:00:00,2025-07-28 11:00:00,0.07941
Netherlands,NLD,2025-07-28 10:00:00,2025-07-28 12:00:00,0.07149
Netherlands,NLD,2025-07-28 11:00:00,2025-07-28 13:00:00,0.06724
Netherlands,NLD,2025-07-28 12:00:00,2025-07-28 14:00:00,0.058
Netherlands,NLD,2025-07-28 13:00:00,2025-07-28 15:00:00,0.06284000000000001
Netherlands,NLD,2025-07-28 14:00:00,2025-07-28 16:00:00,0.06603
Netherlands,NLD,2025-07-28 15:00:00,2025-07-28 17:00:00,0.07731
Netherlands,NLD,2025-07-28 16:00:00,2025-07-28 18:00:00,0.08932999999999999
Netherlands,NLD,2025-07-28 17:00:00,2025-07-28 19:00:00,0.0999
Netherlands,NLD,2025-07-28 18:00:00,2025-07-28 20:00:00,0.12
Netherlands,NLD,2025-07-28 19:00:00,2025-07-28 21:00:00,0.1199
Netherlands,NLD,2025-07-28 20:00:00,2025-07-28 22:00:00,0.10754999999999999
Netherlands,NLD,2025-07-28 21:00:00,2025-07-28 23:00:00,0.09
Netherlands,NLD,2025-07-28 22:00:00,2025-07-29 00:00:00,0.08521
Netherlands,NLD,2025-07-28 23:00:00,2025-07-29 01:00:00,0.08048000000000001
Netherlands,NLD,2025-07-29 00:00:00,2025-07-29 02:00:00,0.07936
Netherlands,NLD,2025-07-29 01:00:00,2025-07-29 03:00:00,0.07822
Netherlands,NLD,2025-07-29 02:00:00,2025-07-29 04:00:00,0.07929
Netherlands,NLD,2025-07-29 03:00:00,2025-07-29 05:00:00,0.08836
Netherlands,NLD,2025-07-29 04:00:00,2025-07-29 06:00:00,0.1006
Netherlands,NLD,2025-07-29 05:00:00,2025-07-29 07:00:00,0.11
Netherlands,NLD,2025-07-29 06:00:00,2025-07-29 08:00:00,0.1032
Netherlands,NLD,2025-07-29 07:00:00,2025-07-29 09:00:00,0.07672
Netherlands,NLD,2025-07-29 08:00:00,2025-07-29 10:00:00,0.06166
Netherlands,NLD,2025-07-29 09:00:00,2025-07-29 11:00:00,0.05059
Netherlands,NLD,2025-07-29 10:00:00,2025-07-29 12:00:00,0.0257
Netherlands,NLD,2025-07-29 11:00:00,2025-07-29 13:00:00,0.00432
Netherlands,NLD,2025-07-29 12:00:00,2025-07-29 14:00:00,0.00149
Netherlands,NLD,2025-07-29 13:00:00,2025-07-29 15:00:00,0.00674
Netherlands,NLD,2025-07-29 14:00:00,2025-07-29 16:00:00,0.0425
Netherlands,NLD,2025-07-29 15:00:00,2025-07-29 17:00:00,0.076
Netherlands,NLD,2025-07-29 16:00:00,2025-07-29 18:00:00,0.09140000000000001
Netherlands,NLD,2025-07-29 17:00:00,2025-07-29 19:00:00,0.11118
Netherlands,NLD,2025-07-29 18:00:00,2025-07-29 20:00:00,0.13486
Netherlands,NLD,2025-07-29 19:00:00,2025-07-29 21:00:00,0.12990000000000002
Netherlands,NLD,2025-07-29 20:00:00,2025-07-29 22:00:00,0.11312
Netherlands,NLD,2025-07-29 21:00:00,2025-07-29 23:00:00,0.10459
Netherlands,NLD,2025-07-29 22:00:00,2025-07-30 00:00:00,0.09215999999999999
Netherlands,NLD,2025-07-29 23:00:00,2025-07-30 01:00:00,0.08799
Netherlands,NLD,2025-07-30 00:00:00,2025-07-30 02:00:00,0.086
Netherlands,NLD,2025-07-30 01:00:00,2025-07-30 03:00:00,0.07718000000000001
Netherlands,NLD,2025-07-30 02:00:00,2025-07-30 04:00:00,0.07825
Netherlands,NLD,2025-07-30 03:00:00,2025-07-30 05:00:00,0.08765
Netherlands,NLD,2025-07-30 04:00:00,2025-07-30 06:00:00,0.09645999999999999
Netherlands,NLD,2025-07-30 05:00:00,2025-07-30 07:00:00,0.09505
Netherlands,NLD,2025-07-30 06:00:00,2025-07-30 08:00:00,0.09831000000000001
Netherlands,NLD,2025-07-30 07:00:00,2025-07-30 09:00:00,0.08255
Netherlands,NLD,2025-07-30 08:00:00,2025-07-30 10:00:00,0.06329
Netherlands,NLD,2025-07-30 09:00:00,2025-07-30 11:00:00,0.040369999999999996
Netherlands,NLD,2025-07-30 10:00:00,2025-07-30 12:00:00,0.02479
Netherlands,NLD,2025-07-30 11:00:00,2025-07-30 13:00:00,0.01769
Netherlands,NLD,2025-07-30 12:00:00,2025-07-30 14:00:00,0.0107
Netherlands,NLD,2025-07-30 13:00:00,2025-07-30 15:00:00,0.027399999999999997
Netherlands,NLD,2025-07-30 14:00:00,2025-07-30 16:00:00,0.04131
Netherlands,NLD,2025-07-30 15:00:00,2025-07-30 17:00:00,0.06919
Netherlands,NLD,2025-07-30 16:00:00,2025-07-30 18:00:00,0.08718000000000001
Netherlands,NLD,2025-07-30 17:00:00,2025-07-30 19:00:00,0.105
Netherlands,NLD,2025-07-30 18:00:00,2025-07-30 20:00:00,0.11555
Netherlands,NLD,2025-07-30 19:00:00,2025-07-30 21:00:00,0.11106
Netherlands,NLD,2025-07-30 20:00:00,2025-07-30 22:00:00,0.10415
Netherlands,NLD,2025-07-30 21:00:00,2025-07-30 23:00:00,0.09303
Netherlands,NLD,2025-07-30 22:00:00,2025-07-31 00:00:00,0.08947
Netherlands,NLD,2025-07-30 23:00:00,2025-07-31 01:00:00,0.08348
Netherlands,NLD,2025-07-31 00:00:00,2025-07-31 02:00:00,0.07995000000000001
Netherlands,NLD,2025-07-31 01:00:00,2025-07-31 03:00:00,0.07952
Netherlands,NLD,2025-07-31 02:00:00,2025-07-31 04:00:00,0.07851000000000001
Netherlands,NLD,2025-07-31 03:00:00,2025-07-31 05:00:00,0.08324
Netherlands,NLD,2025-07-31 04:00:00,2025-07-31 06:00:00,0.10075
Netherlands,NLD,2025-07-31 05:00:00,2025-07-31 07:00:00,0.10051
Netherlands,NLD,2025-07-31 06:00:00,2025-07-31 08:00:00,0.09429000000000001
Netherlands,NLD,2025-07-31 07:00:00,2025-07-31 09:00:00,0.09390000000000001
Netherlands,NLD,2025-07-31 08:00:00,2025-07-31 10:00:00,0.07417
Netherlands,NLD,2025-07-31 09:00:00,2025-07-31 11:00:00,0.06584000000000001
Netherlands,NLD,2025-07-31 10:00:00,2025-07-31 12:00:00,0.058
Netherlands,NLD,2025-07-31 11:00:00,2025-07-31 13:00:00,0.04355
Netherlands,NLD,2025-07-31 12:00:00,2025-07-31 14:00:00,0.0334
Netherlands,NLD,2025-07-31 13:00:00,2025-07-31 15:00:00,0.05058
Netherlands,NLD,2025-07-31 14:00:00,2025-07-31 16:00:00,0.0683
Netherlands,NLD,2025-07-31 15:00:00,2025-07-31 17:00:00,0.08456
Netherlands,NLD,2025-07-31 16:00:00,2025-07-31 18:00:00,0.09681999999999999
Netherlands,NLD,2025-07-31 17:00:00,2025-07-31 19:00:00,0.11617
Netherlands,NLD,2025-07-31 18:00:00,2025-07-31 20:00:00,0.13193000000000002
Netherlands,NLD,2025-07-31 19:00:00,2025-07-31 21:00:00,0.12671
Netherlands,NLD,2025-07-31 20:00:00,2025-07-31 22:00:00,0.11477
Netherlands,NLD,2025-07-31 21:00:00,2025-07-31 23:00:00,0.10341
Netherlands,NLD,2025-07-31 22:00:00,2025-08-01 00:00:00,0.10547
Netherlands,NLD,2025-07-31 23:00:00,2025-08-01 01:00:00,0.09854
Netherlands,NLD,2025-08-01 00:00:00,2025-08-01 02:00:00,0.09215000000000001
Netherlands,NLD,2025-08-01 01:00:00,2025-08-01 03:00:00,0.08901
Netherlands,NLD,2025-08-01 02:00:00,2025-08-01 04:00:00,0.09067
Netherlands,NLD,2025-08-01 03:00:00,2025-08-01 05:00:00,0.09756000000000001
Netherlands,NLD,2025-08-01 04:00:00,2025-08-01 06:00:00,0.1043
Netherlands,NLD,2025-08-01 05:00:00,2025-08-01 07:00:00,0.108
Netherlands,NLD,2025-08-01 06:00:00,2025-08-01 08:00:00,0.10664
Netherlands,NLD,2025-08-01 07:00:00,2025-08-01 09:00:00,0.10367
Netherlands,NLD,2025-08-01 08:00:00,2025-08-01 10:00:00,0.09795000000000001
Netherlands,NLD,2025-08-01 09:00:00,2025-08-01 11:00:00,0.0841
Netherlands,NLD,2025-08-01 10:00:00,2025-08-01 12:00:00,0.06976
Netherlands,NLD,2025-08-01 11:00:00,2025-08-01 13:00:00,0.05576
Netherlands,NLD,2025-08-01 12:00:00,2025-08-01 14:00:00,0.04425
Netherlands,NLD,2025-08-01 13:00:00,2025-08-01 15:00:00,0.04321
Netherlands,NLD,2025-08-01 14:00:00,2025-08-01 16:00:00,0.062229999999999994
Netherlands,NLD,2025-08-01 15:00:00,2025-08-01 17:00:00,0.07658
Netherlands,NLD,2025-08-01 16:00:00,2025-08-01 18:00:00,0.0901
Netherlands,NLD,2025-08-01 17:00:00,2025-08-01 19:00:00,0.10951000000000001
Netherlands,NLD,2025-08-01 18:00:00,2025-08-01 20:00:00,0.11813
Netherlands,NLD,2025-08-01 19:00:00,2025-08-01 21:00:00,0.11751
Netherlands,NLD,2025-08-01 20:00:00,2025-08-01 22:00:00,0.11072
Netherlands,NLD,2025-08-01 21:00:00,2025-08-01 23:00:00,0.10273
Netherlands,NLD,2025-08-01 22:00:00,2025-08-02 00:00:00,0.10406
Netherlands,NLD,2025-08-01 23:00:00,2025-08-02 01:00:00,0.09854
Netherlands,NLD,2025-08-02 00:00:00,2025-08-02 02:00:00,0.09487999999999999
Netherlands,NLD,2025-08-02 01:00:00,2025-08-02 03:00:00,0.08794
Netherlands,NLD,2025-08-02 02:00:00,2025-08-02 04:00:00,0.08703
Netherlands,NLD,2025-08-02 03:00:00,2025-08-02 05:00:00,0.0864
Netherlands,NLD,2025-08-02 04:00:00,2025-08-02 06:00:00,0.08696
Netherlands,NLD,2025-08-02 05:00:00,2025-08-02 07:00:00,0.08078
Netherlands,NLD,2025-08-02 06:00:00,2025-08-02 08:00:00,0.07551000000000001
Netherlands,NLD,2025-08-02 07:00:00,2025-08-02 09:00:00,0.05976
Netherlands,NLD,2025-08-02 08:00:00,2025-08-02 10:00:00,0.02859
Netherlands,NLD,2025-08-02 09:00:00,2025-08-02 11:00:00,0.005679999999999999
Netherlands,NLD,2025-08-02 10:00:00,2025-08-02 12:00:00,0.0029500000000000004
Netherlands,NLD,2025-08-02 11:00:00,2025-08-02 13:00:00,0.0
Netherlands,NLD,2025-08-02 12:00:00,2025-08-02 14:00:00,0.0
Netherlands,NLD,2025-08-02 13:00:00,2025-08-02 15:00:00,0.0
Netherlands,NLD,2025-08-02 14:00:00,2025-08-02 16:00:00,0.00444
Netherlands,NLD,2025-08-02 15:00:00,2025-08-02 17:00:00,0.05246
Netherlands,NLD,2025-08-02 16:00:00,2025-08-02 18:00:00,0.08308
Netherlands,NLD,2025-08-02 17:00:00,2025-08-02 19:00:00,0.10890999999999999
Netherlands,NLD,2025-08-02 18:00:00,2025-08-02 20:00:00,0.11615
Netherlands,NLD,2025-08-02 19:00:00,2025-08-02 21:00:00,0.11
Netherlands,NLD,2025-08-02 20:00:00,2025-08-02 22:00:00,0.10522
Netherlands,NLD,2025-08-02 21:00:00,2025-08-02 23:00:00,0.09758
Netherlands,NLD,2025-08-02 22:00:00,2025-08-03 00:00:00,0.08582
Netherlands,NLD,2025-08-02 23:00:00,2025-08-03 01:00:00,0.07751999999999999
Netherlands,NLD,2025-08-03 00:00:00,2025-08-03 02:00:00,0.07353
Netherlands,NLD,2025-08-03 01:00:00,2025-08-03 03:00:00,0.06597
Netherlands,NLD,2025-08-03 02:00:00,2025-08-03 04:00:00,0.06272
Netherlands,NLD,2025-08-03 03:00:00,2025-08-03 05:00:00,0.05998
Netherlands,NLD,2025-08-03 04:00:00,2025-08-03 06:00:00,0.046799999999999994
Netherlands,NLD,2025-08-03 05:00:00,2025-08-03 07:00:00,0.032
Netherlands,NLD,2025-08-03 06:00:00,2025-08-03 08:00:00,0.0061600000000000005
Netherlands,NLD,2025-08-03 07:00:00,2025-08-03 09:00:00,0.0
Netherlands,NLD,2025-08-03 08:00:00,2025-08-03 10:00:00,-0.00101
Netherlands,NLD,2025-08-03 09:00:00,2025-08-03 11:00:00,-0.0021000000000000003
Netherlands,NLD,2025-08-03 10:00:00,2025-08-03 12:00:00,-0.003
Netherlands,NLD,2025-08-03 11:00:00,2025-08-03 13:00:00,-0.0099
Netherlands,NLD,2025-08-03 12:00:00,2025-08-03 14:00:00,-0.01008
Netherlands,NLD,2025-08-03 13:00:00,2025-08-03 15:00:00,-0.00498
Netherlands,NLD,2025-08-03 14:00:00,2025-08-03 16:00:00,-0.0015
Netherlands,NLD,2025-08-03 15:00:00,2025-08-03 17:00:00,0.00316
Netherlands,NLD,2025-08-03 16:00:00,2025-08-03 18:00:00,0.06620000000000001
Netherlands,NLD,2025-08-03 17:00:00,2025-08-03 19:00:00,0.09306
Netherlands,NLD,2025-08-03 18:00:00,2025-08-03 20:00:00,0.10086
Netherlands,NLD,2025-08-03 19:00:00,2025-08-03 21:00:00,0.09606999999999999
Netherlands,NLD,2025-08-03 20:00:00,2025-08-03 22:00:00,0.09734000000000001
Netherlands,NLD,2025-08-03 21:00:00,2025-08-03 23:00:00,0.08509
Netherlands,NLD,2025-08-03 22:00:00,2025-08-04 00:00:00,0.08105
Netherlands,NLD,2025-08-03 23:00:00,2025-08-04 01:00:00,0.07007
Netherlands,NLD,2025-08-04 00:00:00,2025-08-04 02:00:00,0.06997
Netherlands,NLD,2025-08-04 01:00:00,2025-08-04 03:00:00,0.07422
Netherlands,NLD,2025-08-04 02:00:00,2025-08-04 04:00:00,0.07569
Netherlands,NLD,2025-08-04 03:00:00,2025-08-04 05:00:00,0.08545
Netherlands,NLD,2025-08-04 04:00:00,2025-08-04 06:00:00,0.09808
Netherlands,NLD,2025-08-04 05:00:00,2025-08-04 07:00:00,0.10676000000000001
Netherlands,NLD,2025-08-04 06:00:00,2025-08-04 08:00:00,0.10506
Netherlands,NLD,2025-08-04 07:00:00,2025-08-04 09:00:00,0.10092
Netherlands,NLD,2025-08-04 08:00:00,2025-08-04 10:00:00,0.07836
Netherlands,NLD,2025-08-04 09:00:00,2025-08-04 11:00:00,0.04954
Netherlands,NLD,2025-08-04 10:00:00,2025-08-04 12:00:00,0.01341
Netherlands,NLD,2025-08-04 11:00:00,2025-08-04 13:00:00,0.00405
Netherlands,NLD,2025-08-04 12:00:00,2025-08-04 14:00:00,0.00065
Netherlands,NLD,2025-08-04 13:00:00,2025-08-04 15:00:00,2e-05
Netherlands,NLD,2025-08-04 14:00:00,2025-08-04 16:00:00,0.01119
Netherlands,NLD,2025-08-04 15:00:00,2025-08-04 17:00:00,0.03828
Netherlands,NLD,2025-08-04 16:00:00,2025-08-04 18:00:00,0.06508
Netherlands,NLD,2025-08-04 17:00:00,2025-08-04 19:00:00,0.08364
Netherlands,NLD,2025-08-04 18:00:00,2025-08-04 20:00:00,0.08056
Netherlands,NLD,2025-08-04 19:00:00,2025-08-04 21:00:00,0.07379000000000001
Netherlands,NLD,2025-08-04 20:00:00,2025-08-04 22:00:00,0.06705
Netherlands,NLD,2025-08-04 21:00:00,2025-08-04 23:00:00,0.04859
Netherlands,NLD,2025-08-04 22:00:00,2025-08-05 00:00:00,0.02
Netherlands,NLD,2025-08-04 23:00:00,2025-08-05 01:00:00,0.01315
Netherlands,NLD,2025-08-05 00:00:00,2025-08-05 02:00:00,0.013619999999999998
Netherlands,NLD,2025-08-05 01:00:00,2025-08-05 03:00:00,0.020460000000000002
Netherlands,NLD,2025-08-05 02:00:00,2025-08-05 04:00:00,0.046560000000000004
Netherlands,NLD,2025-08-05 03:00:00,2025-08-05 05:00:00,0.06784
Netherlands,NLD,2025-08-05 04:00:00,2025-08-05 06:00:00,0.08281000000000001
Netherlands,NLD,2025-08-05 05:00:00,2025-08-05 07:00:00,0.08272
Netherlands,NLD,2025-08-05 06:00:00,2025-08-05 08:00:00,0.06304
Netherlands,NLD,2025-08-05 07:00:00,2025-08-05 09:00:00,0.0035099999999999997
Netherlands,NLD,2025-08-05 08:00:00,2025-08-05 10:00:00,-0.0015
Netherlands,NLD,2025-08-05 09:00:00,2025-08-05 11:00:00,-0.006
Netherlands,NLD,2025-08-05 10:00:00,2025-08-05 12:00:00,-0.01222
Netherlands,NLD,2025-08-05 11:00:00,2025-08-05 13:00:00,-0.02909
Netherlands,NLD,2025-08-05 12:00:00,2025-08-05 14:00:00,-0.02197
Netherlands,NLD,2025-08-05 13:00:00,2025-08-05 15:00:00,-0.01266
Netherlands,NLD,2025-08-05 14:00:00,2025-08-05 16:00:00,-0.0112
Netherlands,NLD,2025-08-05 15:00:00,2025-08-05 17:00:00,-0.00173
Netherlands,NLD,2025-08-05 16:00:00,2025-08-05 18:00:00,0.00087
Netherlands,NLD,2025-08-05 17:00:00,2025-08-05 19:00:00,0.07104
Netherlands,NLD,2025-08-05 18:00:00,2025-08-05 20:00:00,0.08924
Netherlands,NLD,2025-08-05 19:00:00,2025-08-05 21:00:00,0.10427
Netherlands,NLD,2025-08-05 20:00:00,2025-08-05 22:00:00,0.09725
Netherlands,NLD,2025-08-05 21:00:00,2025-08-05 23:00:00,0.084
Netherlands,NLD,2025-08-05 22:00:00,2025-08-06 00:00:00,0.081
Netherlands,NLD,2025-08-05 23:00:00,2025-08-06 01:00:00,0.058070000000000004
Netherlands,NLD,2025-08-06 00:00:00,2025-08-06 02:00:00,0.05836
Netherlands,NLD,2025-08-06 01:00:00,2025-08-06 03:00:00,0.05843
Netherlands,NLD,2025-08-06 02:00:00,2025-08-06 04:00:00,0.05865
Netherlands,NLD,2025-08-06 03:00:00,2025-08-06 05:00:00,0.09340999999999999
Netherlands,NLD,2025-08-06 04:00:00,2025-08-06 06:00:00,0.10990000000000001
Netherlands,NLD,2025-08-06 05:00:00,2025-08-06 07:00:00,0.10590000000000001
Netherlands,NLD,2025-08-06 06:00:00,2025-08-06 08:00:00,0.09345999999999999
Netherlands,NLD,2025-08-06 07:00:00,2025-08-06 09:00:00,0.03203
Netherlands,NLD,2025-08-06 08:00:00,2025-08-06 10:00:00,-1e-05
Netherlands,NLD,2025-08-06 09:00:00,2025-08-06 11:00:00,-0.002
Netherlands,NLD,2025-08-06 10:00:00,2025-08-06 12:00:00,-0.00683
Netherlands,NLD,2025-08-06 11:00:00,2025-08-06 13:00:00,-0.011
Netherlands,NLD,2025-08-06 12:00:00,2025-08-06 14:00:00,-0.006
Netherlands,NLD,2025-08-06 13:00:00,2025-08-06 15:00:00,-0.0030800000000000003
Netherlands,NLD,2025-08-06 14:00:00,2025-08-06 16:00:00,0.00213
Netherlands,NLD,2025-08-06 15:00:00,2025-08-06 17:00:00,0.05212
Netherlands,NLD,2025-08-06 16:00:00,2025-08-06 18:00:00,0.09737
Netherlands,NLD,2025-08-06 17:00:00,2025-08-06 19:00:00,0.11291
Netherlands,NLD,2025-08-06 18:00:00,2025-08-06 20:00:00,0.16536
Netherlands,NLD,2025-08-06 19:00:00,2025-08-06 21:00:00,0.15821000000000002
Netherlands,NLD,2025-08-06 20:00:00,2025-08-06 22:00:00,0.11
Netherlands,NLD,2025-08-06 21:00:00,2025-08-06 23:00:00,0.1016
Netherlands,NLD,2025-08-06 22:00:00,2025-08-07 00:00:00,0.09758
Netherlands,NLD,2025-08-06 23:00:00,2025-08-07 01:00:00,0.094
Netherlands,NLD,2025-08-07 00:00:00,2025-08-07 02:00:00,0.08813
Netherlands,NLD,2025-08-07 01:00:00,2025-08-07 03:00:00,0.08338
Netherlands,NLD,2025-08-07 02:00:00,2025-08-07 04:00:00,0.08206999999999999
Netherlands,NLD,2025-08-07 03:00:00,2025-08-07 05:00:00,0.08487
Netherlands,NLD,2025-08-07 04:00:00,2025-08-07 06:00:00,0.09945
Netherlands,NLD,2025-08-07 05:00:00,2025-08-07 07:00:00,0.10192
Netherlands,NLD,2025-08-07 06:00:00,2025-08-07 08:00:00,0.09467
Netherlands,NLD,2025-08-07 07:00:00,2025-08-07 09:00:00,0.07453
Netherlands,NLD,2025-08-07 08:00:00,2025-08-07 10:00:00,0.02222
Netherlands,NLD,2025-08-07 09:00:00,2025-08-07 11:00:00,0.0
Netherlands,NLD,2025-08-07 10:00:00,2025-08-07 12:00:00,-0.0001
Netherlands,NLD,2025-08-07 11:00:00,2025-08-07 13:00:00,-0.00189
Netherlands,NLD,2025-08-07 12:00:00,2025-08-07 14:00:00,-0.00020999999999999998
Netherlands,NLD,2025-08-07 13:00:00,2025-08-07 15:00:00,-1e-05
Netherlands,NLD,2025-08-07 14:00:00,2025-08-07 16:00:00,0.0020499999999999997
Netherlands,NLD,2025-08-07 15:00:00,2025-08-07 17:00:00,0.06408
Netherlands,NLD,2025-08-07 16:00:00,2025-08-07 18:00:00,0.09158
Netherlands,NLD,2025-08-07 17:00:00,2025-08-07 19:00:00,0.106
Netherlands,NLD,2025-08-07 18:00:00,2025-08-07 20:00:00,0.11234000000000001
Netherlands,NLD,2025-08-07 19:00:00,2025-08-07 21:00:00,0.12634
Netherlands,NLD,2025-08-07 20:00:00,2025-08-07 22:00:00,0.11
Netherlands,NLD,2025-08-07 21:00:00,2025-08-07 23:00:00,0.10128
Netherlands,NLD,2025-08-07 22:00:00,2025-08-08 00:00:00,0.091
Netherlands,NLD,2025-08-07 23:00:00,2025-08-08 01:00:00,0.08792
Netherlands,NLD,2025-08-08 00:00:00,2025-08-08 02:00:00,0.08464
Netherlands,NLD,2025-08-08 01:00:00,2025-08-08 03:00:00,0.081
Netherlands,NLD,2025-08-08 02:00:00,2025-08-08 04:00:00,0.08088
Netherlands,NLD,2025-08-08 03:00:00,2025-08-08 05:00:00,0.08954999999999999
Netherlands,NLD,2025-08-08 04:00:00,2025-08-08 06:00:00,0.10043
Netherlands,NLD,2025-08-08 05:00:00,2025-08-08 07:00:00,0.10305
Netherlands,NLD,2025-08-08 06:00:00,2025-08-08 08:00:00,0.10811
Netherlands,NLD,2025-08-08 07:00:00,2025-08-08 09:00:00,0.08990000000000001
Netherlands,NLD,2025-08-08 08:00:00,2025-08-08 10:00:00,0.066
Netherlands,NLD,2025-08-08 09:00:00,2025-08-08 11:00:00,0.00839
Netherlands,NLD,2025-08-08 10:00:00,2025-08-08 12:00:00,0.0
Netherlands,NLD,2025-08-08 11:00:00,2025-08-08 13:00:00,-1e-05
Netherlands,NLD,2025-08-08 12:00:00,2025-08-08 14:00:00,-2e-05
Netherlands,NLD,2025-08-08 13:00:00,2025-08-08 15:00:00,-1e-05
Netherlands,NLD,2025-08-08 14:00:00,2025-08-08 16:00:00,0.010490000000000001
Netherlands,NLD,2025-08-08 15:00:00,2025-08-08 17:00:00,0.0701
Netherlands,NLD,2025-08-08 16:00:00,2025-08-08 18:00:00,0.10144
Netherlands,NLD,2025-08-08 17:00:00,2025-08-08 19:00:00,0.11356000000000001
Netherlands,NLD,2025-08-08 18:00:00,2025-08-08 20:00:00,0.14462
Netherlands,NLD,2025-08-08 19:00:00,2025-08-08 21:00:00,0.15150999999999998
Netherlands,NLD,2025-08-08 20:00:00,2025-08-08 22:00:00,0.12159
Netherlands,NLD,2025-08-08 21:00:00,2025-08-08 23:00:00,0.10845999999999999
Netherlands,NLD,2025-08-08 22:00:00,2025-08-09 00:00:00,0.10108
Netherlands,NLD,2025-08-08 23:00:00,2025-08-09 01:00:00,0.09798
Netherlands,NLD,2025-08-09 00:00:00,2025-08-09 02:00:00,0.09616
Netherlands,NLD,2025-08-09 01:00:00,2025-08-09 03:00:00,0.09293000000000001
Netherlands,NLD,2025-08-09 02:00:00,2025-08-09 04:00:00,0.09204999999999999
Netherlands,NLD,2025-08-09 03:00:00,2025-08-09 05:00:00,0.09262999999999999
Netherlands,NLD,2025-08-09 04:00:00,2025-08-09 06:00:00,0.09609999999999999
Netherlands,NLD,2025-08-09 05:00:00,2025-08-09 07:00:00,0.09006
Netherlands,NLD,2025-08-09 06:00:00,2025-08-09 08:00:00,0.06975
Netherlands,NLD,2025-08-09 07:00:00,2025-08-09 09:00:00,0.01534
Netherlands,NLD,2025-08-09 08:00:00,2025-08-09 10:00:00,-2e-05
Netherlands,NLD,2025-08-09 09:00:00,2025-08-09 11:00:00,-0.001
Netherlands,NLD,2025-08-09 10:00:00,2025-08-09 12:00:00,-0.006
Netherlands,NLD,2025-08-09 11:00:00,2025-08-09 13:00:00,-0.02
Netherlands,NLD,2025-08-09 12:00:00,2025-08-09 14:00:00,-0.02014
Netherlands,NLD,2025-08-09 13:00:00,2025-08-09 15:00:00,-0.00429
Netherlands,NLD,2025-08-09 14:00:00,2025-08-09 16:00:00,-5e-05
Netherlands,NLD,2025-08-09 15:00:00,2025-08-09 17:00:00,0.0035499999999999998
Netherlands,NLD,2025-08-09 16:00:00,2025-08-09 18:00:00,0.081
Netherlands,NLD,2025-08-09 17:00:00,2025-08-09 19:00:00,0.10143
Netherlands,NLD,2025-08-09 18:00:00,2025-08-09 20:00:00,0.12336
Netherlands,NLD,2025-08-09 19:00:00,2025-08-09 21:00:00,0.11641
Netherlands,NLD,2025-08-09 20:00:00,2025-08-09 22:00:00,0.10623
Netherlands,NLD,2025-08-09 21:00:00,2025-08-09 23:00:00,0.09663
Netherlands,NLD,2025-08-09 22:00:00,2025-08-10 00:00:00,0.08587
Netherlands,NLD,2025-08-09 23:00:00,2025-08-10 01:00:00,0.08569
Netherlands,NLD,2025-08-10 00:00:00,2025-08-10 02:00:00,0.08697
Netherlands,NLD,2025-08-10 01:00:00,2025-08-10 03:00:00,0.08239
Netherlands,NLD,2025-08-10 02:00:00,2025-08-10 04:00:00,0.086
Netherlands,NLD,2025-08-10 03:00:00,2025-08-10 05:00:00,0.08951
Netherlands,NLD,2025-08-10 04:00:00,2025-08-10 06:00:00,0.08811
Netherlands,NLD,2025-08-10 05:00:00,2025-08-10 07:00:00,0.07855
Netherlands,NLD,2025-08-10 06:00:00,2025-08-10 08:00:00,0.0288
Netherlands,NLD,2025-08-10 07:00:00,2025-08-10 09:00:00,-1e-05
Netherlands,NLD,2025-08-10 08:00:00,2025-08-10 10:00:00,-0.00264
Netherlands,NLD,2025-08-10 09:00:00,2025-08-10 11:00:00,-0.0156
Netherlands,NLD,2025-08-10 10:00:00,2025-08-10 12:00:00,-0.055670000000000004
Netherlands,NLD,2025-08-10 11:00:00,2025-08-10 13:00:00,-0.06479
Netherlands,NLD,2025-08-10 12:00:00,2025-08-10 14:00:00,-0.05102
Netherlands,NLD,2025-08-10 13:00:00,2025-08-10 15:00:00,-0.02057
Netherlands,NLD,2025-08-10 14:00:00,2025-08-10 16:00:00,-0.0012
Netherlands,NLD,2025-08-10 15:00:00,2025-08-10 17:00:00,0.00213
Netherlands,NLD,2025-08-10 16:00:00,2025-08-10 18:00:00,0.07779000000000001
Netherlands,NLD,2025-08-10 17:00:00,2025-08-10 19:00:00,0.10549
Netherlands,NLD,2025-08-10 18:00:00,2025-08-10 20:00:00,0.12151
Netherlands,NLD,2025-08-10 19:00:00,2025-08-10 21:00:00,0.12245
Netherlands,NLD,2025-08-10 20:00:00,2025-08-10 22:00:00,0.10643000000000001
Netherlands,NLD,2025-08-10 21:00:00,2025-08-10 23:00:00,0.09945
Netherlands,NLD,2025-08-10 22:00:00,2025-08-11 00:00:00,0.096
Netherlands,NLD,2025-08-10 23:00:00,2025-08-11 01:00:00,0.09058
Netherlands,NLD,2025-08-11 00:00:00,2025-08-11 02:00:00,0.086
Netherlands,NLD,2025-08-11 01:00:00,2025-08-11 03:00:00,0.08502
Netherlands,NLD,2025-08-11 02:00:00,2025-08-11 04:00:00,0.08943999999999999
Netherlands,NLD,2025-08-11 03:00:00,2025-08-11 05:00:00,0.09724
Netherlands,NLD,2025-08-11 04:00:00,2025-08-11 06:00:00,0.12894999999999998
Netherlands,NLD,2025-08-11 05:00:00,2025-08-11 07:00:00,0.13265000000000002
Netherlands,NLD,2025-08-11 06:00:00,2025-08-11 08:00:00,0.10618999999999999
Netherlands,NLD,2025-08-11 07:00:00,2025-08-11 09:00:00,0.09112999999999999
Netherlands,NLD,2025-08-11 08:00:00,2025-08-11 10:00:00,0.04962
Netherlands,NLD,2025-08-11 09:00:00,2025-08-11 11:00:00,0.00254
Netherlands,NLD,2025-08-11 10:00:00,2025-08-11 12:00:00,0.0
Netherlands,NLD,2025-08-11 11:00:00,2025-08-11 13:00:00,0.0
Netherlands,NLD,2025-08-11 12:00:00,2025-08-11 14:00:00,0.0
Netherlands,NLD,2025-08-11 13:00:00,2025-08-11 15:00:00,0.009
Netherlands,NLD,2025-08-11 14:00:00,2025-08-11 16:00:00,0.054549999999999994
Netherlands,NLD,2025-08-11 15:00:00,2025-08-11 17:00:00,0.08865
Netherlands,NLD,2025-08-11 16:00:00,2025-08-11 18:00:00,0.10626000000000001
Netherlands,NLD,2025-08-11 17:00:00,2025-08-11 19:00:00,0.14981999999999998
Netherlands,NLD,2025-08-11 18:00:00,2025-08-11 20:00:00,0.185
Netherlands,NLD,2025-08-11 19:00:00,2025-08-11 21:00:00,0.13886
Netherlands,NLD,2025-08-11 20:00:00,2025-08-11 22:00:00,0.10887000000000001
Netherlands,NLD,2025-08-11 21:00:00,2025-08-11 23:00:00,0.096
Netherlands,NLD,2025-08-11 22:00:00,2025-08-12 00:00:00,0.093
Netherlands,NLD,2025-08-11 23:00:00,2025-08-12 01:00:00,0.08967
Netherlands,NLD,2025-08-12 00:00:00,2025-08-12 02:00:00,0.08541
Netherlands,NLD,2025-08-12 01:00:00,2025-08-12 03:00:00,0.08409
Netherlands,NLD,2025-08-12 02:00:00,2025-08-12 04:00:00,0.08348
Netherlands,NLD,2025-08-12 03:00:00,2025-08-12 05:00:00,0.08887
Netherlands,NLD,2025-08-12 04:00:00,2025-08-12 06:00:00,0.10151
Netherlands,NLD,2025-08-12 05:00:00,2025-08-12 07:00:00,0.10196
Netherlands,NLD,2025-08-12 06:00:00,2025-08-12 08:00:00,0.09864
Netherlands,NLD,2025-08-12 07:00:00,2025-08-12 09:00:00,0.09273999999999999
Netherlands,NLD,2025-08-12 08:00:00,2025-08-12 10:00:00,0.07934999999999999
Netherlands,NLD,2025-08-12 09:00:00,2025-08-12 11:00:00,0.04
Netherlands,NLD,2025-08-12 10:00:00,2025-08-12 12:00:00,0.00838
Netherlands,NLD,2025-08-12 11:00:00,2025-08-12 13:00:00,0.003
Netherlands,NLD,2025-08-12 12:00:00,2025-08-12 14:00:00,0.00515
Netherlands,NLD,2025-08-12 13:00:00,2025-08-12 15:00:00,0.03505
Netherlands,NLD,2025-08-12 14:00:00,2025-08-12 16:00:00,0.07189
Netherlands,NLD,2025-08-12 15:00:00,2025-08-12 17:00:00,0.095
Netherlands,NLD,2025-08-12 16:00:00,2025-08-12 18:00:00,0.10103
Netherlands,NLD,2025-08-12 17:00:00,2025-08-12 19:00:00,0.14944
Netherlands,NLD,2025-08-12 18:00:00,2025-08-12 20:00:00,0.15565
Netherlands,NLD,2025-08-12 19:00:00,2025-08-12 21:00:00,0.14035
Netherlands,NLD,2025-08-12 20:00:00,2025-08-12 22:00:00,0.11406999999999999
Netherlands,NLD,2025-08-12 21:00:00,2025-08-12 23:00:00,0.094
Netherlands,NLD,2025-08-12 22:00:00,2025-08-13 00:00:00,0.09176000000000001
Netherlands,NLD,2025-08-12 23:00:00,2025-08-13 01:00:00,0.09
Netherlands,NLD,2025-08-13 00:00:00,2025-08-13 02:00:00,0.08689
Netherlands,NLD,2025-08-13 01:00:00,2025-08-13 03:00:00,0.08471
Netherlands,NLD,2025-08-13 02:00:00,2025-08-13 04:00:00,0.08707
Netherlands,NLD,2025-08-13 03:00:00,2025-08-13 05:00:00,0.09323999999999999
Netherlands,NLD,2025-08-13 04:00:00,2025-08-13 06:00:00,0.10801000000000001
Netherlands,NLD,2025-08-13 05:00:00,2025-08-13 07:00:00,0.10699
Netherlands,NLD,2025-08-13 06:00:00,2025-08-13 08:00:00,0.10595
Netherlands,NLD,2025-08-13 07:00:00,2025-08-13 09:00:00,0.0928
Netherlands,NLD,2025-08-13 08:00:00,2025-08-13 10:00:00,0.08777
Netherlands,NLD,2025-08-13 09:00:00,2025-08-13 11:00:00,0.06797
Netherlands,NLD,2025-08-13 10:00:00,2025-08-13 12:00:00,0.044520000000000004
Netherlands,NLD,2025-08-13 11:00:00,2025-08-13 13:00:00,0.02918
Netherlands,NLD,2025-08-13 12:00:00,2025-08-13 14:00:00,0.040369999999999996
Netherlands,NLD,2025-08-13 13:00:00,2025-08-13 15:00:00,0.0709
Netherlands,NLD,2025-08-13 14:00:00,2025-08-13 16:00:00,0.0843
Netherlands,NLD,2025-08-13 15:00:00,2025-08-13 17:00:00,0.09664
Netherlands,NLD,2025-08-13 16:00:00,2025-08-13 18:00:00,0.11531
Netherlands,NLD,2025-08-13 17:00:00,2025-08-13 19:00:00,0.18697999999999998
Netherlands,NLD,2025-08-13 18:00:00,2025-08-13 20:00:00,0.22646
Netherlands,NLD,2025-08-13 19:00:00,2025-08-13 21:00:00,0.15469
Netherlands,NLD,2025-08-13 20:00:00,2025-08-13 22:00:00,0.12321
Netherlands,NLD,2025-08-13 21:00:00,2025-08-13 23:00:00,0.10626999999999999
Netherlands,NLD,2025-08-13 22:00:00,2025-08-14 00:00:00,0.09809999999999999
Netherlands,NLD,2025-08-13 23:00:00,2025-08-14 01:00:00,0.092
Netherlands,NLD,2025-08-14 00:00:00,2025-08-14 02:00:00,0.08845
Netherlands,NLD,2025-08-14 01:00:00,2025-08-14 03:00:00,0.08734
Netherlands,NLD,2025-08-14 02:00:00,2025-08-14 04:00:00,0.08784
Netherlands,NLD,2025-08-14 03:00:00,2025-08-14 05:00:00,0.09508
Netherlands,NLD,2025-08-14 04:00:00,2025-08-14 06:00:00,0.10493999999999999
Netherlands,NLD,2025-08-14 05:00:00,2025-08-14 07:00:00,0.10753
Netherlands,NLD,2025-08-14 06:00:00,2025-08-14 08:00:00,0.09947
Netherlands,NLD,2025-08-14 07:00:00,2025-08-14 09:00:00,0.09106
Netherlands,NLD,2025-08-14 08:00:00,2025-08-14 10:00:00,0.08122
Netherlands,NLD,2025-08-14 09:00:00,2025-08-14 11:00:00,0.06741
Netherlands,NLD,2025-08-14 10:00:00,2025-08-14 12:00:00,0.053869999999999994
Netherlands,NLD,2025-08-14 11:00:00,2025-08-14 13:00:00,0.04099
Netherlands,NLD,2025-08-14 12:00:00,2025-08-14 14:00:00,0.0549
Netherlands,NLD,2025-08-14 13:00:00,2025-08-14 15:00:00,0.06943
Netherlands,NLD,2025-08-14 14:00:00,2025-08-14 16:00:00,0.07898999999999999
Netherlands,NLD,2025-08-14 15:00:00,2025-08-14 17:00:00,0.09579
Netherlands,NLD,2025-08-14 16:00:00,2025-08-14 18:00:00,0.1141
Netherlands,NLD,2025-08-14 17:00:00,2025-08-14 19:00:00,0.22027000000000002
Netherlands,NLD,2025-08-14 18:00:00,2025-08-14 20:00:00,0.27526
Netherlands,NLD,2025-08-14 19:00:00,2025-08-14 21:00:00,0.15756
Netherlands,NLD,2025-08-14 20:00:00,2025-08-14 22:00:00,0.12072
Netherlands,NLD,2025-08-14 21:00:00,2025-08-14 23:00:00,0.10595
Netherlands,NLD,2025-08-14 22:00:00,2025-08-15 00:00:00,0.09842000000000001
Netherlands,NLD,2025-08-14 23:00:00,2025-08-15 01:00:00,0.09645999999999999
Netherlands,NLD,2025-08-15 00:00:00,2025-08-15 02:00:00,0.09381999999999999
Netherlands,NLD,2025-08-15 01:00:00,2025-08-15 03:00:00,0.09042
Netherlands,NLD,2025-08-15 02:00:00,2025-08-15 04:00:00,0.09286
Netherlands,NLD,2025-08-15 03:00:00,2025-08-15 05:00:00,0.09491
Netherlands,NLD,2025-08-15 04:00:00,2025-08-15 06:00:00,0.09899
Netherlands,NLD,2025-08-15 05:00:00,2025-08-15 07:00:00,0.09809
Netherlands,NLD,2025-08-15 06:00:00,2025-08-15 08:00:00,0.09981
Netherlands,NLD,2025-08-15 07:00:00,2025-08-15 09:00:00,0.08782
Netherlands,NLD,2025-08-15 08:00:00,2025-08-15 10:00:00,0.0439
Netherlands,NLD,2025-08-15 09:00:00,2025-08-15 11:00:00,0.003
Netherlands,NLD,2025-08-15 10:00:00,2025-08-15 12:00:00,8e-05
Netherlands,NLD,2025-08-15 11:00:00,2025-08-15 13:00:00,0.0
Netherlands,NLD,2025-08-15 12:00:00,2025-08-15 14:00:00,0.0
Netherlands,NLD,2025-08-15 13:00:00,2025-08-15 15:00:00,0.00172
Netherlands,NLD,2025-08-15 14:00:00,2025-08-15 16:00:00,0.02683
Netherlands,NLD,2025-08-15 15:00:00,2025-08-15 17:00:00,0.07306
Netherlands,NLD,2025-08-15 16:00:00,2025-08-15 18:00:00,0.09953000000000001
Netherlands,NLD,2025-08-15 17:00:00,2025-08-15 19:00:00,0.11608
Netherlands,NLD,2025-08-15 18:00:00,2025-08-15 20:00:00,0.12563
Netherlands,NLD,2025-08-15 19:00:00,2025-08-15 21:00:00,0.11273000000000001
Netherlands,NLD,2025-08-15 20:00:00,2025-08-15 22:00:00,0.10633
Netherlands,NLD,2025-08-15 21:00:00,2025-08-15 23:00:00,0.09628
Netherlands,NLD,2025-08-15 22:00:00,2025-08-16 00:00:00,0.09902
Netherlands,NLD,2025-08-15 23:00:00,2025-08-16 01:00:00,0.09333
Netherlands,NLD,2025-08-16 00:00:00,2025-08-16 02:00:00,0.09074
Netherlands,NLD,2025-08-16 01:00:00,2025-08-16 03:00:00,0.08503
Netherlands,NLD,2025-08-16 02:00:00,2025-08-16 04:00:00,0.08273
Netherlands,NLD,2025-08-16 03:00:00,2025-08-16 05:00:00,0.08709
Netherlands,NLD,2025-08-16 04:00:00,2025-08-16 06:00:00,0.09068000000000001
Netherlands,NLD,2025-08-16 05:00:00,2025-08-16 07:00:00,0.088
Netherlands,NLD,2025-08-16 06:00:00,2025-08-16 08:00:00,0.08475
Netherlands,NLD,2025-08-16 07:00:00,2025-08-16 09:00:00,0.08
Netherlands,NLD,2025-08-16 08:00:00,2025-08-16 10:00:00,0.03
Netherlands,NLD,2025-08-16 09:00:00,2025-08-16 11:00:00,0.0038
Netherlands,NLD,2025-08-16 10:00:00,2025-08-16 12:00:00,0.00017
Netherlands,NLD,2025-08-16 11:00:00,2025-08-16 13:00:00,-1e-05
Netherlands,NLD,2025-08-16 12:00:00,2025-08-16 14:00:00,-1e-05
Netherlands,NLD,2025-08-16 13:00:00,2025-08-16 15:00:00,-1e-05
Netherlands,NLD,2025-08-16 14:00:00,2025-08-16 16:00:00,0.00091
Netherlands,NLD,2025-08-16 15:00:00,2025-08-16 17:00:00,0.01636
Netherlands,NLD,2025-08-16 16:00:00,2025-08-16 18:00:00,0.0702
Netherlands,NLD,2025-08-16 17:00:00,2025-08-16 19:00:00,0.095
Netherlands,NLD,2025-08-16 18:00:00,2025-08-16 20:00:00,0.10593999999999999
Netherlands,NLD,2025-08-16 19:00:00,2025-08-16 21:00:00,0.10198
Netherlands,NLD,2025-08-16 20:00:00,2025-08-16 22:00:00,0.09504
Netherlands,NLD,2025-08-16 21:00:00,2025-08-16 23:00:00,0.08996
Netherlands,NLD,2025-08-16 22:00:00,2025-08-17 00:00:00,0.09440000000000001
Netherlands,NLD,2025-08-16 23:00:00,2025-08-17 01:00:00,0.08865
Netherlands,NLD,2025-08-17 00:00:00,2025-08-17 02:00:00,0.088
Netherlands,NLD,2025-08-17 01:00:00,2025-08-17 03:00:00,0.08663
Netherlands,NLD,2025-08-17 02:00:00,2025-08-17 04:00:00,0.09
Netherlands,NLD,2025-08-17 03:00:00,2025-08-17 05:00:00,0.092
Netherlands,NLD,2025-08-17 04:00:00,2025-08-17 06:00:00,0.08957
Netherlands,NLD,2025-08-17 05:00:00,2025-08-17 07:00:00,0.08456
Netherlands,NLD,2025-08-17 06:00:00,2025-08-17 08:00:00,0.08193
Netherlands,NLD,2025-08-17 07:00:00,2025-08-17 09:00:00,0.04804
Netherlands,NLD,2025-08-17 08:00:00,2025-08-17 10:00:00,0.009859999999999999
Netherlands,NLD,2025-08-17 09:00:00,2025-08-17 11:00:00,0.00438
Netherlands,NLD,2025-08-17 10:00:00,2025-08-17 12:00:00,0.003
Netherlands,NLD,2025-08-17 11:00:00,2025-08-17 13:00:00,0.00202
Netherlands,NLD,2025-08-17 12:00:00,2025-08-17 14:00:00,0.00268
Netherlands,NLD,2025-08-17 13:00:00,2025-08-17 15:00:00,0.00065
Netherlands,NLD,2025-08-17 14:00:00,2025-08-17 16:00:00,0.01242
Netherlands,NLD,2025-08-17 15:00:00,2025-08-17 17:00:00,0.07775
Netherlands,NLD,2025-08-17 16:00:00,2025-08-17 18:00:00,0.09359999999999999
Netherlands,NLD,2025-08-17 17:00:00,2025-08-17 19:00:00,0.11
Netherlands,NLD,2025-08-17 18:00:00,2025-08-17 20:00:00,0.11066
Netherlands,NLD,2025-08-17 19:00:00,2025-08-17 21:00:00,0.11015000000000001
Netherlands,NLD,2025-08-17 20:00:00,2025-08-17 22:00:00,0.10509
Netherlands,NLD,2025-08-17 21:00:00,2025-08-17 23:00:00,0.10254
Netherlands,NLD,2025-08-17 22:00:00,2025-08-18 00:00:00,0.09198999999999999
Netherlands,NLD,2025-08-17 23:00:00,2025-08-18 01:00:00,0.08713
Netherlands,NLD,2025-08-18 00:00:00,2025-08-18 02:00:00,0.08306999999999999
Netherlands,NLD,2025-08-18 01:00:00,2025-08-18 03:00:00,0.08163
Netherlands,NLD,2025-08-18 02:00:00,2025-08-18 04:00:00,0.08843999999999999
Netherlands,NLD,2025-08-18 03:00:00,2025-08-18 05:00:00,0.09232
Netherlands,NLD,2025-08-18 04:00:00,2025-08-18 06:00:00,0.113
Netherlands,NLD,2025-08-18 05:00:00,2025-08-18 07:00:00,0.13013
Netherlands,NLD,2025-08-18 06:00:00,2025-08-18 08:00:00,0.10882
Netherlands,NLD,2025-08-18 07:00:00,2025-08-18 09:00:00,0.08989
Netherlands,NLD,2025-08-18 08:00:00,2025-08-18 10:00:00,0.0788
Netherlands,NLD,2025-08-18 09:00:00,2025-08-18 11:00:00,0.04593
Netherlands,NLD,2025-08-18 10:00:00,2025-08-18 12:00:00,0.02004
Netherlands,NLD,2025-08-18 11:00:00,2025-08-18 13:00:00,0.01423
Netherlands,NLD,2025-08-18 12:00:00,2025-08-18 14:00:00,0.01834
Netherlands,NLD,2025-08-18 13:00:00,2025-08-18 15:00:00,0.054560000000000004
Netherlands,NLD,2025-08-18 14:00:00,2025-08-18 16:00:00,0.07106
Netherlands,NLD,2025-08-18 15:00:00,2025-08-18 17:00:00,0.08938
Netherlands,NLD,2025-08-18 16:00:00,2025-08-18 18:00:00,0.09570000000000001
Netherlands,NLD,2025-08-18 17:00:00,2025-08-18 19:00:00,0.12819999999999998
Netherlands,NLD,2025-08-18 18:00:00,2025-08-18 20:00:00,0.19015
Netherlands,NLD,2025-08-18 19:00:00,2025-08-18 21:00:00,0.12467
Netherlands,NLD,2025-08-18 20:00:00,2025-08-18 22:00:00,0.10490000000000001
Netherlands,NLD,2025-08-18 21:00:00,2025-08-18 23:00:00,0.0911
Netherlands,NLD,2025-08-18 22:00:00,2025-08-19 00:00:00,0.09891
Netherlands,NLD,2025-08-18 23:00:00,2025-08-19 01:00:00,0.09
Netherlands,NLD,2025-08-19 00:00:00,2025-08-19 02:00:00,0.08455
Netherlands,NLD,2025-08-19 01:00:00,2025-08-19 03:00:00,0.08194
Netherlands,NLD,2025-08-19 02:00:00,2025-08-19 04:00:00,0.0834
Netherlands,NLD,2025-08-19 03:00:00,2025-08-19 05:00:00,0.09456999999999999
Netherlands,NLD,2025-08-19 04:00:00,2025-08-19 06:00:00,0.10451
Netherlands,NLD,2025-08-19 05:00:00,2025-08-19 07:00:00,0.10886
Netherlands,NLD,2025-08-19 06:00:00,2025-08-19 08:00:00,0.09805
Netherlands,NLD,2025-08-19 07:00:00,2025-08-19 09:00:00,0.08857
Netherlands,NLD,2025-08-19 08:00:00,2025-08-19 10:00:00,0.06964000000000001
Netherlands,NLD,2025-08-19 09:00:00,2025-08-19 11:00:00,0.04323
Netherlands,NLD,2025-08-19 10:00:00,2025-08-19 12:00:00,0.022850000000000002
Netherlands,NLD,2025-08-19 11:00:00,2025-08-19 13:00:00,0.003
Netherlands,NLD,2025-08-19 12:00:00,2025-08-19 14:00:00,0.0005
Netherlands,NLD,2025-08-19 13:00:00,2025-08-19 15:00:00,0.0147
Netherlands,NLD,2025-08-19 14:00:00,2025-08-19 16:00:00,0.05905
Netherlands,NLD,2025-08-19 15:00:00,2025-08-19 17:00:00,0.08777
Netherlands,NLD,2025-08-19 16:00:00,2025-08-19 18:00:00,0.09240999999999999
Netherlands,NLD,2025-08-19 17:00:00,2025-08-19 19:00:00,0.11009999999999999
Netherlands,NLD,2025-08-19 18:00:00,2025-08-19 20:00:00,0.12462000000000001
Netherlands,NLD,2025-08-19 19:00:00,2025-08-19 21:00:00,0.10925
Netherlands,NLD,2025-08-19 20:00:00,2025-08-19 22:00:00,0.10367
Netherlands,NLD,2025-08-19 21:00:00,2025-08-19 23:00:00,0.09506
Netherlands,NLD,2025-08-19 22:00:00,2025-08-20 00:00:00,0.09414
Netherlands,NLD,2025-08-19 23:00:00,2025-08-20 01:00:00,0.08823
Netherlands,NLD,2025-08-20 00:00:00,2025-08-20 02:00:00,0.08289
Netherlands,NLD,2025-08-20 01:00:00,2025-08-20 03:00:00,0.08067
Netherlands,NLD,2025-08-20 02:00:00,2025-08-20 04:00:00,0.07937000000000001
Netherlands,NLD,2025-08-20 03:00:00,2025-08-20 05:00:00,0.08836
Netherlands,NLD,2025-08-20 04:00:00,2025-08-20 06:00:00,0.10136
Netherlands,NLD,2025-08-20 05:00:00,2025-08-20 07:00:00,0.10446
Netherlands,NLD,2025-08-20 06:00:00,2025-08-20 08:00:00,0.10568999999999999
Netherlands,NLD,2025-08-20 07:00:00,2025-08-20 09:00:00,0.091
Netherlands,NLD,2025-08-20 08:00:00,2025-08-20 10:00:00,0.08389
Netherlands,NLD,2025-08-20 09:00:00,2025-08-20 11:00:00,0.06797
Netherlands,NLD,2025-08-20 10:00:00,2025-08-20 12:00:00,0.04906
Netherlands,NLD,2025-08-20 11:00:00,2025-08-20 13:00:00,0.035
Netherlands,NLD,2025-08-20 12:00:00,2025-08-20 14:00:00,0.04009
Netherlands,NLD,2025-08-20 13:00:00,2025-08-20 15:00:00,0.06452
Netherlands,NLD,2025-08-20 14:00:00,2025-08-20 16:00:00,0.07351
Netherlands,NLD,2025-08-20 15:00:00,2025-08-20 17:00:00,0.09301999999999999
Netherlands,NLD,2025-08-20 16:00:00,2025-08-20 18:00:00,0.09509999999999999
Netherlands,NLD,2025-08-20 17:00:00,2025-08-20 19:00:00,0.10233
Netherlands,NLD,2025-08-20 18:00:00,2025-08-20 20:00:00,0.12990000000000002
Netherlands,NLD,2025-08-20 19:00:00,2025-08-20 21:00:00,0.115
Netherlands,NLD,2025-08-20 20:00:00,2025-08-20 22:00:00,0.10344
Netherlands,NLD,2025-08-20 21:00:00,2025-08-20 23:00:00,0.09612000000000001
Netherlands,NLD,2025-08-20 22:00:00,2025-08-21 00:00:00,0.0945
Netherlands,NLD,2025-08-20 23:00:00,2025-08-21 01:00:00,0.08886
Netherlands,NLD,2025-08-21 00:00:00,2025-08-21 02:00:00,0.08752
Netherlands,NLD,2025-08-21 01:00:00,2025-08-21 03:00:00,0.09087999999999999
Netherlands,NLD,2025-08-21 02:00:00,2025-08-21 04:00:00,0.09237000000000001
Netherlands,NLD,2025-08-21 03:00:00,2025-08-21 05:00:00,0.09795999999999999
Netherlands,NLD,2025-08-21 04:00:00,2025-08-21 06:00:00,0.10590000000000001
Netherlands,NLD,2025-08-21 05:00:00,2025-08-21 07:00:00,0.111
Netherlands,NLD,2025-08-21 06:00:00,2025-08-21 08:00:00,0.10690999999999999
Netherlands,NLD,2025-08-21 07:00:00,2025-08-21 09:00:00,0.08934
Netherlands,NLD,2025-08-21 08:00:00,2025-08-21 10:00:00,0.0752
Netherlands,NLD,2025-08-21 09:00:00,2025-08-21 11:00:00,0.06648
Netherlands,NLD,2025-08-21 10:00:00,2025-08-21 12:00:00,0.05769
Netherlands,NLD,2025-08-21 11:00:00,2025-08-21 13:00:00,0.0429
Netherlands,NLD,2025-08-21 12:00:00,2025-08-21 14:00:00,0.037
Netherlands,NLD,2025-08-21 13:00:00,2025-08-21 15:00:00,0.0482
Netherlands,NLD,2025-08-21 14:00:00,2025-08-21 16:00:00,0.0601
Netherlands,NLD,2025-08-21 15:00:00,2025-08-21 17:00:00,0.08155
Netherlands,NLD,2025-08-21 16:00:00,2025-08-21 18:00:00,0.094
Netherlands,NLD,2025-08-21 17:00:00,2025-08-21 19:00:00,0.10056
Netherlands,NLD,2025-08-21 18:00:00,2025-08-21 20:00:00,0.11656
Netherlands,NLD,2025-08-21 19:00:00,2025-08-21 21:00:00,0.11448
Netherlands,NLD,2025-08-21 20:00:00,2025-08-21 22:00:00,0.111
Netherlands,NLD,2025-08-21 21:00:00,2025-08-21 23:00:00,0.10091
Netherlands,NLD,2025-08-21 22:00:00,2025-08-22 00:00:00,0.09198999999999999
Netherlands,NLD,2025-08-21 23:00:00,2025-08-22 01:00:00,0.08559
Netherlands,NLD,2025-08-22 00:00:00,2025-08-22 02:00:00,0.08213
Netherlands,NLD,2025-08-22 01:00:00,2025-08-22 03:00:00,0.08169
Netherlands,NLD,2025-08-22 02:00:00,2025-08-22 04:00:00,0.08288
Netherlands,NLD,2025-08-22 03:00:00,2025-08-22 05:00:00,0.08776
Netherlands,NLD,2025-08-22 04:00:00,2025-08-22 06:00:00,0.10590999999999999
Netherlands,NLD,2025-08-22 05:00:00,2025-08-22 07:00:00,0.11
Netherlands,NLD,2025-08-22 06:00:00,2025-08-22 08:00:00,0.10568999999999999
Netherlands,NLD,2025-08-22 07:00:00,2025-08-22 09:00:00,0.09395999999999999
Netherlands,NLD,2025-08-22 08:00:00,2025-08-22 10:00:00,0.08563
Netherlands,NLD,2025-08-22 09:00:00,2025-08-22 11:00:00,0.0825
Netherlands,NLD,2025-08-22 10:00:00,2025-08-22 12:00:00,0.068
Netherlands,NLD,2025-08-22 11:00:00,2025-08-22 13:00:00,0.048
Netherlands,NLD,2025-08-22 12:00:00,2025-08-22 14:00:00,0.033549999999999996
Netherlands,NLD,2025-08-22 13:00:00,2025-08-22 15:00:00,0.03313
Netherlands,NLD,2025-08-22 14:00:00,2025-08-22 16:00:00,0.06
Netherlands,NLD,2025-08-22 15:00:00,2025-08-22 17:00:00,0.0799
Netherlands,NLD,2025-08-22 16:00:00,2025-08-22 18:00:00,0.09809999999999999
Netherlands,NLD,2025-08-22 17:00:00,2025-08-22 19:00:00,0.10923999999999999
Netherlands,NLD,2025-08-22 18:00:00,2025-08-22 20:00:00,0.1142
Netherlands,NLD,2025-08-22 19:00:00,2025-08-22 21:00:00,0.10804000000000001
Netherlands,NLD,2025-08-22 20:00:00,2025-08-22 22:00:00,0.1033
Netherlands,NLD,2025-08-22 21:00:00,2025-08-22 23:00:00,0.09437000000000001
Netherlands,NLD,2025-08-22 22:00:00,2025-08-23 00:00:00,0.09533
Netherlands,NLD,2025-08-22 23:00:00,2025-08-23 01:00:00,0.08932
Netherlands,NLD,2025-08-23 00:00:00,2025-08-23 02:00:00,0.08907999999999999
Netherlands,NLD,2025-08-23 01:00:00,2025-08-23 03:00:00,0.08657
Netherlands,NLD,2025-08-23 02:00:00,2025-08-23 04:00:00,0.08741
Netherlands,NLD,2025-08-23 03:00:00,2025-08-23 05:00:00,0.08687
Netherlands,NLD,2025-08-23 04:00:00,2025-08-23 06:00:00,0.08710999999999999
Netherlands,NLD,2025-08-23 05:00:00,2025-08-23 07:00:00,0.08684
Netherlands,NLD,2025-08-23 06:00:00,2025-08-23 08:00:00,0.08655
Netherlands,NLD,2025-08-23 07:00:00,2025-08-23 09:00:00,0.0701
Netherlands,NLD,2025-08-23 08:00:00,2025-08-23 10:00:00,0.02366
Netherlands,NLD,2025-08-23 09:00:00,2025-08-23 11:00:00,0.00401
Netherlands,NLD,2025-08-23 10:00:00,2025-08-23 12:00:00,0.003
Netherlands,NLD,2025-08-23 11:00:00,2025-08-23 13:00:00,0.0020099999999999996
Netherlands,NLD,2025-08-23 12:00:00,2025-08-23 14:00:00,0.00183
Netherlands,NLD,2025-08-23 13:00:00,2025-08-23 15:00:00,0.00352
Netherlands,NLD,2025-08-23 14:00:00,2025-08-23 16:00:00,0.0121
Netherlands,NLD,2025-08-23 15:00:00,2025-08-23 17:00:00,0.072
Netherlands,NLD,2025-08-23 16:00:00,2025-08-23 18:00:00,0.09823
Netherlands,NLD,2025-08-23 17:00:00,2025-08-23 19:00:00,0.11312
Netherlands,NLD,2025-08-23 18:00:00,2025-08-23 20:00:00,0.12401000000000001
Netherlands,NLD,2025-08-23 19:00:00,2025-08-23 21:00:00,0.121
Netherlands,NLD,2025-08-23 20:00:00,2025-08-23 22:00:00,0.11116
Netherlands,NLD,2025-08-23 21:00:00,2025-08-23 23:00:00,0.10529000000000001
Netherlands,NLD,2025-08-23 22:00:00,2025-08-24 00:00:00,0.1005
Netherlands,NLD,2025-08-23 23:00:00,2025-08-24 01:00:00,0.09515000000000001
Netherlands,NLD,2025-08-24 00:00:00,2025-08-24 02:00:00,0.09533
Netherlands,NLD,2025-08-24 01:00:00,2025-08-24 03:00:00,0.09322
Netherlands,NLD,2025-08-24 02:00:00,2025-08-24 04:00:00,0.09248
Netherlands,NLD,2025-08-24 03:00:00,2025-08-24 05:00:00,0.09172
Netherlands,NLD,2025-08-24 04:00:00,2025-08-24 06:00:00,0.09
Netherlands,NLD,2025-08-24 05:00:00,2025-08-24 07:00:00,0.08542
Netherlands,NLD,2025-08-24 06:00:00,2025-08-24 08:00:00,0.08671
Netherlands,NLD,2025-08-24 07:00:00,2025-08-24 09:00:00,0.00511
Netherlands,NLD,2025-08-24 08:00:00,2025-08-24 10:00:00,-1e-05
Netherlands,NLD,2025-08-24 09:00:00,2025-08-24 11:00:00,-7.000000000000001e-05
Netherlands,NLD,2025-08-24 10:00:00,2025-08-24 12:00:00,-0.00198
Netherlands,NLD,2025-08-24 11:00:00,2025-08-24 13:00:00,-0.00745
Netherlands,NLD,2025-08-24 12:00:00,2025-08-24 14:00:00,-0.0074
Netherlands,NLD,2025-08-24 13:00:00,2025-08-24 15:00:00,-0.0001
Netherlands,NLD,2025-08-24 14:00:00,2025-08-24 16:00:00,0.0
Netherlands,NLD,2025-08-24 15:00:00,2025-08-24 17:00:00,0.05676
Netherlands,NLD,2025-08-24 16:00:00,2025-08-24 18:00:00,0.09634999999999999
Netherlands,NLD,2025-08-24 17:00:00,2025-08-24 19:00:00,0.11248000000000001
Netherlands,NLD,2025-08-24 18:00:00,2025-08-24 20:00:00,0.11757
Netherlands,NLD,2025-08-24 19:00:00,2025-08-24 21:00:00,0.11431999999999999
Netherlands,NLD,2025-08-24 20:00:00,2025-08-24 22:00:00,0.1075
Netherlands,NLD,2025-08-24 21:00:00,2025-08-24 23:00:00,0.10052
Netherlands,NLD,2025-08-24 22:00:00,2025-08-25 00:00:00,0.09528
Netherlands,NLD,2025-08-24 23:00:00,2025-08-25 01:00:00,0.08703
Netherlands,NLD,2025-08-25 00:00:00,2025-08-25 02:00:00,0.08544
Netherlands,NLD,2025-08-25 01:00:00,2025-08-25 03:00:00,0.08483
Netherlands,NLD,2025-08-25 02:00:00,2025-08-25 04:00:00,0.08355
Netherlands,NLD,2025-08-25 03:00:00,2025-08-25 05:00:00,0.10012
Netherlands,NLD,2025-08-25 04:00:00,2025-08-25 06:00:00,0.11538
Netherlands,NLD,2025-08-25 05:00:00,2025-08-25 07:00:00,0.125
Netherlands,NLD,2025-08-25 06:00:00,2025-08-25 08:00:00,0.11004000000000001
Netherlands,NLD,2025-08-25 07:00:00,2025-08-25 09:00:00,0.09197
Netherlands,NLD,2025-08-25 08:00:00,2025-08-25 10:00:00,0.07298
Netherlands,NLD,2025-08-25 09:00:00,2025-08-25 11:00:00,0.03502
Netherlands,NLD,2025-08-25 10:00:00,2025-08-25 12:00:00,0.01
Netherlands,NLD,2025-08-25 11:00:00,2025-08-25 13:00:00,0.0059299999999999995
Netherlands,NLD,2025-08-25 12:00:00,2025-08-25 14:00:00,0.0067800000000000004
Netherlands,NLD,2025-08-25 13:00:00,2025-08-25 15:00:00,0.0252
Netherlands,NLD,2025-08-25 14:00:00,2025-08-25 16:00:00,0.05639
Netherlands,NLD,2025-08-25 15:00:00,2025-08-25 17:00:00,0.0849
Netherlands,NLD,2025-08-25 16:00:00,2025-08-25 18:00:00,0.10769
Netherlands,NLD,2025-08-25 17:00:00,2025-08-25 19:00:00,0.14485
Netherlands,NLD,2025-08-25 18:00:00,2025-08-25 20:00:00,0.18987
Netherlands,NLD,2025-08-25 19:00:00,2025-08-25 21:00:00,0.13607
Netherlands,NLD,2025-08-25 20:00:00,2025-08-25 22:00:00,0.11504
Netherlands,NLD,2025-08-25 21:00:00,2025-08-25 23:00:00,0.10515000000000001
Netherlands,NLD,2025-08-25 22:00:00,2025-08-26 00:00:00,0.10456
Netherlands,NLD,2025-08-25 23:00:00,2025-08-26 01:00:00,0.09693
Netherlands,NLD,2025-08-26 00:00:00,2025-08-26 02:00:00,0.086
Netherlands,NLD,2025-08-26 01:00:00,2025-08-26 03:00:00,0.08062000000000001
Netherlands,NLD,2025-08-26 02:00:00,2025-08-26 04:00:00,0.08258
Netherlands,NLD,2025-08-26 03:00:00,2025-08-26 05:00:00,0.09425
Netherlands,NLD,2025-08-26 04:00:00,2025-08-26 06:00:00,0.092
Netherlands,NLD,2025-08-26 05:00:00,2025-08-26 07:00:00,0.1062
Netherlands,NLD,2025-08-26 06:00:00,2025-08-26 08:00:00,0.10462
Netherlands,NLD,2025-08-26 07:00:00,2025-08-26 09:00:00,0.09
Netherlands,NLD,2025-08-26 08:00:00,2025-08-26 10:00:00,0.0778
Netherlands,NLD,2025-08-26 09:00:00,2025-08-26 11:00:00,0.06135
Netherlands,NLD,2025-08-26 10:00:00,2025-08-26 12:00:00,0.04175
Netherlands,NLD,2025-08-26 11:00:00,2025-08-26 13:00:00,0.02628
Netherlands,NLD,2025-08-26 12:00:00,2025-08-26 14:00:00,0.03805
Netherlands,NLD,2025-08-26 13:00:00,2025-08-26 15:00:00,0.0701
Netherlands,NLD,2025-08-26 14:00:00,2025-08-26 16:00:00,0.08381999999999999
Netherlands,NLD,2025-08-26 15:00:00,2025-08-26 17:00:00,0.09844
Netherlands,NLD,2025-08-26 16:00:00,2025-08-26 18:00:00,0.11603
Netherlands,NLD,2025-08-26 17:00:00,2025-08-26 19:00:00,0.15252000000000002
Netherlands,NLD,2025-08-26 18:00:00,2025-08-26 20:00:00,0.17001
Netherlands,NLD,2025-08-26 19:00:00,2025-08-26 21:00:00,0.12329999999999999
Netherlands,NLD,2025-08-26 20:00:00,2025-08-26 22:00:00,0.10947
Netherlands,NLD,2025-08-26 21:00:00,2025-08-26 23:00:00,0.09767
Netherlands,NLD,2025-08-26 22:00:00,2025-08-27 00:00:00,0.09540000000000001
Netherlands,NLD,2025-08-26 23:00:00,2025-08-27 01:00:00,0.08998
Netherlands,NLD,2025-08-27 00:00:00,2025-08-27 02:00:00,0.08652
Netherlands,NLD,2025-08-27 01:00:00,2025-08-27 03:00:00,0.0838
Netherlands,NLD,2025-08-27 02:00:00,2025-08-27 04:00:00,0.08449
Netherlands,NLD,2025-08-27 03:00:00,2025-08-27 05:00:00,0.09123
Netherlands,NLD,2025-08-27 04:00:00,2025-08-27 06:00:00,0.0999
Netherlands,NLD,2025-08-27 05:00:00,2025-08-27 07:00:00,0.10817
Netherlands,NLD,2025-08-27 06:00:00,2025-08-27 08:00:00,0.11364
Netherlands,NLD,2025-08-27 07:00:00,2025-08-27 09:00:00,0.10163
Netherlands,NLD,2025-08-27 08:00:00,2025-08-27 10:00:00,0.08545
Netherlands,NLD,2025-08-27 09:00:00,2025-08-27 11:00:00,0.07901000000000001
Netherlands,NLD,2025-08-27 10:00:00,2025-08-27 12:00:00,0.06416
Netherlands,NLD,2025-08-27 11:00:00,2025-08-27 13:00:00,0.05042
Netherlands,NLD,2025-08-27 12:00:00,2025-08-27 14:00:00,0.05089
Netherlands,NLD,2025-08-27 13:00:00,2025-08-27 15:00:00,0.07409
Netherlands,NLD,2025-08-27 14:00:00,2025-08-27 16:00:00,0.08131999999999999
Netherlands,NLD,2025-08-27 15:00:00,2025-08-27 17:00:00,0.10093
Netherlands,NLD,2025-08-27 16:00:00,2025-08-27 18:00:00,0.12272
Netherlands,NLD,2025-08-27 17:00:00,2025-08-27 19:00:00,0.18497999999999998
Netherlands,NLD,2025-08-27 18:00:00,2025-08-27 20:00:00,0.19716
Netherlands,NLD,2025-08-27 19:00:00,2025-08-27 21:00:00,0.12126
Netherlands,NLD,2025-08-27 20:00:00,2025-08-27 22:00:00,0.11363
Netherlands,NLD,2025-08-27 21:00:00,2025-08-27 23:00:00,0.10357
Netherlands,NLD,2025-08-27 22:00:00,2025-08-28 00:00:00,0.09715
Netherlands,NLD,2025-08-27 23:00:00,2025-08-28 01:00:00,0.09162000000000001
Netherlands,NLD,2025-08-28 00:00:00,2025-08-28 02:00:00,0.08758
Netherlands,NLD,2025-08-28 01:00:00,2025-08-28 03:00:00,0.08477
Netherlands,NLD,2025-08-28 02:00:00,2025-08-28 04:00:00,0.08672
Netherlands,NLD,2025-08-28 03:00:00,2025-08-28 05:00:00,0.09548999999999999
Netherlands,NLD,2025-08-28 04:00:00,2025-08-28 06:00:00,0.11231999999999999
Netherlands,NLD,2025-08-28 05:00:00,2025-08-28 07:00:00,0.12890000000000001
Netherlands,NLD,2025-08-28 06:00:00,2025-08-28 08:00:00,0.13503
Netherlands,NLD,2025-08-28 07:00:00,2025-08-28 09:00:00,0.11939
Netherlands,NLD,2025-08-28 08:00:00,2025-08-28 10:00:00,0.10363
Netherlands,NLD,2025-08-28 09:00:00,2025-08-28 11:00:00,0.09612000000000001
Netherlands,NLD,2025-08-28 10:00:00,2025-08-28 12:00:00,0.08819
Netherlands,NLD,2025-08-28 11:00:00,2025-08-28 13:00:00,0.08612
Netherlands,NLD,2025-08-28 12:00:00,2025-08-28 14:00:00,0.08487
Netherlands,NLD,2025-08-28 13:00:00,2025-08-28 15:00:00,0.08527
Netherlands,NLD,2025-08-28 14:00:00,2025-08-28 16:00:00,0.08175
Netherlands,NLD,2025-08-28 15:00:00,2025-08-28 17:00:00,0.09899
Netherlands,NLD,2025-08-28 16:00:00,2025-08-28 18:00:00,0.0983
Netherlands,NLD,2025-08-28 17:00:00,2025-08-28 19:00:00,0.11727
Netherlands,NLD,2025-08-28 18:00:00,2025-08-28 20:00:00,0.124
Netherlands,NLD,2025-08-28 19:00:00,2025-08-28 21:00:00,0.108
Netherlands,NLD,2025-08-28 20:00:00,2025-08-28 22:00:00,0.1014
Netherlands,NLD,2025-08-28 21:00:00,2025-08-28 23:00:00,0.08062000000000001
Netherlands,NLD,2025-08-28 22:00:00,2025-08-29 00:00:00,0.08459
Netherlands,NLD,2025-08-28 23:00:00,2025-08-29 01:00:00,0.07733
Netherlands,NLD,2025-08-29 00:00:00,2025-08-29 02:00:00,0.07712000000000001
Netherlands,NLD,2025-08-29 01:00:00,2025-08-29 03:00:00,0.07073
Netherlands,NLD,2025-08-29 02:00:00,2025-08-29 04:00:00,0.07042
Netherlands,NLD,2025-08-29 03:00:00,2025-08-29 05:00:00,0.07811
Netherlands,NLD,2025-08-29 04:00:00,2025-08-29 06:00:00,0.09831999999999999
Netherlands,NLD,2025-08-29 05:00:00,2025-08-29 07:00:00,0.10479999999999999
Netherlands,NLD,2025-08-29 06:00:00,2025-08-29 08:00:00,0.10507999999999999
Netherlands,NLD,2025-08-29 07:00:00,2025-08-29 09:00:00,0.09636
Netherlands,NLD,2025-08-29 08:00:00,2025-08-29 10:00:00,0.07041
Netherlands,NLD,2025-08-29 09:00:00,2025-08-29 11:00:00,0.06431999999999999
Netherlands,NLD,2025-08-29 10:00:00,2025-08-29 12:00:00,0.05647
Netherlands,NLD,2025-08-29 11:00:00,2025-08-29 13:00:00,0.04521
Netherlands,NLD,2025-08-29 12:00:00,2025-08-29 14:00:00,0.05
Netherlands,NLD,2025-08-29 13:00:00,2025-08-29 15:00:00,0.073
Netherlands,NLD,2025-08-29 14:00:00,2025-08-29 16:00:00,0.07154
Netherlands,NLD,2025-08-29 15:00:00,2025-08-29 17:00:00,0.08923
Netherlands,NLD,2025-08-29 16:00:00,2025-08-29 18:00:00,0.1093
Netherlands,NLD,2025-08-29 17:00:00,2025-08-29 19:00:00,0.123
Netherlands,NLD,2025-08-29 18:00:00,2025-08-29 20:00:00,0.11333
Netherlands,NLD,2025-08-29 19:00:00,2025-08-29 21:00:00,0.10606
Netherlands,NLD,2025-08-29 20:00:00,2025-08-29 22:00:00,0.09555
Netherlands,NLD,2025-08-29 21:00:00,2025-08-29 23:00:00,0.08622
Netherlands,NLD,2025-08-29 22:00:00,2025-08-30 00:00:00,0.08829000000000001
Netherlands,NLD,2025-08-29 23:00:00,2025-08-30 01:00:00,0.08063
Netherlands,NLD,2025-08-30 00:00:00,2025-08-30 02:00:00,0.07909999999999999
Netherlands,NLD,2025-08-30 01:00:00,2025-08-30 03:00:00,0.08151
Netherlands,NLD,2025-08-30 02:00:00,2025-08-30 04:00:00,0.07576999999999999
Netherlands,NLD,2025-08-30 03:00:00,2025-08-30 05:00:00,0.07698
Netherlands,NLD,2025-08-30 04:00:00,2025-08-30 06:00:00,0.09272
Netherlands,NLD,2025-08-30 05:00:00,2025-08-30 07:00:00,0.09417
Netherlands,NLD,2025-08-30 06:00:00,2025-08-30 08:00:00,0.08796999999999999
Netherlands,NLD,2025-08-30 07:00:00,2025-08-30 09:00:00,0.07155
Netherlands,NLD,2025-08-30 08:00:00,2025-08-30 10:00:00,0.032990000000000005
Netherlands,NLD,2025-08-30 09:00:00,2025-08-30 11:00:00,0.00523
Netherlands,NLD,2025-08-30 10:00:00,2025-08-30 12:00:00,0.0
Netherlands,NLD,2025-08-30 11:00:00,2025-08-30 13:00:00,-1e-05
Netherlands,NLD,2025-08-30 12:00:00,2025-08-30 14:00:00,-1e-05
Netherlands,NLD,2025-08-30 13:00:00,2025-08-30 15:00:00,-0.0005
Netherlands,NLD,2025-08-30 14:00:00,2025-08-30 16:00:00,0.00757
Netherlands,NLD,2025-08-30 15:00:00,2025-08-30 17:00:00,0.06886
Netherlands,NLD,2025-08-30 16:00:00,2025-08-30 18:00:00,0.08982
Netherlands,NLD,2025-08-30 17:00:00,2025-08-30 19:00:00,0.10552
Netherlands,NLD,2025-08-30 18:00:00,2025-08-30 20:00:00,0.1254
Netherlands,NLD,2025-08-30 19:00:00,2025-08-30 21:00:00,0.10498
Netherlands,NLD,2025-08-30 20:00:00,2025-08-30 22:00:00,0.09608
Netherlands,NLD,2025-08-30 21:00:00,2025-08-30 23:00:00,0.08638
Netherlands,NLD,2025-08-30 22:00:00,2025-08-31 00:00:00,0.0836
Netherlands,NLD,2025-08-30 23:00:00,2025-08-31 01:00:00,0.07291
Netherlands,NLD,2025-08-31 00:00:00,2025-08-31 02:00:00,0.06470000000000001
Netherlands,NLD,2025-08-31 01:00:00,2025-08-31 03:00:00,0.06033
Netherlands,NLD,2025-08-31 02:00:00,2025-08-31 04:00:00,0.05849
Netherlands,NLD,2025-08-31 03:00:00,2025-08-31 05:00:00,0.054869999999999995
Netherlands,NLD,2025-08-31 04:00:00,2025-08-31 06:00:00,0.056060000000000006
Netherlands,NLD,2025-08-31 05:00:00,2025-08-31 07:00:00,0.05428
Netherlands,NLD,2025-08-31 06:00:00,2025-08-31 08:00:00,0.022269999999999998
Netherlands,NLD,2025-08-31 07:00:00,2025-08-31 09:00:00,0.00522
Netherlands,NLD,2025-08-31 08:00:00,2025-08-31 10:00:00,0.00013000000000000002
Netherlands,NLD,2025-08-31 09:00:00,2025-08-31 11:00:00,8.999999999999999e-05
Netherlands,NLD,2025-08-31 10:00:00,2025-08-31 12:00:00,2.9999999999999997e-05
Netherlands,NLD,2025-08-31 11:00:00,2025-08-31 13:00:00,-0.0008100000000000001
Netherlands,NLD,2025-08-31 12:00:00,2025-08-31 14:00:00,-0.00057
Netherlands,NLD,2025-08-31 13:00:00,2025-08-31 15:00:00,0.0
Netherlands,NLD,2025-08-31 14:00:00,2025-08-31 16:00:00,0.02198
Netherlands,NLD,2025-08-31 15:00:00,2025-08-31 17:00:00,0.0682
Netherlands,NLD,2025-08-31 16:00:00,2025-08-31 18:00:00,0.10375
Netherlands,NLD,2025-08-31 17:00:00,2025-08-31 19:00:00,0.12918000000000002
Netherlands,NLD,2025-08-31 18:00:00,2025-08-31 20:00:00,0.12637
Netherlands,NLD,2025-08-31 19:00:00,2025-08-31 21:00:00,0.11084000000000001
Netherlands,NLD,2025-08-31 20:00:00,2025-08-31 22:00:00,0.10086
Netherlands,NLD,2025-08-31 21:00:00,2025-08-31 23:00:00,0.08826
Netherlands,NLD,2025-08-31 22:00:00,2025-09-01 00:00:00,0.07611
Netherlands,NLD,2025-08-31 23:00:00,2025-09-01 01:00:00,0.08008
Netherlands,NLD,2025-09-01 00:00:00,2025-09-01 02:00:00,0.07784
Netherlands,NLD,2025-09-01 01:00:00,2025-09-01 03:00:00,0.06975
Netherlands,NLD,2025-09-01 02:00:00,2025-09-01 04:00:00,0.07032
Netherlands,NLD,2025-09-01 03:00:00,2025-09-01 05:00:00,0.08188
Netherlands,NLD,2025-09-01 04:00:00,2025-09-01 06:00:00,0.11029000000000001
Netherlands,NLD,2025-09-01 05:00:00,2025-09-01 07:00:00,0.12108
Netherlands,NLD,2025-09-01 06:00:00,2025-09-01 08:00:00,0.11264
Netherlands,NLD,2025-09-01 07:00:00,2025-09-01 09:00:00,0.09065999999999999
Netherlands,NLD,2025-09-01 08:00:00,2025-09-01 10:00:00,0.07278
Netherlands,NLD,2025-09-01 09:00:00,2025-09-01 11:00:00,0.05846
Netherlands,NLD,2025-09-01 10:00:00,2025-09-01 12:00:00,0.03469
Netherlands,NLD,2025-09-01 11:00:00,2025-09-01 13:00:00,0.02114
Netherlands,NLD,2025-09-01 12:00:00,2025-09-01 14:00:00,0.0197
Netherlands,NLD,2025-09-01 13:00:00,2025-09-01 15:00:00,0.035
Netherlands,NLD,2025-09-01 14:00:00,2025-09-01 16:00:00,0.0625
Netherlands,NLD,2025-09-01 15:00:00,2025-09-01 17:00:00,0.09508
Netherlands,NLD,2025-09-01 16:00:00,2025-09-01 18:00:00,0.09490000000000001
Netherlands,NLD,2025-09-01 17:00:00,2025-09-01 19:00:00,0.16541
Netherlands,NLD,2025-09-01 18:00:00,2025-09-01 20:00:00,0.17637
Netherlands,NLD,2025-09-01 19:00:00,2025-09-01 21:00:00,0.11556999999999999
Netherlands,NLD,2025-09-01 20:00:00,2025-09-01 22:00:00,0.0984
Netherlands,NLD,2025-09-01 21:00:00,2025-09-01 23:00:00,0.08425
Netherlands,NLD,2025-09-01 22:00:00,2025-09-02 00:00:00,0.086
Netherlands,NLD,2025-09-01 23:00:00,2025-09-02 01:00:00,0.08092
Netherlands,NLD,2025-09-02 00:00:00,2025-09-02 02:00:00,0.08368
Netherlands,NLD,2025-09-02 01:00:00,2025-09-02 03:00:00,0.0809
Netherlands,NLD,2025-09-02 02:00:00,2025-09-02 04:00:00,0.0833
Netherlands,NLD,2025-09-02 03:00:00,2025-09-02 05:00:00,0.09401000000000001
Netherlands,NLD,2025-09-02 04:00:00,2025-09-02 06:00:00,0.08866
Netherlands,NLD,2025-09-02 05:00:00,2025-09-02 07:00:00,0.11366
Netherlands,NLD,2025-09-02 06:00:00,2025-09-02 08:00:00,0.09745000000000001
Netherlands,NLD,2025-09-02 07:00:00,2025-09-02 09:00:00,0.09
Netherlands,NLD,2025-09-02 08:00:00,2025-09-02 10:00:00,0.08815
Netherlands,NLD,2025-09-02 09:00:00,2025-09-02 11:00:00,0.07252
Netherlands,NLD,2025-09-02 10:00:00,2025-09-02 12:00:00,0.06753
Netherlands,NLD,2025-09-02 11:00:00,2025-09-02 13:00:00,0.06581999999999999
Netherlands,NLD,2025-09-02 12:00:00,2025-09-02 14:00:00,0.0648
Netherlands,NLD,2025-09-02 13:00:00,2025-09-02 15:00:00,0.07097
Netherlands,NLD,2025-09-02 14:00:00,2025-09-02 16:00:00,0.08148000000000001
Netherlands,NLD,2025-09-02 15:00:00,2025-09-02 17:00:00,0.09848
Netherlands,NLD,2025-09-02 16:00:00,2025-09-02 18:00:00,0.12323
Netherlands,NLD,2025-09-02 17:00:00,2025-09-02 19:00:00,0.151
Netherlands,NLD,2025-09-02 18:00:00,2025-09-02 20:00:00,0.1264
Netherlands,NLD,2025-09-02 19:00:00,2025-09-02 21:00:00,0.09881000000000001
Netherlands,NLD,2025-09-02 20:00:00,2025-09-02 22:00:00,0.09
Netherlands,NLD,2025-09-02 21:00:00,2025-09-02 23:00:00,0.08586
Netherlands,NLD,2025-09-02 22:00:00,2025-09-03 00:00:00,0.08694
Netherlands,NLD,2025-09-02 23:00:00,2025-09-03 01:00:00,0.08259999999999999
Netherlands,NLD,2025-09-03 00:00:00,2025-09-03 02:00:00,0.07646
Netherlands,NLD,2025-09-03 01:00:00,2025-09-03 03:00:00,0.07231
Netherlands,NLD,2025-09-03 02:00:00,2025-09-03 04:00:00,0.071
Netherlands,NLD,2025-09-03 03:00:00,2025-09-03 05:00:00,0.07662000000000001
Netherlands,NLD,2025-09-03 04:00:00,2025-09-03 06:00:00,0.09633
Netherlands,NLD,2025-09-03 05:00:00,2025-09-03 07:00:00,0.102
Netherlands,NLD,2025-09-03 06:00:00,2025-09-03 08:00:00,0.10490000000000001
Netherlands,NLD,2025-09-03 07:00:00,2025-09-03 09:00:00,0.08154
Netherlands,NLD,2025-09-03 08:00:00,2025-09-03 10:00:00,0.02893
Netherlands,NLD,2025-09-03 09:00:00,2025-09-03 11:00:00,2.9999999999999997e-05
Netherlands,NLD,2025-09-03 10:00:00,2025-09-03 12:00:00,-0.0001
Netherlands,NLD,2025-09-03 11:00:00,2025-09-03 13:00:00,-0.0001
Netherlands,NLD,2025-09-03 12:00:00,2025-09-03 14:00:00,-0.00013000000000000002
Netherlands,NLD,2025-09-03 13:00:00,2025-09-03 15:00:00,0.0
Netherlands,NLD,2025-09-03 14:00:00,2025-09-03 16:00:00,0.0038900000000000002
Netherlands,NLD,2025-09-03 15:00:00,2025-09-03 17:00:00,0.05829
Netherlands,NLD,2025-09-03 16:00:00,2025-09-03 18:00:00,0.0969
Netherlands,NLD,2025-09-03 17:00:00,2025-09-03 19:00:00,0.10778
Netherlands,NLD,2025-09-03 18:00:00,2025-09-03 20:00:00,0.1001
Netherlands,NLD,2025-09-03 19:00:00,2025-09-03 21:00:00,0.09178
Netherlands,NLD,2025-09-03 20:00:00,2025-09-03 22:00:00,0.08
Netherlands,NLD,2025-09-03 21:00:00,2025-09-03 23:00:00,0.054299999999999994
Netherlands,NLD,2025-09-03 22:00:00,2025-09-04 00:00:00,0.02165
Netherlands,NLD,2025-09-03 23:00:00,2025-09-04 01:00:00,0.01504
Netherlands,NLD,2025-09-04 00:00:00,2025-09-04 02:00:00,0.01492
Netherlands,NLD,2025-09-04 01:00:00,2025-09-04 03:00:00,0.02199
Netherlands,NLD,2025-09-04 02:00:00,2025-09-04 04:00:00,0.048
Netherlands,NLD,2025-09-04 03:00:00,2025-09-04 05:00:00,0.068
Netherlands,NLD,2025-09-04 04:00:00,2025-09-04 06:00:00,0.09747
Netherlands,NLD,2025-09-04 05:00:00,2025-09-04 07:00:00,0.10923999999999999
Netherlands,NLD,2025-09-04 06:00:00,2025-09-04 08:00:00,0.10109
Netherlands,NLD,2025-09-04 07:00:00,2025-09-04 09:00:00,0.07472
Netherlands,NLD,2025-09-04 08:00:00,2025-09-04 10:00:00,0.0385
Netherlands,NLD,2025-09-04 09:00:00,2025-09-04 11:00:00,0.00579
Netherlands,NLD,2025-09-04 10:00:00,2025-09-04 12:00:00,0.0032
Netherlands,NLD,2025-09-04 11:00:00,2025-09-04 13:00:00,0.0032
Netherlands,NLD,2025-09-04 12:00:00,2025-09-04 14:00:00,0.032659999999999995
Netherlands,NLD,2025-09-04 13:00:00,2025-09-04 15:00:00,0.06228
Netherlands,NLD,2025-09-04 14:00:00,2025-09-04 16:00:00,0.08129
Netherlands,NLD,2025-09-04 15:00:00,2025-09-04 17:00:00,0.10188
Netherlands,NLD,2025-09-04 16:00:00,2025-09-04 18:00:00,0.10490000000000001
Netherlands,NLD,2025-09-04 17:00:00,2025-09-04 19:00:00,0.15118
Netherlands,NLD,2025-09-04 18:00:00,2025-09-04 20:00:00,0.198
Netherlands,NLD,2025-09-04 19:00:00,2025-09-04 21:00:00,0.11843000000000001
Netherlands,NLD,2025-09-04 20:00:00,2025-09-04 22:00:00,0.105
Netherlands,NLD,2025-09-04 21:00:00,2025-09-04 23:00:00,0.092
Netherlands,NLD,2025-09-04 22:00:00,2025-09-05 00:00:00,0.0778
Netherlands,NLD,2025-09-04 23:00:00,2025-09-05 01:00:00,0.08178
Netherlands,NLD,2025-09-05 00:00:00,2025-09-05 02:00:00,0.07997
Netherlands,NLD,2025-09-05 01:00:00,2025-09-05 03:00:00,0.08070000000000001
Netherlands,NLD,2025-09-05 02:00:00,2025-09-05 04:00:00,0.08167
Netherlands,NLD,2025-09-05 03:00:00,2025-09-05 05:00:00,0.0897
Netherlands,NLD,2025-09-05 04:00:00,2025-09-05 06:00:00,0.106
Netherlands,NLD,2025-09-05 05:00:00,2025-09-05 07:00:00,0.11891
Netherlands,NLD,2025-09-05 06:00:00,2025-09-05 08:00:00,0.11347
Netherlands,NLD,2025-09-05 07:00:00,2025-09-05 09:00:00,0.09759000000000001
Netherlands,NLD,2025-09-05 08:00:00,2025-09-05 10:00:00,0.08112
Netherlands,NLD,2025-09-05 09:00:00,2025-09-05 11:00:00,0.07431
Netherlands,NLD,2025-09-05 10:00:00,2025-09-05 12:00:00,0.07029
Netherlands,NLD,2025-09-05 11:00:00,2025-09-05 13:00:00,0.06523000000000001
Netherlands,NLD,2025-09-05 12:00:00,2025-09-05 14:00:00,0.061829999999999996
Netherlands,NLD,2025-09-05 13:00:00,2025-09-05 15:00:00,0.06968
Netherlands,NLD,2025-09-05 14:00:00,2025-09-05 16:00:00,0.07705
Netherlands,NLD,2025-09-05 15:00:00,2025-09-05 17:00:00,0.08211
Netherlands,NLD,2025-09-05 16:00:00,2025-09-05 18:00:00,0.10611
Netherlands,NLD,2025-09-05 17:00:00,2025-09-05 19:00:00,0.15
Netherlands,NLD,2025-09-05 18:00:00,2025-09-05 20:00:00,0.14702
Netherlands,NLD,2025-09-05 19:00:00,2025-09-05 21:00:00,0.11633
Netherlands,NLD,2025-09-05 20:00:00,2025-09-05 22:00:00,0.10681
Netherlands,NLD,2025-09-05 21:00:00,2025-09-05 23:00:00,0.09994
Netherlands,NLD,2025-09-05 22:00:00,2025-09-06 00:00:00,0.09706999999999999
Netherlands,NLD,2025-09-05 23:00:00,2025-09-06 01:00:00,0.09356
Netherlands,NLD,2025-09-06 00:00:00,2025-09-06 02:00:00,0.08995
Netherlands,NLD,2025-09-06 01:00:00,2025-09-06 03:00:00,0.08583
Netherlands,NLD,2025-09-06 02:00:00,2025-09-06 04:00:00,0.08431999999999999
Netherlands,NLD,2025-09-06 03:00:00,2025-09-06 05:00:00,0.08604
Netherlands,NLD,2025-09-06 04:00:00,2025-09-06 06:00:00,0.09787
Netherlands,NLD,2025-09-06 05:00:00,2025-09-06 07:00:00,0.10059
Netherlands,NLD,2025-09-06 06:00:00,2025-09-06 08:00:00,0.0884
Netherlands,NLD,2025-09-06 07:00:00,2025-09-06 09:00:00,0.06889
Netherlands,NLD,2025-09-06 08:00:00,2025-09-06 10:00:00,0.00975
Netherlands,NLD,2025-09-06 09:00:00,2025-09-06 11:00:00,0.0
Netherlands,NLD,2025-09-06 10:00:00,2025-09-06 12:00:00,-2e-05
Netherlands,NLD,2025-09-06 11:00:00,2025-09-06 13:00:00,-0.00086
Netherlands,NLD,2025-09-06 12:00:00,2025-09-06 14:00:00,-0.00099
Netherlands,NLD,2025-09-06 13:00:00,2025-09-06 15:00:00,-1e-05
Netherlands,NLD,2025-09-06 14:00:00,2025-09-06 16:00:00,0.03444
Netherlands,NLD,2025-09-06 15:00:00,2025-09-06 17:00:00,0.07359
Netherlands,NLD,2025-09-06 16:00:00,2025-09-06 18:00:00,0.10881
Netherlands,NLD,2025-09-06 17:00:00,2025-09-06 19:00:00,0.14729
Netherlands,NLD,2025-09-06 18:00:00,2025-09-06 20:00:00,0.13041999999999998
Netherlands,NLD,2025-09-06 19:00:00,2025-09-06 21:00:00,0.10157
Netherlands,NLD,2025-09-06 20:00:00,2025-09-06 22:00:00,0.0901
Netherlands,NLD,2025-09-06 21:00:00,2025-09-06 23:00:00,0.07632
Netherlands,NLD,2025-09-06 22:00:00,2025-09-07 00:00:00,0.07973000000000001
Netherlands,NLD,2025-09-06 23:00:00,2025-09-07 01:00:00,0.07487
Netherlands,NLD,2025-09-07 00:00:00,2025-09-07 02:00:00,0.07264
Netherlands,NLD,2025-09-07 01:00:00,2025-09-07 03:00:00,0.075
Netherlands,NLD,2025-09-07 02:00:00,2025-09-07 04:00:00,0.07454999999999999
Netherlands,NLD,2025-09-07 03:00:00,2025-09-07 05:00:00,0.07435
Netherlands,NLD,2025-09-07 04:00:00,2025-09-07 06:00:00,0.07295
Netherlands,NLD,2025-09-07 05:00:00,2025-09-07 07:00:00,0.0501
Netherlands,NLD,2025-09-07 06:00:00,2025-09-07 08:00:00,0.0
Netherlands,NLD,2025-09-07 07:00:00,2025-09-07 09:00:00,-8.999999999999999e-05
Netherlands,NLD,2025-09-07 08:00:00,2025-09-07 10:00:00,-0.004
Netherlands,NLD,2025-09-07 09:00:00,2025-09-07 11:00:00,-0.02009
Netherlands,NLD,2025-09-07 10:00:00,2025-09-07 12:00:00,-0.04002
Netherlands,NLD,2025-09-07 11:00:00,2025-09-07 13:00:00,-0.053399999999999996
Netherlands,NLD,2025-09-07 12:00:00,2025-09-07 14:00:00,-0.0634
Netherlands,NLD,2025-09-07 13:00:00,2025-09-07 15:00:00,-0.023
Netherlands,NLD,2025-09-07 14:00:00,2025-09-07 16:00:00,-0.00246
Netherlands,NLD,2025-09-07 15:00:00,2025-09-07 17:00:00,0.003
Netherlands,NLD,2025-09-07 16:00:00,2025-09-07 18:00:00,0.09125
Netherlands,NLD,2025-09-07 17:00:00,2025-09-07 19:00:00,0.10811
Netherlands,NLD,2025-09-07 18:00:00,2025-09-07 20:00:00,0.09781000000000001
Netherlands,NLD,2025-09-07 19:00:00,2025-09-07 21:00:00,0.08736
Netherlands,NLD,2025-09-07 20:00:00,2025-09-07 22:00:00,0.08602
Netherlands,NLD,2025-09-07 21:00:00,2025-09-07 23:00:00,0.08647
Netherlands,NLD,2025-09-07 22:00:00,2025-09-08 00:00:00,0.07787999999999999
Netherlands,NLD,2025-09-07 23:00:00,2025-09-08 01:00:00,0.08231999999999999
Netherlands,NLD,2025-09-08 00:00:00,2025-09-08 02:00:00,0.08688
Netherlands,NLD,2025-09-08 01:00:00,2025-09-08 03:00:00,0.09
Netherlands,NLD,2025-09-08 02:00:00,2025-09-08 04:00:00,0.084
Netherlands,NLD,2025-09-08 03:00:00,2025-09-08 05:00:00,0.08967
Netherlands,NLD,2025-09-08 04:00:00,2025-09-08 06:00:00,0.10790999999999999
Netherlands,NLD,2025-09-08 05:00:00,2025-09-08 07:00:00,0.13269
Netherlands,NLD,2025-09-08 06:00:00,2025-09-08 08:00:00,0.12467
Netherlands,NLD,2025-09-08 07:00:00,2025-09-08 09:00:00,0.10185
Netherlands,NLD,2025-09-08 08:00:00,2025-09-08 10:00:00,0.08583
Netherlands,NLD,2025-09-08 09:00:00,2025-09-08 11:00:00,0.07451
Netherlands,NLD,2025-09-08 10:00:00,2025-09-08 12:00:00,0.06362
Netherlands,NLD,2025-09-08 11:00:00,2025-09-08 13:00:00,0.05802
Netherlands,NLD,2025-09-08 12:00:00,2025-09-08 14:00:00,0.06561
Netherlands,NLD,2025-09-08 13:00:00,2025-09-08 15:00:00,0.07216
Netherlands,NLD,2025-09-08 14:00:00,2025-09-08 16:00:00,0.0925
Netherlands,NLD,2025-09-08 15:00:00,2025-09-08 17:00:00,0.12186
Netherlands,NLD,2025-09-08 16:00:00,2025-09-08 18:00:00,0.18696000000000002
Netherlands,NLD,2025-09-08 17:00:00,2025-09-08 19:00:00,0.38323
Netherlands,NLD,2025-09-08 18:00:00,2025-09-08 20:00:00,0.28922000000000003
Netherlands,NLD,2025-09-08 19:00:00,2025-09-08 21:00:00,0.152
Netherlands,NLD,2025-09-08 20:00:00,2025-09-08 22:00:00,0.12179999999999999
Netherlands,NLD,2025-09-08 21:00:00,2025-09-08 23:00:00,0.11062000000000001
Netherlands,NLD,2025-09-08 22:00:00,2025-09-09 00:00:00,0.10919
Netherlands,NLD,2025-09-08 23:00:00,2025-09-09 01:00:00,0.10723999999999999
Netherlands,NLD,2025-09-09 00:00:00,2025-09-09 02:00:00,0.10533
Netherlands,NLD,2025-09-09 01:00:00,2025-09-09 03:00:00,0.10385
Netherlands,NLD,2025-09-09 02:00:00,2025-09-09 04:00:00,0.10518000000000001
Netherlands,NLD,2025-09-09 03:00:00,2025-09-09 05:00:00,0.11247
Netherlands,NLD,2025-09-09 04:00:00,2025-09-09 06:00:00,0.16681
Netherlands,NLD,2025-09-09 05:00:00,2025-09-09 07:00:00,0.27632999999999996
Netherlands,NLD,2025-09-09 06:00:00,2025-09-09 08:00:00,0.19698
Netherlands,NLD,2025-09-09 07:00:00,2025-09-09 09:00:00,0.12991
Netherlands,NLD,2025-09-09 08:00:00,2025-09-09 10:00:00,0.09852
Netherlands,NLD,2025-09-09 09:00:00,2025-09-09 11:00:00,0.08999
Netherlands,NLD,2025-09-09 10:00:00,2025-09-09 12:00:00,0.07878
Netherlands,NLD,2025-09-09 11:00:00,2025-09-09 13:00:00,0.07673
Netherlands,NLD,2025-09-09 12:00:00,2025-09-09 14:00:00,0.07675
Netherlands,NLD,2025-09-09 13:00:00,2025-09-09 15:00:00,0.08258
Netherlands,NLD,2025-09-09 14:00:00,2025-09-09 16:00:00,0.09189
Netherlands,NLD,2025-09-09 15:00:00,2025-09-09 17:00:00,0.11873
Netherlands,NLD,2025-09-09 16:00:00,2025-09-09 18:00:00,0.18016
Netherlands,NLD,2025-09-09 17:00:00,2025-09-09 19:00:00,0.36707
Netherlands,NLD,2025-09-09 18:00:00,2025-09-09 20:00:00,0.21258000000000002
Netherlands,NLD,2025-09-09 19:00:00,2025-09-09 21:00:00,0.13085
Netherlands,NLD,2025-09-09 20:00:00,2025-09-09 22:00:00,0.11370999999999999
Netherlands,NLD,2025-09-09 21:00:00,2025-09-09 23:00:00,0.106
Netherlands,NLD,2025-09-09 22:00:00,2025-09-10 00:00:00,0.10072
Netherlands,NLD,2025-09-09 23:00:00,2025-09-10 01:00:00,0.10116
Netherlands,NLD,2025-09-10 00:00:00,2025-09-10 02:00:00,0.09848
Netherlands,NLD,2025-09-10 01:00:00,2025-09-10 03:00:00,0.09917000000000001
Netherlands,NLD,2025-09-10 02:00:00,2025-09-10 04:00:00,0.10014
Netherlands,NLD,2025-09-10 03:00:00,2025-09-10 05:00:00,0.10764
Netherlands,NLD,2025-09-10 04:00:00,2025-09-10 06:00:00,0.12969
Netherlands,NLD,2025-09-10 05:00:00,2025-09-10 07:00:00,0.21764
Netherlands,NLD,2025-09-10 06:00:00,2025-09-10 08:00:00,0.16776
Netherlands,NLD,2025-09-10 07:00:00,2025-09-10 09:00:00,0.125
Netherlands,NLD,2025-09-10 08:00:00,2025-09-10 10:00:00,0.09547
Netherlands,NLD,2025-09-10 09:00:00,2025-09-10 11:00:00,0.08987
Netherlands,NLD,2025-09-10 10:00:00,2025-09-10 12:00:00,0.07812000000000001
Netherlands,NLD,2025-09-10 11:00:00,2025-09-10 13:00:00,0.07593000000000001
Netherlands,NLD,2025-09-10 12:00:00,2025-09-10 14:00:00,0.0746
Netherlands,NLD,2025-09-10 13:00:00,2025-09-10 15:00:00,0.07916
Netherlands,NLD,2025-09-10 14:00:00,2025-09-10 16:00:00,0.0917
Netherlands,NLD,2025-09-10 15:00:00,2025-09-10 17:00:00,0.12111
Netherlands,NLD,2025-09-10 16:00:00,2025-09-10 18:00:00,0.15259999999999999
Netherlands,NLD,2025-09-10 17:00:00,2025-09-10 19:00:00,0.23241
Netherlands,NLD,2025-09-10 18:00:00,2025-09-10 20:00:00,0.15691999999999998
Netherlands,NLD,2025-09-10 19:00:00,2025-09-10 21:00:00,0.10548
Netherlands,NLD,2025-09-10 20:00:00,2025-09-10 22:00:00,0.09178
Netherlands,NLD,2025-09-10 21:00:00,2025-09-10 23:00:00,0.0782
Netherlands,NLD,2025-09-10 22:00:00,2025-09-11 00:00:00,0.07911
Netherlands,NLD,2025-09-10 23:00:00,2025-09-11 01:00:00,0.07596
Netherlands,NLD,2025-09-11 00:00:00,2025-09-11 02:00:00,0.06836
Netherlands,NLD,2025-09-11 01:00:00,2025-09-11 03:00:00,0.06214
Netherlands,NLD,2025-09-11 02:00:00,2025-09-11 04:00:00,0.06203
Netherlands,NLD,2025-09-11 03:00:00,2025-09-11 05:00:00,0.07017
Netherlands,NLD,2025-09-11 04:00:00,2025-09-11 06:00:00,0.10259
Netherlands,NLD,2025-09-11 05:00:00,2025-09-11 07:00:00,0.10990000000000001
Netherlands,NLD,2025-09-11 06:00:00,2025-09-11 08:00:00,0.1182
Netherlands,NLD,2025-09-11 07:00:00,2025-09-11 09:00:00,0.09
Netherlands,NLD,2025-09-11 08:00:00,2025-09-11 10:00:00,0.0634
Netherlands,NLD,2025-09-11 09:00:00,2025-09-11 11:00:00,0.0038599999999999997
Netherlands,NLD,2025-09-11 10:00:00,2025-09-11 12:00:00,-0.00019
Netherlands,NLD,2025-09-11 11:00:00,2025-09-11 13:00:00,-7.000000000000001e-05
Netherlands,NLD,2025-09-11 12:00:00,2025-09-11 14:00:00,-0.00074
Netherlands,NLD,2025-09-11 13:00:00,2025-09-11 15:00:00,-1e-05
Netherlands,NLD,2025-09-11 14:00:00,2025-09-11 16:00:00,0.003
Netherlands,NLD,2025-09-11 15:00:00,2025-09-11 17:00:00,0.068
Netherlands,NLD,2025-09-11 16:00:00,2025-09-11 18:00:00,0.10937000000000001
Netherlands,NLD,2025-09-11 17:00:00,2025-09-11 19:00:00,0.12576
Netherlands,NLD,2025-09-11 18:00:00,2025-09-11 20:00:00,0.12175
Netherlands,NLD,2025-09-11 19:00:00,2025-09-11 21:00:00,0.10319
Netherlands,NLD,2025-09-11 20:00:00,2025-09-11 22:00:00,0.08120000000000001
Netherlands,NLD,2025-09-11 21:00:00,2025-09-11 23:00:00,0.05998
Netherlands,NLD,2025-09-11 22:00:00,2025-09-12 00:00:00,0.0242
Netherlands,NLD,2025-09-11 23:00:00,2025-09-12 01:00:00,0.02524
Netherlands,NLD,2025-09-12 00:00:00,2025-09-12 02:00:00,0.015189999999999999
Netherlands,NLD,2025-09-12 01:00:00,2025-09-12 03:00:00,0.011130000000000001
Netherlands,NLD,2025-09-12 02:00:00,2025-09-12 04:00:00,0.022
Netherlands,NLD,2025-09-12 03:00:00,2025-09-12 05:00:00,0.04182
Netherlands,NLD,2025-09-12 04:00:00,2025-09-12 06:00:00,0.07987999999999999
Netherlands,NLD,2025-09-12 05:00:00,2025-09-12 07:00:00,0.09029999999999999
Netherlands,NLD,2025-09-12 06:00:00,2025-09-12 08:00:00,0.09328
Netherlands,NLD,2025-09-12 07:00:00,2025-09-12 09:00:00,0.04442
Netherlands,NLD,2025-09-12 08:00:00,2025-09-12 10:00:00,-1e-05
Netherlands,NLD,2025-09-12 09:00:00,2025-09-12 11:00:00,-0.002
Netherlands,NLD,2025-09-12 10:00:00,2025-09-12 12:00:00,-0.00479
Netherlands,NLD,2025-09-12 11:00:00,2025-09-12 13:00:00,-0.00827
Netherlands,NLD,2025-09-12 12:00:00,2025-09-12 14:00:00,-0.00619
Netherlands,NLD,2025-09-12 13:00:00,2025-09-12 15:00:00,-0.004
Netherlands,NLD,2025-09-12 14:00:00,2025-09-12 16:00:00,-1e-05
Netherlands,NLD,2025-09-12 15:00:00,2025-09-12 17:00:00,0.05163
Netherlands,NLD,2025-09-12 16:00:00,2025-09-12 18:00:00,0.09948
Netherlands,NLD,2025-09-12 17:00:00,2025-09-12 19:00:00,0.14078
Netherlands,NLD,2025-09-12 18:00:00,2025-09-12 20:00:00,0.13945
Netherlands,NLD,2025-09-12 19:00:00,2025-09-12 21:00:00,0.10299
Netherlands,NLD,2025-09-12 20:00:00,2025-09-12 22:00:00,0.09484999999999999
Netherlands,NLD,2025-09-12 21:00:00,2025-09-12 23:00:00,0.08616
Netherlands,NLD,2025-09-12 22:00:00,2025-09-13 00:00:00,0.07506
Netherlands,NLD,2025-09-12 23:00:00,2025-09-13 01:00:00,0.06406
Netherlands,NLD,2025-09-13 00:00:00,2025-09-13 02:00:00,0.06423999999999999
Netherlands,NLD,2025-09-13 01:00:00,2025-09-13 03:00:00,0.06386
Netherlands,NLD,2025-09-13 02:00:00,2025-09-13 04:00:00,0.060829999999999995
Netherlands,NLD,2025-09-13 03:00:00,2025-09-13 05:00:00,0.06368
Netherlands,NLD,2025-09-13 04:00:00,2025-09-13 06:00:00,0.06504
Netherlands,NLD,2025-09-13 05:00:00,2025-09-13 07:00:00,0.06487000000000001
Netherlands,NLD,2025-09-13 06:00:00,2025-09-13 08:00:00,0.06379
Netherlands,NLD,2025-09-13 07:00:00,2025-09-13 09:00:00,0.04795
Netherlands,NLD,2025-09-13 08:00:00,2025-09-13 10:00:00,0.01367
Netherlands,NLD,2025-09-13 09:00:00,2025-09-13 11:00:00,0.00237
Netherlands,NLD,2025-09-13 10:00:00,2025-09-13 12:00:00,0.0
Netherlands,NLD,2025-09-13 11:00:00,2025-09-13 13:00:00,-1e-05
Netherlands,NLD,2025-09-13 12:00:00,2025-09-13 14:00:00,-1e-05
Netherlands,NLD,2025-09-13 13:00:00,2025-09-13 15:00:00,-1e-05
Netherlands,NLD,2025-09-13 14:00:00,2025-09-13 16:00:00,0.00233
Netherlands,NLD,2025-09-13 15:00:00,2025-09-13 17:00:00,0.06534999999999999
Netherlands,NLD,2025-09-13 16:00:00,2025-09-13 18:00:00,0.09751
Netherlands,NLD,2025-09-13 17:00:00,2025-09-13 19:00:00,0.10779000000000001
Netherlands,NLD,2025-09-13 18:00:00,2025-09-13 20:00:00,0.11198999999999999
Netherlands,NLD,2025-09-13 19:00:00,2025-09-13 21:00:00,0.10328
Netherlands,NLD,2025-09-13 20:00:00,2025-09-13 22:00:00,0.09015999999999999
Netherlands,NLD,2025-09-13 21:00:00,2025-09-13 23:00:00,0.08184000000000001
Netherlands,NLD,2025-09-13 22:00:00,2025-09-14 00:00:00,0.08148999999999999
Netherlands,NLD,2025-09-13 23:00:00,2025-09-14 01:00:00,0.06865
Netherlands,NLD,2025-09-14 00:00:00,2025-09-14 02:00:00,0.07482
Netherlands,NLD,2025-09-14 01:00:00,2025-09-14 03:00:00,0.07973000000000001
Netherlands,NLD,2025-09-14 02:00:00,2025-09-14 04:00:00,0.08629
Netherlands,NLD,2025-09-14 03:00:00,2025-09-14 05:00:00,0.0855
Netherlands,NLD,2025-09-14 04:00:00,2025-09-14 06:00:00,0.092
Netherlands,NLD,2025-09-14 05:00:00,2025-09-14 07:00:00,0.09689
Netherlands,NLD,2025-09-14 06:00:00,2025-09-14 08:00:00,0.09903
Netherlands,NLD,2025-09-14 07:00:00,2025-09-14 09:00:00,0.07612999999999999
Netherlands,NLD,2025-09-14 08:00:00,2025-09-14 10:00:00,0.054049999999999994
Netherlands,NLD,2025-09-14 09:00:00,2025-09-14 11:00:00,0.01753
Netherlands,NLD,2025-09-14 10:00:00,2025-09-14 12:00:00,0.00651
Netherlands,NLD,2025-09-14 11:00:00,2025-09-14 13:00:00,0.0
Netherlands,NLD,2025-09-14 12:00:00,2025-09-14 14:00:00,-1e-05
Netherlands,NLD,2025-09-14 13:00:00,2025-09-14 15:00:00,0.0
Netherlands,NLD,2025-09-14 14:00:00,2025-09-14 16:00:00,0.01743
Netherlands,NLD,2025-09-14 15:00:00,2025-09-14 17:00:00,0.08841
Netherlands,NLD,2025-09-14 16:00:00,2025-09-14 18:00:00,0.11589
Netherlands,NLD,2025-09-14 17:00:00,2025-09-14 19:00:00,0.13425
Netherlands,NLD,2025-09-14 18:00:00,2025-09-14 20:00:00,0.10405
Netherlands,NLD,2025-09-14 19:00:00,2025-09-14 21:00:00,0.08529
Netherlands,NLD,2025-09-14 20:00:00,2025-09-14 22:00:00,0.06842000000000001
Netherlands,NLD,2025-09-14 21:00:00,2025-09-14 23:00:00,0.01427
Netherlands,NLD,2025-09-14 22:00:00,2025-09-15 00:00:00,0.015619999999999998
Netherlands,NLD,2025-09-14 23:00:00,2025-09-15 01:00:00,0.00163
Netherlands,NLD,2025-09-15 00:00:00,2025-09-15 02:00:00,-0.0008100000000000001
Netherlands,NLD,2025-09-15 01:00:00,2025-09-15 03:00:00,-0.0015
Netherlands,NLD,2025-09-15 02:00:00,2025-09-15 04:00:00,-0.00204
Netherlands,NLD,2025-09-15 03:00:00,2025-09-15 05:00:00,-0.00099
Netherlands,NLD,2025-09-15 04:00:00,2025-09-15 06:00:00,0.019690000000000003
Netherlands,NLD,2025-09-15 05:00:00,2025-09-15 07:00:00,0.05
Netherlands,NLD,2025-09-15 06:00:00,2025-09-15 08:00:00,0.03875
Netherlands,NLD,2025-09-15 07:00:00,2025-09-15 09:00:00,0.0009
Netherlands,NLD,2025-09-15 08:00:00,2025-09-15 10:00:00,-0.00029
Netherlands,NLD,2025-09-15 09:00:00,2025-09-15 11:00:00,-0.00244
Netherlands,NLD,2025-09-15 10:00:00,2025-09-15 12:00:00,-0.006
Netherlands,NLD,2025-09-15 11:00:00,2025-09-15 13:00:00,-0.01065
Netherlands,NLD,2025-09-15 12:00:00,2025-09-15 14:00:00,-0.006
Netherlands,NLD,2025-09-15 13:00:00,2025-09-15 15:00:00,-0.006900000000000001
Netherlands,NLD,2025-09-15 14:00:00,2025-09-15 16:00:00,-0.00302
Netherlands,NLD,2025-09-15 15:00:00,2025-09-15 17:00:00,0.0009699999999999999
Netherlands,NLD,2025-09-15 16:00:00,2025-09-15 18:00:00,0.015
Netherlands,NLD,2025-09-15 17:00:00,2025-09-15 19:00:00,0.055450000000000006
Netherlands,NLD,2025-09-15 18:00:00,2025-09-15 20:00:00,0.05
Netherlands,NLD,2025-09-15 19:00:00,2025-09-15 21:00:00,0.0054800000000000005
Netherlands,NLD,2025-09-15 20:00:00,2025-09-15 22:00:00,0.0029100000000000003
Netherlands,NLD,2025-09-15 21:00:00,2025-09-15 23:00:00,5.9999999999999995e-05
Netherlands,NLD,2025-09-15 22:00:00,2025-09-16 00:00:00,-1e-05
Netherlands,NLD,2025-09-15 23:00:00,2025-09-16 01:00:00,-8.999999999999999e-05
Netherlands,NLD,2025-09-16 00:00:00,2025-09-16 02:00:00,-0.00023
Netherlands,NLD,2025-09-16 01:00:00,2025-09-16 03:00:00,-0.0010500000000000002
Netherlands,NLD,2025-09-16 02:00:00,2025-09-16 04:00:00,-0.00133
Netherlands,NLD,2025-09-16 03:00:00,2025-09-16 05:00:00,-1e-05
Netherlands,NLD,2025-09-16 04:00:00,2025-09-16 06:00:00,0.00233
Netherlands,NLD,2025-09-16 05:00:00,2025-09-16 07:00:00,0.01878
Netherlands,NLD,2025-09-16 06:00:00,2025-09-16 08:00:00,0.024
Netherlands,NLD,2025-09-16 07:00:00,2025-09-16 09:00:00,0.01
Netherlands,NLD,2025-09-16 08:00:00,2025-09-16 10:00:00,-1e-05
Netherlands,NLD,2025-09-16 09:00:00,2025-09-16 11:00:00,-0.0012
Netherlands,NLD,2025-09-16 10:00:00,2025-09-16 12:00:00,-0.00204
Netherlands,NLD,2025-09-16 11:00:00,2025-09-16 13:00:00,-0.0020299999999999997
Netherlands,NLD,2025-09-16 12:00:00,2025-09-16 14:00:00,-1e-05
Netherlands,NLD,2025-09-16 13:00:00,2025-09-16 15:00:00,-0.0015
Netherlands,NLD,2025-09-16 14:00:00,2025-09-16 16:00:00,-0.00149
Netherlands,NLD,2025-09-16 15:00:00,2025-09-16 17:00:00,0.00647
Netherlands,NLD,2025-09-16 16:00:00,2025-09-16 18:00:00,0.07403
Netherlands,NLD,2025-09-16 17:00:00,2025-09-16 19:00:00,0.12121
Netherlands,NLD,2025-09-16 18:00:00,2025-09-16 20:00:00,0.12079000000000001
Netherlands,NLD,2025-09-16 19:00:00,2025-09-16 21:00:00,0.09878
Netherlands,NLD,2025-09-16 20:00:00,2025-09-16 22:00:00,0.0901
Netherlands,NLD,2025-09-16 21:00:00,2025-09-16 23:00:00,0.09206
Netherlands,NLD,2025-09-16 22:00:00,2025-09-17 00:00:00,0.07478
Netherlands,NLD,2025-09-16 23:00:00,2025-09-17 01:00:00,0.06686
Netherlands,NLD,2025-09-17 00:00:00,2025-09-17 02:00:00,0.05214
Netherlands,NLD,2025-09-17 01:00:00,2025-09-17 03:00:00,0.053
Netherlands,NLD,2025-09-17 02:00:00,2025-09-17 04:00:00,0.0694
Netherlands,NLD,2025-09-17 03:00:00,2025-09-17 05:00:00,0.08126
Netherlands,NLD,2025-09-17 04:00:00,2025-09-17 06:00:00,0.0978
Netherlands,NLD,2025-09-17 05:00:00,2025-09-17 07:00:00,0.11875
Netherlands,NLD,2025-09-17 06:00:00,2025-09-17 08:00:00,0.11295999999999999
Netherlands,NLD,2025-09-17 07:00:00,2025-09-17 09:00:00,0.09988
Netherlands,NLD,2025-09-17 08:00:00,2025-09-17 10:00:00,0.09490000000000001
Netherlands,NLD,2025-09-17 09:00:00,2025-09-17 11:00:00,0.1
Netherlands,NLD,2025-09-17 10:00:00,2025-09-17 12:00:00,0.071
Netherlands,NLD,2025-09-17 11:00:00,2025-09-17 13:00:00,0.040100000000000004
Netherlands,NLD,2025-09-17 12:00:00,2025-09-17 14:00:00,0.025
Netherlands,NLD,2025-09-17 13:00:00,2025-09-17 15:00:00,0.0593
Netherlands,NLD,2025-09-17 14:00:00,2025-09-17 16:00:00,0.0714
Netherlands,NLD,2025-09-17 15:00:00,2025-09-17 17:00:00,0.10171
Netherlands,NLD,2025-09-17 16:00:00,2025-09-17 18:00:00,0.11775
Netherlands,NLD,2025-09-17 17:00:00,2025-09-17 19:00:00,0.11621
Netherlands,NLD,2025-09-17 18:00:00,2025-09-17 20:00:00,0.11079
Netherlands,NLD,2025-09-17 19:00:00,2025-09-17 21:00:00,0.09082
Netherlands,NLD,2025-09-17 20:00:00,2025-09-17 22:00:00,0.0865
Netherlands,NLD,2025-09-17 21:00:00,2025-09-17 23:00:00,0.07143000000000001
Netherlands,NLD,2025-09-17 22:00:00,2025-09-18 00:00:00,0.04969
Netherlands,NLD,2025-09-17 23:00:00,2025-09-18 01:00:00,0.04519
Netherlands,NLD,2025-09-18 00:00:00,2025-09-18 02:00:00,0.03688
Netherlands,NLD,2025-09-18 01:00:00,2025-09-18 03:00:00,0.03477
Netherlands,NLD,2025-09-18 02:00:00,2025-09-18 04:00:00,0.04368
Netherlands,NLD,2025-09-18 03:00:00,2025-09-18 05:00:00,0.06741
Netherlands,NLD,2025-09-18 04:00:00,2025-09-18 06:00:00,0.09615
Netherlands,NLD,2025-09-18 05:00:00,2025-09-18 07:00:00,0.11513
Netherlands,NLD,2025-09-18 06:00:00,2025-09-18 08:00:00,0.11045999999999999
Netherlands,NLD,2025-09-18 07:00:00,2025-09-18 09:00:00,0.08949
Netherlands,NLD,2025-09-18 08:00:00,2025-09-18 10:00:00,0.06386
Netherlands,NLD,2025-09-18 09:00:00,2025-09-18 11:00:00,0.00588
Netherlands,NLD,2025-09-18 10:00:00,2025-09-18 12:00:00,0.0002
Netherlands,NLD,2025-09-18 11:00:00,2025-09-18 13:00:00,0.0
Netherlands,NLD,2025-09-18 12:00:00,2025-09-18 14:00:00,0.0
Netherlands,NLD,2025-09-18 13:00:00,2025-09-18 15:00:00,0.0005200000000000001
Netherlands,NLD,2025-09-18 14:00:00,2025-09-18 16:00:00,0.01504
Netherlands,NLD,2025-09-18 15:00:00,2025-09-18 17:00:00,0.08084000000000001
Netherlands,NLD,2025-09-18 16:00:00,2025-09-18 18:00:00,0.11112000000000001
Netherlands,NLD,2025-09-18 17:00:00,2025-09-18 19:00:00,0.12576
Netherlands,NLD,2025-09-18 18:00:00,2025-09-18 20:00:00,0.1276
Netherlands,NLD,2025-09-18 19:00:00,2025-09-18 21:00:00,0.11
Netherlands,NLD,2025-09-18 20:00:00,2025-09-18 22:00:00,0.09836
Netherlands,NLD,2025-09-18 21:00:00,2025-09-18 23:00:00,0.0882
Netherlands,NLD,2025-09-18 22:00:00,2025-09-19 00:00:00,0.07409
Netherlands,NLD,2025-09-18 23:00:00,2025-09-19 01:00:00,0.07490000000000001
Netherlands,NLD,2025-09-19 00:00:00,2025-09-19 02:00:00,0.08
Netherlands,NLD,2025-09-19 01:00:00,2025-09-19 03:00:00,0.07797
Netherlands,NLD,2025-09-19 02:00:00,2025-09-19 04:00:00,0.07893
Netherlands,NLD,2025-09-19 03:00:00,2025-09-19 05:00:00,0.09339
Netherlands,NLD,2025-09-19 04:00:00,2025-09-19 06:00:00,0.11999
Netherlands,NLD,2025-09-19 05:00:00,2025-09-19 07:00:00,0.14943
Netherlands,NLD,2025-09-19 06:00:00,2025-09-19 08:00:00,0.12077
Netherlands,NLD,2025-09-19 07:00:00,2025-09-19 09:00:00,0.10696
Netherlands,NLD,2025-09-19 08:00:00,2025-09-19 10:00:00,0.051609999999999996
Netherlands,NLD,2025-09-19 09:00:00,2025-09-19 11:00:00,0.01302
Netherlands,NLD,2025-09-19 10:00:00,2025-09-19 12:00:00,0.00099
Netherlands,NLD,2025-09-19 11:00:00,2025-09-19 13:00:00,0.0
Netherlands,NLD,2025-09-19 12:00:00,2025-09-19 14:00:00,0.0
Netherlands,NLD,2025-09-19 13:00:00,2025-09-19 15:00:00,0.011970000000000001
Netherlands,NLD,2025-09-19 14:00:00,2025-09-19 16:00:00,0.06886
Netherlands,NLD,2025-09-19 15:00:00,2025-09-19 17:00:00,0.11337
Netherlands,NLD,2025-09-19 16:00:00,2025-09-19 18:00:00,0.2303
Netherlands,NLD,2025-09-19 17:00:00,2025-09-19 19:00:00,0.37371
Netherlands,NLD,2025-09-19 18:00:00,2025-09-19 20:00:00,0.16336
Netherlands,NLD,2025-09-19 19:00:00,2025-09-19 21:00:00,0.11005
Netherlands,NLD,2025-09-19 20:00:00,2025-09-19 22:00:00,0.0856
Netherlands,NLD,2025-09-19 21:00:00,2025-09-19 23:00:00,0.07901999999999999
Netherlands,NLD,2025-09-19 22:00:00,2025-09-20 00:00:00,0.07791
Netherlands,NLD,2025-09-19 23:00:00,2025-09-20 01:00:00,0.07791
Netherlands,NLD,2025-09-20 00:00:00,2025-09-20 02:00:00,0.07499
Netherlands,NLD,2025-09-20 01:00:00,2025-09-20 03:00:00,0.07479999999999999
Netherlands,NLD,2025-09-20 02:00:00,2025-09-20 04:00:00,0.07479000000000001
Netherlands,NLD,2025-09-20 03:00:00,2025-09-20 05:00:00,0.08020999999999999
Netherlands,NLD,2025-09-20 04:00:00,2025-09-20 06:00:00,0.08851
Netherlands,NLD,2025-09-20 05:00:00,2025-09-20 07:00:00,0.08697
Netherlands,NLD,2025-09-20 06:00:00,2025-09-20 08:00:00,0.07529000000000001
Netherlands,NLD,2025-09-20 07:00:00,2025-09-20 09:00:00,0.02494
Netherlands,NLD,2025-09-20 08:00:00,2025-09-20 10:00:00,0.00298
Netherlands,NLD,2025-09-20 09:00:00,2025-09-20 11:00:00,0.002
Netherlands,NLD,2025-09-20 10:00:00,2025-09-20 12:00:00,-0.00149
Netherlands,NLD,2025-09-20 11:00:00,2025-09-20 13:00:00,-5e-05
Netherlands,NLD,2025-09-20 12:00:00,2025-09-20 14:00:00,-0.00149
Netherlands,NLD,2025-09-20 13:00:00,2025-09-20 15:00:00,0.003
Netherlands,NLD,2025-09-20 14:00:00,2025-09-20 16:00:00,0.05036
Netherlands,NLD,2025-09-20 15:00:00,2025-09-20 17:00:00,0.08144
Netherlands,NLD,2025-09-20 16:00:00,2025-09-20 18:00:00,0.11391
Netherlands,NLD,2025-09-20 17:00:00,2025-09-20 19:00:00,0.12574
Netherlands,NLD,2025-09-20 18:00:00,2025-09-20 20:00:00,0.09431999999999999
Netherlands,NLD,2025-09-20 19:00:00,2025-09-20 21:00:00,0.07979
Netherlands,NLD,2025-09-20 20:00:00,2025-09-20 22:00:00,0.07006
Netherlands,NLD,2025-09-20 21:00:00,2025-09-20 23:00:00,0.04366
Netherlands,NLD,2025-09-20 22:00:00,2025-09-21 00:00:00,0.00842
Netherlands,NLD,2025-09-20 23:00:00,2025-09-21 01:00:00,0.00381
Netherlands,NLD,2025-09-21 00:00:00,2025-09-21 02:00:00,0.00349
Netherlands,NLD,2025-09-21 01:00:00,2025-09-21 03:00:00,0.0017
Netherlands,NLD,2025-09-21 02:00:00,2025-09-21 04:00:00,0.00211
Netherlands,NLD,2025-09-21 03:00:00,2025-09-21 05:00:00,0.00342
Netherlands,NLD,2025-09-21 04:00:00,2025-09-21 06:00:00,0.00441
Netherlands,NLD,2025-09-21 05:00:00,2025-09-21 07:00:00,0.00523
Netherlands,NLD,2025-09-21 06:00:00,2025-09-21 08:00:00,0.00325
Netherlands,NLD,2025-09-21 07:00:00,2025-09-21 09:00:00,0.00186
Netherlands,NLD,2025-09-21 08:00:00,2025-09-21 10:00:00,0.0
Netherlands,NLD,2025-09-21 09:00:00,2025-09-21 11:00:00,-1e-05
Netherlands,NLD,2025-09-21 10:00:00,2025-09-21 12:00:00,-1e-05
Netherlands,NLD,2025-09-21 11:00:00,2025-09-21 13:00:00,0.00227
Netherlands,NLD,2025-09-21 12:00:00,2025-09-21 14:00:00,0.00598
Netherlands,NLD,2025-09-21 13:00:00,2025-09-21 15:00:00,0.0008900000000000001
Netherlands,NLD,2025-09-21 14:00:00,2025-09-21 16:00:00,0.00949
Netherlands,NLD,2025-09-21 15:00:00,2025-09-21 17:00:00,0.09009
Netherlands,NLD,2025-09-21 16:00:00,2025-09-21 18:00:00,0.11
Netherlands,NLD,2025-09-21 17:00:00,2025-09-21 19:00:00,0.11609
Netherlands,NLD,2025-09-21 18:00:00,2025-09-21 20:00:00,0.11599
Netherlands,NLD,2025-09-21 19:00:00,2025-09-21 21:00:00,0.10181
Netherlands,NLD,2025-09-21 20:00:00,2025-09-21 22:00:00,0.09028
Netherlands,NLD,2025-09-21 21:00:00,2025-09-21 23:00:00,0.08726
Netherlands,NLD,2025-09-21 22:00:00,2025-09-22 00:00:00,0.086
Netherlands,NLD,2025-09-21 23:00:00,2025-09-22 01:00:00,0.07916
Netherlands,NLD,2025-09-22 00:00:00,2025-09-22 02:00:00,0.07265
Netherlands,NLD,2025-09-22 01:00:00,2025-09-22 03:00:00,0.0715
Netherlands,NLD,2025-09-22 02:00:00,2025-09-22 04:00:00,0.07353
Netherlands,NLD,2025-09-22 03:00:00,2025-09-22 05:00:00,0.08197
Netherlands,NLD,2025-09-22 04:00:00,2025-09-22 06:00:00,0.10546
Netherlands,NLD,2025-09-22 05:00:00,2025-09-22 07:00:00,0.13
Netherlands,NLD,2025-09-22 06:00:00,2025-09-22 08:00:00,0.13
Netherlands,NLD,2025-09-22 07:00:00,2025-09-22 09:00:00,0.09956999999999999
Netherlands,NLD,2025-09-22 08:00:00,2025-09-22 10:00:00,0.07845
Netherlands,NLD,2025-09-22 09:00:00,2025-09-22 11:00:00,0.06765
Netherlands,NLD,2025-09-22 10:00:00,2025-09-22 12:00:00,0.06406999999999999
Netherlands,NLD,2025-09-22 11:00:00,2025-09-22 13:00:00,0.0503
Netherlands,NLD,2025-09-22 12:00:00,2025-09-22 14:00:00,0.06168
Netherlands,NLD,2025-09-22 13:00:00,2025-09-22 15:00:00,0.06825
Netherlands,NLD,2025-09-22 14:00:00,2025-09-22 16:00:00,0.07293000000000001
Netherlands,NLD,2025-09-22 15:00:00,2025-09-22 17:00:00,0.08812
Netherlands,NLD,2025-09-22 16:00:00,2025-09-22 18:00:00,0.11945
Netherlands,NLD,2025-09-22 17:00:00,2025-09-22 19:00:00,0.15841999999999998
Netherlands,NLD,2025-09-22 18:00:00,2025-09-22 20:00:00,0.13443
Netherlands,NLD,2025-09-22 19:00:00,2025-09-22 21:00:00,0.11183
Netherlands,NLD,2025-09-22 20:00:00,2025-09-22 22:00:00,0.10464
Netherlands,NLD,2025-09-22 21:00:00,2025-09-22 23:00:00,0.09362000000000001
Netherlands,NLD,2025-09-22 22:00:00,2025-09-23 00:00:00,0.09040999999999999
Netherlands,NLD,2025-09-22 23:00:00,2025-09-23 01:00:00,0.09
Netherlands,NLD,2025-09-23 00:00:00,2025-09-23 02:00:00,0.09135
Netherlands,NLD,2025-09-23 01:00:00,2025-09-23 03:00:00,0.09139
Netherlands,NLD,2025-09-23 02:00:00,2025-09-23 04:00:00,0.09154999999999999
Netherlands,NLD,2025-09-23 03:00:00,2025-09-23 05:00:00,0.09476000000000001
Netherlands,NLD,2025-09-23 04:00:00,2025-09-23 06:00:00,0.12754000000000001
Netherlands,NLD,2025-09-23 05:00:00,2025-09-23 07:00:00,0.17236
Netherlands,NLD,2025-09-23 06:00:00,2025-09-23 08:00:00,0.17033
Netherlands,NLD,2025-09-23 07:00:00,2025-09-23 09:00:00,0.131
Netherlands,NLD,2025-09-23 08:00:00,2025-09-23 10:00:00,0.10235
Netherlands,NLD,2025-09-23 09:00:00,2025-09-23 11:00:00,0.07708
Netherlands,NLD,2025-09-23 10:00:00,2025-09-23 12:00:00,0.06921
Netherlands,NLD,2025-09-23 11:00:00,2025-09-23 13:00:00,0.06484999999999999
Netherlands,NLD,2025-09-23 12:00:00,2025-09-23 14:00:00,0.0649
Netherlands,NLD,2025-09-23 13:00:00,2025-09-23 15:00:00,0.07454000000000001
Netherlands,NLD,2025-09-23 14:00:00,2025-09-23 16:00:00,0.08576
Netherlands,NLD,2025-09-23 15:00:00,2025-09-23 17:00:00,0.1029
Netherlands,NLD,2025-09-23 16:00:00,2025-09-23 18:00:00,0.13683
Netherlands,NLD,2025-09-23 17:00:00,2025-09-23 19:00:00,0.15669
Netherlands,NLD,2025-09-23 18:00:00,2025-09-23 20:00:00,0.1174
Netherlands,NLD,2025-09-23 19:00:00,2025-09-23 21:00:00,0.09697
Netherlands,NLD,2025-09-23 20:00:00,2025-09-23 22:00:00,0.08359
Netherlands,NLD,2025-09-23 21:00:00,2025-09-23 23:00:00,0.08274
Netherlands,NLD,2025-09-23 22:00:00,2025-09-24 00:00:00,0.08208
Netherlands,NLD,2025-09-23 23:00:00,2025-09-24 01:00:00,0.08031999999999999
Netherlands,NLD,2025-09-24 00:00:00,2025-09-24 02:00:00,0.08009999999999999
Netherlands,NLD,2025-09-24 01:00:00,2025-09-24 03:00:00,0.08009999999999999
Netherlands,NLD,2025-09-24 02:00:00,2025-09-24 04:00:00,0.07768000000000001
Netherlands,NLD,2025-09-24 03:00:00,2025-09-24 05:00:00,0.07499
Netherlands,NLD,2025-09-24 04:00:00,2025-09-24 06:00:00,0.09373999999999999
Netherlands,NLD,2025-09-24 05:00:00,2025-09-24 07:00:00,0.10912999999999999
Netherlands,NLD,2025-09-24 06:00:00,2025-09-24 08:00:00,0.12045
Netherlands,NLD,2025-09-24 07:00:00,2025-09-24 09:00:00,0.10075
Netherlands,NLD,2025-09-24 08:00:00,2025-09-24 10:00:00,0.07626999999999999
Netherlands,NLD,2025-09-24 09:00:00,2025-09-24 11:00:00,0.06302
Netherlands,NLD,2025-09-24 10:00:00,2025-09-24 12:00:00,0.01764
Netherlands,NLD,2025-09-24 11:00:00,2025-09-24 13:00:00,0.0
Netherlands,NLD,2025-09-24 12:00:00,2025-09-24 14:00:00,-1e-05
Netherlands,NLD,2025-09-24 13:00:00,2025-09-24 15:00:00,0.011869999999999999
Netherlands,NLD,2025-09-24 14:00:00,2025-09-24 16:00:00,0.05803
Netherlands,NLD,2025-09-24 15:00:00,2025-09-24 17:00:00,0.08518
Netherlands,NLD,2025-09-24 16:00:00,2025-09-24 18:00:00,0.11
Netherlands,NLD,2025-09-24 17:00:00,2025-09-24 19:00:00,0.11409
Netherlands,NLD,2025-09-24 18:00:00,2025-09-24 20:00:00,0.11691
Netherlands,NLD,2025-09-24 19:00:00,2025-09-24 21:00:00,0.09182
Netherlands,NLD,2025-09-24 20:00:00,2025-09-24 22:00:00,0.08565
Netherlands,NLD,2025-09-24 21:00:00,2025-09-24 23:00:00,0.06977
Netherlands,NLD,2025-09-24 22:00:00,2025-09-25 00:00:00,0.0728
Netherlands,NLD,2025-09-24 23:00:00,2025-09-25 01:00:00,0.06788
Netherlands,NLD,2025-09-25 00:00:00,2025-09-25 02:00:00,0.07041
Netherlands,NLD,2025-09-25 01:00:00,2025-09-25 03:00:00,0.07318999999999999
Netherlands,NLD,2025-09-25 02:00:00,2025-09-25 04:00:00,0.07476000000000001
Netherlands,NLD,2025-09-25 03:00:00,2025-09-25 05:00:00,0.07558
Netherlands,NLD,2025-09-25 04:00:00,2025-09-25 06:00:00,0.09795000000000001
Netherlands,NLD,2025-09-25 05:00:00,2025-09-25 07:00:00,0.11125
Netherlands,NLD,2025-09-25 06:00:00,2025-09-25 08:00:00,0.12487999999999999
Netherlands,NLD,2025-09-25 07:00:00,2025-09-25 09:00:00,0.10402
Netherlands,NLD,2025-09-25 08:00:00,2025-09-25 10:00:00,0.07662999999999999
Netherlands,NLD,2025-09-25 09:00:00,2025-09-25 11:00:00,0.01
Netherlands,NLD,2025-09-25 10:00:00,2025-09-25 12:00:00,-0.00204
Netherlands,NLD,2025-09-25 11:00:00,2025-09-25 13:00:00,0.01
Netherlands,NLD,2025-09-25 12:00:00,2025-09-25 14:00:00,0.01542
Netherlands,NLD,2025-09-25 13:00:00,2025-09-25 15:00:00,0.04096
Netherlands,NLD,2025-09-25 14:00:00,2025-09-25 16:00:00,0.06806999999999999
Netherlands,NLD,2025-09-25 15:00:00,2025-09-25 17:00:00,0.08483
Netherlands,NLD,2025-09-25 16:00:00,2025-09-25 18:00:00,0.11405
Netherlands,NLD,2025-09-25 17:00:00,2025-09-25 19:00:00,0.12093000000000001
Netherlands,NLD,2025-09-25 18:00:00,2025-09-25 20:00:00,0.12428
Netherlands,NLD,2025-09-25 19:00:00,2025-09-25 21:00:00,0.10712
Netherlands,NLD,2025-09-25 20:00:00,2025-09-25 22:00:00,0.09751
Netherlands,NLD,2025-09-25 21:00:00,2025-09-25 23:00:00,0.08109000000000001
Netherlands,NLD,2025-09-25 22:00:00,2025-09-26 00:00:00,0.07848000000000001
Netherlands,NLD,2025-09-25 23:00:00,2025-09-26 01:00:00,0.07458
Netherlands,NLD,2025-09-26 00:00:00,2025-09-26 02:00:00,0.07318000000000001
Netherlands,NLD,2025-09-26 01:00:00,2025-09-26 03:00:00,0.07318000000000001
Netherlands,NLD,2025-09-26 02:00:00,2025-09-26 04:00:00,0.07415000000000001
Netherlands,NLD,2025-09-26 03:00:00,2025-09-26 05:00:00,0.08052
Netherlands,NLD,2025-09-26 04:00:00,2025-09-26 06:00:00,0.10201
Netherlands,NLD,2025-09-26 05:00:00,2025-09-26 07:00:00,0.1171
Netherlands,NLD,2025-09-26 06:00:00,2025-09-26 08:00:00,0.12356
Netherlands,NLD,2025-09-26 07:00:00,2025-09-26 09:00:00,0.11145000000000001
Netherlands,NLD,2025-09-26 08:00:00,2025-09-26 10:00:00,0.08990000000000001
Netherlands,NLD,2025-09-26 09:00:00,2025-09-26 11:00:00,0.08528
Netherlands,NLD,2025-09-26 10:00:00,2025-09-26 12:00:00,0.07925
Netherlands,NLD,2025-09-26 11:00:00,2025-09-26 13:00:00,0.07359
Netherlands,NLD,2025-09-26 12:00:00,2025-09-26 14:00:00,0.07471
Netherlands,NLD,2025-09-26 13:00:00,2025-09-26 15:00:00,0.08413
Netherlands,NLD,2025-09-26 14:00:00,2025-09-26 16:00:00,0.09384
Netherlands,NLD,2025-09-26 15:00:00,2025-09-26 17:00:00,0.10362
Netherlands,NLD,2025-09-26 16:00:00,2025-09-26 18:00:00,0.12056
Netherlands,NLD,2025-09-26 17:00:00,2025-09-26 19:00:00,0.13279
Netherlands,NLD,2025-09-26 18:00:00,2025-09-26 20:00:00,0.11961
Netherlands,NLD,2025-09-26 19:00:00,2025-09-26 21:00:00,0.10621
Netherlands,NLD,2025-09-26 20:00:00,2025-09-26 22:00:00,0.0969
Netherlands,NLD,2025-09-26 21:00:00,2025-09-26 23:00:00,0.08990000000000001
Netherlands,NLD,2025-09-26 22:00:00,2025-09-27 00:00:00,0.0848
Netherlands,NLD,2025-09-26 23:00:00,2025-09-27 01:00:00,0.08326
Netherlands,NLD,2025-09-27 00:00:00,2025-09-27 02:00:00,0.08
Netherlands,NLD,2025-09-27 01:00:00,2025-09-27 03:00:00,0.08
Netherlands,NLD,2025-09-27 02:00:00,2025-09-27 04:00:00,0.07811
Netherlands,NLD,2025-09-27 03:00:00,2025-09-27 05:00:00,0.08162
Netherlands,NLD,2025-09-27 04:00:00,2025-09-27 06:00:00,0.08801
Netherlands,NLD,2025-09-27 05:00:00,2025-09-27 07:00:00,0.10099
Netherlands,NLD,2025-09-27 06:00:00,2025-09-27 08:00:00,0.10654000000000001
Netherlands,NLD,2025-09-27 07:00:00,2025-09-27 09:00:00,0.09444
Netherlands,NLD,2025-09-27 08:00:00,2025-09-27 10:00:00,0.08705
Netherlands,NLD,2025-09-27 09:00:00,2025-09-27 11:00:00,0.06567
Netherlands,NLD,2025-09-27 10:00:00,2025-09-27 12:00:00,0.052590000000000005
Netherlands,NLD,2025-09-27 11:00:00,2025-09-27 13:00:00,0.0324
Netherlands,NLD,2025-09-27 12:00:00,2025-09-27 14:00:00,0.04226
Netherlands,NLD,2025-09-27 13:00:00,2025-09-27 15:00:00,0.06709999999999999
Netherlands,NLD,2025-09-27 14:00:00,2025-09-27 16:00:00,0.07928
Netherlands,NLD,2025-09-27 15:00:00,2025-09-27 17:00:00,0.1028
Netherlands,NLD,2025-09-27 16:00:00,2025-09-27 18:00:00,0.13
Netherlands,NLD,2025-09-27 17:00:00,2025-09-27 19:00:00,0.14592
Netherlands,NLD,2025-09-27 18:00:00,2025-09-27 20:00:00,0.11915
Netherlands,NLD,2025-09-27 19:00:00,2025-09-27 21:00:00,0.10973999999999999
Netherlands,NLD,2025-09-27 20:00:00,2025-09-27 22:00:00,0.10464
Netherlands,NLD,2025-09-27 21:00:00,2025-09-27 23:00:00,0.09652
Netherlands,NLD,2025-09-27 22:00:00,2025-09-28 00:00:00,0.09167
Netherlands,NLD,2025-09-27 23:00:00,2025-09-28 01:00:00,0.08929000000000001
Netherlands,NLD,2025-09-28 00:00:00,2025-09-28 02:00:00,0.08962
Netherlands,NLD,2025-09-28 01:00:00,2025-09-28 03:00:00,0.09147
Netherlands,NLD,2025-09-28 02:00:00,2025-09-28 04:00:00,0.0906
Netherlands,NLD,2025-09-28 03:00:00,2025-09-28 05:00:00,0.09228
Netherlands,NLD,2025-09-28 04:00:00,2025-09-28 06:00:00,0.10091
Netherlands,NLD,2025-09-28 05:00:00,2025-09-28 07:00:00,0.09948
Netherlands,NLD,2025-09-28 06:00:00,2025-09-28 08:00:00,0.09393000000000001
Netherlands,NLD,2025-09-28 07:00:00,2025-09-28 09:00:00,0.08990000000000001
Netherlands,NLD,2025-09-28 08:00:00,2025-09-28 10:00:00,0.07412
Netherlands,NLD,2025-09-28 09:00:00,2025-09-28 11:00:00,0.03615
Netherlands,NLD,2025-09-28 10:00:00,2025-09-28 12:00:00,0.01711
Netherlands,NLD,2025-09-28 11:00:00,2025-09-28 13:00:00,0.00853
Netherlands,NLD,2025-09-28 12:00:00,2025-09-28 14:00:00,0.013
Netherlands,NLD,2025-09-28 13:00:00,2025-09-28 15:00:00,0.05404
Netherlands,NLD,2025-09-28 14:00:00,2025-09-28 16:00:00,0.07568000000000001
Netherlands,NLD,2025-09-28 15:00:00,2025-09-28 17:00:00,0.09466
Netherlands,NLD,2025-09-28 16:00:00,2025-09-28 18:00:00,0.12807
Netherlands,NLD,2025-09-28 17:00:00,2025-09-28 19:00:00,0.139
Netherlands,NLD,2025-09-28 18:00:00,2025-09-28 20:00:00,0.12593000000000001
Netherlands,NLD,2025-09-28 19:00:00,2025-09-28 21:00:00,0.11351
Netherlands,NLD,2025-09-28 20:00:00,2025-09-28 22:00:00,0.09817000000000001
Netherlands,NLD,2025-09-28 21:00:00,2025-09-28 23:00:00,0.08979000000000001
Netherlands,NLD,2025-09-28 22:00:00,2025-09-29 00:00:00,0.08493
Netherlands,NLD,2025-09-28 23:00:00,2025-09-29 01:00:00,0.08233
Netherlands,NLD,2025-09-29 00:00:00,2025-09-29 02:00:00,0.08095999999999999
Netherlands,NLD,2025-09-29 01:00:00,2025-09-29 03:00:00,0.08065
Netherlands,NLD,2025-09-29 02:00:00,2025-09-29 04:00:00,0.08278
Netherlands,NLD,2025-09-29 03:00:00,2025-09-29 05:00:00,0.092
Netherlands,NLD,2025-09-29 04:00:00,2025-09-29 06:00:00,0.11789
Netherlands,NLD,2025-09-29 05:00:00,2025-09-29 07:00:00,0.19351
Netherlands,NLD,2025-09-29 06:00:00,2025-09-29 08:00:00,0.16043000000000002
Netherlands,NLD,2025-09-29 07:00:00,2025-09-29 09:00:00,0.12108
Netherlands,NLD,2025-09-29 08:00:00,2025-09-29 10:00:00,0.08618
Netherlands,NLD,2025-09-29 09:00:00,2025-09-29 11:00:00,0.07884000000000001
Netherlands,NLD,2025-09-29 10:00:00,2025-09-29 12:00:00,0.07326
Netherlands,NLD,2025-09-29 11:00:00,2025-09-29 13:00:00,0.07075
Netherlands,NLD,2025-09-29 12:00:00,2025-09-29 14:00:00,0.07457
Netherlands,NLD,2025-09-29 13:00:00,2025-09-29 15:00:00,0.07923000000000001
Netherlands,NLD,2025-09-29 14:00:00,2025-09-29 16:00:00,0.088
Netherlands,NLD,2025-09-29 15:00:00,2025-09-29 17:00:00,0.125
Netherlands,NLD,2025-09-29 16:00:00,2025-09-29 18:00:00,0.263
Netherlands,NLD,2025-09-29 17:00:00,2025-09-29 19:00:00,0.35364999999999996
Netherlands,NLD,2025-09-29 18:00:00,2025-09-29 20:00:00,0.16424
Netherlands,NLD,2025-09-29 19:00:00,2025-09-29 21:00:00,0.11761
Netherlands,NLD,2025-09-29 20:00:00,2025-09-29 22:00:00,0.1038
Netherlands,NLD,2025-09-29 21:00:00,2025-09-29 23:00:00,0.09273999999999999
Netherlands,NLD,2025-09-29 22:00:00,2025-09-30 00:00:00,0.09537000000000001
Netherlands,NLD,2025-09-29 23:00:00,2025-09-30 01:00:00,0.09136
Netherlands,NLD,2025-09-30 00:00:00,2025-09-30 02:00:00,0.09257
Netherlands,NLD,2025-09-30 01:00:00,2025-09-30 03:00:00,0.08718000000000001
Netherlands,NLD,2025-09-30 02:00:00,2025-09-30 04:00:00,0.08901
Netherlands,NLD,2025-09-30 03:00:00,2025-09-30 05:00:00,0.09659999999999999
Netherlands,NLD,2025-09-30 04:00:00,2025-09-30 06:00:00,0.12738
Netherlands,NLD,2025-09-30 05:00:00,2025-09-30 07:00:00,0.21606
Netherlands,NLD,2025-09-30 06:00:00,2025-09-30 08:00:00,0.19251
Netherlands,NLD,2025-09-30 07:00:00,2025-09-30 09:00:00,0.13582
Netherlands,NLD,2025-09-30 08:00:00,2025-09-30 10:00:00,0.10744
Netherlands,NLD,2025-09-30 09:00:00,2025-09-30 11:00:00,0.08757
Netherlands,NLD,2025-09-30 10:00:00,2025-09-30 12:00:00,0.07922
Netherlands,NLD,2025-09-30 11:00:00,2025-09-30 13:00:00,0.07712999999999999
Netherlands,NLD,2025-09-30 12:00:00,2025-09-30 14:00:00,0.07615000000000001
Netherlands,NLD,2025-09-30 13:00:00,2025-09-30 15:00:00,0.086
Netherlands,NLD,2025-09-30 14:00:00,2025-09-30 16:00:00,0.09240000000000001
Netherlands,NLD,2025-09-30 15:00:00,2025-09-30 17:00:00,0.12401999999999999
Netherlands,NLD,2025-09-30 16:00:00,2025-09-30 18:00:00,0.25496
Netherlands,NLD,2025-09-30 17:00:00,2025-09-30 19:00:00,0.312
Netherlands,NLD,2025-09-30 18:00:00,2025-09-30 20:00:00,0.13956
Netherlands,NLD,2025-09-30 19:00:00,2025-09-30 21:00:00,0.11
Netherlands,NLD,2025-09-30 20:00:00,2025-09-30 22:00:00,0.098
Netherlands,NLD,2025-09-30 21:00:00,2025-09-30 23:00:00,0.09
Netherlands,NLD,2025-09-30 22:00:00,2025-10-01 00:00:00,0.08982
Netherlands,NLD,2025-09-30 23:00:00,2025-10-01 01:00:00,0.08493
Netherlands,NLD,2025-10-01 00:00:00,2025-10-01 02:00:00,0.07931
Netherlands,NLD,2025-10-01 01:00:00,2025-10-01 03:00:00,0.07953
Netherlands,NLD,2025-10-01 02:00:00,2025-10-01 04:00:00,0.08117
Netherlands,NLD,2025-10-01 03:00:00,2025-10-01 05:00:00,0.08535
Netherlands,NLD,2025-10-01 04:00:00,2025-10-01 06:00:00,0.1158
Netherlands,NLD,2025-10-01 05:00:00,2025-10-01 07:00:00,0.16438
Netherlands,NLD,2025-10-01 06:00:00,2025-10-01 08:00:00,0.13842
Netherlands,NLD,2025-10-01 07:00:00,2025-10-01 09:00:00,0.10436
Netherlands,NLD,2025-10-01 08:00:00,2025-10-01 10:00:00,0.08348
Netherlands,NLD,2025-10-01 09:00:00,2025-10-01 11:00:00,0.06634000000000001
Netherlands,NLD,2025-10-01 10:00:00,2025-10-01 12:00:00,0.0586
Netherlands,NLD,2025-10-01 11:00:00,2025-10-01 13:00:00,0.05927
Netherlands,NLD,2025-10-01 12:00:00,2025-10-01 14:00:00,0.06282
Netherlands,NLD,2025-10-01 13:00:00,2025-10-01 15:00:00,0.07259
Netherlands,NLD,2025-10-01 14:00:00,2025-10-01 16:00:00,0.085
Netherlands,NLD,2025-10-01 15:00:00,2025-10-01 17:00:00,0.1281
Netherlands,NLD,2025-10-01 16:00:00,2025-10-01 18:00:00,0.25013
Netherlands,NLD,2025-10-01 17:00:00,2025-10-01 19:00:00,0.33999
Netherlands,NLD,2025-10-01 18:00:00,2025-10-01 20:00:00,0.15
Netherlands,NLD,2025-10-01 19:00:00,2025-10-01 21:00:00,0.10676999999999999
Netherlands,NLD,2025-10-01 20:00:00,2025-10-01 22:00:00,0.09720000000000001
Netherlands,NLD,2025-10-01 21:00:00,2025-10-01 23:00:00,0.08888
Netherlands,NLD,2025-10-01 22:00:00,2025-10-02 00:00:00,0.08746
Netherlands,NLD,2025-10-01 23:00:00,2025-10-02 01:00:00,0.08481999999999999
Netherlands,NLD,2025-10-02 00:00:00,2025-10-02 02:00:00,0.08134999999999999
Netherlands,NLD,2025-10-02 01:00:00,2025-10-02 03:00:00,0.07958
Netherlands,NLD,2025-10-02 02:00:00,2025-10-02 04:00:00,0.08294
Netherlands,NLD,2025-10-02 03:00:00,2025-10-02 05:00:00,0.09137999999999999
Netherlands,NLD,2025-10-02 04:00:00,2025-10-02 06:00:00,0.11676
Netherlands,NLD,2025-10-02 05:00:00,2025-10-02 07:00:00,0.14968
Netherlands,NLD,2025-10-02 06:00:00,2025-10-02 08:00:00,0.13221
Netherlands,NLD,2025-10-02 07:00:00,2025-10-02 09:00:00,0.09956
Netherlands,NLD,2025-10-02 08:00:00,2025-10-02 10:00:00,0.08824
Netherlands,NLD,2025-10-02 09:00:00,2025-10-02 11:00:00,0.07927
Netherlands,NLD,2025-10-02 10:00:00,2025-10-02 12:00:00,0.06484000000000001
Netherlands,NLD,2025-10-02 11:00:00,2025-10-02 13:00:00,0.056100000000000004
Netherlands,NLD,2025-10-02 12:00:00,2025-10-02 14:00:00,0.06324
Netherlands,NLD,2025-10-02 13:00:00,2025-10-02 15:00:00,0.0715
Netherlands,NLD,2025-10-02 14:00:00,2025-10-02 16:00:00,0.0828
Netherlands,NLD,2025-10-02 15:00:00,2025-10-02 17:00:00,0.10682
Netherlands,NLD,2025-10-02 16:00:00,2025-10-02 18:00:00,0.15549000000000002
Netherlands,NLD,2025-10-02 17:00:00,2025-10-02 19:00:00,0.16440000000000002
Netherlands,NLD,2025-10-02 18:00:00,2025-10-02 20:00:00,0.10502
Netherlands,NLD,2025-10-02 19:00:00,2025-10-02 21:00:00,0.08467
Netherlands,NLD,2025-10-02 20:00:00,2025-10-02 22:00:00,0.08794
Netherlands,NLD,2025-10-02 21:00:00,2025-10-02 23:00:00,0.07232
Netherlands,NLD,2025-10-02 22:00:00,2025-10-03 00:00:00,0.07567
Netherlands,NLD,2025-10-02 23:00:00,2025-10-03 01:00:00,0.06864
Netherlands,NLD,2025-10-03 00:00:00,2025-10-03 02:00:00,0.0624
Netherlands,NLD,2025-10-03 01:00:00,2025-10-03 03:00:00,0.0658
Netherlands,NLD,2025-10-03 02:00:00,2025-10-03 04:00:00,0.06764
Netherlands,NLD,2025-10-03 03:00:00,2025-10-03 05:00:00,0.06766
Netherlands,NLD,2025-10-03 04:00:00,2025-10-03 06:00:00,0.08485
Netherlands,NLD,2025-10-03 05:00:00,2025-10-03 07:00:00,0.0968
Netherlands,NLD,2025-10-03 06:00:00,2025-10-03 08:00:00,0.10386
Netherlands,NLD,2025-10-03 07:00:00,2025-10-03 09:00:00,0.10399
Netherlands,NLD,2025-10-03 08:00:00,2025-10-03 10:00:00,0.0999
Netherlands,NLD,2025-10-03 09:00:00,2025-10-03 11:00:00,0.085
Netherlands,NLD,2025-10-03 10:00:00,2025-10-03 12:00:00,0.07831
Netherlands,NLD,2025-10-03 11:00:00,2025-10-03 13:00:00,0.0711
Netherlands,NLD,2025-10-03 12:00:00,2025-10-03 14:00:00,0.04987
Netherlands,NLD,2025-10-03 13:00:00,2025-10-03 15:00:00,0.0526
Netherlands,NLD,2025-10-03 14:00:00,2025-10-03 16:00:00,0.06308
Netherlands,NLD,2025-10-03 15:00:00,2025-10-03 17:00:00,0.0849
Netherlands,NLD,2025-10-03 16:00:00,2025-10-03 18:00:00,0.11
Netherlands,NLD,2025-10-03 17:00:00,2025-10-03 19:00:00,0.0998
Netherlands,NLD,2025-10-03 18:00:00,2025-10-03 20:00:00,0.07023
Netherlands,NLD,2025-10-03 19:00:00,2025-10-03 21:00:00,0.04144
Netherlands,NLD,2025-10-03 20:00:00,2025-10-03 22:00:00,0.02318
Netherlands,NLD,2025-10-03 21:00:00,2025-10-03 23:00:00,0.00976
Netherlands,NLD,2025-10-03 22:00:00,2025-10-04 00:00:00,-0.00022
Netherlands,NLD,2025-10-03 23:00:00,2025-10-04 01:00:00,-0.00279
Netherlands,NLD,2025-10-04 00:00:00,2025-10-04 02:00:00,-0.00395
Netherlands,NLD,2025-10-04 01:00:00,2025-10-04 03:00:00,-0.00437
Netherlands,NLD,2025-10-04 02:00:00,2025-10-04 04:00:00,-0.00404
Netherlands,NLD,2025-10-04 03:00:00,2025-10-04 05:00:00,-0.00423
Netherlands,NLD,2025-10-04 04:00:00,2025-10-04 06:00:00,-0.0038399999999999997
Netherlands,NLD,2025-10-04 05:00:00,2025-10-04 07:00:00,-0.00222
Netherlands,NLD,2025-10-04 06:00:00,2025-10-04 08:00:00,-0.0008
Netherlands,NLD,2025-10-04 07:00:00,2025-10-04 09:00:00,0.00198
Netherlands,NLD,2025-10-04 08:00:00,2025-10-04 10:00:00,0.0011799999999999998
Netherlands,NLD,2025-10-04 09:00:00,2025-10-04 11:00:00,-4e-05
Netherlands,NLD,2025-10-04 10:00:00,2025-10-04 12:00:00,-7.000000000000001e-05
Netherlands,NLD,2025-10-04 11:00:00,2025-10-04 13:00:00,-0.00039
Netherlands,NLD,2025-10-04 12:00:00,2025-10-04 14:00:00,-0.00414
Netherlands,NLD,2025-10-04 13:00:00,2025-10-04 15:00:00,-0.00461
Netherlands,NLD,2025-10-04 14:00:00,2025-10-04 16:00:00,-0.0022400000000000002
Netherlands,NLD,2025-10-04 15:00:00,2025-10-04 17:00:00,-4e-05
Netherlands,NLD,2025-10-04 16:00:00,2025-10-04 18:00:00,0.00121
Netherlands,NLD,2025-10-04 17:00:00,2025-10-04 19:00:00,0.005809999999999999
Netherlands,NLD,2025-10-04 18:00:00,2025-10-04 20:00:00,0.00183
Netherlands,NLD,2025-10-04 19:00:00,2025-10-04 21:00:00,-1e-05
Netherlands,NLD,2025-10-04 20:00:00,2025-10-04 22:00:00,-1e-05
Netherlands,NLD,2025-10-04 21:00:00,2025-10-04 23:00:00,-0.0005200000000000001
Netherlands,NLD,2025-10-04 22:00:00,2025-10-05 00:00:00,-0.00066
Netherlands,NLD,2025-10-04 23:00:00,2025-10-05 01:00:00,-0.00138
Netherlands,NLD,2025-10-05 00:00:00,2025-10-05 02:00:00,-0.004059999999999999
Netherlands,NLD,2025-10-05 01:00:00,2025-10-05 03:00:00,-0.00408
Netherlands,NLD,2025-10-05 02:00:00,2025-10-05 04:00:00,-0.00484
Netherlands,NLD,2025-10-05 03:00:00,2025-10-05 05:00:00,-0.00405
Netherlands,NLD,2025-10-05 04:00:00,2025-10-05 06:00:00,-0.00375
Netherlands,NLD,2025-10-05 05:00:00,2025-10-05 07:00:00,-0.0015
Netherlands,NLD,2025-10-05 06:00:00,2025-10-05 08:00:00,-8.999999999999999e-05
Netherlands,NLD,2025-10-05 07:00:00,2025-10-05 09:00:00,-0.00134
Netherlands,NLD,2025-10-05 08:00:00,2025-10-05 10:00:00,-0.00368
Netherlands,NLD,2025-10-05 09:00:00,2025-10-05 11:00:00,-0.00202
Netherlands,NLD,2025-10-05 10:00:00,2025-10-05 12:00:00,-0.00349
Netherlands,NLD,2025-10-05 11:00:00,2025-10-05 13:00:00,-0.00323
Netherlands,NLD,2025-10-05 12:00:00,2025-10-05 14:00:00,-0.0028599999999999997
Netherlands,NLD,2025-10-05 13:00:00,2025-10-05 15:00:00,-0.0024
Netherlands,NLD,2025-10-05 14:00:00,2025-10-05 16:00:00,-0.00069
Netherlands,NLD,2025-10-05 15:00:00,2025-10-05 17:00:00,0.00214
Netherlands,NLD,2025-10-05 16:00:00,2025-10-05 18:00:00,0.01704
Netherlands,NLD,2025-10-05 17:00:00,2025-10-05 19:00:00,0.04
Netherlands,NLD,2025-10-05 18:00:00,2025-10-05 20:00:00,0.04999
Netherlands,NLD,2025-10-05 19:00:00,2025-10-05 21:00:00,0.04776
Netherlands,NLD,2025-10-05 20:00:00,2025-10-05 22:00:00,0.0399
Netherlands,NLD,2025-10-05 21:00:00,2025-10-05 23:00:00,0.027379999999999998
Netherlands,NLD,2025-10-05 22:00:00,2025-10-06 00:00:00,0.021
Netherlands,NLD,2025-10-05 23:00:00,2025-10-06 01:00:00,0.01094
Netherlands,NLD,2025-10-06 00:00:00,2025-10-06 02:00:00,0.00968
Netherlands,NLD,2025-10-06 01:00:00,2025-10-06 03:00:00,0.011
Netherlands,NLD,2025-10-06 02:00:00,2025-10-06 04:00:00,0.01669
Netherlands,NLD,2025-10-06 03:00:00,2025-10-06 05:00:00,0.02252
Netherlands,NLD,2025-10-06 04:00:00,2025-10-06 06:00:00,0.06968
Netherlands,NLD,2025-10-06 05:00:00,2025-10-06 07:00:00,0.10719
Netherlands,NLD,2025-10-06 06:00:00,2025-10-06 08:00:00,0.12244
Netherlands,NLD,2025-10-06 07:00:00,2025-10-06 09:00:00,0.11965
Netherlands,NLD,2025-10-06 08:00:00,2025-10-06 10:00:00,0.09726
Netherlands,NLD,2025-10-06 09:00:00,2025-10-06 11:00:00,0.08472
Netherlands,NLD,2025-10-06 10:00:00,2025-10-06 12:00:00,0.08283
Netherlands,NLD,2025-10-06 11:00:00,2025-10-06 13:00:00,0.084
Netherlands,NLD,2025-10-06 12:00:00,2025-10-06 14:00:00,0.085
Netherlands,NLD,2025-10-06 13:00:00,2025-10-06 15:00:00,0.08562
Netherlands,NLD,2025-10-06 14:00:00,2025-10-06 16:00:00,0.09559999999999999
Netherlands,NLD,2025-10-06 15:00:00,2025-10-06 17:00:00,0.11262
Netherlands,NLD,2025-10-06 16:00:00,2025-10-06 18:00:00,0.13574
Netherlands,NLD,2025-10-06 17:00:00,2025-10-06 19:00:00,0.16459000000000001
Netherlands,NLD,2025-10-06 18:00:00,2025-10-06 20:00:00,0.13398
Netherlands,NLD,2025-10-06 19:00:00,2025-10-06 21:00:00,0.1186
Netherlands,NLD,2025-10-06 20:00:00,2025-10-06 22:00:00,0.11604
Netherlands,NLD,2025-10-06 21:00:00,2025-10-06 23:00:00,0.1041
Netherlands,NLD,2025-10-06 22:00:00,2025-10-07 00:00:00,0.09804
Netherlands,NLD,2025-10-06 23:00:00,2025-10-07 01:00:00,0.09293000000000001
Netherlands,NLD,2025-10-07 00:00:00,2025-10-07 02:00:00,0.08713
Netherlands,NLD,2025-10-07 01:00:00,2025-10-07 03:00:00,0.08698
Netherlands,NLD,2025-10-07 02:00:00,2025-10-07 04:00:00,0.08907
Netherlands,NLD,2025-10-07 03:00:00,2025-10-07 05:00:00,0.09477
Netherlands,NLD,2025-10-07 04:00:00,2025-10-07 06:00:00,0.12138
Netherlands,NLD,2025-10-07 05:00:00,2025-10-07 07:00:00,0.20483
Netherlands,NLD,2025-10-07 06:00:00,2025-10-07 08:00:00,0.25783999999999996
Netherlands,NLD,2025-10-07 07:00:00,2025-10-07 09:00:00,0.2
Netherlands,NLD,2025-10-07 08:00:00,2025-10-07 10:00:00,0.14862
Netherlands,NLD,2025-10-07 09:00:00,2025-10-07 11:00:00,0.11709
Netherlands,NLD,2025-10-07 10:00:00,2025-10-07 12:00:00,0.10107
Netherlands,NLD,2025-10-07 11:00:00,2025-10-07 13:00:00,0.09552
Netherlands,NLD,2025-10-07 12:00:00,2025-10-07 14:00:00,0.09414
Netherlands,NLD,2025-10-07 13:00:00,2025-10-07 15:00:00,0.1014
Netherlands,NLD,2025-10-07 14:00:00,2025-10-07 16:00:00,0.11042
Netherlands,NLD,2025-10-07 15:00:00,2025-10-07 17:00:00,0.1421
Netherlands,NLD,2025-10-07 16:00:00,2025-10-07 18:00:00,0.19456
Netherlands,NLD,2025-10-07 17:00:00,2025-10-07 19:00:00,0.20756
Netherlands,NLD,2025-10-07 18:00:00,2025-10-07 20:00:00,0.14625
Netherlands,NLD,2025-10-07 19:00:00,2025-10-07 21:00:00,0.12323999999999999
Netherlands,NLD,2025-10-07 20:00:00,2025-10-07 22:00:00,0.10742
Netherlands,NLD,2025-10-07 21:00:00,2025-10-07 23:00:00,0.09748
Netherlands,NLD,2025-10-07 22:00:00,2025-10-08 00:00:00,0.09345
Netherlands,NLD,2025-10-07 23:00:00,2025-10-08 01:00:00,0.08843999999999999
Netherlands,NLD,2025-10-08 00:00:00,2025-10-08 02:00:00,0.08756
Netherlands,NLD,2025-10-08 01:00:00,2025-10-08 03:00:00,0.08601
Netherlands,NLD,2025-10-08 02:00:00,2025-10-08 04:00:00,0.08723
Netherlands,NLD,2025-10-08 03:00:00,2025-10-08 05:00:00,0.09392
Netherlands,NLD,2025-10-08 04:00:00,2025-10-08 06:00:00,0.11414
Netherlands,NLD,2025-10-08 05:00:00,2025-10-08 07:00:00,0.15256
Netherlands,NLD,2025-10-08 06:00:00,2025-10-08 08:00:00,0.1664
Netherlands,NLD,2025-10-08 07:00:00,2025-10-08 09:00:00,0.13613
Netherlands,NLD,2025-10-08 08:00:00,2025-10-08 10:00:00,0.11618
Netherlands,NLD,2025-10-08 09:00:00,2025-10-08 11:00:00,0.1003
Netherlands,NLD,2025-10-08 10:00:00,2025-10-08 12:00:00,0.08851
Netherlands,NLD,2025-10-08 11:00:00,2025-10-08 13:00:00,0.08678
Netherlands,NLD,2025-10-08 12:00:00,2025-10-08 14:00:00,0.08723
Netherlands,NLD,2025-10-08 13:00:00,2025-10-08 15:00:00,0.09431999999999999
Netherlands,NLD,2025-10-08 14:00:00,2025-10-08 16:00:00,0.10951999999999999
Netherlands,NLD,2025-10-08 15:00:00,2025-10-08 17:00:00,0.14163
Netherlands,NLD,2025-10-08 16:00:00,2025-10-08 18:00:00,0.17712
Netherlands,NLD,2025-10-08 17:00:00,2025-10-08 19:00:00,0.19463999999999998
Netherlands,NLD,2025-10-08 18:00:00,2025-10-08 20:00:00,0.14145
Netherlands,NLD,2025-10-08 19:00:00,2025-10-08 21:00:00,0.11356000000000001
Netherlands,NLD,2025-10-08 20:00:00,2025-10-08 22:00:00,0.1062
Netherlands,NLD,2025-10-08 21:00:00,2025-10-08 23:00:00,0.09673999999999999
Netherlands,NLD,2025-10-08 22:00:00,2025-10-09 00:00:00,0.0964
Netherlands,NLD,2025-10-08 23:00:00,2025-10-09 01:00:00,0.09064
Netherlands,NLD,2025-10-09 00:00:00,2025-10-09 02:00:00,0.09097
Netherlands,NLD,2025-10-09 01:00:00,2025-10-09 03:00:00,0.08703
Netherlands,NLD,2025-10-09 02:00:00,2025-10-09 04:00:00,0.08736
Netherlands,NLD,2025-10-09 03:00:00,2025-10-09 05:00:00,0.096
Netherlands,NLD,2025-10-09 04:00:00,2025-10-09 06:00:00,0.11968000000000001
Netherlands,NLD,2025-10-09 05:00:00,2025-10-09 07:00:00,0.14143
Netherlands,NLD,2025-10-09 06:00:00,2025-10-09 08:00:00,0.14756
Netherlands,NLD,2025-10-09 07:00:00,2025-10-09 09:00:00,0.12915000000000001
Netherlands,NLD,2025-10-09 08:00:00,2025-10-09 10:00:00,0.10617
Netherlands,NLD,2025-10-09 09:00:00,2025-10-09 11:00:00,0.09479000000000001
Netherlands,NLD,2025-10-09 10:00:00,2025-10-09 12:00:00,0.08843999999999999
Netherlands,NLD,2025-10-09 11:00:00,2025-10-09 13:00:00,0.07740999999999999
Netherlands,NLD,2025-10-09 12:00:00,2025-10-09 14:00:00,0.07731
Netherlands,NLD,2025-10-09 13:00:00,2025-10-09 15:00:00,0.08715
Netherlands,NLD,2025-10-09 14:00:00,2025-10-09 16:00:00,0.08793000000000001
Netherlands,NLD,2025-10-09 15:00:00,2025-10-09 17:00:00,0.10362
Netherlands,NLD,2025-10-09 16:00:00,2025-10-09 18:00:00,0.11961
Netherlands,NLD,2025-10-09 17:00:00,2025-10-09 19:00:00,0.12354000000000001
Netherlands,NLD,2025-10-09 18:00:00,2025-10-09 20:00:00,0.11262
Netherlands,NLD,2025-10-09 19:00:00,2025-10-09 21:00:00,0.09799
Netherlands,NLD,2025-10-09 20:00:00,2025-10-09 22:00:00,0.09675
Netherlands,NLD,2025-10-09 21:00:00,2025-10-09 23:00:00,0.09306
Netherlands,NLD,2025-10-09 22:00:00,2025-10-10 00:00:00,0.09
Netherlands,NLD,2025-10-09 23:00:00,2025-10-10 01:00:00,0.08499
Netherlands,NLD,2025-10-10 00:00:00,2025-10-10 02:00:00,0.08009000000000001
Netherlands,NLD,2025-10-10 01:00:00,2025-10-10 03:00:00,0.07793000000000001
Netherlands,NLD,2025-10-10 02:00:00,2025-10-10 04:00:00,0.07758
Netherlands,NLD,2025-10-10 03:00:00,2025-10-10 05:00:00,0.08502
Netherlands,NLD,2025-10-10 04:00:00,2025-10-10 06:00:00,0.09892000000000001
Netherlands,NLD,2025-10-10 05:00:00,2025-10-10 07:00:00,0.11594
Netherlands,NLD,2025-10-10 06:00:00,2025-10-10 08:00:00,0.12244
Netherlands,NLD,2025-10-10 07:00:00,2025-10-10 09:00:00,0.10729000000000001
Netherlands,NLD,2025-10-10 08:00:00,2025-10-10 10:00:00,0.09201000000000001
Netherlands,NLD,2025-10-10 09:00:00,2025-10-10 11:00:00,0.08233
Netherlands,NLD,2025-10-10 10:00:00,2025-10-10 12:00:00,0.07707
Netherlands,NLD,2025-10-10 11:00:00,2025-10-10 13:00:00,0.0732
Netherlands,NLD,2025-10-10 12:00:00,2025-10-10 14:00:00,0.08712
Netherlands,NLD,2025-10-10 13:00:00,2025-10-10 15:00:00,0.08214
Netherlands,NLD,2025-10-10 14:00:00,2025-10-10 16:00:00,0.08990000000000001
Netherlands,NLD,2025-10-10 15:00:00,2025-10-10 17:00:00,0.11263
Netherlands,NLD,2025-10-10 16:00:00,2025-10-10 18:00:00,0.11722
Netherlands,NLD,2025-10-10 17:00:00,2025-10-10 19:00:00,0.12226000000000001
Netherlands,NLD,2025-10-10 18:00:00,2025-10-10 20:00:00,0.11515
Netherlands,NLD,2025-10-10 19:00:00,2025-10-10 21:00:00,0.10237
Netherlands,NLD,2025-10-10 20:00:00,2025-10-10 22:00:00,0.09694
Netherlands,NLD,2025-10-10 21:00:00,2025-10-10 23:00:00,0.09347
Netherlands,NLD,2025-10-10 22:00:00,2025-10-11 00:00:00,0.1006
Netherlands,NLD,2025-10-10 23:00:00,2025-10-11 01:00:00,0.08990000000000001
Netherlands,NLD,2025-10-11 00:00:00,2025-10-11 02:00:00,0.08885
Netherlands,NLD,2025-10-11 01:00:00,2025-10-11 03:00:00,0.08202
Netherlands,NLD,2025-10-11 02:00:00,2025-10-11 04:00:00,0.08264
Netherlands,NLD,2025-10-11 03:00:00,2025-10-11 05:00:00,0.08331999999999999
Netherlands,NLD,2025-10-11 04:00:00,2025-10-11 06:00:00,0.09026
Netherlands,NLD,2025-10-11 05:00:00,2025-10-11 07:00:00,0.09675
Netherlands,NLD,2025-10-11 06:00:00,2025-10-11 08:00:00,0.1015
Netherlands,NLD,2025-10-11 07:00:00,2025-10-11 09:00:00,0.1163
Netherlands,NLD,2025-10-11 08:00:00,2025-10-11 10:00:00,0.1066
Netherlands,NLD,2025-10-11 09:00:00,2025-10-11 11:00:00,0.08922
Netherlands,NLD,2025-10-11 10:00:00,2025-10-11 12:00:00,0.08552
Netherlands,NLD,2025-10-11 11:00:00,2025-10-11 13:00:00,0.0626
Netherlands,NLD,2025-10-11 12:00:00,2025-10-11 14:00:00,0.0773
Netherlands,NLD,2025-10-11 13:00:00,2025-10-11 15:00:00,0.0818
Netherlands,NLD,2025-10-11 14:00:00,2025-10-11 16:00:00,0.096
Netherlands,NLD,2025-10-11 15:00:00,2025-10-11 17:00:00,0.10564
Netherlands,NLD,2025-10-11 16:00:00,2025-10-11 18:00:00,0.12092
Netherlands,NLD,2025-10-11 17:00:00,2025-10-11 19:00:00,0.12719
Netherlands,NLD,2025-10-11 18:00:00,2025-10-11 20:00:00,0.1189
Netherlands,NLD,2025-10-11 19:00:00,2025-10-11 21:00:00,0.109
Netherlands,NLD,2025-10-11 20:00:00,2025-10-11 22:00:00,0.10398
Netherlands,NLD,2025-10-11 21:00:00,2025-10-11 23:00:00,0.09481999999999999
Netherlands,NLD,2025-10-11 22:00:00,2025-10-12 00:00:00,0.09556
Netherlands,NLD,2025-10-11 23:00:00,2025-10-12 01:00:00,0.09294
Netherlands,NLD,2025-10-12 00:00:00,2025-10-12 02:00:00,0.08578
Netherlands,NLD,2025-10-12 01:00:00,2025-10-12 03:00:00,0.08045000000000001
Netherlands,NLD,2025-10-12 02:00:00,2025-10-12 04:00:00,0.08220999999999999
Netherlands,NLD,2025-10-12 03:00:00,2025-10-12 05:00:00,0.082
Netherlands,NLD,2025-10-12 04:00:00,2025-10-12 06:00:00,0.08608
Netherlands,NLD,2025-10-12 05:00:00,2025-10-12 07:00:00,0.08781
Netherlands,NLD,2025-10-12 06:00:00,2025-10-12 08:00:00,0.08809
Netherlands,NLD,2025-10-12 07:00:00,2025-10-12 09:00:00,0.09379000000000001
Netherlands,NLD,2025-10-12 08:00:00,2025-10-12 10:00:00,0.09490000000000001
Netherlands,NLD,2025-10-12 09:00:00,2025-10-12 11:00:00,0.07786
Netherlands,NLD,2025-10-12 10:00:00,2025-10-12 12:00:00,0.0719
Netherlands,NLD,2025-10-12 11:00:00,2025-10-12 13:00:00,0.05965
Netherlands,NLD,2025-10-12 12:00:00,2025-10-12 14:00:00,0.0703
Netherlands,NLD,2025-10-12 13:00:00,2025-10-12 15:00:00,0.08103
Netherlands,NLD,2025-10-12 14:00:00,2025-10-12 16:00:00,0.088
Netherlands,NLD,2025-10-12 15:00:00,2025-10-12 17:00:00,0.09394
Netherlands,NLD,2025-10-12 16:00:00,2025-10-12 18:00:00,0.10522
Netherlands,NLD,2025-10-12 17:00:00,2025-10-12 19:00:00,0.1163
Netherlands,NLD,2025-10-12 18:00:00,2025-10-12 20:00:00,0.11531999999999999
Netherlands,NLD,2025-10-12 19:00:00,2025-10-12 21:00:00,0.10922
Netherlands,NLD,2025-10-12 20:00:00,2025-10-12 22:00:00,0.10384
Netherlands,NLD,2025-10-12 21:00:00,2025-10-12 23:00:00,0.09131
Netherlands,NLD,2025-10-12 22:00:00,2025-10-13 00:00:00,0.08957999999999999
Netherlands,NLD,2025-10-12 23:00:00,2025-10-13 01:00:00,0.08582
Netherlands,NLD,2025-10-13 00:00:00,2025-10-13 02:00:00,0.08557
Netherlands,NLD,2025-10-13 01:00:00,2025-10-13 03:00:00,0.07891
Netherlands,NLD,2025-10-13 02:00:00,2025-10-13 04:00:00,0.08151
Netherlands,NLD,2025-10-13 03:00:00,2025-10-13 05:00:00,0.08851
Netherlands,NLD,2025-10-13 04:00:00,2025-10-13 06:00:00,0.117
Netherlands,NLD,2025-10-13 05:00:00,2025-10-13 07:00:00,0.1466
Netherlands,NLD,2025-10-13 06:00:00,2025-10-13 08:00:00,0.17695
Netherlands,NLD,2025-10-13 07:00:00,2025-10-13 09:00:00,0.1462
Netherlands,NLD,2025-10-13 08:00:00,2025-10-13 10:00:00,0.12143000000000001
Netherlands,NLD,2025-10-13 09:00:00,2025-10-13 11:00:00,0.10642
Netherlands,NLD,2025-10-13 10:00:00,2025-10-13 12:00:00,0.09251999999999999
Netherlands,NLD,2025-10-13 11:00:00,2025-10-13 13:00:00,0.08537
Netherlands,NLD,2025-10-13 12:00:00,2025-10-13 14:00:00,0.08499
Netherlands,NLD,2025-10-13 13:00:00,2025-10-13 15:00:00,0.09244
Netherlands,NLD,2025-10-13 14:00:00,2025-10-13 16:00:00,0.10622
Netherlands,NLD,2025-10-13 15:00:00,2025-10-13 17:00:00,0.1658
Netherlands,NLD,2025-10-13 16:00:00,2025-10-13 18:00:00,0.27541000000000004
Netherlands,NLD,2025-10-13 17:00:00,2025-10-13 19:00:00,0.27956
Netherlands,NLD,2025-10-13 18:00:00,2025-10-13 20:00:00,0.17442
Netherlands,NLD,2025-10-13 19:00:00,2025-10-13 21:00:00,0.13046000000000002
Netherlands,NLD,2025-10-13 20:00:00,2025-10-13 22:00:00,0.117
Netherlands,NLD,2025-10-13 21:00:00,2025-10-13 23:00:00,0.10643000000000001
Netherlands,NLD,2025-10-13 22:00:00,2025-10-14 00:00:00,0.10715000000000001
Netherlands,NLD,2025-10-13 23:00:00,2025-10-14 01:00:00,0.10047
Netherlands,NLD,2025-10-14 00:00:00,2025-10-14 02:00:00,0.09656
Netherlands,NLD,2025-10-14 01:00:00,2025-10-14 03:00:00,0.09445
Netherlands,NLD,2025-10-14 02:00:00,2025-10-14 04:00:00,0.09462000000000001
Netherlands,NLD,2025-10-14 03:00:00,2025-10-14 05:00:00,0.09620000000000001
Netherlands,NLD,2025-10-14 04:00:00,2025-10-14 06:00:00,0.11417000000000001
Netherlands,NLD,2025-10-14 05:00:00,2025-10-14 07:00:00,0.15333000000000002
Netherlands,NLD,2025-10-14 06:00:00,2025-10-14 08:00:00,0.1835
Netherlands,NLD,2025-10-14 07:00:00,2025-10-14 09:00:00,0.14980000000000002
Netherlands,NLD,2025-10-14 08:00:00,2025-10-14 10:00:00,0.13011
Netherlands,NLD,2025-10-14 09:00:00,2025-10-14 11:00:00,0.11463
Netherlands,NLD,2025-10-14 10:00:00,2025-10-14 12:00:00,0.10267
Netherlands,NLD,2025-10-14 11:00:00,2025-10-14 13:00:00,0.09718
Netherlands,NLD,2025-10-14 12:00:00,2025-10-14 14:00:00,0.09809999999999999
Netherlands,NLD,2025-10-14 13:00:00,2025-10-14 15:00:00,0.11242
Netherlands,NLD,2025-10-14 14:00:00,2025-10-14 16:00:00,0.13151
Netherlands,NLD,2025-10-14 15:00:00,2025-10-14 17:00:00,0.18663
Netherlands,NLD,2025-10-14 16:00:00,2025-10-14 18:00:00,0.32902
Netherlands,NLD,2025-10-14 17:00:00,2025-10-14 19:00:00,0.37173
Netherlands,NLD,2025-10-14 18:00:00,2025-10-14 20:00:00,0.20974
Netherlands,NLD,2025-10-14 19:00:00,2025-10-14 21:00:00,0.15425999999999998
Netherlands,NLD,2025-10-14 20:00:00,2025-10-14 22:00:00,0.12813
Netherlands,NLD,2025-10-14 21:00:00,2025-10-14 23:00:00,0.11349
Netherlands,NLD,2025-10-14 22:00:00,2025-10-15 00:00:00,0.11
Netherlands,NLD,2025-10-14 23:00:00,2025-10-15 01:00:00,0.10489
Netherlands,NLD,2025-10-15 00:00:00,2025-10-15 02:00:00,0.10104
Netherlands,NLD,2025-10-15 01:00:00,2025-10-15 03:00:00,0.09642
Netherlands,NLD,2025-10-15 02:00:00,2025-10-15 04:00:00,0.09772
Netherlands,NLD,2025-10-15 03:00:00,2025-10-15 05:00:00,0.10490000000000001
Netherlands,NLD,2025-10-15 04:00:00,2025-10-15 06:00:00,0.11641
Netherlands,NLD,2025-10-15 05:00:00,2025-10-15 07:00:00,0.16025999999999999
Netherlands,NLD,2025-10-15 06:00:00,2025-10-15 08:00:00,0.24324
Netherlands,NLD,2025-10-15 07:00:00,2025-10-15 09:00:00,0.17215
Netherlands,NLD,2025-10-15 08:00:00,2025-10-15 10:00:00,0.13797
Netherlands,NLD,2025-10-15 09:00:00,2025-10-15 11:00:00,0.11914
Netherlands,NLD,2025-10-15 10:00:00,2025-10-15 12:00:00,0.11166
Netherlands,NLD,2025-10-15 11:00:00,2025-10-15 13:00:00,0.10445
Netherlands,NLD,2025-10-15 12:00:00,2025-10-15 14:00:00,0.10306
Netherlands,NLD,2025-10-15 13:00:00,2025-10-15 15:00:00,0.11134000000000001
Netherlands,NLD,2025-10-15 14:00:00,2025-10-15 16:00:00,0.12484
Netherlands,NLD,2025-10-15 15:00:00,2025-10-15 17:00:00,0.159
Netherlands,NLD,2025-10-15 16:00:00,2025-10-15 18:00:00,0.2078
Netherlands,NLD,2025-10-15 17:00:00,2025-10-15 19:00:00,0.21083000000000002
Netherlands,NLD,2025-10-15 18:00:00,2025-10-15 20:00:00,0.14852
Netherlands,NLD,2025-10-15 19:00:00,2025-10-15 21:00:00,0.1199
Netherlands,NLD,2025-10-15 20:00:00,2025-10-15 22:00:00,0.09709999999999999
Netherlands,NLD,2025-10-15 21:00:00,2025-10-15 23:00:00,0.08764
Netherlands,NLD,2025-10-15 22:00:00,2025-10-16 00:00:00,0.08608
Netherlands,NLD,2025-10-15 23:00:00,2025-10-16 01:00:00,0.08262
Netherlands,NLD,2025-10-16 00:00:00,2025-10-16 02:00:00,0.08452
Netherlands,NLD,2025-10-16 01:00:00,2025-10-16 03:00:00,0.08023000000000001
Netherlands,NLD,2025-10-16 02:00:00,2025-10-16 04:00:00,0.07890000000000001
Netherlands,NLD,2025-10-16 03:00:00,2025-10-16 05:00:00,0.07967
Netherlands,NLD,2025-10-16 04:00:00,2025-10-16 06:00:00,0.08708
Netherlands,NLD,2025-10-16 05:00:00,2025-10-16 07:00:00,0.10269
Netherlands,NLD,2025-10-16 06:00:00,2025-10-16 08:00:00,0.12954
Netherlands,NLD,2025-10-16 07:00:00,2025-10-16 09:00:00,0.11795
Netherlands,NLD,2025-10-16 08:00:00,2025-10-16 10:00:00,0.0912
Netherlands,NLD,2025-10-16 09:00:00,2025-10-16 11:00:00,0.08592
Netherlands,NLD,2025-10-16 10:00:00,2025-10-16 12:00:00,0.07878
Netherlands,NLD,2025-10-16 11:00:00,2025-10-16 13:00:00,0.07881
Netherlands,NLD,2025-10-16 12:00:00,2025-10-16 14:00:00,0.08034000000000001
Netherlands,NLD,2025-10-16 13:00:00,2025-10-16 15:00:00,0.07923999999999999
Netherlands,NLD,2025-10-16 14:00:00,2025-10-16 16:00:00,0.08657
Netherlands,NLD,2025-10-16 15:00:00,2025-10-16 17:00:00,0.11537
Netherlands,NLD,2025-10-16 16:00:00,2025-10-16 18:00:00,0.12843000000000002
Netherlands,NLD,2025-10-16 17:00:00,2025-10-16 19:00:00,0.14108
Netherlands,NLD,2025-10-16 18:00:00,2025-10-16 20:00:00,0.12465999999999999
Netherlands,NLD,2025-10-16 19:00:00,2025-10-16 21:00:00,0.10091
Netherlands,NLD,2025-10-16 20:00:00,2025-10-16 22:00:00,0.09701
Netherlands,NLD,2025-10-16 21:00:00,2025-10-16 23:00:00,0.09267
Netherlands,NLD,2025-10-16 22:00:00,2025-10-17 00:00:00,0.08788
Netherlands,NLD,2025-10-16 23:00:00,2025-10-17 01:00:00,0.08588
Netherlands,NLD,2025-10-17 00:00:00,2025-10-17 02:00:00,0.08734
Netherlands,NLD,2025-10-17 01:00:00,2025-10-17 03:00:00,0.08714
Netherlands,NLD,2025-10-17 02:00:00,2025-10-17 04:00:00,0.08793000000000001
Netherlands,NLD,2025-10-17 03:00:00,2025-10-17 05:00:00,0.09215999999999999
Netherlands,NLD,2025-10-17 04:00:00,2025-10-17 06:00:00,0.10045
Netherlands,NLD,2025-10-17 05:00:00,2025-10-17 07:00:00,0.12786
Netherlands,NLD,2025-10-17 06:00:00,2025-10-17 08:00:00,0.14421
Netherlands,NLD,2025-10-17 07:00:00,2025-10-17 09:00:00,0.12902000000000002
Netherlands,NLD,2025-10-17 08:00:00,2025-10-17 10:00:00,0.11406999999999999
Netherlands,NLD,2025-10-17 09:00:00,2025-10-17 11:00:00,0.0964
Netherlands,NLD,2025-10-17 10:00:00,2025-10-17 12:00:00,0.085
Netherlands,NLD,2025-10-17 11:00:00,2025-10-17 13:00:00,0.07972
Netherlands,NLD,2025-10-17 12:00:00,2025-10-17 14:00:00,0.07890000000000001
Netherlands,NLD,2025-10-17 13:00:00,2025-10-17 15:00:00,0.08031999999999999
Netherlands,NLD,2025-10-17 14:00:00,2025-10-17 16:00:00,0.08976
Netherlands,NLD,2025-10-17 15:00:00,2025-10-17 17:00:00,0.11556
Netherlands,NLD,2025-10-17 16:00:00,2025-10-17 18:00:00,0.1288
Netherlands,NLD,2025-10-17 17:00:00,2025-10-17 19:00:00,0.1318
Netherlands,NLD,2025-10-17 18:00:00,2025-10-17 20:00:00,0.11735
Netherlands,NLD,2025-10-17 19:00:00,2025-10-17 21:00:00,0.10412
Netherlands,NLD,2025-10-17 20:00:00,2025-10-17 22:00:00,0.10233
Netherlands,NLD,2025-10-17 21:00:00,2025-10-17 23:00:00,0.0925
Netherlands,NLD,2025-10-17 22:00:00,2025-10-18 00:00:00,0.09459000000000001
Netherlands,NLD,2025-10-17 23:00:00,2025-10-18 01:00:00,0.09026
Netherlands,NLD,2025-10-18 00:00:00,2025-10-18 02:00:00,0.08997
Netherlands,NLD,2025-10-18 01:00:00,2025-10-18 03:00:00,0.08731
Netherlands,NLD,2025-10-18 02:00:00,2025-10-18 04:00:00,0.0858
Netherlands,NLD,2025-10-18 03:00:00,2025-10-18 05:00:00,0.08662
Netherlands,NLD,2025-10-18 04:00:00,2025-10-18 06:00:00,0.08996
Netherlands,NLD,2025-10-18 05:00:00,2025-10-18 07:00:00,0.10772
Netherlands,NLD,2025-10-18 06:00:00,2025-10-18 08:00:00,0.11441
Netherlands,NLD,2025-10-18 07:00:00,2025-10-18 09:00:00,0.10185
Netherlands,NLD,2025-10-18 08:00:00,2025-10-18 10:00:00,0.08871
Netherlands,NLD,2025-10-18 09:00:00,2025-10-18 11:00:00,0.0735
Netherlands,NLD,2025-10-18 10:00:00,2025-10-18 12:00:00,0.06777
Netherlands,NLD,2025-10-18 11:00:00,2025-10-18 13:00:00,0.06
Netherlands,NLD,2025-10-18 12:00:00,2025-10-18 14:00:00,0.06324
Netherlands,NLD,2025-10-18 13:00:00,2025-10-18 15:00:00,0.07232
Netherlands,NLD,2025-10-18 14:00:00,2025-10-18 16:00:00,0.08403000000000001
Netherlands,NLD,2025-10-18 15:00:00,2025-10-18 17:00:00,0.11131
Netherlands,NLD,2025-10-18 16:00:00,2025-10-18 18:00:00,0.12719
Netherlands,NLD,2025-10-18 17:00:00,2025-10-18 19:00:00,0.12381
Netherlands,NLD,2025-10-18 18:00:00,2025-10-18 20:00:00,0.1114
Netherlands,NLD,2025-10-18 19:00:00,2025-10-18 21:00:00,0.09259999999999999
Netherlands,NLD,2025-10-18 20:00:00,2025-10-18 22:00:00,0.09544
Netherlands,NLD,2025-10-18 21:00:00,2025-10-18 23:00:00,0.09431999999999999
Netherlands,NLD,2025-10-18 22:00:00,2025-10-19 00:00:00,0.09096
Netherlands,NLD,2025-10-18 23:00:00,2025-10-19 01:00:00,0.08477
Netherlands,NLD,2025-10-19 00:00:00,2025-10-19 02:00:00,0.07762999999999999
Netherlands,NLD,2025-10-19 01:00:00,2025-10-19 03:00:00,0.07376
Netherlands,NLD,2025-10-19 02:00:00,2025-10-19 04:00:00,0.07367
Netherlands,NLD,2025-10-19 03:00:00,2025-10-19 05:00:00,0.07237
Netherlands,NLD,2025-10-19 04:00:00,2025-10-19 06:00:00,0.07514
Netherlands,NLD,2025-10-19 05:00:00,2025-10-19 07:00:00,0.07498
Netherlands,NLD,2025-10-19 06:00:00,2025-10-19 08:00:00,0.07696
Netherlands,NLD,2025-10-19 07:00:00,2025-10-19 09:00:00,0.0698
Netherlands,NLD,2025-10-19 08:00:00,2025-10-19 10:00:00,0.060840000000000005
Netherlands,NLD,2025-10-19 09:00:00,2025-10-19 11:00:00,0.05304
Netherlands,NLD,2025-10-19 10:00:00,2025-10-19 12:00:00,0.03319
Netherlands,NLD,2025-10-19 11:00:00,2025-10-19 13:00:00,0.01881
Netherlands,NLD,2025-10-19 12:00:00,2025-10-19 14:00:00,0.03233
Netherlands,NLD,2025-10-19 13:00:00,2025-10-19 15:00:00,0.06494
Netherlands,NLD,2025-10-19 14:00:00,2025-10-19 16:00:00,0.07668000000000001
Netherlands,NLD,2025-10-19 15:00:00,2025-10-19 17:00:00,0.10624
Netherlands,NLD,2025-10-19 16:00:00,2025-10-19 18:00:00,0.097
Netherlands,NLD,2025-10-19 17:00:00,2025-10-19 19:00:00,0.092
Netherlands,NLD,2025-10-19 18:00:00,2025-10-19 20:00:00,0.07626999999999999
Netherlands,NLD,2025-10-19 19:00:00,2025-10-19 21:00:00,0.06989
Netherlands,NLD,2025-10-19 20:00:00,2025-10-19 22:00:00,0.06946
Netherlands,NLD,2025-10-19 21:00:00,2025-10-19 23:00:00,0.055560000000000005
Netherlands,NLD,2025-10-19 22:00:00,2025-10-20 00:00:00,0.06175
Netherlands,NLD,2025-10-19 23:00:00,2025-10-20 01:00:00,0.05441
Netherlands,NLD,2025-10-20 00:00:00,2025-10-20 02:00:00,0.053380000000000004
Netherlands,NLD,2025-10-20 01:00:00,2025-10-20 03:00:00,0.05208
Netherlands,NLD,2025-10-20 02:00:00,2025-10-20 04:00:00,0.0522
Netherlands,NLD,2025-10-20 03:00:00,2025-10-20 05:00:00,0.06398
Netherlands,NLD,2025-10-20 04:00:00,2025-10-20 06:00:00,0.07388
Netherlands,NLD,2025-10-20 05:00:00,2025-10-20 07:00:00,0.08852
Netherlands,NLD,2025-10-20 06:00:00,2025-10-20 08:00:00,0.11898
Netherlands,NLD,2025-10-20 07:00:00,2025-10-20 09:00:00,0.11904
Netherlands,NLD,2025-10-20 08:00:00,2025-10-20 10:00:00,0.098
Netherlands,NLD,2025-10-20 09:00:00,2025-10-20 11:00:00,0.0689
Netherlands,NLD,2025-10-20 10:00:00,2025-10-20 12:00:00,0.05774
Netherlands,NLD,2025-10-20 11:00:00,2025-10-20 13:00:00,0.06028
Netherlands,NLD,2025-10-20 12:00:00,2025-10-20 14:00:00,0.06555
Netherlands,NLD,2025-10-20 13:00:00,2025-10-20 15:00:00,0.08376
Netherlands,NLD,2025-10-20 14:00:00,2025-10-20 16:00:00,0.10134
Netherlands,NLD,2025-10-20 15:00:00,2025-10-20 17:00:00,0.1105
Netherlands,NLD,2025-10-20 16:00:00,2025-10-20 18:00:00,0.11656
Netherlands,NLD,2025-10-20 17:00:00,2025-10-20 19:00:00,0.10186
Netherlands,NLD,2025-10-20 18:00:00,2025-10-20 20:00:00,0.08022
Netherlands,NLD,2025-10-20 19:00:00,2025-10-20 21:00:00,0.07553
Netherlands,NLD,2025-10-20 20:00:00,2025-10-20 22:00:00,0.06337
Netherlands,NLD,2025-10-20 21:00:00,2025-10-20 23:00:00,0.051
Netherlands,NLD,2025-10-20 22:00:00,2025-10-21 00:00:00,0.051340000000000004
Netherlands,NLD,2025-10-20 23:00:00,2025-10-21 01:00:00,0.037840000000000006
Netherlands,NLD,2025-10-21 00:00:00,2025-10-21 02:00:00,0.02686
Netherlands,NLD,2025-10-21 01:00:00,2025-10-21 03:00:00,0.017
Netherlands,NLD,2025-10-21 02:00:00,2025-10-21 04:00:00,0.02063
Netherlands,NLD,2025-10-21 03:00:00,2025-10-21 05:00:00,0.03878
Netherlands,NLD,2025-10-21 04:00:00,2025-10-21 06:00:00,0.06765
Netherlands,NLD,2025-10-21 05:00:00,2025-10-21 07:00:00,0.08043
Netherlands,NLD,2025-10-21 06:00:00,2025-10-21 08:00:00,0.09309999999999999
Netherlands,NLD,2025-10-21 07:00:00,2025-10-21 09:00:00,0.087
Netherlands,NLD,2025-10-21 08:00:00,2025-10-21 10:00:00,0.07427
Netherlands,NLD,2025-10-21 09:00:00,2025-10-21 11:00:00,0.06511
Netherlands,NLD,2025-10-21 10:00:00,2025-10-21 12:00:00,0.04746
Netherlands,NLD,2025-10-21 11:00:00,2025-10-21 13:00:00,0.030420000000000003
Netherlands,NLD,2025-10-21 12:00:00,2025-10-21 14:00:00,0.03185
Netherlands,NLD,2025-10-21 13:00:00,2025-10-21 15:00:00,0.05564
Netherlands,NLD,2025-10-21 14:00:00,2025-10-21 16:00:00,0.06778
Netherlands,NLD,2025-10-21 15:00:00,2025-10-21 17:00:00,0.09684999999999999
Netherlands,NLD,2025-10-21 16:00:00,2025-10-21 18:00:00,0.1194
Netherlands,NLD,2025-10-21 17:00:00,2025-10-21 19:00:00,0.11666
Netherlands,NLD,2025-10-21 18:00:00,2025-10-21 20:00:00,0.1
Netherlands,NLD,2025-10-21 19:00:00,2025-10-21 21:00:00,0.08034000000000001
Netherlands,NLD,2025-10-21 20:00:00,2025-10-21 22:00:00,0.08026000000000001
Netherlands,NLD,2025-10-21 21:00:00,2025-10-21 23:00:00,0.0732
Netherlands,NLD,2025-10-21 22:00:00,2025-10-22 00:00:00,0.07842
Netherlands,NLD,2025-10-21 23:00:00,2025-10-22 01:00:00,0.07662000000000001
Netherlands,NLD,2025-10-22 00:00:00,2025-10-22 02:00:00,0.07463
Netherlands,NLD,2025-10-22 01:00:00,2025-10-22 03:00:00,0.07797
Netherlands,NLD,2025-10-22 02:00:00,2025-10-22 04:00:00,0.07981999999999999
Netherlands,NLD,2025-10-22 03:00:00,2025-10-22 05:00:00,0.08154
Netherlands,NLD,2025-10-22 04:00:00,2025-10-22 06:00:00,0.0883
Netherlands,NLD,2025-10-22 05:00:00,2025-10-22 07:00:00,0.09354000000000001
Netherlands,NLD,2025-10-22 06:00:00,2025-10-22 08:00:00,0.11114
Netherlands,NLD,2025-10-22 07:00:00,2025-10-22 09:00:00,0.12454000000000001
Netherlands,NLD,2025-10-22 08:00:00,2025-10-22 10:00:00,0.10011
Netherlands,NLD,2025-10-22 09:00:00,2025-10-22 11:00:00,0.08205
Netherlands,NLD,2025-10-22 10:00:00,2025-10-22 12:00:00,0.07861
Netherlands,NLD,2025-10-22 11:00:00,2025-10-22 13:00:00,0.07856
Netherlands,NLD,2025-10-22 12:00:00,2025-10-22 14:00:00,0.0841
Netherlands,NLD,2025-10-22 13:00:00,2025-10-22 15:00:00,0.10455
Netherlands,NLD,2025-10-22 14:00:00,2025-10-22 16:00:00,0.12368000000000001
Netherlands,NLD,2025-10-22 15:00:00,2025-10-22 17:00:00,0.1824
Netherlands,NLD,2025-10-22 16:00:00,2025-10-22 18:00:00,0.2881
Netherlands,NLD,2025-10-22 17:00:00,2025-10-22 19:00:00,0.27806000000000003
Netherlands,NLD,2025-10-22 18:00:00,2025-10-22 20:00:00,0.17057
Netherlands,NLD,2025-10-22 19:00:00,2025-10-22 21:00:00,0.12024
Netherlands,NLD,2025-10-22 20:00:00,2025-10-22 22:00:00,0.1077
Netherlands,NLD,2025-10-22 21:00:00,2025-10-22 23:00:00,0.09429000000000001
Netherlands,NLD,2025-10-22 22:00:00,2025-10-23 00:00:00,0.08927
Netherlands,NLD,2025-10-22 23:00:00,2025-10-23 01:00:00,0.08188
Netherlands,NLD,2025-10-23 00:00:00,2025-10-23 02:00:00,0.07926000000000001
Netherlands,NLD,2025-10-23 01:00:00,2025-10-23 03:00:00,0.06622
Netherlands,NLD,2025-10-23 02:00:00,2025-10-23 04:00:00,0.06542
Netherlands,NLD,2025-10-23 03:00:00,2025-10-23 05:00:00,0.060289999999999996
Netherlands,NLD,2025-10-23 04:00:00,2025-10-23 06:00:00,0.07225
Netherlands,NLD,2025-10-23 05:00:00,2025-10-23 07:00:00,0.085
Netherlands,NLD,2025-10-23 06:00:00,2025-10-23 08:00:00,0.10729000000000001
Netherlands,NLD,2025-10-23 07:00:00,2025-10-23 09:00:00,0.09673000000000001
Netherlands,NLD,2025-10-23 08:00:00,2025-10-23 10:00:00,0.07998000000000001
Netherlands,NLD,2025-10-23 09:00:00,2025-10-23 11:00:00,0.06709999999999999
Netherlands,NLD,2025-10-23 10:00:00,2025-10-23 12:00:00,0.061259999999999995
Netherlands,NLD,2025-10-23 11:00:00,2025-10-23 13:00:00,0.06409999999999999
Netherlands,NLD,2025-10-23 12:00:00,2025-10-23 14:00:00,0.06394
Netherlands,NLD,2025-10-23 13:00:00,2025-10-23 15:00:00,0.08425
Netherlands,NLD,2025-10-23 14:00:00,2025-10-23 16:00:00,0.08943999999999999
Netherlands,NLD,2025-10-23 15:00:00,2025-10-23 17:00:00,0.11081999999999999
Netherlands,NLD,2025-10-23 16:00:00,2025-10-23 18:00:00,0.11746
Netherlands,NLD,2025-10-23 17:00:00,2025-10-23 19:00:00,0.12162
Netherlands,NLD,2025-10-23 18:00:00,2025-10-23 20:00:00,0.102
Netherlands,NLD,2025-10-23 19:00:00,2025-10-23 21:00:00,0.08868999999999999
Netherlands,NLD,2025-10-23 20:00:00,2025-10-23 22:00:00,0.08691
Netherlands,NLD,2025-10-23 21:00:00,2025-10-23 23:00:00,0.06008
Netherlands,NLD,2025-10-23 22:00:00,2025-10-24 00:00:00,0.01414
Netherlands,NLD,2025-10-23 23:00:00,2025-10-24 01:00:00,0.006900000000000001
Netherlands,NLD,2025-10-24 00:00:00,2025-10-24 02:00:00,0.00414
Netherlands,NLD,2025-10-24 01:00:00,2025-10-24 03:00:00,0.00102
Netherlands,NLD,2025-10-24 02:00:00,2025-10-24 04:00:00,0.00216
Netherlands,NLD,2025-10-24 03:00:00,2025-10-24 05:00:00,0.00679
Netherlands,NLD,2025-10-24 04:00:00,2025-10-24 06:00:00,0.023280000000000002
Netherlands,NLD,2025-10-24 05:00:00,2025-10-24 07:00:00,0.06542
Netherlands,NLD,2025-10-24 06:00:00,2025-10-24 08:00:00,0.08884
Netherlands,NLD,2025-10-24 07:00:00,2025-10-24 09:00:00,0.0799
Netherlands,NLD,2025-10-24 08:00:00,2025-10-24 10:00:00,0.06023
Netherlands,NLD,2025-10-24 09:00:00,2025-10-24 11:00:00,0.03854
Netherlands,NLD,2025-10-24 10:00:00,2025-10-24 12:00:00,0.01712
Netherlands,NLD,2025-10-24 11:00:00,2025-10-24 13:00:00,0.00111
Netherlands,NLD,2025-10-24 12:00:00,2025-10-24 14:00:00,0.0013700000000000001
Netherlands,NLD,2025-10-24 13:00:00,2025-10-24 15:00:00,0.01794
Netherlands,NLD,2025-10-24 14:00:00,2025-10-24 16:00:00,0.03995
Netherlands,NLD,2025-10-24 15:00:00,2025-10-24 17:00:00,0.07085
Netherlands,NLD,2025-10-24 16:00:00,2025-10-24 18:00:00,0.09
Netherlands,NLD,2025-10-24 17:00:00,2025-10-24 19:00:00,0.0849
Netherlands,NLD,2025-10-24 18:00:00,2025-10-24 20:00:00,0.062
Netherlands,NLD,2025-10-24 19:00:00,2025-10-24 21:00:00,0.045
Netherlands,NLD,2025-10-24 20:00:00,2025-10-24 22:00:00,0.02892
Netherlands,NLD,2025-10-24 21:00:00,2025-10-24 23:00:00,0.01
Netherlands,NLD,2025-10-24 22:00:00,2025-10-25 00:00:00,0.0030099999999999997
Netherlands,NLD,2025-10-24 23:00:00,2025-10-25 01:00:00,-1e-05
Netherlands,NLD,2025-10-25 00:00:00,2025-10-25 02:00:00,-1e-05
Netherlands,NLD,2025-10-25 01:00:00,2025-10-25 03:00:00,-0.0002
Netherlands,NLD,2025-10-25 02:00:00,2025-10-25 04:00:00,-0.00051
Netherlands,NLD,2025-10-25 03:00:00,2025-10-25 05:00:00,-0.0005
Netherlands,NLD,2025-10-25 04:00:00,2025-10-25 06:00:00,-1e-05
Netherlands,NLD,2025-10-25 05:00:00,2025-10-25 07:00:00,0.00145
Netherlands,NLD,2025-10-25 06:00:00,2025-10-25 08:00:00,0.00461
Netherlands,NLD,2025-10-25 07:00:00,2025-10-25 09:00:00,0.00889
Netherlands,NLD,2025-10-25 08:00:00,2025-10-25 10:00:00,0.00805
Netherlands,NLD,2025-10-25 09:00:00,2025-10-25 11:00:00,0.00622
Netherlands,NLD,2025-10-25 10:00:00,2025-10-25 12:00:00,0.00626
Netherlands,NLD,2025-10-25 11:00:00,2025-10-25 13:00:00,0.004889999999999999
Netherlands,NLD,2025-10-25 12:00:00,2025-10-25 14:00:00,0.00421
Netherlands,NLD,2025-10-25 13:00:00,2025-10-25 15:00:00,0.00426
Netherlands,NLD,2025-10-25 14:00:00,2025-10-25 16:00:00,0.0060999999999999995
Netherlands,NLD,2025-10-25 15:00:00,2025-10-25 17:00:00,0.03748
Netherlands,NLD,2025-10-25 16:00:00,2025-10-25 18:00:00,0.063
Netherlands,NLD,2025-10-25 17:00:00,2025-10-25 19:00:00,0.0719
Netherlands,NLD,2025-10-25 18:00:00,2025-10-25 20:00:00,0.054700000000000006
Netherlands,NLD,2025-10-25 19:00:00,2025-10-25 21:00:00,0.0431
Netherlands,NLD,2025-10-25 20:00:00,2025-10-25 22:00:00,0.03087
Netherlands,NLD,2025-10-25 21:00:00,2025-10-25 23:00:00,0.01019
Netherlands,NLD,2025-10-25 22:00:00,2025-10-26 00:00:00,0.015
Netherlands,NLD,2025-10-25 23:00:00,2025-10-26 01:00:00,0.00381
Netherlands,NLD,2025-10-26 00:00:00,2025-10-26 02:00:00,0.00381
Netherlands,NLD,2025-10-26 01:00:00,2025-10-26 02:00:00,0.00204
Netherlands,NLD,2025-10-26 02:00:00,2025-10-26 03:00:00,0.00041999999999999996
Netherlands,NLD,2025-10-26 03:00:00,2025-10-26 04:00:00,0.00011999999999999999
Netherlands,NLD,2025-10-26 04:00:00,2025-10-26 05:00:00,0.00011
Netherlands,NLD,2025-10-26 05:00:00,2025-10-26 06:00:00,0.00015
Netherlands,NLD,2025-10-26 06:00:00,2025-10-26 07:00:00,0.00239
Netherlands,NLD,2025-10-26 07:00:00,2025-10-26 08:00:00,0.00433
Netherlands,NLD,2025-10-26 08:00:00,2025-10-26 09:00:00,0.0039
Netherlands,NLD,2025-10-26 09:00:00,2025-10-26 10:00:00,0.0016799999999999999
Netherlands,NLD,2025-10-26 10:00:00,2025-10-26 11:00:00,0.00033
Netherlands,NLD,2025-10-26 11:00:00,2025-10-26 12:00:00,0.00034
Netherlands,NLD,2025-10-26 12:00:00,2025-10-26 13:00:00,7.000000000000001e-05
Netherlands,NLD,2025-10-26 13:00:00,2025-10-26 14:00:00,-1e-05
Netherlands,NLD,2025-10-26 14:00:00,2025-10-26 15:00:00,0.00325
Netherlands,NLD,2025-10-26 15:00:00,2025-10-26 16:00:00,0.02797
Netherlands,NLD,2025-10-26 16:00:00,2025-10-26 17:00:00,0.054810000000000005
Netherlands,NLD,2025-10-26 17:00:00,2025-10-26 18:00:00,0.0896
Netherlands,NLD,2025-10-26 18:00:00,2025-10-26 19:00:00,0.07503
Netherlands,NLD,2025-10-26 19:00:00,2025-10-26 20:00:00,0.04721
Netherlands,NLD,2025-10-26 20:00:00,2025-10-26 21:00:00,0.0399
Netherlands,NLD,2025-10-26 21:00:00,2025-10-26 22:00:00,0.019899999999999998
Netherlands,NLD,2025-10-26 22:00:00,2025-10-26 23:00:00,0.00644
Netherlands,NLD,2025-10-26 23:00:00,2025-10-27 00:00:00,0.0009699999999999999
Netherlands,NLD,2025-10-27 00:00:00,2025-10-27 01:00:00,0.00091
Netherlands,NLD,2025-10-27 01:00:00,2025-10-27 02:00:00,-1e-05
Netherlands,NLD,2025-10-27 02:00:00,2025-10-27 03:00:00,-0.00041999999999999996
Netherlands,NLD,2025-10-27 03:00:00,2025-10-27 04:00:00,-0.00082
Netherlands,NLD,2025-10-27 04:00:00,2025-10-27 05:00:00,0.006809999999999999
Netherlands,NLD,2025-10-27 05:00:00,2025-10-27 06:00:00,0.04884
Netherlands,NLD,2025-10-27 06:00:00,2025-10-27 07:00:00,0.08095999999999999
Netherlands,NLD,2025-10-27 07:00:00,2025-10-27 08:00:00,0.09412000000000001
Netherlands,NLD,2025-10-27 08:00:00,2025-10-27 09:00:00,0.09487999999999999
Netherlands,NLD,2025-10-27 09:00:00,2025-10-27 10:00:00,0.0886
Netherlands,NLD,2025-10-27 10:00:00,2025-10-27 11:00:00,0.08385
Netherlands,NLD,2025-10-27 11:00:00,2025-10-27 12:00:00,0.0733
Netherlands,NLD,2025-10-27 12:00:00,2025-10-27 13:00:00,0.07
Netherlands,NLD,2025-10-27 13:00:00,2025-10-27 14:00:00,0.0715
Netherlands,NLD,2025-10-27 14:00:00,2025-10-27 15:00:00,0.07747
Netherlands,NLD,2025-10-27 15:00:00,2025-10-27 16:00:00,0.10018
Netherlands,NLD,2025-10-27 16:00:00,2025-10-27 17:00:00,0.10981999999999999
Netherlands,NLD,2025-10-27 17:00:00,2025-10-27 18:00:00,0.12724
Netherlands,NLD,2025-10-27 18:00:00,2025-10-27 19:00:00,0.11968999999999999
Netherlands,NLD,2025-10-27 19:00:00,2025-10-27 20:00:00,0.09608
Netherlands,NLD,2025-10-27 20:00:00,2025-10-27 21:00:00,0.09
Netherlands,NLD,2025-10-27 21:00:00,2025-10-27 22:00:00,0.08941
Netherlands,NLD,2025-10-27 22:00:00,2025-10-27 23:00:00,0.07903
Netherlands,NLD,2025-10-27 23:00:00,2025-10-28 00:00:00,0.05663
Netherlands,NLD,2025-10-28 00:00:00,2025-10-28 01:00:00,0.02938
Netherlands,NLD,2025-10-28 01:00:00,2025-10-28 02:00:00,0.0193
Netherlands,NLD,2025-10-28 02:00:00,2025-10-28 03:00:00,0.009890000000000001
Netherlands,NLD,2025-10-28 03:00:00,2025-10-28 04:00:00,0.010150000000000001
Netherlands,NLD,2025-10-28 04:00:00,2025-10-28 05:00:00,0.02887
Netherlands,NLD,2025-10-28 05:00:00,2025-10-28 06:00:00,0.05717
Netherlands,NLD,2025-10-28 06:00:00,2025-10-28 07:00:00,0.07542
Netherlands,NLD,2025-10-28 07:00:00,2025-10-28 08:00:00,0.08651
Netherlands,NLD,2025-10-28 08:00:00,2025-10-28 09:00:00,0.08521
Netherlands,NLD,2025-10-28 09:00:00,2025-10-28 10:00:00,0.07618000000000001
Netherlands,NLD,2025-10-28 10:00:00,2025-10-28 11:00:00,0.06938
Netherlands,NLD,2025-10-28 11:00:00,2025-10-28 12:00:00,0.06167
Netherlands,NLD,2025-10-28 12:00:00,2025-10-28 13:00:00,0.05518
Netherlands,NLD,2025-10-28 13:00:00,2025-10-28 14:00:00,0.05827
Netherlands,NLD,2025-10-28 14:00:00,2025-10-28 15:00:00,0.06988
Netherlands,NLD,2025-10-28 15:00:00,2025-10-28 16:00:00,0.08614
Netherlands,NLD,2025-10-28 16:00:00,2025-10-28 17:00:00,0.10294
Netherlands,NLD,2025-10-28 17:00:00,2025-10-28 18:00:00,0.12168000000000001
Netherlands,NLD,2025-10-28 18:00:00,2025-10-28 19:00:00,0.1149
Netherlands,NLD,2025-10-28 19:00:00,2025-10-28 20:00:00,0.09187999999999999
Netherlands,NLD,2025-10-28 20:00:00,2025-10-28 21:00:00,0.08295
Netherlands,NLD,2025-10-28 21:00:00,2025-10-28 22:00:00,0.08402
Netherlands,NLD,2025-10-28 22:00:00,2025-10-28 23:00:00,0.07338
Netherlands,NLD,2025-10-28 23:00:00,2025-10-29 00:00:00,0.061149999999999996
Netherlands,NLD,2025-10-29 00:00:00,2025-10-29 01:00:00,0.0567
Netherlands,NLD,2025-10-29 01:00:00,2025-10-29 02:00:00,0.05619
Netherlands,NLD,2025-10-29 02:00:00,2025-10-29 03:00:00,0.055810000000000005
Netherlands,NLD,2025-10-29 03:00:00,2025-10-29 04:00:00,0.0526
Netherlands,NLD,2025-10-29 04:00:00,2025-10-29 05:00:00,0.06341
Netherlands,NLD,2025-10-29 05:00:00,2025-10-29 06:00:00,0.09319
Netherlands,NLD,2025-10-29 06:00:00,2025-10-29 07:00:00,0.107
Netherlands,NLD,2025-10-29 07:00:00,2025-10-29 08:00:00,0.10013
Netherlands,NLD,2025-10-29 08:00:00,2025-10-29 09:00:00,0.09068999999999999
Netherlands,NLD,2025-10-29 09:00:00,2025-10-29 10:00:00,0.08486
Netherlands,NLD,2025-10-29 10:00:00,2025-10-29 11:00:00,0.08401
Netherlands,NLD,2025-10-29 11:00:00,2025-10-29 12:00:00,0.08985
Netherlands,NLD,2025-10-29 12:00:00,2025-10-29 13:00:00,0.08
Netherlands,NLD,2025-10-29 13:00:00,2025-10-29 14:00:00,0.0885
Netherlands,NLD,2025-10-29 14:00:00,2025-10-29 15:00:00,0.11435
Netherlands,NLD,2025-10-29 15:00:00,2025-10-29 16:00:00,0.1216
Netherlands,NLD,2025-10-29 16:00:00,2025-10-29 17:00:00,0.12624
Netherlands,NLD,2025-10-29 17:00:00,2025-10-29 18:00:00,0.12922999999999998
Netherlands,NLD,2025-10-29 18:00:00,2025-10-29 19:00:00,0.11453
Netherlands,NLD,2025-10-29 19:00:00,2025-10-29 20:00:00,0.10272
Netherlands,NLD,2025-10-29 20:00:00,2025-10-29 21:00:00,0.09516
Netherlands,NLD,2025-10-29 21:00:00,2025-10-29 22:00:00,0.09268000000000001
Netherlands,NLD,2025-10-29 22:00:00,2025-10-29 23:00:00,0.08556
Netherlands,NLD,2025-10-29 23:00:00,2025-10-30 00:00:00,0.06918
Netherlands,NLD,2025-10-30 00:00:00,2025-10-30 01:00:00,0.06467
Netherlands,NLD,2025-10-30 01:00:00,2025-10-30 02:00:00,0.06039
Netherlands,NLD,2025-10-30 02:00:00,2025-10-30 03:00:00,0.055409999999999994
Netherlands,NLD,2025-10-30 03:00:00,2025-10-30 04:00:00,0.05348
Netherlands,NLD,2025-10-30 04:00:00,2025-10-30 05:00:00,0.05898
Netherlands,NLD,2025-10-30 05:00:00,2025-10-30 06:00:00,0.06837
Netherlands,NLD,2025-10-30 06:00:00,2025-10-30 07:00:00,0.08285
Netherlands,NLD,2025-10-30 07:00:00,2025-10-30 08:00:00,0.09568
Netherlands,NLD,2025-10-30 08:00:00,2025-10-30 09:00:00,0.0727
Netherlands,NLD,2025-10-30 09:00:00,2025-10-30 10:00:00,0.05922
Netherlands,NLD,2025-10-30 10:00:00,2025-10-30 11:00:00,0.0513
Netherlands,NLD,2025-10-30 11:00:00,2025-10-30 12:00:00,0.04439
Netherlands,NLD,2025-10-30 12:00:00,2025-10-30 13:00:00,0.05158
Netherlands,NLD,2025-10-30 13:00:00,2025-10-30 14:00:00,0.08
Netherlands,NLD,2025-10-30 14:00:00,2025-10-30 15:00:00,0.09770000000000001
Netherlands,NLD,2025-10-30 15:00:00,2025-10-30 16:00:00,0.11292
Netherlands,NLD,2025-10-30 16:00:00,2025-10-30 17:00:00,0.11665
Netherlands,NLD,2025-10-30 17:00:00,2025-10-30 18:00:00,0.11789
Netherlands,NLD,2025-10-30 18:00:00,2025-10-30 19:00:00,0.11399
Netherlands,NLD,2025-10-30 19:00:00,2025-10-30 20:00:00,0.1015
Netherlands,NLD,2025-10-30 20:00:00,2025-10-30 21:00:00,0.09054000000000001
Netherlands,NLD,2025-10-30 21:00:00,2025-10-30 22:00:00,0.09039
Netherlands,NLD,2025-10-30 22:00:00,2025-10-30 23:00:00,0.076
Netherlands,NLD,2025-10-30 23:00:00,2025-10-31 00:00:00,0.07709999999999999
Netherlands,NLD,2025-10-31 00:00:00,2025-10-31 01:00:00,0.06874
Netherlands,NLD,2025-10-31 01:00:00,2025-10-31 02:00:00,0.06623
Netherlands,NLD,2025-10-31 02:00:00,2025-10-31 03:00:00,0.06634999999999999
Netherlands,NLD,2025-10-31 03:00:00,2025-10-31 04:00:00,0.0696
Netherlands,NLD,2025-10-31 04:00:00,2025-10-31 05:00:00,0.08
Netherlands,NLD,2025-10-31 05:00:00,2025-10-31 06:00:00,0.10654000000000001
Netherlands,NLD,2025-10-31 06:00:00,2025-10-31 07:00:00,0.10679999999999999
Netherlands,NLD,2025-10-31 07:00:00,2025-10-31 08:00:00,0.09764
Netherlands,NLD,2025-10-31 08:00:00,2025-10-31 09:00:00,0.08123000000000001
Netherlands,NLD,2025-10-31 09:00:00,2025-10-31 10:00:00,0.07687000000000001
Netherlands,NLD,2025-10-31 10:00:00,2025-10-31 11:00:00,0.07115
Netherlands,NLD,2025-10-31 11:00:00,2025-10-31 12:00:00,0.07257
Netherlands,NLD,2025-10-31 12:00:00,2025-10-31 13:00:00,0.07451
Netherlands,NLD,2025-10-31 13:00:00,2025-10-31 14:00:00,0.09246
Netherlands,NLD,2025-10-31 14:00:00,2025-10-31 15:00:00,0.11273999999999999
Netherlands,NLD,2025-10-31 15:00:00,2025-10-31 16:00:00,0.1163
Netherlands,NLD,2025-10-31 16:00:00,2025-10-31 17:00:00,0.11034999999999999
Netherlands,NLD,2025-10-31 17:00:00,2025-10-31 18:00:00,0.09881000000000001
Netherlands,NLD,2025-10-31 18:00:00,2025-10-31 19:00:00,0.08302
Netherlands,NLD,2025-10-31 19:00:00,2025-10-31 20:00:00,0.07671
Netherlands,NLD,2025-10-31 20:00:00,2025-10-31 21:00:00,0.07662000000000001
Netherlands,NLD,2025-10-31 21:00:00,2025-10-31 22:00:00,0.07303
Netherlands,NLD,2025-10-31 22:00:00,2025-10-31 23:00:00,0.0585
Netherlands,NLD,2025-10-31 23:00:00,2025-11-01 00:00:00,0.05029
Netherlands,NLD,2025-11-01 00:00:00,2025-11-01 01:00:00,0.03258
Netherlands,NLD,2025-11-01 01:00:00,2025-11-01 02:00:00,0.02195
Netherlands,NLD,2025-11-01 02:00:00,2025-11-01 03:00:00,0.01829
Netherlands,NLD,2025-11-01 03:00:00,2025-11-01 04:00:00,0.01478
Netherlands,NLD,2025-11-01 04:00:00,2025-11-01 05:00:00,0.0072699999999999996
Netherlands,NLD,2025-11-01 05:00:00,2025-11-01 06:00:00,0.00801
Netherlands,NLD,2025-11-01 06:00:00,2025-11-01 07:00:00,0.014150000000000001
Netherlands,NLD,2025-11-01 07:00:00,2025-11-01 08:00:00,0.02752
Netherlands,NLD,2025-11-01 08:00:00,2025-11-01 09:00:00,0.026199999999999998
Netherlands,NLD,2025-11-01 09:00:00,2025-11-01 10:00:00,0.0183
Netherlands,NLD,2025-11-01 10:00:00,2025-11-01 11:00:00,0.01576
Netherlands,NLD,2025-11-01 11:00:00,2025-11-01 12:00:00,0.02102
Netherlands,NLD,2025-11-01 12:00:00,2025-11-01 13:00:00,0.031129999999999998
Netherlands,NLD,2025-11-01 13:00:00,2025-11-01 14:00:00,0.048409999999999995
Netherlands,NLD,2025-11-01 14:00:00,2025-11-01 15:00:00,0.05518
Netherlands,NLD,2025-11-01 15:00:00,2025-11-01 16:00:00,0.07148
Netherlands,NLD,2025-11-01 16:00:00,2025-11-01 17:00:00,0.08387
Netherlands,NLD,2025-11-01 17:00:00,2025-11-01 18:00:00,0.08814
Netherlands,NLD,2025-11-01 18:00:00,2025-11-01 19:00:00,0.08466
Netherlands,NLD,2025-11-01 19:00:00,2025-11-01 20:00:00,0.07922
Netherlands,NLD,2025-11-01 20:00:00,2025-11-01 21:00:00,0.07508
Netherlands,NLD,2025-11-01 21:00:00,2025-11-01 22:00:00,0.0773
Netherlands,NLD,2025-11-01 22:00:00,2025-11-01 23:00:00,0.07282
Netherlands,NLD,2025-11-01 23:00:00,2025-11-02 00:00:00,0.05644
Netherlands,NLD,2025-11-02 00:00:00,2025-11-02 01:00:00,0.05382
Netherlands,NLD,2025-11-02 01:00:00,2025-11-02 02:00:00,0.05356
Netherlands,NLD,2025-11-02 02:00:00,2025-11-02 03:00:00,0.054799999999999995
Netherlands,NLD,2025-11-02 03:00:00,2025-11-02 04:00:00,0.05794
Netherlands,NLD,2025-11-02 04:00:00,2025-11-02 05:00:00,0.05985
Netherlands,NLD,2025-11-02 05:00:00,2025-11-02 06:00:00,0.062
Netherlands,NLD,2025-11-02 06:00:00,2025-11-02 07:00:00,0.06538
Netherlands,NLD,2025-11-02 07:00:00,2025-11-02 08:00:00,0.06792000000000001
Netherlands,NLD,2025-11-02 08:00:00,2025-11-02 09:00:00,0.0674
Netherlands,NLD,2025-11-02 09:00:00,2025-11-02 10:00:00,0.06559999999999999
Netherlands,NLD,2025-11-02 10:00:00,2025-11-02 11:00:00,0.06458
Netherlands,NLD,2025-11-02 11:00:00,2025-11-02 12:00:00,0.06567
Netherlands,NLD,2025-11-02 12:00:00,2025-11-02 13:00:00,0.0689
Netherlands,NLD,2025-11-02 13:00:00,2025-11-02 14:00:00,0.07585
Netherlands,NLD,2025-11-02 14:00:00,2025-11-02 15:00:00,0.09129999999999999
Netherlands,NLD,2025-11-02 15:00:00,2025-11-02 16:00:00,0.09848
Netherlands,NLD,2025-11-02 16:00:00,2025-11-02 17:00:00,0.11753
Netherlands,NLD,2025-11-02 17:00:00,2025-11-02 18:00:00,0.12224
Netherlands,NLD,2025-11-02 18:00:00,2025-11-02 19:00:00,0.1056
Netherlands,NLD,2025-11-02 19:00:00,2025-11-02 20:00:00,0.09026
Netherlands,NLD,2025-11-02 20:00:00,2025-11-02 21:00:00,0.085
Netherlands,NLD,2025-11-02 21:00:00,2025-11-02 22:00:00,0.08454
Netherlands,NLD,2025-11-02 22:00:00,2025-11-02 23:00:00,0.07822
Netherlands,NLD,2025-11-02 23:00:00,2025-11-03 00:00:00,0.07812999999999999
Netherlands,NLD,2025-11-03 00:00:00,2025-11-03 01:00:00,0.07372
Netherlands,NLD,2025-11-03 01:00:00,2025-11-03 02:00:00,0.06982
Netherlands,NLD,2025-11-03 02:00:00,2025-11-03 03:00:00,0.06639
Netherlands,NLD,2025-11-03 03:00:00,2025-11-03 04:00:00,0.06758
Netherlands,NLD,2025-11-03 04:00:00,2025-11-03 05:00:00,0.06911
Netherlands,NLD,2025-11-03 05:00:00,2025-11-03 06:00:00,0.08829000000000001
Netherlands,NLD,2025-11-03 06:00:00,2025-11-03 07:00:00,0.11072
Netherlands,NLD,2025-11-03 07:00:00,2025-11-03 08:00:00,0.10477
Netherlands,NLD,2025-11-03 08:00:00,2025-11-03 09:00:00,0.08437
Netherlands,NLD,2025-11-03 09:00:00,2025-11-03 10:00:00,0.07377
Netherlands,NLD,2025-11-03 10:00:00,2025-11-03 11:00:00,0.06789
Netherlands,NLD,2025-11-03 11:00:00,2025-11-03 12:00:00,0.06267
Netherlands,NLD,2025-11-03 12:00:00,2025-11-03 13:00:00,0.06641
Netherlands,NLD,2025-11-03 13:00:00,2025-11-03 14:00:00,0.06944
Netherlands,NLD,2025-11-03 14:00:00,2025-11-03 15:00:00,0.07731
Netherlands,NLD,2025-11-03 15:00:00,2025-11-03 16:00:00,0.09
Netherlands,NLD,2025-11-03 16:00:00,2025-11-03 17:00:00,0.093
Netherlands,NLD,2025-11-03 17:00:00,2025-11-03 18:00:00,0.09215999999999999
Netherlands,NLD,2025-11-03 18:00:00,2025-11-03 19:00:00,0.08353000000000001
Netherlands,NLD,2025-11-03 19:00:00,2025-11-03 20:00:00,0.07349
Netherlands,NLD,2025-11-03 20:00:00,2025-11-03 21:00:00,0.06074
Netherlands,NLD,2025-11-03 21:00:00,2025-11-03 22:00:00,0.05282
Netherlands,NLD,2025-11-03 22:00:00,2025-11-03 23:00:00,0.02982
Netherlands,NLD,2025-11-03 23:00:00,2025-11-04 00:00:00,0.01549
Netherlands,NLD,2025-11-04 00:00:00,2025-11-04 01:00:00,0.00822
Netherlands,NLD,2025-11-04 01:00:00,2025-11-04 02:00:00,0.00638
Netherlands,NLD,2025-11-04 02:00:00,2025-11-04 03:00:00,0.005849999999999999
Netherlands,NLD,2025-11-04 03:00:00,2025-11-04 04:00:00,0.01382
Netherlands,NLD,2025-11-04 04:00:00,2025-11-04 05:00:00,0.04243
Netherlands,NLD,2025-11-04 05:00:00,2025-11-04 06:00:00,0.07114
Netherlands,NLD,2025-11-04 06:00:00,2025-11-04 07:00:00,0.10665999999999999
Netherlands,NLD,2025-11-04 07:00:00,2025-11-04 08:00:00,0.10459
Netherlands,NLD,2025-11-04 08:00:00,2025-11-04 09:00:00,0.084
Netherlands,NLD,2025-11-04 09:00:00,2025-11-04 10:00:00,0.09415000000000001
Netherlands,NLD,2025-11-04 10:00:00,2025-11-04 11:00:00,0.07792
Netherlands,NLD,2025-11-04 11:00:00,2025-11-04 12:00:00,0.07016
Netherlands,NLD,2025-11-04 12:00:00,2025-11-04 13:00:00,0.07467
Netherlands,NLD,2025-11-04 13:00:00,2025-11-04 14:00:00,0.07671
Netherlands,NLD,2025-11-04 14:00:00,2025-11-04 15:00:00,0.09569
Netherlands,NLD,2025-11-04 15:00:00,2025-11-04 16:00:00,0.10912999999999999
Netherlands,NLD,2025-11-04 16:00:00,2025-11-04 17:00:00,0.10843000000000001
Netherlands,NLD,2025-11-04 17:00:00,2025-11-04 18:00:00,0.10807
Netherlands,NLD,2025-11-04 18:00:00,2025-11-04 19:00:00,0.09562000000000001
Netherlands,NLD,2025-11-04 19:00:00,2025-11-04 20:00:00,0.0866
Netherlands,NLD,2025-11-04 20:00:00,2025-11-04 21:00:00,0.0798
Netherlands,NLD,2025-11-04 21:00:00,2025-11-04 22:00:00,0.07787999999999999
Netherlands,NLD,2025-11-04 22:00:00,2025-11-04 23:00:00,0.06892
Netherlands,NLD,2025-11-04 23:00:00,2025-11-05 00:00:00,0.06884
Netherlands,NLD,2025-11-05 00:00:00,2025-11-05 01:00:00,0.06693
Netherlands,NLD,2025-11-05 01:00:00,2025-11-05 02:00:00,0.06599
Netherlands,NLD,2025-11-05 02:00:00,2025-11-05 03:00:00,0.06606000000000001
Netherlands,NLD,2025-11-05 03:00:00,2025-11-05 04:00:00,0.06509999999999999
Netherlands,NLD,2025-11-05 04:00:00,2025-11-05 05:00:00,0.07332
Netherlands,NLD,2025-11-05 05:00:00,2025-11-05 06:00:00,0.07768000000000001
Netherlands,NLD,2025-11-05 06:00:00,2025-11-05 07:00:00,0.10226
Netherlands,NLD,2025-11-05 07:00:00,2025-11-05 08:00:00,0.09992
Netherlands,NLD,2025-11-05 08:00:00,2025-11-05 09:00:00,0.1007
Netherlands,NLD,2025-11-05 09:00:00,2025-11-05 10:00:00,0.07490000000000001
Netherlands,NLD,2025-11-05 10:00:00,2025-11-05 11:00:00,0.06377000000000001
Netherlands,NLD,2025-11-05 11:00:00,2025-11-05 12:00:00,0.06051
Netherlands,NLD,2025-11-05 12:00:00,2025-11-05 13:00:00,0.06851
Netherlands,NLD,2025-11-05 13:00:00,2025-11-05 14:00:00,0.08421
Netherlands,NLD,2025-11-05 14:00:00,2025-11-05 15:00:00,0.10047
Netherlands,NLD,2025-11-05 15:00:00,2025-11-05 16:00:00,0.11878
Netherlands,NLD,2025-11-05 16:00:00,2025-11-05 17:00:00,0.12592
Netherlands,NLD,2025-11-05 17:00:00,2025-11-05 18:00:00,0.11104
Netherlands,NLD,2025-11-05 18:00:00,2025-11-05 19:00:00,0.10194
Netherlands,NLD,2025-11-05 19:00:00,2025-11-05 20:00:00,0.09229000000000001
Netherlands,NLD,2025-11-05 20:00:00,2025-11-05 21:00:00,0.08448
Netherlands,NLD,2025-11-05 21:00:00,2025-11-05 22:00:00,0.07887999999999999
Netherlands,NLD,2025-11-05 22:00:00,2025-11-05 23:00:00,0.07804000000000001
Netherlands,NLD,2025-11-05 23:00:00,2025-11-06 00:00:00,0.08158
Netherlands,NLD,2025-11-06 00:00:00,2025-11-06 01:00:00,0.07853
Netherlands,NLD,2025-11-06 01:00:00,2025-11-06 02:00:00,0.07884000000000001
Netherlands,NLD,2025-11-06 02:00:00,2025-11-06 03:00:00,0.07676000000000001
Netherlands,NLD,2025-11-06 03:00:00,2025-11-06 04:00:00,0.07756
Netherlands,NLD,2025-11-06 04:00:00,2025-11-06 05:00:00,0.07903
Netherlands,NLD,2025-11-06 05:00:00,2025-11-06 06:00:00,0.10527
Netherlands,NLD,2025-11-06 06:00:00,2025-11-06 07:00:00,0.117
Netherlands,NLD,2025-11-06 07:00:00,2025-11-06 08:00:00,0.11077
Netherlands,NLD,2025-11-06 08:00:00,2025-11-06 09:00:00,0.09320999999999999
Netherlands,NLD,2025-11-06 09:00:00,2025-11-06 10:00:00,0.08516
Netherlands,NLD,2025-11-06 10:00:00,2025-11-06 11:00:00,0.0837
Netherlands,NLD,2025-11-06 11:00:00,2025-11-06 12:00:00,0.08298
Netherlands,NLD,2025-11-06 12:00:00,2025-11-06 13:00:00,0.08326
Netherlands,NLD,2025-11-06 13:00:00,2025-11-06 14:00:00,0.09436
Netherlands,NLD,2025-11-06 14:00:00,2025-11-06 15:00:00,0.12040000000000001
Netherlands,NLD,2025-11-06 15:00:00,2025-11-06 16:00:00,0.15215
Netherlands,NLD,2025-11-06 16:00:00,2025-11-06 17:00:00,0.15994
Netherlands,NLD,2025-11-06 17:00:00,2025-11-06 18:00:00,0.13907
Netherlands,NLD,2025-11-06 18:00:00,2025-11-06 19:00:00,0.12646
Netherlands,NLD,2025-11-06 19:00:00,2025-11-06 20:00:00,0.11426
Netherlands,NLD,2025-11-06 20:00:00,2025-11-06 21:00:00,0.09983
Netherlands,NLD,2025-11-06 21:00:00,2025-11-06 22:00:00,0.09604
Netherlands,NLD,2025-11-06 22:00:00,2025-11-06 23:00:00,0.0888
Netherlands,NLD,2025-11-06 23:00:00,2025-11-07 00:00:00,0.08503
Netherlands,NLD,2025-11-07 00:00:00,2025-11-07 01:00:00,0.08255
Netherlands,NLD,2025-11-07 01:00:00,2025-11-07 02:00:00,0.08284
Netherlands,NLD,2025-11-07 02:00:00,2025-11-07 03:00:00,0.08063
Netherlands,NLD,2025-11-07 03:00:00,2025-11-07 04:00:00,0.08078
Netherlands,NLD,2025-11-07 04:00:00,2025-11-07 05:00:00,0.086
Netherlands,NLD,2025-11-07 05:00:00,2025-11-07 06:00:00,0.10542
Netherlands,NLD,2025-11-07 06:00:00,2025-11-07 07:00:00,0.12321
Netherlands,NLD,2025-11-07 07:00:00,2025-11-07 08:00:00,0.12082999999999999
Netherlands,NLD,2025-11-07 08:00:00,2025-11-07 09:00:00,0.1023
Netherlands,NLD,2025-11-07 09:00:00,2025-11-07 10:00:00,0.08798
Netherlands,NLD,2025-11-07 10:00:00,2025-11-07 11:00:00,0.0842
Netherlands,NLD,2025-11-07 11:00:00,2025-11-07 12:00:00,0.08318
Netherlands,NLD,2025-11-07 12:00:00,2025-11-07 13:00:00,0.08502
Netherlands,NLD,2025-11-07 13:00:00,2025-11-07 14:00:00,0.09495
Netherlands,NLD,2025-11-07 14:00:00,2025-11-07 15:00:00,0.11671
Netherlands,NLD,2025-11-07 15:00:00,2025-11-07 16:00:00,0.14872
Netherlands,NLD,2025-11-07 16:00:00,2025-11-07 17:00:00,0.16504
Netherlands,NLD,2025-11-07 17:00:00,2025-11-07 18:00:00,0.13948
Netherlands,NLD,2025-11-07 18:00:00,2025-11-07 19:00:00,0.12781
Netherlands,NLD,2025-11-07 19:00:00,2025-11-07 20:00:00,0.1141
Netherlands,NLD,2025-11-07 20:00:00,2025-11-07 21:00:00,0.10256
Netherlands,NLD,2025-11-07 21:00:00,2025-11-07 22:00:00,0.09622
Netherlands,NLD,2025-11-07 22:00:00,2025-11-07 23:00:00,0.08924
Netherlands,NLD,2025-11-07 23:00:00,2025-11-08 00:00:00,0.09198999999999999
Netherlands,NLD,2025-11-08 00:00:00,2025-11-08 01:00:00,0.09040000000000001
Netherlands,NLD,2025-11-08 01:00:00,2025-11-08 02:00:00,0.08768000000000001
Netherlands,NLD,2025-11-08 02:00:00,2025-11-08 03:00:00,0.08681
Netherlands,NLD,2025-11-08 03:00:00,2025-11-08 04:00:00,0.08658
Netherlands,NLD,2025-11-08 04:00:00,2025-11-08 05:00:00,0.08651
Netherlands,NLD,2025-11-08 05:00:00,2025-11-08 06:00:00,0.08957999999999999
Netherlands,NLD,2025-11-08 06:00:00,2025-11-08 07:00:00,0.09715
Netherlands,NLD,2025-11-08 07:00:00,2025-11-08 08:00:00,0.09720999999999999
Netherlands,NLD,2025-11-08 08:00:00,2025-11-08 09:00:00,0.09673999999999999
Netherlands,NLD,2025-11-08 09:00:00,2025-11-08 10:00:00,0.09534000000000001
Netherlands,NLD,2025-11-08 10:00:00,2025-11-08 11:00:00,0.09014
Netherlands,NLD,2025-11-08 11:00:00,2025-11-08 12:00:00,0.08892
Netherlands,NLD,2025-11-08 12:00:00,2025-11-08 13:00:00,0.0883
Netherlands,NLD,2025-11-08 13:00:00,2025-11-08 14:00:00,0.09255
Netherlands,NLD,2025-11-08 14:00:00,2025-11-08 15:00:00,0.10634
Netherlands,NLD,2025-11-08 15:00:00,2025-11-08 16:00:00,0.11302
Netherlands,NLD,2025-11-08 16:00:00,2025-11-08 17:00:00,0.12538
Netherlands,NLD,2025-11-08 17:00:00,2025-11-08 18:00:00,0.13105
Netherlands,NLD,2025-11-08 18:00:00,2025-11-08 19:00:00,0.12679
Netherlands,NLD,2025-11-08 19:00:00,2025-11-08 20:00:00,0.11775
Netherlands,NLD,2025-11-08 20:00:00,2025-11-08 21:00:00,0.10803
Netherlands,NLD,2025-11-08 21:00:00,2025-11-08 22:00:00,0.10151
Netherlands,NLD,2025-11-08 22:00:00,2025-11-08 23:00:00,0.0935
Netherlands,NLD,2025-11-08 23:00:00,2025-11-09 00:00:00,0.09201999999999999
Netherlands,NLD,2025-11-09 00:00:00,2025-11-09 01:00:00,0.08948
Netherlands,NLD,2025-11-09 01:00:00,2025-11-09 02:00:00,0.08702
Netherlands,NLD,2025-11-09 02:00:00,2025-11-09 03:00:00,0.08506
Netherlands,NLD,2025-11-09 03:00:00,2025-11-09 04:00:00,0.08553
Netherlands,NLD,2025-11-09 04:00:00,2025-11-09 05:00:00,0.08605
Netherlands,NLD,2025-11-09 05:00:00,2025-11-09 06:00:00,0.08599
Netherlands,NLD,2025-11-09 06:00:00,2025-11-09 07:00:00,0.08635
Netherlands,NLD,2025-11-09 07:00:00,2025-11-09 08:00:00,0.09329000000000001
Netherlands,NLD,2025-11-09 08:00:00,2025-11-09 09:00:00,0.09101000000000001
Netherlands,NLD,2025-11-09 09:00:00,2025-11-09 10:00:00,0.08928
Netherlands,NLD,2025-11-09 10:00:00,2025-11-09 11:00:00,0.08928
Netherlands,NLD,2025-11-09 11:00:00,2025-11-09 12:00:00,0.09022
Netherlands,NLD,2025-11-09 12:00:00,2025-11-09 13:00:00,0.0863
Netherlands,NLD,2025-11-09 13:00:00,2025-11-09 14:00:00,0.08561
Netherlands,NLD,2025-11-09 14:00:00,2025-11-09 15:00:00,0.09003
Netherlands,NLD,2025-11-09 15:00:00,2025-11-09 16:00:00,0.10285
Netherlands,NLD,2025-11-09 16:00:00,2025-11-09 17:00:00,0.11976
Netherlands,NLD,2025-11-09 17:00:00,2025-11-09 18:00:00,0.12204000000000001
Netherlands,NLD,2025-11-09 18:00:00,2025-11-09 19:00:00,0.11629
Netherlands,NLD,2025-11-09 19:00:00,2025-11-09 20:00:00,0.10274
Netherlands,NLD,2025-11-09 20:00:00,2025-11-09 21:00:00,0.09090000000000001
Netherlands,NLD,2025-11-09 21:00:00,2025-11-09 22:00:00,0.09051999999999999
Netherlands,NLD,2025-11-09 22:00:00,2025-11-09 23:00:00,0.08688
Netherlands,NLD,2025-11-09 23:00:00,2025-11-10 00:00:00,0.0815
Netherlands,NLD,2025-11-10 00:00:00,2025-11-10 01:00:00,0.07851000000000001
Netherlands,NLD,2025-11-10 01:00:00,2025-11-10 02:00:00,0.07939
Netherlands,NLD,2025-11-10 02:00:00,2025-11-10 03:00:00,0.07714
Netherlands,NLD,2025-11-10 03:00:00,2025-11-10 04:00:00,0.07715000000000001
Netherlands,NLD,2025-11-10 04:00:00,2025-11-10 05:00:00,0.08201
Netherlands,NLD,2025-11-10 05:00:00,2025-11-10 06:00:00,0.09716
Netherlands,NLD,2025-11-10 06:00:00,2025-11-10 07:00:00,0.12067
Netherlands,NLD,2025-11-10 07:00:00,2025-11-10 08:00:00,0.13371
Netherlands,NLD,2025-11-10 08:00:00,2025-11-10 09:00:00,0.12387999999999999
Netherlands,NLD,2025-11-10 09:00:00,2025-11-10 10:00:00,0.096
Netherlands,NLD,2025-11-10 10:00:00,2025-11-10 11:00:00,0.089
Netherlands,NLD,2025-11-10 11:00:00,2025-11-10 12:00:00,0.09117
Netherlands,NLD,2025-11-10 12:00:00,2025-11-10 13:00:00,0.09117
Netherlands,NLD,2025-11-10 13:00:00,2025-11-10 14:00:00,0.10135
Netherlands,NLD,2025-11-10 14:00:00,2025-11-10 15:00:00,0.11687
Netherlands,NLD,2025-11-10 15:00:00,2025-11-10 16:00:00,0.12556
Netherlands,NLD,2025-11-10 16:00:00,2025-11-10 17:00:00,0.13
Netherlands,NLD,2025-11-10 17:00:00,2025-11-10 18:00:00,0.1147
Netherlands,NLD,2025-11-10 18:00:00,2025-11-10 19:00:00,0.10009
Netherlands,NLD,2025-11-10 19:00:00,2025-11-10 20:00:00,0.0882
Netherlands,NLD,2025-11-10 20:00:00,2025-11-10 21:00:00,0.08508
Netherlands,NLD,2025-11-10 21:00:00,2025-11-10 22:00:00,0.08345999999999999
Netherlands,NLD,2025-11-10 22:00:00,2025-11-10 23:00:00,0.07784
Netherlands,NLD,2025-11-10 23:00:00,2025-11-11 00:00:00,0.07654000000000001
Netherlands,NLD,2025-11-11 00:00:00,2025-11-11 01:00:00,0.07282
Netherlands,NLD,2025-11-11 01:00:00,2025-11-11 02:00:00,0.06935
Netherlands,NLD,2025-11-11 02:00:00,2025-11-11 03:00:00,0.06756000000000001
Netherlands,NLD,2025-11-11 03:00:00,2025-11-11 04:00:00,0.06722
Netherlands,NLD,2025-11-11 04:00:00,2025-11-11 05:00:00,0.06805
Netherlands,NLD,2025-11-11 05:00:00,2025-11-11 06:00:00,0.07617
Netherlands,NLD,2025-11-11 06:00:00,2025-11-11 07:00:00,0.09161
Netherlands,NLD,2025-11-11 07:00:00,2025-11-11 08:00:00,0.1
Netherlands,NLD,2025-11-11 08:00:00,2025-11-11 09:00:00,0.096
Netherlands,NLD,2025-11-11 09:00:00,2025-11-11 10:00:00,0.08807999999999999
Netherlands,NLD,2025-11-11 10:00:00,2025-11-11 11:00:00,0.08259999999999999
Netherlands,NLD,2025-11-11 11:00:00,2025-11-11 12:00:00,0.07561
Netherlands,NLD,2025-11-11 12:00:00,2025-11-11 13:00:00,0.07764
Netherlands,NLD,2025-11-11 13:00:00,2025-11-11 14:00:00,0.08596
Netherlands,NLD,2025-11-11 14:00:00,2025-11-11 15:00:00,0.1055
Netherlands,NLD,2025-11-11 15:00:00,2025-11-11 16:00:00,0.12414
Netherlands,NLD,2025-11-11 16:00:00,2025-11-11 17:00:00,0.12777
Netherlands,NLD,2025-11-11 17:00:00,2025-11-11 18:00:00,0.10406
Netherlands,NLD,2025-11-11 18:00:00,2025-11-11 19:00:00,0.09098
Netherlands,NLD,2025-11-11 19:00:00,2025-11-11 20:00:00,0.08562
Netherlands,NLD,2025-11-11 20:00:00,2025-11-11 21:00:00,0.0833
Netherlands,NLD,2025-11-11 21:00:00,2025-11-11 22:00:00,0.08
Netherlands,NLD,2025-11-11 22:00:00,2025-11-11 23:00:00,0.06569
Netherlands,NLD,2025-11-11 23:00:00,2025-11-12 00:00:00,0.06720000000000001
Netherlands,NLD,2025-11-12 00:00:00,2025-11-12 01:00:00,0.05849
Netherlands,NLD,2025-11-12 01:00:00,2025-11-12 02:00:00,0.054939999999999996
Netherlands,NLD,2025-11-12 02:00:00,2025-11-12 03:00:00,0.05216
Netherlands,NLD,2025-11-12 03:00:00,2025-11-12 04:00:00,0.046590000000000006
Netherlands,NLD,2025-11-12 04:00:00,2025-11-12 05:00:00,0.053009999999999995
Netherlands,NLD,2025-11-12 05:00:00,2025-11-12 06:00:00,0.06
Netherlands,NLD,2025-11-12 06:00:00,2025-11-12 07:00:00,0.10183
Netherlands,NLD,2025-11-12 07:00:00,2025-11-12 08:00:00,0.09516
Netherlands,NLD,2025-11-12 08:00:00,2025-11-12 09:00:00,0.08059999999999999
Netherlands,NLD,2025-11-12 09:00:00,2025-11-12 10:00:00,0.06892
Netherlands,NLD,2025-11-12 10:00:00,2025-11-12 11:00:00,0.05291
Netherlands,NLD,2025-11-12 11:00:00,2025-11-12 12:00:00,0.0526
Netherlands,NLD,2025-11-12 12:00:00,2025-11-12 13:00:00,0.06531999999999999
Netherlands,NLD,2025-11-12 13:00:00,2025-11-12 14:00:00,0.08042
Netherlands,NLD,2025-11-12 14:00:00,2025-11-12 15:00:00,0.09996
Netherlands,NLD,2025-11-12 15:00:00,2025-11-12 16:00:00,0.10268000000000001
Netherlands,NLD,2025-11-12 16:00:00,2025-11-12 17:00:00,0.10687
Netherlands,NLD,2025-11-12 17:00:00,2025-11-12 18:00:00,0.09903
Netherlands,NLD,2025-11-12 18:00:00,2025-11-12 19:00:00,0.08445
Netherlands,NLD,2025-11-12 19:00:00,2025-11-12 20:00:00,0.0792
Netherlands,NLD,2025-11-12 20:00:00,2025-11-12 21:00:00,0.06853000000000001
Netherlands,NLD,2025-11-12 21:00:00,2025-11-12 22:00:00,0.06941
Netherlands,NLD,2025-11-12 22:00:00,2025-11-12 23:00:00,0.05403
Netherlands,NLD,2025-11-12 23:00:00,2025-11-13 00:00:00,0.0299
Netherlands,NLD,2025-11-13 00:00:00,2025-11-13 01:00:00,0.01706
Netherlands,NLD,2025-11-13 01:00:00,2025-11-13 02:00:00,0.0086
Netherlands,NLD,2025-11-13 02:00:00,2025-11-13 03:00:00,0.00488
Netherlands,NLD,2025-11-13 03:00:00,2025-11-13 04:00:00,0.0041600000000000005
Netherlands,NLD,2025-11-13 04:00:00,2025-11-13 05:00:00,0.022629999999999997
Netherlands,NLD,2025-11-13 05:00:00,2025-11-13 06:00:00,0.04457
Netherlands,NLD,2025-11-13 06:00:00,2025-11-13 07:00:00,0.07244
Netherlands,NLD,2025-11-13 07:00:00,2025-11-13 08:00:00,0.08681
Netherlands,NLD,2025-11-13 08:00:00,2025-11-13 09:00:00,0.09745000000000001
Netherlands,NLD,2025-11-13 09:00:00,2025-11-13 10:00:00,0.08607
Netherlands,NLD,2025-11-13 10:00:00,2025-11-13 11:00:00,0.08406999999999999
Netherlands,NLD,2025-11-13 11:00:00,2025-11-13 12:00:00,0.08796
Netherlands,NLD,2025-11-13 12:00:00,2025-11-13 13:00:00,0.099
Netherlands,NLD,2025-11-13 13:00:00,2025-11-13 14:00:00,0.095
Netherlands,NLD,2025-11-13 14:00:00,2025-11-13 15:00:00,0.0992
Netherlands,NLD,2025-11-13 15:00:00,2025-11-13 16:00:00,0.1198
Netherlands,NLD,2025-11-13 16:00:00,2025-11-13 17:00:00,0.11903
Netherlands,NLD,2025-11-13 17:00:00,2025-11-13 18:00:00,0.12196
Netherlands,NLD,2025-11-13 18:00:00,2025-11-13 19:00:00,0.12
Netherlands,NLD,2025-11-13 19:00:00,2025-11-13 20:00:00,0.10184
Netherlands,NLD,2025-11-13 20:00:00,2025-11-13 21:00:00,0.10516
Netherlands,NLD,2025-11-13 21:00:00,2025-11-13 22:00:00,0.09941
Netherlands,NLD,2025-11-13 22:00:00,2025-11-13 23:00:00,0.09196
Netherlands,NLD,2025-11-13 23:00:00,2025-11-14 00:00:00,0.08773
Netherlands,NLD,2025-11-14 00:00:00,2025-11-14 01:00:00,0.08533
Netherlands,NLD,2025-11-14 01:00:00,2025-11-14 02:00:00,0.08316
Netherlands,NLD,2025-11-14 02:00:00,2025-11-14 03:00:00,0.08004
Netherlands,NLD,2025-11-14 03:00:00,2025-11-14 04:00:00,0.07967
Netherlands,NLD,2025-11-14 04:00:00,2025-11-14 05:00:00,0.07926000000000001
Netherlands,NLD,2025-11-14 05:00:00,2025-11-14 06:00:00,0.09694
Netherlands,NLD,2025-11-14 06:00:00,2025-11-14 07:00:00,0.12015
Netherlands,NLD,2025-11-14 07:00:00,2025-11-14 08:00:00,0.1216
Netherlands,NLD,2025-11-14 08:00:00,2025-11-14 09:00:00,0.10740000000000001
Netherlands,NLD,2025-11-14 09:00:00,2025-11-14 10:00:00,0.09872
Netherlands,NLD,2025-11-14 10:00:00,2025-11-14 11:00:00,0.09397
Netherlands,NLD,2025-11-14 11:00:00,2025-11-14 12:00:00,0.09065999999999999
Netherlands,NLD,2025-11-14 12:00:00,2025-11-14 13:00:00,0.09381999999999999
Netherlands,NLD,2025-11-14 13:00:00,2025-11-14 14:00:00,0.09656
Netherlands,NLD,2025-11-14 14:00:00,2025-11-14 15:00:00,0.10342
Netherlands,NLD,2025-11-14 15:00:00,2025-11-14 16:00:00,0.10474
Netherlands,NLD,2025-11-14 16:00:00,2025-11-14 17:00:00,0.11481
Netherlands,NLD,2025-11-14 17:00:00,2025-11-14 18:00:00,0.08990000000000001
Netherlands,NLD,2025-11-14 18:00:00,2025-11-14 19:00:00,0.08605
Netherlands,NLD,2025-11-14 19:00:00,2025-11-14 20:00:00,0.08738
Netherlands,NLD,2025-11-14 20:00:00,2025-11-14 21:00:00,0.08059999999999999
Netherlands,NLD,2025-11-14 21:00:00,2025-11-14 22:00:00,0.08673
Netherlands,NLD,2025-11-14 22:00:00,2025-11-14 23:00:00,0.07143000000000001
Netherlands,NLD,2025-11-14 23:00:00,2025-11-15 00:00:00,0.0685
Netherlands,NLD,2025-11-15 00:00:00,2025-11-15 01:00:00,0.06864
Netherlands,NLD,2025-11-15 01:00:00,2025-11-15 02:00:00,0.06305
Netherlands,NLD,2025-11-15 02:00:00,2025-11-15 03:00:00,0.06365
Netherlands,NLD,2025-11-15 03:00:00,2025-11-15 04:00:00,0.060219999999999996
Netherlands,NLD,2025-11-15 04:00:00,2025-11-15 05:00:00,0.06172
Netherlands,NLD,2025-11-15 05:00:00,2025-11-15 06:00:00,0.05858
Netherlands,NLD,2025-11-15 06:00:00,2025-11-15 07:00:00,0.06876
Netherlands,NLD,2025-11-15 07:00:00,2025-11-15 08:00:00,0.08036
Netherlands,NLD,2025-11-15 08:00:00,2025-11-15 09:00:00,0.08367000000000001
Netherlands,NLD,2025-11-15 09:00:00,2025-11-15 10:00:00,0.0869
Netherlands,NLD,2025-11-15 10:00:00,2025-11-15 11:00:00,0.0878
Netherlands,NLD,2025-11-15 11:00:00,2025-11-15 12:00:00,0.08592
Netherlands,NLD,2025-11-15 12:00:00,2025-11-15 13:00:00,0.08653
Netherlands,NLD,2025-11-15 13:00:00,2025-11-15 14:00:00,0.08832999999999999
Netherlands,NLD,2025-11-15 14:00:00,2025-11-15 15:00:00,0.09209
Netherlands,NLD,2025-11-15 15:00:00,2025-11-15 16:00:00,0.09490000000000001
Netherlands,NLD,2025-11-15 16:00:00,2025-11-15 17:00:00,0.10568000000000001
Netherlands,NLD,2025-11-15 17:00:00,2025-11-15 18:00:00,0.11276
Netherlands,NLD,2025-11-15 18:00:00,2025-11-15 19:00:00,0.10512
Netherlands,NLD,2025-11-15 19:00:00,2025-11-15 20:00:00,0.09444
Netherlands,NLD,2025-11-15 20:00:00,2025-11-15 21:00:00,0.09337999999999999
Netherlands,NLD,2025-11-15 21:00:00,2025-11-15 22:00:00,0.09197
Netherlands,NLD,2025-11-15 22:00:00,2025-11-15 23:00:00,0.089
Netherlands,NLD,2025-11-15 23:00:00,2025-11-16 00:00:00,0.0871
Netherlands,NLD,2025-11-16 00:00:00,2025-11-16 01:00:00,0.08471
Netherlands,NLD,2025-11-16 01:00:00,2025-11-16 02:00:00,0.08294
Netherlands,NLD,2025-11-16 02:00:00,2025-11-16 03:00:00,0.08581
Netherlands,NLD,2025-11-16 03:00:00,2025-11-16 04:00:00,0.07791
Netherlands,NLD,2025-11-16 04:00:00,2025-11-16 05:00:00,0.08045000000000001
Netherlands,NLD,2025-11-16 05:00:00,2025-11-16 06:00:00,0.07598999999999999
Netherlands,NLD,2025-11-16 06:00:00,2025-11-16 07:00:00,0.08259999999999999
Netherlands,NLD,2025-11-16 07:00:00,2025-11-16 08:00:00,0.08652
Netherlands,NLD,2025-11-16 08:00:00,2025-11-16 09:00:00,0.08826
Netherlands,NLD,2025-11-16 09:00:00,2025-11-16 10:00:00,0.08663
Netherlands,NLD,2025-11-16 10:00:00,2025-11-16 11:00:00,0.09
Netherlands,NLD,2025-11-16 11:00:00,2025-11-16 12:00:00,0.09504
Netherlands,NLD,2025-11-16 12:00:00,2025-11-16 13:00:00,0.09248
Netherlands,NLD,2025-11-16 13:00:00,2025-11-16 14:00:00,0.09556999999999999
Netherlands,NLD,2025-11-16 14:00:00,2025-11-16 15:00:00,0.09949
Netherlands,NLD,2025-11-16 15:00:00,2025-11-16 16:00:00,0.10848999999999999
Netherlands,NLD,2025-11-16 16:00:00,2025-11-16 17:00:00,0.11812
Netherlands,NLD,2025-11-16 17:00:00,2025-11-16 18:00:00,0.1174
Netherlands,NLD,2025-11-16 18:00:00,2025-11-16 19:00:00,0.10990000000000001
Netherlands,NLD,2025-11-16 19:00:00,2025-11-16 20:00:00,0.09393000000000001
Netherlands,NLD,2025-11-16 20:00:00,2025-11-16 21:00:00,0.08453000000000001
Netherlands,NLD,2025-11-16 21:00:00,2025-11-16 22:00:00,0.08954000000000001
Netherlands,NLD,2025-11-16 22:00:00,2025-11-16 23:00:00,0.0824
Netherlands,NLD,2025-11-16 23:00:00,2025-11-17 00:00:00,0.08238
Netherlands,NLD,2025-11-17 00:00:00,2025-11-17 01:00:00,0.07654000000000001
Netherlands,NLD,2025-11-17 01:00:00,2025-11-17 02:00:00,0.06995
Netherlands,NLD,2025-11-17 02:00:00,2025-11-17 03:00:00,0.05898
Netherlands,NLD,2025-11-17 03:00:00,2025-11-17 04:00:00,0.05828
Netherlands,NLD,2025-11-17 04:00:00,2025-11-17 05:00:00,0.0632
Netherlands,NLD,2025-11-17 05:00:00,2025-11-17 06:00:00,0.07364
Netherlands,NLD,2025-11-17 06:00:00,2025-11-17 07:00:00,0.093
Netherlands,NLD,2025-11-17 07:00:00,2025-11-17 08:00:00,0.105
Netherlands,NLD,2025-11-17 08:00:00,2025-11-17 09:00:00,0.09756999999999999
Netherlands,NLD,2025-11-17 09:00:00,2025-11-17 10:00:00,0.0849
Netherlands,NLD,2025-11-17 10:00:00,2025-11-17 11:00:00,0.0713
Netherlands,NLD,2025-11-17 11:00:00,2025-11-17 12:00:00,0.07304000000000001
Netherlands,NLD,2025-11-17 12:00:00,2025-11-17 13:00:00,0.07322
Netherlands,NLD,2025-11-17 13:00:00,2025-11-17 14:00:00,0.08059000000000001
Netherlands,NLD,2025-11-17 14:00:00,2025-11-17 15:00:00,0.08603
Netherlands,NLD,2025-11-17 15:00:00,2025-11-17 16:00:00,0.08593
Netherlands,NLD,2025-11-17 16:00:00,2025-11-17 17:00:00,0.113
Netherlands,NLD,2025-11-17 17:00:00,2025-11-17 18:00:00,0.11598
Netherlands,NLD,2025-11-17 18:00:00,2025-11-17 19:00:00,0.11064
Netherlands,NLD,2025-11-17 19:00:00,2025-11-17 20:00:00,0.10135
Netherlands,NLD,2025-11-17 20:00:00,2025-11-17 21:00:00,0.08710999999999999
Netherlands,NLD,2025-11-17 21:00:00,2025-11-17 22:00:00,0.085
Netherlands,NLD,2025-11-17 22:00:00,2025-11-17 23:00:00,0.08103
Netherlands,NLD,2025-11-17 23:00:00,2025-11-18 00:00:00,0.08459
Netherlands,NLD,2025-11-18 00:00:00,2025-11-18 01:00:00,0.08226
Netherlands,NLD,2025-11-18 01:00:00,2025-11-18 02:00:00,0.07804000000000001
Netherlands,NLD,2025-11-18 02:00:00,2025-11-18 03:00:00,0.07772
Netherlands,NLD,2025-11-18 03:00:00,2025-11-18 04:00:00,0.079
Netherlands,NLD,2025-11-18 04:00:00,2025-11-18 05:00:00,0.08136
Netherlands,NLD,2025-11-18 05:00:00,2025-11-18 06:00:00,0.08918000000000001
Netherlands,NLD,2025-11-18 06:00:00,2025-11-18 07:00:00,0.09945999999999999
Netherlands,NLD,2025-11-18 07:00:00,2025-11-18 08:00:00,0.1155
Netherlands,NLD,2025-11-18 08:00:00,2025-11-18 09:00:00,0.10535
Netherlands,NLD,2025-11-18 09:00:00,2025-11-18 10:00:00,0.0906
Netherlands,NLD,2025-11-18 10:00:00,2025-11-18 11:00:00,0.08521
Netherlands,NLD,2025-11-18 11:00:00,2025-11-18 12:00:00,0.08576
Netherlands,NLD,2025-11-18 12:00:00,2025-11-18 13:00:00,0.08692
Netherlands,NLD,2025-11-18 13:00:00,2025-11-18 14:00:00,0.09336
Netherlands,NLD,2025-11-18 14:00:00,2025-11-18 15:00:00,0.11631999999999999
Netherlands,NLD,2025-11-18 15:00:00,2025-11-18 16:00:00,0.13523
Netherlands,NLD,2025-11-18 16:00:00,2025-11-18 17:00:00,0.1449
Netherlands,NLD,2025-11-18 17:00:00,2025-11-18 18:00:00,0.14202
Netherlands,NLD,2025-11-18 18:00:00,2025-11-18 19:00:00,0.13108
Netherlands,NLD,2025-11-18 19:00:00,2025-11-18 20:00:00,0.10585
Netherlands,NLD,2025-11-18 20:00:00,2025-11-18 21:00:00,0.0938
Netherlands,NLD,2025-11-18 21:00:00,2025-11-18 22:00:00,0.09738
Netherlands,NLD,2025-11-18 22:00:00,2025-11-18 23:00:00,0.08996
Netherlands,NLD,2025-11-18 23:00:00,2025-11-19 00:00:00,0.08645
Netherlands,NLD,2025-11-19 00:00:00,2025-11-19 01:00:00,0.08583
Netherlands,NLD,2025-11-19 01:00:00,2025-11-19 02:00:00,0.08252
Netherlands,NLD,2025-11-19 02:00:00,2025-11-19 03:00:00,0.07979
Netherlands,NLD,2025-11-19 03:00:00,2025-11-19 04:00:00,0.08108
Netherlands,NLD,2025-11-19 04:00:00,2025-11-19 05:00:00,0.08451
Netherlands,NLD,2025-11-19 05:00:00,2025-11-19 06:00:00,0.09467
Netherlands,NLD,2025-11-19 06:00:00,2025-11-19 07:00:00,0.12207
Netherlands,NLD,2025-11-19 07:00:00,2025-11-19 08:00:00,0.13406
Netherlands,NLD,2025-11-19 08:00:00,2025-11-19 09:00:00,0.11306000000000001
Netherlands,NLD,2025-11-19 09:00:00,2025-11-19 10:00:00,0.09669
Netherlands,NLD,2025-11-19 10:00:00,2025-11-19 11:00:00,0.08934
Netherlands,NLD,2025-11-19 11:00:00,2025-11-19 12:00:00,0.08691
Netherlands,NLD,2025-11-19 12:00:00,2025-11-19 13:00:00,0.08948
Netherlands,NLD,2025-11-19 13:00:00,2025-11-19 14:00:00,0.09837
Netherlands,NLD,2025-11-19 14:00:00,2025-11-19 15:00:00,0.10995999999999999
Netherlands,NLD,2025-11-19 15:00:00,2025-11-19 16:00:00,0.10864
Netherlands,NLD,2025-11-19 16:00:00,2025-11-19 17:00:00,0.11957999999999999
Netherlands,NLD,2025-11-19 17:00:00,2025-11-19 18:00:00,0.11808
Netherlands,NLD,2025-11-19 18:00:00,2025-11-19 19:00:00,0.11824
Netherlands,NLD,2025-11-19 19:00:00,2025-11-19 20:00:00,0.1046
Netherlands,NLD,2025-11-19 20:00:00,2025-11-19 21:00:00,0.09754
Netherlands,NLD,2025-11-19 21:00:00,2025-11-19 22:00:00,0.09802
Netherlands,NLD,2025-11-19 22:00:00,2025-11-19 23:00:00,0.09187999999999999
Netherlands,NLD,2025-11-19 23:00:00,2025-11-20 00:00:00,0.0896
Netherlands,NLD,2025-11-20 00:00:00,2025-11-20 01:00:00,0.08624
Netherlands,NLD,2025-11-20 01:00:00,2025-11-20 02:00:00,0.08523
Netherlands,NLD,2025-11-20 02:00:00,2025-11-20 03:00:00,0.0848
Netherlands,NLD,2025-11-20 03:00:00,2025-11-20 04:00:00,0.08522
Netherlands,NLD,2025-11-20 04:00:00,2025-11-20 05:00:00,0.08906
Netherlands,NLD,2025-11-20 05:00:00,2025-11-20 06:00:00,0.1001
Netherlands,NLD,2025-11-20 06:00:00,2025-11-20 07:00:00,0.13873
Netherlands,NLD,2025-11-20 07:00:00,2025-11-20 08:00:00,0.15028
Netherlands,NLD,2025-11-20 08:00:00,2025-11-20 09:00:00,0.14884999999999998
Netherlands,NLD,2025-11-20 09:00:00,2025-11-20 10:00:00,0.1362
Netherlands,NLD,2025-11-20 10:00:00,2025-11-20 11:00:00,0.12436
Netherlands,NLD,2025-11-20 11:00:00,2025-11-20 12:00:00,0.12135
Netherlands,NLD,2025-11-20 12:00:00,2025-11-20 13:00:00,0.121
Netherlands,NLD,2025-11-20 13:00:00,2025-11-20 14:00:00,0.12946000000000002
Netherlands,NLD,2025-11-20 14:00:00,2025-11-20 15:00:00,0.14303
Netherlands,NLD,2025-11-20 15:00:00,2025-11-20 16:00:00,0.16586
Netherlands,NLD,2025-11-20 16:00:00,2025-11-20 17:00:00,0.17103
Netherlands,NLD,2025-11-20 17:00:00,2025-11-20 18:00:00,0.16222999999999999
Netherlands,NLD,2025-11-20 18:00:00,2025-11-20 19:00:00,0.15537
Netherlands,NLD,2025-11-20 19:00:00,2025-11-20 20:00:00,0.13545
Netherlands,NLD,2025-11-20 20:00:00,2025-11-20 21:00:00,0.11826
Netherlands,NLD,2025-11-20 21:00:00,2025-11-20 22:00:00,0.10740000000000001
Netherlands,NLD,2025-11-20 22:00:00,2025-11-20 23:00:00,0.09364
Netherlands,NLD,2025-11-20 23:00:00,2025-11-21 00:00:00,0.09859
Netherlands,NLD,2025-11-21 00:00:00,2025-11-21 01:00:00,0.09323999999999999
Netherlands,NLD,2025-11-21 01:00:00,2025-11-21 02:00:00,0.08956
Netherlands,NLD,2025-11-21 02:00:00,2025-11-21 03:00:00,0.08888
Netherlands,NLD,2025-11-21 03:00:00,2025-11-21 04:00:00,0.09128
Netherlands,NLD,2025-11-21 04:00:00,2025-11-21 05:00:00,0.0988
Netherlands,NLD,2025-11-21 05:00:00,2025-11-21 06:00:00,0.12686
Netherlands,NLD,2025-11-21 06:00:00,2025-11-21 07:00:00,0.17432
Netherlands,NLD,2025-11-21 07:00:00,2025-11-21 08:00:00,0.20395
Netherlands,NLD,2025-11-21 08:00:00,2025-11-21 09:00:00,0.18033000000000002
Netherlands,NLD,2025-11-21 09:00:00,2025-11-21 10:00:00,0.14463
Netherlands,NLD,2025-11-21 10:00:00,2025-11-21 11:00:00,0.13126
Netherlands,NLD,2025-11-21 11:00:00,2025-11-21 12:00:00,0.12262
Netherlands,NLD,2025-11-21 12:00:00,2025-11-21 13:00:00,0.1252
Netherlands,NLD,2025-11-21 13:00:00,2025-11-21 14:00:00,0.14583000000000002
Netherlands,NLD,2025-11-21 14:00:00,2025-11-21 15:00:00,0.18318
Netherlands,NLD,2025-11-21 15:00:00,2025-11-21 16:00:00,0.23143
Netherlands,NLD,2025-11-21 16:00:00,2025-11-21 17:00:00,0.24146
Netherlands,NLD,2025-11-21 17:00:00,2025-11-21 18:00:00,0.20122
Netherlands,NLD,2025-11-21 18:00:00,2025-11-21 19:00:00,0.17022
Netherlands,NLD,2025-11-21 19:00:00,2025-11-21 20:00:00,0.14093
Netherlands,NLD,2025-11-21 20:00:00,2025-11-21 21:00:00,0.11558
Netherlands,NLD,2025-11-21 21:00:00,2025-11-21 22:00:00,0.10239
Netherlands,NLD,2025-11-21 22:00:00,2025-11-21 23:00:00,0.09334
Netherlands,NLD,2025-11-21 23:00:00,2025-11-22 00:00:00,0.10042
Netherlands,NLD,2025-11-22 00:00:00,2025-11-22 01:00:00,0.09443
Netherlands,NLD,2025-11-22 01:00:00,2025-11-22 02:00:00,0.08843999999999999
Netherlands,NLD,2025-11-22 02:00:00,2025-11-22 03:00:00,0.08528
Netherlands,NLD,2025-11-22 03:00:00,2025-11-22 04:00:00,0.08142
Netherlands,NLD,2025-11-22 04:00:00,2025-11-22 05:00:00,0.07837999999999999
Netherlands,NLD,2025-11-22 05:00:00,2025-11-22 06:00:00,0.07947
Netherlands,NLD,2025-11-22 06:00:00,2025-11-22 07:00:00,0.08796
Netherlands,NLD,2025-11-22 07:00:00,2025-11-22 08:00:00,0.1
Netherlands,NLD,2025-11-22 08:00:00,2025-11-22 09:00:00,0.08942
Netherlands,NLD,2025-11-22 09:00:00,2025-11-22 10:00:00,0.08238
Netherlands,NLD,2025-11-22 10:00:00,2025-11-22 11:00:00,0.07886
Netherlands,NLD,2025-11-22 11:00:00,2025-11-22 12:00:00,0.07651999999999999
Netherlands,NLD,2025-11-22 12:00:00,2025-11-22 13:00:00,0.07622
Netherlands,NLD,2025-11-22 13:00:00,2025-11-22 14:00:00,0.08148000000000001
Netherlands,NLD,2025-11-22 14:00:00,2025-11-22 15:00:00,0.08779
Netherlands,NLD,2025-11-22 15:00:00,2025-11-22 16:00:00,0.09809999999999999
Netherlands,NLD,2025-11-22 16:00:00,2025-11-22 17:00:00,0.1093
Netherlands,NLD,2025-11-22 17:00:00,2025-11-22 18:00:00,0.10434
Netherlands,NLD,2025-11-22 18:00:00,2025-11-22 19:00:00,0.0922
Netherlands,NLD,2025-11-22 19:00:00,2025-11-22 20:00:00,0.08839
Netherlands,NLD,2025-11-22 20:00:00,2025-11-22 21:00:00,0.08544
Netherlands,NLD,2025-11-22 21:00:00,2025-11-22 22:00:00,0.08977
Netherlands,NLD,2025-11-22 22:00:00,2025-11-22 23:00:00,0.07884000000000001
Netherlands,NLD,2025-11-22 23:00:00,2025-11-23 00:00:00,0.08153
Netherlands,NLD,2025-11-23 00:00:00,2025-11-23 01:00:00,0.07435
Netherlands,NLD,2025-11-23 01:00:00,2025-11-23 02:00:00,0.07044
Netherlands,NLD,2025-11-23 02:00:00,2025-11-23 03:00:00,0.06323
Netherlands,NLD,2025-11-23 03:00:00,2025-11-23 04:00:00,0.060880000000000004
Netherlands,NLD,2025-11-23 04:00:00,2025-11-23 05:00:00,0.06374
Netherlands,NLD,2025-11-23 05:00:00,2025-11-23 06:00:00,0.06018
Netherlands,NLD,2025-11-23 06:00:00,2025-11-23 07:00:00,0.06576
Netherlands,NLD,2025-11-23 07:00:00,2025-11-23 08:00:00,0.06802
Netherlands,NLD,2025-11-23 08:00:00,2025-11-23 09:00:00,0.06655
Netherlands,NLD,2025-11-23 09:00:00,2025-11-23 10:00:00,0.06670000000000001
Netherlands,NLD,2025-11-23 10:00:00,2025-11-23 11:00:00,0.06738
Netherlands,NLD,2025-11-23 11:00:00,2025-11-23 12:00:00,0.06838
Netherlands,NLD,2025-11-23 12:00:00,2025-11-23 13:00:00,0.0659
Netherlands,NLD,2025-11-23 13:00:00,2025-11-23 14:00:00,0.07118000000000001
Netherlands,NLD,2025-11-23 14:00:00,2025-11-23 15:00:00,0.07984000000000001
Netherlands,NLD,2025-11-23 15:00:00,2025-11-23 16:00:00,0.083
Netherlands,NLD,2025-11-23 16:00:00,2025-11-23 17:00:00,0.09140000000000001
Netherlands,NLD,2025-11-23 17:00:00,2025-11-23 18:00:00,0.08990000000000001
Netherlands,NLD,2025-11-23 18:00:00,2025-11-23 19:00:00,0.08651
Netherlands,NLD,2025-11-23 19:00:00,2025-11-23 20:00:00,0.08170000000000001
Netherlands,NLD,2025-11-23 20:00:00,2025-11-23 21:00:00,0.07584
Netherlands,NLD,2025-11-23 21:00:00,2025-11-23 22:00:00,0.07342
Netherlands,NLD,2025-11-23 22:00:00,2025-11-23 23:00:00,0.06931
Netherlands,NLD,2025-11-23 23:00:00,2025-11-24 00:00:00,0.07176
Netherlands,NLD,2025-11-24 00:00:00,2025-11-24 01:00:00,0.06903000000000001
Netherlands,NLD,2025-11-24 01:00:00,2025-11-24 02:00:00,0.0702
Netherlands,NLD,2025-11-24 02:00:00,2025-11-24 03:00:00,0.06968
Netherlands,NLD,2025-11-24 03:00:00,2025-11-24 04:00:00,0.06881999999999999
Netherlands,NLD,2025-11-24 04:00:00,2025-11-24 05:00:00,0.07640999999999999
Netherlands,NLD,2025-11-24 05:00:00,2025-11-24 06:00:00,0.08937
Netherlands,NLD,2025-11-24 06:00:00,2025-11-24 07:00:00,0.08906
Netherlands,NLD,2025-11-24 07:00:00,2025-11-24 08:00:00,0.09455
Netherlands,NLD,2025-11-24 08:00:00,2025-11-24 09:00:00,0.10114
Netherlands,NLD,2025-11-24 09:00:00,2025-11-24 10:00:00,0.11273999999999999
Netherlands,NLD,2025-11-24 10:00:00,2025-11-24 11:00:00,0.12315999999999999
Netherlands,NLD,2025-11-24 11:00:00,2025-11-24 12:00:00,0.1238
Netherlands,NLD,2025-11-24 12:00:00,2025-11-24 13:00:00,0.13917
Netherlands,NLD,2025-11-24 13:00:00,2025-11-24 14:00:00,0.14540999999999998
Netherlands,NLD,2025-11-24 14:00:00,2025-11-24 15:00:00,0.17505
Netherlands,NLD,2025-11-24 15:00:00,2025-11-24 16:00:00,0.20277
Netherlands,NLD,2025-11-24 16:00:00,2025-11-24 17:00:00,0.2375
Netherlands,NLD,2025-11-24 17:00:00,2025-11-24 18:00:00,0.20999
Netherlands,NLD,2025-11-24 18:00:00,2025-11-24 19:00:00,0.17462
Netherlands,NLD,2025-11-24 19:00:00,2025-11-24 20:00:00,0.14198
Netherlands,NLD,2025-11-24 20:00:00,2025-11-24 21:00:00,0.12778
Netherlands,NLD,2025-11-24 21:00:00,2025-11-24 22:00:00,0.11652
Netherlands,NLD,2025-11-24 22:00:00,2025-11-24 23:00:00,0.1004
Netherlands,NLD,2025-11-24 23:00:00,2025-11-25 00:00:00,0.09468
Netherlands,NLD,2025-11-25 00:00:00,2025-11-25 01:00:00,0.09140000000000001
Netherlands,NLD,2025-11-25 01:00:00,2025-11-25 02:00:00,0.08885
Netherlands,NLD,2025-11-25 02:00:00,2025-11-25 03:00:00,0.08609
Netherlands,NLD,2025-11-25 03:00:00,2025-11-25 04:00:00,0.08756
Netherlands,NLD,2025-11-25 04:00:00,2025-11-25 05:00:00,0.08626
Netherlands,NLD,2025-11-25 05:00:00,2025-11-25 06:00:00,0.09011
Netherlands,NLD,2025-11-25 06:00:00,2025-11-25 07:00:00,0.19499
Netherlands,NLD,2025-11-25 07:00:00,2025-11-25 08:00:00,0.22716
Netherlands,NLD,2025-11-25 08:00:00,2025-11-25 09:00:00,0.21665
Netherlands,NLD,2025-11-25 09:00:00,2025-11-25 10:00:00,0.18238
Netherlands,NLD,2025-11-25 10:00:00,2025-11-25 11:00:00,0.10955
Netherlands,NLD,2025-11-25 11:00:00,2025-11-25 12:00:00,0.10293000000000001
Netherlands,NLD,2025-11-25 12:00:00,2025-11-25 13:00:00,0.1057
Netherlands,NLD,2025-11-25 13:00:00,2025-11-25 14:00:00,0.12190999999999999
Netherlands,NLD,2025-11-25 14:00:00,2025-11-25 15:00:00,0.19
Netherlands,NLD,2025-11-25 15:00:00,2025-11-25 16:00:00,0.25754000000000005
Netherlands,NLD,2025-11-25 16:00:00,2025-11-25 17:00:00,0.28246
Netherlands,NLD,2025-11-25 17:00:00,2025-11-25 18:00:00,0.24747999999999998
Netherlands,NLD,2025-11-25 18:00:00,2025-11-25 19:00:00,0.2014
Netherlands,NLD,2025-11-25 19:00:00,2025-11-25 20:00:00,0.15433000000000002
Netherlands,NLD,2025-11-25 20:00:00,2025-11-25 21:00:00,0.12440000000000001
Netherlands,NLD,2025-11-25 21:00:00,2025-11-25 22:00:00,0.10728
Netherlands,NLD,2025-11-25 22:00:00,2025-11-25 23:00:00,0.09064
Netherlands,NLD,2025-11-25 23:00:00,2025-11-26 00:00:00,0.08568
Netherlands,NLD,2025-11-26 00:00:00,2025-11-26 01:00:00,0.08723
Netherlands,NLD,2025-11-26 01:00:00,2025-11-26 02:00:00,0.08491
Netherlands,NLD,2025-11-26 02:00:00,2025-11-26 03:00:00,0.08583
Netherlands,NLD,2025-11-26 03:00:00,2025-11-26 04:00:00,0.08611
Netherlands,NLD,2025-11-26 04:00:00,2025-11-26 05:00:00,0.09301999999999999
Netherlands,NLD,2025-11-26 05:00:00,2025-11-26 06:00:00,0.11229
Netherlands,NLD,2025-11-26 06:00:00,2025-11-26 07:00:00,0.17808000000000002
Netherlands,NLD,2025-11-26 07:00:00,2025-11-26 08:00:00,0.22016
Netherlands,NLD,2025-11-26 08:00:00,2025-11-26 09:00:00,0.19856000000000001
Netherlands,NLD,2025-11-26 09:00:00,2025-11-26 10:00:00,0.18267
Netherlands,NLD,2025-11-26 10:00:00,2025-11-26 11:00:00,0.16021000000000002
Netherlands,NLD,2025-11-26 11:00:00,2025-11-26 12:00:00,0.15321
Netherlands,NLD,2025-11-26 12:00:00,2025-11-26 13:00:00,0.15486000000000003
Netherlands,NLD,2025-11-26 13:00:00,2025-11-26 14:00:00,0.17099
Netherlands,NLD,2025-11-26 14:00:00,2025-11-26 15:00:00,0.20527
Netherlands,NLD,2025-11-26 15:00:00,2025-11-26 16:00:00,0.26758
Netherlands,NLD,2025-11-26 16:00:00,2025-11-26 17:00:00,0.27282999999999996
Netherlands,NLD,2025-11-26 17:00:00,2025-11-26 18:00:00,0.22174000000000002
Netherlands,NLD,2025-11-26 18:00:00,2025-11-26 19:00:00,0.18130000000000002
Netherlands,NLD,2025-11-26 19:00:00,2025-11-26 20:00:00,0.13862
Netherlands,NLD,2025-11-26 20:00:00,2025-11-26 21:00:00,0.11261
Netherlands,NLD,2025-11-26 21:00:00,2025-11-26 22:00:00,0.09804
Netherlands,NLD,2025-11-26 22:00:00,2025-11-26 23:00:00,0.08881
Netherlands,NLD,2025-11-26 23:00:00,2025-11-27 00:00:00,0.08981
Netherlands,NLD,2025-11-27 00:00:00,2025-11-27 01:00:00,0.08395999999999999
Netherlands,NLD,2025-11-27 01:00:00,2025-11-27 02:00:00,0.07918
Netherlands,NLD,2025-11-27 02:00:00,2025-11-27 03:00:00,0.07368000000000001
Netherlands,NLD,2025-11-27 03:00:00,2025-11-27 04:00:00,0.06517
Netherlands,NLD,2025-11-27 04:00:00,2025-11-27 05:00:00,0.07329000000000001
Netherlands,NLD,2025-11-27 05:00:00,2025-11-27 06:00:00,0.07078
Netherlands,NLD,2025-11-27 06:00:00,2025-11-27 07:00:00,0.09051999999999999
Netherlands,NLD,2025-11-27 07:00:00,2025-11-27 08:00:00,0.09998
Netherlands,NLD,2025-11-27 08:00:00,2025-11-27 09:00:00,0.095
Netherlands,NLD,2025-11-27 09:00:00,2025-11-27 10:00:00,0.08836
Netherlands,NLD,2025-11-27 10:00:00,2025-11-27 11:00:00,0.08544
Netherlands,NLD,2025-11-27 11:00:00,2025-11-27 12:00:00,0.08682
Netherlands,NLD,2025-11-27 12:00:00,2025-11-27 13:00:00,0.08657
Netherlands,NLD,2025-11-27 13:00:00,2025-11-27 14:00:00,0.09064
Netherlands,NLD,2025-11-27 14:00:00,2025-11-27 15:00:00,0.09198
Netherlands,NLD,2025-11-27 15:00:00,2025-11-27 16:00:00,0.09240000000000001
Netherlands,NLD,2025-11-27 16:00:00,2025-11-27 17:00:00,0.098
Netherlands,NLD,2025-11-27 17:00:00,2025-11-27 18:00:00,0.09361
Netherlands,NLD,2025-11-27 18:00:00,2025-11-27 19:00:00,0.087
Netherlands,NLD,2025-11-27 19:00:00,2025-11-27 20:00:00,0.07991
Netherlands,NLD,2025-11-27 20:00:00,2025-11-27 21:00:00,0.07878
Netherlands,NLD,2025-11-27 21:00:00,2025-11-27 22:00:00,0.06670000000000001
Netherlands,NLD,2025-11-27 22:00:00,2025-11-27 23:00:00,0.05582
Netherlands,NLD,2025-11-27 23:00:00,2025-11-28 00:00:00,0.0591
Netherlands,NLD,2025-11-28 00:00:00,2025-11-28 01:00:00,0.054810000000000005
Netherlands,NLD,2025-11-28 01:00:00,2025-11-28 02:00:00,0.05198
Netherlands,NLD,2025-11-28 02:00:00,2025-11-28 03:00:00,0.0458
Netherlands,NLD,2025-11-28 03:00:00,2025-11-28 04:00:00,0.05328
Netherlands,NLD,2025-11-28 04:00:00,2025-11-28 05:00:00,0.05811
Netherlands,NLD,2025-11-28 05:00:00,2025-11-28 06:00:00,0.07869
Netherlands,NLD,2025-11-28 06:00:00,2025-11-28 07:00:00,0.08162
Netherlands,NLD,2025-11-28 07:00:00,2025-11-28 08:00:00,0.09745000000000001
Netherlands,NLD,2025-11-28 08:00:00,2025-11-28 09:00:00,0.1038
Netherlands,NLD,2025-11-28 09:00:00,2025-11-28 10:00:00,0.09691
Netherlands,NLD,2025-11-28 10:00:00,2025-11-28 11:00:00,0.09475
Netherlands,NLD,2025-11-28 11:00:00,2025-11-28 12:00:00,0.09629
Netherlands,NLD,2025-11-28 12:00:00,2025-11-28 13:00:00,0.0963
Netherlands,NLD,2025-11-28 13:00:00,2025-11-28 14:00:00,0.078
Netherlands,NLD,2025-11-28 14:00:00,2025-11-28 15:00:00,0.10044
Netherlands,NLD,2025-11-28 15:00:00,2025-11-28 16:00:00,0.09412999999999999
Netherlands,NLD,2025-11-28 16:00:00,2025-11-28 17:00:00,0.09490000000000001
Netherlands,NLD,2025-11-28 17:00:00,2025-11-28 18:00:00,0.09153
Netherlands,NLD,2025-11-28 18:00:00,2025-11-28 19:00:00,0.09196
Netherlands,NLD,2025-11-28 19:00:00,2025-11-28 20:00:00,0.08597
Netherlands,NLD,2025-11-28 20:00:00,2025-11-28 21:00:00,0.08334
Netherlands,NLD,2025-11-28 21:00:00,2025-11-28 22:00:00,0.08398
Netherlands,NLD,2025-11-28 22:00:00,2025-11-28 23:00:00,0.07668000000000001
Netherlands,NLD,2025-11-28 23:00:00,2025-11-29 00:00:00,0.08041
Netherlands,NLD,2025-11-29 00:00:00,2025-11-29 01:00:00,0.07986
Netherlands,NLD,2025-11-29 01:00:00,2025-11-29 02:00:00,0.081
Netherlands,NLD,2025-11-29 02:00:00,2025-11-29 03:00:00,0.08158
Netherlands,NLD,2025-11-29 03:00:00,2025-11-29 04:00:00,0.08331000000000001
Netherlands,NLD,2025-11-29 04:00:00,2025-11-29 05:00:00,0.08712
Netherlands,NLD,2025-11-29 05:00:00,2025-11-29 06:00:00,0.08884
Netherlands,NLD,2025-11-29 06:00:00,2025-11-29 07:00:00,0.08525
Netherlands,NLD,2025-11-29 07:00:00,2025-11-29 08:00:00,0.08876
Netherlands,NLD,2025-11-29 08:00:00,2025-11-29 09:00:00,0.09814
Netherlands,NLD,2025-11-29 09:00:00,2025-11-29 10:00:00,0.09661
Netherlands,NLD,2025-11-29 10:00:00,2025-11-29 11:00:00,0.08990999999999999
Netherlands,NLD,2025-11-29 11:00:00,2025-11-29 12:00:00,0.08178
Netherlands,NLD,2025-11-29 12:00:00,2025-11-29 13:00:00,0.08247
Netherlands,NLD,2025-11-29 13:00:00,2025-11-29 14:00:00,0.08585
Netherlands,NLD,2025-11-29 14:00:00,2025-11-29 15:00:00,0.09658
Netherlands,NLD,2025-11-29 15:00:00,2025-11-29 16:00:00,0.09748
Netherlands,NLD,2025-11-29 16:00:00,2025-11-29 17:00:00,0.10338
Netherlands,NLD,2025-11-29 17:00:00,2025-11-29 18:00:00,0.09822
Netherlands,NLD,2025-11-29 18:00:00,2025-11-29 19:00:00,0.08936
Netherlands,NLD,2025-11-29 19:00:00,2025-11-29 20:00:00,0.08242000000000001
Netherlands,NLD,2025-11-29 20:00:00,2025-11-29 21:00:00,0.07987000000000001
Netherlands,NLD,2025-11-29 21:00:00,2025-11-29 22:00:00,0.085
Netherlands,NLD,2025-11-29 22:00:00,2025-11-29 23:00:00,0.07894
Netherlands,NLD,2025-11-29 23:00:00,2025-11-30 00:00:00,0.07476000000000001
Netherlands,NLD,2025-11-30 00:00:00,2025-11-30 01:00:00,0.06815
Netherlands,NLD,2025-11-30 01:00:00,2025-11-30 02:00:00,0.06620000000000001
Netherlands,NLD,2025-11-30 02:00:00,2025-11-30 03:00:00,0.06406999999999999
Netherlands,NLD,2025-11-30 03:00:00,2025-11-30 04:00:00,0.06578
Netherlands,NLD,2025-11-30 04:00:00,2025-11-30 05:00:00,0.07186
Netherlands,NLD,2025-11-30 05:00:00,2025-11-30 06:00:00,0.07279000000000001
Netherlands,NLD,2025-11-30 06:00:00,2025-11-30 07:00:00,0.07462
Netherlands,NLD,2025-11-30 07:00:00,2025-11-30 08:00:00,0.07867
Netherlands,NLD,2025-11-30 08:00:00,2025-11-30 09:00:00,0.08106000000000001
Netherlands,NLD,2025-11-30 09:00:00,2025-11-30 10:00:00,0.08272
Netherlands,NLD,2025-11-30 10:00:00,2025-11-30 11:00:00,0.07922
Netherlands,NLD,2025-11-30 11:00:00,2025-11-30 12:00:00,0.08
Netherlands,NLD,2025-11-30 12:00:00,2025-11-30 13:00:00,0.08072
Netherlands,NLD,2025-11-30 13:00:00,2025-11-30 14:00:00,0.08484
Netherlands,NLD,2025-11-30 14:00:00,2025-11-30 15:00:00,0.09
Netherlands,NLD,2025-11-30 15:00:00,2025-11-30 16:00:00,0.09121
Netherlands,NLD,2025-11-30 16:00:00,2025-11-30 17:00:00,0.10294
Netherlands,NLD,2025-11-30 17:00:00,2025-11-30 18:00:00,0.10563
Netherlands,NLD,2025-11-30 18:00:00,2025-11-30 19:00:00,0.10404000000000001
Netherlands,NLD,2025-11-30 19:00:00,2025-11-30 20:00:00,0.09791
Netherlands,NLD,2025-11-30 20:00:00,2025-11-30 21:00:00,0.09276000000000001
Netherlands,NLD,2025-11-30 21:00:00,2025-11-30 22:00:00,0.09133
Netherlands,NLD,2025-11-30 22:00:00,2025-11-30 23:00:00,0.0864
Netherlands,NLD,2025-11-30 23:00:00,2025-12-01 00:00:00,0.08622
Netherlands,NLD,2025-12-01 00:00:00,2025-12-01 01:00:00,0.08354
Netherlands,NLD,2025-12-01 01:00:00,2025-12-01 02:00:00,0.07840000000000001
Netherlands,NLD,2025-12-01 02:00:00,2025-12-01 03:00:00,0.06744
Netherlands,NLD,2025-12-01 03:00:00,2025-12-01 04:00:00,0.06261
Netherlands,NLD,2025-12-01 04:00:00,2025-12-01 05:00:00,0.06
Netherlands,NLD,2025-12-01 05:00:00,2025-12-01 06:00:00,0.06758
Netherlands,NLD,2025-12-01 06:00:00,2025-12-01 07:00:00,0.08959
Netherlands,NLD,2025-12-01 07:00:00,2025-12-01 08:00:00,0.09948
Netherlands,NLD,2025-12-01 08:00:00,2025-12-01 09:00:00,0.10267
Netherlands,NLD,2025-12-01 09:00:00,2025-12-01 10:00:00,0.0858
Netherlands,NLD,2025-12-01 10:00:00,2025-12-01 11:00:00,0.07987000000000001
Netherlands,NLD,2025-12-01 11:00:00,2025-12-01 12:00:00,0.07698999999999999
Netherlands,NLD,2025-12-01 12:00:00,2025-12-01 13:00:00,0.08614
Netherlands,NLD,2025-12-01 13:00:00,2025-12-01 14:00:00,0.0935
Netherlands,NLD,2025-12-01 14:00:00,2025-12-01 15:00:00,0.09065000000000001
Netherlands,NLD,2025-12-01 15:00:00,2025-12-01 16:00:00,0.0933
Netherlands,NLD,2025-12-01 16:00:00,2025-12-01 17:00:00,0.09964
Netherlands,NLD,2025-12-01 17:00:00,2025-12-01 18:00:00,0.09162000000000001
Netherlands,NLD,2025-12-01 18:00:00,2025-12-01 19:00:00,0.08677
Netherlands,NLD,2025-12-01 19:00:00,2025-12-01 20:00:00,0.08539
Netherlands,NLD,2025-12-01 20:00:00,2025-12-01 21:00:00,0.077
Netherlands,NLD,2025-12-01 21:00:00,2025-12-01 22:00:00,0.07640000000000001
Netherlands,NLD,2025-12-01 22:00:00,2025-12-01 23:00:00,0.07078
Netherlands,NLD,2025-12-01 23:00:00,2025-12-02 00:00:00,0.06409999999999999
Netherlands,NLD,2025-12-02 00:00:00,2025-12-02 01:00:00,0.05914
Netherlands,NLD,2025-12-02 01:00:00,2025-12-02 02:00:00,0.054079999999999996
Netherlands,NLD,2025-12-02 02:00:00,2025-12-02 03:00:00,0.05088
Netherlands,NLD,2025-12-02 03:00:00,2025-12-02 04:00:00,0.048799999999999996
Netherlands,NLD,2025-12-02 04:00:00,2025-12-02 05:00:00,0.06216
Netherlands,NLD,2025-12-02 05:00:00,2025-12-02 06:00:00,0.078
Netherlands,NLD,2025-12-02 06:00:00,2025-12-02 07:00:00,0.08001000000000001
Netherlands,NLD,2025-12-02 07:00:00,2025-12-02 08:00:00,0.0902
Netherlands,NLD,2025-12-02 08:00:00,2025-12-02 09:00:00,0.083
Netherlands,NLD,2025-12-02 09:00:00,2025-12-02 10:00:00,0.0879
Netherlands,NLD,2025-12-02 10:00:00,2025-12-02 11:00:00,0.08654
Netherlands,NLD,2025-12-02 11:00:00,2025-12-02 12:00:00,0.08717
Netherlands,NLD,2025-12-02 12:00:00,2025-12-02 13:00:00,0.08990000000000001
Netherlands,NLD,2025-12-02 13:00:00,2025-12-02 14:00:00,0.09011
Netherlands,NLD,2025-12-02 14:00:00,2025-12-02 15:00:00,0.09658
Netherlands,NLD,2025-12-02 15:00:00,2025-12-02 16:00:00,0.12072
Netherlands,NLD,2025-12-02 16:00:00,2025-12-02 17:00:00,0.14049
Netherlands,NLD,2025-12-02 17:00:00,2025-12-02 18:00:00,0.11953
Netherlands,NLD,2025-12-02 18:00:00,2025-12-02 19:00:00,0.109
Netherlands,NLD,2025-12-02 19:00:00,2025-12-02 20:00:00,0.095
Netherlands,NLD,2025-12-02 20:00:00,2025-12-02 21:00:00,0.08868999999999999
Netherlands,NLD,2025-12-02 21:00:00,2025-12-02 22:00:00,0.08758
Netherlands,NLD,2025-12-02 22:00:00,2025-12-02 23:00:00,0.09431999999999999
Netherlands,NLD,2025-12-02 23:00:00,2025-12-03 00:00:00,0.08312
Netherlands,NLD,2025-12-03 00:00:00,2025-12-03 01:00:00,0.08497
Netherlands,NLD,2025-12-03 01:00:00,2025-12-03 02:00:00,0.08456
Netherlands,NLD,2025-12-03 02:00:00,2025-12-03 03:00:00,0.08216
Netherlands,NLD,2025-12-03 03:00:00,2025-12-03 04:00:00,0.08199
Netherlands,NLD,2025-12-03 04:00:00,2025-12-03 05:00:00,0.08584
Netherlands,NLD,2025-12-03 05:00:00,2025-12-03 06:00:00,0.08395999999999999
Netherlands,NLD,2025-12-03 06:00:00,2025-12-03 07:00:00,0.10779000000000001
Netherlands,NLD,2025-12-03 07:00:00,2025-12-03 08:00:00,0.15484
Netherlands,NLD,2025-12-03 08:00:00,2025-12-03 09:00:00,0.14238
Netherlands,NLD,2025-12-03 09:00:00,2025-12-03 10:00:00,0.12951
Netherlands,NLD,2025-12-03 10:00:00,2025-12-03 11:00:00,0.12997999999999998
Netherlands,NLD,2025-12-03 11:00:00,2025-12-03 12:00:00,0.12881
Netherlands,NLD,2025-12-03 12:00:00,2025-12-03 13:00:00,0.13
Netherlands,NLD,2025-12-03 13:00:00,2025-12-03 14:00:00,0.1701
Netherlands,NLD,2025-12-03 14:00:00,2025-12-03 15:00:00,0.21052
Netherlands,NLD,2025-12-03 15:00:00,2025-12-03 16:00:00,0.25822
Netherlands,NLD,2025-12-03 16:00:00,2025-12-03 17:00:00,0.24287999999999998
Netherlands,NLD,2025-12-03 17:00:00,2025-12-03 18:00:00,0.19519999999999998
Netherlands,NLD,2025-12-03 18:00:00,2025-12-03 19:00:00,0.16637000000000002
Netherlands,NLD,2025-12-03 19:00:00,2025-12-03 20:00:00,0.14
Netherlands,NLD,2025-12-03 20:00:00,2025-12-03 21:00:00,0.1092
Netherlands,NLD,2025-12-03 21:00:00,2025-12-03 22:00:00,0.08990999999999999
Netherlands,NLD,2025-12-03 22:00:00,2025-12-03 23:00:00,0.0849
Netherlands,NLD,2025-12-03 23:00:00,2025-12-04 00:00:00,0.08942
Netherlands,NLD,2025-12-04 00:00:00,2025-12-04 01:00:00,0.08888
Netherlands,NLD,2025-12-04 01:00:00,2025-12-04 02:00:00,0.08528
Netherlands,NLD,2025-12-04 02:00:00,2025-12-04 03:00:00,0.08361
Netherlands,NLD,2025-12-04 03:00:00,2025-12-04 04:00:00,0.07853
Netherlands,NLD,2025-12-04 04:00:00,2025-12-04 05:00:00,0.08
Netherlands,NLD,2025-12-04 05:00:00,2025-12-04 06:00:00,0.076
Netherlands,NLD,2025-12-04 06:00:00,2025-12-04 07:00:00,0.11
Netherlands,NLD,2025-12-04 07:00:00,2025-12-04 08:00:00,0.12669
Netherlands,NLD,2025-12-04 08:00:00,2025-12-04 09:00:00,0.08258
Netherlands,NLD,2025-12-04 09:00:00,2025-12-04 10:00:00,0.09247
Netherlands,NLD,2025-12-04 10:00:00,2025-12-04 11:00:00,0.092
Netherlands,NLD,2025-12-04 11:00:00,2025-12-04 12:00:00,0.08906
Netherlands,NLD,2025-12-04 12:00:00,2025-12-04 13:00:00,0.09073
Netherlands,NLD,2025-12-04 13:00:00,2025-12-04 14:00:00,0.098
Netherlands,NLD,2025-12-04 14:00:00,2025-12-04 15:00:00,0.09717
Netherlands,NLD,2025-12-04 15:00:00,2025-12-04 16:00:00,0.13252
Netherlands,NLD,2025-12-04 16:00:00,2025-12-04 17:00:00,0.12856
Netherlands,NLD,2025-12-04 17:00:00,2025-12-04 18:00:00,0.12111
Netherlands,NLD,2025-12-04 18:00:00,2025-12-04 19:00:00,0.117
Netherlands,NLD,2025-12-04 19:00:00,2025-12-04 20:00:00,0.1103
Netherlands,NLD,2025-12-04 20:00:00,2025-12-04 21:00:00,0.09619
Netherlands,NLD,2025-12-04 21:00:00,2025-12-04 22:00:00,0.09118000000000001
Netherlands,NLD,2025-12-04 22:00:00,2025-12-04 23:00:00,0.085
Netherlands,NLD,2025-12-04 23:00:00,2025-12-05 00:00:00,0.075
Netherlands,NLD,2025-12-05 00:00:00,2025-12-05 01:00:00,0.08054
Netherlands,NLD,2025-12-05 01:00:00,2025-12-05 02:00:00,0.08023999999999999
Netherlands,NLD,2025-12-05 02:00:00,2025-12-05 03:00:00,0.08084000000000001
Netherlands,NLD,2025-12-05 03:00:00,2025-12-05 04:00:00,0.08004
Netherlands,NLD,2025-12-05 04:00:00,2025-12-05 05:00:00,0.09004999999999999
Netherlands,NLD,2025-12-05 05:00:00,2025-12-05 06:00:00,0.114
Netherlands,NLD,2025-12-05 06:00:00,2025-12-05 07:00:00,0.12613
Netherlands,NLD,2025-12-05 07:00:00,2025-12-05 08:00:00,0.17421999999999999
Netherlands,NLD,2025-12-05 08:00:00,2025-12-05 09:00:00,0.17646
Netherlands,NLD,2025-12-05 09:00:00,2025-12-05 10:00:00,0.16069999999999998
Netherlands,NLD,2025-12-05 10:00:00,2025-12-05 11:00:00,0.15358000000000002
Netherlands,NLD,2025-12-05 11:00:00,2025-12-05 12:00:00,0.14826
Netherlands,NLD,2025-12-05 12:00:00,2025-12-05 13:00:00,0.1406
Netherlands,NLD,2025-12-05 13:00:00,2025-12-05 14:00:00,0.13775
Netherlands,NLD,2025-12-05 14:00:00,2025-12-05 15:00:00,0.1381
Netherlands,NLD,2025-12-05 15:00:00,2025-12-05 16:00:00,0.13909
Netherlands,NLD,2025-12-05 16:00:00,2025-12-05 17:00:00,0.14
Netherlands,NLD,2025-12-05 17:00:00,2025-12-05 18:00:00,0.10990000000000001
Netherlands,NLD,2025-12-05 18:00:00,2025-12-05 19:00:00,0.091
Netherlands,NLD,2025-12-05 19:00:00,2025-12-05 20:00:00,0.08721999999999999
Netherlands,NLD,2025-12-05 20:00:00,2025-12-05 21:00:00,0.08604
Netherlands,NLD,2025-12-05 21:00:00,2025-12-05 22:00:00,0.08229
Netherlands,NLD,2025-12-05 22:00:00,2025-12-05 23:00:00,0.07901000000000001
Netherlands,NLD,2025-12-05 23:00:00,2025-12-06 00:00:00,0.07522
Netherlands,NLD,2025-12-06 00:00:00,2025-12-06 01:00:00,0.06937
Netherlands,NLD,2025-12-06 01:00:00,2025-12-06 02:00:00,0.06636
Netherlands,NLD,2025-12-06 02:00:00,2025-12-06 03:00:00,0.06232
Netherlands,NLD,2025-12-06 03:00:00,2025-12-06 04:00:00,0.05919
Netherlands,NLD,2025-12-06 04:00:00,2025-12-06 05:00:00,0.057030000000000004
Netherlands,NLD,2025-12-06 05:00:00,2025-12-06 06:00:00,0.056600000000000004
Netherlands,NLD,2025-12-06 06:00:00,2025-12-06 07:00:00,0.06099
Netherlands,NLD,2025-12-06 07:00:00,2025-12-06 08:00:00,0.07097
Netherlands,NLD,2025-12-06 08:00:00,2025-12-06 09:00:00,0.07612999999999999
Netherlands,NLD,2025-12-06 09:00:00,2025-12-06 10:00:00,0.07634
Netherlands,NLD,2025-12-06 10:00:00,2025-12-06 11:00:00,0.07740999999999999
Netherlands,NLD,2025-12-06 11:00:00,2025-12-06 12:00:00,0.07611
Netherlands,NLD,2025-12-06 12:00:00,2025-12-06 13:00:00,0.07703
Netherlands,NLD,2025-12-06 13:00:00,2025-12-06 14:00:00,0.07798000000000001
Netherlands,NLD,2025-12-06 14:00:00,2025-12-06 15:00:00,0.08254
Netherlands,NLD,2025-12-06 15:00:00,2025-12-06 16:00:00,0.08733
Netherlands,NLD,2025-12-06 16:00:00,2025-12-06 17:00:00,0.08841
Netherlands,NLD,2025-12-06 17:00:00,2025-12-06 18:00:00,0.08456999999999999
Netherlands,NLD,2025-12-06 18:00:00,2025-12-06 19:00:00,0.08316
Netherlands,NLD,2025-12-06 19:00:00,2025-12-06 20:00:00,0.07615999999999999
Netherlands,NLD,2025-12-06 20:00:00,2025-12-06 21:00:00,0.07325
Netherlands,NLD,2025-12-06 21:00:00,2025-12-06 22:00:00,0.0713
Netherlands,NLD,2025-12-06 22:00:00,2025-12-06 23:00:00,0.06745
Netherlands,NLD,2025-12-06 23:00:00,2025-12-07 00:00:00,0.0639
Netherlands,NLD,2025-12-07 00:00:00,2025-12-07 01:00:00,0.05826
Netherlands,NLD,2025-12-07 01:00:00,2025-12-07 02:00:00,0.053950000000000005
Netherlands,NLD,2025-12-07 02:00:00,2025-12-07 03:00:00,0.05172
Netherlands,NLD,2025-12-07 03:00:00,2025-12-07 04:00:00,0.06044
Netherlands,NLD,2025-12-07 04:00:00,2025-12-07 05:00:00,0.062
Netherlands,NLD,2025-12-07 05:00:00,2025-12-07 06:00:00,0.06372
Netherlands,NLD,2025-12-07 06:00:00,2025-12-07 07:00:00,0.07701000000000001
Netherlands,NLD,2025-12-07 07:00:00,2025-12-07 08:00:00,0.08009000000000001
Netherlands,NLD,2025-12-07 08:00:00,2025-12-07 09:00:00,0.08556
Netherlands,NLD,2025-12-07 09:00:00,2025-12-07 10:00:00,0.08272
Netherlands,NLD,2025-12-07 10:00:00,2025-12-07 11:00:00,0.0884
Netherlands,NLD,2025-12-07 11:00:00,2025-12-07 12:00:00,0.0871
Netherlands,NLD,2025-12-07 12:00:00,2025-12-07 13:00:00,0.08794
Netherlands,NLD,2025-12-07 13:00:00,2025-12-07 14:00:00,0.09243000000000001
Netherlands,NLD,2025-12-07 14:00:00,2025-12-07 15:00:00,0.09272
Netherlands,NLD,2025-12-07 15:00:00,2025-12-07 16:00:00,0.09704
Netherlands,NLD,2025-12-07 16:00:00,2025-12-07 17:00:00,0.10487
Netherlands,NLD,2025-12-07 17:00:00,2025-12-07 18:00:00,0.0887
Netherlands,NLD,2025-12-07 18:00:00,2025-12-07 19:00:00,0.0808
Netherlands,NLD,2025-12-07 19:00:00,2025-12-07 20:00:00,0.07489
Netherlands,NLD,2025-12-07 20:00:00,2025-12-07 21:00:00,0.06578
Netherlands,NLD,2025-12-07 21:00:00,2025-12-07 22:00:00,0.05926
Netherlands,NLD,2025-12-07 22:00:00,2025-12-07 23:00:00,0.03753
Netherlands,NLD,2025-12-07 23:00:00,2025-12-08 00:00:00,0.016
Netherlands,NLD,2025-12-08 00:00:00,2025-12-08 01:00:00,0.00902
Netherlands,NLD,2025-12-08 01:00:00,2025-12-08 02:00:00,0.01033
Netherlands,NLD,2025-12-08 02:00:00,2025-12-08 03:00:00,0.00557
Netherlands,NLD,2025-12-08 03:00:00,2025-12-08 04:00:00,0.01081
Netherlands,NLD,2025-12-08 04:00:00,2025-12-08 05:00:00,0.025
Netherlands,NLD,2025-12-08 05:00:00,2025-12-08 06:00:00,0.06
Netherlands,NLD,2025-12-08 06:00:00,2025-12-08 07:00:00,0.07768000000000001
Netherlands,NLD,2025-12-08 07:00:00,2025-12-08 08:00:00,0.09094
Netherlands,NLD,2025-12-08 08:00:00,2025-12-08 09:00:00,0.09137999999999999
Netherlands,NLD,2025-12-08 09:00:00,2025-12-08 10:00:00,0.08502
Netherlands,NLD,2025-12-08 10:00:00,2025-12-08 11:00:00,0.07654999999999999
Netherlands,NLD,2025-12-08 11:00:00,2025-12-08 12:00:00,0.0726
Netherlands,NLD,2025-12-08 12:00:00,2025-12-08 13:00:00,0.07673999999999999
Netherlands,NLD,2025-12-08 13:00:00,2025-12-08 14:00:00,0.08031999999999999
Netherlands,NLD,2025-12-08 14:00:00,2025-12-08 15:00:00,0.09075
Netherlands,NLD,2025-12-08 15:00:00,2025-12-08 16:00:00,0.08916
Netherlands,NLD,2025-12-08 16:00:00,2025-12-08 17:00:00,0.10258
Netherlands,NLD,2025-12-08 17:00:00,2025-12-08 18:00:00,0.09769
Netherlands,NLD,2025-12-08 18:00:00,2025-12-08 19:00:00,0.095
Netherlands,NLD,2025-12-08 19:00:00,2025-12-08 20:00:00,0.08549
Netherlands,NLD,2025-12-08 20:00:00,2025-12-08 21:00:00,0.07905
Netherlands,NLD,2025-12-08 21:00:00,2025-12-08 22:00:00,0.07753
Netherlands,NLD,2025-12-08 22:00:00,2025-12-08 23:00:00,0.07038
Netherlands,NLD,2025-12-08 23:00:00,2025-12-09 00:00:00,0.06831
Netherlands,NLD,2025-12-09 00:00:00,2025-12-09 01:00:00,0.068
Netherlands,NLD,2025-12-09 01:00:00,2025-12-09 02:00:00,0.06854
Netherlands,NLD,2025-12-09 02:00:00,2025-12-09 03:00:00,0.06819
Netherlands,NLD,2025-12-09 03:00:00,2025-12-09 04:00:00,0.06584000000000001
Netherlands,NLD,2025-12-09 04:00:00,2025-12-09 05:00:00,0.07158
Netherlands,NLD,2025-12-09 05:00:00,2025-12-09 06:00:00,0.0876
Netherlands,NLD,2025-12-09 06:00:00,2025-12-09 07:00:00,0.09652
Netherlands,NLD,2025-12-09 07:00:00,2025-12-09 08:00:00,0.11712
Netherlands,NLD,2025-12-09 08:00:00,2025-12-09 09:00:00,0.10467
Netherlands,NLD,2025-12-09 09:00:00,2025-12-09 10:00:00,0.09405
Netherlands,NLD,2025-12-09 10:00:00,2025-12-09 11:00:00,0.09140000000000001
Netherlands,NLD,2025-12-09 11:00:00,2025-12-09 12:00:00,0.0865
Netherlands,NLD,2025-12-09 12:00:00,2025-12-09 13:00:00,0.08906
Netherlands,NLD,2025-12-09 13:00:00,2025-12-09 14:00:00,0.08801
Netherlands,NLD,2025-12-09 14:00:00,2025-12-09 15:00:00,0.09693
Netherlands,NLD,2025-12-09 15:00:00,2025-12-09 16:00:00,0.09373000000000001
Netherlands,NLD,2025-12-09 16:00:00,2025-12-09 17:00:00,0.09767
Netherlands,NLD,2025-12-09 17:00:00,2025-12-09 18:00:00,0.0891
Netherlands,NLD,2025-12-09 18:00:00,2025-12-09 19:00:00,0.081
Netherlands,NLD,2025-12-09 19:00:00,2025-12-09 20:00:00,0.07831999999999999
Netherlands,NLD,2025-12-09 20:00:00,2025-12-09 21:00:00,0.06927
Netherlands,NLD,2025-12-09 21:00:00,2025-12-09 22:00:00,0.06454
Netherlands,NLD,2025-12-09 22:00:00,2025-12-09 23:00:00,0.04821
Netherlands,NLD,2025-12-09 23:00:00,2025-12-10 00:00:00,0.04039
Netherlands,NLD,2025-12-10 00:00:00,2025-12-10 01:00:00,0.03289
Netherlands,NLD,2025-12-10 01:00:00,2025-12-10 02:00:00,0.027260000000000003
Netherlands,NLD,2025-12-10 02:00:00,2025-12-10 03:00:00,0.0303
Netherlands,NLD,2025-12-10 03:00:00,2025-12-10 04:00:00,0.04259
Netherlands,NLD,2025-12-10 04:00:00,2025-12-10 05:00:00,0.06124
Netherlands,NLD,2025-12-10 05:00:00,2025-12-10 06:00:00,0.07376
Netherlands,NLD,2025-12-10 06:00:00,2025-12-10 07:00:00,0.08633
Netherlands,NLD,2025-12-10 07:00:00,2025-12-10 08:00:00,0.09347
Netherlands,NLD,2025-12-10 08:00:00,2025-12-10 09:00:00,0.09301999999999999
Netherlands,NLD,2025-12-10 09:00:00,2025-12-10 10:00:00,0.08568
Netherlands,NLD,2025-12-10 10:00:00,2025-12-10 11:00:00,0.08047
Netherlands,NLD,2025-12-10 11:00:00,2025-12-10 12:00:00,0.07934000000000001
Netherlands,NLD,2025-12-10 12:00:00,2025-12-10 13:00:00,0.07940000000000001
Netherlands,NLD,2025-12-10 13:00:00,2025-12-10 14:00:00,0.086
Netherlands,NLD,2025-12-10 14:00:00,2025-12-10 15:00:00,0.0889
Netherlands,NLD,2025-12-10 15:00:00,2025-12-10 16:00:00,0.095
Netherlands,NLD,2025-12-10 16:00:00,2025-12-10 17:00:00,0.10376
Netherlands,NLD,2025-12-10 17:00:00,2025-12-10 18:00:00,0.10344
Netherlands,NLD,2025-12-10 18:00:00,2025-12-10 19:00:00,0.09556
Netherlands,NLD,2025-12-10 19:00:00,2025-12-10 20:00:00,0.08681
Netherlands,NLD,2025-12-10 20:00:00,2025-12-10 21:00:00,0.0843
Netherlands,NLD,2025-12-10 21:00:00,2025-12-10 22:00:00,0.08115
Netherlands,NLD,2025-12-10 22:00:00,2025-12-10 23:00:00,0.07547
Netherlands,NLD,2025-12-10 23:00:00,2025-12-11 00:00:00,0.07173
Netherlands,NLD,2025-12-11 00:00:00,2025-12-11 01:00:00,0.07114
Netherlands,NLD,2025-12-11 01:00:00,2025-12-11 02:00:00,0.06988
Netherlands,NLD,2025-12-11 02:00:00,2025-12-11 03:00:00,0.07165
Netherlands,NLD,2025-12-11 03:00:00,2025-12-11 04:00:00,0.07253
Netherlands,NLD,2025-12-11 04:00:00,2025-12-11 05:00:00,0.07694
Netherlands,NLD,2025-12-11 05:00:00,2025-12-11 06:00:00,0.08406
Netherlands,NLD,2025-12-11 06:00:00,2025-12-11 07:00:00,0.0964
Netherlands,NLD,2025-12-11 07:00:00,2025-12-11 08:00:00,0.10790000000000001
Netherlands,NLD,2025-12-11 08:00:00,2025-12-11 09:00:00,0.10378
Netherlands,NLD,2025-12-11 09:00:00,2025-12-11 10:00:00,0.09057
Netherlands,NLD,2025-12-11 10:00:00,2025-12-11 11:00:00,0.08842
Netherlands,NLD,2025-12-11 11:00:00,2025-12-11 12:00:00,0.08647
Netherlands,NLD,2025-12-11 12:00:00,2025-12-11 13:00:00,0.08712
Netherlands,NLD,2025-12-11 13:00:00,2025-12-11 14:00:00,0.09384
Netherlands,NLD,2025-12-11 14:00:00,2025-12-11 15:00:00,0.10599
Netherlands,NLD,2025-12-11 15:00:00,2025-12-11 16:00:00,0.10973999999999999
Netherlands,NLD,2025-12-11 16:00:00,2025-12-11 17:00:00,0.11226
Netherlands,NLD,2025-12-11 17:00:00,2025-12-11 18:00:00,0.11076000000000001
Netherlands,NLD,2025-12-11 18:00:00,2025-12-11 19:00:00,0.10596
Netherlands,NLD,2025-12-11 19:00:00,2025-12-11 20:00:00,0.10052
Netherlands,NLD,2025-12-11 20:00:00,2025-12-11 21:00:00,0.09043999999999999
Netherlands,NLD,2025-12-11 21:00:00,2025-12-11 22:00:00,0.09140000000000001
Netherlands,NLD,2025-12-11 22:00:00,2025-12-11 23:00:00,0.08774
Netherlands,NLD,2025-12-11 23:00:00,2025-12-12 00:00:00,0.08192
Netherlands,NLD,2025-12-12 00:00:00,2025-12-12 01:00:00,0.08412
Netherlands,NLD,2025-12-12 01:00:00,2025-12-12 02:00:00,0.0847
Netherlands,NLD,2025-12-12 02:00:00,2025-12-12 03:00:00,0.0852
Netherlands,NLD,2025-12-12 03:00:00,2025-12-12 04:00:00,0.08283
Netherlands,NLD,2025-12-12 04:00:00,2025-12-12 05:00:00,0.08344
Netherlands,NLD,2025-12-12 05:00:00,2025-12-12 06:00:00,0.0875
Netherlands,NLD,2025-12-12 06:00:00,2025-12-12 07:00:00,0.11601
Netherlands,NLD,2025-12-12 07:00:00,2025-12-12 08:00:00,0.12758
Netherlands,NLD,2025-12-12 08:00:00,2025-12-12 09:00:00,0.1242
Netherlands,NLD,2025-12-12 09:00:00,2025-12-12 10:00:00,0.11785999999999999
Netherlands,NLD,2025-12-12 10:00:00,2025-12-12 11:00:00,0.11338
Netherlands,NLD,2025-12-12 11:00:00,2025-12-12 12:00:00,0.10898999999999999
Netherlands,NLD,2025-12-12 12:00:00,2025-12-12 13:00:00,0.11218
Netherlands,NLD,2025-12-12 13:00:00,2025-12-12 14:00:00,0.11903
Netherlands,NLD,2025-12-12 14:00:00,2025-12-12 15:00:00,0.12490000000000001
Netherlands,NLD,2025-12-12 15:00:00,2025-12-12 16:00:00,0.13744
Netherlands,NLD,2025-12-12 16:00:00,2025-12-12 17:00:00,0.14436000000000002
Netherlands,NLD,2025-12-12 17:00:00,2025-12-12 18:00:00,0.12887
Netherlands,NLD,2025-12-12 18:00:00,2025-12-12 19:00:00,0.10919
Netherlands,NLD,2025-12-12 19:00:00,2025-12-12 20:00:00,0.1015
Netherlands,NLD,2025-12-12 20:00:00,2025-12-12 21:00:00,0.094
Netherlands,NLD,2025-12-12 21:00:00,2025-12-12 22:00:00,0.08953
Netherlands,NLD,2025-12-12 22:00:00,2025-12-12 23:00:00,0.08990999999999999
Netherlands,NLD,2025-12-12 23:00:00,2025-12-13 00:00:00,0.08596
Netherlands,NLD,2025-12-13 00:00:00,2025-12-13 01:00:00,0.08874
Netherlands,NLD,2025-12-13 01:00:00,2025-12-13 02:00:00,0.0851
Netherlands,NLD,2025-12-13 02:00:00,2025-12-13 03:00:00,0.08233
Netherlands,NLD,2025-12-13 03:00:00,2025-12-13 04:00:00,0.0798
Netherlands,NLD,2025-12-13 04:00:00,2025-12-13 05:00:00,0.08145999999999999
Netherlands,NLD,2025-12-13 05:00:00,2025-12-13 06:00:00,0.07715000000000001
Netherlands,NLD,2025-12-13 06:00:00,2025-12-13 07:00:00,0.07937999999999999
Netherlands,NLD,2025-12-13 07:00:00,2025-12-13 08:00:00,0.09398999999999999
Netherlands,NLD,2025-12-13 08:00:00,2025-12-13 09:00:00,0.10304
Netherlands,NLD,2025-12-13 09:00:00,2025-12-13 10:00:00,0.09834
Netherlands,NLD,2025-12-13 10:00:00,2025-12-13 11:00:00,0.0937
Netherlands,NLD,2025-12-13 11:00:00,2025-12-13 12:00:00,0.09026
Netherlands,NLD,2025-12-13 12:00:00,2025-12-13 13:00:00,0.0887
Netherlands,NLD,2025-12-13 13:00:00,2025-12-13 14:00:00,0.09101999999999999
Netherlands,NLD,2025-12-13 14:00:00,2025-12-13 15:00:00,0.108
Netherlands,NLD,2025-12-13 15:00:00,2025-12-13 16:00:00,0.11386
Netherlands,NLD,2025-12-13 16:00:00,2025-12-13 17:00:00,0.11453
Netherlands,NLD,2025-12-13 17:00:00,2025-12-13 18:00:00,0.10862000000000001
Netherlands,NLD,2025-12-13 18:00:00,2025-12-13 19:00:00,0.10136
Netherlands,NLD,2025-12-13 19:00:00,2025-12-13 20:00:00,0.08971
Netherlands,NLD,2025-12-13 20:00:00,2025-12-13 21:00:00,0.08775
Netherlands,NLD,2025-12-13 21:00:00,2025-12-13 22:00:00,0.08732
Netherlands,NLD,2025-12-13 22:00:00,2025-12-13 23:00:00,0.08
Netherlands,NLD,2025-12-13 23:00:00,2025-12-14 00:00:00,0.08942
Netherlands,NLD,2025-12-14 00:00:00,2025-12-14 01:00:00,0.08807999999999999
Netherlands,NLD,2025-12-14 01:00:00,2025-12-14 02:00:00,0.07979
Netherlands,NLD,2025-12-14 02:00:00,2025-12-14 03:00:00,0.07765999999999999
Netherlands,NLD,2025-12-14 03:00:00,2025-12-14 04:00:00,0.07390000000000001
Netherlands,NLD,2025-12-14 04:00:00,2025-12-14 05:00:00,0.07482
Netherlands,NLD,2025-12-14 05:00:00,2025-12-14 06:00:00,0.07339
Netherlands,NLD,2025-12-14 06:00:00,2025-12-14 07:00:00,0.0742
Netherlands,NLD,2025-12-14 07:00:00,2025-12-14 08:00:00,0.07918
Netherlands,NLD,2025-12-14 08:00:00,2025-12-14 09:00:00,0.08120999999999999
Netherlands,NLD,2025-12-14 09:00:00,2025-12-14 10:00:00,0.07781
Netherlands,NLD,2025-12-14 10:00:00,2025-12-14 11:00:00,0.08147
Netherlands,NLD,2025-12-14 11:00:00,2025-12-14 12:00:00,0.08381999999999999
Netherlands,NLD,2025-12-14 12:00:00,2025-12-14 13:00:00,0.08322
Netherlands,NLD,2025-12-14 13:00:00,2025-12-14 14:00:00,0.08472
Netherlands,NLD,2025-12-14 14:00:00,2025-12-14 15:00:00,0.0883
Netherlands,NLD,2025-12-14 15:00:00,2025-12-14 16:00:00,0.09209999999999999
Netherlands,NLD,2025-12-14 16:00:00,2025-12-14 17:00:00,0.09966
Netherlands,NLD,2025-12-14 17:00:00,2025-12-14 18:00:00,0.10094
Netherlands,NLD,2025-12-14 18:00:00,2025-12-14 19:00:00,0.09103
Netherlands,NLD,2025-12-14 19:00:00,2025-12-14 20:00:00,0.08835
Netherlands,NLD,2025-12-14 20:00:00,2025-12-14 21:00:00,0.08237
Netherlands,NLD,2025-12-14 21:00:00,2025-12-14 22:00:00,0.08075
Netherlands,NLD,2025-12-14 22:00:00,2025-12-14 23:00:00,0.07440999999999999
Netherlands,NLD,2025-12-14 23:00:00,2025-12-15 00:00:00,0.06997
Netherlands,NLD,2025-12-15 00:00:00,2025-12-15 01:00:00,0.06942
Netherlands,NLD,2025-12-15 01:00:00,2025-12-15 02:00:00,0.06789
Netherlands,NLD,2025-12-15 02:00:00,2025-12-15 03:00:00,0.065
Netherlands,NLD,2025-12-15 03:00:00,2025-12-15 04:00:00,0.06706999999999999
Netherlands,NLD,2025-12-15 04:00:00,2025-12-15 05:00:00,0.072
Netherlands,NLD,2025-12-15 05:00:00,2025-12-15 06:00:00,0.08454
Netherlands,NLD,2025-12-15 06:00:00,2025-12-15 07:00:00,0.0869
Netherlands,NLD,2025-12-15 07:00:00,2025-12-15 08:00:00,0.10052
Netherlands,NLD,2025-12-15 08:00:00,2025-12-15 09:00:00,0.0963
Netherlands,NLD,2025-12-15 09:00:00,2025-12-15 10:00:00,0.08742
Netherlands,NLD,2025-12-15 10:00:00,2025-12-15 11:00:00,0.07866
Netherlands,NLD,2025-12-15 11:00:00,2025-12-15 12:00:00,0.07718000000000001
Netherlands,NLD,2025-12-15 12:00:00,2025-12-15 13:00:00,0.08531
Netherlands,NLD,2025-12-15 13:00:00,2025-12-15 14:00:00,0.09178
Netherlands,NLD,2025-12-15 14:00:00,2025-12-15 15:00:00,0.10106
Netherlands,NLD,2025-12-15 15:00:00,2025-12-15 16:00:00,0.10756
Netherlands,NLD,2025-12-15 16:00:00,2025-12-15 17:00:00,0.10286
Netherlands,NLD,2025-12-15 17:00:00,2025-12-15 18:00:00,0.09748
Netherlands,NLD,2025-12-15 18:00:00,2025-12-15 19:00:00,0.08983
Netherlands,NLD,2025-12-15 19:00:00,2025-12-15 20:00:00,0.0831
Netherlands,NLD,2025-12-15 20:00:00,2025-12-15 21:00:00,0.0833
Netherlands,NLD,2025-12-15 21:00:00,2025-12-15 22:00:00,0.08406
Netherlands,NLD,2025-12-15 22:00:00,2025-12-15 23:00:00,0.08008
Netherlands,NLD,2025-12-15 23:00:00,2025-12-16 00:00:00,0.0775
Netherlands,NLD,2025-12-16 00:00:00,2025-12-16 01:00:00,0.07779000000000001
Netherlands,NLD,2025-12-16 01:00:00,2025-12-16 02:00:00,0.07634
Netherlands,NLD,2025-12-16 02:00:00,2025-12-16 03:00:00,0.07717
Netherlands,NLD,2025-12-16 03:00:00,2025-12-16 04:00:00,0.0788
Netherlands,NLD,2025-12-16 04:00:00,2025-12-16 05:00:00,0.0804
Netherlands,NLD,2025-12-16 05:00:00,2025-12-16 06:00:00,0.08698
Netherlands,NLD,2025-12-16 06:00:00,2025-12-16 07:00:00,0.08972
Netherlands,NLD,2025-12-16 07:00:00,2025-12-16 08:00:00,0.09981999999999999
Netherlands,NLD,2025-12-16 08:00:00,2025-12-16 09:00:00,0.09717
Netherlands,NLD,2025-12-16 09:00:00,2025-12-16 10:00:00,0.09234
Netherlands,NLD,2025-12-16 10:00:00,2025-12-16 11:00:00,0.0906
Netherlands,NLD,2025-12-16 11:00:00,2025-12-16 12:00:00,0.09115999999999999
Netherlands,NLD,2025-12-16 12:00:00,2025-12-16 13:00:00,0.09818
Netherlands,NLD,2025-12-16 13:00:00,2025-12-16 14:00:00,0.12017
Netherlands,NLD,2025-12-16 14:00:00,2025-12-16 15:00:00,0.1365
Netherlands,NLD,2025-12-16 15:00:00,2025-12-16 16:00:00,0.15253999999999998
Netherlands,NLD,2025-12-16 16:00:00,2025-12-16 17:00:00,0.16007
Netherlands,NLD,2025-12-16 17:00:00,2025-12-16 18:00:00,0.13997
Netherlands,NLD,2025-12-16 18:00:00,2025-12-16 19:00:00,0.13712
Netherlands,NLD,2025-12-16 19:00:00,2025-12-16 20:00:00,0.1262
Netherlands,NLD,2025-12-16 20:00:00,2025-12-16 21:00:00,0.11666
Netherlands,NLD,2025-12-16 21:00:00,2025-12-16 22:00:00,0.11227
Netherlands,NLD,2025-12-16 22:00:00,2025-12-16 23:00:00,0.10103
Netherlands,NLD,2025-12-16 23:00:00,2025-12-17 00:00:00,0.08735
Netherlands,NLD,2025-12-17 00:00:00,2025-12-17 01:00:00,0.08778
Netherlands,NLD,2025-12-17 01:00:00,2025-12-17 02:00:00,0.085
Netherlands,NLD,2025-12-17 02:00:00,2025-12-17 03:00:00,0.0825
Netherlands,NLD,2025-12-17 03:00:00,2025-12-17 04:00:00,0.0837
Netherlands,NLD,2025-12-17 04:00:00,2025-12-17 05:00:00,0.0876
Netherlands,NLD,2025-12-17 05:00:00,2025-12-17 06:00:00,0.0912
Netherlands,NLD,2025-12-17 06:00:00,2025-12-17 07:00:00,0.10639
Netherlands,NLD,2025-12-17 07:00:00,2025-12-17 08:00:00,0.13149
Netherlands,NLD,2025-12-17 08:00:00,2025-12-17 09:00:00,0.12394
Netherlands,NLD,2025-12-17 09:00:00,2025-12-17 10:00:00,0.1205
Netherlands,NLD,2025-12-17 10:00:00,2025-12-17 11:00:00,0.11402
Netherlands,NLD,2025-12-17 11:00:00,2025-12-17 12:00:00,0.10821
Netherlands,NLD,2025-12-17 12:00:00,2025-12-17 13:00:00,0.11693
Netherlands,NLD,2025-12-17 13:00:00,2025-12-17 14:00:00,0.12296
Netherlands,NLD,2025-12-17 14:00:00,2025-12-17 15:00:00,0.12128
Netherlands,NLD,2025-12-17 15:00:00,2025-12-17 16:00:00,0.12343000000000001
Netherlands,NLD,2025-12-17 16:00:00,2025-12-17 17:00:00,0.11646
Netherlands,NLD,2025-12-17 17:00:00,2025-12-17 18:00:00,0.10206
Netherlands,NLD,2025-12-17 18:00:00,2025-12-17 19:00:00,0.08917
Netherlands,NLD,2025-12-17 19:00:00,2025-12-17 20:00:00,0.0849
Netherlands,NLD,2025-12-17 20:00:00,2025-12-17 21:00:00,0.08886
Netherlands,NLD,2025-12-17 21:00:00,2025-12-17 22:00:00,0.08073999999999999
Netherlands,NLD,2025-12-17 22:00:00,2025-12-17 23:00:00,0.07659999999999999
Netherlands,NLD,2025-12-17 23:00:00,2025-12-18 00:00:00,0.0717
Netherlands,NLD,2025-12-18 00:00:00,2025-12-18 01:00:00,0.06486
Netherlands,NLD,2025-12-18 01:00:00,2025-12-18 02:00:00,0.05458
Netherlands,NLD,2025-12-18 02:00:00,2025-12-18 03:00:00,0.04254
Netherlands,NLD,2025-12-18 03:00:00,2025-12-18 04:00:00,0.036840000000000005
Netherlands,NLD,2025-12-18 04:00:00,2025-12-18 05:00:00,0.044469999999999996
Netherlands,NLD,2025-12-18 05:00:00,2025-12-18 06:00:00,0.05799
Netherlands,NLD,2025-12-18 06:00:00,2025-12-18 07:00:00,0.07934999999999999
Netherlands,NLD,2025-12-18 07:00:00,2025-12-18 08:00:00,0.08837
Netherlands,NLD,2025-12-18 08:00:00,2025-12-18 09:00:00,0.09162000000000001
Netherlands,NLD,2025-12-18 09:00:00,2025-12-18 10:00:00,0.094
Netherlands,NLD,2025-12-18 10:00:00,2025-12-18 11:00:00,0.09494
Netherlands,NLD,2025-12-18 11:00:00,2025-12-18 12:00:00,0.08628
Netherlands,NLD,2025-12-18 12:00:00,2025-12-18 13:00:00,0.08762
Netherlands,NLD,2025-12-18 13:00:00,2025-12-18 14:00:00,0.09318000000000001
Netherlands,NLD,2025-12-18 14:00:00,2025-12-18 15:00:00,0.09844
Netherlands,NLD,2025-12-18 15:00:00,2025-12-18 16:00:00,0.09453
Netherlands,NLD,2025-12-18 16:00:00,2025-12-18 17:00:00,0.09132
Netherlands,NLD,2025-12-18 17:00:00,2025-12-18 18:00:00,0.08205
Netherlands,NLD,2025-12-18 18:00:00,2025-12-18 19:00:00,0.0815
Netherlands,NLD,2025-12-18 19:00:00,2025-12-18 20:00:00,0.07232
Netherlands,NLD,2025-12-18 20:00:00,2025-12-18 21:00:00,0.0533
Netherlands,NLD,2025-12-18 21:00:00,2025-12-18 22:00:00,0.04907
Netherlands,NLD,2025-12-18 22:00:00,2025-12-18 23:00:00,0.017839999999999998
Netherlands,NLD,2025-12-18 23:00:00,2025-12-19 00:00:00,0.00758
Netherlands,NLD,2025-12-19 00:00:00,2025-12-19 01:00:00,0.00441
Netherlands,NLD,2025-12-19 01:00:00,2025-12-19 02:00:00,0.00432
Netherlands,NLD,2025-12-19 02:00:00,2025-12-19 03:00:00,0.00256
Netherlands,NLD,2025-12-19 03:00:00,2025-12-19 04:00:00,0.0028599999999999997
Netherlands,NLD,2025-12-19 04:00:00,2025-12-19 05:00:00,0.009179999999999999
Netherlands,NLD,2025-12-19 05:00:00,2025-12-19 06:00:00,0.03879
Netherlands,NLD,2025-12-19 06:00:00,2025-12-19 07:00:00,0.07526999999999999
Netherlands,NLD,2025-12-19 07:00:00,2025-12-19 08:00:00,0.08943000000000001
Netherlands,NLD,2025-12-19 08:00:00,2025-12-19 09:00:00,0.08938
Netherlands,NLD,2025-12-19 09:00:00,2025-12-19 10:00:00,0.08941
Netherlands,NLD,2025-12-19 10:00:00,2025-12-19 11:00:00,0.08749
Netherlands,NLD,2025-12-19 11:00:00,2025-12-19 12:00:00,0.08419
Netherlands,NLD,2025-12-19 12:00:00,2025-12-19 13:00:00,0.08607
Netherlands,NLD,2025-12-19 13:00:00,2025-12-19 14:00:00,0.09084
Netherlands,NLD,2025-12-19 14:00:00,2025-12-19 15:00:00,0.09456
Netherlands,NLD,2025-12-19 15:00:00,2025-12-19 16:00:00,0.09622
Netherlands,NLD,2025-12-19 16:00:00,2025-12-19 17:00:00,0.10407
Netherlands,NLD,2025-12-19 17:00:00,2025-12-19 18:00:00,0.10521
Netherlands,NLD,2025-12-19 18:00:00,2025-12-19 19:00:00,0.10296999999999999
Netherlands,NLD,2025-12-19 19:00:00,2025-12-19 20:00:00,0.09987
Netherlands,NLD,2025-12-19 20:00:00,2025-12-19 21:00:00,0.095
Netherlands,NLD,2025-12-19 21:00:00,2025-12-19 22:00:00,0.09372
Netherlands,NLD,2025-12-19 22:00:00,2025-12-19 23:00:00,0.09004000000000001
Netherlands,NLD,2025-12-19 23:00:00,2025-12-20 00:00:00,0.08385
Netherlands,NLD,2025-12-20 00:00:00,2025-12-20 01:00:00,0.08316
Netherlands,NLD,2025-12-20 01:00:00,2025-12-20 02:00:00,0.08381999999999999
Netherlands,NLD,2025-12-20 02:00:00,2025-12-20 03:00:00,0.08452
Netherlands,NLD,2025-12-20 03:00:00,2025-12-20 04:00:00,0.08449
Netherlands,NLD,2025-12-20 04:00:00,2025-12-20 05:00:00,0.08591
Netherlands,NLD,2025-12-20 05:00:00,2025-12-20 06:00:00,0.09126000000000001
Netherlands,NLD,2025-12-20 06:00:00,2025-12-20 07:00:00,0.09909
Netherlands,NLD,2025-12-20 07:00:00,2025-12-20 08:00:00,0.10436
Netherlands,NLD,2025-12-20 08:00:00,2025-12-20 09:00:00,0.10953
Netherlands,NLD,2025-12-20 09:00:00,2025-12-20 10:00:00,0.10690000000000001
Netherlands,NLD,2025-12-20 10:00:00,2025-12-20 11:00:00,0.104
Netherlands,NLD,2025-12-20 11:00:00,2025-12-20 12:00:00,0.1031
Netherlands,NLD,2025-12-20 12:00:00,2025-12-20 13:00:00,0.10516
Netherlands,NLD,2025-12-20 13:00:00,2025-12-20 14:00:00,0.10898000000000001
Netherlands,NLD,2025-12-20 14:00:00,2025-12-20 15:00:00,0.11062999999999999
Netherlands,NLD,2025-12-20 15:00:00,2025-12-20 16:00:00,0.11208
Netherlands,NLD,2025-12-20 16:00:00,2025-12-20 17:00:00,0.11526
Netherlands,NLD,2025-12-20 17:00:00,2025-12-20 18:00:00,0.11102
Netherlands,NLD,2025-12-20 18:00:00,2025-12-20 19:00:00,0.09852
Netherlands,NLD,2025-12-20 19:00:00,2025-12-20 20:00:00,0.09209999999999999
Netherlands,NLD,2025-12-20 20:00:00,2025-12-20 21:00:00,0.08877
Netherlands,NLD,2025-12-20 21:00:00,2025-12-20 22:00:00,0.08909
Netherlands,NLD,2025-12-20 22:00:00,2025-12-20 23:00:00,0.0867
Netherlands,NLD,2025-12-20 23:00:00,2025-12-21 00:00:00,0.08857
Netherlands,NLD,2025-12-21 00:00:00,2025-12-21 01:00:00,0.08456
Netherlands,NLD,2025-12-21 01:00:00,2025-12-21 02:00:00,0.08073000000000001
Netherlands,NLD,2025-12-21 02:00:00,2025-12-21 03:00:00,0.07912999999999999
Netherlands,NLD,2025-12-21 03:00:00,2025-12-21 04:00:00,0.07912999999999999
Netherlands,NLD,2025-12-21 04:00:00,2025-12-21 05:00:00,0.07987999999999999
Netherlands,NLD,2025-12-21 05:00:00,2025-12-21 06:00:00,0.08191
Netherlands,NLD,2025-12-21 06:00:00,2025-12-21 07:00:00,0.08679
Netherlands,NLD,2025-12-21 07:00:00,2025-12-21 08:00:00,0.09641
Netherlands,NLD,2025-12-21 08:00:00,2025-12-21 09:00:00,0.10071
Netherlands,NLD,2025-12-21 09:00:00,2025-12-21 10:00:00,0.09669
Netherlands,NLD,2025-12-21 10:00:00,2025-12-21 11:00:00,0.09544
Netherlands,NLD,2025-12-21 11:00:00,2025-12-21 12:00:00,0.09347
Netherlands,NLD,2025-12-21 12:00:00,2025-12-21 13:00:00,0.08965000000000001
Netherlands,NLD,2025-12-21 13:00:00,2025-12-21 14:00:00,0.09284
Netherlands,NLD,2025-12-21 14:00:00,2025-12-21 15:00:00,0.09481
Netherlands,NLD,2025-12-21 15:00:00,2025-12-21 16:00:00,0.0925
Netherlands,NLD,2025-12-21 16:00:00,2025-12-21 17:00:00,0.09295999999999999
Netherlands,NLD,2025-12-21 17:00:00,2025-12-21 18:00:00,0.08957
Netherlands,NLD,2025-12-21 18:00:00,2025-12-21 19:00:00,0.085
Netherlands,NLD,2025-12-21 19:00:00,2025-12-21 20:00:00,0.08166
Netherlands,NLD,2025-12-21 20:00:00,2025-12-21 21:00:00,0.07783
Netherlands,NLD,2025-12-21 21:00:00,2025-12-21 22:00:00,0.07598999999999999
Netherlands,NLD,2025-12-21 22:00:00,2025-12-21 23:00:00,0.0709
Netherlands,NLD,2025-12-21 23:00:00,2025-12-22 00:00:00,0.07023
Netherlands,NLD,2025-12-22 00:00:00,2025-12-22 01:00:00,0.06881999999999999
Netherlands,NLD,2025-12-22 01:00:00,2025-12-22 02:00:00,0.06778
Netherlands,NLD,2025-12-22 02:00:00,2025-12-22 03:00:00,0.06627
Netherlands,NLD,2025-12-22 03:00:00,2025-12-22 04:00:00,0.06548000000000001
Netherlands,NLD,2025-12-22 04:00:00,2025-12-22 05:00:00,0.0684
Netherlands,NLD,2025-12-22 05:00:00,2025-12-22 06:00:00,0.07488
Netherlands,NLD,2025-12-22 06:00:00,2025-12-22 07:00:00,0.08902
Netherlands,NLD,2025-12-22 07:00:00,2025-12-22 08:00:00,0.09217
Netherlands,NLD,2025-12-22 08:00:00,2025-12-22 09:00:00,0.09103
Netherlands,NLD,2025-12-22 09:00:00,2025-12-22 10:00:00,0.08895
Netherlands,NLD,2025-12-22 10:00:00,2025-12-22 11:00:00,0.08491
Netherlands,NLD,2025-12-22 11:00:00,2025-12-22 12:00:00,0.08689
Netherlands,NLD,2025-12-22 12:00:00,2025-12-22 13:00:00,0.08895
Netherlands,NLD,2025-12-22 13:00:00,2025-12-22 14:00:00,0.09209
Netherlands,NLD,2025-12-22 14:00:00,2025-12-22 15:00:00,0.09801
Netherlands,NLD,2025-12-22 15:00:00,2025-12-22 16:00:00,0.10001
Netherlands,NLD,2025-12-22 16:00:00,2025-12-22 17:00:00,0.10651000000000001
Netherlands,NLD,2025-12-22 17:00:00,2025-12-22 18:00:00,0.10177
Netherlands,NLD,2025-12-22 18:00:00,2025-12-22 19:00:00,0.09528
Netherlands,NLD,2025-12-22 19:00:00,2025-12-22 20:00:00,0.08926
Netherlands,NLD,2025-12-22 20:00:00,2025-12-22 21:00:00,0.0849
Netherlands,NLD,2025-12-22 21:00:00,2025-12-22 22:00:00,0.0848
Netherlands,NLD,2025-12-22 22:00:00,2025-12-22 23:00:00,0.07829000000000001
Netherlands,NLD,2025-12-22 23:00:00,2025-12-23 00:00:00,0.07962999999999999
Netherlands,NLD,2025-12-23 00:00:00,2025-12-23 01:00:00,0.07421
Netherlands,NLD,2025-12-23 01:00:00,2025-12-23 02:00:00,0.06391
Netherlands,NLD,2025-12-23 02:00:00,2025-12-23 03:00:00,0.05965
Netherlands,NLD,2025-12-23 03:00:00,2025-12-23 04:00:00,0.05824
Netherlands,NLD,2025-12-23 04:00:00,2025-12-23 05:00:00,0.0586
Netherlands,NLD,2025-12-23 05:00:00,2025-12-23 06:00:00,0.06836
Netherlands,NLD,2025-12-23 06:00:00,2025-12-23 07:00:00,0.08034999999999999
Netherlands,NLD,2025-12-23 07:00:00,2025-12-23 08:00:00,0.088
Netherlands,NLD,2025-12-23 08:00:00,2025-12-23 09:00:00,0.09237000000000001
Netherlands,NLD,2025-12-23 09:00:00,2025-12-23 10:00:00,0.08990000000000001
Netherlands,NLD,2025-12-23 10:00:00,2025-12-23 11:00:00,0.0825
Netherlands,NLD,2025-12-23 11:00:00,2025-12-23 12:00:00,0.08148999999999999
Netherlands,NLD,2025-12-23 12:00:00,2025-12-23 13:00:00,0.07981
Netherlands,NLD,2025-12-23 13:00:00,2025-12-23 14:00:00,0.07984999999999999
Netherlands,NLD,2025-12-23 14:00:00,2025-12-23 15:00:00,0.08249
Netherlands,NLD,2025-12-23 15:00:00,2025-12-23 16:00:00,0.089
Netherlands,NLD,2025-12-23 16:00:00,2025-12-23 17:00:00,0.08990000000000001
Netherlands,NLD,2025-12-23 17:00:00,2025-12-23 18:00:00,0.08395999999999999
Netherlands,NLD,2025-12-23 18:00:00,2025-12-23 19:00:00,0.08252
Netherlands,NLD,2025-12-23 19:00:00,2025-12-23 20:00:00,0.078
Netherlands,NLD,2025-12-23 20:00:00,2025-12-23 21:00:00,0.06993
Netherlands,NLD,2025-12-23 21:00:00,2025-12-23 22:00:00,0.07141
Netherlands,NLD,2025-12-23 22:00:00,2025-12-23 23:00:00,0.0639
Netherlands,NLD,2025-12-23 23:00:00,2025-12-24 00:00:00,0.05867
Netherlands,NLD,2025-12-24 00:00:00,2025-12-24 01:00:00,0.05312
Netherlands,NLD,2025-12-24 01:00:00,2025-12-24 02:00:00,0.0521
Netherlands,NLD,2025-12-24 02:00:00,2025-12-24 03:00:00,0.05015
Netherlands,NLD,2025-12-24 03:00:00,2025-12-24 04:00:00,0.04932
Netherlands,NLD,2025-12-24 04:00:00,2025-12-24 05:00:00,0.049479999999999996
Netherlands,NLD,2025-12-24 05:00:00,2025-12-24 06:00:00,0.053
Netherlands,NLD,2025-12-24 06:00:00,2025-12-24 07:00:00,0.0665
Netherlands,NLD,2025-12-24 07:00:00,2025-12-24 08:00:00,0.081
Netherlands,NLD,2025-12-24 08:00:00,2025-12-24 09:00:00,0.08247
Netherlands,NLD,2025-12-24 09:00:00,2025-12-24 10:00:00,0.07443000000000001
Netherlands,NLD,2025-12-24 10:00:00,2025-12-24 11:00:00,0.06285
Netherlands,NLD,2025-12-24 11:00:00,2025-12-24 12:00:00,0.06124
Netherlands,NLD,2025-12-24 12:00:00,2025-12-24 13:00:00,0.06064
Netherlands,NLD,2025-12-24 13:00:00,2025-12-24 14:00:00,0.06581999999999999
Netherlands,NLD,2025-12-24 14:00:00,2025-12-24 15:00:00,0.07581
Netherlands,NLD,2025-12-24 15:00:00,2025-12-24 16:00:00,0.08616
Netherlands,NLD,2025-12-24 16:00:00,2025-12-24 17:00:00,0.08912
Netherlands,NLD,2025-12-24 17:00:00,2025-12-24 18:00:00,0.07891
Netherlands,NLD,2025-12-24 18:00:00,2025-12-24 19:00:00,0.07177
Netherlands,NLD,2025-12-24 19:00:00,2025-12-24 20:00:00,0.06816
Netherlands,NLD,2025-12-24 20:00:00,2025-12-24 21:00:00,0.06509999999999999
Netherlands,NLD,2025-12-24 21:00:00,2025-12-24 22:00:00,0.06720000000000001
Netherlands,NLD,2025-12-24 22:00:00,2025-12-24 23:00:00,0.06207
Netherlands,NLD,2025-12-24 23:00:00,2025-12-25 00:00:00,0.05819
Netherlands,NLD,2025-12-25 00:00:00,2025-12-25 01:00:00,0.05249
Netherlands,NLD,2025-12-25 01:00:00,2025-12-25 02:00:00,0.05242
Netherlands,NLD,2025-12-25 02:00:00,2025-12-25 03:00:00,0.0495
Netherlands,NLD,2025-12-25 03:00:00,2025-12-25 04:00:00,0.048049999999999995
Netherlands,NLD,2025-12-25 04:00:00,2025-12-25 05:00:00,0.04689
Netherlands,NLD,2025-12-25 05:00:00,2025-12-25 06:00:00,0.045
Netherlands,NLD,2025-12-25 06:00:00,2025-12-25 07:00:00,0.05085
Netherlands,NLD,2025-12-25 07:00:00,2025-12-25 08:00:00,0.060649999999999996
Netherlands,NLD,2025-12-25 08:00:00,2025-12-25 09:00:00,0.06374
Netherlands,NLD,2025-12-25 09:00:00,2025-12-25 10:00:00,0.05058
Netherlands,NLD,2025-12-25 10:00:00,2025-12-25 11:00:00,0.044539999999999996
Netherlands,NLD,2025-12-25 11:00:00,2025-12-25 12:00:00,0.044969999999999996
Netherlands,NLD,2025-12-25 12:00:00,2025-12-25 13:00:00,0.04419
Netherlands,NLD,2025-12-25 13:00:00,2025-12-25 14:00:00,0.061649999999999996
Netherlands,NLD,2025-12-25 14:00:00,2025-12-25 15:00:00,0.083
Netherlands,NLD,2025-12-25 15:00:00,2025-12-25 16:00:00,0.08884
Netherlands,NLD,2025-12-25 16:00:00,2025-12-25 17:00:00,0.09373999999999999
Netherlands,NLD,2025-12-25 17:00:00,2025-12-25 18:00:00,0.09426000000000001
Netherlands,NLD,2025-12-25 18:00:00,2025-12-25 19:00:00,0.09214
Netherlands,NLD,2025-12-25 19:00:00,2025-12-25 20:00:00,0.09119
Netherlands,NLD,2025-12-25 20:00:00,2025-12-25 21:00:00,0.09195
Netherlands,NLD,2025-12-25 21:00:00,2025-12-25 22:00:00,0.09505
Netherlands,NLD,2025-12-25 22:00:00,2025-12-25 23:00:00,0.09098
Netherlands,NLD,2025-12-25 23:00:00,2025-12-26 00:00:00,0.09709999999999999
Netherlands,NLD,2025-12-26 00:00:00,2025-12-26 01:00:00,0.09104999999999999
Netherlands,NLD,2025-12-26 01:00:00,2025-12-26 02:00:00,0.0857
Netherlands,NLD,2025-12-26 02:00:00,2025-12-26 03:00:00,0.08266
Netherlands,NLD,2025-12-26 03:00:00,2025-12-26 04:00:00,0.081
Netherlands,NLD,2025-12-26 04:00:00,2025-12-26 05:00:00,0.0815
Netherlands,NLD,2025-12-26 05:00:00,2025-12-26 06:00:00,0.08472
Netherlands,NLD,2025-12-26 06:00:00,2025-12-26 07:00:00,0.09279000000000001
Netherlands,NLD,2025-12-26 07:00:00,2025-12-26 08:00:00,0.09812
Netherlands,NLD,2025-12-26 08:00:00,2025-12-26 09:00:00,0.09629
Netherlands,NLD,2025-12-26 09:00:00,2025-12-26 10:00:00,0.08925
Netherlands,NLD,2025-12-26 10:00:00,2025-12-26 11:00:00,0.08499
Netherlands,NLD,2025-12-26 11:00:00,2025-12-26 12:00:00,0.08231000000000001
Netherlands,NLD,2025-12-26 12:00:00,2025-12-26 13:00:00,0.08275
Netherlands,NLD,2025-12-26 13:00:00,2025-12-26 14:00:00,0.09065000000000001
Netherlands,NLD,2025-12-26 14:00:00,2025-12-26 15:00:00,0.10528
Netherlands,NLD,2025-12-26 15:00:00,2025-12-26 16:00:00,0.11234999999999999
Netherlands,NLD,2025-12-26 16:00:00,2025-12-26 17:00:00,0.11659
Netherlands,NLD,2025-12-26 17:00:00,2025-12-26 18:00:00,0.11442000000000001
Netherlands,NLD,2025-12-26 18:00:00,2025-12-26 19:00:00,0.11376
Netherlands,NLD,2025-12-26 19:00:00,2025-12-26 20:00:00,0.1107
Netherlands,NLD,2025-12-26 20:00:00,2025-12-26 21:00:00,0.10865999999999999
Netherlands,NLD,2025-12-26 21:00:00,2025-12-26 22:00:00,0.10626000000000001
Netherlands,NLD,2025-12-26 22:00:00,2025-12-26 23:00:00,0.09814
Netherlands,NLD,2025-12-26 23:00:00,2025-12-27 00:00:00,0.09598000000000001
Netherlands,NLD,2025-12-27 00:00:00,2025-12-27 01:00:00,0.09115999999999999
Netherlands,NLD,2025-12-27 01:00:00,2025-12-27 02:00:00,0.08403000000000001
Netherlands,NLD,2025-12-27 02:00:00,2025-12-27 03:00:00,0.08087000000000001
Netherlands,NLD,2025-12-27 03:00:00,2025-12-27 04:00:00,0.08162
Netherlands,NLD,2025-12-27 04:00:00,2025-12-27 05:00:00,0.08097
Netherlands,NLD,2025-12-27 05:00:00,2025-12-27 06:00:00,0.08504
Netherlands,NLD,2025-12-27 06:00:00,2025-12-27 07:00:00,0.09526000000000001
Netherlands,NLD,2025-12-27 07:00:00,2025-12-27 08:00:00,0.09987
Netherlands,NLD,2025-12-27 08:00:00,2025-12-27 09:00:00,0.09295
Netherlands,NLD,2025-12-27 09:00:00,2025-12-27 10:00:00,0.07962999999999999
Netherlands,NLD,2025-12-27 10:00:00,2025-12-27 11:00:00,0.07468999999999999
Netherlands,NLD,2025-12-27 11:00:00,2025-12-27 12:00:00,0.07417
Netherlands,NLD,2025-12-27 12:00:00,2025-12-27 13:00:00,0.08131000000000001
Netherlands,NLD,2025-12-27 13:00:00,2025-12-27 14:00:00,0.08656
Netherlands,NLD,2025-12-27 14:00:00,2025-12-27 15:00:00,0.09090999999999999
Netherlands,NLD,2025-12-27 15:00:00,2025-12-27 16:00:00,0.0999
Netherlands,NLD,2025-12-27 16:00:00,2025-12-27 17:00:00,0.10369
Netherlands,NLD,2025-12-27 17:00:00,2025-12-27 18:00:00,0.10651999999999999
Netherlands,NLD,2025-12-27 18:00:00,2025-12-27 19:00:00,0.10405
Netherlands,NLD,2025-12-27 19:00:00,2025-12-27 20:00:00,0.10091
Netherlands,NLD,2025-12-27 20:00:00,2025-12-27 21:00:00,0.0928
Netherlands,NLD,2025-12-27 21:00:00,2025-12-27 22:00:00,0.09411
Netherlands,NLD,2025-12-27 22:00:00,2025-12-27 23:00:00,0.08990000000000001
Netherlands,NLD,2025-12-27 23:00:00,2025-12-28 00:00:00,0.08452
Netherlands,NLD,2025-12-28 00:00:00,2025-12-28 01:00:00,0.08348
Netherlands,NLD,2025-12-28 01:00:00,2025-12-28 02:00:00,0.07966
Netherlands,NLD,2025-12-28 02:00:00,2025-12-28 03:00:00,0.07781999999999999
Netherlands,NLD,2025-12-28 03:00:00,2025-12-28 04:00:00,0.07856
Netherlands,NLD,2025-12-28 04:00:00,2025-12-28 05:00:00,0.08148999999999999
Netherlands,NLD,2025-12-28 05:00:00,2025-12-28 06:00:00,0.08448
Netherlands,NLD,2025-12-28 06:00:00,2025-12-28 07:00:00,0.08928
Netherlands,NLD,2025-12-28 07:00:00,2025-12-28 08:00:00,0.095
Netherlands,NLD,2025-12-28 08:00:00,2025-12-28 09:00:00,0.09442
Netherlands,NLD,2025-12-28 09:00:00,2025-12-28 10:00:00,0.0888
Netherlands,NLD,2025-12-28 10:00:00,2025-12-28 11:00:00,0.08837
Netherlands,NLD,2025-12-28 11:00:00,2025-12-28 12:00:00,0.08002
Netherlands,NLD,2025-12-28 12:00:00,2025-12-28 13:00:00,0.08003
Netherlands,NLD,2025-12-28 13:00:00,2025-12-28 14:00:00,0.08566
Netherlands,NLD,2025-12-28 14:00:00,2025-12-28 15:00:00,0.09834
Netherlands,NLD,2025-12-28 15:00:00,2025-12-28 16:00:00,0.10822
Netherlands,NLD,2025-12-28 16:00:00,2025-12-28 17:00:00,0.11161
Netherlands,NLD,2025-12-28 17:00:00,2025-12-28 18:00:00,0.115
Netherlands,NLD,2025-12-28 18:00:00,2025-12-28 19:00:00,0.11381000000000001
Netherlands,NLD,2025-12-28 19:00:00,2025-12-28 20:00:00,0.10501
Netherlands,NLD,2025-12-28 20:00:00,2025-12-28 21:00:00,0.09903
Netherlands,NLD,2025-12-28 21:00:00,2025-12-28 22:00:00,0.09828
Netherlands,NLD,2025-12-28 22:00:00,2025-12-28 23:00:00,0.09806999999999999
Netherlands,NLD,2025-12-28 23:00:00,2025-12-29 00:00:00,0.09253
Netherlands,NLD,2025-12-29 00:00:00,2025-12-29 01:00:00,0.09415000000000001
Netherlands,NLD,2025-12-29 01:00:00,2025-12-29 02:00:00,0.08622
Netherlands,NLD,2025-12-29 02:00:00,2025-12-29 03:00:00,0.08219
Netherlands,NLD,2025-12-29 03:00:00,2025-12-29 04:00:00,0.08364
Netherlands,NLD,2025-12-29 04:00:00,2025-12-29 05:00:00,0.09079000000000001
Netherlands,NLD,2025-12-29 05:00:00,2025-12-29 06:00:00,0.09633
Netherlands,NLD,2025-12-29 06:00:00,2025-12-29 07:00:00,0.10468999999999999
Netherlands,NLD,2025-12-29 07:00:00,2025-12-29 08:00:00,0.11388
Netherlands,NLD,2025-12-29 08:00:00,2025-12-29 09:00:00,0.111
Netherlands,NLD,2025-12-29 09:00:00,2025-12-29 10:00:00,0.104
Netherlands,NLD,2025-12-29 10:00:00,2025-12-29 11:00:00,0.09736
Netherlands,NLD,2025-12-29 11:00:00,2025-12-29 12:00:00,0.09677
Netherlands,NLD,2025-12-29 12:00:00,2025-12-29 13:00:00,0.09559000000000001
Netherlands,NLD,2025-12-29 13:00:00,2025-12-29 14:00:00,0.09614
Netherlands,NLD,2025-12-29 14:00:00,2025-12-29 15:00:00,0.10244
Netherlands,NLD,2025-12-29 15:00:00,2025-12-29 16:00:00,0.107
Netherlands,NLD,2025-12-29 16:00:00,2025-12-29 17:00:00,0.10687
Netherlands,NLD,2025-12-29 17:00:00,2025-12-29 18:00:00,0.10418000000000001
Netherlands,NLD,2025-12-29 18:00:00,2025-12-29 19:00:00,0.0965
Netherlands,NLD,2025-12-29 19:00:00,2025-12-29 20:00:00,0.09132
Netherlands,NLD,2025-12-29 20:00:00,2025-12-29 21:00:00,0.08419
Netherlands,NLD,2025-12-29 21:00:00,2025-12-29 22:00:00,0.0882
Netherlands,NLD,2025-12-29 22:00:00,2025-12-29 23:00:00,0.08339
Netherlands,NLD,2025-12-29 23:00:00,2025-12-30 00:00:00,0.07798000000000001
Netherlands,NLD,2025-12-30 00:00:00,2025-12-30 01:00:00,0.0734
Netherlands,NLD,2025-12-30 01:00:00,2025-12-30 02:00:00,0.07218000000000001
Netherlands,NLD,2025-12-30 02:00:00,2025-12-30 03:00:00,0.06956
Netherlands,NLD,2025-12-30 03:00:00,2025-12-30 04:00:00,0.06884
Netherlands,NLD,2025-12-30 04:00:00,2025-12-30 05:00:00,0.0723
Netherlands,NLD,2025-12-30 05:00:00,2025-12-30 06:00:00,0.08019
Netherlands,NLD,2025-12-30 06:00:00,2025-12-30 07:00:00,0.08807
Netherlands,NLD,2025-12-30 07:00:00,2025-12-30 08:00:00,0.09487999999999999
Netherlands,NLD,2025-12-30 08:00:00,2025-12-30 09:00:00,0.09439
Netherlands,NLD,2025-12-30 09:00:00,2025-12-30 10:00:00,0.08582
Netherlands,NLD,2025-12-30 10:00:00,2025-12-30 11:00:00,0.07937999999999999
Netherlands,NLD,2025-12-30 11:00:00,2025-12-30 12:00:00,0.07615999999999999
Netherlands,NLD,2025-12-30 12:00:00,2025-12-30 13:00:00,0.07621
Netherlands,NLD,2025-12-30 13:00:00,2025-12-30 14:00:00,0.08653
Netherlands,NLD,2025-12-30 14:00:00,2025-12-30 15:00:00,0.09836
Netherlands,NLD,2025-12-30 15:00:00,2025-12-30 16:00:00,0.10590000000000001
Netherlands,NLD,2025-12-30 16:00:00,2025-12-30 17:00:00,0.10908
Netherlands,NLD,2025-12-30 17:00:00,2025-12-30 18:00:00,0.1085
Netherlands,NLD,2025-12-30 18:00:00,2025-12-30 19:00:00,0.10564
Netherlands,NLD,2025-12-30 19:00:00,2025-12-30 20:00:00,0.10064000000000001
Netherlands,NLD,2025-12-30 20:00:00,2025-12-30 21:00:00,0.093
Netherlands,NLD,2025-12-30 21:00:00,2025-12-30 22:00:00,0.09206
Netherlands,NLD,2025-12-30 22:00:00,2025-12-30 23:00:00,0.08581
Netherlands,NLD,2025-12-30 23:00:00,2025-12-31 00:00:00,0.0881
Netherlands,NLD,2025-12-31 00:00:00,2025-12-31 01:00:00,0.08436
Netherlands,NLD,2025-12-31 01:00:00,2025-12-31 02:00:00,0.08020999999999999
Netherlands,NLD,2025-12-31 02:00:00,2025-12-31 03:00:00,0.07658
Netherlands,NLD,2025-12-31 03:00:00,2025-12-31 04:00:00,0.07493000000000001
Netherlands,NLD,2025-12-31 04:00:00,2025-12-31 05:00:00,0.07737999999999999
Netherlands,NLD,2025-12-31 05:00:00,2025-12-31 06:00:00,0.08201
Netherlands,NLD,2025-12-31 06:00:00,2025-12-31 07:00:00,0.08532
Netherlands,NLD,2025-12-31 07:00:00,2025-12-31 08:00:00,0.0958
Netherlands,NLD,2025-12-31 08:00:00,2025-12-31 09:00:00,0.10062
Netherlands,NLD,2025-12-31 09:00:00,2025-12-31 10:00:00,0.09051999999999999
Netherlands,NLD,2025-12-31 10:00:00,2025-12-31 11:00:00,0.08348
Netherlands,NLD,2025-12-31 11:00:00,2025-12-31 12:00:00,0.08305
Netherlands,NLD,2025-12-31 12:00:00,2025-12-31 13:00:00,0.08517
Netherlands,NLD,2025-12-31 13:00:00,2025-12-31 14:00:00,0.0858
Netherlands,NLD,2025-12-31 14:00:00,2025-12-31 15:00:00,0.09223999999999999
Netherlands,NLD,2025-12-31 15:00:00,2025-12-31 16:00:00,0.10216
Netherlands,NLD,2025-12-31 16:00:00,2025-12-31 17:00:00,0.11073999999999999
Netherlands,NLD,2025-12-31 17:00:00,2025-12-31 18:00:00,0.10753
Netherlands,NLD,2025-12-31 18:00:00,2025-12-31 19:00:00,0.09602
Netherlands,NLD,2025-12-31 19:00:00,2025-12-31 20:00:00,0.083
Netherlands,NLD,2025-12-31 20:00:00,2025-12-31 21:00:00,0.07934999999999999
Netherlands,NLD,2025-12-31 21:00:00,2025-12-31 22:00:00,0.08205
Netherlands,NLD,2025-12-31 22:00:00,2025-12-31 23:00:00,0.07261
Netherlands,NLD,2025-12-31 23:00:00,2026-01-01 00:00:00,0.06344
