Country,ISO3 Code,Datetime (UTC),Datetime (Local),Price (EUR/kWhe)
Netherlands,NLD,2024-01-01 00:00:00,2024-01-01 01:00:00,1e-05
Netherlands,NLD,2024-01-01 01:00:00,2024-01-01 02:00:00,0.0
Netherlands,NLD,2024-01-01 02:00:00,2024-01-01 03:00:00,-1e-05
Netherlands,NLD,2024-01-01 03:00:00,2024-01-01 04:00:00,-2.9999999999999997e-05
Netherlands,NLD,2024-01-01 04:00:00,2024-01-01 05:00:00,-2e-05
Netherlands,NLD,2024-01-01 05:00:00,2024-01-01 06:00:00,-5e-05
Netherlands,NLD,2024-01-01 06:00:00,2024-01-01 07:00:00,-2e-05
Netherlands,NLD,2024-01-01 07:00:00,2024-01-01 08:00:00,0.0
Netherlands,NLD,2024-01-01 08:00:00,2024-01-01 09:00:00,4e-05
Netherlands,NLD,2024-01-01 09:00:00,2024-01-01 10:00:00,5.9999999999999995e-05
Netherlands,NLD,2024-01-01 10:00:00,2024-01-01 11:00:00,0.00054
Netherlands,NLD,2024-01-01 11:00:00,2024-01-01 12:00:00,0.0022400000000000002
Netherlands,NLD,2024-01-01 12:00:00,2024-01-01 13:00:00,0.00197
Netherlands,NLD,2024-01-01 13:00:00,2024-01-01 14:00:00,0.00113
Netherlands,NLD,2024-01-01 14:00:00,2024-01-01 15:00:00,0.00319
Netherlands,NLD,2024-01-01 15:00:00,2024-01-01 16:00:00,0.04
Netherlands,NLD,2024-01-01 16:00:00,2024-01-01 17:00:00,0.08446
Netherlands,NLD,2024-01-01 17:00:00,2024-01-01 18:00:00,0.06174
Netherlands,NLD,2024-01-01 18:00:00,2024-01-01 19:00:00,0.061270000000000005
Netherlands,NLD,2024-01-01 19:00:00,2024-01-01 20:00:00,0.059969999999999996
Netherlands,NLD,2024-01-01 20:00:00,2024-01-01 21:00:00,0.054920000000000004
Netherlands,NLD,2024-01-01 21:00:00,2024-01-01 22:00:00,0.04765
Netherlands,NLD,2024-01-01 22:00:00,2024-01-01 23:00:00,0.03555
Netherlands,NLD,2024-01-01 23:00:00,2024-01-02 00:00:00,0.02939
Netherlands,NLD,2024-01-02 00:00:00,2024-01-02 01:00:00,0.019600000000000003
Netherlands,NLD,2024-01-02 01:00:00,2024-01-02 02:00:00,0.027329999999999997
Netherlands,NLD,2024-01-02 02:00:00,2024-01-02 03:00:00,0.0162
Netherlands,NLD,2024-01-02 03:00:00,2024-01-02 04:00:00,0.0095
Netherlands,NLD,2024-01-02 04:00:00,2024-01-02 05:00:00,0.0112
Netherlands,NLD,2024-01-02 05:00:00,2024-01-02 06:00:00,0.04443
Netherlands,NLD,2024-01-02 06:00:00,2024-01-02 07:00:00,0.05656
Netherlands,NLD,2024-01-02 07:00:00,2024-01-02 08:00:00,0.06428
Netherlands,NLD,2024-01-02 08:00:00,2024-01-02 09:00:00,0.06612
Netherlands,NLD,2024-01-02 09:00:00,2024-01-02 10:00:00,0.0706
Netherlands,NLD,2024-01-02 10:00:00,2024-01-02 11:00:00,0.0788
Netherlands,NLD,2024-01-02 11:00:00,2024-01-02 12:00:00,0.0999
Netherlands,NLD,2024-01-02 12:00:00,2024-01-02 13:00:00,0.1025
Netherlands,NLD,2024-01-02 13:00:00,2024-01-02 14:00:00,0.11059999999999999
Netherlands,NLD,2024-01-02 14:00:00,2024-01-02 15:00:00,0.1057
Netherlands,NLD,2024-01-02 15:00:00,2024-01-02 16:00:00,0.1007
Netherlands,NLD,2024-01-02 16:00:00,2024-01-02 17:00:00,0.11893000000000001
Netherlands,NLD,2024-01-02 17:00:00,2024-01-02 18:00:00,0.0813
Netherlands,NLD,2024-01-02 18:00:00,2024-01-02 19:00:00,0.0701
Netherlands,NLD,2024-01-02 19:00:00,2024-01-02 20:00:00,0.06670000000000001
Netherlands,NLD,2024-01-02 20:00:00,2024-01-02 21:00:00,0.0549
Netherlands,NLD,2024-01-02 21:00:00,2024-01-02 22:00:00,0.05318
Netherlands,NLD,2024-01-02 22:00:00,2024-01-02 23:00:00,0.0549
Netherlands,NLD,2024-01-02 23:00:00,2024-01-03 00:00:00,-0.00039
Netherlands,NLD,2024-01-03 00:00:00,2024-01-03 01:00:00,-0.00161
Netherlands,NLD,2024-01-03 01:00:00,2024-01-03 02:00:00,-0.00139
Netherlands,NLD,2024-01-03 02:00:00,2024-01-03 03:00:00,-0.00131
Netherlands,NLD,2024-01-03 03:00:00,2024-01-03 04:00:00,-0.00139
Netherlands,NLD,2024-01-03 04:00:00,2024-01-03 05:00:00,-0.00195
Netherlands,NLD,2024-01-03 05:00:00,2024-01-03 06:00:00,0.0010500000000000002
Netherlands,NLD,2024-01-03 06:00:00,2024-01-03 07:00:00,0.04063
Netherlands,NLD,2024-01-03 07:00:00,2024-01-03 08:00:00,0.0683
Netherlands,NLD,2024-01-03 08:00:00,2024-01-03 09:00:00,0.07590000000000001
Netherlands,NLD,2024-01-03 09:00:00,2024-01-03 10:00:00,0.0732
Netherlands,NLD,2024-01-03 10:00:00,2024-01-03 11:00:00,0.0692
Netherlands,NLD,2024-01-03 11:00:00,2024-01-03 12:00:00,0.06
Netherlands,NLD,2024-01-03 12:00:00,2024-01-03 13:00:00,0.05886
Netherlands,NLD,2024-01-03 13:00:00,2024-01-03 14:00:00,0.06086
Netherlands,NLD,2024-01-03 14:00:00,2024-01-03 15:00:00,0.076
Netherlands,NLD,2024-01-03 15:00:00,2024-01-03 16:00:00,0.079
Netherlands,NLD,2024-01-03 16:00:00,2024-01-03 17:00:00,0.101
Netherlands,NLD,2024-01-03 17:00:00,2024-01-03 18:00:00,0.1146
Netherlands,NLD,2024-01-03 18:00:00,2024-01-03 19:00:00,0.1
Netherlands,NLD,2024-01-03 19:00:00,2024-01-03 20:00:00,0.07323
Netherlands,NLD,2024-01-03 20:00:00,2024-01-03 21:00:00,0.06741
Netherlands,NLD,2024-01-03 21:00:00,2024-01-03 22:00:00,0.065
Netherlands,NLD,2024-01-03 22:00:00,2024-01-03 23:00:00,0.05812
Netherlands,NLD,2024-01-03 23:00:00,2024-01-04 00:00:00,0.0573
Netherlands,NLD,2024-01-04 00:00:00,2024-01-04 01:00:00,0.05046
Netherlands,NLD,2024-01-04 01:00:00,2024-01-04 02:00:00,0.04
Netherlands,NLD,2024-01-04 02:00:00,2024-01-04 03:00:00,0.02548
Netherlands,NLD,2024-01-04 03:00:00,2024-01-04 04:00:00,0.035
Netherlands,NLD,2024-01-04 04:00:00,2024-01-04 05:00:00,0.05773
Netherlands,NLD,2024-01-04 05:00:00,2024-01-04 06:00:00,0.07265
Netherlands,NLD,2024-01-04 06:00:00,2024-01-04 07:00:00,0.08502
Netherlands,NLD,2024-01-04 07:00:00,2024-01-04 08:00:00,0.09147
Netherlands,NLD,2024-01-04 08:00:00,2024-01-04 09:00:00,0.0942
Netherlands,NLD,2024-01-04 09:00:00,2024-01-04 10:00:00,0.09161
Netherlands,NLD,2024-01-04 10:00:00,2024-01-04 11:00:00,0.09003
Netherlands,NLD,2024-01-04 11:00:00,2024-01-04 12:00:00,0.08628
Netherlands,NLD,2024-01-04 12:00:00,2024-01-04 13:00:00,0.08596
Netherlands,NLD,2024-01-04 13:00:00,2024-01-04 14:00:00,0.09211
Netherlands,NLD,2024-01-04 14:00:00,2024-01-04 15:00:00,0.09862
Netherlands,NLD,2024-01-04 15:00:00,2024-01-04 16:00:00,0.10445
Netherlands,NLD,2024-01-04 16:00:00,2024-01-04 17:00:00,0.13021000000000002
Netherlands,NLD,2024-01-04 17:00:00,2024-01-04 18:00:00,0.14067
Netherlands,NLD,2024-01-04 18:00:00,2024-01-04 19:00:00,0.1231
Netherlands,NLD,2024-01-04 19:00:00,2024-01-04 20:00:00,0.10165
Netherlands,NLD,2024-01-04 20:00:00,2024-01-04 21:00:00,0.09677
Netherlands,NLD,2024-01-04 21:00:00,2024-01-04 22:00:00,0.09304000000000001
Netherlands,NLD,2024-01-04 22:00:00,2024-01-04 23:00:00,0.08861
Netherlands,NLD,2024-01-04 23:00:00,2024-01-05 00:00:00,0.08608
Netherlands,NLD,2024-01-05 00:00:00,2024-01-05 01:00:00,0.08051
Netherlands,NLD,2024-01-05 01:00:00,2024-01-05 02:00:00,0.07701000000000001
Netherlands,NLD,2024-01-05 02:00:00,2024-01-05 03:00:00,0.07288
Netherlands,NLD,2024-01-05 03:00:00,2024-01-05 04:00:00,0.07212
Netherlands,NLD,2024-01-05 04:00:00,2024-01-05 05:00:00,0.07452
Netherlands,NLD,2024-01-05 05:00:00,2024-01-05 06:00:00,0.08011
Netherlands,NLD,2024-01-05 06:00:00,2024-01-05 07:00:00,0.08717
Netherlands,NLD,2024-01-05 07:00:00,2024-01-05 08:00:00,0.08978
Netherlands,NLD,2024-01-05 08:00:00,2024-01-05 09:00:00,0.095
Netherlands,NLD,2024-01-05 09:00:00,2024-01-05 10:00:00,0.09629
Netherlands,NLD,2024-01-05 10:00:00,2024-01-05 11:00:00,0.09822
Netherlands,NLD,2024-01-05 11:00:00,2024-01-05 12:00:00,0.09229000000000001
Netherlands,NLD,2024-01-05 12:00:00,2024-01-05 13:00:00,0.09165000000000001
Netherlands,NLD,2024-01-05 13:00:00,2024-01-05 14:00:00,0.0965
Netherlands,NLD,2024-01-05 14:00:00,2024-01-05 15:00:00,0.10013
Netherlands,NLD,2024-01-05 15:00:00,2024-01-05 16:00:00,0.10303
Netherlands,NLD,2024-01-05 16:00:00,2024-01-05 17:00:00,0.10743000000000001
Netherlands,NLD,2024-01-05 17:00:00,2024-01-05 18:00:00,0.10847
Netherlands,NLD,2024-01-05 18:00:00,2024-01-05 19:00:00,0.104
Netherlands,NLD,2024-01-05 19:00:00,2024-01-05 20:00:00,0.10013
Netherlands,NLD,2024-01-05 20:00:00,2024-01-05 21:00:00,0.09420999999999999
Netherlands,NLD,2024-01-05 21:00:00,2024-01-05 22:00:00,0.09492
Netherlands,NLD,2024-01-05 22:00:00,2024-01-05 23:00:00,0.0868
Netherlands,NLD,2024-01-05 23:00:00,2024-01-06 00:00:00,0.08225
Netherlands,NLD,2024-01-06 00:00:00,2024-01-06 01:00:00,0.08020000000000001
Netherlands,NLD,2024-01-06 01:00:00,2024-01-06 02:00:00,0.07612999999999999
Netherlands,NLD,2024-01-06 02:00:00,2024-01-06 03:00:00,0.07301
Netherlands,NLD,2024-01-06 03:00:00,2024-01-06 04:00:00,0.07301
Netherlands,NLD,2024-01-06 04:00:00,2024-01-06 05:00:00,0.07459
Netherlands,NLD,2024-01-06 05:00:00,2024-01-06 06:00:00,0.0751
Netherlands,NLD,2024-01-06 06:00:00,2024-01-06 07:00:00,0.08139
Netherlands,NLD,2024-01-06 07:00:00,2024-01-06 08:00:00,0.0884
Netherlands,NLD,2024-01-06 08:00:00,2024-01-06 09:00:00,0.09223
Netherlands,NLD,2024-01-06 09:00:00,2024-01-06 10:00:00,0.0973
Netherlands,NLD,2024-01-06 10:00:00,2024-01-06 11:00:00,0.10043
Netherlands,NLD,2024-01-06 11:00:00,2024-01-06 12:00:00,0.09916
Netherlands,NLD,2024-01-06 12:00:00,2024-01-06 13:00:00,0.09451999999999999
Netherlands,NLD,2024-01-06 13:00:00,2024-01-06 14:00:00,0.09245
Netherlands,NLD,2024-01-06 14:00:00,2024-01-06 15:00:00,0.09418000000000001
Netherlands,NLD,2024-01-06 15:00:00,2024-01-06 16:00:00,0.09922
Netherlands,NLD,2024-01-06 16:00:00,2024-01-06 17:00:00,0.10468999999999999
Netherlands,NLD,2024-01-06 17:00:00,2024-01-06 18:00:00,0.10363
Netherlands,NLD,2024-01-06 18:00:00,2024-01-06 19:00:00,0.099
Netherlands,NLD,2024-01-06 19:00:00,2024-01-06 20:00:00,0.09214
Netherlands,NLD,2024-01-06 20:00:00,2024-01-06 21:00:00,0.088
Netherlands,NLD,2024-01-06 21:00:00,2024-01-06 22:00:00,0.08657
Netherlands,NLD,2024-01-06 22:00:00,2024-01-06 23:00:00,0.07987000000000001
Netherlands,NLD,2024-01-06 23:00:00,2024-01-07 00:00:00,0.08408
Netherlands,NLD,2024-01-07 00:00:00,2024-01-07 01:00:00,0.07981999999999999
Netherlands,NLD,2024-01-07 01:00:00,2024-01-07 02:00:00,0.07676000000000001
Netherlands,NLD,2024-01-07 02:00:00,2024-01-07 03:00:00,0.07346
Netherlands,NLD,2024-01-07 03:00:00,2024-01-07 04:00:00,0.07186
Netherlands,NLD,2024-01-07 04:00:00,2024-01-07 05:00:00,0.07208
Netherlands,NLD,2024-01-07 05:00:00,2024-01-07 06:00:00,0.07490000000000001
Netherlands,NLD,2024-01-07 06:00:00,2024-01-07 07:00:00,0.07769
Netherlands,NLD,2024-01-07 07:00:00,2024-01-07 08:00:00,0.08179
Netherlands,NLD,2024-01-07 08:00:00,2024-01-07 09:00:00,0.08486
Netherlands,NLD,2024-01-07 09:00:00,2024-01-07 10:00:00,0.08714
Netherlands,NLD,2024-01-07 10:00:00,2024-01-07 11:00:00,0.08913
Netherlands,NLD,2024-01-07 11:00:00,2024-01-07 12:00:00,0.08866
Netherlands,NLD,2024-01-07 12:00:00,2024-01-07 13:00:00,0.08481
Netherlands,NLD,2024-01-07 13:00:00,2024-01-07 14:00:00,0.08434
Netherlands,NLD,2024-01-07 14:00:00,2024-01-07 15:00:00,0.08801
Netherlands,NLD,2024-01-07 15:00:00,2024-01-07 16:00:00,0.09342
Netherlands,NLD,2024-01-07 16:00:00,2024-01-07 17:00:00,0.10177
Netherlands,NLD,2024-01-07 17:00:00,2024-01-07 18:00:00,0.10485
Netherlands,NLD,2024-01-07 18:00:00,2024-01-07 19:00:00,0.10355
Netherlands,NLD,2024-01-07 19:00:00,2024-01-07 20:00:00,0.1005
Netherlands,NLD,2024-01-07 20:00:00,2024-01-07 21:00:00,0.09331
Netherlands,NLD,2024-01-07 21:00:00,2024-01-07 22:00:00,0.09117
Netherlands,NLD,2024-01-07 22:00:00,2024-01-07 23:00:00,0.08386
Netherlands,NLD,2024-01-07 23:00:00,2024-01-08 00:00:00,0.08702
Netherlands,NLD,2024-01-08 00:00:00,2024-01-08 01:00:00,0.08435
Netherlands,NLD,2024-01-08 01:00:00,2024-01-08 02:00:00,0.08170999999999999
Netherlands,NLD,2024-01-08 02:00:00,2024-01-08 03:00:00,0.079
Netherlands,NLD,2024-01-08 03:00:00,2024-01-08 04:00:00,0.07847
Netherlands,NLD,2024-01-08 04:00:00,2024-01-08 05:00:00,0.08209999999999999
Netherlands,NLD,2024-01-08 05:00:00,2024-01-08 06:00:00,0.0943
Netherlands,NLD,2024-01-08 06:00:00,2024-01-08 07:00:00,0.11109000000000001
Netherlands,NLD,2024-01-08 07:00:00,2024-01-08 08:00:00,0.12111
Netherlands,NLD,2024-01-08 08:00:00,2024-01-08 09:00:00,0.11783
Netherlands,NLD,2024-01-08 09:00:00,2024-01-08 10:00:00,0.11058
Netherlands,NLD,2024-01-08 10:00:00,2024-01-08 11:00:00,0.103
Netherlands,NLD,2024-01-08 11:00:00,2024-01-08 12:00:00,0.0849
Netherlands,NLD,2024-01-08 12:00:00,2024-01-08 13:00:00,0.08956
Netherlands,NLD,2024-01-08 13:00:00,2024-01-08 14:00:00,0.1
Netherlands,NLD,2024-01-08 14:00:00,2024-01-08 15:00:00,0.10798
Netherlands,NLD,2024-01-08 15:00:00,2024-01-08 16:00:00,0.11639000000000001
Netherlands,NLD,2024-01-08 16:00:00,2024-01-08 17:00:00,0.12915000000000001
Netherlands,NLD,2024-01-08 17:00:00,2024-01-08 18:00:00,0.12508
Netherlands,NLD,2024-01-08 18:00:00,2024-01-08 19:00:00,0.1119
Netherlands,NLD,2024-01-08 19:00:00,2024-01-08 20:00:00,0.1001
Netherlands,NLD,2024-01-08 20:00:00,2024-01-08 21:00:00,0.091
Netherlands,NLD,2024-01-08 21:00:00,2024-01-08 22:00:00,0.092
Netherlands,NLD,2024-01-08 22:00:00,2024-01-08 23:00:00,0.09148999999999999
Netherlands,NLD,2024-01-08 23:00:00,2024-01-09 00:00:00,0.08095000000000001
Netherlands,NLD,2024-01-09 00:00:00,2024-01-09 01:00:00,0.07998000000000001
Netherlands,NLD,2024-01-09 01:00:00,2024-01-09 02:00:00,0.085
Netherlands,NLD,2024-01-09 02:00:00,2024-01-09 03:00:00,0.08342000000000001
Netherlands,NLD,2024-01-09 03:00:00,2024-01-09 04:00:00,0.08056999999999999
Netherlands,NLD,2024-01-09 04:00:00,2024-01-09 05:00:00,0.0858
Netherlands,NLD,2024-01-09 05:00:00,2024-01-09 06:00:00,0.0839
Netherlands,NLD,2024-01-09 06:00:00,2024-01-09 07:00:00,0.09112
Netherlands,NLD,2024-01-09 07:00:00,2024-01-09 08:00:00,0.1257
Netherlands,NLD,2024-01-09 08:00:00,2024-01-09 09:00:00,0.11996
Netherlands,NLD,2024-01-09 09:00:00,2024-01-09 10:00:00,0.098
Netherlands,NLD,2024-01-09 10:00:00,2024-01-09 11:00:00,0.09
Netherlands,NLD,2024-01-09 11:00:00,2024-01-09 12:00:00,0.0788
Netherlands,NLD,2024-01-09 12:00:00,2024-01-09 13:00:00,0.07778
Netherlands,NLD,2024-01-09 13:00:00,2024-01-09 14:00:00,0.085
Netherlands,NLD,2024-01-09 14:00:00,2024-01-09 15:00:00,0.0999
Netherlands,NLD,2024-01-09 15:00:00,2024-01-09 16:00:00,0.11267
Netherlands,NLD,2024-01-09 16:00:00,2024-01-09 17:00:00,0.13569
Netherlands,NLD,2024-01-09 17:00:00,2024-01-09 18:00:00,0.12925
Netherlands,NLD,2024-01-09 18:00:00,2024-01-09 19:00:00,0.1263
Netherlands,NLD,2024-01-09 19:00:00,2024-01-09 20:00:00,0.10882
Netherlands,NLD,2024-01-09 20:00:00,2024-01-09 21:00:00,0.09366
Netherlands,NLD,2024-01-09 21:00:00,2024-01-09 22:00:00,0.0849
Netherlands,NLD,2024-01-09 22:00:00,2024-01-09 23:00:00,0.088
Netherlands,NLD,2024-01-09 23:00:00,2024-01-10 00:00:00,0.07554000000000001
Netherlands,NLD,2024-01-10 00:00:00,2024-01-10 01:00:00,0.08676
Netherlands,NLD,2024-01-10 01:00:00,2024-01-10 02:00:00,0.08673
Netherlands,NLD,2024-01-10 02:00:00,2024-01-10 03:00:00,0.08122
Netherlands,NLD,2024-01-10 03:00:00,2024-01-10 04:00:00,0.08048000000000001
Netherlands,NLD,2024-01-10 04:00:00,2024-01-10 05:00:00,0.07790000000000001
Netherlands,NLD,2024-01-10 05:00:00,2024-01-10 06:00:00,0.0793
Netherlands,NLD,2024-01-10 06:00:00,2024-01-10 07:00:00,0.096
Netherlands,NLD,2024-01-10 07:00:00,2024-01-10 08:00:00,0.13252
Netherlands,NLD,2024-01-10 08:00:00,2024-01-10 09:00:00,0.13038999999999998
Netherlands,NLD,2024-01-10 09:00:00,2024-01-10 10:00:00,0.11120999999999999
Netherlands,NLD,2024-01-10 10:00:00,2024-01-10 11:00:00,0.10912999999999999
Netherlands,NLD,2024-01-10 11:00:00,2024-01-10 12:00:00,0.0891
Netherlands,NLD,2024-01-10 12:00:00,2024-01-10 13:00:00,0.08745
Netherlands,NLD,2024-01-10 13:00:00,2024-01-10 14:00:00,0.0849
Netherlands,NLD,2024-01-10 14:00:00,2024-01-10 15:00:00,0.10634
Netherlands,NLD,2024-01-10 15:00:00,2024-01-10 16:00:00,0.12794
Netherlands,NLD,2024-01-10 16:00:00,2024-01-10 17:00:00,0.14379
Netherlands,NLD,2024-01-10 17:00:00,2024-01-10 18:00:00,0.14
Netherlands,NLD,2024-01-10 18:00:00,2024-01-10 19:00:00,0.13215000000000002
Netherlands,NLD,2024-01-10 19:00:00,2024-01-10 20:00:00,0.12
Netherlands,NLD,2024-01-10 20:00:00,2024-01-10 21:00:00,0.0973
Netherlands,NLD,2024-01-10 21:00:00,2024-01-10 22:00:00,0.09129999999999999
Netherlands,NLD,2024-01-10 22:00:00,2024-01-10 23:00:00,0.08231000000000001
Netherlands,NLD,2024-01-10 23:00:00,2024-01-11 00:00:00,0.09175
Netherlands,NLD,2024-01-11 00:00:00,2024-01-11 01:00:00,0.08859
Netherlands,NLD,2024-01-11 01:00:00,2024-01-11 02:00:00,0.08725
Netherlands,NLD,2024-01-11 02:00:00,2024-01-11 03:00:00,0.08238
Netherlands,NLD,2024-01-11 03:00:00,2024-01-11 04:00:00,0.08120000000000001
Netherlands,NLD,2024-01-11 04:00:00,2024-01-11 05:00:00,0.07959999999999999
Netherlands,NLD,2024-01-11 05:00:00,2024-01-11 06:00:00,0.09
Netherlands,NLD,2024-01-11 06:00:00,2024-01-11 07:00:00,0.11687
Netherlands,NLD,2024-01-11 07:00:00,2024-01-11 08:00:00,0.141
Netherlands,NLD,2024-01-11 08:00:00,2024-01-11 09:00:00,0.12916
Netherlands,NLD,2024-01-11 09:00:00,2024-01-11 10:00:00,0.11365
Netherlands,NLD,2024-01-11 10:00:00,2024-01-11 11:00:00,0.10648
Netherlands,NLD,2024-01-11 11:00:00,2024-01-11 12:00:00,0.09938
Netherlands,NLD,2024-01-11 12:00:00,2024-01-11 13:00:00,0.099
Netherlands,NLD,2024-01-11 13:00:00,2024-01-11 14:00:00,0.10598
Netherlands,NLD,2024-01-11 14:00:00,2024-01-11 15:00:00,0.11731
Netherlands,NLD,2024-01-11 15:00:00,2024-01-11 16:00:00,0.13262000000000002
Netherlands,NLD,2024-01-11 16:00:00,2024-01-11 17:00:00,0.14706
Netherlands,NLD,2024-01-11 17:00:00,2024-01-11 18:00:00,0.1367
Netherlands,NLD,2024-01-11 18:00:00,2024-01-11 19:00:00,0.13231
Netherlands,NLD,2024-01-11 19:00:00,2024-01-11 20:00:00,0.11788
Netherlands,NLD,2024-01-11 20:00:00,2024-01-11 21:00:00,0.10719
Netherlands,NLD,2024-01-11 21:00:00,2024-01-11 22:00:00,0.1
Netherlands,NLD,2024-01-11 22:00:00,2024-01-11 23:00:00,0.081
Netherlands,NLD,2024-01-11 23:00:00,2024-01-12 00:00:00,0.08212
Netherlands,NLD,2024-01-12 00:00:00,2024-01-12 01:00:00,0.08063
Netherlands,NLD,2024-01-12 01:00:00,2024-01-12 02:00:00,0.08313
Netherlands,NLD,2024-01-12 02:00:00,2024-01-12 03:00:00,0.07729000000000001
Netherlands,NLD,2024-01-12 03:00:00,2024-01-12 04:00:00,0.078
Netherlands,NLD,2024-01-12 04:00:00,2024-01-12 05:00:00,0.07918
Netherlands,NLD,2024-01-12 05:00:00,2024-01-12 06:00:00,0.08131999999999999
Netherlands,NLD,2024-01-12 06:00:00,2024-01-12 07:00:00,0.1182
Netherlands,NLD,2024-01-12 07:00:00,2024-01-12 08:00:00,0.14074
Netherlands,NLD,2024-01-12 08:00:00,2024-01-12 09:00:00,0.13496
Netherlands,NLD,2024-01-12 09:00:00,2024-01-12 10:00:00,0.12201000000000001
Netherlands,NLD,2024-01-12 10:00:00,2024-01-12 11:00:00,0.11473
Netherlands,NLD,2024-01-12 11:00:00,2024-01-12 12:00:00,0.10698
Netherlands,NLD,2024-01-12 12:00:00,2024-01-12 13:00:00,0.10308
Netherlands,NLD,2024-01-12 13:00:00,2024-01-12 14:00:00,0.10454000000000001
Netherlands,NLD,2024-01-12 14:00:00,2024-01-12 15:00:00,0.11
Netherlands,NLD,2024-01-12 15:00:00,2024-01-12 16:00:00,0.12
Netherlands,NLD,2024-01-12 16:00:00,2024-01-12 17:00:00,0.1275
Netherlands,NLD,2024-01-12 17:00:00,2024-01-12 18:00:00,0.126
Netherlands,NLD,2024-01-12 18:00:00,2024-01-12 19:00:00,0.11946999999999999
Netherlands,NLD,2024-01-12 19:00:00,2024-01-12 20:00:00,0.10712999999999999
Netherlands,NLD,2024-01-12 20:00:00,2024-01-12 21:00:00,0.0917
Netherlands,NLD,2024-01-12 21:00:00,2024-01-12 22:00:00,0.08502
Netherlands,NLD,2024-01-12 22:00:00,2024-01-12 23:00:00,0.08249
Netherlands,NLD,2024-01-12 23:00:00,2024-01-13 00:00:00,0.09
Netherlands,NLD,2024-01-13 00:00:00,2024-01-13 01:00:00,0.08543
Netherlands,NLD,2024-01-13 01:00:00,2024-01-13 02:00:00,0.082
Netherlands,NLD,2024-01-13 02:00:00,2024-01-13 03:00:00,0.07847
Netherlands,NLD,2024-01-13 03:00:00,2024-01-13 04:00:00,0.075
Netherlands,NLD,2024-01-13 04:00:00,2024-01-13 05:00:00,0.07493999999999999
Netherlands,NLD,2024-01-13 05:00:00,2024-01-13 06:00:00,0.07816
Netherlands,NLD,2024-01-13 06:00:00,2024-01-13 07:00:00,0.07790000000000001
Netherlands,NLD,2024-01-13 07:00:00,2024-01-13 08:00:00,0.07492
Netherlands,NLD,2024-01-13 08:00:00,2024-01-13 09:00:00,0.0854
Netherlands,NLD,2024-01-13 09:00:00,2024-01-13 10:00:00,0.0884
Netherlands,NLD,2024-01-13 10:00:00,2024-01-13 11:00:00,0.0861
Netherlands,NLD,2024-01-13 11:00:00,2024-01-13 12:00:00,0.07970000000000001
Netherlands,NLD,2024-01-13 12:00:00,2024-01-13 13:00:00,0.08081999999999999
Netherlands,NLD,2024-01-13 13:00:00,2024-01-13 14:00:00,0.0815
Netherlands,NLD,2024-01-13 14:00:00,2024-01-13 15:00:00,0.087
Netherlands,NLD,2024-01-13 15:00:00,2024-01-13 16:00:00,0.0973
Netherlands,NLD,2024-01-13 16:00:00,2024-01-13 17:00:00,0.1146
Netherlands,NLD,2024-01-13 17:00:00,2024-01-13 18:00:00,0.1028
Netherlands,NLD,2024-01-13 18:00:00,2024-01-13 19:00:00,0.0846
Netherlands,NLD,2024-01-13 19:00:00,2024-01-13 20:00:00,0.07547
Netherlands,NLD,2024-01-13 20:00:00,2024-01-13 21:00:00,0.081
Netherlands,NLD,2024-01-13 21:00:00,2024-01-13 22:00:00,0.085
Netherlands,NLD,2024-01-13 22:00:00,2024-01-13 23:00:00,0.08
Netherlands,NLD,2024-01-13 23:00:00,2024-01-14 00:00:00,0.07490000000000001
Netherlands,NLD,2024-01-14 00:00:00,2024-01-14 01:00:00,0.07401
Netherlands,NLD,2024-01-14 01:00:00,2024-01-14 02:00:00,0.0699
Netherlands,NLD,2024-01-14 02:00:00,2024-01-14 03:00:00,0.06824
Netherlands,NLD,2024-01-14 03:00:00,2024-01-14 04:00:00,0.07192
Netherlands,NLD,2024-01-14 04:00:00,2024-01-14 05:00:00,0.08
Netherlands,NLD,2024-01-14 05:00:00,2024-01-14 06:00:00,0.07103
Netherlands,NLD,2024-01-14 06:00:00,2024-01-14 07:00:00,0.07592
Netherlands,NLD,2024-01-14 07:00:00,2024-01-14 08:00:00,0.07927
Netherlands,NLD,2024-01-14 08:00:00,2024-01-14 09:00:00,0.093
Netherlands,NLD,2024-01-14 09:00:00,2024-01-14 10:00:00,0.09711
Netherlands,NLD,2024-01-14 10:00:00,2024-01-14 11:00:00,0.0872
Netherlands,NLD,2024-01-14 11:00:00,2024-01-14 12:00:00,0.08039
Netherlands,NLD,2024-01-14 12:00:00,2024-01-14 13:00:00,0.07704000000000001
Netherlands,NLD,2024-01-14 13:00:00,2024-01-14 14:00:00,0.07915000000000001
Netherlands,NLD,2024-01-14 14:00:00,2024-01-14 15:00:00,0.08231999999999999
Netherlands,NLD,2024-01-14 15:00:00,2024-01-14 16:00:00,0.08662
Netherlands,NLD,2024-01-14 16:00:00,2024-01-14 17:00:00,0.09186
Netherlands,NLD,2024-01-14 17:00:00,2024-01-14 18:00:00,0.09490000000000001
Netherlands,NLD,2024-01-14 18:00:00,2024-01-14 19:00:00,0.085
Netherlands,NLD,2024-01-14 19:00:00,2024-01-14 20:00:00,0.07906
Netherlands,NLD,2024-01-14 20:00:00,2024-01-14 21:00:00,0.07859999999999999
Netherlands,NLD,2024-01-14 21:00:00,2024-01-14 22:00:00,0.07539
Netherlands,NLD,2024-01-14 22:00:00,2024-01-14 23:00:00,0.06719
Netherlands,NLD,2024-01-14 23:00:00,2024-01-15 00:00:00,0.0679
Netherlands,NLD,2024-01-15 00:00:00,2024-01-15 01:00:00,0.065
Netherlands,NLD,2024-01-15 01:00:00,2024-01-15 02:00:00,0.06394
Netherlands,NLD,2024-01-15 02:00:00,2024-01-15 03:00:00,0.06204
Netherlands,NLD,2024-01-15 03:00:00,2024-01-15 04:00:00,0.06204
Netherlands,NLD,2024-01-15 04:00:00,2024-01-15 05:00:00,0.06925
Netherlands,NLD,2024-01-15 05:00:00,2024-01-15 06:00:00,0.08018
Netherlands,NLD,2024-01-15 06:00:00,2024-01-15 07:00:00,0.0844
Netherlands,NLD,2024-01-15 07:00:00,2024-01-15 08:00:00,0.09934
Netherlands,NLD,2024-01-15 08:00:00,2024-01-15 09:00:00,0.1003
Netherlands,NLD,2024-01-15 09:00:00,2024-01-15 10:00:00,0.09489
Netherlands,NLD,2024-01-15 10:00:00,2024-01-15 11:00:00,0.0902
Netherlands,NLD,2024-01-15 11:00:00,2024-01-15 12:00:00,0.08118
Netherlands,NLD,2024-01-15 12:00:00,2024-01-15 13:00:00,0.08220000000000001
Netherlands,NLD,2024-01-15 13:00:00,2024-01-15 14:00:00,0.0846
Netherlands,NLD,2024-01-15 14:00:00,2024-01-15 15:00:00,0.08957
Netherlands,NLD,2024-01-15 15:00:00,2024-01-15 16:00:00,0.09762
Netherlands,NLD,2024-01-15 16:00:00,2024-01-15 17:00:00,0.10651000000000001
Netherlands,NLD,2024-01-15 17:00:00,2024-01-15 18:00:00,0.11281000000000001
Netherlands,NLD,2024-01-15 18:00:00,2024-01-15 19:00:00,0.10513
Netherlands,NLD,2024-01-15 19:00:00,2024-01-15 20:00:00,0.09440000000000001
Netherlands,NLD,2024-01-15 20:00:00,2024-01-15 21:00:00,0.07904000000000001
Netherlands,NLD,2024-01-15 21:00:00,2024-01-15 22:00:00,0.07776000000000001
Netherlands,NLD,2024-01-15 22:00:00,2024-01-15 23:00:00,0.0785
Netherlands,NLD,2024-01-15 23:00:00,2024-01-16 00:00:00,0.068
Netherlands,NLD,2024-01-16 00:00:00,2024-01-16 01:00:00,0.07651000000000001
Netherlands,NLD,2024-01-16 01:00:00,2024-01-16 02:00:00,0.07743000000000001
Netherlands,NLD,2024-01-16 02:00:00,2024-01-16 03:00:00,0.07682
Netherlands,NLD,2024-01-16 03:00:00,2024-01-16 04:00:00,0.07305
Netherlands,NLD,2024-01-16 04:00:00,2024-01-16 05:00:00,0.07261
Netherlands,NLD,2024-01-16 05:00:00,2024-01-16 06:00:00,0.09240000000000001
Netherlands,NLD,2024-01-16 06:00:00,2024-01-16 07:00:00,0.1158
Netherlands,NLD,2024-01-16 07:00:00,2024-01-16 08:00:00,0.14411000000000002
Netherlands,NLD,2024-01-16 08:00:00,2024-01-16 09:00:00,0.1386
Netherlands,NLD,2024-01-16 09:00:00,2024-01-16 10:00:00,0.122
Netherlands,NLD,2024-01-16 10:00:00,2024-01-16 11:00:00,0.11
Netherlands,NLD,2024-01-16 11:00:00,2024-01-16 12:00:00,0.088
Netherlands,NLD,2024-01-16 12:00:00,2024-01-16 13:00:00,0.0881
Netherlands,NLD,2024-01-16 13:00:00,2024-01-16 14:00:00,0.084
Netherlands,NLD,2024-01-16 14:00:00,2024-01-16 15:00:00,0.11029000000000001
Netherlands,NLD,2024-01-16 15:00:00,2024-01-16 16:00:00,0.11169
Netherlands,NLD,2024-01-16 16:00:00,2024-01-16 17:00:00,0.12830000000000003
Netherlands,NLD,2024-01-16 17:00:00,2024-01-16 18:00:00,0.1221
Netherlands,NLD,2024-01-16 18:00:00,2024-01-16 19:00:00,0.102
Netherlands,NLD,2024-01-16 19:00:00,2024-01-16 20:00:00,0.08997
Netherlands,NLD,2024-01-16 20:00:00,2024-01-16 21:00:00,0.084
Netherlands,NLD,2024-01-16 21:00:00,2024-01-16 22:00:00,0.08220999999999999
Netherlands,NLD,2024-01-16 22:00:00,2024-01-16 23:00:00,0.0752
Netherlands,NLD,2024-01-16 23:00:00,2024-01-17 00:00:00,0.0718
Netherlands,NLD,2024-01-17 00:00:00,2024-01-17 01:00:00,0.07165
Netherlands,NLD,2024-01-17 01:00:00,2024-01-17 02:00:00,0.07073
Netherlands,NLD,2024-01-17 02:00:00,2024-01-17 03:00:00,0.06979
Netherlands,NLD,2024-01-17 03:00:00,2024-01-17 04:00:00,0.06954
Netherlands,NLD,2024-01-17 04:00:00,2024-01-17 05:00:00,0.07131
Netherlands,NLD,2024-01-17 05:00:00,2024-01-17 06:00:00,0.07557
Netherlands,NLD,2024-01-17 06:00:00,2024-01-17 07:00:00,0.08494
Netherlands,NLD,2024-01-17 07:00:00,2024-01-17 08:00:00,0.09673999999999999
Netherlands,NLD,2024-01-17 08:00:00,2024-01-17 09:00:00,0.10618000000000001
Netherlands,NLD,2024-01-17 09:00:00,2024-01-17 10:00:00,0.11033
Netherlands,NLD,2024-01-17 10:00:00,2024-01-17 11:00:00,0.11109999999999999
Netherlands,NLD,2024-01-17 11:00:00,2024-01-17 12:00:00,0.11374
Netherlands,NLD,2024-01-17 12:00:00,2024-01-17 13:00:00,0.11673
Netherlands,NLD,2024-01-17 13:00:00,2024-01-17 14:00:00,0.118
Netherlands,NLD,2024-01-17 14:00:00,2024-01-17 15:00:00,0.12262
Netherlands,NLD,2024-01-17 15:00:00,2024-01-17 16:00:00,0.12655
Netherlands,NLD,2024-01-17 16:00:00,2024-01-17 17:00:00,0.13691
Netherlands,NLD,2024-01-17 17:00:00,2024-01-17 18:00:00,0.12251000000000001
Netherlands,NLD,2024-01-17 18:00:00,2024-01-17 19:00:00,0.11309999999999999
Netherlands,NLD,2024-01-17 19:00:00,2024-01-17 20:00:00,0.09916
Netherlands,NLD,2024-01-17 20:00:00,2024-01-17 21:00:00,0.09373000000000001
Netherlands,NLD,2024-01-17 21:00:00,2024-01-17 22:00:00,0.0891
Netherlands,NLD,2024-01-17 22:00:00,2024-01-17 23:00:00,0.08320999999999999
Netherlands,NLD,2024-01-17 23:00:00,2024-01-18 00:00:00,0.0803
Netherlands,NLD,2024-01-18 00:00:00,2024-01-18 01:00:00,0.07698999999999999
Netherlands,NLD,2024-01-18 01:00:00,2024-01-18 02:00:00,0.07467
Netherlands,NLD,2024-01-18 02:00:00,2024-01-18 03:00:00,0.07418000000000001
Netherlands,NLD,2024-01-18 03:00:00,2024-01-18 04:00:00,0.07609
Netherlands,NLD,2024-01-18 04:00:00,2024-01-18 05:00:00,0.07759999999999999
Netherlands,NLD,2024-01-18 05:00:00,2024-01-18 06:00:00,0.08909
Netherlands,NLD,2024-01-18 06:00:00,2024-01-18 07:00:00,0.10923000000000001
Netherlands,NLD,2024-01-18 07:00:00,2024-01-18 08:00:00,0.12198
Netherlands,NLD,2024-01-18 08:00:00,2024-01-18 09:00:00,0.11826
Netherlands,NLD,2024-01-18 09:00:00,2024-01-18 10:00:00,0.11040000000000001
Netherlands,NLD,2024-01-18 10:00:00,2024-01-18 11:00:00,0.08
Netherlands,NLD,2024-01-18 11:00:00,2024-01-18 12:00:00,0.08395
Netherlands,NLD,2024-01-18 12:00:00,2024-01-18 13:00:00,0.07064
Netherlands,NLD,2024-01-18 13:00:00,2024-01-18 14:00:00,0.08660999999999999
Netherlands,NLD,2024-01-18 14:00:00,2024-01-18 15:00:00,0.0858
Netherlands,NLD,2024-01-18 15:00:00,2024-01-18 16:00:00,0.09868
Netherlands,NLD,2024-01-18 16:00:00,2024-01-18 17:00:00,0.10375
Netherlands,NLD,2024-01-18 17:00:00,2024-01-18 18:00:00,0.10335
Netherlands,NLD,2024-01-18 18:00:00,2024-01-18 19:00:00,0.08785
Netherlands,NLD,2024-01-18 19:00:00,2024-01-18 20:00:00,0.081
Netherlands,NLD,2024-01-18 20:00:00,2024-01-18 21:00:00,0.08314
Netherlands,NLD,2024-01-18 21:00:00,2024-01-18 22:00:00,0.07662999999999999
Netherlands,NLD,2024-01-18 22:00:00,2024-01-18 23:00:00,0.07361
Netherlands,NLD,2024-01-18 23:00:00,2024-01-19 00:00:00,0.06914000000000001
Netherlands,NLD,2024-01-19 00:00:00,2024-01-19 01:00:00,0.06626
Netherlands,NLD,2024-01-19 01:00:00,2024-01-19 02:00:00,0.063
Netherlands,NLD,2024-01-19 02:00:00,2024-01-19 03:00:00,0.06276
Netherlands,NLD,2024-01-19 03:00:00,2024-01-19 04:00:00,0.06332
Netherlands,NLD,2024-01-19 04:00:00,2024-01-19 05:00:00,0.0669
Netherlands,NLD,2024-01-19 05:00:00,2024-01-19 06:00:00,0.07648999999999999
Netherlands,NLD,2024-01-19 06:00:00,2024-01-19 07:00:00,0.086
Netherlands,NLD,2024-01-19 07:00:00,2024-01-19 08:00:00,0.10427
Netherlands,NLD,2024-01-19 08:00:00,2024-01-19 09:00:00,0.09991
Netherlands,NLD,2024-01-19 09:00:00,2024-01-19 10:00:00,0.08753
Netherlands,NLD,2024-01-19 10:00:00,2024-01-19 11:00:00,0.084
Netherlands,NLD,2024-01-19 11:00:00,2024-01-19 12:00:00,0.07221
Netherlands,NLD,2024-01-19 12:00:00,2024-01-19 13:00:00,0.07336
Netherlands,NLD,2024-01-19 13:00:00,2024-01-19 14:00:00,0.07522
Netherlands,NLD,2024-01-19 14:00:00,2024-01-19 15:00:00,0.07304000000000001
Netherlands,NLD,2024-01-19 15:00:00,2024-01-19 16:00:00,0.0849
Netherlands,NLD,2024-01-19 16:00:00,2024-01-19 17:00:00,0.09375
Netherlands,NLD,2024-01-19 17:00:00,2024-01-19 18:00:00,0.0879
Netherlands,NLD,2024-01-19 18:00:00,2024-01-19 19:00:00,0.07490000000000001
Netherlands,NLD,2024-01-19 19:00:00,2024-01-19 20:00:00,0.07295
Netherlands,NLD,2024-01-19 20:00:00,2024-01-19 21:00:00,0.07112
Netherlands,NLD,2024-01-19 21:00:00,2024-01-19 22:00:00,0.06864
Netherlands,NLD,2024-01-19 22:00:00,2024-01-19 23:00:00,0.06475
Netherlands,NLD,2024-01-19 23:00:00,2024-01-20 00:00:00,0.066
Netherlands,NLD,2024-01-20 00:00:00,2024-01-20 01:00:00,0.06751
Netherlands,NLD,2024-01-20 01:00:00,2024-01-20 02:00:00,0.06354
Netherlands,NLD,2024-01-20 02:00:00,2024-01-20 03:00:00,0.06182
Netherlands,NLD,2024-01-20 03:00:00,2024-01-20 04:00:00,0.06185
Netherlands,NLD,2024-01-20 04:00:00,2024-01-20 05:00:00,0.06175
Netherlands,NLD,2024-01-20 05:00:00,2024-01-20 06:00:00,0.06259
Netherlands,NLD,2024-01-20 06:00:00,2024-01-20 07:00:00,0.0669
Netherlands,NLD,2024-01-20 07:00:00,2024-01-20 08:00:00,0.07482
Netherlands,NLD,2024-01-20 08:00:00,2024-01-20 09:00:00,0.07790000000000001
Netherlands,NLD,2024-01-20 09:00:00,2024-01-20 10:00:00,0.0718
Netherlands,NLD,2024-01-20 10:00:00,2024-01-20 11:00:00,0.0696
Netherlands,NLD,2024-01-20 11:00:00,2024-01-20 12:00:00,0.06489
Netherlands,NLD,2024-01-20 12:00:00,2024-01-20 13:00:00,0.0669
Netherlands,NLD,2024-01-20 13:00:00,2024-01-20 14:00:00,0.07337
Netherlands,NLD,2024-01-20 14:00:00,2024-01-20 15:00:00,0.07914
Netherlands,NLD,2024-01-20 15:00:00,2024-01-20 16:00:00,0.08786
Netherlands,NLD,2024-01-20 16:00:00,2024-01-20 17:00:00,0.09498000000000001
Netherlands,NLD,2024-01-20 17:00:00,2024-01-20 18:00:00,0.09989
Netherlands,NLD,2024-01-20 18:00:00,2024-01-20 19:00:00,0.09157
Netherlands,NLD,2024-01-20 19:00:00,2024-01-20 20:00:00,0.08
Netherlands,NLD,2024-01-20 20:00:00,2024-01-20 21:00:00,0.07572
Netherlands,NLD,2024-01-20 21:00:00,2024-01-20 22:00:00,0.07042
Netherlands,NLD,2024-01-20 22:00:00,2024-01-20 23:00:00,0.06913
Netherlands,NLD,2024-01-20 23:00:00,2024-01-21 00:00:00,0.0625
Netherlands,NLD,2024-01-21 00:00:00,2024-01-21 01:00:00,0.057
Netherlands,NLD,2024-01-21 01:00:00,2024-01-21 02:00:00,0.05515
Netherlands,NLD,2024-01-21 02:00:00,2024-01-21 03:00:00,0.05089
Netherlands,NLD,2024-01-21 03:00:00,2024-01-21 04:00:00,0.048310000000000006
Netherlands,NLD,2024-01-21 04:00:00,2024-01-21 05:00:00,0.046939999999999996
Netherlands,NLD,2024-01-21 05:00:00,2024-01-21 06:00:00,0.045
Netherlands,NLD,2024-01-21 06:00:00,2024-01-21 07:00:00,0.04217
Netherlands,NLD,2024-01-21 07:00:00,2024-01-21 08:00:00,0.051
Netherlands,NLD,2024-01-21 08:00:00,2024-01-21 09:00:00,0.06
Netherlands,NLD,2024-01-21 09:00:00,2024-01-21 10:00:00,0.059090000000000004
Netherlands,NLD,2024-01-21 10:00:00,2024-01-21 11:00:00,0.056240000000000005
Netherlands,NLD,2024-01-21 11:00:00,2024-01-21 12:00:00,0.0599
Netherlands,NLD,2024-01-21 12:00:00,2024-01-21 13:00:00,0.05274
Netherlands,NLD,2024-01-21 13:00:00,2024-01-21 14:00:00,0.05584
Netherlands,NLD,2024-01-21 14:00:00,2024-01-21 15:00:00,0.057210000000000004
Netherlands,NLD,2024-01-21 15:00:00,2024-01-21 16:00:00,0.05553
Netherlands,NLD,2024-01-21 16:00:00,2024-01-21 17:00:00,0.06879
Netherlands,NLD,2024-01-21 17:00:00,2024-01-21 18:00:00,0.082
Netherlands,NLD,2024-01-21 18:00:00,2024-01-21 19:00:00,0.064
Netherlands,NLD,2024-01-21 19:00:00,2024-01-21 20:00:00,0.060200000000000004
Netherlands,NLD,2024-01-21 20:00:00,2024-01-21 21:00:00,0.057
Netherlands,NLD,2024-01-21 21:00:00,2024-01-21 22:00:00,0.054259999999999996
Netherlands,NLD,2024-01-21 22:00:00,2024-01-21 23:00:00,0.053270000000000005
Netherlands,NLD,2024-01-21 23:00:00,2024-01-22 00:00:00,0.04408
Netherlands,NLD,2024-01-22 00:00:00,2024-01-22 01:00:00,0.04999
Netherlands,NLD,2024-01-22 01:00:00,2024-01-22 02:00:00,0.045
Netherlands,NLD,2024-01-22 02:00:00,2024-01-22 03:00:00,0.02792
Netherlands,NLD,2024-01-22 03:00:00,2024-01-22 04:00:00,0.018
Netherlands,NLD,2024-01-22 04:00:00,2024-01-22 05:00:00,0.0205
Netherlands,NLD,2024-01-22 05:00:00,2024-01-22 06:00:00,0.04227
Netherlands,NLD,2024-01-22 06:00:00,2024-01-22 07:00:00,0.0685
Netherlands,NLD,2024-01-22 07:00:00,2024-01-22 08:00:00,0.13
Netherlands,NLD,2024-01-22 08:00:00,2024-01-22 09:00:00,0.0896
Netherlands,NLD,2024-01-22 09:00:00,2024-01-22 10:00:00,0.07434
Netherlands,NLD,2024-01-22 10:00:00,2024-01-22 11:00:00,0.0606
Netherlands,NLD,2024-01-22 11:00:00,2024-01-22 12:00:00,0.05701
Netherlands,NLD,2024-01-22 12:00:00,2024-01-22 13:00:00,0.05652
Netherlands,NLD,2024-01-22 13:00:00,2024-01-22 14:00:00,0.05855
Netherlands,NLD,2024-01-22 14:00:00,2024-01-22 15:00:00,0.060469999999999996
Netherlands,NLD,2024-01-22 15:00:00,2024-01-22 16:00:00,0.067
Netherlands,NLD,2024-01-22 16:00:00,2024-01-22 17:00:00,0.08877
Netherlands,NLD,2024-01-22 17:00:00,2024-01-22 18:00:00,0.1103
Netherlands,NLD,2024-01-22 18:00:00,2024-01-22 19:00:00,0.09809999999999999
Netherlands,NLD,2024-01-22 19:00:00,2024-01-22 20:00:00,0.06743
Netherlands,NLD,2024-01-22 20:00:00,2024-01-22 21:00:00,0.06441
Netherlands,NLD,2024-01-22 21:00:00,2024-01-22 22:00:00,0.05622
Netherlands,NLD,2024-01-22 22:00:00,2024-01-22 23:00:00,0.05035
Netherlands,NLD,2024-01-22 23:00:00,2024-01-23 00:00:00,0.01684
Netherlands,NLD,2024-01-23 00:00:00,2024-01-23 01:00:00,0.01099
Netherlands,NLD,2024-01-23 01:00:00,2024-01-23 02:00:00,0.01
Netherlands,NLD,2024-01-23 02:00:00,2024-01-23 03:00:00,0.005
Netherlands,NLD,2024-01-23 03:00:00,2024-01-23 04:00:00,0.01084
Netherlands,NLD,2024-01-23 04:00:00,2024-01-23 05:00:00,0.039509999999999997
Netherlands,NLD,2024-01-23 05:00:00,2024-01-23 06:00:00,0.061509999999999995
Netherlands,NLD,2024-01-23 06:00:00,2024-01-23 07:00:00,0.08825
Netherlands,NLD,2024-01-23 07:00:00,2024-01-23 08:00:00,0.1158
Netherlands,NLD,2024-01-23 08:00:00,2024-01-23 09:00:00,0.09668
Netherlands,NLD,2024-01-23 09:00:00,2024-01-23 10:00:00,0.0809
Netherlands,NLD,2024-01-23 10:00:00,2024-01-23 11:00:00,0.065
Netherlands,NLD,2024-01-23 11:00:00,2024-01-23 12:00:00,0.06412999999999999
Netherlands,NLD,2024-01-23 12:00:00,2024-01-23 13:00:00,0.06336
Netherlands,NLD,2024-01-23 13:00:00,2024-01-23 14:00:00,0.07002
Netherlands,NLD,2024-01-23 14:00:00,2024-01-23 15:00:00,0.07429999999999999
Netherlands,NLD,2024-01-23 15:00:00,2024-01-23 16:00:00,0.07719
Netherlands,NLD,2024-01-23 16:00:00,2024-01-23 17:00:00,0.08181000000000001
Netherlands,NLD,2024-01-23 17:00:00,2024-01-23 18:00:00,0.08489000000000001
Netherlands,NLD,2024-01-23 18:00:00,2024-01-23 19:00:00,0.07535
Netherlands,NLD,2024-01-23 19:00:00,2024-01-23 20:00:00,0.065
Netherlands,NLD,2024-01-23 20:00:00,2024-01-23 21:00:00,0.0632
Netherlands,NLD,2024-01-23 21:00:00,2024-01-23 22:00:00,0.053399999999999996
Netherlands,NLD,2024-01-23 22:00:00,2024-01-23 23:00:00,0.035
Netherlands,NLD,2024-01-23 23:00:00,2024-01-24 00:00:00,0.004849999999999999
Netherlands,NLD,2024-01-24 00:00:00,2024-01-24 01:00:00,0.00212
Netherlands,NLD,2024-01-24 01:00:00,2024-01-24 02:00:00,0.0
Netherlands,NLD,2024-01-24 02:00:00,2024-01-24 03:00:00,-0.0038900000000000002
Netherlands,NLD,2024-01-24 03:00:00,2024-01-24 04:00:00,-0.005
Netherlands,NLD,2024-01-24 04:00:00,2024-01-24 05:00:00,0.0
Netherlands,NLD,2024-01-24 05:00:00,2024-01-24 06:00:00,0.016649999999999998
Netherlands,NLD,2024-01-24 06:00:00,2024-01-24 07:00:00,0.0675
Netherlands,NLD,2024-01-24 07:00:00,2024-01-24 08:00:00,0.095
Netherlands,NLD,2024-01-24 08:00:00,2024-01-24 09:00:00,0.09333
Netherlands,NLD,2024-01-24 09:00:00,2024-01-24 10:00:00,0.068
Netherlands,NLD,2024-01-24 10:00:00,2024-01-24 11:00:00,0.05221
Netherlands,NLD,2024-01-24 11:00:00,2024-01-24 12:00:00,0.03932
Netherlands,NLD,2024-01-24 12:00:00,2024-01-24 13:00:00,0.038299999999999994
Netherlands,NLD,2024-01-24 13:00:00,2024-01-24 14:00:00,0.0465
Netherlands,NLD,2024-01-24 14:00:00,2024-01-24 15:00:00,0.06843
Netherlands,NLD,2024-01-24 15:00:00,2024-01-24 16:00:00,0.08
Netherlands,NLD,2024-01-24 16:00:00,2024-01-24 17:00:00,0.098
Netherlands,NLD,2024-01-24 17:00:00,2024-01-24 18:00:00,0.09272
Netherlands,NLD,2024-01-24 18:00:00,2024-01-24 19:00:00,0.1001
Netherlands,NLD,2024-01-24 19:00:00,2024-01-24 20:00:00,0.084
Netherlands,NLD,2024-01-24 20:00:00,2024-01-24 21:00:00,0.08199
Netherlands,NLD,2024-01-24 21:00:00,2024-01-24 22:00:00,0.0718
Netherlands,NLD,2024-01-24 22:00:00,2024-01-24 23:00:00,0.0818
Netherlands,NLD,2024-01-24 23:00:00,2024-01-25 00:00:00,0.0649
Netherlands,NLD,2024-01-25 00:00:00,2024-01-25 01:00:00,0.056100000000000004
Netherlands,NLD,2024-01-25 01:00:00,2024-01-25 02:00:00,0.06720000000000001
Netherlands,NLD,2024-01-25 02:00:00,2024-01-25 03:00:00,0.075
Netherlands,NLD,2024-01-25 03:00:00,2024-01-25 04:00:00,0.07531
Netherlands,NLD,2024-01-25 04:00:00,2024-01-25 05:00:00,0.07590000000000001
Netherlands,NLD,2024-01-25 05:00:00,2024-01-25 06:00:00,0.07858
Netherlands,NLD,2024-01-25 06:00:00,2024-01-25 07:00:00,0.09209999999999999
Netherlands,NLD,2024-01-25 07:00:00,2024-01-25 08:00:00,0.10302
Netherlands,NLD,2024-01-25 08:00:00,2024-01-25 09:00:00,0.094
Netherlands,NLD,2024-01-25 09:00:00,2024-01-25 10:00:00,0.08395999999999999
Netherlands,NLD,2024-01-25 10:00:00,2024-01-25 11:00:00,0.07866
Netherlands,NLD,2024-01-25 11:00:00,2024-01-25 12:00:00,0.07495
Netherlands,NLD,2024-01-25 12:00:00,2024-01-25 13:00:00,0.07654999999999999
Netherlands,NLD,2024-01-25 13:00:00,2024-01-25 14:00:00,0.08422
Netherlands,NLD,2024-01-25 14:00:00,2024-01-25 15:00:00,0.08861
Netherlands,NLD,2024-01-25 15:00:00,2024-01-25 16:00:00,0.09698000000000001
Netherlands,NLD,2024-01-25 16:00:00,2024-01-25 17:00:00,0.116
Netherlands,NLD,2024-01-25 17:00:00,2024-01-25 18:00:00,0.1124
Netherlands,NLD,2024-01-25 18:00:00,2024-01-25 19:00:00,0.09853
Netherlands,NLD,2024-01-25 19:00:00,2024-01-25 20:00:00,0.07991
Netherlands,NLD,2024-01-25 20:00:00,2024-01-25 21:00:00,0.08428000000000001
Netherlands,NLD,2024-01-25 21:00:00,2024-01-25 22:00:00,0.07940000000000001
Netherlands,NLD,2024-01-25 22:00:00,2024-01-25 23:00:00,0.07417
Netherlands,NLD,2024-01-25 23:00:00,2024-01-26 00:00:00,0.0628
Netherlands,NLD,2024-01-26 00:00:00,2024-01-26 01:00:00,0.062
Netherlands,NLD,2024-01-26 01:00:00,2024-01-26 02:00:00,0.05849
Netherlands,NLD,2024-01-26 02:00:00,2024-01-26 03:00:00,0.05479
Netherlands,NLD,2024-01-26 03:00:00,2024-01-26 04:00:00,0.0474
Netherlands,NLD,2024-01-26 04:00:00,2024-01-26 05:00:00,0.05087
Netherlands,NLD,2024-01-26 05:00:00,2024-01-26 06:00:00,0.05815
Netherlands,NLD,2024-01-26 06:00:00,2024-01-26 07:00:00,0.07198
Netherlands,NLD,2024-01-26 07:00:00,2024-01-26 08:00:00,0.07745
Netherlands,NLD,2024-01-26 08:00:00,2024-01-26 09:00:00,0.08009999999999999
Netherlands,NLD,2024-01-26 09:00:00,2024-01-26 10:00:00,0.07134
Netherlands,NLD,2024-01-26 10:00:00,2024-01-26 11:00:00,0.05894
Netherlands,NLD,2024-01-26 11:00:00,2024-01-26 12:00:00,0.05208
Netherlands,NLD,2024-01-26 12:00:00,2024-01-26 13:00:00,0.046299999999999994
Netherlands,NLD,2024-01-26 13:00:00,2024-01-26 14:00:00,0.05
Netherlands,NLD,2024-01-26 14:00:00,2024-01-26 15:00:00,0.05117
Netherlands,NLD,2024-01-26 15:00:00,2024-01-26 16:00:00,0.075
Netherlands,NLD,2024-01-26 16:00:00,2024-01-26 17:00:00,0.095
Netherlands,NLD,2024-01-26 17:00:00,2024-01-26 18:00:00,0.13557
Netherlands,NLD,2024-01-26 18:00:00,2024-01-26 19:00:00,0.11112000000000001
Netherlands,NLD,2024-01-26 19:00:00,2024-01-26 20:00:00,0.0958
Netherlands,NLD,2024-01-26 20:00:00,2024-01-26 21:00:00,0.082
Netherlands,NLD,2024-01-26 21:00:00,2024-01-26 22:00:00,0.0842
Netherlands,NLD,2024-01-26 22:00:00,2024-01-26 23:00:00,0.07936
Netherlands,NLD,2024-01-26 23:00:00,2024-01-27 00:00:00,0.0745
Netherlands,NLD,2024-01-27 00:00:00,2024-01-27 01:00:00,0.0689
Netherlands,NLD,2024-01-27 01:00:00,2024-01-27 02:00:00,0.0659
Netherlands,NLD,2024-01-27 02:00:00,2024-01-27 03:00:00,0.059
Netherlands,NLD,2024-01-27 03:00:00,2024-01-27 04:00:00,0.05649
Netherlands,NLD,2024-01-27 04:00:00,2024-01-27 05:00:00,0.05858
Netherlands,NLD,2024-01-27 05:00:00,2024-01-27 06:00:00,0.05998
Netherlands,NLD,2024-01-27 06:00:00,2024-01-27 07:00:00,0.0669
Netherlands,NLD,2024-01-27 07:00:00,2024-01-27 08:00:00,0.08676
Netherlands,NLD,2024-01-27 08:00:00,2024-01-27 09:00:00,0.0862
Netherlands,NLD,2024-01-27 09:00:00,2024-01-27 10:00:00,0.08017
Netherlands,NLD,2024-01-27 10:00:00,2024-01-27 11:00:00,0.06033
Netherlands,NLD,2024-01-27 11:00:00,2024-01-27 12:00:00,0.05584
Netherlands,NLD,2024-01-27 12:00:00,2024-01-27 13:00:00,0.053880000000000004
Netherlands,NLD,2024-01-27 13:00:00,2024-01-27 14:00:00,0.05973
Netherlands,NLD,2024-01-27 14:00:00,2024-01-27 15:00:00,0.0782
Netherlands,NLD,2024-01-27 15:00:00,2024-01-27 16:00:00,0.0824
Netherlands,NLD,2024-01-27 16:00:00,2024-01-27 17:00:00,0.09122
Netherlands,NLD,2024-01-27 17:00:00,2024-01-27 18:00:00,0.09597
Netherlands,NLD,2024-01-27 18:00:00,2024-01-27 19:00:00,0.09262000000000001
Netherlands,NLD,2024-01-27 19:00:00,2024-01-27 20:00:00,0.08443
Netherlands,NLD,2024-01-27 20:00:00,2024-01-27 21:00:00,0.07596
Netherlands,NLD,2024-01-27 21:00:00,2024-01-27 22:00:00,0.07597
Netherlands,NLD,2024-01-27 22:00:00,2024-01-27 23:00:00,0.0727
Netherlands,NLD,2024-01-27 23:00:00,2024-01-28 00:00:00,0.06677
Netherlands,NLD,2024-01-28 00:00:00,2024-01-28 01:00:00,0.060700000000000004
Netherlands,NLD,2024-01-28 01:00:00,2024-01-28 02:00:00,0.0591
Netherlands,NLD,2024-01-28 02:00:00,2024-01-28 03:00:00,0.05889
Netherlands,NLD,2024-01-28 03:00:00,2024-01-28 04:00:00,0.059969999999999996
Netherlands,NLD,2024-01-28 04:00:00,2024-01-28 05:00:00,0.06240999999999999
Netherlands,NLD,2024-01-28 05:00:00,2024-01-28 06:00:00,0.05932
Netherlands,NLD,2024-01-28 06:00:00,2024-01-28 07:00:00,0.05898
Netherlands,NLD,2024-01-28 07:00:00,2024-01-28 08:00:00,0.0592
Netherlands,NLD,2024-01-28 08:00:00,2024-01-28 09:00:00,0.05522
Netherlands,NLD,2024-01-28 09:00:00,2024-01-28 10:00:00,0.05135
Netherlands,NLD,2024-01-28 10:00:00,2024-01-28 11:00:00,0.045509999999999995
Netherlands,NLD,2024-01-28 11:00:00,2024-01-28 12:00:00,0.04124
Netherlands,NLD,2024-01-28 12:00:00,2024-01-28 13:00:00,0.04025
Netherlands,NLD,2024-01-28 13:00:00,2024-01-28 14:00:00,0.049710000000000004
Netherlands,NLD,2024-01-28 14:00:00,2024-01-28 15:00:00,0.0549
Netherlands,NLD,2024-01-28 15:00:00,2024-01-28 16:00:00,0.06629
Netherlands,NLD,2024-01-28 16:00:00,2024-01-28 17:00:00,0.07642
Netherlands,NLD,2024-01-28 17:00:00,2024-01-28 18:00:00,0.0747
Netherlands,NLD,2024-01-28 18:00:00,2024-01-28 19:00:00,0.07016
Netherlands,NLD,2024-01-28 19:00:00,2024-01-28 20:00:00,0.06861
Netherlands,NLD,2024-01-28 20:00:00,2024-01-28 21:00:00,0.05757
Netherlands,NLD,2024-01-28 21:00:00,2024-01-28 22:00:00,0.05966
Netherlands,NLD,2024-01-28 22:00:00,2024-01-28 23:00:00,0.056
Netherlands,NLD,2024-01-28 23:00:00,2024-01-29 00:00:00,0.04997
Netherlands,NLD,2024-01-29 00:00:00,2024-01-29 01:00:00,0.047259999999999996
Netherlands,NLD,2024-01-29 01:00:00,2024-01-29 02:00:00,0.048119999999999996
Netherlands,NLD,2024-01-29 02:00:00,2024-01-29 03:00:00,0.04797
Netherlands,NLD,2024-01-29 03:00:00,2024-01-29 04:00:00,0.05158
Netherlands,NLD,2024-01-29 04:00:00,2024-01-29 05:00:00,0.06006
Netherlands,NLD,2024-01-29 05:00:00,2024-01-29 06:00:00,0.08015
Netherlands,NLD,2024-01-29 06:00:00,2024-01-29 07:00:00,0.09269
Netherlands,NLD,2024-01-29 07:00:00,2024-01-29 08:00:00,0.0992
Netherlands,NLD,2024-01-29 08:00:00,2024-01-29 09:00:00,0.08839
Netherlands,NLD,2024-01-29 09:00:00,2024-01-29 10:00:00,0.07890000000000001
Netherlands,NLD,2024-01-29 10:00:00,2024-01-29 11:00:00,0.07127
Netherlands,NLD,2024-01-29 11:00:00,2024-01-29 12:00:00,0.07024
Netherlands,NLD,2024-01-29 12:00:00,2024-01-29 13:00:00,0.07487
Netherlands,NLD,2024-01-29 13:00:00,2024-01-29 14:00:00,0.08199
Netherlands,NLD,2024-01-29 14:00:00,2024-01-29 15:00:00,0.09567
Netherlands,NLD,2024-01-29 15:00:00,2024-01-29 16:00:00,0.10479000000000001
Netherlands,NLD,2024-01-29 16:00:00,2024-01-29 17:00:00,0.1202
Netherlands,NLD,2024-01-29 17:00:00,2024-01-29 18:00:00,0.11592
Netherlands,NLD,2024-01-29 18:00:00,2024-01-29 19:00:00,0.10751999999999999
Netherlands,NLD,2024-01-29 19:00:00,2024-01-29 20:00:00,0.09095
Netherlands,NLD,2024-01-29 20:00:00,2024-01-29 21:00:00,0.08566
Netherlands,NLD,2024-01-29 21:00:00,2024-01-29 22:00:00,0.08325
Netherlands,NLD,2024-01-29 22:00:00,2024-01-29 23:00:00,0.08029
Netherlands,NLD,2024-01-29 23:00:00,2024-01-30 00:00:00,0.07194
Netherlands,NLD,2024-01-30 00:00:00,2024-01-30 01:00:00,0.06876
Netherlands,NLD,2024-01-30 01:00:00,2024-01-30 02:00:00,0.06937
Netherlands,NLD,2024-01-30 02:00:00,2024-01-30 03:00:00,0.06709
Netherlands,NLD,2024-01-30 03:00:00,2024-01-30 04:00:00,0.06663
Netherlands,NLD,2024-01-30 04:00:00,2024-01-30 05:00:00,0.06937
Netherlands,NLD,2024-01-30 05:00:00,2024-01-30 06:00:00,0.07861
Netherlands,NLD,2024-01-30 06:00:00,2024-01-30 07:00:00,0.09076999999999999
Netherlands,NLD,2024-01-30 07:00:00,2024-01-30 08:00:00,0.09594
Netherlands,NLD,2024-01-30 08:00:00,2024-01-30 09:00:00,0.08493
Netherlands,NLD,2024-01-30 09:00:00,2024-01-30 10:00:00,0.07715000000000001
Netherlands,NLD,2024-01-30 10:00:00,2024-01-30 11:00:00,0.0701
Netherlands,NLD,2024-01-30 11:00:00,2024-01-30 12:00:00,0.0681
Netherlands,NLD,2024-01-30 12:00:00,2024-01-30 13:00:00,0.06823
Netherlands,NLD,2024-01-30 13:00:00,2024-01-30 14:00:00,0.07193000000000001
Netherlands,NLD,2024-01-30 14:00:00,2024-01-30 15:00:00,0.07859999999999999
Netherlands,NLD,2024-01-30 15:00:00,2024-01-30 16:00:00,0.08197
Netherlands,NLD,2024-01-30 16:00:00,2024-01-30 17:00:00,0.08836
Netherlands,NLD,2024-01-30 17:00:00,2024-01-30 18:00:00,0.09938
Netherlands,NLD,2024-01-30 18:00:00,2024-01-30 19:00:00,0.11041
Netherlands,NLD,2024-01-30 19:00:00,2024-01-30 20:00:00,0.08990000000000001
Netherlands,NLD,2024-01-30 20:00:00,2024-01-30 21:00:00,0.08012000000000001
Netherlands,NLD,2024-01-30 21:00:00,2024-01-30 22:00:00,0.08245000000000001
Netherlands,NLD,2024-01-30 22:00:00,2024-01-30 23:00:00,0.0773
Netherlands,NLD,2024-01-30 23:00:00,2024-01-31 00:00:00,0.07890000000000001
Netherlands,NLD,2024-01-31 00:00:00,2024-01-31 01:00:00,0.07403
Netherlands,NLD,2024-01-31 01:00:00,2024-01-31 02:00:00,0.07089
Netherlands,NLD,2024-01-31 02:00:00,2024-01-31 03:00:00,0.06982
Netherlands,NLD,2024-01-31 03:00:00,2024-01-31 04:00:00,0.06917
Netherlands,NLD,2024-01-31 04:00:00,2024-01-31 05:00:00,0.07386
Netherlands,NLD,2024-01-31 05:00:00,2024-01-31 06:00:00,0.08477
Netherlands,NLD,2024-01-31 06:00:00,2024-01-31 07:00:00,0.10517
Netherlands,NLD,2024-01-31 07:00:00,2024-01-31 08:00:00,0.12
Netherlands,NLD,2024-01-31 08:00:00,2024-01-31 09:00:00,0.09353
Netherlands,NLD,2024-01-31 09:00:00,2024-01-31 10:00:00,0.08298
Netherlands,NLD,2024-01-31 10:00:00,2024-01-31 11:00:00,0.07709
Netherlands,NLD,2024-01-31 11:00:00,2024-01-31 12:00:00,0.07490999999999999
Netherlands,NLD,2024-01-31 12:00:00,2024-01-31 13:00:00,0.0675
Netherlands,NLD,2024-01-31 13:00:00,2024-01-31 14:00:00,0.0668
Netherlands,NLD,2024-01-31 14:00:00,2024-01-31 15:00:00,0.07393999999999999
Netherlands,NLD,2024-01-31 15:00:00,2024-01-31 16:00:00,0.07855
Netherlands,NLD,2024-01-31 16:00:00,2024-01-31 17:00:00,0.08565
Netherlands,NLD,2024-01-31 17:00:00,2024-01-31 18:00:00,0.0855
Netherlands,NLD,2024-01-31 18:00:00,2024-01-31 19:00:00,0.0692
Netherlands,NLD,2024-01-31 19:00:00,2024-01-31 20:00:00,0.06278
Netherlands,NLD,2024-01-31 20:00:00,2024-01-31 21:00:00,0.05818
Netherlands,NLD,2024-01-31 21:00:00,2024-01-31 22:00:00,0.054
Netherlands,NLD,2024-01-31 22:00:00,2024-01-31 23:00:00,0.04057
Netherlands,NLD,2024-01-31 23:00:00,2024-02-01 00:00:00,0.048
Netherlands,NLD,2024-02-01 00:00:00,2024-02-01 01:00:00,0.04237
Netherlands,NLD,2024-02-01 01:00:00,2024-02-01 02:00:00,0.04304
Netherlands,NLD,2024-02-01 02:00:00,2024-02-01 03:00:00,0.04394
Netherlands,NLD,2024-02-01 03:00:00,2024-02-01 04:00:00,0.047630000000000006
Netherlands,NLD,2024-02-01 04:00:00,2024-02-01 05:00:00,0.056060000000000006
Netherlands,NLD,2024-02-01 05:00:00,2024-02-01 06:00:00,0.0692
Netherlands,NLD,2024-02-01 06:00:00,2024-02-01 07:00:00,0.08637
Netherlands,NLD,2024-02-01 07:00:00,2024-02-01 08:00:00,0.09976
Netherlands,NLD,2024-02-01 08:00:00,2024-02-01 09:00:00,0.09276999999999999
Netherlands,NLD,2024-02-01 09:00:00,2024-02-01 10:00:00,0.08370999999999999
Netherlands,NLD,2024-02-01 10:00:00,2024-02-01 11:00:00,0.0755
Netherlands,NLD,2024-02-01 11:00:00,2024-02-01 12:00:00,0.0676
Netherlands,NLD,2024-02-01 12:00:00,2024-02-01 13:00:00,0.05726
Netherlands,NLD,2024-02-01 13:00:00,2024-02-01 14:00:00,0.0712
Netherlands,NLD,2024-02-01 14:00:00,2024-02-01 15:00:00,0.0875
Netherlands,NLD,2024-02-01 15:00:00,2024-02-01 16:00:00,0.084
Netherlands,NLD,2024-02-01 16:00:00,2024-02-01 17:00:00,0.11262
Netherlands,NLD,2024-02-01 17:00:00,2024-02-01 18:00:00,0.113
Netherlands,NLD,2024-02-01 18:00:00,2024-02-01 19:00:00,0.09803
Netherlands,NLD,2024-02-01 19:00:00,2024-02-01 20:00:00,0.09081
Netherlands,NLD,2024-02-01 20:00:00,2024-02-01 21:00:00,0.08334
Netherlands,NLD,2024-02-01 21:00:00,2024-02-01 22:00:00,0.08191
Netherlands,NLD,2024-02-01 22:00:00,2024-02-01 23:00:00,0.07342
Netherlands,NLD,2024-02-01 23:00:00,2024-02-02 00:00:00,0.06431999999999999
Netherlands,NLD,2024-02-02 00:00:00,2024-02-02 01:00:00,0.05995
Netherlands,NLD,2024-02-02 01:00:00,2024-02-02 02:00:00,0.058
Netherlands,NLD,2024-02-02 02:00:00,2024-02-02 03:00:00,0.054689999999999996
Netherlands,NLD,2024-02-02 03:00:00,2024-02-02 04:00:00,0.05314
Netherlands,NLD,2024-02-02 04:00:00,2024-02-02 05:00:00,0.055130000000000005
Netherlands,NLD,2024-02-02 05:00:00,2024-02-02 06:00:00,0.06649
Netherlands,NLD,2024-02-02 06:00:00,2024-02-02 07:00:00,0.07791
Netherlands,NLD,2024-02-02 07:00:00,2024-02-02 08:00:00,0.08961
Netherlands,NLD,2024-02-02 08:00:00,2024-02-02 09:00:00,0.08621
Netherlands,NLD,2024-02-02 09:00:00,2024-02-02 10:00:00,0.0808
Netherlands,NLD,2024-02-02 10:00:00,2024-02-02 11:00:00,0.07517
Netherlands,NLD,2024-02-02 11:00:00,2024-02-02 12:00:00,0.06489
Netherlands,NLD,2024-02-02 12:00:00,2024-02-02 13:00:00,0.06256
Netherlands,NLD,2024-02-02 13:00:00,2024-02-02 14:00:00,0.0637
Netherlands,NLD,2024-02-02 14:00:00,2024-02-02 15:00:00,0.0677
Netherlands,NLD,2024-02-02 15:00:00,2024-02-02 16:00:00,0.08
Netherlands,NLD,2024-02-02 16:00:00,2024-02-02 17:00:00,0.08847
Netherlands,NLD,2024-02-02 17:00:00,2024-02-02 18:00:00,0.09997
Netherlands,NLD,2024-02-02 18:00:00,2024-02-02 19:00:00,0.082
Netherlands,NLD,2024-02-02 19:00:00,2024-02-02 20:00:00,0.0733
Netherlands,NLD,2024-02-02 20:00:00,2024-02-02 21:00:00,0.07
Netherlands,NLD,2024-02-02 21:00:00,2024-02-02 22:00:00,0.06315
Netherlands,NLD,2024-02-02 22:00:00,2024-02-02 23:00:00,0.05484000000000001
Netherlands,NLD,2024-02-02 23:00:00,2024-02-03 00:00:00,0.04968
Netherlands,NLD,2024-02-03 00:00:00,2024-02-03 01:00:00,0.04308
Netherlands,NLD,2024-02-03 01:00:00,2024-02-03 02:00:00,0.0349
Netherlands,NLD,2024-02-03 02:00:00,2024-02-03 03:00:00,0.014
Netherlands,NLD,2024-02-03 03:00:00,2024-02-03 04:00:00,0.01098
Netherlands,NLD,2024-02-03 04:00:00,2024-02-03 05:00:00,0.0114
Netherlands,NLD,2024-02-03 05:00:00,2024-02-03 06:00:00,0.01648
Netherlands,NLD,2024-02-03 06:00:00,2024-02-03 07:00:00,0.03643
Netherlands,NLD,2024-02-03 07:00:00,2024-02-03 08:00:00,0.04690999999999999
Netherlands,NLD,2024-02-03 08:00:00,2024-02-03 09:00:00,0.06748
Netherlands,NLD,2024-02-03 09:00:00,2024-02-03 10:00:00,0.066
Netherlands,NLD,2024-02-03 10:00:00,2024-02-03 11:00:00,0.05802
Netherlands,NLD,2024-02-03 11:00:00,2024-02-03 12:00:00,0.051
Netherlands,NLD,2024-02-03 12:00:00,2024-02-03 13:00:00,0.0479
Netherlands,NLD,2024-02-03 13:00:00,2024-02-03 14:00:00,0.04253
Netherlands,NLD,2024-02-03 14:00:00,2024-02-03 15:00:00,0.04471
Netherlands,NLD,2024-02-03 15:00:00,2024-02-03 16:00:00,0.05058
Netherlands,NLD,2024-02-03 16:00:00,2024-02-03 17:00:00,0.0674
Netherlands,NLD,2024-02-03 17:00:00,2024-02-03 18:00:00,0.106
Netherlands,NLD,2024-02-03 18:00:00,2024-02-03 19:00:00,0.096
Netherlands,NLD,2024-02-03 19:00:00,2024-02-03 20:00:00,0.07245
Netherlands,NLD,2024-02-03 20:00:00,2024-02-03 21:00:00,0.0631
Netherlands,NLD,2024-02-03 21:00:00,2024-02-03 22:00:00,0.05141
Netherlands,NLD,2024-02-03 22:00:00,2024-02-03 23:00:00,0.04
Netherlands,NLD,2024-02-03 23:00:00,2024-02-04 00:00:00,0.0425
Netherlands,NLD,2024-02-04 00:00:00,2024-02-04 01:00:00,0.03222
Netherlands,NLD,2024-02-04 01:00:00,2024-02-04 02:00:00,0.006900000000000001
Netherlands,NLD,2024-02-04 02:00:00,2024-02-04 03:00:00,0.0007199999999999999
Netherlands,NLD,2024-02-04 03:00:00,2024-02-04 04:00:00,0.0
Netherlands,NLD,2024-02-04 04:00:00,2024-02-04 05:00:00,0.0
Netherlands,NLD,2024-02-04 05:00:00,2024-02-04 06:00:00,0.0
Netherlands,NLD,2024-02-04 06:00:00,2024-02-04 07:00:00,0.0044
Netherlands,NLD,2024-02-04 07:00:00,2024-02-04 08:00:00,0.01188
Netherlands,NLD,2024-02-04 08:00:00,2024-02-04 09:00:00,0.0275
Netherlands,NLD,2024-02-04 09:00:00,2024-02-04 10:00:00,0.04
Netherlands,NLD,2024-02-04 10:00:00,2024-02-04 11:00:00,0.026670000000000003
Netherlands,NLD,2024-02-04 11:00:00,2024-02-04 12:00:00,0.01979
Netherlands,NLD,2024-02-04 12:00:00,2024-02-04 13:00:00,0.00507
Netherlands,NLD,2024-02-04 13:00:00,2024-02-04 14:00:00,0.014
Netherlands,NLD,2024-02-04 14:00:00,2024-02-04 15:00:00,0.03168
Netherlands,NLD,2024-02-04 15:00:00,2024-02-04 16:00:00,0.0412
Netherlands,NLD,2024-02-04 16:00:00,2024-02-04 17:00:00,0.0635
Netherlands,NLD,2024-02-04 17:00:00,2024-02-04 18:00:00,0.08581
Netherlands,NLD,2024-02-04 18:00:00,2024-02-04 19:00:00,0.0709
Netherlands,NLD,2024-02-04 19:00:00,2024-02-04 20:00:00,0.0536
Netherlands,NLD,2024-02-04 20:00:00,2024-02-04 21:00:00,0.05489
Netherlands,NLD,2024-02-04 21:00:00,2024-02-04 22:00:00,0.04974
Netherlands,NLD,2024-02-04 22:00:00,2024-02-04 23:00:00,0.03498
Netherlands,NLD,2024-02-04 23:00:00,2024-02-05 00:00:00,0.00163
Netherlands,NLD,2024-02-05 00:00:00,2024-02-05 01:00:00,0.0001
Netherlands,NLD,2024-02-05 01:00:00,2024-02-05 02:00:00,0.0001
Netherlands,NLD,2024-02-05 02:00:00,2024-02-05 03:00:00,0.00022
Netherlands,NLD,2024-02-05 03:00:00,2024-02-05 04:00:00,8e-05
Netherlands,NLD,2024-02-05 04:00:00,2024-02-05 05:00:00,0.00165
Netherlands,NLD,2024-02-05 05:00:00,2024-02-05 06:00:00,0.041229999999999996
Netherlands,NLD,2024-02-05 06:00:00,2024-02-05 07:00:00,0.085
Netherlands,NLD,2024-02-05 07:00:00,2024-02-05 08:00:00,0.1066
Netherlands,NLD,2024-02-05 08:00:00,2024-02-05 09:00:00,0.0787
Netherlands,NLD,2024-02-05 09:00:00,2024-02-05 10:00:00,0.055200000000000006
Netherlands,NLD,2024-02-05 10:00:00,2024-02-05 11:00:00,0.04489
Netherlands,NLD,2024-02-05 11:00:00,2024-02-05 12:00:00,0.0348
Netherlands,NLD,2024-02-05 12:00:00,2024-02-05 13:00:00,0.0455
Netherlands,NLD,2024-02-05 13:00:00,2024-02-05 14:00:00,0.054
Netherlands,NLD,2024-02-05 14:00:00,2024-02-05 15:00:00,0.05579
Netherlands,NLD,2024-02-05 15:00:00,2024-02-05 16:00:00,0.065
Netherlands,NLD,2024-02-05 16:00:00,2024-02-05 17:00:00,0.08621
Netherlands,NLD,2024-02-05 17:00:00,2024-02-05 18:00:00,0.09755
Netherlands,NLD,2024-02-05 18:00:00,2024-02-05 19:00:00,0.08009999999999999
Netherlands,NLD,2024-02-05 19:00:00,2024-02-05 20:00:00,0.06996
Netherlands,NLD,2024-02-05 20:00:00,2024-02-05 21:00:00,0.05991
Netherlands,NLD,2024-02-05 21:00:00,2024-02-05 22:00:00,0.05604
Netherlands,NLD,2024-02-05 22:00:00,2024-02-05 23:00:00,0.047409999999999994
Netherlands,NLD,2024-02-05 23:00:00,2024-02-06 00:00:00,0.03546
Netherlands,NLD,2024-02-06 00:00:00,2024-02-06 01:00:00,0.0282
Netherlands,NLD,2024-02-06 01:00:00,2024-02-06 02:00:00,0.01
Netherlands,NLD,2024-02-06 02:00:00,2024-02-06 03:00:00,0.00498
Netherlands,NLD,2024-02-06 03:00:00,2024-02-06 04:00:00,0.00311
Netherlands,NLD,2024-02-06 04:00:00,2024-02-06 05:00:00,0.02009
Netherlands,NLD,2024-02-06 05:00:00,2024-02-06 06:00:00,0.05
Netherlands,NLD,2024-02-06 06:00:00,2024-02-06 07:00:00,0.06922
Netherlands,NLD,2024-02-06 07:00:00,2024-02-06 08:00:00,0.0882
Netherlands,NLD,2024-02-06 08:00:00,2024-02-06 09:00:00,0.0873
Netherlands,NLD,2024-02-06 09:00:00,2024-02-06 10:00:00,0.0871
Netherlands,NLD,2024-02-06 10:00:00,2024-02-06 11:00:00,0.0765
Netherlands,NLD,2024-02-06 11:00:00,2024-02-06 12:00:00,0.0649
Netherlands,NLD,2024-02-06 12:00:00,2024-02-06 13:00:00,0.05994
Netherlands,NLD,2024-02-06 13:00:00,2024-02-06 14:00:00,0.06386
Netherlands,NLD,2024-02-06 14:00:00,2024-02-06 15:00:00,0.0639
Netherlands,NLD,2024-02-06 15:00:00,2024-02-06 16:00:00,0.06470000000000001
Netherlands,NLD,2024-02-06 16:00:00,2024-02-06 17:00:00,0.08
Netherlands,NLD,2024-02-06 17:00:00,2024-02-06 18:00:00,0.09926
Netherlands,NLD,2024-02-06 18:00:00,2024-02-06 19:00:00,0.09489
Netherlands,NLD,2024-02-06 19:00:00,2024-02-06 20:00:00,0.071
Netherlands,NLD,2024-02-06 20:00:00,2024-02-06 21:00:00,0.06262
Netherlands,NLD,2024-02-06 21:00:00,2024-02-06 22:00:00,0.05711
Netherlands,NLD,2024-02-06 22:00:00,2024-02-06 23:00:00,0.0533
Netherlands,NLD,2024-02-06 23:00:00,2024-02-07 00:00:00,0.04117
Netherlands,NLD,2024-02-07 00:00:00,2024-02-07 01:00:00,0.0448
Netherlands,NLD,2024-02-07 01:00:00,2024-02-07 02:00:00,0.0499
Netherlands,NLD,2024-02-07 02:00:00,2024-02-07 03:00:00,0.06098
Netherlands,NLD,2024-02-07 03:00:00,2024-02-07 04:00:00,0.061
Netherlands,NLD,2024-02-07 04:00:00,2024-02-07 05:00:00,0.06559999999999999
Netherlands,NLD,2024-02-07 05:00:00,2024-02-07 06:00:00,0.07590000000000001
Netherlands,NLD,2024-02-07 06:00:00,2024-02-07 07:00:00,0.0886
Netherlands,NLD,2024-02-07 07:00:00,2024-02-07 08:00:00,0.09490000000000001
Netherlands,NLD,2024-02-07 08:00:00,2024-02-07 09:00:00,0.0969
Netherlands,NLD,2024-02-07 09:00:00,2024-02-07 10:00:00,0.08188
Netherlands,NLD,2024-02-07 10:00:00,2024-02-07 11:00:00,0.07866
Netherlands,NLD,2024-02-07 11:00:00,2024-02-07 12:00:00,0.075
Netherlands,NLD,2024-02-07 12:00:00,2024-02-07 13:00:00,0.07379999999999999
Netherlands,NLD,2024-02-07 13:00:00,2024-02-07 14:00:00,0.07537999999999999
Netherlands,NLD,2024-02-07 14:00:00,2024-02-07 15:00:00,0.0853
Netherlands,NLD,2024-02-07 15:00:00,2024-02-07 16:00:00,0.09303
Netherlands,NLD,2024-02-07 16:00:00,2024-02-07 17:00:00,0.11964
Netherlands,NLD,2024-02-07 17:00:00,2024-02-07 18:00:00,0.1358
Netherlands,NLD,2024-02-07 18:00:00,2024-02-07 19:00:00,0.11031999999999999
Netherlands,NLD,2024-02-07 19:00:00,2024-02-07 20:00:00,0.098
Netherlands,NLD,2024-02-07 20:00:00,2024-02-07 21:00:00,0.08356
Netherlands,NLD,2024-02-07 21:00:00,2024-02-07 22:00:00,0.07901000000000001
Netherlands,NLD,2024-02-07 22:00:00,2024-02-07 23:00:00,0.07920999999999999
Netherlands,NLD,2024-02-07 23:00:00,2024-02-08 00:00:00,0.0737
Netherlands,NLD,2024-02-08 00:00:00,2024-02-08 01:00:00,0.0732
Netherlands,NLD,2024-02-08 01:00:00,2024-02-08 02:00:00,0.07215
Netherlands,NLD,2024-02-08 02:00:00,2024-02-08 03:00:00,0.06863
Netherlands,NLD,2024-02-08 03:00:00,2024-02-08 04:00:00,0.06669
Netherlands,NLD,2024-02-08 04:00:00,2024-02-08 05:00:00,0.07171
Netherlands,NLD,2024-02-08 05:00:00,2024-02-08 06:00:00,0.08206000000000001
Netherlands,NLD,2024-02-08 06:00:00,2024-02-08 07:00:00,0.10449
Netherlands,NLD,2024-02-08 07:00:00,2024-02-08 08:00:00,0.13191
Netherlands,NLD,2024-02-08 08:00:00,2024-02-08 09:00:00,0.11237
Netherlands,NLD,2024-02-08 09:00:00,2024-02-08 10:00:00,0.09802
Netherlands,NLD,2024-02-08 10:00:00,2024-02-08 11:00:00,0.08954999999999999
Netherlands,NLD,2024-02-08 11:00:00,2024-02-08 12:00:00,0.08401
Netherlands,NLD,2024-02-08 12:00:00,2024-02-08 13:00:00,0.08552
Netherlands,NLD,2024-02-08 13:00:00,2024-02-08 14:00:00,0.08331999999999999
Netherlands,NLD,2024-02-08 14:00:00,2024-02-08 15:00:00,0.084
Netherlands,NLD,2024-02-08 15:00:00,2024-02-08 16:00:00,0.07681
Netherlands,NLD,2024-02-08 16:00:00,2024-02-08 17:00:00,0.0772
Netherlands,NLD,2024-02-08 17:00:00,2024-02-08 18:00:00,0.084
Netherlands,NLD,2024-02-08 18:00:00,2024-02-08 19:00:00,0.0815
Netherlands,NLD,2024-02-08 19:00:00,2024-02-08 20:00:00,0.07757
Netherlands,NLD,2024-02-08 20:00:00,2024-02-08 21:00:00,0.075
Netherlands,NLD,2024-02-08 21:00:00,2024-02-08 22:00:00,0.07082
Netherlands,NLD,2024-02-08 22:00:00,2024-02-08 23:00:00,0.06164
Netherlands,NLD,2024-02-08 23:00:00,2024-02-09 00:00:00,0.06036
Netherlands,NLD,2024-02-09 00:00:00,2024-02-09 01:00:00,0.05216
Netherlands,NLD,2024-02-09 01:00:00,2024-02-09 02:00:00,0.04715
Netherlands,NLD,2024-02-09 02:00:00,2024-02-09 03:00:00,0.0421
Netherlands,NLD,2024-02-09 03:00:00,2024-02-09 04:00:00,0.041299999999999996
Netherlands,NLD,2024-02-09 04:00:00,2024-02-09 05:00:00,0.04488
Netherlands,NLD,2024-02-09 05:00:00,2024-02-09 06:00:00,0.05288
Netherlands,NLD,2024-02-09 06:00:00,2024-02-09 07:00:00,0.0637
Netherlands,NLD,2024-02-09 07:00:00,2024-02-09 08:00:00,0.06789
Netherlands,NLD,2024-02-09 08:00:00,2024-02-09 09:00:00,0.06783
Netherlands,NLD,2024-02-09 09:00:00,2024-02-09 10:00:00,0.06881999999999999
Netherlands,NLD,2024-02-09 10:00:00,2024-02-09 11:00:00,0.06761
Netherlands,NLD,2024-02-09 11:00:00,2024-02-09 12:00:00,0.06455
Netherlands,NLD,2024-02-09 12:00:00,2024-02-09 13:00:00,0.0637
Netherlands,NLD,2024-02-09 13:00:00,2024-02-09 14:00:00,0.06868
Netherlands,NLD,2024-02-09 14:00:00,2024-02-09 15:00:00,0.07546
Netherlands,NLD,2024-02-09 15:00:00,2024-02-09 16:00:00,0.08238
Netherlands,NLD,2024-02-09 16:00:00,2024-02-09 17:00:00,0.09248999999999999
Netherlands,NLD,2024-02-09 17:00:00,2024-02-09 18:00:00,0.09429000000000001
Netherlands,NLD,2024-02-09 18:00:00,2024-02-09 19:00:00,0.0871
Netherlands,NLD,2024-02-09 19:00:00,2024-02-09 20:00:00,0.08054
Netherlands,NLD,2024-02-09 20:00:00,2024-02-09 21:00:00,0.07522
Netherlands,NLD,2024-02-09 21:00:00,2024-02-09 22:00:00,0.07490999999999999
Netherlands,NLD,2024-02-09 22:00:00,2024-02-09 23:00:00,0.07094
Netherlands,NLD,2024-02-09 23:00:00,2024-02-10 00:00:00,0.0631
Netherlands,NLD,2024-02-10 00:00:00,2024-02-10 01:00:00,0.06408
Netherlands,NLD,2024-02-10 01:00:00,2024-02-10 02:00:00,0.0644
Netherlands,NLD,2024-02-10 02:00:00,2024-02-10 03:00:00,0.06439
Netherlands,NLD,2024-02-10 03:00:00,2024-02-10 04:00:00,0.06441
Netherlands,NLD,2024-02-10 04:00:00,2024-02-10 05:00:00,0.06581999999999999
Netherlands,NLD,2024-02-10 05:00:00,2024-02-10 06:00:00,0.07091
Netherlands,NLD,2024-02-10 06:00:00,2024-02-10 07:00:00,0.07486
Netherlands,NLD,2024-02-10 07:00:00,2024-02-10 08:00:00,0.0777
Netherlands,NLD,2024-02-10 08:00:00,2024-02-10 09:00:00,0.08038
Netherlands,NLD,2024-02-10 09:00:00,2024-02-10 10:00:00,0.07540000000000001
Netherlands,NLD,2024-02-10 10:00:00,2024-02-10 11:00:00,0.07042
Netherlands,NLD,2024-02-10 11:00:00,2024-02-10 12:00:00,0.0685
Netherlands,NLD,2024-02-10 12:00:00,2024-02-10 13:00:00,0.06672
Netherlands,NLD,2024-02-10 13:00:00,2024-02-10 14:00:00,0.06953
Netherlands,NLD,2024-02-10 14:00:00,2024-02-10 15:00:00,0.07717
Netherlands,NLD,2024-02-10 15:00:00,2024-02-10 16:00:00,0.08505
Netherlands,NLD,2024-02-10 16:00:00,2024-02-10 17:00:00,0.08990000000000001
Netherlands,NLD,2024-02-10 17:00:00,2024-02-10 18:00:00,0.11359999999999999
Netherlands,NLD,2024-02-10 18:00:00,2024-02-10 19:00:00,0.089
Netherlands,NLD,2024-02-10 19:00:00,2024-02-10 20:00:00,0.07440000000000001
Netherlands,NLD,2024-02-10 20:00:00,2024-02-10 21:00:00,0.07
Netherlands,NLD,2024-02-10 21:00:00,2024-02-10 22:00:00,0.07720999999999999
Netherlands,NLD,2024-02-10 22:00:00,2024-02-10 23:00:00,0.06431999999999999
Netherlands,NLD,2024-02-10 23:00:00,2024-02-11 00:00:00,0.0688
Netherlands,NLD,2024-02-11 00:00:00,2024-02-11 01:00:00,0.0593
Netherlands,NLD,2024-02-11 01:00:00,2024-02-11 02:00:00,0.0526
Netherlands,NLD,2024-02-11 02:00:00,2024-02-11 03:00:00,0.04683
Netherlands,NLD,2024-02-11 03:00:00,2024-02-11 04:00:00,0.046509999999999996
Netherlands,NLD,2024-02-11 04:00:00,2024-02-11 05:00:00,0.04625
Netherlands,NLD,2024-02-11 05:00:00,2024-02-11 06:00:00,0.0564
Netherlands,NLD,2024-02-11 06:00:00,2024-02-11 07:00:00,0.06303
Netherlands,NLD,2024-02-11 07:00:00,2024-02-11 08:00:00,0.071
Netherlands,NLD,2024-02-11 08:00:00,2024-02-11 09:00:00,0.06609999999999999
Netherlands,NLD,2024-02-11 09:00:00,2024-02-11 10:00:00,0.0684
Netherlands,NLD,2024-02-11 10:00:00,2024-02-11 11:00:00,0.06545999999999999
Netherlands,NLD,2024-02-11 11:00:00,2024-02-11 12:00:00,0.06434000000000001
Netherlands,NLD,2024-02-11 12:00:00,2024-02-11 13:00:00,0.06338
Netherlands,NLD,2024-02-11 13:00:00,2024-02-11 14:00:00,0.06406
Netherlands,NLD,2024-02-11 14:00:00,2024-02-11 15:00:00,0.06822
Netherlands,NLD,2024-02-11 15:00:00,2024-02-11 16:00:00,0.07224
Netherlands,NLD,2024-02-11 16:00:00,2024-02-11 17:00:00,0.07972
Netherlands,NLD,2024-02-11 17:00:00,2024-02-11 18:00:00,0.112
Netherlands,NLD,2024-02-11 18:00:00,2024-02-11 19:00:00,0.0968
Netherlands,NLD,2024-02-11 19:00:00,2024-02-11 20:00:00,0.07703
Netherlands,NLD,2024-02-11 20:00:00,2024-02-11 21:00:00,0.07072
Netherlands,NLD,2024-02-11 21:00:00,2024-02-11 22:00:00,0.06839
Netherlands,NLD,2024-02-11 22:00:00,2024-02-11 23:00:00,0.06401000000000001
Netherlands,NLD,2024-02-11 23:00:00,2024-02-12 00:00:00,0.06434999999999999
Netherlands,NLD,2024-02-12 00:00:00,2024-02-12 01:00:00,0.061649999999999996
Netherlands,NLD,2024-02-12 01:00:00,2024-02-12 02:00:00,0.06073
Netherlands,NLD,2024-02-12 02:00:00,2024-02-12 03:00:00,0.05947
Netherlands,NLD,2024-02-12 03:00:00,2024-02-12 04:00:00,0.05921
Netherlands,NLD,2024-02-12 04:00:00,2024-02-12 05:00:00,0.065
Netherlands,NLD,2024-02-12 05:00:00,2024-02-12 06:00:00,0.076
Netherlands,NLD,2024-02-12 06:00:00,2024-02-12 07:00:00,0.08541
Netherlands,NLD,2024-02-12 07:00:00,2024-02-12 08:00:00,0.104
Netherlands,NLD,2024-02-12 08:00:00,2024-02-12 09:00:00,0.0965
Netherlands,NLD,2024-02-12 09:00:00,2024-02-12 10:00:00,0.08547
Netherlands,NLD,2024-02-12 10:00:00,2024-02-12 11:00:00,0.07909000000000001
Netherlands,NLD,2024-02-12 11:00:00,2024-02-12 12:00:00,0.06742000000000001
Netherlands,NLD,2024-02-12 12:00:00,2024-02-12 13:00:00,0.06386
Netherlands,NLD,2024-02-12 13:00:00,2024-02-12 14:00:00,0.06412999999999999
Netherlands,NLD,2024-02-12 14:00:00,2024-02-12 15:00:00,0.06665
Netherlands,NLD,2024-02-12 15:00:00,2024-02-12 16:00:00,0.07709999999999999
Netherlands,NLD,2024-02-12 16:00:00,2024-02-12 17:00:00,0.09068999999999999
Netherlands,NLD,2024-02-12 17:00:00,2024-02-12 18:00:00,0.096
Netherlands,NLD,2024-02-12 18:00:00,2024-02-12 19:00:00,0.08907999999999999
Netherlands,NLD,2024-02-12 19:00:00,2024-02-12 20:00:00,0.07915000000000001
Netherlands,NLD,2024-02-12 20:00:00,2024-02-12 21:00:00,0.07154
Netherlands,NLD,2024-02-12 21:00:00,2024-02-12 22:00:00,0.06587
Netherlands,NLD,2024-02-12 22:00:00,2024-02-12 23:00:00,0.0619
Netherlands,NLD,2024-02-12 23:00:00,2024-02-13 00:00:00,0.06859
Netherlands,NLD,2024-02-13 00:00:00,2024-02-13 01:00:00,0.06537000000000001
Netherlands,NLD,2024-02-13 01:00:00,2024-02-13 02:00:00,0.06341
Netherlands,NLD,2024-02-13 02:00:00,2024-02-13 03:00:00,0.06049
Netherlands,NLD,2024-02-13 03:00:00,2024-02-13 04:00:00,0.06006
Netherlands,NLD,2024-02-13 04:00:00,2024-02-13 05:00:00,0.06359000000000001
Netherlands,NLD,2024-02-13 05:00:00,2024-02-13 06:00:00,0.0707
Netherlands,NLD,2024-02-13 06:00:00,2024-02-13 07:00:00,0.08231999999999999
Netherlands,NLD,2024-02-13 07:00:00,2024-02-13 08:00:00,0.0891
Netherlands,NLD,2024-02-13 08:00:00,2024-02-13 09:00:00,0.07512
Netherlands,NLD,2024-02-13 09:00:00,2024-02-13 10:00:00,0.06921
Netherlands,NLD,2024-02-13 10:00:00,2024-02-13 11:00:00,0.06387
Netherlands,NLD,2024-02-13 11:00:00,2024-02-13 12:00:00,0.06053
Netherlands,NLD,2024-02-13 12:00:00,2024-02-13 13:00:00,0.06026
Netherlands,NLD,2024-02-13 13:00:00,2024-02-13 14:00:00,0.0631
Netherlands,NLD,2024-02-13 14:00:00,2024-02-13 15:00:00,0.0707
Netherlands,NLD,2024-02-13 15:00:00,2024-02-13 16:00:00,0.07792
Netherlands,NLD,2024-02-13 16:00:00,2024-02-13 17:00:00,0.09179000000000001
Netherlands,NLD,2024-02-13 17:00:00,2024-02-13 18:00:00,0.0992
Netherlands,NLD,2024-02-13 18:00:00,2024-02-13 19:00:00,0.09112999999999999
Netherlands,NLD,2024-02-13 19:00:00,2024-02-13 20:00:00,0.0782
Netherlands,NLD,2024-02-13 20:00:00,2024-02-13 21:00:00,0.07218000000000001
Netherlands,NLD,2024-02-13 21:00:00,2024-02-13 22:00:00,0.06853000000000001
Netherlands,NLD,2024-02-13 22:00:00,2024-02-13 23:00:00,0.06478
Netherlands,NLD,2024-02-13 23:00:00,2024-02-14 00:00:00,0.06063
Netherlands,NLD,2024-02-14 00:00:00,2024-02-14 01:00:00,0.059340000000000004
Netherlands,NLD,2024-02-14 01:00:00,2024-02-14 02:00:00,0.05576
Netherlands,NLD,2024-02-14 02:00:00,2024-02-14 03:00:00,0.05479
Netherlands,NLD,2024-02-14 03:00:00,2024-02-14 04:00:00,0.055060000000000005
Netherlands,NLD,2024-02-14 04:00:00,2024-02-14 05:00:00,0.0585
Netherlands,NLD,2024-02-14 05:00:00,2024-02-14 06:00:00,0.06352000000000001
Netherlands,NLD,2024-02-14 06:00:00,2024-02-14 07:00:00,0.07298
Netherlands,NLD,2024-02-14 07:00:00,2024-02-14 08:00:00,0.07989
Netherlands,NLD,2024-02-14 08:00:00,2024-02-14 09:00:00,0.06965
Netherlands,NLD,2024-02-14 09:00:00,2024-02-14 10:00:00,0.06386
Netherlands,NLD,2024-02-14 10:00:00,2024-02-14 11:00:00,0.06329
Netherlands,NLD,2024-02-14 11:00:00,2024-02-14 12:00:00,0.06216
Netherlands,NLD,2024-02-14 12:00:00,2024-02-14 13:00:00,0.06191
Netherlands,NLD,2024-02-14 13:00:00,2024-02-14 14:00:00,0.06729
Netherlands,NLD,2024-02-14 14:00:00,2024-02-14 15:00:00,0.07069
Netherlands,NLD,2024-02-14 15:00:00,2024-02-14 16:00:00,0.07598999999999999
Netherlands,NLD,2024-02-14 16:00:00,2024-02-14 17:00:00,0.08165
Netherlands,NLD,2024-02-14 17:00:00,2024-02-14 18:00:00,0.08767
Netherlands,NLD,2024-02-14 18:00:00,2024-02-14 19:00:00,0.08458
Netherlands,NLD,2024-02-14 19:00:00,2024-02-14 20:00:00,0.07659999999999999
Netherlands,NLD,2024-02-14 20:00:00,2024-02-14 21:00:00,0.06971
Netherlands,NLD,2024-02-14 21:00:00,2024-02-14 22:00:00,0.0682
Netherlands,NLD,2024-02-14 22:00:00,2024-02-14 23:00:00,0.0638
Netherlands,NLD,2024-02-14 23:00:00,2024-02-15 00:00:00,0.06167
Netherlands,NLD,2024-02-15 00:00:00,2024-02-15 01:00:00,0.06055
Netherlands,NLD,2024-02-15 01:00:00,2024-02-15 02:00:00,0.05941
Netherlands,NLD,2024-02-15 02:00:00,2024-02-15 03:00:00,0.05833
Netherlands,NLD,2024-02-15 03:00:00,2024-02-15 04:00:00,0.05963
Netherlands,NLD,2024-02-15 04:00:00,2024-02-15 05:00:00,0.06343
Netherlands,NLD,2024-02-15 05:00:00,2024-02-15 06:00:00,0.07014
Netherlands,NLD,2024-02-15 06:00:00,2024-02-15 07:00:00,0.0798
Netherlands,NLD,2024-02-15 07:00:00,2024-02-15 08:00:00,0.08206000000000001
Netherlands,NLD,2024-02-15 08:00:00,2024-02-15 09:00:00,0.07784
Netherlands,NLD,2024-02-15 09:00:00,2024-02-15 10:00:00,0.07351
Netherlands,NLD,2024-02-15 10:00:00,2024-02-15 11:00:00,0.06851
Netherlands,NLD,2024-02-15 11:00:00,2024-02-15 12:00:00,0.0648
Netherlands,NLD,2024-02-15 12:00:00,2024-02-15 13:00:00,0.06385
Netherlands,NLD,2024-02-15 13:00:00,2024-02-15 14:00:00,0.06684
Netherlands,NLD,2024-02-15 14:00:00,2024-02-15 15:00:00,0.07127
Netherlands,NLD,2024-02-15 15:00:00,2024-02-15 16:00:00,0.07411
Netherlands,NLD,2024-02-15 16:00:00,2024-02-15 17:00:00,0.08244
Netherlands,NLD,2024-02-15 17:00:00,2024-02-15 18:00:00,0.08454
Netherlands,NLD,2024-02-15 18:00:00,2024-02-15 19:00:00,0.07513
Netherlands,NLD,2024-02-15 19:00:00,2024-02-15 20:00:00,0.06956
Netherlands,NLD,2024-02-15 20:00:00,2024-02-15 21:00:00,0.06268
Netherlands,NLD,2024-02-15 21:00:00,2024-02-15 22:00:00,0.06266
Netherlands,NLD,2024-02-15 22:00:00,2024-02-15 23:00:00,0.05864
Netherlands,NLD,2024-02-15 23:00:00,2024-02-16 00:00:00,0.05176
Netherlands,NLD,2024-02-16 00:00:00,2024-02-16 01:00:00,0.05108
Netherlands,NLD,2024-02-16 01:00:00,2024-02-16 02:00:00,0.04992
Netherlands,NLD,2024-02-16 02:00:00,2024-02-16 03:00:00,0.04881
Netherlands,NLD,2024-02-16 03:00:00,2024-02-16 04:00:00,0.05138
Netherlands,NLD,2024-02-16 04:00:00,2024-02-16 05:00:00,0.0522
Netherlands,NLD,2024-02-16 05:00:00,2024-02-16 06:00:00,0.0575
Netherlands,NLD,2024-02-16 06:00:00,2024-02-16 07:00:00,0.06888
Netherlands,NLD,2024-02-16 07:00:00,2024-02-16 08:00:00,0.0705
Netherlands,NLD,2024-02-16 08:00:00,2024-02-16 09:00:00,0.068
Netherlands,NLD,2024-02-16 09:00:00,2024-02-16 10:00:00,0.061200000000000004
Netherlands,NLD,2024-02-16 10:00:00,2024-02-16 11:00:00,0.0688
Netherlands,NLD,2024-02-16 11:00:00,2024-02-16 12:00:00,0.065
Netherlands,NLD,2024-02-16 12:00:00,2024-02-16 13:00:00,0.061200000000000004
Netherlands,NLD,2024-02-16 13:00:00,2024-02-16 14:00:00,0.06304
Netherlands,NLD,2024-02-16 14:00:00,2024-02-16 15:00:00,0.06495999999999999
Netherlands,NLD,2024-02-16 15:00:00,2024-02-16 16:00:00,0.07
Netherlands,NLD,2024-02-16 16:00:00,2024-02-16 17:00:00,0.07206
Netherlands,NLD,2024-02-16 17:00:00,2024-02-16 18:00:00,0.07973000000000001
Netherlands,NLD,2024-02-16 18:00:00,2024-02-16 19:00:00,0.08075
Netherlands,NLD,2024-02-16 19:00:00,2024-02-16 20:00:00,0.07453
Netherlands,NLD,2024-02-16 20:00:00,2024-02-16 21:00:00,0.07
Netherlands,NLD,2024-02-16 21:00:00,2024-02-16 22:00:00,0.07
Netherlands,NLD,2024-02-16 22:00:00,2024-02-16 23:00:00,0.06570000000000001
Netherlands,NLD,2024-02-16 23:00:00,2024-02-17 00:00:00,0.0685
Netherlands,NLD,2024-02-17 00:00:00,2024-02-17 01:00:00,0.06264
Netherlands,NLD,2024-02-17 01:00:00,2024-02-17 02:00:00,0.068
Netherlands,NLD,2024-02-17 02:00:00,2024-02-17 03:00:00,0.0649
Netherlands,NLD,2024-02-17 03:00:00,2024-02-17 04:00:00,0.06489
Netherlands,NLD,2024-02-17 04:00:00,2024-02-17 05:00:00,0.07328
Netherlands,NLD,2024-02-17 05:00:00,2024-02-17 06:00:00,0.0606
Netherlands,NLD,2024-02-17 06:00:00,2024-02-17 07:00:00,0.0687
Netherlands,NLD,2024-02-17 07:00:00,2024-02-17 08:00:00,0.07529999999999999
Netherlands,NLD,2024-02-17 08:00:00,2024-02-17 09:00:00,0.08452
Netherlands,NLD,2024-02-17 09:00:00,2024-02-17 10:00:00,0.067
Netherlands,NLD,2024-02-17 10:00:00,2024-02-17 11:00:00,0.060829999999999995
Netherlands,NLD,2024-02-17 11:00:00,2024-02-17 12:00:00,0.05824
Netherlands,NLD,2024-02-17 12:00:00,2024-02-17 13:00:00,0.05525
Netherlands,NLD,2024-02-17 13:00:00,2024-02-17 14:00:00,0.0591
Netherlands,NLD,2024-02-17 14:00:00,2024-02-17 15:00:00,0.06706999999999999
Netherlands,NLD,2024-02-17 15:00:00,2024-02-17 16:00:00,0.0708
Netherlands,NLD,2024-02-17 16:00:00,2024-02-17 17:00:00,0.08501
Netherlands,NLD,2024-02-17 17:00:00,2024-02-17 18:00:00,0.10568000000000001
Netherlands,NLD,2024-02-17 18:00:00,2024-02-17 19:00:00,0.08951
Netherlands,NLD,2024-02-17 19:00:00,2024-02-17 20:00:00,0.08015
Netherlands,NLD,2024-02-17 20:00:00,2024-02-17 21:00:00,0.07415999999999999
Netherlands,NLD,2024-02-17 21:00:00,2024-02-17 22:00:00,0.07206
Netherlands,NLD,2024-02-17 22:00:00,2024-02-17 23:00:00,0.06911
Netherlands,NLD,2024-02-17 23:00:00,2024-02-18 00:00:00,0.062130000000000005
Netherlands,NLD,2024-02-18 00:00:00,2024-02-18 01:00:00,0.054810000000000005
Netherlands,NLD,2024-02-18 01:00:00,2024-02-18 02:00:00,0.0514
Netherlands,NLD,2024-02-18 02:00:00,2024-02-18 03:00:00,0.05022
Netherlands,NLD,2024-02-18 03:00:00,2024-02-18 04:00:00,0.05
Netherlands,NLD,2024-02-18 04:00:00,2024-02-18 05:00:00,0.04847
Netherlands,NLD,2024-02-18 05:00:00,2024-02-18 06:00:00,0.046020000000000005
Netherlands,NLD,2024-02-18 06:00:00,2024-02-18 07:00:00,0.04897
Netherlands,NLD,2024-02-18 07:00:00,2024-02-18 08:00:00,0.04728
Netherlands,NLD,2024-02-18 08:00:00,2024-02-18 09:00:00,0.04303
Netherlands,NLD,2024-02-18 09:00:00,2024-02-18 10:00:00,0.04045
Netherlands,NLD,2024-02-18 10:00:00,2024-02-18 11:00:00,0.041
Netherlands,NLD,2024-02-18 11:00:00,2024-02-18 12:00:00,0.05
Netherlands,NLD,2024-02-18 12:00:00,2024-02-18 13:00:00,0.05017
Netherlands,NLD,2024-02-18 13:00:00,2024-02-18 14:00:00,0.06459999999999999
Netherlands,NLD,2024-02-18 14:00:00,2024-02-18 15:00:00,0.06693
Netherlands,NLD,2024-02-18 15:00:00,2024-02-18 16:00:00,0.06287
Netherlands,NLD,2024-02-18 16:00:00,2024-02-18 17:00:00,0.072
Netherlands,NLD,2024-02-18 17:00:00,2024-02-18 18:00:00,0.0841
Netherlands,NLD,2024-02-18 18:00:00,2024-02-18 19:00:00,0.07059
Netherlands,NLD,2024-02-18 19:00:00,2024-02-18 20:00:00,0.06470999999999999
Netherlands,NLD,2024-02-18 20:00:00,2024-02-18 21:00:00,0.05983
Netherlands,NLD,2024-02-18 21:00:00,2024-02-18 22:00:00,0.05733
Netherlands,NLD,2024-02-18 22:00:00,2024-02-18 23:00:00,0.053939999999999995
Netherlands,NLD,2024-02-18 23:00:00,2024-02-19 00:00:00,0.044
Netherlands,NLD,2024-02-19 00:00:00,2024-02-19 01:00:00,0.04832
Netherlands,NLD,2024-02-19 01:00:00,2024-02-19 02:00:00,0.04646
Netherlands,NLD,2024-02-19 02:00:00,2024-02-19 03:00:00,0.04391
Netherlands,NLD,2024-02-19 03:00:00,2024-02-19 04:00:00,0.04492
Netherlands,NLD,2024-02-19 04:00:00,2024-02-19 05:00:00,0.05157
Netherlands,NLD,2024-02-19 05:00:00,2024-02-19 06:00:00,0.06863
Netherlands,NLD,2024-02-19 06:00:00,2024-02-19 07:00:00,0.07912000000000001
Netherlands,NLD,2024-02-19 07:00:00,2024-02-19 08:00:00,0.08387
Netherlands,NLD,2024-02-19 08:00:00,2024-02-19 09:00:00,0.07506
Netherlands,NLD,2024-02-19 09:00:00,2024-02-19 10:00:00,0.07088
Netherlands,NLD,2024-02-19 10:00:00,2024-02-19 11:00:00,0.06922
Netherlands,NLD,2024-02-19 11:00:00,2024-02-19 12:00:00,0.06247
Netherlands,NLD,2024-02-19 12:00:00,2024-02-19 13:00:00,0.059969999999999996
Netherlands,NLD,2024-02-19 13:00:00,2024-02-19 14:00:00,0.06418
Netherlands,NLD,2024-02-19 14:00:00,2024-02-19 15:00:00,0.0668
Netherlands,NLD,2024-02-19 15:00:00,2024-02-19 16:00:00,0.06986
Netherlands,NLD,2024-02-19 16:00:00,2024-02-19 17:00:00,0.07615000000000001
Netherlands,NLD,2024-02-19 17:00:00,2024-02-19 18:00:00,0.09989
Netherlands,NLD,2024-02-19 18:00:00,2024-02-19 19:00:00,0.08002
Netherlands,NLD,2024-02-19 19:00:00,2024-02-19 20:00:00,0.07192
Netherlands,NLD,2024-02-19 20:00:00,2024-02-19 21:00:00,0.06749
Netherlands,NLD,2024-02-19 21:00:00,2024-02-19 22:00:00,0.06627
Netherlands,NLD,2024-02-19 22:00:00,2024-02-19 23:00:00,0.05907
Netherlands,NLD,2024-02-19 23:00:00,2024-02-20 00:00:00,0.05806
Netherlands,NLD,2024-02-20 00:00:00,2024-02-20 01:00:00,0.05432
Netherlands,NLD,2024-02-20 01:00:00,2024-02-20 02:00:00,0.05396
Netherlands,NLD,2024-02-20 02:00:00,2024-02-20 03:00:00,0.056
Netherlands,NLD,2024-02-20 03:00:00,2024-02-20 04:00:00,0.053
Netherlands,NLD,2024-02-20 04:00:00,2024-02-20 05:00:00,0.054810000000000005
Netherlands,NLD,2024-02-20 05:00:00,2024-02-20 06:00:00,0.07105
Netherlands,NLD,2024-02-20 06:00:00,2024-02-20 07:00:00,0.08607
Netherlands,NLD,2024-02-20 07:00:00,2024-02-20 08:00:00,0.08963
Netherlands,NLD,2024-02-20 08:00:00,2024-02-20 09:00:00,0.07876999999999999
Netherlands,NLD,2024-02-20 09:00:00,2024-02-20 10:00:00,0.06985
Netherlands,NLD,2024-02-20 10:00:00,2024-02-20 11:00:00,0.06092
Netherlands,NLD,2024-02-20 11:00:00,2024-02-20 12:00:00,0.053520000000000005
Netherlands,NLD,2024-02-20 12:00:00,2024-02-20 13:00:00,0.05151
Netherlands,NLD,2024-02-20 13:00:00,2024-02-20 14:00:00,0.051859999999999996
Netherlands,NLD,2024-02-20 14:00:00,2024-02-20 15:00:00,0.05589
Netherlands,NLD,2024-02-20 15:00:00,2024-02-20 16:00:00,0.06228
Netherlands,NLD,2024-02-20 16:00:00,2024-02-20 17:00:00,0.06898
Netherlands,NLD,2024-02-20 17:00:00,2024-02-20 18:00:00,0.07086
Netherlands,NLD,2024-02-20 18:00:00,2024-02-20 19:00:00,0.07076
Netherlands,NLD,2024-02-20 19:00:00,2024-02-20 20:00:00,0.06776
Netherlands,NLD,2024-02-20 20:00:00,2024-02-20 21:00:00,0.057
Netherlands,NLD,2024-02-20 21:00:00,2024-02-20 22:00:00,0.04844
Netherlands,NLD,2024-02-20 22:00:00,2024-02-20 23:00:00,0.04961
Netherlands,NLD,2024-02-20 23:00:00,2024-02-21 00:00:00,0.04858
Netherlands,NLD,2024-02-21 00:00:00,2024-02-21 01:00:00,0.04690999999999999
Netherlands,NLD,2024-02-21 01:00:00,2024-02-21 02:00:00,0.04686
Netherlands,NLD,2024-02-21 02:00:00,2024-02-21 03:00:00,0.0448
Netherlands,NLD,2024-02-21 03:00:00,2024-02-21 04:00:00,0.04543
Netherlands,NLD,2024-02-21 04:00:00,2024-02-21 05:00:00,0.05006
Netherlands,NLD,2024-02-21 05:00:00,2024-02-21 06:00:00,0.06501
Netherlands,NLD,2024-02-21 06:00:00,2024-02-21 07:00:00,0.07970000000000001
Netherlands,NLD,2024-02-21 07:00:00,2024-02-21 08:00:00,0.08405
Netherlands,NLD,2024-02-21 08:00:00,2024-02-21 09:00:00,0.06965
Netherlands,NLD,2024-02-21 09:00:00,2024-02-21 10:00:00,0.06409999999999999
Netherlands,NLD,2024-02-21 10:00:00,2024-02-21 11:00:00,0.06039
Netherlands,NLD,2024-02-21 11:00:00,2024-02-21 12:00:00,0.053009999999999995
Netherlands,NLD,2024-02-21 12:00:00,2024-02-21 13:00:00,0.05121
Netherlands,NLD,2024-02-21 13:00:00,2024-02-21 14:00:00,0.053759999999999995
Netherlands,NLD,2024-02-21 14:00:00,2024-02-21 15:00:00,0.06470999999999999
Netherlands,NLD,2024-02-21 15:00:00,2024-02-21 16:00:00,0.06709999999999999
Netherlands,NLD,2024-02-21 16:00:00,2024-02-21 17:00:00,0.06831
Netherlands,NLD,2024-02-21 17:00:00,2024-02-21 18:00:00,0.06838
Netherlands,NLD,2024-02-21 18:00:00,2024-02-21 19:00:00,0.0616
Netherlands,NLD,2024-02-21 19:00:00,2024-02-21 20:00:00,0.052520000000000004
Netherlands,NLD,2024-02-21 20:00:00,2024-02-21 21:00:00,0.046310000000000004
Netherlands,NLD,2024-02-21 21:00:00,2024-02-21 22:00:00,0.04204
Netherlands,NLD,2024-02-21 22:00:00,2024-02-21 23:00:00,0.03557
Netherlands,NLD,2024-02-21 23:00:00,2024-02-22 00:00:00,0.03087
Netherlands,NLD,2024-02-22 00:00:00,2024-02-22 01:00:00,0.027420000000000003
Netherlands,NLD,2024-02-22 01:00:00,2024-02-22 02:00:00,0.0275
Netherlands,NLD,2024-02-22 02:00:00,2024-02-22 03:00:00,0.02944
Netherlands,NLD,2024-02-22 03:00:00,2024-02-22 04:00:00,0.03551
Netherlands,NLD,2024-02-22 04:00:00,2024-02-22 05:00:00,0.04672
Netherlands,NLD,2024-02-22 05:00:00,2024-02-22 06:00:00,0.06426000000000001
Netherlands,NLD,2024-02-22 06:00:00,2024-02-22 07:00:00,0.075
Netherlands,NLD,2024-02-22 07:00:00,2024-02-22 08:00:00,0.08191
Netherlands,NLD,2024-02-22 08:00:00,2024-02-22 09:00:00,0.074
Netherlands,NLD,2024-02-22 09:00:00,2024-02-22 10:00:00,0.06944
Netherlands,NLD,2024-02-22 10:00:00,2024-02-22 11:00:00,0.06745999999999999
Netherlands,NLD,2024-02-22 11:00:00,2024-02-22 12:00:00,0.0669
Netherlands,NLD,2024-02-22 12:00:00,2024-02-22 13:00:00,0.06669
Netherlands,NLD,2024-02-22 13:00:00,2024-02-22 14:00:00,0.06349
Netherlands,NLD,2024-02-22 14:00:00,2024-02-22 15:00:00,0.0631
Netherlands,NLD,2024-02-22 15:00:00,2024-02-22 16:00:00,0.06093
Netherlands,NLD,2024-02-22 16:00:00,2024-02-22 17:00:00,0.061759999999999995
Netherlands,NLD,2024-02-22 17:00:00,2024-02-22 18:00:00,0.05995
Netherlands,NLD,2024-02-22 18:00:00,2024-02-22 19:00:00,0.060399999999999995
Netherlands,NLD,2024-02-22 19:00:00,2024-02-22 20:00:00,0.047920000000000004
Netherlands,NLD,2024-02-22 20:00:00,2024-02-22 21:00:00,0.04381
Netherlands,NLD,2024-02-22 21:00:00,2024-02-22 22:00:00,0.0349
Netherlands,NLD,2024-02-22 22:00:00,2024-02-22 23:00:00,0.0201
Netherlands,NLD,2024-02-22 23:00:00,2024-02-23 00:00:00,0.00928
Netherlands,NLD,2024-02-23 00:00:00,2024-02-23 01:00:00,0.0015
Netherlands,NLD,2024-02-23 01:00:00,2024-02-23 02:00:00,0.0011899999999999999
Netherlands,NLD,2024-02-23 02:00:00,2024-02-23 03:00:00,0.0001
Netherlands,NLD,2024-02-23 03:00:00,2024-02-23 04:00:00,0.0004
Netherlands,NLD,2024-02-23 04:00:00,2024-02-23 05:00:00,0.00113
Netherlands,NLD,2024-02-23 05:00:00,2024-02-23 06:00:00,0.03996
Netherlands,NLD,2024-02-23 06:00:00,2024-02-23 07:00:00,0.05796
Netherlands,NLD,2024-02-23 07:00:00,2024-02-23 08:00:00,0.0608
Netherlands,NLD,2024-02-23 08:00:00,2024-02-23 09:00:00,0.05354
Netherlands,NLD,2024-02-23 09:00:00,2024-02-23 10:00:00,0.0471
Netherlands,NLD,2024-02-23 10:00:00,2024-02-23 11:00:00,0.04204
Netherlands,NLD,2024-02-23 11:00:00,2024-02-23 12:00:00,0.037270000000000005
Netherlands,NLD,2024-02-23 12:00:00,2024-02-23 13:00:00,0.0329
Netherlands,NLD,2024-02-23 13:00:00,2024-02-23 14:00:00,0.038
Netherlands,NLD,2024-02-23 14:00:00,2024-02-23 15:00:00,0.049640000000000004
Netherlands,NLD,2024-02-23 15:00:00,2024-02-23 16:00:00,0.06321
Netherlands,NLD,2024-02-23 16:00:00,2024-02-23 17:00:00,0.0737
Netherlands,NLD,2024-02-23 17:00:00,2024-02-23 18:00:00,0.08644
Netherlands,NLD,2024-02-23 18:00:00,2024-02-23 19:00:00,0.08401
Netherlands,NLD,2024-02-23 19:00:00,2024-02-23 20:00:00,0.07297
Netherlands,NLD,2024-02-23 20:00:00,2024-02-23 21:00:00,0.06926
Netherlands,NLD,2024-02-23 21:00:00,2024-02-23 22:00:00,0.06798
Netherlands,NLD,2024-02-23 22:00:00,2024-02-23 23:00:00,0.06509999999999999
Netherlands,NLD,2024-02-23 23:00:00,2024-02-24 00:00:00,0.06647
Netherlands,NLD,2024-02-24 00:00:00,2024-02-24 01:00:00,0.0639
Netherlands,NLD,2024-02-24 01:00:00,2024-02-24 02:00:00,0.0595
Netherlands,NLD,2024-02-24 02:00:00,2024-02-24 03:00:00,0.055200000000000006
Netherlands,NLD,2024-02-24 03:00:00,2024-02-24 04:00:00,0.05539
Netherlands,NLD,2024-02-24 04:00:00,2024-02-24 05:00:00,0.0571
Netherlands,NLD,2024-02-24 05:00:00,2024-02-24 06:00:00,0.06167
Netherlands,NLD,2024-02-24 06:00:00,2024-02-24 07:00:00,0.06611
Netherlands,NLD,2024-02-24 07:00:00,2024-02-24 08:00:00,0.0644
Netherlands,NLD,2024-02-24 08:00:00,2024-02-24 09:00:00,0.0576
Netherlands,NLD,2024-02-24 09:00:00,2024-02-24 10:00:00,0.04919
Netherlands,NLD,2024-02-24 10:00:00,2024-02-24 11:00:00,0.045810000000000003
Netherlands,NLD,2024-02-24 11:00:00,2024-02-24 12:00:00,0.04032
Netherlands,NLD,2024-02-24 12:00:00,2024-02-24 13:00:00,0.03222
Netherlands,NLD,2024-02-24 13:00:00,2024-02-24 14:00:00,0.0376
Netherlands,NLD,2024-02-24 14:00:00,2024-02-24 15:00:00,0.045
Netherlands,NLD,2024-02-24 15:00:00,2024-02-24 16:00:00,0.05596
Netherlands,NLD,2024-02-24 16:00:00,2024-02-24 17:00:00,0.07296
Netherlands,NLD,2024-02-24 17:00:00,2024-02-24 18:00:00,0.08195000000000001
Netherlands,NLD,2024-02-24 18:00:00,2024-02-24 19:00:00,0.07413
Netherlands,NLD,2024-02-24 19:00:00,2024-02-24 20:00:00,0.06517
Netherlands,NLD,2024-02-24 20:00:00,2024-02-24 21:00:00,0.05994
Netherlands,NLD,2024-02-24 21:00:00,2024-02-24 22:00:00,0.06402
Netherlands,NLD,2024-02-24 22:00:00,2024-02-24 23:00:00,0.06351
Netherlands,NLD,2024-02-24 23:00:00,2024-02-25 00:00:00,0.05657
Netherlands,NLD,2024-02-25 00:00:00,2024-02-25 01:00:00,0.055439999999999996
Netherlands,NLD,2024-02-25 01:00:00,2024-02-25 02:00:00,0.055439999999999996
Netherlands,NLD,2024-02-25 02:00:00,2024-02-25 03:00:00,0.054950000000000006
Netherlands,NLD,2024-02-25 03:00:00,2024-02-25 04:00:00,0.05525
Netherlands,NLD,2024-02-25 04:00:00,2024-02-25 05:00:00,0.05507
Netherlands,NLD,2024-02-25 05:00:00,2024-02-25 06:00:00,0.0586
Netherlands,NLD,2024-02-25 06:00:00,2024-02-25 07:00:00,0.05992
Netherlands,NLD,2024-02-25 07:00:00,2024-02-25 08:00:00,0.075
Netherlands,NLD,2024-02-25 08:00:00,2024-02-25 09:00:00,0.0715
Netherlands,NLD,2024-02-25 09:00:00,2024-02-25 10:00:00,0.05668
Netherlands,NLD,2024-02-25 10:00:00,2024-02-25 11:00:00,0.05464
Netherlands,NLD,2024-02-25 11:00:00,2024-02-25 12:00:00,0.05
Netherlands,NLD,2024-02-25 12:00:00,2024-02-25 13:00:00,0.04603
Netherlands,NLD,2024-02-25 13:00:00,2024-02-25 14:00:00,0.04984
Netherlands,NLD,2024-02-25 14:00:00,2024-02-25 15:00:00,0.055
Netherlands,NLD,2024-02-25 15:00:00,2024-02-25 16:00:00,0.0689
Netherlands,NLD,2024-02-25 16:00:00,2024-02-25 17:00:00,0.08569
Netherlands,NLD,2024-02-25 17:00:00,2024-02-25 18:00:00,0.09387999999999999
Netherlands,NLD,2024-02-25 18:00:00,2024-02-25 19:00:00,0.079
Netherlands,NLD,2024-02-25 19:00:00,2024-02-25 20:00:00,0.06996
Netherlands,NLD,2024-02-25 20:00:00,2024-02-25 21:00:00,0.06581999999999999
Netherlands,NLD,2024-02-25 21:00:00,2024-02-25 22:00:00,0.06523000000000001
Netherlands,NLD,2024-02-25 22:00:00,2024-02-25 23:00:00,0.05838
Netherlands,NLD,2024-02-25 23:00:00,2024-02-26 00:00:00,0.05783
Netherlands,NLD,2024-02-26 00:00:00,2024-02-26 01:00:00,0.05682
Netherlands,NLD,2024-02-26 01:00:00,2024-02-26 02:00:00,0.055670000000000004
Netherlands,NLD,2024-02-26 02:00:00,2024-02-26 03:00:00,0.0518
Netherlands,NLD,2024-02-26 03:00:00,2024-02-26 04:00:00,0.05324
Netherlands,NLD,2024-02-26 04:00:00,2024-02-26 05:00:00,0.05792
Netherlands,NLD,2024-02-26 05:00:00,2024-02-26 06:00:00,0.06844
Netherlands,NLD,2024-02-26 06:00:00,2024-02-26 07:00:00,0.07954
Netherlands,NLD,2024-02-26 07:00:00,2024-02-26 08:00:00,0.08159999999999999
Netherlands,NLD,2024-02-26 08:00:00,2024-02-26 09:00:00,0.07382999999999999
Netherlands,NLD,2024-02-26 09:00:00,2024-02-26 10:00:00,0.06665
Netherlands,NLD,2024-02-26 10:00:00,2024-02-26 11:00:00,0.06503
Netherlands,NLD,2024-02-26 11:00:00,2024-02-26 12:00:00,0.05842
Netherlands,NLD,2024-02-26 12:00:00,2024-02-26 13:00:00,0.05819
Netherlands,NLD,2024-02-26 13:00:00,2024-02-26 14:00:00,0.06129
Netherlands,NLD,2024-02-26 14:00:00,2024-02-26 15:00:00,0.06495000000000001
Netherlands,NLD,2024-02-26 15:00:00,2024-02-26 16:00:00,0.06992
Netherlands,NLD,2024-02-26 16:00:00,2024-02-26 17:00:00,0.077
Netherlands,NLD,2024-02-26 17:00:00,2024-02-26 18:00:00,0.08532
Netherlands,NLD,2024-02-26 18:00:00,2024-02-26 19:00:00,0.081
Netherlands,NLD,2024-02-26 19:00:00,2024-02-26 20:00:00,0.07221
Netherlands,NLD,2024-02-26 20:00:00,2024-02-26 21:00:00,0.06569
Netherlands,NLD,2024-02-26 21:00:00,2024-02-26 22:00:00,0.06520999999999999
Netherlands,NLD,2024-02-26 22:00:00,2024-02-26 23:00:00,0.060759999999999995
Netherlands,NLD,2024-02-26 23:00:00,2024-02-27 00:00:00,0.05762
Netherlands,NLD,2024-02-27 00:00:00,2024-02-27 01:00:00,0.05755
Netherlands,NLD,2024-02-27 01:00:00,2024-02-27 02:00:00,0.05735
Netherlands,NLD,2024-02-27 02:00:00,2024-02-27 03:00:00,0.05687
Netherlands,NLD,2024-02-27 03:00:00,2024-02-27 04:00:00,0.05735
Netherlands,NLD,2024-02-27 04:00:00,2024-02-27 05:00:00,0.06275
Netherlands,NLD,2024-02-27 05:00:00,2024-02-27 06:00:00,0.07332
Netherlands,NLD,2024-02-27 06:00:00,2024-02-27 07:00:00,0.09287000000000001
Netherlands,NLD,2024-02-27 07:00:00,2024-02-27 08:00:00,0.09522
Netherlands,NLD,2024-02-27 08:00:00,2024-02-27 09:00:00,0.08081
Netherlands,NLD,2024-02-27 09:00:00,2024-02-27 10:00:00,0.06871
Netherlands,NLD,2024-02-27 10:00:00,2024-02-27 11:00:00,0.061
Netherlands,NLD,2024-02-27 11:00:00,2024-02-27 12:00:00,0.055490000000000005
Netherlands,NLD,2024-02-27 12:00:00,2024-02-27 13:00:00,0.05558
Netherlands,NLD,2024-02-27 13:00:00,2024-02-27 14:00:00,0.056
Netherlands,NLD,2024-02-27 14:00:00,2024-02-27 15:00:00,0.0599
Netherlands,NLD,2024-02-27 15:00:00,2024-02-27 16:00:00,0.0665
Netherlands,NLD,2024-02-27 16:00:00,2024-02-27 17:00:00,0.09395
Netherlands,NLD,2024-02-27 17:00:00,2024-02-27 18:00:00,0.11018
Netherlands,NLD,2024-02-27 18:00:00,2024-02-27 19:00:00,0.10517
Netherlands,NLD,2024-02-27 19:00:00,2024-02-27 20:00:00,0.08436
Netherlands,NLD,2024-02-27 20:00:00,2024-02-27 21:00:00,0.0725
Netherlands,NLD,2024-02-27 21:00:00,2024-02-27 22:00:00,0.0703
Netherlands,NLD,2024-02-27 22:00:00,2024-02-27 23:00:00,0.06497
Netherlands,NLD,2024-02-27 23:00:00,2024-02-28 00:00:00,0.06036
Netherlands,NLD,2024-02-28 00:00:00,2024-02-28 01:00:00,0.0594
Netherlands,NLD,2024-02-28 01:00:00,2024-02-28 02:00:00,0.061340000000000006
Netherlands,NLD,2024-02-28 02:00:00,2024-02-28 03:00:00,0.06346
Netherlands,NLD,2024-02-28 03:00:00,2024-02-28 04:00:00,0.06374
Netherlands,NLD,2024-02-28 04:00:00,2024-02-28 05:00:00,0.06745999999999999
Netherlands,NLD,2024-02-28 05:00:00,2024-02-28 06:00:00,0.07408
Netherlands,NLD,2024-02-28 06:00:00,2024-02-28 07:00:00,0.09706999999999999
Netherlands,NLD,2024-02-28 07:00:00,2024-02-28 08:00:00,0.10449
Netherlands,NLD,2024-02-28 08:00:00,2024-02-28 09:00:00,0.08546
Netherlands,NLD,2024-02-28 09:00:00,2024-02-28 10:00:00,0.07399
Netherlands,NLD,2024-02-28 10:00:00,2024-02-28 11:00:00,0.06755
Netherlands,NLD,2024-02-28 11:00:00,2024-02-28 12:00:00,0.0631
Netherlands,NLD,2024-02-28 12:00:00,2024-02-28 13:00:00,0.0579
Netherlands,NLD,2024-02-28 13:00:00,2024-02-28 14:00:00,0.0585
Netherlands,NLD,2024-02-28 14:00:00,2024-02-28 15:00:00,0.06
Netherlands,NLD,2024-02-28 15:00:00,2024-02-28 16:00:00,0.07246
Netherlands,NLD,2024-02-28 16:00:00,2024-02-28 17:00:00,0.07
Netherlands,NLD,2024-02-28 17:00:00,2024-02-28 18:00:00,0.08979999999999999
Netherlands,NLD,2024-02-28 18:00:00,2024-02-28 19:00:00,0.07818000000000001
Netherlands,NLD,2024-02-28 19:00:00,2024-02-28 20:00:00,0.06555
Netherlands,NLD,2024-02-28 20:00:00,2024-02-28 21:00:00,0.06269
Netherlands,NLD,2024-02-28 21:00:00,2024-02-28 22:00:00,0.06408
Netherlands,NLD,2024-02-28 22:00:00,2024-02-28 23:00:00,0.055200000000000006
Netherlands,NLD,2024-02-28 23:00:00,2024-02-29 00:00:00,0.05482
Netherlands,NLD,2024-02-29 00:00:00,2024-02-29 01:00:00,0.053020000000000005
Netherlands,NLD,2024-02-29 01:00:00,2024-02-29 02:00:00,0.049710000000000004
Netherlands,NLD,2024-02-29 02:00:00,2024-02-29 03:00:00,0.046619999999999995
Netherlands,NLD,2024-02-29 03:00:00,2024-02-29 04:00:00,0.04375
Netherlands,NLD,2024-02-29 04:00:00,2024-02-29 05:00:00,0.048
Netherlands,NLD,2024-02-29 05:00:00,2024-02-29 06:00:00,0.061369999999999994
Netherlands,NLD,2024-02-29 06:00:00,2024-02-29 07:00:00,0.07335
Netherlands,NLD,2024-02-29 07:00:00,2024-02-29 08:00:00,0.07385
Netherlands,NLD,2024-02-29 08:00:00,2024-02-29 09:00:00,0.07039
Netherlands,NLD,2024-02-29 09:00:00,2024-02-29 10:00:00,0.06565
Netherlands,NLD,2024-02-29 10:00:00,2024-02-29 11:00:00,0.06645999999999999
Netherlands,NLD,2024-02-29 11:00:00,2024-02-29 12:00:00,0.06
Netherlands,NLD,2024-02-29 12:00:00,2024-02-29 13:00:00,0.05777
Netherlands,NLD,2024-02-29 13:00:00,2024-02-29 14:00:00,0.06368
Netherlands,NLD,2024-02-29 14:00:00,2024-02-29 15:00:00,0.06520000000000001
Netherlands,NLD,2024-02-29 15:00:00,2024-02-29 16:00:00,0.07162
Netherlands,NLD,2024-02-29 16:00:00,2024-02-29 17:00:00,0.08
Netherlands,NLD,2024-02-29 17:00:00,2024-02-29 18:00:00,0.08626
Netherlands,NLD,2024-02-29 18:00:00,2024-02-29 19:00:00,0.08098999999999999
Netherlands,NLD,2024-02-29 19:00:00,2024-02-29 20:00:00,0.07277
Netherlands,NLD,2024-02-29 20:00:00,2024-02-29 21:00:00,0.06725
Netherlands,NLD,2024-02-29 21:00:00,2024-02-29 22:00:00,0.0649
Netherlands,NLD,2024-02-29 22:00:00,2024-02-29 23:00:00,0.060899999999999996
Netherlands,NLD,2024-02-29 23:00:00,2024-03-01 00:00:00,0.06204
Netherlands,NLD,2024-03-01 00:00:00,2024-03-01 01:00:00,0.06142
Netherlands,NLD,2024-03-01 01:00:00,2024-03-01 02:00:00,0.05814
Netherlands,NLD,2024-03-01 02:00:00,2024-03-01 03:00:00,0.05783
Netherlands,NLD,2024-03-01 03:00:00,2024-03-01 04:00:00,0.0583
Netherlands,NLD,2024-03-01 04:00:00,2024-03-01 05:00:00,0.062490000000000004
Netherlands,NLD,2024-03-01 05:00:00,2024-03-01 06:00:00,0.07158
Netherlands,NLD,2024-03-01 06:00:00,2024-03-01 07:00:00,0.07936
Netherlands,NLD,2024-03-01 07:00:00,2024-03-01 08:00:00,0.08602
Netherlands,NLD,2024-03-01 08:00:00,2024-03-01 09:00:00,0.07804000000000001
Netherlands,NLD,2024-03-01 09:00:00,2024-03-01 10:00:00,0.06651
Netherlands,NLD,2024-03-01 10:00:00,2024-03-01 11:00:00,0.06453
Netherlands,NLD,2024-03-01 11:00:00,2024-03-01 12:00:00,0.047549999999999995
Netherlands,NLD,2024-03-01 12:00:00,2024-03-01 13:00:00,0.05
Netherlands,NLD,2024-03-01 13:00:00,2024-03-01 14:00:00,0.0632
Netherlands,NLD,2024-03-01 14:00:00,2024-03-01 15:00:00,0.07117
Netherlands,NLD,2024-03-01 15:00:00,2024-03-01 16:00:00,0.07828
Netherlands,NLD,2024-03-01 16:00:00,2024-03-01 17:00:00,0.08940000000000001
Netherlands,NLD,2024-03-01 17:00:00,2024-03-01 18:00:00,0.09373000000000001
Netherlands,NLD,2024-03-01 18:00:00,2024-03-01 19:00:00,0.08719
Netherlands,NLD,2024-03-01 19:00:00,2024-03-01 20:00:00,0.07748999999999999
Netherlands,NLD,2024-03-01 20:00:00,2024-03-01 21:00:00,0.07162
Netherlands,NLD,2024-03-01 21:00:00,2024-03-01 22:00:00,0.07006
Netherlands,NLD,2024-03-01 22:00:00,2024-03-01 23:00:00,0.06639
Netherlands,NLD,2024-03-01 23:00:00,2024-03-02 00:00:00,0.05995
Netherlands,NLD,2024-03-02 00:00:00,2024-03-02 01:00:00,0.05603
Netherlands,NLD,2024-03-02 01:00:00,2024-03-02 02:00:00,0.05602
Netherlands,NLD,2024-03-02 02:00:00,2024-03-02 03:00:00,0.055479999999999995
Netherlands,NLD,2024-03-02 03:00:00,2024-03-02 04:00:00,0.054880000000000005
Netherlands,NLD,2024-03-02 04:00:00,2024-03-02 05:00:00,0.055990000000000005
Netherlands,NLD,2024-03-02 05:00:00,2024-03-02 06:00:00,0.05658
Netherlands,NLD,2024-03-02 06:00:00,2024-03-02 07:00:00,0.06067
Netherlands,NLD,2024-03-02 07:00:00,2024-03-02 08:00:00,0.06376
Netherlands,NLD,2024-03-02 08:00:00,2024-03-02 09:00:00,0.06575
Netherlands,NLD,2024-03-02 09:00:00,2024-03-02 10:00:00,0.06044
Netherlands,NLD,2024-03-02 10:00:00,2024-03-02 11:00:00,0.0538
Netherlands,NLD,2024-03-02 11:00:00,2024-03-02 12:00:00,0.05307
Netherlands,NLD,2024-03-02 12:00:00,2024-03-02 13:00:00,0.0549
Netherlands,NLD,2024-03-02 13:00:00,2024-03-02 14:00:00,0.05986
Netherlands,NLD,2024-03-02 14:00:00,2024-03-02 15:00:00,0.06608
Netherlands,NLD,2024-03-02 15:00:00,2024-03-02 16:00:00,0.073
Netherlands,NLD,2024-03-02 16:00:00,2024-03-02 17:00:00,0.08117
Netherlands,NLD,2024-03-02 17:00:00,2024-03-02 18:00:00,0.09359999999999999
Netherlands,NLD,2024-03-02 18:00:00,2024-03-02 19:00:00,0.08990000000000001
Netherlands,NLD,2024-03-02 19:00:00,2024-03-02 20:00:00,0.07698
Netherlands,NLD,2024-03-02 20:00:00,2024-03-02 21:00:00,0.06981
Netherlands,NLD,2024-03-02 21:00:00,2024-03-02 22:00:00,0.0699
Netherlands,NLD,2024-03-02 22:00:00,2024-03-02 23:00:00,0.0682
Netherlands,NLD,2024-03-02 23:00:00,2024-03-03 00:00:00,0.0601
Netherlands,NLD,2024-03-03 00:00:00,2024-03-03 01:00:00,0.06921
Netherlands,NLD,2024-03-03 01:00:00,2024-03-03 02:00:00,0.06703
Netherlands,NLD,2024-03-03 02:00:00,2024-03-03 03:00:00,0.057909999999999996
Netherlands,NLD,2024-03-03 03:00:00,2024-03-03 04:00:00,0.055479999999999995
Netherlands,NLD,2024-03-03 04:00:00,2024-03-03 05:00:00,0.05888
Netherlands,NLD,2024-03-03 05:00:00,2024-03-03 06:00:00,0.06539
Netherlands,NLD,2024-03-03 06:00:00,2024-03-03 07:00:00,0.0698
Netherlands,NLD,2024-03-03 07:00:00,2024-03-03 08:00:00,0.07151
Netherlands,NLD,2024-03-03 08:00:00,2024-03-03 09:00:00,0.07249
Netherlands,NLD,2024-03-03 09:00:00,2024-03-03 10:00:00,0.06314
Netherlands,NLD,2024-03-03 10:00:00,2024-03-03 11:00:00,0.05
Netherlands,NLD,2024-03-03 11:00:00,2024-03-03 12:00:00,0.04751
Netherlands,NLD,2024-03-03 12:00:00,2024-03-03 13:00:00,0.04251
Netherlands,NLD,2024-03-03 13:00:00,2024-03-03 14:00:00,0.04684000000000001
Netherlands,NLD,2024-03-03 14:00:00,2024-03-03 15:00:00,0.058070000000000004
Netherlands,NLD,2024-03-03 15:00:00,2024-03-03 16:00:00,0.06028
Netherlands,NLD,2024-03-03 16:00:00,2024-03-03 17:00:00,0.07772
Netherlands,NLD,2024-03-03 17:00:00,2024-03-03 18:00:00,0.088
Netherlands,NLD,2024-03-03 18:00:00,2024-03-03 19:00:00,0.08696
Netherlands,NLD,2024-03-03 19:00:00,2024-03-03 20:00:00,0.0818
Netherlands,NLD,2024-03-03 20:00:00,2024-03-03 21:00:00,0.075
Netherlands,NLD,2024-03-03 21:00:00,2024-03-03 22:00:00,0.07218000000000001
Netherlands,NLD,2024-03-03 22:00:00,2024-03-03 23:00:00,0.07242
Netherlands,NLD,2024-03-03 23:00:00,2024-03-04 00:00:00,0.06913
Netherlands,NLD,2024-03-04 00:00:00,2024-03-04 01:00:00,0.0679
Netherlands,NLD,2024-03-04 01:00:00,2024-03-04 02:00:00,0.06741
Netherlands,NLD,2024-03-04 02:00:00,2024-03-04 03:00:00,0.06622
Netherlands,NLD,2024-03-04 03:00:00,2024-03-04 04:00:00,0.06559000000000001
Netherlands,NLD,2024-03-04 04:00:00,2024-03-04 05:00:00,0.07083
Netherlands,NLD,2024-03-04 05:00:00,2024-03-04 06:00:00,0.08118
Netherlands,NLD,2024-03-04 06:00:00,2024-03-04 07:00:00,0.09667
Netherlands,NLD,2024-03-04 07:00:00,2024-03-04 08:00:00,0.10296999999999999
Netherlands,NLD,2024-03-04 08:00:00,2024-03-04 09:00:00,0.08502
Netherlands,NLD,2024-03-04 09:00:00,2024-03-04 10:00:00,0.07123
Netherlands,NLD,2024-03-04 10:00:00,2024-03-04 11:00:00,0.0632
Netherlands,NLD,2024-03-04 11:00:00,2024-03-04 12:00:00,0.0633
Netherlands,NLD,2024-03-04 12:00:00,2024-03-04 13:00:00,0.06104
Netherlands,NLD,2024-03-04 13:00:00,2024-03-04 14:00:00,0.0625
Netherlands,NLD,2024-03-04 14:00:00,2024-03-04 15:00:00,0.06986
Netherlands,NLD,2024-03-04 15:00:00,2024-03-04 16:00:00,0.0767
Netherlands,NLD,2024-03-04 16:00:00,2024-03-04 17:00:00,0.09347
Netherlands,NLD,2024-03-04 17:00:00,2024-03-04 18:00:00,0.10518000000000001
Netherlands,NLD,2024-03-04 18:00:00,2024-03-04 19:00:00,0.09913
Netherlands,NLD,2024-03-04 19:00:00,2024-03-04 20:00:00,0.08052
Netherlands,NLD,2024-03-04 20:00:00,2024-03-04 21:00:00,0.07139
Netherlands,NLD,2024-03-04 21:00:00,2024-03-04 22:00:00,0.06749
Netherlands,NLD,2024-03-04 22:00:00,2024-03-04 23:00:00,0.06393
Netherlands,NLD,2024-03-04 23:00:00,2024-03-05 00:00:00,0.06196
Netherlands,NLD,2024-03-05 00:00:00,2024-03-05 01:00:00,0.06167
Netherlands,NLD,2024-03-05 01:00:00,2024-03-05 02:00:00,0.061329999999999996
Netherlands,NLD,2024-03-05 02:00:00,2024-03-05 03:00:00,0.05986
Netherlands,NLD,2024-03-05 03:00:00,2024-03-05 04:00:00,0.06056
Netherlands,NLD,2024-03-05 04:00:00,2024-03-05 05:00:00,0.06167
Netherlands,NLD,2024-03-05 05:00:00,2024-03-05 06:00:00,0.07153
Netherlands,NLD,2024-03-05 06:00:00,2024-03-05 07:00:00,0.07928
Netherlands,NLD,2024-03-05 07:00:00,2024-03-05 08:00:00,0.08302
Netherlands,NLD,2024-03-05 08:00:00,2024-03-05 09:00:00,0.077
Netherlands,NLD,2024-03-05 09:00:00,2024-03-05 10:00:00,0.07115
Netherlands,NLD,2024-03-05 10:00:00,2024-03-05 11:00:00,0.06972
Netherlands,NLD,2024-03-05 11:00:00,2024-03-05 12:00:00,0.06599
Netherlands,NLD,2024-03-05 12:00:00,2024-03-05 13:00:00,0.06581000000000001
Netherlands,NLD,2024-03-05 13:00:00,2024-03-05 14:00:00,0.0696
Netherlands,NLD,2024-03-05 14:00:00,2024-03-05 15:00:00,0.07062
Netherlands,NLD,2024-03-05 15:00:00,2024-03-05 16:00:00,0.07629999999999999
Netherlands,NLD,2024-03-05 16:00:00,2024-03-05 17:00:00,0.08186
Netherlands,NLD,2024-03-05 17:00:00,2024-03-05 18:00:00,0.10438
Netherlands,NLD,2024-03-05 18:00:00,2024-03-05 19:00:00,0.09659999999999999
Netherlands,NLD,2024-03-05 19:00:00,2024-03-05 20:00:00,0.07842
Netherlands,NLD,2024-03-05 20:00:00,2024-03-05 21:00:00,0.07307
Netherlands,NLD,2024-03-05 21:00:00,2024-03-05 22:00:00,0.066
Netherlands,NLD,2024-03-05 22:00:00,2024-03-05 23:00:00,0.07
Netherlands,NLD,2024-03-05 23:00:00,2024-03-06 00:00:00,0.071
Netherlands,NLD,2024-03-06 00:00:00,2024-03-06 01:00:00,0.0707
Netherlands,NLD,2024-03-06 01:00:00,2024-03-06 02:00:00,0.07046
Netherlands,NLD,2024-03-06 02:00:00,2024-03-06 03:00:00,0.06974
Netherlands,NLD,2024-03-06 03:00:00,2024-03-06 04:00:00,0.07046
Netherlands,NLD,2024-03-06 04:00:00,2024-03-06 05:00:00,0.07391
Netherlands,NLD,2024-03-06 05:00:00,2024-03-06 06:00:00,0.08398
Netherlands,NLD,2024-03-06 06:00:00,2024-03-06 07:00:00,0.10664
Netherlands,NLD,2024-03-06 07:00:00,2024-03-06 08:00:00,0.1087
Netherlands,NLD,2024-03-06 08:00:00,2024-03-06 09:00:00,0.08721
Netherlands,NLD,2024-03-06 09:00:00,2024-03-06 10:00:00,0.07569
Netherlands,NLD,2024-03-06 10:00:00,2024-03-06 11:00:00,0.07183
Netherlands,NLD,2024-03-06 11:00:00,2024-03-06 12:00:00,0.06934
Netherlands,NLD,2024-03-06 12:00:00,2024-03-06 13:00:00,0.06929
Netherlands,NLD,2024-03-06 13:00:00,2024-03-06 14:00:00,0.07064
Netherlands,NLD,2024-03-06 14:00:00,2024-03-06 15:00:00,0.07228
Netherlands,NLD,2024-03-06 15:00:00,2024-03-06 16:00:00,0.0798
Netherlands,NLD,2024-03-06 16:00:00,2024-03-06 17:00:00,0.09611
Netherlands,NLD,2024-03-06 17:00:00,2024-03-06 18:00:00,0.11902
Netherlands,NLD,2024-03-06 18:00:00,2024-03-06 19:00:00,0.11925
Netherlands,NLD,2024-03-06 19:00:00,2024-03-06 20:00:00,0.09340000000000001
Netherlands,NLD,2024-03-06 20:00:00,2024-03-06 21:00:00,0.08015
Netherlands,NLD,2024-03-06 21:00:00,2024-03-06 22:00:00,0.07798000000000001
Netherlands,NLD,2024-03-06 22:00:00,2024-03-06 23:00:00,0.07434
Netherlands,NLD,2024-03-06 23:00:00,2024-03-07 00:00:00,0.07332999999999999
Netherlands,NLD,2024-03-07 00:00:00,2024-03-07 01:00:00,0.07232
Netherlands,NLD,2024-03-07 01:00:00,2024-03-07 02:00:00,0.07034
Netherlands,NLD,2024-03-07 02:00:00,2024-03-07 03:00:00,0.06871
Netherlands,NLD,2024-03-07 03:00:00,2024-03-07 04:00:00,0.06989
Netherlands,NLD,2024-03-07 04:00:00,2024-03-07 05:00:00,0.07313
Netherlands,NLD,2024-03-07 05:00:00,2024-03-07 06:00:00,0.08427
Netherlands,NLD,2024-03-07 06:00:00,2024-03-07 07:00:00,0.1032
Netherlands,NLD,2024-03-07 07:00:00,2024-03-07 08:00:00,0.09670000000000001
Netherlands,NLD,2024-03-07 08:00:00,2024-03-07 09:00:00,0.07909000000000001
Netherlands,NLD,2024-03-07 09:00:00,2024-03-07 10:00:00,0.07131
Netherlands,NLD,2024-03-07 10:00:00,2024-03-07 11:00:00,0.06616
Netherlands,NLD,2024-03-07 11:00:00,2024-03-07 12:00:00,0.06062
Netherlands,NLD,2024-03-07 12:00:00,2024-03-07 13:00:00,0.06016
Netherlands,NLD,2024-03-07 13:00:00,2024-03-07 14:00:00,0.0633
Netherlands,NLD,2024-03-07 14:00:00,2024-03-07 15:00:00,0.06609999999999999
Netherlands,NLD,2024-03-07 15:00:00,2024-03-07 16:00:00,0.07066
Netherlands,NLD,2024-03-07 16:00:00,2024-03-07 17:00:00,0.09011
Netherlands,NLD,2024-03-07 17:00:00,2024-03-07 18:00:00,0.10740999999999999
Netherlands,NLD,2024-03-07 18:00:00,2024-03-07 19:00:00,0.09043000000000001
Netherlands,NLD,2024-03-07 19:00:00,2024-03-07 20:00:00,0.08339
Netherlands,NLD,2024-03-07 20:00:00,2024-03-07 21:00:00,0.07316
Netherlands,NLD,2024-03-07 21:00:00,2024-03-07 22:00:00,0.07325
Netherlands,NLD,2024-03-07 22:00:00,2024-03-07 23:00:00,0.06761
Netherlands,NLD,2024-03-07 23:00:00,2024-03-08 00:00:00,0.06837
Netherlands,NLD,2024-03-08 00:00:00,2024-03-08 01:00:00,0.06695999999999999
Netherlands,NLD,2024-03-08 01:00:00,2024-03-08 02:00:00,0.06701
Netherlands,NLD,2024-03-08 02:00:00,2024-03-08 03:00:00,0.06599
Netherlands,NLD,2024-03-08 03:00:00,2024-03-08 04:00:00,0.06598000000000001
Netherlands,NLD,2024-03-08 04:00:00,2024-03-08 05:00:00,0.06693
Netherlands,NLD,2024-03-08 05:00:00,2024-03-08 06:00:00,0.0815
Netherlands,NLD,2024-03-08 06:00:00,2024-03-08 07:00:00,0.09498999999999999
Netherlands,NLD,2024-03-08 07:00:00,2024-03-08 08:00:00,0.08889
Netherlands,NLD,2024-03-08 08:00:00,2024-03-08 09:00:00,0.07436
Netherlands,NLD,2024-03-08 09:00:00,2024-03-08 10:00:00,0.0549
Netherlands,NLD,2024-03-08 10:00:00,2024-03-08 11:00:00,0.0
Netherlands,NLD,2024-03-08 11:00:00,2024-03-08 12:00:00,-0.02
Netherlands,NLD,2024-03-08 12:00:00,2024-03-08 13:00:00,-0.025
Netherlands,NLD,2024-03-08 13:00:00,2024-03-08 14:00:00,-0.01797
Netherlands,NLD,2024-03-08 14:00:00,2024-03-08 15:00:00,0.03
Netherlands,NLD,2024-03-08 15:00:00,2024-03-08 16:00:00,0.055380000000000006
Netherlands,NLD,2024-03-08 16:00:00,2024-03-08 17:00:00,0.07194
Netherlands,NLD,2024-03-08 17:00:00,2024-03-08 18:00:00,0.08375
Netherlands,NLD,2024-03-08 18:00:00,2024-03-08 19:00:00,0.08
Netherlands,NLD,2024-03-08 19:00:00,2024-03-08 20:00:00,0.07118000000000001
Netherlands,NLD,2024-03-08 20:00:00,2024-03-08 21:00:00,0.0649
Netherlands,NLD,2024-03-08 21:00:00,2024-03-08 22:00:00,0.06479
Netherlands,NLD,2024-03-08 22:00:00,2024-03-08 23:00:00,0.05962
Netherlands,NLD,2024-03-08 23:00:00,2024-03-09 00:00:00,0.05614
Netherlands,NLD,2024-03-09 00:00:00,2024-03-09 01:00:00,0.05453
Netherlands,NLD,2024-03-09 01:00:00,2024-03-09 02:00:00,0.0533
Netherlands,NLD,2024-03-09 02:00:00,2024-03-09 03:00:00,0.05215
Netherlands,NLD,2024-03-09 03:00:00,2024-03-09 04:00:00,0.048
Netherlands,NLD,2024-03-09 04:00:00,2024-03-09 05:00:00,0.04721
Netherlands,NLD,2024-03-09 05:00:00,2024-03-09 06:00:00,0.05
Netherlands,NLD,2024-03-09 06:00:00,2024-03-09 07:00:00,0.05306
Netherlands,NLD,2024-03-09 07:00:00,2024-03-09 08:00:00,0.05306
Netherlands,NLD,2024-03-09 08:00:00,2024-03-09 09:00:00,0.048119999999999996
Netherlands,NLD,2024-03-09 09:00:00,2024-03-09 10:00:00,0.025
Netherlands,NLD,2024-03-09 10:00:00,2024-03-09 11:00:00,-0.0295
Netherlands,NLD,2024-03-09 11:00:00,2024-03-09 12:00:00,-0.03
Netherlands,NLD,2024-03-09 12:00:00,2024-03-09 13:00:00,-0.03979
Netherlands,NLD,2024-03-09 13:00:00,2024-03-09 14:00:00,-0.01957
Netherlands,NLD,2024-03-09 14:00:00,2024-03-09 15:00:00,0.02832
Netherlands,NLD,2024-03-09 15:00:00,2024-03-09 16:00:00,0.05264
Netherlands,NLD,2024-03-09 16:00:00,2024-03-09 17:00:00,0.06955
Netherlands,NLD,2024-03-09 17:00:00,2024-03-09 18:00:00,0.07808
Netherlands,NLD,2024-03-09 18:00:00,2024-03-09 19:00:00,0.06869
Netherlands,NLD,2024-03-09 19:00:00,2024-03-09 20:00:00,0.06382
Netherlands,NLD,2024-03-09 20:00:00,2024-03-09 21:00:00,0.060469999999999996
Netherlands,NLD,2024-03-09 21:00:00,2024-03-09 22:00:00,0.05917
Netherlands,NLD,2024-03-09 22:00:00,2024-03-09 23:00:00,0.054369999999999995
Netherlands,NLD,2024-03-09 23:00:00,2024-03-10 00:00:00,0.04865
Netherlands,NLD,2024-03-10 00:00:00,2024-03-10 01:00:00,0.046060000000000004
Netherlands,NLD,2024-03-10 01:00:00,2024-03-10 02:00:00,0.040979999999999996
Netherlands,NLD,2024-03-10 02:00:00,2024-03-10 03:00:00,0.03555
Netherlands,NLD,2024-03-10 03:00:00,2024-03-10 04:00:00,0.03239
Netherlands,NLD,2024-03-10 04:00:00,2024-03-10 05:00:00,0.03228
Netherlands,NLD,2024-03-10 05:00:00,2024-03-10 06:00:00,0.033909999999999996
Netherlands,NLD,2024-03-10 06:00:00,2024-03-10 07:00:00,0.039490000000000004
Netherlands,NLD,2024-03-10 07:00:00,2024-03-10 08:00:00,0.034820000000000004
Netherlands,NLD,2024-03-10 08:00:00,2024-03-10 09:00:00,0.02755
Netherlands,NLD,2024-03-10 09:00:00,2024-03-10 10:00:00,4e-05
Netherlands,NLD,2024-03-10 10:00:00,2024-03-10 11:00:00,-0.010029999999999999
Netherlands,NLD,2024-03-10 11:00:00,2024-03-10 12:00:00,-0.0273
Netherlands,NLD,2024-03-10 12:00:00,2024-03-10 13:00:00,-0.0273
Netherlands,NLD,2024-03-10 13:00:00,2024-03-10 14:00:00,-0.01001
Netherlands,NLD,2024-03-10 14:00:00,2024-03-10 15:00:00,0.01238
Netherlands,NLD,2024-03-10 15:00:00,2024-03-10 16:00:00,0.05
Netherlands,NLD,2024-03-10 16:00:00,2024-03-10 17:00:00,0.06992
Netherlands,NLD,2024-03-10 17:00:00,2024-03-10 18:00:00,0.08431
Netherlands,NLD,2024-03-10 18:00:00,2024-03-10 19:00:00,0.07221999999999999
Netherlands,NLD,2024-03-10 19:00:00,2024-03-10 20:00:00,0.07088
Netherlands,NLD,2024-03-10 20:00:00,2024-03-10 21:00:00,0.0729
Netherlands,NLD,2024-03-10 21:00:00,2024-03-10 22:00:00,0.07332
Netherlands,NLD,2024-03-10 22:00:00,2024-03-10 23:00:00,0.072
Netherlands,NLD,2024-03-10 23:00:00,2024-03-11 00:00:00,0.06520000000000001
Netherlands,NLD,2024-03-11 00:00:00,2024-03-11 01:00:00,0.066
Netherlands,NLD,2024-03-11 01:00:00,2024-03-11 02:00:00,0.06886
Netherlands,NLD,2024-03-11 02:00:00,2024-03-11 03:00:00,0.065
Netherlands,NLD,2024-03-11 03:00:00,2024-03-11 04:00:00,0.0601
Netherlands,NLD,2024-03-11 04:00:00,2024-03-11 05:00:00,0.05825
Netherlands,NLD,2024-03-11 05:00:00,2024-03-11 06:00:00,0.07664
Netherlands,NLD,2024-03-11 06:00:00,2024-03-11 07:00:00,0.08261
Netherlands,NLD,2024-03-11 07:00:00,2024-03-11 08:00:00,0.08556
Netherlands,NLD,2024-03-11 08:00:00,2024-03-11 09:00:00,0.0865
Netherlands,NLD,2024-03-11 09:00:00,2024-03-11 10:00:00,0.08219
Netherlands,NLD,2024-03-11 10:00:00,2024-03-11 11:00:00,0.07490999999999999
Netherlands,NLD,2024-03-11 11:00:00,2024-03-11 12:00:00,0.074
Netherlands,NLD,2024-03-11 12:00:00,2024-03-11 13:00:00,0.06859
Netherlands,NLD,2024-03-11 13:00:00,2024-03-11 14:00:00,0.067
Netherlands,NLD,2024-03-11 14:00:00,2024-03-11 15:00:00,0.0735
Netherlands,NLD,2024-03-11 15:00:00,2024-03-11 16:00:00,0.07918
Netherlands,NLD,2024-03-11 16:00:00,2024-03-11 17:00:00,0.08990999999999999
Netherlands,NLD,2024-03-11 17:00:00,2024-03-11 18:00:00,0.1
Netherlands,NLD,2024-03-11 18:00:00,2024-03-11 19:00:00,0.108
Netherlands,NLD,2024-03-11 19:00:00,2024-03-11 20:00:00,0.0838
Netherlands,NLD,2024-03-11 20:00:00,2024-03-11 21:00:00,0.0767
Netherlands,NLD,2024-03-11 21:00:00,2024-03-11 22:00:00,0.07503
Netherlands,NLD,2024-03-11 22:00:00,2024-03-11 23:00:00,0.06708
Netherlands,NLD,2024-03-11 23:00:00,2024-03-12 00:00:00,0.06919
Netherlands,NLD,2024-03-12 00:00:00,2024-03-12 01:00:00,0.06556000000000001
Netherlands,NLD,2024-03-12 01:00:00,2024-03-12 02:00:00,0.06651
Netherlands,NLD,2024-03-12 02:00:00,2024-03-12 03:00:00,0.06520000000000001
Netherlands,NLD,2024-03-12 03:00:00,2024-03-12 04:00:00,0.06595999999999999
Netherlands,NLD,2024-03-12 04:00:00,2024-03-12 05:00:00,0.0709
Netherlands,NLD,2024-03-12 05:00:00,2024-03-12 06:00:00,0.07479999999999999
Netherlands,NLD,2024-03-12 06:00:00,2024-03-12 07:00:00,0.09278
Netherlands,NLD,2024-03-12 07:00:00,2024-03-12 08:00:00,0.1006
Netherlands,NLD,2024-03-12 08:00:00,2024-03-12 09:00:00,0.09372
Netherlands,NLD,2024-03-12 09:00:00,2024-03-12 10:00:00,0.0845
Netherlands,NLD,2024-03-12 10:00:00,2024-03-12 11:00:00,0.07806999999999999
Netherlands,NLD,2024-03-12 11:00:00,2024-03-12 12:00:00,0.07479999999999999
Netherlands,NLD,2024-03-12 12:00:00,2024-03-12 13:00:00,0.07006
Netherlands,NLD,2024-03-12 13:00:00,2024-03-12 14:00:00,0.068
Netherlands,NLD,2024-03-12 14:00:00,2024-03-12 15:00:00,0.06520000000000001
Netherlands,NLD,2024-03-12 15:00:00,2024-03-12 16:00:00,0.07293000000000001
Netherlands,NLD,2024-03-12 16:00:00,2024-03-12 17:00:00,0.07787000000000001
Netherlands,NLD,2024-03-12 17:00:00,2024-03-12 18:00:00,0.084
Netherlands,NLD,2024-03-12 18:00:00,2024-03-12 19:00:00,0.10346
Netherlands,NLD,2024-03-12 19:00:00,2024-03-12 20:00:00,0.08156999999999999
Netherlands,NLD,2024-03-12 20:00:00,2024-03-12 21:00:00,0.074
Netherlands,NLD,2024-03-12 21:00:00,2024-03-12 22:00:00,0.07196999999999999
Netherlands,NLD,2024-03-12 22:00:00,2024-03-12 23:00:00,0.06853000000000001
Netherlands,NLD,2024-03-12 23:00:00,2024-03-13 00:00:00,0.06216
Netherlands,NLD,2024-03-13 00:00:00,2024-03-13 01:00:00,0.05973
Netherlands,NLD,2024-03-13 01:00:00,2024-03-13 02:00:00,0.05855
Netherlands,NLD,2024-03-13 02:00:00,2024-03-13 03:00:00,0.05804
Netherlands,NLD,2024-03-13 03:00:00,2024-03-13 04:00:00,0.05987
Netherlands,NLD,2024-03-13 04:00:00,2024-03-13 05:00:00,0.062299999999999994
Netherlands,NLD,2024-03-13 05:00:00,2024-03-13 06:00:00,0.07496
Netherlands,NLD,2024-03-13 06:00:00,2024-03-13 07:00:00,0.0854
Netherlands,NLD,2024-03-13 07:00:00,2024-03-13 08:00:00,0.08979999999999999
Netherlands,NLD,2024-03-13 08:00:00,2024-03-13 09:00:00,0.07684999999999999
Netherlands,NLD,2024-03-13 09:00:00,2024-03-13 10:00:00,0.06738
Netherlands,NLD,2024-03-13 10:00:00,2024-03-13 11:00:00,0.0632
Netherlands,NLD,2024-03-13 11:00:00,2024-03-13 12:00:00,0.061880000000000004
Netherlands,NLD,2024-03-13 12:00:00,2024-03-13 13:00:00,0.059590000000000004
Netherlands,NLD,2024-03-13 13:00:00,2024-03-13 14:00:00,0.05882
Netherlands,NLD,2024-03-13 14:00:00,2024-03-13 15:00:00,0.0632
Netherlands,NLD,2024-03-13 15:00:00,2024-03-13 16:00:00,0.06838
Netherlands,NLD,2024-03-13 16:00:00,2024-03-13 17:00:00,0.07740000000000001
Netherlands,NLD,2024-03-13 17:00:00,2024-03-13 18:00:00,0.0798
Netherlands,NLD,2024-03-13 18:00:00,2024-03-13 19:00:00,0.08144
Netherlands,NLD,2024-03-13 19:00:00,2024-03-13 20:00:00,0.0664
Netherlands,NLD,2024-03-13 20:00:00,2024-03-13 21:00:00,0.06652
Netherlands,NLD,2024-03-13 21:00:00,2024-03-13 22:00:00,0.06814
Netherlands,NLD,2024-03-13 22:00:00,2024-03-13 23:00:00,0.06388
Netherlands,NLD,2024-03-13 23:00:00,2024-03-14 00:00:00,0.06329
Netherlands,NLD,2024-03-14 00:00:00,2024-03-14 01:00:00,0.0569
Netherlands,NLD,2024-03-14 01:00:00,2024-03-14 02:00:00,0.05752
Netherlands,NLD,2024-03-14 02:00:00,2024-03-14 03:00:00,0.057
Netherlands,NLD,2024-03-14 03:00:00,2024-03-14 04:00:00,0.05465
Netherlands,NLD,2024-03-14 04:00:00,2024-03-14 05:00:00,0.060020000000000004
Netherlands,NLD,2024-03-14 05:00:00,2024-03-14 06:00:00,0.07142
Netherlands,NLD,2024-03-14 06:00:00,2024-03-14 07:00:00,0.087
Netherlands,NLD,2024-03-14 07:00:00,2024-03-14 08:00:00,0.08199
Netherlands,NLD,2024-03-14 08:00:00,2024-03-14 09:00:00,0.06570999999999999
Netherlands,NLD,2024-03-14 09:00:00,2024-03-14 10:00:00,0.05432
Netherlands,NLD,2024-03-14 10:00:00,2024-03-14 11:00:00,0.0426
Netherlands,NLD,2024-03-14 11:00:00,2024-03-14 12:00:00,0.020989999999999998
Netherlands,NLD,2024-03-14 12:00:00,2024-03-14 13:00:00,0.03
Netherlands,NLD,2024-03-14 13:00:00,2024-03-14 14:00:00,0.046590000000000006
Netherlands,NLD,2024-03-14 14:00:00,2024-03-14 15:00:00,0.05482
Netherlands,NLD,2024-03-14 15:00:00,2024-03-14 16:00:00,0.06599
Netherlands,NLD,2024-03-14 16:00:00,2024-03-14 17:00:00,0.08564
Netherlands,NLD,2024-03-14 17:00:00,2024-03-14 18:00:00,0.10235
Netherlands,NLD,2024-03-14 18:00:00,2024-03-14 19:00:00,0.08992
Netherlands,NLD,2024-03-14 19:00:00,2024-03-14 20:00:00,0.07362
Netherlands,NLD,2024-03-14 20:00:00,2024-03-14 21:00:00,0.06296
Netherlands,NLD,2024-03-14 21:00:00,2024-03-14 22:00:00,0.05953
Netherlands,NLD,2024-03-14 22:00:00,2024-03-14 23:00:00,0.05091
Netherlands,NLD,2024-03-14 23:00:00,2024-03-15 00:00:00,0.04789
Netherlands,NLD,2024-03-15 00:00:00,2024-03-15 01:00:00,0.04547
Netherlands,NLD,2024-03-15 01:00:00,2024-03-15 02:00:00,0.044469999999999996
Netherlands,NLD,2024-03-15 02:00:00,2024-03-15 03:00:00,0.04233
Netherlands,NLD,2024-03-15 03:00:00,2024-03-15 04:00:00,0.04222
Netherlands,NLD,2024-03-15 04:00:00,2024-03-15 05:00:00,0.04152
Netherlands,NLD,2024-03-15 05:00:00,2024-03-15 06:00:00,0.05849
Netherlands,NLD,2024-03-15 06:00:00,2024-03-15 07:00:00,0.06647
Netherlands,NLD,2024-03-15 07:00:00,2024-03-15 08:00:00,0.06742000000000001
Netherlands,NLD,2024-03-15 08:00:00,2024-03-15 09:00:00,0.0538
Netherlands,NLD,2024-03-15 09:00:00,2024-03-15 10:00:00,0.0461
Netherlands,NLD,2024-03-15 10:00:00,2024-03-15 11:00:00,0.0389
Netherlands,NLD,2024-03-15 11:00:00,2024-03-15 12:00:00,0.03712
Netherlands,NLD,2024-03-15 12:00:00,2024-03-15 13:00:00,0.03514
Netherlands,NLD,2024-03-15 13:00:00,2024-03-15 14:00:00,0.04142
Netherlands,NLD,2024-03-15 14:00:00,2024-03-15 15:00:00,0.04535
Netherlands,NLD,2024-03-15 15:00:00,2024-03-15 16:00:00,0.060399999999999995
Netherlands,NLD,2024-03-15 16:00:00,2024-03-15 17:00:00,0.07067
Netherlands,NLD,2024-03-15 17:00:00,2024-03-15 18:00:00,0.07311
Netherlands,NLD,2024-03-15 18:00:00,2024-03-15 19:00:00,0.08799
Netherlands,NLD,2024-03-15 19:00:00,2024-03-15 20:00:00,0.06381
Netherlands,NLD,2024-03-15 20:00:00,2024-03-15 21:00:00,0.055009999999999996
Netherlands,NLD,2024-03-15 21:00:00,2024-03-15 22:00:00,0.055990000000000005
Netherlands,NLD,2024-03-15 22:00:00,2024-03-15 23:00:00,0.04935
Netherlands,NLD,2024-03-15 23:00:00,2024-03-16 00:00:00,0.04366
Netherlands,NLD,2024-03-16 00:00:00,2024-03-16 01:00:00,0.04204
Netherlands,NLD,2024-03-16 01:00:00,2024-03-16 02:00:00,0.04071
Netherlands,NLD,2024-03-16 02:00:00,2024-03-16 03:00:00,0.0389
Netherlands,NLD,2024-03-16 03:00:00,2024-03-16 04:00:00,0.038630000000000005
Netherlands,NLD,2024-03-16 04:00:00,2024-03-16 05:00:00,0.04
Netherlands,NLD,2024-03-16 05:00:00,2024-03-16 06:00:00,0.0476
Netherlands,NLD,2024-03-16 06:00:00,2024-03-16 07:00:00,0.060219999999999996
Netherlands,NLD,2024-03-16 07:00:00,2024-03-16 08:00:00,0.055299999999999995
Netherlands,NLD,2024-03-16 08:00:00,2024-03-16 09:00:00,0.047009999999999996
Netherlands,NLD,2024-03-16 09:00:00,2024-03-16 10:00:00,0.04488
Netherlands,NLD,2024-03-16 10:00:00,2024-03-16 11:00:00,0.04163
Netherlands,NLD,2024-03-16 11:00:00,2024-03-16 12:00:00,0.03678
Netherlands,NLD,2024-03-16 12:00:00,2024-03-16 13:00:00,0.02102
Netherlands,NLD,2024-03-16 13:00:00,2024-03-16 14:00:00,0.01226
Netherlands,NLD,2024-03-16 14:00:00,2024-03-16 15:00:00,0.03138
Netherlands,NLD,2024-03-16 15:00:00,2024-03-16 16:00:00,0.0541
Netherlands,NLD,2024-03-16 16:00:00,2024-03-16 17:00:00,0.0809
Netherlands,NLD,2024-03-16 17:00:00,2024-03-16 18:00:00,0.097
Netherlands,NLD,2024-03-16 18:00:00,2024-03-16 19:00:00,0.10909999999999999
Netherlands,NLD,2024-03-16 19:00:00,2024-03-16 20:00:00,0.094
Netherlands,NLD,2024-03-16 20:00:00,2024-03-16 21:00:00,0.07468000000000001
Netherlands,NLD,2024-03-16 21:00:00,2024-03-16 22:00:00,0.07479999999999999
Netherlands,NLD,2024-03-16 22:00:00,2024-03-16 23:00:00,0.06709999999999999
Netherlands,NLD,2024-03-16 23:00:00,2024-03-17 00:00:00,0.06498999999999999
Netherlands,NLD,2024-03-17 00:00:00,2024-03-17 01:00:00,0.060899999999999996
Netherlands,NLD,2024-03-17 01:00:00,2024-03-17 02:00:00,0.05583
Netherlands,NLD,2024-03-17 02:00:00,2024-03-17 03:00:00,0.05747
Netherlands,NLD,2024-03-17 03:00:00,2024-03-17 04:00:00,0.058159999999999996
Netherlands,NLD,2024-03-17 04:00:00,2024-03-17 05:00:00,0.0599
Netherlands,NLD,2024-03-17 05:00:00,2024-03-17 06:00:00,0.0601
Netherlands,NLD,2024-03-17 06:00:00,2024-03-17 07:00:00,0.056600000000000004
Netherlands,NLD,2024-03-17 07:00:00,2024-03-17 08:00:00,0.05
Netherlands,NLD,2024-03-17 08:00:00,2024-03-17 09:00:00,0.04772
Netherlands,NLD,2024-03-17 09:00:00,2024-03-17 10:00:00,0.04661
Netherlands,NLD,2024-03-17 10:00:00,2024-03-17 11:00:00,0.04683
Netherlands,NLD,2024-03-17 11:00:00,2024-03-17 12:00:00,0.04215
Netherlands,NLD,2024-03-17 12:00:00,2024-03-17 13:00:00,0.041
Netherlands,NLD,2024-03-17 13:00:00,2024-03-17 14:00:00,0.049890000000000004
Netherlands,NLD,2024-03-17 14:00:00,2024-03-17 15:00:00,0.0582
Netherlands,NLD,2024-03-17 15:00:00,2024-03-17 16:00:00,0.06598000000000001
Netherlands,NLD,2024-03-17 16:00:00,2024-03-17 17:00:00,0.0828
Netherlands,NLD,2024-03-17 17:00:00,2024-03-17 18:00:00,0.0872
Netherlands,NLD,2024-03-17 18:00:00,2024-03-17 19:00:00,0.08694
Netherlands,NLD,2024-03-17 19:00:00,2024-03-17 20:00:00,0.07789
Netherlands,NLD,2024-03-17 20:00:00,2024-03-17 21:00:00,0.07232999999999999
Netherlands,NLD,2024-03-17 21:00:00,2024-03-17 22:00:00,0.0721
Netherlands,NLD,2024-03-17 22:00:00,2024-03-17 23:00:00,0.06591
Netherlands,NLD,2024-03-17 23:00:00,2024-03-18 00:00:00,0.06412000000000001
Netherlands,NLD,2024-03-18 00:00:00,2024-03-18 01:00:00,0.05714
Netherlands,NLD,2024-03-18 01:00:00,2024-03-18 02:00:00,0.05831
Netherlands,NLD,2024-03-18 02:00:00,2024-03-18 03:00:00,0.057460000000000004
Netherlands,NLD,2024-03-18 03:00:00,2024-03-18 04:00:00,0.060770000000000005
Netherlands,NLD,2024-03-18 04:00:00,2024-03-18 05:00:00,0.06368
Netherlands,NLD,2024-03-18 05:00:00,2024-03-18 06:00:00,0.07928
Netherlands,NLD,2024-03-18 06:00:00,2024-03-18 07:00:00,0.09765
Netherlands,NLD,2024-03-18 07:00:00,2024-03-18 08:00:00,0.09445
Netherlands,NLD,2024-03-18 08:00:00,2024-03-18 09:00:00,0.0828
Netherlands,NLD,2024-03-18 09:00:00,2024-03-18 10:00:00,0.07282999999999999
Netherlands,NLD,2024-03-18 10:00:00,2024-03-18 11:00:00,0.06664
Netherlands,NLD,2024-03-18 11:00:00,2024-03-18 12:00:00,0.0665
Netherlands,NLD,2024-03-18 12:00:00,2024-03-18 13:00:00,0.06367
Netherlands,NLD,2024-03-18 13:00:00,2024-03-18 14:00:00,0.060200000000000004
Netherlands,NLD,2024-03-18 14:00:00,2024-03-18 15:00:00,0.065
Netherlands,NLD,2024-03-18 15:00:00,2024-03-18 16:00:00,0.0704
Netherlands,NLD,2024-03-18 16:00:00,2024-03-18 17:00:00,0.09233
Netherlands,NLD,2024-03-18 17:00:00,2024-03-18 18:00:00,0.12919999999999998
Netherlands,NLD,2024-03-18 18:00:00,2024-03-18 19:00:00,0.12623
Netherlands,NLD,2024-03-18 19:00:00,2024-03-18 20:00:00,0.10304
Netherlands,NLD,2024-03-18 20:00:00,2024-03-18 21:00:00,0.07973999999999999
Netherlands,NLD,2024-03-18 21:00:00,2024-03-18 22:00:00,0.07759999999999999
Netherlands,NLD,2024-03-18 22:00:00,2024-03-18 23:00:00,0.07352
Netherlands,NLD,2024-03-18 23:00:00,2024-03-19 00:00:00,0.07148
Netherlands,NLD,2024-03-19 00:00:00,2024-03-19 01:00:00,0.0699
Netherlands,NLD,2024-03-19 01:00:00,2024-03-19 02:00:00,0.06875
Netherlands,NLD,2024-03-19 02:00:00,2024-03-19 03:00:00,0.06745999999999999
Netherlands,NLD,2024-03-19 03:00:00,2024-03-19 04:00:00,0.06670000000000001
Netherlands,NLD,2024-03-19 04:00:00,2024-03-19 05:00:00,0.06755
Netherlands,NLD,2024-03-19 05:00:00,2024-03-19 06:00:00,0.0848
Netherlands,NLD,2024-03-19 06:00:00,2024-03-19 07:00:00,0.10853
Netherlands,NLD,2024-03-19 07:00:00,2024-03-19 08:00:00,0.09587000000000001
Netherlands,NLD,2024-03-19 08:00:00,2024-03-19 09:00:00,0.07206
Netherlands,NLD,2024-03-19 09:00:00,2024-03-19 10:00:00,0.06409999999999999
Netherlands,NLD,2024-03-19 10:00:00,2024-03-19 11:00:00,0.056850000000000005
Netherlands,NLD,2024-03-19 11:00:00,2024-03-19 12:00:00,0.05273
Netherlands,NLD,2024-03-19 12:00:00,2024-03-19 13:00:00,0.05166
Netherlands,NLD,2024-03-19 13:00:00,2024-03-19 14:00:00,0.05354
Netherlands,NLD,2024-03-19 14:00:00,2024-03-19 15:00:00,0.062299999999999994
Netherlands,NLD,2024-03-19 15:00:00,2024-03-19 16:00:00,0.06484999999999999
Netherlands,NLD,2024-03-19 16:00:00,2024-03-19 17:00:00,0.0907
Netherlands,NLD,2024-03-19 17:00:00,2024-03-19 18:00:00,0.10875
Netherlands,NLD,2024-03-19 18:00:00,2024-03-19 19:00:00,0.12896000000000002
Netherlands,NLD,2024-03-19 19:00:00,2024-03-19 20:00:00,0.11
Netherlands,NLD,2024-03-19 20:00:00,2024-03-19 21:00:00,0.08904000000000001
Netherlands,NLD,2024-03-19 21:00:00,2024-03-19 22:00:00,0.08173
Netherlands,NLD,2024-03-19 22:00:00,2024-03-19 23:00:00,0.0761
Netherlands,NLD,2024-03-19 23:00:00,2024-03-20 00:00:00,0.07601000000000001
Netherlands,NLD,2024-03-20 00:00:00,2024-03-20 01:00:00,0.07245
Netherlands,NLD,2024-03-20 01:00:00,2024-03-20 02:00:00,0.07195
Netherlands,NLD,2024-03-20 02:00:00,2024-03-20 03:00:00,0.0703
Netherlands,NLD,2024-03-20 03:00:00,2024-03-20 04:00:00,0.07152
Netherlands,NLD,2024-03-20 04:00:00,2024-03-20 05:00:00,0.07709999999999999
Netherlands,NLD,2024-03-20 05:00:00,2024-03-20 06:00:00,0.1071
Netherlands,NLD,2024-03-20 06:00:00,2024-03-20 07:00:00,0.11269
Netherlands,NLD,2024-03-20 07:00:00,2024-03-20 08:00:00,0.09933
Netherlands,NLD,2024-03-20 08:00:00,2024-03-20 09:00:00,0.07141
Netherlands,NLD,2024-03-20 09:00:00,2024-03-20 10:00:00,0.066
Netherlands,NLD,2024-03-20 10:00:00,2024-03-20 11:00:00,0.06411
Netherlands,NLD,2024-03-20 11:00:00,2024-03-20 12:00:00,0.06411
Netherlands,NLD,2024-03-20 12:00:00,2024-03-20 13:00:00,0.06777
Netherlands,NLD,2024-03-20 13:00:00,2024-03-20 14:00:00,0.065
Netherlands,NLD,2024-03-20 14:00:00,2024-03-20 15:00:00,0.0719
Netherlands,NLD,2024-03-20 15:00:00,2024-03-20 16:00:00,0.085
Netherlands,NLD,2024-03-20 16:00:00,2024-03-20 17:00:00,0.116
Netherlands,NLD,2024-03-20 17:00:00,2024-03-20 18:00:00,0.16372
Netherlands,NLD,2024-03-20 18:00:00,2024-03-20 19:00:00,0.15493
Netherlands,NLD,2024-03-20 19:00:00,2024-03-20 20:00:00,0.12262999999999999
Netherlands,NLD,2024-03-20 20:00:00,2024-03-20 21:00:00,0.10488
Netherlands,NLD,2024-03-20 21:00:00,2024-03-20 22:00:00,0.093
Netherlands,NLD,2024-03-20 22:00:00,2024-03-20 23:00:00,0.07998000000000001
Netherlands,NLD,2024-03-20 23:00:00,2024-03-21 00:00:00,0.07454999999999999
Netherlands,NLD,2024-03-21 00:00:00,2024-03-21 01:00:00,0.0737
Netherlands,NLD,2024-03-21 01:00:00,2024-03-21 02:00:00,0.07
Netherlands,NLD,2024-03-21 02:00:00,2024-03-21 03:00:00,0.06656999999999999
Netherlands,NLD,2024-03-21 03:00:00,2024-03-21 04:00:00,0.06253
Netherlands,NLD,2024-03-21 04:00:00,2024-03-21 05:00:00,0.06468
Netherlands,NLD,2024-03-21 05:00:00,2024-03-21 06:00:00,0.081
Netherlands,NLD,2024-03-21 06:00:00,2024-03-21 07:00:00,0.0959
Netherlands,NLD,2024-03-21 07:00:00,2024-03-21 08:00:00,0.1046
Netherlands,NLD,2024-03-21 08:00:00,2024-03-21 09:00:00,0.08119
Netherlands,NLD,2024-03-21 09:00:00,2024-03-21 10:00:00,0.0747
Netherlands,NLD,2024-03-21 10:00:00,2024-03-21 11:00:00,0.06803000000000001
Netherlands,NLD,2024-03-21 11:00:00,2024-03-21 12:00:00,0.06584999999999999
Netherlands,NLD,2024-03-21 12:00:00,2024-03-21 13:00:00,0.05874
Netherlands,NLD,2024-03-21 13:00:00,2024-03-21 14:00:00,0.0644
Netherlands,NLD,2024-03-21 14:00:00,2024-03-21 15:00:00,0.05908
Netherlands,NLD,2024-03-21 15:00:00,2024-03-21 16:00:00,0.06891
Netherlands,NLD,2024-03-21 16:00:00,2024-03-21 17:00:00,0.09197
Netherlands,NLD,2024-03-21 17:00:00,2024-03-21 18:00:00,0.12101
Netherlands,NLD,2024-03-21 18:00:00,2024-03-21 19:00:00,0.12068999999999999
Netherlands,NLD,2024-03-21 19:00:00,2024-03-21 20:00:00,0.09308
Netherlands,NLD,2024-03-21 20:00:00,2024-03-21 21:00:00,0.07626999999999999
Netherlands,NLD,2024-03-21 21:00:00,2024-03-21 22:00:00,0.07245
Netherlands,NLD,2024-03-21 22:00:00,2024-03-21 23:00:00,0.06491
Netherlands,NLD,2024-03-21 23:00:00,2024-03-22 00:00:00,0.05239
Netherlands,NLD,2024-03-22 00:00:00,2024-03-22 01:00:00,0.048960000000000004
Netherlands,NLD,2024-03-22 01:00:00,2024-03-22 02:00:00,0.046299999999999994
Netherlands,NLD,2024-03-22 02:00:00,2024-03-22 03:00:00,0.046060000000000004
Netherlands,NLD,2024-03-22 03:00:00,2024-03-22 04:00:00,0.045399999999999996
Netherlands,NLD,2024-03-22 04:00:00,2024-03-22 05:00:00,0.05125
Netherlands,NLD,2024-03-22 05:00:00,2024-03-22 06:00:00,0.0636
Netherlands,NLD,2024-03-22 06:00:00,2024-03-22 07:00:00,0.06427
Netherlands,NLD,2024-03-22 07:00:00,2024-03-22 08:00:00,0.06665
Netherlands,NLD,2024-03-22 08:00:00,2024-03-22 09:00:00,0.057479999999999996
Netherlands,NLD,2024-03-22 09:00:00,2024-03-22 10:00:00,0.0639
Netherlands,NLD,2024-03-22 10:00:00,2024-03-22 11:00:00,0.055
Netherlands,NLD,2024-03-22 11:00:00,2024-03-22 12:00:00,0.052
Netherlands,NLD,2024-03-22 12:00:00,2024-03-22 13:00:00,0.05868
Netherlands,NLD,2024-03-22 13:00:00,2024-03-22 14:00:00,0.05917
Netherlands,NLD,2024-03-22 14:00:00,2024-03-22 15:00:00,0.066
Netherlands,NLD,2024-03-22 15:00:00,2024-03-22 16:00:00,0.07504000000000001
Netherlands,NLD,2024-03-22 16:00:00,2024-03-22 17:00:00,0.08738
Netherlands,NLD,2024-03-22 17:00:00,2024-03-22 18:00:00,0.1119
Netherlands,NLD,2024-03-22 18:00:00,2024-03-22 19:00:00,0.11218
Netherlands,NLD,2024-03-22 19:00:00,2024-03-22 20:00:00,0.09481
Netherlands,NLD,2024-03-22 20:00:00,2024-03-22 21:00:00,0.07464
Netherlands,NLD,2024-03-22 21:00:00,2024-03-22 22:00:00,0.0732
Netherlands,NLD,2024-03-22 22:00:00,2024-03-22 23:00:00,0.06984
Netherlands,NLD,2024-03-22 23:00:00,2024-03-23 00:00:00,0.07088
Netherlands,NLD,2024-03-23 00:00:00,2024-03-23 01:00:00,0.06614
Netherlands,NLD,2024-03-23 01:00:00,2024-03-23 02:00:00,0.05646
Netherlands,NLD,2024-03-23 02:00:00,2024-03-23 03:00:00,0.04999
Netherlands,NLD,2024-03-23 03:00:00,2024-03-23 04:00:00,0.05211
Netherlands,NLD,2024-03-23 04:00:00,2024-03-23 05:00:00,0.05194
Netherlands,NLD,2024-03-23 05:00:00,2024-03-23 06:00:00,0.047869999999999996
Netherlands,NLD,2024-03-23 06:00:00,2024-03-23 07:00:00,0.04348
Netherlands,NLD,2024-03-23 07:00:00,2024-03-23 08:00:00,0.03459
Netherlands,NLD,2024-03-23 08:00:00,2024-03-23 09:00:00,0.01119
Netherlands,NLD,2024-03-23 09:00:00,2024-03-23 10:00:00,0.0
Netherlands,NLD,2024-03-23 10:00:00,2024-03-23 11:00:00,-0.0001
Netherlands,NLD,2024-03-23 11:00:00,2024-03-23 12:00:00,-0.00501
Netherlands,NLD,2024-03-23 12:00:00,2024-03-23 13:00:00,-0.01
Netherlands,NLD,2024-03-23 13:00:00,2024-03-23 14:00:00,-0.009439999999999999
Netherlands,NLD,2024-03-23 14:00:00,2024-03-23 15:00:00,-0.00298
Netherlands,NLD,2024-03-23 15:00:00,2024-03-23 16:00:00,-0.0023599999999999997
Netherlands,NLD,2024-03-23 16:00:00,2024-03-23 17:00:00,0.03768
Netherlands,NLD,2024-03-23 17:00:00,2024-03-23 18:00:00,0.062020000000000006
Netherlands,NLD,2024-03-23 18:00:00,2024-03-23 19:00:00,0.06720000000000001
Netherlands,NLD,2024-03-23 19:00:00,2024-03-23 20:00:00,0.05294
Netherlands,NLD,2024-03-23 20:00:00,2024-03-23 21:00:00,0.045840000000000006
Netherlands,NLD,2024-03-23 21:00:00,2024-03-23 22:00:00,0.038520000000000006
Netherlands,NLD,2024-03-23 22:00:00,2024-03-23 23:00:00,0.0275
Netherlands,NLD,2024-03-23 23:00:00,2024-03-24 00:00:00,0.027170000000000003
Netherlands,NLD,2024-03-24 00:00:00,2024-03-24 01:00:00,0.01167
Netherlands,NLD,2024-03-24 01:00:00,2024-03-24 02:00:00,0.0083
Netherlands,NLD,2024-03-24 02:00:00,2024-03-24 03:00:00,0.013470000000000001
Netherlands,NLD,2024-03-24 03:00:00,2024-03-24 04:00:00,0.01491
Netherlands,NLD,2024-03-24 04:00:00,2024-03-24 05:00:00,0.01718
Netherlands,NLD,2024-03-24 05:00:00,2024-03-24 06:00:00,0.01141
Netherlands,NLD,2024-03-24 06:00:00,2024-03-24 07:00:00,0.0011899999999999999
Netherlands,NLD,2024-03-24 07:00:00,2024-03-24 08:00:00,0.0
Netherlands,NLD,2024-03-24 08:00:00,2024-03-24 09:00:00,0.0
Netherlands,NLD,2024-03-24 09:00:00,2024-03-24 10:00:00,0.0
Netherlands,NLD,2024-03-24 10:00:00,2024-03-24 11:00:00,0.0
Netherlands,NLD,2024-03-24 11:00:00,2024-03-24 12:00:00,0.0
Netherlands,NLD,2024-03-24 12:00:00,2024-03-24 13:00:00,0.0
Netherlands,NLD,2024-03-24 13:00:00,2024-03-24 14:00:00,0.0
Netherlands,NLD,2024-03-24 14:00:00,2024-03-24 15:00:00,0.0
Netherlands,NLD,2024-03-24 15:00:00,2024-03-24 16:00:00,0.0116
Netherlands,NLD,2024-03-24 16:00:00,2024-03-24 17:00:00,0.05
Netherlands,NLD,2024-03-24 17:00:00,2024-03-24 18:00:00,0.07157
Netherlands,NLD,2024-03-24 18:00:00,2024-03-24 19:00:00,0.07634
Netherlands,NLD,2024-03-24 19:00:00,2024-03-24 20:00:00,0.06711
Netherlands,NLD,2024-03-24 20:00:00,2024-03-24 21:00:00,0.06497
Netherlands,NLD,2024-03-24 21:00:00,2024-03-24 22:00:00,0.06447
Netherlands,NLD,2024-03-24 22:00:00,2024-03-24 23:00:00,0.064
Netherlands,NLD,2024-03-24 23:00:00,2024-03-25 00:00:00,0.0629
Netherlands,NLD,2024-03-25 00:00:00,2024-03-25 01:00:00,0.06509999999999999
Netherlands,NLD,2024-03-25 01:00:00,2024-03-25 02:00:00,0.07
Netherlands,NLD,2024-03-25 02:00:00,2024-03-25 03:00:00,0.0731
Netherlands,NLD,2024-03-25 03:00:00,2024-03-25 04:00:00,0.06703
Netherlands,NLD,2024-03-25 04:00:00,2024-03-25 05:00:00,0.07714
Netherlands,NLD,2024-03-25 05:00:00,2024-03-25 06:00:00,0.08777
Netherlands,NLD,2024-03-25 06:00:00,2024-03-25 07:00:00,0.11387
Netherlands,NLD,2024-03-25 07:00:00,2024-03-25 08:00:00,0.09968
Netherlands,NLD,2024-03-25 08:00:00,2024-03-25 09:00:00,0.07415000000000001
Netherlands,NLD,2024-03-25 09:00:00,2024-03-25 10:00:00,0.06695999999999999
Netherlands,NLD,2024-03-25 10:00:00,2024-03-25 11:00:00,0.060950000000000004
Netherlands,NLD,2024-03-25 11:00:00,2024-03-25 12:00:00,0.05911
Netherlands,NLD,2024-03-25 12:00:00,2024-03-25 13:00:00,0.0593
Netherlands,NLD,2024-03-25 13:00:00,2024-03-25 14:00:00,0.06104
Netherlands,NLD,2024-03-25 14:00:00,2024-03-25 15:00:00,0.06884
Netherlands,NLD,2024-03-25 15:00:00,2024-03-25 16:00:00,0.0745
Netherlands,NLD,2024-03-25 16:00:00,2024-03-25 17:00:00,0.0987
Netherlands,NLD,2024-03-25 17:00:00,2024-03-25 18:00:00,0.155
Netherlands,NLD,2024-03-25 18:00:00,2024-03-25 19:00:00,0.138
Netherlands,NLD,2024-03-25 19:00:00,2024-03-25 20:00:00,0.0869
Netherlands,NLD,2024-03-25 20:00:00,2024-03-25 21:00:00,0.07038
Netherlands,NLD,2024-03-25 21:00:00,2024-03-25 22:00:00,0.0704
Netherlands,NLD,2024-03-25 22:00:00,2024-03-25 23:00:00,0.06877
Netherlands,NLD,2024-03-25 23:00:00,2024-03-26 00:00:00,0.073
Netherlands,NLD,2024-03-26 00:00:00,2024-03-26 01:00:00,0.0658
Netherlands,NLD,2024-03-26 01:00:00,2024-03-26 02:00:00,0.0643
Netherlands,NLD,2024-03-26 02:00:00,2024-03-26 03:00:00,0.066
Netherlands,NLD,2024-03-26 03:00:00,2024-03-26 04:00:00,0.06404
Netherlands,NLD,2024-03-26 04:00:00,2024-03-26 05:00:00,0.06727
Netherlands,NLD,2024-03-26 05:00:00,2024-03-26 06:00:00,0.07533
Netherlands,NLD,2024-03-26 06:00:00,2024-03-26 07:00:00,0.0792
Netherlands,NLD,2024-03-26 07:00:00,2024-03-26 08:00:00,0.0721
Netherlands,NLD,2024-03-26 08:00:00,2024-03-26 09:00:00,0.062
Netherlands,NLD,2024-03-26 09:00:00,2024-03-26 10:00:00,0.0495
Netherlands,NLD,2024-03-26 10:00:00,2024-03-26 11:00:00,0.03703
Netherlands,NLD,2024-03-26 11:00:00,2024-03-26 12:00:00,0.01348
Netherlands,NLD,2024-03-26 12:00:00,2024-03-26 13:00:00,0.027620000000000002
Netherlands,NLD,2024-03-26 13:00:00,2024-03-26 14:00:00,0.0371
Netherlands,NLD,2024-03-26 14:00:00,2024-03-26 15:00:00,0.05193
Netherlands,NLD,2024-03-26 15:00:00,2024-03-26 16:00:00,0.07404999999999999
Netherlands,NLD,2024-03-26 16:00:00,2024-03-26 17:00:00,0.1067
Netherlands,NLD,2024-03-26 17:00:00,2024-03-26 18:00:00,0.116
Netherlands,NLD,2024-03-26 18:00:00,2024-03-26 19:00:00,0.1003
Netherlands,NLD,2024-03-26 19:00:00,2024-03-26 20:00:00,0.08
Netherlands,NLD,2024-03-26 20:00:00,2024-03-26 21:00:00,0.08220000000000001
Netherlands,NLD,2024-03-26 21:00:00,2024-03-26 22:00:00,0.07440000000000001
Netherlands,NLD,2024-03-26 22:00:00,2024-03-26 23:00:00,0.06692000000000001
Netherlands,NLD,2024-03-26 23:00:00,2024-03-27 00:00:00,0.05835
Netherlands,NLD,2024-03-27 00:00:00,2024-03-27 01:00:00,0.05709
Netherlands,NLD,2024-03-27 01:00:00,2024-03-27 02:00:00,0.057280000000000005
Netherlands,NLD,2024-03-27 02:00:00,2024-03-27 03:00:00,0.05559
Netherlands,NLD,2024-03-27 03:00:00,2024-03-27 04:00:00,0.05687
Netherlands,NLD,2024-03-27 04:00:00,2024-03-27 05:00:00,0.06452
Netherlands,NLD,2024-03-27 05:00:00,2024-03-27 06:00:00,0.07878
Netherlands,NLD,2024-03-27 06:00:00,2024-03-27 07:00:00,0.08277
Netherlands,NLD,2024-03-27 07:00:00,2024-03-27 08:00:00,0.07983
Netherlands,NLD,2024-03-27 08:00:00,2024-03-27 09:00:00,0.06833
Netherlands,NLD,2024-03-27 09:00:00,2024-03-27 10:00:00,0.06394
Netherlands,NLD,2024-03-27 10:00:00,2024-03-27 11:00:00,0.05814
Netherlands,NLD,2024-03-27 11:00:00,2024-03-27 12:00:00,0.057659999999999996
Netherlands,NLD,2024-03-27 12:00:00,2024-03-27 13:00:00,0.059539999999999996
Netherlands,NLD,2024-03-27 13:00:00,2024-03-27 14:00:00,0.061450000000000005
Netherlands,NLD,2024-03-27 14:00:00,2024-03-27 15:00:00,0.07390000000000001
Netherlands,NLD,2024-03-27 15:00:00,2024-03-27 16:00:00,0.076
Netherlands,NLD,2024-03-27 16:00:00,2024-03-27 17:00:00,0.09444
Netherlands,NLD,2024-03-27 17:00:00,2024-03-27 18:00:00,0.12042
Netherlands,NLD,2024-03-27 18:00:00,2024-03-27 19:00:00,0.11688
Netherlands,NLD,2024-03-27 19:00:00,2024-03-27 20:00:00,0.09723000000000001
Netherlands,NLD,2024-03-27 20:00:00,2024-03-27 21:00:00,0.07934999999999999
Netherlands,NLD,2024-03-27 21:00:00,2024-03-27 22:00:00,0.07947
Netherlands,NLD,2024-03-27 22:00:00,2024-03-27 23:00:00,0.074
Netherlands,NLD,2024-03-27 23:00:00,2024-03-28 00:00:00,0.07451
Netherlands,NLD,2024-03-28 00:00:00,2024-03-28 01:00:00,0.062189999999999995
Netherlands,NLD,2024-03-28 01:00:00,2024-03-28 02:00:00,0.05727
Netherlands,NLD,2024-03-28 02:00:00,2024-03-28 03:00:00,0.05579
Netherlands,NLD,2024-03-28 03:00:00,2024-03-28 04:00:00,0.0555
Netherlands,NLD,2024-03-28 04:00:00,2024-03-28 05:00:00,0.05752
Netherlands,NLD,2024-03-28 05:00:00,2024-03-28 06:00:00,0.06899
Netherlands,NLD,2024-03-28 06:00:00,2024-03-28 07:00:00,0.07604999999999999
Netherlands,NLD,2024-03-28 07:00:00,2024-03-28 08:00:00,0.07303
Netherlands,NLD,2024-03-28 08:00:00,2024-03-28 09:00:00,0.05809
Netherlands,NLD,2024-03-28 09:00:00,2024-03-28 10:00:00,0.040100000000000004
Netherlands,NLD,2024-03-28 10:00:00,2024-03-28 11:00:00,0.03136
Netherlands,NLD,2024-03-28 11:00:00,2024-03-28 12:00:00,0.006730000000000001
Netherlands,NLD,2024-03-28 12:00:00,2024-03-28 13:00:00,5e-05
Netherlands,NLD,2024-03-28 13:00:00,2024-03-28 14:00:00,0.0
Netherlands,NLD,2024-03-28 14:00:00,2024-03-28 15:00:00,0.00866
Netherlands,NLD,2024-03-28 15:00:00,2024-03-28 16:00:00,0.02718
Netherlands,NLD,2024-03-28 16:00:00,2024-03-28 17:00:00,0.04309
Netherlands,NLD,2024-03-28 17:00:00,2024-03-28 18:00:00,0.06368
Netherlands,NLD,2024-03-28 18:00:00,2024-03-28 19:00:00,0.06809
Netherlands,NLD,2024-03-28 19:00:00,2024-03-28 20:00:00,0.05681
Netherlands,NLD,2024-03-28 20:00:00,2024-03-28 21:00:00,0.04489
Netherlands,NLD,2024-03-28 21:00:00,2024-03-28 22:00:00,0.03276
Netherlands,NLD,2024-03-28 22:00:00,2024-03-28 23:00:00,0.025
Netherlands,NLD,2024-03-28 23:00:00,2024-03-29 00:00:00,0.0206
Netherlands,NLD,2024-03-29 00:00:00,2024-03-29 01:00:00,0.01883
Netherlands,NLD,2024-03-29 01:00:00,2024-03-29 02:00:00,0.01243
Netherlands,NLD,2024-03-29 02:00:00,2024-03-29 03:00:00,0.01024
Netherlands,NLD,2024-03-29 03:00:00,2024-03-29 04:00:00,0.01259
Netherlands,NLD,2024-03-29 04:00:00,2024-03-29 05:00:00,0.014320000000000001
Netherlands,NLD,2024-03-29 05:00:00,2024-03-29 06:00:00,0.022019999999999998
Netherlands,NLD,2024-03-29 06:00:00,2024-03-29 07:00:00,0.0549
Netherlands,NLD,2024-03-29 07:00:00,2024-03-29 08:00:00,0.0793
Netherlands,NLD,2024-03-29 08:00:00,2024-03-29 09:00:00,0.0636
Netherlands,NLD,2024-03-29 09:00:00,2024-03-29 10:00:00,0.0299
Netherlands,NLD,2024-03-29 10:00:00,2024-03-29 11:00:00,0.01881
Netherlands,NLD,2024-03-29 11:00:00,2024-03-29 12:00:00,0.01299
Netherlands,NLD,2024-03-29 12:00:00,2024-03-29 13:00:00,0.009859999999999999
Netherlands,NLD,2024-03-29 13:00:00,2024-03-29 14:00:00,0.013439999999999999
Netherlands,NLD,2024-03-29 14:00:00,2024-03-29 15:00:00,0.02114
Netherlands,NLD,2024-03-29 15:00:00,2024-03-29 16:00:00,0.04387
Netherlands,NLD,2024-03-29 16:00:00,2024-03-29 17:00:00,0.07544
Netherlands,NLD,2024-03-29 17:00:00,2024-03-29 18:00:00,0.10162
Netherlands,NLD,2024-03-29 18:00:00,2024-03-29 19:00:00,0.108
Netherlands,NLD,2024-03-29 19:00:00,2024-03-29 20:00:00,0.0874
Netherlands,NLD,2024-03-29 20:00:00,2024-03-29 21:00:00,0.0799
Netherlands,NLD,2024-03-29 21:00:00,2024-03-29 22:00:00,0.07589
Netherlands,NLD,2024-03-29 22:00:00,2024-03-29 23:00:00,0.07
Netherlands,NLD,2024-03-29 23:00:00,2024-03-30 00:00:00,0.0693
Netherlands,NLD,2024-03-30 00:00:00,2024-03-30 01:00:00,0.058159999999999996
Netherlands,NLD,2024-03-30 01:00:00,2024-03-30 02:00:00,0.06811
Netherlands,NLD,2024-03-30 02:00:00,2024-03-30 03:00:00,0.0658
Netherlands,NLD,2024-03-30 03:00:00,2024-03-30 04:00:00,0.084
Netherlands,NLD,2024-03-30 04:00:00,2024-03-30 05:00:00,0.06505
Netherlands,NLD,2024-03-30 05:00:00,2024-03-30 06:00:00,0.06989
Netherlands,NLD,2024-03-30 06:00:00,2024-03-30 07:00:00,0.07262
Netherlands,NLD,2024-03-30 07:00:00,2024-03-30 08:00:00,0.05
Netherlands,NLD,2024-03-30 08:00:00,2024-03-30 09:00:00,0.05439
Netherlands,NLD,2024-03-30 09:00:00,2024-03-30 10:00:00,0.03615
Netherlands,NLD,2024-03-30 10:00:00,2024-03-30 11:00:00,0.025
Netherlands,NLD,2024-03-30 11:00:00,2024-03-30 12:00:00,0.02574
Netherlands,NLD,2024-03-30 12:00:00,2024-03-30 13:00:00,0.01315
Netherlands,NLD,2024-03-30 13:00:00,2024-03-30 14:00:00,0.01587
Netherlands,NLD,2024-03-30 14:00:00,2024-03-30 15:00:00,0.03705
Netherlands,NLD,2024-03-30 15:00:00,2024-03-30 16:00:00,0.052520000000000004
Netherlands,NLD,2024-03-30 16:00:00,2024-03-30 17:00:00,0.0792
Netherlands,NLD,2024-03-30 17:00:00,2024-03-30 18:00:00,0.1013
Netherlands,NLD,2024-03-30 18:00:00,2024-03-30 19:00:00,0.13
Netherlands,NLD,2024-03-30 19:00:00,2024-03-30 20:00:00,0.11159999999999999
Netherlands,NLD,2024-03-30 20:00:00,2024-03-30 21:00:00,0.0808
Netherlands,NLD,2024-03-30 21:00:00,2024-03-30 22:00:00,0.07083
Netherlands,NLD,2024-03-30 22:00:00,2024-03-30 23:00:00,0.06573999999999999
Netherlands,NLD,2024-03-30 23:00:00,2024-03-31 00:00:00,0.08181000000000001
Netherlands,NLD,2024-03-31 00:00:00,2024-03-31 01:00:00,0.07457
Netherlands,NLD,2024-03-31 01:00:00,2024-03-31 03:00:00,0.06498000000000001
Netherlands,NLD,2024-03-31 02:00:00,2024-03-31 04:00:00,0.06568
Netherlands,NLD,2024-03-31 03:00:00,2024-03-31 05:00:00,0.06174
Netherlands,NLD,2024-03-31 04:00:00,2024-03-31 06:00:00,0.06875
Netherlands,NLD,2024-03-31 05:00:00,2024-03-31 07:00:00,0.07402
Netherlands,NLD,2024-03-31 06:00:00,2024-03-31 08:00:00,0.07074
Netherlands,NLD,2024-03-31 07:00:00,2024-03-31 09:00:00,0.05039
Netherlands,NLD,2024-03-31 08:00:00,2024-03-31 10:00:00,0.04
Netherlands,NLD,2024-03-31 09:00:00,2024-03-31 11:00:00,0.02784
Netherlands,NLD,2024-03-31 10:00:00,2024-03-31 12:00:00,0.01868
Netherlands,NLD,2024-03-31 11:00:00,2024-03-31 13:00:00,0.00281
Netherlands,NLD,2024-03-31 12:00:00,2024-03-31 14:00:00,0.0009699999999999999
Netherlands,NLD,2024-03-31 13:00:00,2024-03-31 15:00:00,0.01483
Netherlands,NLD,2024-03-31 14:00:00,2024-03-31 16:00:00,0.04107
Netherlands,NLD,2024-03-31 15:00:00,2024-03-31 17:00:00,0.06674
Netherlands,NLD,2024-03-31 16:00:00,2024-03-31 18:00:00,0.0868
Netherlands,NLD,2024-03-31 17:00:00,2024-03-31 19:00:00,0.11804
Netherlands,NLD,2024-03-31 18:00:00,2024-03-31 20:00:00,0.08372
Netherlands,NLD,2024-03-31 19:00:00,2024-03-31 21:00:00,0.06520000000000001
Netherlands,NLD,2024-03-31 20:00:00,2024-03-31 22:00:00,0.06055
Netherlands,NLD,2024-03-31 21:00:00,2024-03-31 23:00:00,0.0549
Netherlands,NLD,2024-03-31 22:00:00,2024-04-01 00:00:00,0.05103
Netherlands,NLD,2024-03-31 23:00:00,2024-04-01 01:00:00,0.048979999999999996
Netherlands,NLD,2024-04-01 00:00:00,2024-04-01 02:00:00,0.0451
Netherlands,NLD,2024-04-01 01:00:00,2024-04-01 03:00:00,0.04354
Netherlands,NLD,2024-04-01 02:00:00,2024-04-01 04:00:00,0.046560000000000004
Netherlands,NLD,2024-04-01 03:00:00,2024-04-01 05:00:00,0.05235
Netherlands,NLD,2024-04-01 04:00:00,2024-04-01 06:00:00,0.05526
Netherlands,NLD,2024-04-01 05:00:00,2024-04-01 07:00:00,0.05951
Netherlands,NLD,2024-04-01 06:00:00,2024-04-01 08:00:00,0.05871
Netherlands,NLD,2024-04-01 07:00:00,2024-04-01 09:00:00,0.06089
Netherlands,NLD,2024-04-01 08:00:00,2024-04-01 10:00:00,0.05296
Netherlands,NLD,2024-04-01 09:00:00,2024-04-01 11:00:00,0.048229999999999995
Netherlands,NLD,2024-04-01 10:00:00,2024-04-01 12:00:00,0.04875
Netherlands,NLD,2024-04-01 11:00:00,2024-04-01 13:00:00,2.9999999999999997e-05
Netherlands,NLD,2024-04-01 12:00:00,2024-04-01 14:00:00,-1e-05
Netherlands,NLD,2024-04-01 13:00:00,2024-04-01 15:00:00,-1e-05
Netherlands,NLD,2024-04-01 14:00:00,2024-04-01 16:00:00,-1e-05
Netherlands,NLD,2024-04-01 15:00:00,2024-04-01 17:00:00,0.00579
Netherlands,NLD,2024-04-01 16:00:00,2024-04-01 18:00:00,0.053
Netherlands,NLD,2024-04-01 17:00:00,2024-04-01 19:00:00,0.09
Netherlands,NLD,2024-04-01 18:00:00,2024-04-01 20:00:00,0.07989
Netherlands,NLD,2024-04-01 19:00:00,2024-04-01 21:00:00,0.05596
Netherlands,NLD,2024-04-01 20:00:00,2024-04-01 22:00:00,0.041
Netherlands,NLD,2024-04-01 21:00:00,2024-04-01 23:00:00,0.02963
Netherlands,NLD,2024-04-01 22:00:00,2024-04-02 00:00:00,0.046130000000000004
Netherlands,NLD,2024-04-01 23:00:00,2024-04-02 01:00:00,0.03633
Netherlands,NLD,2024-04-02 00:00:00,2024-04-02 02:00:00,0.016460000000000002
Netherlands,NLD,2024-04-02 01:00:00,2024-04-02 03:00:00,0.00754
Netherlands,NLD,2024-04-02 02:00:00,2024-04-02 04:00:00,0.0019399999999999999
Netherlands,NLD,2024-04-02 03:00:00,2024-04-02 05:00:00,0.0072699999999999996
Netherlands,NLD,2024-04-02 04:00:00,2024-04-02 06:00:00,0.05132
Netherlands,NLD,2024-04-02 05:00:00,2024-04-02 07:00:00,0.07098
Netherlands,NLD,2024-04-02 06:00:00,2024-04-02 08:00:00,0.06893
Netherlands,NLD,2024-04-02 07:00:00,2024-04-02 09:00:00,0.055170000000000004
Netherlands,NLD,2024-04-02 08:00:00,2024-04-02 10:00:00,0.030100000000000002
Netherlands,NLD,2024-04-02 09:00:00,2024-04-02 11:00:00,0.02491
Netherlands,NLD,2024-04-02 10:00:00,2024-04-02 12:00:00,0.005
Netherlands,NLD,2024-04-02 11:00:00,2024-04-02 13:00:00,0.0025
Netherlands,NLD,2024-04-02 12:00:00,2024-04-02 14:00:00,0.00017
Netherlands,NLD,2024-04-02 13:00:00,2024-04-02 15:00:00,0.0
Netherlands,NLD,2024-04-02 14:00:00,2024-04-02 16:00:00,0.00431
Netherlands,NLD,2024-04-02 15:00:00,2024-04-02 17:00:00,0.041460000000000004
Netherlands,NLD,2024-04-02 16:00:00,2024-04-02 18:00:00,0.0727
Netherlands,NLD,2024-04-02 17:00:00,2024-04-02 19:00:00,0.104
Netherlands,NLD,2024-04-02 18:00:00,2024-04-02 20:00:00,0.11
Netherlands,NLD,2024-04-02 19:00:00,2024-04-02 21:00:00,0.099
Netherlands,NLD,2024-04-02 20:00:00,2024-04-02 22:00:00,0.07626000000000001
Netherlands,NLD,2024-04-02 21:00:00,2024-04-02 23:00:00,0.07243000000000001
Netherlands,NLD,2024-04-02 22:00:00,2024-04-03 00:00:00,0.07274
Netherlands,NLD,2024-04-02 23:00:00,2024-04-03 01:00:00,0.06631000000000001
Netherlands,NLD,2024-04-03 00:00:00,2024-04-03 02:00:00,0.06264
Netherlands,NLD,2024-04-03 01:00:00,2024-04-03 03:00:00,0.06466
Netherlands,NLD,2024-04-03 02:00:00,2024-04-03 04:00:00,0.06489
Netherlands,NLD,2024-04-03 03:00:00,2024-04-03 05:00:00,0.06873
Netherlands,NLD,2024-04-03 04:00:00,2024-04-03 06:00:00,0.08294
Netherlands,NLD,2024-04-03 05:00:00,2024-04-03 07:00:00,0.10651999999999999
Netherlands,NLD,2024-04-03 06:00:00,2024-04-03 08:00:00,0.11793000000000001
Netherlands,NLD,2024-04-03 07:00:00,2024-04-03 09:00:00,0.10244
Netherlands,NLD,2024-04-03 08:00:00,2024-04-03 10:00:00,0.10735
Netherlands,NLD,2024-04-03 09:00:00,2024-04-03 11:00:00,0.09092
Netherlands,NLD,2024-04-03 10:00:00,2024-04-03 12:00:00,0.07872
Netherlands,NLD,2024-04-03 11:00:00,2024-04-03 13:00:00,0.0658
Netherlands,NLD,2024-04-03 12:00:00,2024-04-03 14:00:00,0.0589
Netherlands,NLD,2024-04-03 13:00:00,2024-04-03 15:00:00,0.05809
Netherlands,NLD,2024-04-03 14:00:00,2024-04-03 16:00:00,0.060969999999999996
Netherlands,NLD,2024-04-03 15:00:00,2024-04-03 17:00:00,0.07031
Netherlands,NLD,2024-04-03 16:00:00,2024-04-03 18:00:00,0.085
Netherlands,NLD,2024-04-03 17:00:00,2024-04-03 19:00:00,0.09169
Netherlands,NLD,2024-04-03 18:00:00,2024-04-03 20:00:00,0.09265000000000001
Netherlands,NLD,2024-04-03 19:00:00,2024-04-03 21:00:00,0.07071
Netherlands,NLD,2024-04-03 20:00:00,2024-04-03 22:00:00,0.06548999999999999
Netherlands,NLD,2024-04-03 21:00:00,2024-04-03 23:00:00,0.05533
Netherlands,NLD,2024-04-03 22:00:00,2024-04-04 00:00:00,0.04263
Netherlands,NLD,2024-04-03 23:00:00,2024-04-04 01:00:00,0.04028
Netherlands,NLD,2024-04-04 00:00:00,2024-04-04 02:00:00,0.03908
Netherlands,NLD,2024-04-04 01:00:00,2024-04-04 03:00:00,0.039670000000000004
Netherlands,NLD,2024-04-04 02:00:00,2024-04-04 04:00:00,0.04003
Netherlands,NLD,2024-04-04 03:00:00,2024-04-04 05:00:00,0.04307
Netherlands,NLD,2024-04-04 04:00:00,2024-04-04 06:00:00,0.05349
Netherlands,NLD,2024-04-04 05:00:00,2024-04-04 07:00:00,0.06547
Netherlands,NLD,2024-04-04 06:00:00,2024-04-04 08:00:00,0.07533
Netherlands,NLD,2024-04-04 07:00:00,2024-04-04 09:00:00,0.07179
Netherlands,NLD,2024-04-04 08:00:00,2024-04-04 10:00:00,0.06917
Netherlands,NLD,2024-04-04 09:00:00,2024-04-04 11:00:00,0.06306
Netherlands,NLD,2024-04-04 10:00:00,2024-04-04 12:00:00,0.051770000000000004
Netherlands,NLD,2024-04-04 11:00:00,2024-04-04 13:00:00,0.045880000000000004
Netherlands,NLD,2024-04-04 12:00:00,2024-04-04 14:00:00,0.045149999999999996
Netherlands,NLD,2024-04-04 13:00:00,2024-04-04 15:00:00,0.04417
Netherlands,NLD,2024-04-04 14:00:00,2024-04-04 16:00:00,0.044899999999999995
Netherlands,NLD,2024-04-04 15:00:00,2024-04-04 17:00:00,0.05675
Netherlands,NLD,2024-04-04 16:00:00,2024-04-04 18:00:00,0.06509999999999999
Netherlands,NLD,2024-04-04 17:00:00,2024-04-04 19:00:00,0.1037
Netherlands,NLD,2024-04-04 18:00:00,2024-04-04 20:00:00,0.0995
Netherlands,NLD,2024-04-04 19:00:00,2024-04-04 21:00:00,0.0757
Netherlands,NLD,2024-04-04 20:00:00,2024-04-04 22:00:00,0.067
Netherlands,NLD,2024-04-04 21:00:00,2024-04-04 23:00:00,0.05785
Netherlands,NLD,2024-04-04 22:00:00,2024-04-05 00:00:00,0.05812
Netherlands,NLD,2024-04-04 23:00:00,2024-04-05 01:00:00,0.05446
Netherlands,NLD,2024-04-05 00:00:00,2024-04-05 02:00:00,0.05004
Netherlands,NLD,2024-04-05 01:00:00,2024-04-05 03:00:00,0.047979999999999995
Netherlands,NLD,2024-04-05 02:00:00,2024-04-05 04:00:00,0.047369999999999995
Netherlands,NLD,2024-04-05 03:00:00,2024-04-05 05:00:00,0.052
Netherlands,NLD,2024-04-05 04:00:00,2024-04-05 06:00:00,0.06253
Netherlands,NLD,2024-04-05 05:00:00,2024-04-05 07:00:00,0.07679000000000001
Netherlands,NLD,2024-04-05 06:00:00,2024-04-05 08:00:00,0.08
Netherlands,NLD,2024-04-05 07:00:00,2024-04-05 09:00:00,0.06759
Netherlands,NLD,2024-04-05 08:00:00,2024-04-05 10:00:00,0.05
Netherlands,NLD,2024-04-05 09:00:00,2024-04-05 11:00:00,0.0237
Netherlands,NLD,2024-04-05 10:00:00,2024-04-05 12:00:00,0.00848
Netherlands,NLD,2024-04-05 11:00:00,2024-04-05 13:00:00,0.0
Netherlands,NLD,2024-04-05 12:00:00,2024-04-05 14:00:00,-0.0002
Netherlands,NLD,2024-04-05 13:00:00,2024-04-05 15:00:00,-0.01007
Netherlands,NLD,2024-04-05 14:00:00,2024-04-05 16:00:00,-0.015
Netherlands,NLD,2024-04-05 15:00:00,2024-04-05 17:00:00,0.006
Netherlands,NLD,2024-04-05 16:00:00,2024-04-05 18:00:00,0.04466
Netherlands,NLD,2024-04-05 17:00:00,2024-04-05 19:00:00,0.0584
Netherlands,NLD,2024-04-05 18:00:00,2024-04-05 20:00:00,0.06489
Netherlands,NLD,2024-04-05 19:00:00,2024-04-05 21:00:00,0.06294
Netherlands,NLD,2024-04-05 20:00:00,2024-04-05 22:00:00,0.05899
Netherlands,NLD,2024-04-05 21:00:00,2024-04-05 23:00:00,0.0502
Netherlands,NLD,2024-04-05 22:00:00,2024-04-06 00:00:00,0.04231
Netherlands,NLD,2024-04-05 23:00:00,2024-04-06 01:00:00,0.04378
Netherlands,NLD,2024-04-06 00:00:00,2024-04-06 02:00:00,0.044
Netherlands,NLD,2024-04-06 01:00:00,2024-04-06 03:00:00,0.04487
Netherlands,NLD,2024-04-06 02:00:00,2024-04-06 04:00:00,0.04809
Netherlands,NLD,2024-04-06 03:00:00,2024-04-06 05:00:00,0.04825
Netherlands,NLD,2024-04-06 04:00:00,2024-04-06 06:00:00,0.05001
Netherlands,NLD,2024-04-06 05:00:00,2024-04-06 07:00:00,0.05119
Netherlands,NLD,2024-04-06 06:00:00,2024-04-06 08:00:00,0.048
Netherlands,NLD,2024-04-06 07:00:00,2024-04-06 09:00:00,0.02716
Netherlands,NLD,2024-04-06 08:00:00,2024-04-06 10:00:00,-0.01486
Netherlands,NLD,2024-04-06 09:00:00,2024-04-06 11:00:00,-0.0221
Netherlands,NLD,2024-04-06 10:00:00,2024-04-06 12:00:00,-0.05
Netherlands,NLD,2024-04-06 11:00:00,2024-04-06 13:00:00,-0.12092
Netherlands,NLD,2024-04-06 12:00:00,2024-04-06 14:00:00,-0.1253
Netherlands,NLD,2024-04-06 13:00:00,2024-04-06 15:00:00,-0.05
Netherlands,NLD,2024-04-06 14:00:00,2024-04-06 16:00:00,-0.02
Netherlands,NLD,2024-04-06 15:00:00,2024-04-06 17:00:00,0.0
Netherlands,NLD,2024-04-06 16:00:00,2024-04-06 18:00:00,0.055920000000000004
Netherlands,NLD,2024-04-06 17:00:00,2024-04-06 19:00:00,0.0692
Netherlands,NLD,2024-04-06 18:00:00,2024-04-06 20:00:00,0.065
Netherlands,NLD,2024-04-06 19:00:00,2024-04-06 21:00:00,0.0649
Netherlands,NLD,2024-04-06 20:00:00,2024-04-06 22:00:00,0.0466
Netherlands,NLD,2024-04-06 21:00:00,2024-04-06 23:00:00,0.03
Netherlands,NLD,2024-04-06 22:00:00,2024-04-07 00:00:00,0.01024
Netherlands,NLD,2024-04-06 23:00:00,2024-04-07 01:00:00,8.999999999999999e-05
Netherlands,NLD,2024-04-07 00:00:00,2024-04-07 02:00:00,0.0
Netherlands,NLD,2024-04-07 01:00:00,2024-04-07 03:00:00,0.0
Netherlands,NLD,2024-04-07 02:00:00,2024-04-07 04:00:00,0.0
Netherlands,NLD,2024-04-07 03:00:00,2024-04-07 05:00:00,0.0
Netherlands,NLD,2024-04-07 04:00:00,2024-04-07 06:00:00,0.0
Netherlands,NLD,2024-04-07 05:00:00,2024-04-07 07:00:00,0.0
Netherlands,NLD,2024-04-07 06:00:00,2024-04-07 08:00:00,0.0
Netherlands,NLD,2024-04-07 07:00:00,2024-04-07 09:00:00,-1e-05
Netherlands,NLD,2024-04-07 08:00:00,2024-04-07 10:00:00,-0.01001
Netherlands,NLD,2024-04-07 09:00:00,2024-04-07 11:00:00,-0.021
Netherlands,NLD,2024-04-07 10:00:00,2024-04-07 12:00:00,-0.03491
Netherlands,NLD,2024-04-07 11:00:00,2024-04-07 13:00:00,-0.05
Netherlands,NLD,2024-04-07 12:00:00,2024-04-07 14:00:00,-0.049
Netherlands,NLD,2024-04-07 13:00:00,2024-04-07 15:00:00,-0.02
Netherlands,NLD,2024-04-07 14:00:00,2024-04-07 16:00:00,-0.00016
Netherlands,NLD,2024-04-07 15:00:00,2024-04-07 17:00:00,0.00428
Netherlands,NLD,2024-04-07 16:00:00,2024-04-07 18:00:00,0.05132
Netherlands,NLD,2024-04-07 17:00:00,2024-04-07 19:00:00,0.084
Netherlands,NLD,2024-04-07 18:00:00,2024-04-07 20:00:00,0.09093000000000001
Netherlands,NLD,2024-04-07 19:00:00,2024-04-07 21:00:00,0.08009999999999999
Netherlands,NLD,2024-04-07 20:00:00,2024-04-07 22:00:00,0.07531
Netherlands,NLD,2024-04-07 21:00:00,2024-04-07 23:00:00,0.06968
Netherlands,NLD,2024-04-07 22:00:00,2024-04-08 00:00:00,0.0701
Netherlands,NLD,2024-04-07 23:00:00,2024-04-08 01:00:00,0.06453
Netherlands,NLD,2024-04-08 00:00:00,2024-04-08 02:00:00,0.06391
Netherlands,NLD,2024-04-08 01:00:00,2024-04-08 03:00:00,0.06606000000000001
Netherlands,NLD,2024-04-08 02:00:00,2024-04-08 04:00:00,0.06649
Netherlands,NLD,2024-04-08 03:00:00,2024-04-08 05:00:00,0.06948
Netherlands,NLD,2024-04-08 04:00:00,2024-04-08 06:00:00,0.09319
Netherlands,NLD,2024-04-08 05:00:00,2024-04-08 07:00:00,0.14978
Netherlands,NLD,2024-04-08 06:00:00,2024-04-08 08:00:00,0.12852000000000002
Netherlands,NLD,2024-04-08 07:00:00,2024-04-08 09:00:00,0.08551
Netherlands,NLD,2024-04-08 08:00:00,2024-04-08 10:00:00,0.06989
Netherlands,NLD,2024-04-08 09:00:00,2024-04-08 11:00:00,0.06709999999999999
Netherlands,NLD,2024-04-08 10:00:00,2024-04-08 12:00:00,0.06470000000000001
Netherlands,NLD,2024-04-08 11:00:00,2024-04-08 13:00:00,0.06
Netherlands,NLD,2024-04-08 12:00:00,2024-04-08 14:00:00,0.057890000000000004
Netherlands,NLD,2024-04-08 13:00:00,2024-04-08 15:00:00,0.0634
Netherlands,NLD,2024-04-08 14:00:00,2024-04-08 16:00:00,0.07
Netherlands,NLD,2024-04-08 15:00:00,2024-04-08 17:00:00,0.07501000000000001
Netherlands,NLD,2024-04-08 16:00:00,2024-04-08 18:00:00,0.10490000000000001
Netherlands,NLD,2024-04-08 17:00:00,2024-04-08 19:00:00,0.1373
Netherlands,NLD,2024-04-08 18:00:00,2024-04-08 20:00:00,0.1248
Netherlands,NLD,2024-04-08 19:00:00,2024-04-08 21:00:00,0.08485
Netherlands,NLD,2024-04-08 20:00:00,2024-04-08 22:00:00,0.077
Netherlands,NLD,2024-04-08 21:00:00,2024-04-08 23:00:00,0.07556
Netherlands,NLD,2024-04-08 22:00:00,2024-04-09 00:00:00,0.08331000000000001
Netherlands,NLD,2024-04-08 23:00:00,2024-04-09 01:00:00,0.06939000000000001
Netherlands,NLD,2024-04-09 00:00:00,2024-04-09 02:00:00,0.06473000000000001
Netherlands,NLD,2024-04-09 01:00:00,2024-04-09 03:00:00,0.05902
Netherlands,NLD,2024-04-09 02:00:00,2024-04-09 04:00:00,0.060840000000000005
Netherlands,NLD,2024-04-09 03:00:00,2024-04-09 05:00:00,0.06548000000000001
Netherlands,NLD,2024-04-09 04:00:00,2024-04-09 06:00:00,0.0772
Netherlands,NLD,2024-04-09 05:00:00,2024-04-09 07:00:00,0.08995
Netherlands,NLD,2024-04-09 06:00:00,2024-04-09 08:00:00,0.07978
Netherlands,NLD,2024-04-09 07:00:00,2024-04-09 09:00:00,0.0683
Netherlands,NLD,2024-04-09 08:00:00,2024-04-09 10:00:00,0.0505
Netherlands,NLD,2024-04-09 09:00:00,2024-04-09 11:00:00,0.04287
Netherlands,NLD,2024-04-09 10:00:00,2024-04-09 12:00:00,0.032780000000000004
Netherlands,NLD,2024-04-09 11:00:00,2024-04-09 13:00:00,0.0070999999999999995
Netherlands,NLD,2024-04-09 12:00:00,2024-04-09 14:00:00,0.00756
Netherlands,NLD,2024-04-09 13:00:00,2024-04-09 15:00:00,0.0
Netherlands,NLD,2024-04-09 14:00:00,2024-04-09 16:00:00,0.0132
Netherlands,NLD,2024-04-09 15:00:00,2024-04-09 17:00:00,0.04072
Netherlands,NLD,2024-04-09 16:00:00,2024-04-09 18:00:00,0.0616
Netherlands,NLD,2024-04-09 17:00:00,2024-04-09 19:00:00,0.07351
Netherlands,NLD,2024-04-09 18:00:00,2024-04-09 20:00:00,0.07992
Netherlands,NLD,2024-04-09 19:00:00,2024-04-09 21:00:00,0.06664
Netherlands,NLD,2024-04-09 20:00:00,2024-04-09 22:00:00,0.05952
Netherlands,NLD,2024-04-09 21:00:00,2024-04-09 23:00:00,0.03454
Netherlands,NLD,2024-04-09 22:00:00,2024-04-10 00:00:00,0.0129
Netherlands,NLD,2024-04-09 23:00:00,2024-04-10 01:00:00,0.0050999999999999995
Netherlands,NLD,2024-04-10 00:00:00,2024-04-10 02:00:00,0.005
Netherlands,NLD,2024-04-10 01:00:00,2024-04-10 03:00:00,0.00899
Netherlands,NLD,2024-04-10 02:00:00,2024-04-10 04:00:00,0.0247
Netherlands,NLD,2024-04-10 03:00:00,2024-04-10 05:00:00,0.048799999999999996
Netherlands,NLD,2024-04-10 04:00:00,2024-04-10 06:00:00,0.07475
Netherlands,NLD,2024-04-10 05:00:00,2024-04-10 07:00:00,0.09963
Netherlands,NLD,2024-04-10 06:00:00,2024-04-10 08:00:00,0.1067
Netherlands,NLD,2024-04-10 07:00:00,2024-04-10 09:00:00,0.08045999999999999
Netherlands,NLD,2024-04-10 08:00:00,2024-04-10 10:00:00,0.06764
Netherlands,NLD,2024-04-10 09:00:00,2024-04-10 11:00:00,0.05299
Netherlands,NLD,2024-04-10 10:00:00,2024-04-10 12:00:00,0.01921
Netherlands,NLD,2024-04-10 11:00:00,2024-04-10 13:00:00,0.00893
Netherlands,NLD,2024-04-10 12:00:00,2024-04-10 14:00:00,0.0
Netherlands,NLD,2024-04-10 13:00:00,2024-04-10 15:00:00,-0.0001
Netherlands,NLD,2024-04-10 14:00:00,2024-04-10 16:00:00,0.022
Netherlands,NLD,2024-04-10 15:00:00,2024-04-10 17:00:00,0.0649
Netherlands,NLD,2024-04-10 16:00:00,2024-04-10 18:00:00,0.08265
Netherlands,NLD,2024-04-10 17:00:00,2024-04-10 19:00:00,0.14546
Netherlands,NLD,2024-04-10 18:00:00,2024-04-10 20:00:00,0.1411
Netherlands,NLD,2024-04-10 19:00:00,2024-04-10 21:00:00,0.08828
Netherlands,NLD,2024-04-10 20:00:00,2024-04-10 22:00:00,0.07235
Netherlands,NLD,2024-04-10 21:00:00,2024-04-10 23:00:00,0.06509999999999999
Netherlands,NLD,2024-04-10 22:00:00,2024-04-11 00:00:00,0.04859
Netherlands,NLD,2024-04-10 23:00:00,2024-04-11 01:00:00,0.026670000000000003
Netherlands,NLD,2024-04-11 00:00:00,2024-04-11 02:00:00,0.02368
Netherlands,NLD,2024-04-11 01:00:00,2024-04-11 03:00:00,0.00999
Netherlands,NLD,2024-04-11 02:00:00,2024-04-11 04:00:00,0.007980000000000001
Netherlands,NLD,2024-04-11 03:00:00,2024-04-11 05:00:00,0.02838
Netherlands,NLD,2024-04-11 04:00:00,2024-04-11 06:00:00,0.06611
Netherlands,NLD,2024-04-11 05:00:00,2024-04-11 07:00:00,0.06823
Netherlands,NLD,2024-04-11 06:00:00,2024-04-11 08:00:00,0.0522
Netherlands,NLD,2024-04-11 07:00:00,2024-04-11 09:00:00,0.071
Netherlands,NLD,2024-04-11 08:00:00,2024-04-11 10:00:00,0.0715
Netherlands,NLD,2024-04-11 09:00:00,2024-04-11 11:00:00,0.07
Netherlands,NLD,2024-04-11 10:00:00,2024-04-11 12:00:00,0.07490000000000001
Netherlands,NLD,2024-04-11 11:00:00,2024-04-11 13:00:00,0.074
Netherlands,NLD,2024-04-11 12:00:00,2024-04-11 14:00:00,0.08505
Netherlands,NLD,2024-04-11 13:00:00,2024-04-11 15:00:00,0.07759999999999999
Netherlands,NLD,2024-04-11 14:00:00,2024-04-11 16:00:00,0.069
Netherlands,NLD,2024-04-11 15:00:00,2024-04-11 17:00:00,0.08605
Netherlands,NLD,2024-04-11 16:00:00,2024-04-11 18:00:00,0.1007
Netherlands,NLD,2024-04-11 17:00:00,2024-04-11 19:00:00,0.13436
Netherlands,NLD,2024-04-11 18:00:00,2024-04-11 20:00:00,0.1198
Netherlands,NLD,2024-04-11 19:00:00,2024-04-11 21:00:00,0.09104999999999999
Netherlands,NLD,2024-04-11 20:00:00,2024-04-11 22:00:00,0.07920999999999999
Netherlands,NLD,2024-04-11 21:00:00,2024-04-11 23:00:00,0.07575
Netherlands,NLD,2024-04-11 22:00:00,2024-04-12 00:00:00,0.0745
Netherlands,NLD,2024-04-11 23:00:00,2024-04-12 01:00:00,0.07035
Netherlands,NLD,2024-04-12 00:00:00,2024-04-12 02:00:00,0.0655
Netherlands,NLD,2024-04-12 01:00:00,2024-04-12 03:00:00,0.05902
Netherlands,NLD,2024-04-12 02:00:00,2024-04-12 04:00:00,0.05949
Netherlands,NLD,2024-04-12 03:00:00,2024-04-12 05:00:00,0.06401000000000001
Netherlands,NLD,2024-04-12 04:00:00,2024-04-12 06:00:00,0.07596
Netherlands,NLD,2024-04-12 05:00:00,2024-04-12 07:00:00,0.09101000000000001
Netherlands,NLD,2024-04-12 06:00:00,2024-04-12 08:00:00,0.086
Netherlands,NLD,2024-04-12 07:00:00,2024-04-12 09:00:00,0.07640000000000001
Netherlands,NLD,2024-04-12 08:00:00,2024-04-12 10:00:00,0.042159999999999996
Netherlands,NLD,2024-04-12 09:00:00,2024-04-12 11:00:00,0.01884
Netherlands,NLD,2024-04-12 10:00:00,2024-04-12 12:00:00,0.0
Netherlands,NLD,2024-04-12 11:00:00,2024-04-12 13:00:00,-0.0001
Netherlands,NLD,2024-04-12 12:00:00,2024-04-12 14:00:00,-0.01002
Netherlands,NLD,2024-04-12 13:00:00,2024-04-12 15:00:00,-0.005030000000000001
Netherlands,NLD,2024-04-12 14:00:00,2024-04-12 16:00:00,0.0
Netherlands,NLD,2024-04-12 15:00:00,2024-04-12 17:00:00,0.05035
Netherlands,NLD,2024-04-12 16:00:00,2024-04-12 18:00:00,0.07312
Netherlands,NLD,2024-04-12 17:00:00,2024-04-12 19:00:00,0.10495
Netherlands,NLD,2024-04-12 18:00:00,2024-04-12 20:00:00,0.1129
Netherlands,NLD,2024-04-12 19:00:00,2024-04-12 21:00:00,0.08034000000000001
Netherlands,NLD,2024-04-12 20:00:00,2024-04-12 22:00:00,0.07273
Netherlands,NLD,2024-04-12 21:00:00,2024-04-12 23:00:00,0.0626
Netherlands,NLD,2024-04-12 22:00:00,2024-04-13 00:00:00,0.054560000000000004
Netherlands,NLD,2024-04-12 23:00:00,2024-04-13 01:00:00,0.04415
Netherlands,NLD,2024-04-13 00:00:00,2024-04-13 02:00:00,0.02327
Netherlands,NLD,2024-04-13 01:00:00,2024-04-13 03:00:00,0.01811
Netherlands,NLD,2024-04-13 02:00:00,2024-04-13 04:00:00,0.01804
Netherlands,NLD,2024-04-13 03:00:00,2024-04-13 05:00:00,0.024079999999999997
Netherlands,NLD,2024-04-13 04:00:00,2024-04-13 06:00:00,0.02875
Netherlands,NLD,2024-04-13 05:00:00,2024-04-13 07:00:00,0.033729999999999996
Netherlands,NLD,2024-04-13 06:00:00,2024-04-13 08:00:00,0.022600000000000002
Netherlands,NLD,2024-04-13 07:00:00,2024-04-13 09:00:00,0.0088
Netherlands,NLD,2024-04-13 08:00:00,2024-04-13 10:00:00,-2e-05
Netherlands,NLD,2024-04-13 09:00:00,2024-04-13 11:00:00,-0.01016
Netherlands,NLD,2024-04-13 10:00:00,2024-04-13 12:00:00,-0.03166
Netherlands,NLD,2024-04-13 11:00:00,2024-04-13 13:00:00,-0.05
Netherlands,NLD,2024-04-13 12:00:00,2024-04-13 14:00:00,-0.055009999999999996
Netherlands,NLD,2024-04-13 13:00:00,2024-04-13 15:00:00,-0.049909999999999996
Netherlands,NLD,2024-04-13 14:00:00,2024-04-13 16:00:00,-0.01914
Netherlands,NLD,2024-04-13 15:00:00,2024-04-13 17:00:00,-0.00015
Netherlands,NLD,2024-04-13 16:00:00,2024-04-13 18:00:00,0.03337
Netherlands,NLD,2024-04-13 17:00:00,2024-04-13 19:00:00,0.0501
Netherlands,NLD,2024-04-13 18:00:00,2024-04-13 20:00:00,0.05883
Netherlands,NLD,2024-04-13 19:00:00,2024-04-13 21:00:00,0.03754
Netherlands,NLD,2024-04-13 20:00:00,2024-04-13 22:00:00,0.02034
Netherlands,NLD,2024-04-13 21:00:00,2024-04-13 23:00:00,0.0075
Netherlands,NLD,2024-04-13 22:00:00,2024-04-14 00:00:00,0.00044
Netherlands,NLD,2024-04-13 23:00:00,2024-04-14 01:00:00,0.0011
Netherlands,NLD,2024-04-14 00:00:00,2024-04-14 02:00:00,0.00094
Netherlands,NLD,2024-04-14 01:00:00,2024-04-14 03:00:00,0.00126
Netherlands,NLD,2024-04-14 02:00:00,2024-04-14 04:00:00,0.0026
Netherlands,NLD,2024-04-14 03:00:00,2024-04-14 05:00:00,0.006
Netherlands,NLD,2024-04-14 04:00:00,2024-04-14 06:00:00,0.01286
Netherlands,NLD,2024-04-14 05:00:00,2024-04-14 07:00:00,0.013
Netherlands,NLD,2024-04-14 06:00:00,2024-04-14 08:00:00,0.00821
Netherlands,NLD,2024-04-14 07:00:00,2024-04-14 09:00:00,0.0
Netherlands,NLD,2024-04-14 08:00:00,2024-04-14 10:00:00,-0.00268
Netherlands,NLD,2024-04-14 09:00:00,2024-04-14 11:00:00,-0.01297
Netherlands,NLD,2024-04-14 10:00:00,2024-04-14 12:00:00,-0.04223
Netherlands,NLD,2024-04-14 11:00:00,2024-04-14 13:00:00,-0.06005
Netherlands,NLD,2024-04-14 12:00:00,2024-04-14 14:00:00,-0.06001
Netherlands,NLD,2024-04-14 13:00:00,2024-04-14 15:00:00,-0.040049999999999995
Netherlands,NLD,2024-04-14 14:00:00,2024-04-14 16:00:00,-0.00625
Netherlands,NLD,2024-04-14 15:00:00,2024-04-14 17:00:00,0.00157
Netherlands,NLD,2024-04-14 16:00:00,2024-04-14 18:00:00,0.07970000000000001
Netherlands,NLD,2024-04-14 17:00:00,2024-04-14 19:00:00,0.1023
Netherlands,NLD,2024-04-14 18:00:00,2024-04-14 20:00:00,0.13365000000000002
Netherlands,NLD,2024-04-14 19:00:00,2024-04-14 21:00:00,0.12448000000000001
Netherlands,NLD,2024-04-14 20:00:00,2024-04-14 22:00:00,0.09716
Netherlands,NLD,2024-04-14 21:00:00,2024-04-14 23:00:00,0.07969
Netherlands,NLD,2024-04-14 22:00:00,2024-04-15 00:00:00,0.08195999999999999
Netherlands,NLD,2024-04-14 23:00:00,2024-04-15 01:00:00,0.07490000000000001
Netherlands,NLD,2024-04-15 00:00:00,2024-04-15 02:00:00,0.07055
Netherlands,NLD,2024-04-15 01:00:00,2024-04-15 03:00:00,0.07054
Netherlands,NLD,2024-04-15 02:00:00,2024-04-15 04:00:00,0.0683
Netherlands,NLD,2024-04-15 03:00:00,2024-04-15 05:00:00,0.07887999999999999
Netherlands,NLD,2024-04-15 04:00:00,2024-04-15 06:00:00,0.09875
Netherlands,NLD,2024-04-15 05:00:00,2024-04-15 07:00:00,0.148
Netherlands,NLD,2024-04-15 06:00:00,2024-04-15 08:00:00,0.10826999999999999
Netherlands,NLD,2024-04-15 07:00:00,2024-04-15 09:00:00,0.0626
Netherlands,NLD,2024-04-15 08:00:00,2024-04-15 10:00:00,0.048
Netherlands,NLD,2024-04-15 09:00:00,2024-04-15 11:00:00,0.04877
Netherlands,NLD,2024-04-15 10:00:00,2024-04-15 12:00:00,0.04217
Netherlands,NLD,2024-04-15 11:00:00,2024-04-15 13:00:00,0.03174
Netherlands,NLD,2024-04-15 12:00:00,2024-04-15 14:00:00,0.01315
Netherlands,NLD,2024-04-15 13:00:00,2024-04-15 15:00:00,0.00915
Netherlands,NLD,2024-04-15 14:00:00,2024-04-15 16:00:00,0.0069900000000000006
Netherlands,NLD,2024-04-15 15:00:00,2024-04-15 17:00:00,0.04346
Netherlands,NLD,2024-04-15 16:00:00,2024-04-15 18:00:00,0.0665
Netherlands,NLD,2024-04-15 17:00:00,2024-04-15 19:00:00,0.07612000000000001
Netherlands,NLD,2024-04-15 18:00:00,2024-04-15 20:00:00,0.07489
Netherlands,NLD,2024-04-15 19:00:00,2024-04-15 21:00:00,0.06554
Netherlands,NLD,2024-04-15 20:00:00,2024-04-15 22:00:00,0.05285
Netherlands,NLD,2024-04-15 21:00:00,2024-04-15 23:00:00,0.03401
Netherlands,NLD,2024-04-15 22:00:00,2024-04-16 00:00:00,0.0014299999999999998
Netherlands,NLD,2024-04-15 23:00:00,2024-04-16 01:00:00,2e-05
Netherlands,NLD,2024-04-16 00:00:00,2024-04-16 02:00:00,-0.0001
Netherlands,NLD,2024-04-16 01:00:00,2024-04-16 03:00:00,0.0
Netherlands,NLD,2024-04-16 02:00:00,2024-04-16 04:00:00,0.013779999999999999
Netherlands,NLD,2024-04-16 03:00:00,2024-04-16 05:00:00,0.0292
Netherlands,NLD,2024-04-16 04:00:00,2024-04-16 06:00:00,0.051590000000000004
Netherlands,NLD,2024-04-16 05:00:00,2024-04-16 07:00:00,0.06969
Netherlands,NLD,2024-04-16 06:00:00,2024-04-16 08:00:00,0.07426
Netherlands,NLD,2024-04-16 07:00:00,2024-04-16 09:00:00,0.06481
Netherlands,NLD,2024-04-16 08:00:00,2024-04-16 10:00:00,0.05077
Netherlands,NLD,2024-04-16 09:00:00,2024-04-16 11:00:00,0.041460000000000004
Netherlands,NLD,2024-04-16 10:00:00,2024-04-16 12:00:00,0.038740000000000004
Netherlands,NLD,2024-04-16 11:00:00,2024-04-16 13:00:00,0.03357
Netherlands,NLD,2024-04-16 12:00:00,2024-04-16 14:00:00,0.03342
Netherlands,NLD,2024-04-16 13:00:00,2024-04-16 15:00:00,0.03995
Netherlands,NLD,2024-04-16 14:00:00,2024-04-16 16:00:00,0.05167
Netherlands,NLD,2024-04-16 15:00:00,2024-04-16 17:00:00,0.07453
Netherlands,NLD,2024-04-16 16:00:00,2024-04-16 18:00:00,0.0873
Netherlands,NLD,2024-04-16 17:00:00,2024-04-16 19:00:00,0.098
Netherlands,NLD,2024-04-16 18:00:00,2024-04-16 20:00:00,0.11542
Netherlands,NLD,2024-04-16 19:00:00,2024-04-16 21:00:00,0.10171
Netherlands,NLD,2024-04-16 20:00:00,2024-04-16 22:00:00,0.0901
Netherlands,NLD,2024-04-16 21:00:00,2024-04-16 23:00:00,0.0841
Netherlands,NLD,2024-04-16 22:00:00,2024-04-17 00:00:00,0.08475
Netherlands,NLD,2024-04-16 23:00:00,2024-04-17 01:00:00,0.08384
Netherlands,NLD,2024-04-17 00:00:00,2024-04-17 02:00:00,0.08134999999999999
Netherlands,NLD,2024-04-17 01:00:00,2024-04-17 03:00:00,0.0824
Netherlands,NLD,2024-04-17 02:00:00,2024-04-17 04:00:00,0.08131000000000001
Netherlands,NLD,2024-04-17 03:00:00,2024-04-17 05:00:00,0.08234
Netherlands,NLD,2024-04-17 04:00:00,2024-04-17 06:00:00,0.1085
Netherlands,NLD,2024-04-17 05:00:00,2024-04-17 07:00:00,0.15466999999999997
Netherlands,NLD,2024-04-17 06:00:00,2024-04-17 08:00:00,0.152
Netherlands,NLD,2024-04-17 07:00:00,2024-04-17 09:00:00,0.10462
Netherlands,NLD,2024-04-17 08:00:00,2024-04-17 10:00:00,0.0839
Netherlands,NLD,2024-04-17 09:00:00,2024-04-17 11:00:00,0.0799
Netherlands,NLD,2024-04-17 10:00:00,2024-04-17 12:00:00,0.07517
Netherlands,NLD,2024-04-17 11:00:00,2024-04-17 13:00:00,0.07606
Netherlands,NLD,2024-04-17 12:00:00,2024-04-17 14:00:00,0.06964000000000001
Netherlands,NLD,2024-04-17 13:00:00,2024-04-17 15:00:00,0.07385
Netherlands,NLD,2024-04-17 14:00:00,2024-04-17 16:00:00,0.08
Netherlands,NLD,2024-04-17 15:00:00,2024-04-17 17:00:00,0.08
Netherlands,NLD,2024-04-17 16:00:00,2024-04-17 18:00:00,0.10321
Netherlands,NLD,2024-04-17 17:00:00,2024-04-17 19:00:00,0.145
Netherlands,NLD,2024-04-17 18:00:00,2024-04-17 20:00:00,0.1699
Netherlands,NLD,2024-04-17 19:00:00,2024-04-17 21:00:00,0.13006
Netherlands,NLD,2024-04-17 20:00:00,2024-04-17 22:00:00,0.09904
Netherlands,NLD,2024-04-17 21:00:00,2024-04-17 23:00:00,0.08781
Netherlands,NLD,2024-04-17 22:00:00,2024-04-18 00:00:00,0.09183
Netherlands,NLD,2024-04-17 23:00:00,2024-04-18 01:00:00,0.08742
Netherlands,NLD,2024-04-18 00:00:00,2024-04-18 02:00:00,0.08853
Netherlands,NLD,2024-04-18 01:00:00,2024-04-18 03:00:00,0.08776
Netherlands,NLD,2024-04-18 02:00:00,2024-04-18 04:00:00,0.08961
Netherlands,NLD,2024-04-18 03:00:00,2024-04-18 05:00:00,0.0917
Netherlands,NLD,2024-04-18 04:00:00,2024-04-18 06:00:00,0.1152
Netherlands,NLD,2024-04-18 05:00:00,2024-04-18 07:00:00,0.15544999999999998
Netherlands,NLD,2024-04-18 06:00:00,2024-04-18 08:00:00,0.13119
Netherlands,NLD,2024-04-18 07:00:00,2024-04-18 09:00:00,0.10112
Netherlands,NLD,2024-04-18 08:00:00,2024-04-18 10:00:00,0.08989
Netherlands,NLD,2024-04-18 09:00:00,2024-04-18 11:00:00,0.07571
Netherlands,NLD,2024-04-18 10:00:00,2024-04-18 12:00:00,0.0676
Netherlands,NLD,2024-04-18 11:00:00,2024-04-18 13:00:00,0.0681
Netherlands,NLD,2024-04-18 12:00:00,2024-04-18 14:00:00,0.06345
Netherlands,NLD,2024-04-18 13:00:00,2024-04-18 15:00:00,0.06352000000000001
Netherlands,NLD,2024-04-18 14:00:00,2024-04-18 16:00:00,0.06523999999999999
Netherlands,NLD,2024-04-18 15:00:00,2024-04-18 17:00:00,0.08086
Netherlands,NLD,2024-04-18 16:00:00,2024-04-18 18:00:00,0.09403
Netherlands,NLD,2024-04-18 17:00:00,2024-04-18 19:00:00,0.12524
Netherlands,NLD,2024-04-18 18:00:00,2024-04-18 20:00:00,0.12891
Netherlands,NLD,2024-04-18 19:00:00,2024-04-18 21:00:00,0.10592
Netherlands,NLD,2024-04-18 20:00:00,2024-04-18 22:00:00,0.08989
Netherlands,NLD,2024-04-18 21:00:00,2024-04-18 23:00:00,0.07936
Netherlands,NLD,2024-04-18 22:00:00,2024-04-19 00:00:00,0.06926
Netherlands,NLD,2024-04-18 23:00:00,2024-04-19 01:00:00,0.05601
Netherlands,NLD,2024-04-19 00:00:00,2024-04-19 02:00:00,0.047
Netherlands,NLD,2024-04-19 01:00:00,2024-04-19 03:00:00,0.04489
Netherlands,NLD,2024-04-19 02:00:00,2024-04-19 04:00:00,0.04393
Netherlands,NLD,2024-04-19 03:00:00,2024-04-19 05:00:00,0.04653
Netherlands,NLD,2024-04-19 04:00:00,2024-04-19 06:00:00,0.0581
Netherlands,NLD,2024-04-19 05:00:00,2024-04-19 07:00:00,0.06974
Netherlands,NLD,2024-04-19 06:00:00,2024-04-19 08:00:00,0.076
Netherlands,NLD,2024-04-19 07:00:00,2024-04-19 09:00:00,0.0683
Netherlands,NLD,2024-04-19 08:00:00,2024-04-19 10:00:00,0.060200000000000004
Netherlands,NLD,2024-04-19 09:00:00,2024-04-19 11:00:00,0.0466
Netherlands,NLD,2024-04-19 10:00:00,2024-04-19 12:00:00,0.0366
Netherlands,NLD,2024-04-19 11:00:00,2024-04-19 13:00:00,0.01
Netherlands,NLD,2024-04-19 12:00:00,2024-04-19 14:00:00,-0.0001
Netherlands,NLD,2024-04-19 13:00:00,2024-04-19 15:00:00,-0.0001
Netherlands,NLD,2024-04-19 14:00:00,2024-04-19 16:00:00,0.003
Netherlands,NLD,2024-04-19 15:00:00,2024-04-19 17:00:00,0.05029
Netherlands,NLD,2024-04-19 16:00:00,2024-04-19 18:00:00,0.0597
Netherlands,NLD,2024-04-19 17:00:00,2024-04-19 19:00:00,0.062229999999999994
Netherlands,NLD,2024-04-19 18:00:00,2024-04-19 20:00:00,0.06374
Netherlands,NLD,2024-04-19 19:00:00,2024-04-19 21:00:00,0.06333
Netherlands,NLD,2024-04-19 20:00:00,2024-04-19 22:00:00,0.06287
Netherlands,NLD,2024-04-19 21:00:00,2024-04-19 23:00:00,0.06157
Netherlands,NLD,2024-04-19 22:00:00,2024-04-20 00:00:00,0.059090000000000004
Netherlands,NLD,2024-04-19 23:00:00,2024-04-20 01:00:00,0.05649
Netherlands,NLD,2024-04-20 00:00:00,2024-04-20 02:00:00,0.05577
Netherlands,NLD,2024-04-20 01:00:00,2024-04-20 03:00:00,0.05664
Netherlands,NLD,2024-04-20 02:00:00,2024-04-20 04:00:00,0.05965
Netherlands,NLD,2024-04-20 03:00:00,2024-04-20 05:00:00,0.061509999999999995
Netherlands,NLD,2024-04-20 04:00:00,2024-04-20 06:00:00,0.061689999999999995
Netherlands,NLD,2024-04-20 05:00:00,2024-04-20 07:00:00,0.06609999999999999
Netherlands,NLD,2024-04-20 06:00:00,2024-04-20 08:00:00,0.06470000000000001
Netherlands,NLD,2024-04-20 07:00:00,2024-04-20 09:00:00,0.05906
Netherlands,NLD,2024-04-20 08:00:00,2024-04-20 10:00:00,0.04654
Netherlands,NLD,2024-04-20 09:00:00,2024-04-20 11:00:00,0.03438
Netherlands,NLD,2024-04-20 10:00:00,2024-04-20 12:00:00,0.011699999999999999
Netherlands,NLD,2024-04-20 11:00:00,2024-04-20 13:00:00,-0.004
Netherlands,NLD,2024-04-20 12:00:00,2024-04-20 14:00:00,-0.00509
Netherlands,NLD,2024-04-20 13:00:00,2024-04-20 15:00:00,-0.00401
Netherlands,NLD,2024-04-20 14:00:00,2024-04-20 16:00:00,0.025
Netherlands,NLD,2024-04-20 15:00:00,2024-04-20 17:00:00,0.04833
Netherlands,NLD,2024-04-20 16:00:00,2024-04-20 18:00:00,0.06374
Netherlands,NLD,2024-04-20 17:00:00,2024-04-20 19:00:00,0.07931999999999999
Netherlands,NLD,2024-04-20 18:00:00,2024-04-20 20:00:00,0.09117
Netherlands,NLD,2024-04-20 19:00:00,2024-04-20 21:00:00,0.08684
Netherlands,NLD,2024-04-20 20:00:00,2024-04-20 22:00:00,0.08401
Netherlands,NLD,2024-04-20 21:00:00,2024-04-20 23:00:00,0.0825
Netherlands,NLD,2024-04-20 22:00:00,2024-04-21 00:00:00,0.08184999999999999
Netherlands,NLD,2024-04-20 23:00:00,2024-04-21 01:00:00,0.07017
Netherlands,NLD,2024-04-21 00:00:00,2024-04-21 02:00:00,0.06953
Netherlands,NLD,2024-04-21 01:00:00,2024-04-21 03:00:00,0.0644
Netherlands,NLD,2024-04-21 02:00:00,2024-04-21 04:00:00,0.06388
Netherlands,NLD,2024-04-21 03:00:00,2024-04-21 05:00:00,0.06362
Netherlands,NLD,2024-04-21 04:00:00,2024-04-21 06:00:00,0.06443
Netherlands,NLD,2024-04-21 05:00:00,2024-04-21 07:00:00,0.06053
Netherlands,NLD,2024-04-21 06:00:00,2024-04-21 08:00:00,0.05593
Netherlands,NLD,2024-04-21 07:00:00,2024-04-21 09:00:00,0.05112
Netherlands,NLD,2024-04-21 08:00:00,2024-04-21 10:00:00,0.026920000000000003
Netherlands,NLD,2024-04-21 09:00:00,2024-04-21 11:00:00,-0.0222
Netherlands,NLD,2024-04-21 10:00:00,2024-04-21 12:00:00,-0.02404
Netherlands,NLD,2024-04-21 11:00:00,2024-04-21 13:00:00,-0.007
Netherlands,NLD,2024-04-21 12:00:00,2024-04-21 14:00:00,-0.00379
Netherlands,NLD,2024-04-21 13:00:00,2024-04-21 15:00:00,-0.010029999999999999
Netherlands,NLD,2024-04-21 14:00:00,2024-04-21 16:00:00,0.00467
Netherlands,NLD,2024-04-21 15:00:00,2024-04-21 17:00:00,0.04294
Netherlands,NLD,2024-04-21 16:00:00,2024-04-21 18:00:00,0.06197999999999999
Netherlands,NLD,2024-04-21 17:00:00,2024-04-21 19:00:00,0.08765
Netherlands,NLD,2024-04-21 18:00:00,2024-04-21 20:00:00,0.09526000000000001
Netherlands,NLD,2024-04-21 19:00:00,2024-04-21 21:00:00,0.09107
Netherlands,NLD,2024-04-21 20:00:00,2024-04-21 22:00:00,0.08941
Netherlands,NLD,2024-04-21 21:00:00,2024-04-21 23:00:00,0.08846
Netherlands,NLD,2024-04-21 22:00:00,2024-04-22 00:00:00,0.07718000000000001
Netherlands,NLD,2024-04-21 23:00:00,2024-04-22 01:00:00,0.07805
Netherlands,NLD,2024-04-22 00:00:00,2024-04-22 02:00:00,0.07844
Netherlands,NLD,2024-04-22 01:00:00,2024-04-22 03:00:00,0.07992
Netherlands,NLD,2024-04-22 02:00:00,2024-04-22 04:00:00,0.07979
Netherlands,NLD,2024-04-22 03:00:00,2024-04-22 05:00:00,0.085
Netherlands,NLD,2024-04-22 04:00:00,2024-04-22 06:00:00,0.10394
Netherlands,NLD,2024-04-22 05:00:00,2024-04-22 07:00:00,0.12941999999999998
Netherlands,NLD,2024-04-22 06:00:00,2024-04-22 08:00:00,0.11746
Netherlands,NLD,2024-04-22 07:00:00,2024-04-22 09:00:00,0.09705
Netherlands,NLD,2024-04-22 08:00:00,2024-04-22 10:00:00,0.07945
Netherlands,NLD,2024-04-22 09:00:00,2024-04-22 11:00:00,0.07224
Netherlands,NLD,2024-04-22 10:00:00,2024-04-22 12:00:00,0.06831
Netherlands,NLD,2024-04-22 11:00:00,2024-04-22 13:00:00,0.07124
Netherlands,NLD,2024-04-22 12:00:00,2024-04-22 14:00:00,0.06425
Netherlands,NLD,2024-04-22 13:00:00,2024-04-22 15:00:00,0.05945
Netherlands,NLD,2024-04-22 14:00:00,2024-04-22 16:00:00,0.0719
Netherlands,NLD,2024-04-22 15:00:00,2024-04-22 17:00:00,0.08066
Netherlands,NLD,2024-04-22 16:00:00,2024-04-22 18:00:00,0.10409
Netherlands,NLD,2024-04-22 17:00:00,2024-04-22 19:00:00,0.13612
Netherlands,NLD,2024-04-22 18:00:00,2024-04-22 20:00:00,0.15509
Netherlands,NLD,2024-04-22 19:00:00,2024-04-22 21:00:00,0.12716
Netherlands,NLD,2024-04-22 20:00:00,2024-04-22 22:00:00,0.10563
Netherlands,NLD,2024-04-22 21:00:00,2024-04-22 23:00:00,0.09694
Netherlands,NLD,2024-04-22 22:00:00,2024-04-23 00:00:00,0.08832
Netherlands,NLD,2024-04-22 23:00:00,2024-04-23 01:00:00,0.08669
Netherlands,NLD,2024-04-23 00:00:00,2024-04-23 02:00:00,0.08595
Netherlands,NLD,2024-04-23 01:00:00,2024-04-23 03:00:00,0.08542
Netherlands,NLD,2024-04-23 02:00:00,2024-04-23 04:00:00,0.08635
Netherlands,NLD,2024-04-23 03:00:00,2024-04-23 05:00:00,0.09703
Netherlands,NLD,2024-04-23 04:00:00,2024-04-23 06:00:00,0.11944
Netherlands,NLD,2024-04-23 05:00:00,2024-04-23 07:00:00,0.17628
Netherlands,NLD,2024-04-23 06:00:00,2024-04-23 08:00:00,0.13628
Netherlands,NLD,2024-04-23 07:00:00,2024-04-23 09:00:00,0.09838
Netherlands,NLD,2024-04-23 08:00:00,2024-04-23 10:00:00,0.08247
Netherlands,NLD,2024-04-23 09:00:00,2024-04-23 11:00:00,0.07725
Netherlands,NLD,2024-04-23 10:00:00,2024-04-23 12:00:00,0.0768
Netherlands,NLD,2024-04-23 11:00:00,2024-04-23 13:00:00,0.07825
Netherlands,NLD,2024-04-23 12:00:00,2024-04-23 14:00:00,0.07862000000000001
Netherlands,NLD,2024-04-23 13:00:00,2024-04-23 15:00:00,0.07833
Netherlands,NLD,2024-04-23 14:00:00,2024-04-23 16:00:00,0.08079
Netherlands,NLD,2024-04-23 15:00:00,2024-04-23 17:00:00,0.08882
Netherlands,NLD,2024-04-23 16:00:00,2024-04-23 18:00:00,0.10076
Netherlands,NLD,2024-04-23 17:00:00,2024-04-23 19:00:00,0.11831
Netherlands,NLD,2024-04-23 18:00:00,2024-04-23 20:00:00,0.12092
Netherlands,NLD,2024-04-23 19:00:00,2024-04-23 21:00:00,0.102
Netherlands,NLD,2024-04-23 20:00:00,2024-04-23 22:00:00,0.0844
Netherlands,NLD,2024-04-23 21:00:00,2024-04-23 23:00:00,0.08154
Netherlands,NLD,2024-04-23 22:00:00,2024-04-24 00:00:00,0.08055
Netherlands,NLD,2024-04-23 23:00:00,2024-04-24 01:00:00,0.07629000000000001
Netherlands,NLD,2024-04-24 00:00:00,2024-04-24 02:00:00,0.07587999999999999
Netherlands,NLD,2024-04-24 01:00:00,2024-04-24 03:00:00,0.07264
Netherlands,NLD,2024-04-24 02:00:00,2024-04-24 04:00:00,0.0728
Netherlands,NLD,2024-04-24 03:00:00,2024-04-24 05:00:00,0.07964
Netherlands,NLD,2024-04-24 04:00:00,2024-04-24 06:00:00,0.09276000000000001
Netherlands,NLD,2024-04-24 05:00:00,2024-04-24 07:00:00,0.096
Netherlands,NLD,2024-04-24 06:00:00,2024-04-24 08:00:00,0.10697
Netherlands,NLD,2024-04-24 07:00:00,2024-04-24 09:00:00,0.08170000000000001
Netherlands,NLD,2024-04-24 08:00:00,2024-04-24 10:00:00,0.07490000000000001
Netherlands,NLD,2024-04-24 09:00:00,2024-04-24 11:00:00,0.07762999999999999
Netherlands,NLD,2024-04-24 10:00:00,2024-04-24 12:00:00,0.0619
Netherlands,NLD,2024-04-24 11:00:00,2024-04-24 13:00:00,0.0466
Netherlands,NLD,2024-04-24 12:00:00,2024-04-24 14:00:00,0.039
Netherlands,NLD,2024-04-24 13:00:00,2024-04-24 15:00:00,0.045380000000000004
Netherlands,NLD,2024-04-24 14:00:00,2024-04-24 16:00:00,0.058
Netherlands,NLD,2024-04-24 15:00:00,2024-04-24 17:00:00,0.0742
Netherlands,NLD,2024-04-24 16:00:00,2024-04-24 18:00:00,0.075
Netherlands,NLD,2024-04-24 17:00:00,2024-04-24 19:00:00,0.095
Netherlands,NLD,2024-04-24 18:00:00,2024-04-24 20:00:00,0.12343000000000001
Netherlands,NLD,2024-04-24 19:00:00,2024-04-24 21:00:00,0.11601
Netherlands,NLD,2024-04-24 20:00:00,2024-04-24 22:00:00,0.10411
Netherlands,NLD,2024-04-24 21:00:00,2024-04-24 23:00:00,0.09
Netherlands,NLD,2024-04-24 22:00:00,2024-04-25 00:00:00,0.0835
Netherlands,NLD,2024-04-24 23:00:00,2024-04-25 01:00:00,0.08
Netherlands,NLD,2024-04-25 00:00:00,2024-04-25 02:00:00,0.07736
Netherlands,NLD,2024-04-25 01:00:00,2024-04-25 03:00:00,0.07551999999999999
Netherlands,NLD,2024-04-25 02:00:00,2024-04-25 04:00:00,0.07440000000000001
Netherlands,NLD,2024-04-25 03:00:00,2024-04-25 05:00:00,0.08369
Netherlands,NLD,2024-04-25 04:00:00,2024-04-25 06:00:00,0.10056999999999999
Netherlands,NLD,2024-04-25 05:00:00,2024-04-25 07:00:00,0.126
Netherlands,NLD,2024-04-25 06:00:00,2024-04-25 08:00:00,0.11201
Netherlands,NLD,2024-04-25 07:00:00,2024-04-25 09:00:00,0.09209999999999999
Netherlands,NLD,2024-04-25 08:00:00,2024-04-25 10:00:00,0.08001000000000001
Netherlands,NLD,2024-04-25 09:00:00,2024-04-25 11:00:00,0.0782
Netherlands,NLD,2024-04-25 10:00:00,2024-04-25 12:00:00,0.07392
Netherlands,NLD,2024-04-25 11:00:00,2024-04-25 13:00:00,0.0673
Netherlands,NLD,2024-04-25 12:00:00,2024-04-25 14:00:00,0.06468
Netherlands,NLD,2024-04-25 13:00:00,2024-04-25 15:00:00,0.06764
Netherlands,NLD,2024-04-25 14:00:00,2024-04-25 16:00:00,0.07154
Netherlands,NLD,2024-04-25 15:00:00,2024-04-25 17:00:00,0.07892
Netherlands,NLD,2024-04-25 16:00:00,2024-04-25 18:00:00,0.09469
Netherlands,NLD,2024-04-25 17:00:00,2024-04-25 19:00:00,0.1217
Netherlands,NLD,2024-04-25 18:00:00,2024-04-25 20:00:00,0.14093
Netherlands,NLD,2024-04-25 19:00:00,2024-04-25 21:00:00,0.11343
Netherlands,NLD,2024-04-25 20:00:00,2024-04-25 22:00:00,0.09135
Netherlands,NLD,2024-04-25 21:00:00,2024-04-25 23:00:00,0.07973999999999999
Netherlands,NLD,2024-04-25 22:00:00,2024-04-26 00:00:00,0.07987000000000001
Netherlands,NLD,2024-04-25 23:00:00,2024-04-26 01:00:00,0.074
Netherlands,NLD,2024-04-26 00:00:00,2024-04-26 02:00:00,0.0742
Netherlands,NLD,2024-04-26 01:00:00,2024-04-26 03:00:00,0.07407
Netherlands,NLD,2024-04-26 02:00:00,2024-04-26 04:00:00,0.07709999999999999
Netherlands,NLD,2024-04-26 03:00:00,2024-04-26 05:00:00,0.08298
Netherlands,NLD,2024-04-26 04:00:00,2024-04-26 06:00:00,0.09351000000000001
Netherlands,NLD,2024-04-26 05:00:00,2024-04-26 07:00:00,0.10406
Netherlands,NLD,2024-04-26 06:00:00,2024-04-26 08:00:00,0.09606
Netherlands,NLD,2024-04-26 07:00:00,2024-04-26 09:00:00,0.08108
Netherlands,NLD,2024-04-26 08:00:00,2024-04-26 10:00:00,0.08026000000000001
Netherlands,NLD,2024-04-26 09:00:00,2024-04-26 11:00:00,0.07295
Netherlands,NLD,2024-04-26 10:00:00,2024-04-26 12:00:00,0.07035
Netherlands,NLD,2024-04-26 11:00:00,2024-04-26 13:00:00,0.06874
Netherlands,NLD,2024-04-26 12:00:00,2024-04-26 14:00:00,0.06537000000000001
Netherlands,NLD,2024-04-26 13:00:00,2024-04-26 15:00:00,0.06992
Netherlands,NLD,2024-04-26 14:00:00,2024-04-26 16:00:00,0.07173
Netherlands,NLD,2024-04-26 15:00:00,2024-04-26 17:00:00,0.08023000000000001
Netherlands,NLD,2024-04-26 16:00:00,2024-04-26 18:00:00,0.09337000000000001
Netherlands,NLD,2024-04-26 17:00:00,2024-04-26 19:00:00,0.12861
Netherlands,NLD,2024-04-26 18:00:00,2024-04-26 20:00:00,0.13656000000000001
Netherlands,NLD,2024-04-26 19:00:00,2024-04-26 21:00:00,0.10861
Netherlands,NLD,2024-04-26 20:00:00,2024-04-26 22:00:00,0.09190999999999999
Netherlands,NLD,2024-04-26 21:00:00,2024-04-26 23:00:00,0.08826
Netherlands,NLD,2024-04-26 22:00:00,2024-04-27 00:00:00,0.09029000000000001
Netherlands,NLD,2024-04-26 23:00:00,2024-04-27 01:00:00,0.08847
Netherlands,NLD,2024-04-27 00:00:00,2024-04-27 02:00:00,0.0855
Netherlands,NLD,2024-04-27 01:00:00,2024-04-27 03:00:00,0.08685999999999999
Netherlands,NLD,2024-04-27 02:00:00,2024-04-27 04:00:00,0.08414
Netherlands,NLD,2024-04-27 03:00:00,2024-04-27 05:00:00,0.08249
Netherlands,NLD,2024-04-27 04:00:00,2024-04-27 06:00:00,0.08608
Netherlands,NLD,2024-04-27 05:00:00,2024-04-27 07:00:00,0.07904000000000001
Netherlands,NLD,2024-04-27 06:00:00,2024-04-27 08:00:00,0.06984
Netherlands,NLD,2024-04-27 07:00:00,2024-04-27 09:00:00,0.061259999999999995
Netherlands,NLD,2024-04-27 08:00:00,2024-04-27 10:00:00,0.03602
Netherlands,NLD,2024-04-27 09:00:00,2024-04-27 11:00:00,0.00843
Netherlands,NLD,2024-04-27 10:00:00,2024-04-27 12:00:00,2.9999999999999997e-05
Netherlands,NLD,2024-04-27 11:00:00,2024-04-27 13:00:00,-2e-05
Netherlands,NLD,2024-04-27 12:00:00,2024-04-27 14:00:00,0.0
Netherlands,NLD,2024-04-27 13:00:00,2024-04-27 15:00:00,0.0
Netherlands,NLD,2024-04-27 14:00:00,2024-04-27 16:00:00,0.022
Netherlands,NLD,2024-04-27 15:00:00,2024-04-27 17:00:00,0.07167
Netherlands,NLD,2024-04-27 16:00:00,2024-04-27 18:00:00,0.09063
Netherlands,NLD,2024-04-27 17:00:00,2024-04-27 19:00:00,0.1199
Netherlands,NLD,2024-04-27 18:00:00,2024-04-27 20:00:00,0.11227
Netherlands,NLD,2024-04-27 19:00:00,2024-04-27 21:00:00,0.085
Netherlands,NLD,2024-04-27 20:00:00,2024-04-27 22:00:00,0.07590000000000001
Netherlands,NLD,2024-04-27 21:00:00,2024-04-27 23:00:00,0.06523000000000001
Netherlands,NLD,2024-04-27 22:00:00,2024-04-28 00:00:00,0.05639
Netherlands,NLD,2024-04-27 23:00:00,2024-04-28 01:00:00,0.04614
Netherlands,NLD,2024-04-28 00:00:00,2024-04-28 02:00:00,0.0396
Netherlands,NLD,2024-04-28 01:00:00,2024-04-28 03:00:00,0.03155
Netherlands,NLD,2024-04-28 02:00:00,2024-04-28 04:00:00,0.027579999999999997
Netherlands,NLD,2024-04-28 03:00:00,2024-04-28 05:00:00,0.02596
Netherlands,NLD,2024-04-28 04:00:00,2024-04-28 06:00:00,0.00992
Netherlands,NLD,2024-04-28 05:00:00,2024-04-28 07:00:00,0.0001
Netherlands,NLD,2024-04-28 06:00:00,2024-04-28 08:00:00,-7.000000000000001e-05
Netherlands,NLD,2024-04-28 07:00:00,2024-04-28 09:00:00,-0.00102
Netherlands,NLD,2024-04-28 08:00:00,2024-04-28 10:00:00,-0.016640000000000002
Netherlands,NLD,2024-04-28 09:00:00,2024-04-28 11:00:00,-0.036719999999999996
Netherlands,NLD,2024-04-28 10:00:00,2024-04-28 12:00:00,-0.062200000000000005
Netherlands,NLD,2024-04-28 11:00:00,2024-04-28 13:00:00,-0.06389
Netherlands,NLD,2024-04-28 12:00:00,2024-04-28 14:00:00,-0.06506
Netherlands,NLD,2024-04-28 13:00:00,2024-04-28 15:00:00,-0.05243
Netherlands,NLD,2024-04-28 14:00:00,2024-04-28 16:00:00,-0.023420000000000003
Netherlands,NLD,2024-04-28 15:00:00,2024-04-28 17:00:00,-2e-05
Netherlands,NLD,2024-04-28 16:00:00,2024-04-28 18:00:00,0.02478
Netherlands,NLD,2024-04-28 17:00:00,2024-04-28 19:00:00,0.06852
Netherlands,NLD,2024-04-28 18:00:00,2024-04-28 20:00:00,0.07708
Netherlands,NLD,2024-04-28 19:00:00,2024-04-28 21:00:00,0.07856
Netherlands,NLD,2024-04-28 20:00:00,2024-04-28 22:00:00,0.07221
Netherlands,NLD,2024-04-28 21:00:00,2024-04-28 23:00:00,0.06694
Netherlands,NLD,2024-04-28 22:00:00,2024-04-29 00:00:00,0.06315
Netherlands,NLD,2024-04-28 23:00:00,2024-04-29 01:00:00,0.06005
Netherlands,NLD,2024-04-29 00:00:00,2024-04-29 02:00:00,0.058929999999999996
Netherlands,NLD,2024-04-29 01:00:00,2024-04-29 03:00:00,0.062079999999999996
Netherlands,NLD,2024-04-29 02:00:00,2024-04-29 04:00:00,0.07478
Netherlands,NLD,2024-04-29 03:00:00,2024-04-29 05:00:00,0.08213
Netherlands,NLD,2024-04-29 04:00:00,2024-04-29 06:00:00,0.09906999999999999
Netherlands,NLD,2024-04-29 05:00:00,2024-04-29 07:00:00,0.11370000000000001
Netherlands,NLD,2024-04-29 06:00:00,2024-04-29 08:00:00,0.10051
Netherlands,NLD,2024-04-29 07:00:00,2024-04-29 09:00:00,0.07501999999999999
Netherlands,NLD,2024-04-29 08:00:00,2024-04-29 10:00:00,0.05817
Netherlands,NLD,2024-04-29 09:00:00,2024-04-29 11:00:00,0.03616
Netherlands,NLD,2024-04-29 10:00:00,2024-04-29 12:00:00,0.0349
Netherlands,NLD,2024-04-29 11:00:00,2024-04-29 13:00:00,0.028
Netherlands,NLD,2024-04-29 12:00:00,2024-04-29 14:00:00,0.03228
Netherlands,NLD,2024-04-29 13:00:00,2024-04-29 15:00:00,0.03555
Netherlands,NLD,2024-04-29 14:00:00,2024-04-29 16:00:00,0.04768
Netherlands,NLD,2024-04-29 15:00:00,2024-04-29 17:00:00,0.06921
Netherlands,NLD,2024-04-29 16:00:00,2024-04-29 18:00:00,0.0825
Netherlands,NLD,2024-04-29 17:00:00,2024-04-29 19:00:00,0.15
Netherlands,NLD,2024-04-29 18:00:00,2024-04-29 20:00:00,0.18541
Netherlands,NLD,2024-04-29 19:00:00,2024-04-29 21:00:00,0.10681
Netherlands,NLD,2024-04-29 20:00:00,2024-04-29 22:00:00,0.08685999999999999
Netherlands,NLD,2024-04-29 21:00:00,2024-04-29 23:00:00,0.07995999999999999
Netherlands,NLD,2024-04-29 22:00:00,2024-04-30 00:00:00,0.07590000000000001
Netherlands,NLD,2024-04-29 23:00:00,2024-04-30 01:00:00,0.0716
Netherlands,NLD,2024-04-30 00:00:00,2024-04-30 02:00:00,0.07005
Netherlands,NLD,2024-04-30 01:00:00,2024-04-30 03:00:00,0.06985
Netherlands,NLD,2024-04-30 02:00:00,2024-04-30 04:00:00,0.06943
Netherlands,NLD,2024-04-30 03:00:00,2024-04-30 05:00:00,0.07862999999999999
Netherlands,NLD,2024-04-30 04:00:00,2024-04-30 06:00:00,0.09389
Netherlands,NLD,2024-04-30 05:00:00,2024-04-30 07:00:00,0.10166
Netherlands,NLD,2024-04-30 06:00:00,2024-04-30 08:00:00,0.0932
Netherlands,NLD,2024-04-30 07:00:00,2024-04-30 09:00:00,0.07770999999999999
Netherlands,NLD,2024-04-30 08:00:00,2024-04-30 10:00:00,0.062060000000000004
Netherlands,NLD,2024-04-30 09:00:00,2024-04-30 11:00:00,0.04489
Netherlands,NLD,2024-04-30 10:00:00,2024-04-30 12:00:00,0.02801
Netherlands,NLD,2024-04-30 11:00:00,2024-04-30 13:00:00,0.01408
Netherlands,NLD,2024-04-30 12:00:00,2024-04-30 14:00:00,0.01281
Netherlands,NLD,2024-04-30 13:00:00,2024-04-30 15:00:00,0.01914
Netherlands,NLD,2024-04-30 14:00:00,2024-04-30 16:00:00,0.04414
Netherlands,NLD,2024-04-30 15:00:00,2024-04-30 17:00:00,0.06552
Netherlands,NLD,2024-04-30 16:00:00,2024-04-30 18:00:00,0.0862
Netherlands,NLD,2024-04-30 17:00:00,2024-04-30 19:00:00,0.11672
Netherlands,NLD,2024-04-30 18:00:00,2024-04-30 20:00:00,0.12893000000000002
Netherlands,NLD,2024-04-30 19:00:00,2024-04-30 21:00:00,0.08815
Netherlands,NLD,2024-04-30 20:00:00,2024-04-30 22:00:00,0.08
Netherlands,NLD,2024-04-30 21:00:00,2024-04-30 23:00:00,0.0818
Netherlands,NLD,2024-04-30 22:00:00,2024-05-01 00:00:00,0.07676999999999999
Netherlands,NLD,2024-04-30 23:00:00,2024-05-01 01:00:00,0.07989
Netherlands,NLD,2024-05-01 00:00:00,2024-05-01 02:00:00,0.08109999999999999
Netherlands,NLD,2024-05-01 01:00:00,2024-05-01 03:00:00,0.08009999999999999
Netherlands,NLD,2024-05-01 02:00:00,2024-05-01 04:00:00,0.068
Netherlands,NLD,2024-05-01 03:00:00,2024-05-01 05:00:00,0.075
Netherlands,NLD,2024-05-01 04:00:00,2024-05-01 06:00:00,0.08009999999999999
Netherlands,NLD,2024-05-01 05:00:00,2024-05-01 07:00:00,0.1
Netherlands,NLD,2024-05-01 06:00:00,2024-05-01 08:00:00,0.08
Netherlands,NLD,2024-05-01 07:00:00,2024-05-01 09:00:00,0.0167
Netherlands,NLD,2024-05-01 08:00:00,2024-05-01 10:00:00,-0.001
Netherlands,NLD,2024-05-01 09:00:00,2024-05-01 11:00:00,-0.04475
Netherlands,NLD,2024-05-01 10:00:00,2024-05-01 12:00:00,-0.10266
Netherlands,NLD,2024-05-01 11:00:00,2024-05-01 13:00:00,-0.2
Netherlands,NLD,2024-05-01 12:00:00,2024-05-01 14:00:00,-0.2
Netherlands,NLD,2024-05-01 13:00:00,2024-05-01 15:00:00,-0.092
Netherlands,NLD,2024-05-01 14:00:00,2024-05-01 16:00:00,-0.0288
Netherlands,NLD,2024-05-01 15:00:00,2024-05-01 17:00:00,0.00239
Netherlands,NLD,2024-05-01 16:00:00,2024-05-01 18:00:00,0.06
Netherlands,NLD,2024-05-01 17:00:00,2024-05-01 19:00:00,0.106
Netherlands,NLD,2024-05-01 18:00:00,2024-05-01 20:00:00,0.1303
Netherlands,NLD,2024-05-01 19:00:00,2024-05-01 21:00:00,0.1
Netherlands,NLD,2024-05-01 20:00:00,2024-05-01 22:00:00,0.08109999999999999
Netherlands,NLD,2024-05-01 21:00:00,2024-05-01 23:00:00,0.076
Netherlands,NLD,2024-05-01 22:00:00,2024-05-02 00:00:00,0.061
Netherlands,NLD,2024-05-01 23:00:00,2024-05-02 01:00:00,0.0511
Netherlands,NLD,2024-05-02 00:00:00,2024-05-02 02:00:00,0.04
Netherlands,NLD,2024-05-02 01:00:00,2024-05-02 03:00:00,0.0394
Netherlands,NLD,2024-05-02 02:00:00,2024-05-02 04:00:00,0.0343
Netherlands,NLD,2024-05-02 03:00:00,2024-05-02 05:00:00,0.0378
Netherlands,NLD,2024-05-02 04:00:00,2024-05-02 06:00:00,0.06898
Netherlands,NLD,2024-05-02 05:00:00,2024-05-02 07:00:00,0.08
Netherlands,NLD,2024-05-02 06:00:00,2024-05-02 08:00:00,0.084
Netherlands,NLD,2024-05-02 07:00:00,2024-05-02 09:00:00,0.03145
Netherlands,NLD,2024-05-02 08:00:00,2024-05-02 10:00:00,-0.01
Netherlands,NLD,2024-05-02 09:00:00,2024-05-02 11:00:00,-0.02
Netherlands,NLD,2024-05-02 10:00:00,2024-05-02 12:00:00,-0.01679
Netherlands,NLD,2024-05-02 11:00:00,2024-05-02 13:00:00,-0.020059999999999998
Netherlands,NLD,2024-05-02 12:00:00,2024-05-02 14:00:00,-0.0001
Netherlands,NLD,2024-05-02 13:00:00,2024-05-02 15:00:00,-1e-05
Netherlands,NLD,2024-05-02 14:00:00,2024-05-02 16:00:00,0.00549
Netherlands,NLD,2024-05-02 15:00:00,2024-05-02 17:00:00,0.07
Netherlands,NLD,2024-05-02 16:00:00,2024-05-02 18:00:00,0.08977
Netherlands,NLD,2024-05-02 17:00:00,2024-05-02 19:00:00,0.1044
Netherlands,NLD,2024-05-02 18:00:00,2024-05-02 20:00:00,0.12
Netherlands,NLD,2024-05-02 19:00:00,2024-05-02 21:00:00,0.096
Netherlands,NLD,2024-05-02 20:00:00,2024-05-02 22:00:00,0.089
Netherlands,NLD,2024-05-02 21:00:00,2024-05-02 23:00:00,0.088
Netherlands,NLD,2024-05-02 22:00:00,2024-05-03 00:00:00,0.095
Netherlands,NLD,2024-05-02 23:00:00,2024-05-03 01:00:00,0.08394
Netherlands,NLD,2024-05-03 00:00:00,2024-05-03 02:00:00,0.08
Netherlands,NLD,2024-05-03 01:00:00,2024-05-03 03:00:00,0.078
Netherlands,NLD,2024-05-03 02:00:00,2024-05-03 04:00:00,0.068
Netherlands,NLD,2024-05-03 03:00:00,2024-05-03 05:00:00,0.067
Netherlands,NLD,2024-05-03 04:00:00,2024-05-03 06:00:00,0.07632
Netherlands,NLD,2024-05-03 05:00:00,2024-05-03 07:00:00,0.08239
Netherlands,NLD,2024-05-03 06:00:00,2024-05-03 08:00:00,0.09231
Netherlands,NLD,2024-05-03 07:00:00,2024-05-03 09:00:00,0.1
Netherlands,NLD,2024-05-03 08:00:00,2024-05-03 10:00:00,0.07395
Netherlands,NLD,2024-05-03 09:00:00,2024-05-03 11:00:00,0.06913
Netherlands,NLD,2024-05-03 10:00:00,2024-05-03 12:00:00,0.061
Netherlands,NLD,2024-05-03 11:00:00,2024-05-03 13:00:00,0.05664
Netherlands,NLD,2024-05-03 12:00:00,2024-05-03 14:00:00,0.05705
Netherlands,NLD,2024-05-03 13:00:00,2024-05-03 15:00:00,0.060719999999999996
Netherlands,NLD,2024-05-03 14:00:00,2024-05-03 16:00:00,0.06401000000000001
Netherlands,NLD,2024-05-03 15:00:00,2024-05-03 17:00:00,0.06982
Netherlands,NLD,2024-05-03 16:00:00,2024-05-03 18:00:00,0.08045000000000001
Netherlands,NLD,2024-05-03 17:00:00,2024-05-03 19:00:00,0.097
Netherlands,NLD,2024-05-03 18:00:00,2024-05-03 20:00:00,0.11001999999999999
Netherlands,NLD,2024-05-03 19:00:00,2024-05-03 21:00:00,0.10527
Netherlands,NLD,2024-05-03 20:00:00,2024-05-03 22:00:00,0.09011
Netherlands,NLD,2024-05-03 21:00:00,2024-05-03 23:00:00,0.08292000000000001
Netherlands,NLD,2024-05-03 22:00:00,2024-05-04 00:00:00,0.08817
Netherlands,NLD,2024-05-03 23:00:00,2024-05-04 01:00:00,0.08308
Netherlands,NLD,2024-05-04 00:00:00,2024-05-04 02:00:00,0.08058
Netherlands,NLD,2024-05-04 01:00:00,2024-05-04 03:00:00,0.08104
Netherlands,NLD,2024-05-04 02:00:00,2024-05-04 04:00:00,0.0833
Netherlands,NLD,2024-05-04 03:00:00,2024-05-04 05:00:00,0.09093000000000001
Netherlands,NLD,2024-05-04 04:00:00,2024-05-04 06:00:00,0.086
Netherlands,NLD,2024-05-04 05:00:00,2024-05-04 07:00:00,0.08467
Netherlands,NLD,2024-05-04 06:00:00,2024-05-04 08:00:00,0.07606
Netherlands,NLD,2024-05-04 07:00:00,2024-05-04 09:00:00,0.062329999999999997
Netherlands,NLD,2024-05-04 08:00:00,2024-05-04 10:00:00,0.04117
Netherlands,NLD,2024-05-04 09:00:00,2024-05-04 11:00:00,0.03118
Netherlands,NLD,2024-05-04 10:00:00,2024-05-04 12:00:00,0.0249
Netherlands,NLD,2024-05-04 11:00:00,2024-05-04 13:00:00,0.01451
Netherlands,NLD,2024-05-04 12:00:00,2024-05-04 14:00:00,0.01334
Netherlands,NLD,2024-05-04 13:00:00,2024-05-04 15:00:00,0.02615
Netherlands,NLD,2024-05-04 14:00:00,2024-05-04 16:00:00,0.061700000000000005
Netherlands,NLD,2024-05-04 15:00:00,2024-05-04 17:00:00,0.0832
Netherlands,NLD,2024-05-04 16:00:00,2024-05-04 18:00:00,0.09734000000000001
Netherlands,NLD,2024-05-04 17:00:00,2024-05-04 19:00:00,0.11816
Netherlands,NLD,2024-05-04 18:00:00,2024-05-04 20:00:00,0.13188999999999998
Netherlands,NLD,2024-05-04 19:00:00,2024-05-04 21:00:00,0.10629000000000001
Netherlands,NLD,2024-05-04 20:00:00,2024-05-04 22:00:00,0.09326000000000001
Netherlands,NLD,2024-05-04 21:00:00,2024-05-04 23:00:00,0.08762
Netherlands,NLD,2024-05-04 22:00:00,2024-05-05 00:00:00,0.09786
Netherlands,NLD,2024-05-04 23:00:00,2024-05-05 01:00:00,0.09347
Netherlands,NLD,2024-05-05 00:00:00,2024-05-05 02:00:00,0.09054000000000001
Netherlands,NLD,2024-05-05 01:00:00,2024-05-05 03:00:00,0.08867
Netherlands,NLD,2024-05-05 02:00:00,2024-05-05 04:00:00,0.0851
Netherlands,NLD,2024-05-05 03:00:00,2024-05-05 05:00:00,0.0855
Netherlands,NLD,2024-05-05 04:00:00,2024-05-05 06:00:00,0.08029
Netherlands,NLD,2024-05-05 05:00:00,2024-05-05 07:00:00,0.0741
Netherlands,NLD,2024-05-05 06:00:00,2024-05-05 08:00:00,0.049890000000000004
Netherlands,NLD,2024-05-05 07:00:00,2024-05-05 09:00:00,0.02621
Netherlands,NLD,2024-05-05 08:00:00,2024-05-05 10:00:00,0.00885
Netherlands,NLD,2024-05-05 09:00:00,2024-05-05 11:00:00,0.00044
Netherlands,NLD,2024-05-05 10:00:00,2024-05-05 12:00:00,0.0
Netherlands,NLD,2024-05-05 11:00:00,2024-05-05 13:00:00,-4e-05
Netherlands,NLD,2024-05-05 12:00:00,2024-05-05 14:00:00,-0.0009699999999999999
Netherlands,NLD,2024-05-05 13:00:00,2024-05-05 15:00:00,-0.0001
Netherlands,NLD,2024-05-05 14:00:00,2024-05-05 16:00:00,0.0
Netherlands,NLD,2024-05-05 15:00:00,2024-05-05 17:00:00,0.032
Netherlands,NLD,2024-05-05 16:00:00,2024-05-05 18:00:00,0.09256
Netherlands,NLD,2024-05-05 17:00:00,2024-05-05 19:00:00,0.10226
Netherlands,NLD,2024-05-05 18:00:00,2024-05-05 20:00:00,0.12113
Netherlands,NLD,2024-05-05 19:00:00,2024-05-05 21:00:00,0.1155
Netherlands,NLD,2024-05-05 20:00:00,2024-05-05 22:00:00,0.1065
Netherlands,NLD,2024-05-05 21:00:00,2024-05-05 23:00:00,0.0935
Netherlands,NLD,2024-05-05 22:00:00,2024-05-06 00:00:00,0.08286
Netherlands,NLD,2024-05-05 23:00:00,2024-05-06 01:00:00,0.08270000000000001
Netherlands,NLD,2024-05-06 00:00:00,2024-05-06 02:00:00,0.08418
Netherlands,NLD,2024-05-06 01:00:00,2024-05-06 03:00:00,0.08347
Netherlands,NLD,2024-05-06 02:00:00,2024-05-06 04:00:00,0.08243
Netherlands,NLD,2024-05-06 03:00:00,2024-05-06 05:00:00,0.08751
Netherlands,NLD,2024-05-06 04:00:00,2024-05-06 06:00:00,0.11312
Netherlands,NLD,2024-05-06 05:00:00,2024-05-06 07:00:00,0.13209
Netherlands,NLD,2024-05-06 06:00:00,2024-05-06 08:00:00,0.10154
Netherlands,NLD,2024-05-06 07:00:00,2024-05-06 09:00:00,0.08918999999999999
Netherlands,NLD,2024-05-06 08:00:00,2024-05-06 10:00:00,0.081
Netherlands,NLD,2024-05-06 09:00:00,2024-05-06 11:00:00,0.07202
Netherlands,NLD,2024-05-06 10:00:00,2024-05-06 12:00:00,0.06851
Netherlands,NLD,2024-05-06 11:00:00,2024-05-06 13:00:00,0.07279000000000001
Netherlands,NLD,2024-05-06 12:00:00,2024-05-06 14:00:00,0.0768
Netherlands,NLD,2024-05-06 13:00:00,2024-05-06 15:00:00,0.08478
Netherlands,NLD,2024-05-06 14:00:00,2024-05-06 16:00:00,0.08033
Netherlands,NLD,2024-05-06 15:00:00,2024-05-06 17:00:00,0.098
Netherlands,NLD,2024-05-06 16:00:00,2024-05-06 18:00:00,0.1142
Netherlands,NLD,2024-05-06 17:00:00,2024-05-06 19:00:00,0.13717
Netherlands,NLD,2024-05-06 18:00:00,2024-05-06 20:00:00,0.13795
Netherlands,NLD,2024-05-06 19:00:00,2024-05-06 21:00:00,0.10934
Netherlands,NLD,2024-05-06 20:00:00,2024-05-06 22:00:00,0.09458
Netherlands,NLD,2024-05-06 21:00:00,2024-05-06 23:00:00,0.08442
Netherlands,NLD,2024-05-06 22:00:00,2024-05-07 00:00:00,0.08173
Netherlands,NLD,2024-05-06 23:00:00,2024-05-07 01:00:00,0.07937000000000001
Netherlands,NLD,2024-05-07 00:00:00,2024-05-07 02:00:00,0.07731
Netherlands,NLD,2024-05-07 01:00:00,2024-05-07 03:00:00,0.08145999999999999
Netherlands,NLD,2024-05-07 02:00:00,2024-05-07 04:00:00,0.08173
Netherlands,NLD,2024-05-07 03:00:00,2024-05-07 05:00:00,0.08044
Netherlands,NLD,2024-05-07 04:00:00,2024-05-07 06:00:00,0.09598999999999999
Netherlands,NLD,2024-05-07 05:00:00,2024-05-07 07:00:00,0.11821
Netherlands,NLD,2024-05-07 06:00:00,2024-05-07 08:00:00,0.11266
Netherlands,NLD,2024-05-07 07:00:00,2024-05-07 09:00:00,0.09175
Netherlands,NLD,2024-05-07 08:00:00,2024-05-07 10:00:00,0.084
Netherlands,NLD,2024-05-07 09:00:00,2024-05-07 11:00:00,0.07539
Netherlands,NLD,2024-05-07 10:00:00,2024-05-07 12:00:00,0.056909999999999995
Netherlands,NLD,2024-05-07 11:00:00,2024-05-07 13:00:00,0.05175
Netherlands,NLD,2024-05-07 12:00:00,2024-05-07 14:00:00,0.04789
Netherlands,NLD,2024-05-07 13:00:00,2024-05-07 15:00:00,0.04881
Netherlands,NLD,2024-05-07 14:00:00,2024-05-07 16:00:00,0.0756
Netherlands,NLD,2024-05-07 15:00:00,2024-05-07 17:00:00,0.08393
Netherlands,NLD,2024-05-07 16:00:00,2024-05-07 18:00:00,0.09985
Netherlands,NLD,2024-05-07 17:00:00,2024-05-07 19:00:00,0.12061
Netherlands,NLD,2024-05-07 18:00:00,2024-05-07 20:00:00,0.13801
Netherlands,NLD,2024-05-07 19:00:00,2024-05-07 21:00:00,0.12204000000000001
Netherlands,NLD,2024-05-07 20:00:00,2024-05-07 22:00:00,0.1017
Netherlands,NLD,2024-05-07 21:00:00,2024-05-07 23:00:00,0.08301
Netherlands,NLD,2024-05-07 22:00:00,2024-05-08 00:00:00,0.08985
Netherlands,NLD,2024-05-07 23:00:00,2024-05-08 01:00:00,0.08741
Netherlands,NLD,2024-05-08 00:00:00,2024-05-08 02:00:00,0.08731
Netherlands,NLD,2024-05-08 01:00:00,2024-05-08 03:00:00,0.08564
Netherlands,NLD,2024-05-08 02:00:00,2024-05-08 04:00:00,0.08017
Netherlands,NLD,2024-05-08 03:00:00,2024-05-08 05:00:00,0.08
Netherlands,NLD,2024-05-08 04:00:00,2024-05-08 06:00:00,0.10868000000000001
Netherlands,NLD,2024-05-08 05:00:00,2024-05-08 07:00:00,0.12129999999999999
Netherlands,NLD,2024-05-08 06:00:00,2024-05-08 08:00:00,0.11846999999999999
Netherlands,NLD,2024-05-08 07:00:00,2024-05-08 09:00:00,0.1005
Netherlands,NLD,2024-05-08 08:00:00,2024-05-08 10:00:00,0.09303
Netherlands,NLD,2024-05-08 09:00:00,2024-05-08 11:00:00,0.08735
Netherlands,NLD,2024-05-08 10:00:00,2024-05-08 12:00:00,0.06606000000000001
Netherlands,NLD,2024-05-08 11:00:00,2024-05-08 13:00:00,0.06193
Netherlands,NLD,2024-05-08 12:00:00,2024-05-08 14:00:00,0.062090000000000006
Netherlands,NLD,2024-05-08 13:00:00,2024-05-08 15:00:00,0.05989
Netherlands,NLD,2024-05-08 14:00:00,2024-05-08 16:00:00,0.06827
Netherlands,NLD,2024-05-08 15:00:00,2024-05-08 17:00:00,0.07973999999999999
Netherlands,NLD,2024-05-08 16:00:00,2024-05-08 18:00:00,0.09478
Netherlands,NLD,2024-05-08 17:00:00,2024-05-08 19:00:00,0.12052
Netherlands,NLD,2024-05-08 18:00:00,2024-05-08 20:00:00,0.13838
Netherlands,NLD,2024-05-08 19:00:00,2024-05-08 21:00:00,0.12265999999999999
Netherlands,NLD,2024-05-08 20:00:00,2024-05-08 22:00:00,0.0984
Netherlands,NLD,2024-05-08 21:00:00,2024-05-08 23:00:00,0.09209
Netherlands,NLD,2024-05-08 22:00:00,2024-05-09 00:00:00,0.0876
Netherlands,NLD,2024-05-08 23:00:00,2024-05-09 01:00:00,0.08806
Netherlands,NLD,2024-05-09 00:00:00,2024-05-09 02:00:00,0.085
Netherlands,NLD,2024-05-09 01:00:00,2024-05-09 03:00:00,0.08161
Netherlands,NLD,2024-05-09 02:00:00,2024-05-09 04:00:00,0.07551000000000001
Netherlands,NLD,2024-05-09 03:00:00,2024-05-09 05:00:00,0.07656
Netherlands,NLD,2024-05-09 04:00:00,2024-05-09 06:00:00,0.084
Netherlands,NLD,2024-05-09 05:00:00,2024-05-09 07:00:00,0.0846
Netherlands,NLD,2024-05-09 06:00:00,2024-05-09 08:00:00,0.06164
Netherlands,NLD,2024-05-09 07:00:00,2024-05-09 09:00:00,0.023469999999999998
Netherlands,NLD,2024-05-09 08:00:00,2024-05-09 10:00:00,0.00531
Netherlands,NLD,2024-05-09 09:00:00,2024-05-09 11:00:00,-0.0003
Netherlands,NLD,2024-05-09 10:00:00,2024-05-09 12:00:00,-0.00065
Netherlands,NLD,2024-05-09 11:00:00,2024-05-09 13:00:00,-0.00114
Netherlands,NLD,2024-05-09 12:00:00,2024-05-09 14:00:00,-0.0018
Netherlands,NLD,2024-05-09 13:00:00,2024-05-09 15:00:00,-0.00069
Netherlands,NLD,2024-05-09 14:00:00,2024-05-09 16:00:00,0.00091
Netherlands,NLD,2024-05-09 15:00:00,2024-05-09 17:00:00,0.05834
Netherlands,NLD,2024-05-09 16:00:00,2024-05-09 18:00:00,0.08
Netherlands,NLD,2024-05-09 17:00:00,2024-05-09 19:00:00,0.09692
Netherlands,NLD,2024-05-09 18:00:00,2024-05-09 20:00:00,0.12066
Netherlands,NLD,2024-05-09 19:00:00,2024-05-09 21:00:00,0.11483
Netherlands,NLD,2024-05-09 20:00:00,2024-05-09 22:00:00,0.09240999999999999
Netherlands,NLD,2024-05-09 21:00:00,2024-05-09 23:00:00,0.09
Netherlands,NLD,2024-05-09 22:00:00,2024-05-10 00:00:00,0.09789
Netherlands,NLD,2024-05-09 23:00:00,2024-05-10 01:00:00,0.09209
Netherlands,NLD,2024-05-10 00:00:00,2024-05-10 02:00:00,0.08579
Netherlands,NLD,2024-05-10 01:00:00,2024-05-10 03:00:00,0.083
Netherlands,NLD,2024-05-10 02:00:00,2024-05-10 04:00:00,0.08216
Netherlands,NLD,2024-05-10 03:00:00,2024-05-10 05:00:00,0.08940000000000001
Netherlands,NLD,2024-05-10 04:00:00,2024-05-10 06:00:00,0.09892000000000001
Netherlands,NLD,2024-05-10 05:00:00,2024-05-10 07:00:00,0.09748
Netherlands,NLD,2024-05-10 06:00:00,2024-05-10 08:00:00,0.09559999999999999
Netherlands,NLD,2024-05-10 07:00:00,2024-05-10 09:00:00,0.0613
Netherlands,NLD,2024-05-10 08:00:00,2024-05-10 10:00:00,0.020120000000000002
Netherlands,NLD,2024-05-10 09:00:00,2024-05-10 11:00:00,0.0029100000000000003
Netherlands,NLD,2024-05-10 10:00:00,2024-05-10 12:00:00,0.00058
Netherlands,NLD,2024-05-10 11:00:00,2024-05-10 13:00:00,0.0001
Netherlands,NLD,2024-05-10 12:00:00,2024-05-10 14:00:00,8e-05
Netherlands,NLD,2024-05-10 13:00:00,2024-05-10 15:00:00,0.01863
Netherlands,NLD,2024-05-10 14:00:00,2024-05-10 16:00:00,0.05971
Netherlands,NLD,2024-05-10 15:00:00,2024-05-10 17:00:00,0.0785
Netherlands,NLD,2024-05-10 16:00:00,2024-05-10 18:00:00,0.09325
Netherlands,NLD,2024-05-10 17:00:00,2024-05-10 19:00:00,0.11112999999999999
Netherlands,NLD,2024-05-10 18:00:00,2024-05-10 20:00:00,0.15990000000000001
Netherlands,NLD,2024-05-10 19:00:00,2024-05-10 21:00:00,0.13231
Netherlands,NLD,2024-05-10 20:00:00,2024-05-10 22:00:00,0.10487
Netherlands,NLD,2024-05-10 21:00:00,2024-05-10 23:00:00,0.09031
Netherlands,NLD,2024-05-10 22:00:00,2024-05-11 00:00:00,0.08599
Netherlands,NLD,2024-05-10 23:00:00,2024-05-11 01:00:00,0.08084000000000001
Netherlands,NLD,2024-05-11 00:00:00,2024-05-11 02:00:00,0.07909999999999999
Netherlands,NLD,2024-05-11 01:00:00,2024-05-11 03:00:00,0.08251
Netherlands,NLD,2024-05-11 02:00:00,2024-05-11 04:00:00,0.07904000000000001
Netherlands,NLD,2024-05-11 03:00:00,2024-05-11 05:00:00,0.07914
Netherlands,NLD,2024-05-11 04:00:00,2024-05-11 06:00:00,0.078
Netherlands,NLD,2024-05-11 05:00:00,2024-05-11 07:00:00,0.06806999999999999
Netherlands,NLD,2024-05-11 06:00:00,2024-05-11 08:00:00,0.047659999999999994
Netherlands,NLD,2024-05-11 07:00:00,2024-05-11 09:00:00,0.006719999999999999
Netherlands,NLD,2024-05-11 08:00:00,2024-05-11 10:00:00,0.0
Netherlands,NLD,2024-05-11 09:00:00,2024-05-11 11:00:00,-0.01148
Netherlands,NLD,2024-05-11 10:00:00,2024-05-11 12:00:00,-0.026699999999999998
Netherlands,NLD,2024-05-11 11:00:00,2024-05-11 13:00:00,-0.065
Netherlands,NLD,2024-05-11 12:00:00,2024-05-11 14:00:00,-0.05
Netherlands,NLD,2024-05-11 13:00:00,2024-05-11 15:00:00,-0.025
Netherlands,NLD,2024-05-11 14:00:00,2024-05-11 16:00:00,-0.00041999999999999996
Netherlands,NLD,2024-05-11 15:00:00,2024-05-11 17:00:00,0.02976
Netherlands,NLD,2024-05-11 16:00:00,2024-05-11 18:00:00,0.06949
Netherlands,NLD,2024-05-11 17:00:00,2024-05-11 19:00:00,0.08602
Netherlands,NLD,2024-05-11 18:00:00,2024-05-11 20:00:00,0.108
Netherlands,NLD,2024-05-11 19:00:00,2024-05-11 21:00:00,0.09031
Netherlands,NLD,2024-05-11 20:00:00,2024-05-11 22:00:00,0.07828
Netherlands,NLD,2024-05-11 21:00:00,2024-05-11 23:00:00,0.06456999999999999
Netherlands,NLD,2024-05-11 22:00:00,2024-05-12 00:00:00,0.063
Netherlands,NLD,2024-05-11 23:00:00,2024-05-12 01:00:00,0.05136
Netherlands,NLD,2024-05-12 00:00:00,2024-05-12 02:00:00,0.04272
Netherlands,NLD,2024-05-12 01:00:00,2024-05-12 03:00:00,0.039
Netherlands,NLD,2024-05-12 02:00:00,2024-05-12 04:00:00,0.0431
Netherlands,NLD,2024-05-12 03:00:00,2024-05-12 05:00:00,0.03878
Netherlands,NLD,2024-05-12 04:00:00,2024-05-12 06:00:00,0.01761
Netherlands,NLD,2024-05-12 05:00:00,2024-05-12 07:00:00,0.00479
Netherlands,NLD,2024-05-12 06:00:00,2024-05-12 08:00:00,0.00235
Netherlands,NLD,2024-05-12 07:00:00,2024-05-12 09:00:00,-0.0028
Netherlands,NLD,2024-05-12 08:00:00,2024-05-12 10:00:00,-0.02629
Netherlands,NLD,2024-05-12 09:00:00,2024-05-12 11:00:00,-0.0891
Netherlands,NLD,2024-05-12 10:00:00,2024-05-12 12:00:00,-0.1651
Netherlands,NLD,2024-05-12 11:00:00,2024-05-12 13:00:00,-0.2
Netherlands,NLD,2024-05-12 12:00:00,2024-05-12 14:00:00,-0.18672
Netherlands,NLD,2024-05-12 13:00:00,2024-05-12 15:00:00,-0.10892
Netherlands,NLD,2024-05-12 14:00:00,2024-05-12 16:00:00,-0.030100000000000002
Netherlands,NLD,2024-05-12 15:00:00,2024-05-12 17:00:00,-0.0010500000000000002
Netherlands,NLD,2024-05-12 16:00:00,2024-05-12 18:00:00,0.02484
Netherlands,NLD,2024-05-12 17:00:00,2024-05-12 19:00:00,0.06752
Netherlands,NLD,2024-05-12 18:00:00,2024-05-12 20:00:00,0.08374
Netherlands,NLD,2024-05-12 19:00:00,2024-05-12 21:00:00,0.060020000000000004
Netherlands,NLD,2024-05-12 20:00:00,2024-05-12 22:00:00,0.046759999999999996
Netherlands,NLD,2024-05-12 21:00:00,2024-05-12 23:00:00,0.03742
Netherlands,NLD,2024-05-12 22:00:00,2024-05-13 00:00:00,0.027120000000000002
Netherlands,NLD,2024-05-12 23:00:00,2024-05-13 01:00:00,0.02608
Netherlands,NLD,2024-05-13 00:00:00,2024-05-13 02:00:00,0.02584
Netherlands,NLD,2024-05-13 01:00:00,2024-05-13 03:00:00,0.02491
Netherlands,NLD,2024-05-13 02:00:00,2024-05-13 04:00:00,0.02723
Netherlands,NLD,2024-05-13 03:00:00,2024-05-13 05:00:00,0.042
Netherlands,NLD,2024-05-13 04:00:00,2024-05-13 06:00:00,0.07692
Netherlands,NLD,2024-05-13 05:00:00,2024-05-13 07:00:00,0.10095
Netherlands,NLD,2024-05-13 06:00:00,2024-05-13 08:00:00,0.08419
Netherlands,NLD,2024-05-13 07:00:00,2024-05-13 09:00:00,0.04489
Netherlands,NLD,2024-05-13 08:00:00,2024-05-13 10:00:00,0.0111
Netherlands,NLD,2024-05-13 09:00:00,2024-05-13 11:00:00,-0.00035
Netherlands,NLD,2024-05-13 10:00:00,2024-05-13 12:00:00,-0.00189
Netherlands,NLD,2024-05-13 11:00:00,2024-05-13 13:00:00,-0.00155
Netherlands,NLD,2024-05-13 12:00:00,2024-05-13 14:00:00,-0.0016899999999999999
Netherlands,NLD,2024-05-13 13:00:00,2024-05-13 15:00:00,-0.0001
Netherlands,NLD,2024-05-13 14:00:00,2024-05-13 16:00:00,0.00109
Netherlands,NLD,2024-05-13 15:00:00,2024-05-13 17:00:00,0.06663
Netherlands,NLD,2024-05-13 16:00:00,2024-05-13 18:00:00,0.09673000000000001
Netherlands,NLD,2024-05-13 17:00:00,2024-05-13 19:00:00,0.15378
Netherlands,NLD,2024-05-13 18:00:00,2024-05-13 20:00:00,0.14939
Netherlands,NLD,2024-05-13 19:00:00,2024-05-13 21:00:00,0.1
Netherlands,NLD,2024-05-13 20:00:00,2024-05-13 22:00:00,0.08441
Netherlands,NLD,2024-05-13 21:00:00,2024-05-13 23:00:00,0.0601
Netherlands,NLD,2024-05-13 22:00:00,2024-05-14 00:00:00,0.0636
Netherlands,NLD,2024-05-13 23:00:00,2024-05-14 01:00:00,0.055299999999999995
Netherlands,NLD,2024-05-14 00:00:00,2024-05-14 02:00:00,0.045
Netherlands,NLD,2024-05-14 01:00:00,2024-05-14 03:00:00,0.04265
Netherlands,NLD,2024-05-14 02:00:00,2024-05-14 04:00:00,0.0376
Netherlands,NLD,2024-05-14 03:00:00,2024-05-14 05:00:00,0.0466
Netherlands,NLD,2024-05-14 04:00:00,2024-05-14 06:00:00,0.07568000000000001
Netherlands,NLD,2024-05-14 05:00:00,2024-05-14 07:00:00,0.07237
Netherlands,NLD,2024-05-14 06:00:00,2024-05-14 08:00:00,0.04615
Netherlands,NLD,2024-05-14 07:00:00,2024-05-14 09:00:00,0.00578
Netherlands,NLD,2024-05-14 08:00:00,2024-05-14 10:00:00,-0.0024700000000000004
Netherlands,NLD,2024-05-14 09:00:00,2024-05-14 11:00:00,-0.020059999999999998
Netherlands,NLD,2024-05-14 10:00:00,2024-05-14 12:00:00,-0.05001
Netherlands,NLD,2024-05-14 11:00:00,2024-05-14 13:00:00,-0.07
Netherlands,NLD,2024-05-14 12:00:00,2024-05-14 14:00:00,-0.05702
Netherlands,NLD,2024-05-14 13:00:00,2024-05-14 15:00:00,-0.035
Netherlands,NLD,2024-05-14 14:00:00,2024-05-14 16:00:00,-0.0025
Netherlands,NLD,2024-05-14 15:00:00,2024-05-14 17:00:00,0.00076
Netherlands,NLD,2024-05-14 16:00:00,2024-05-14 18:00:00,0.06495000000000001
Netherlands,NLD,2024-05-14 17:00:00,2024-05-14 19:00:00,0.09645000000000001
Netherlands,NLD,2024-05-14 18:00:00,2024-05-14 20:00:00,0.112
Netherlands,NLD,2024-05-14 19:00:00,2024-05-14 21:00:00,0.1001
Netherlands,NLD,2024-05-14 20:00:00,2024-05-14 22:00:00,0.08923
Netherlands,NLD,2024-05-14 21:00:00,2024-05-14 23:00:00,0.1
Netherlands,NLD,2024-05-14 22:00:00,2024-05-15 00:00:00,0.10989
Netherlands,NLD,2024-05-14 23:00:00,2024-05-15 01:00:00,0.0853
Netherlands,NLD,2024-05-15 00:00:00,2024-05-15 02:00:00,0.08209999999999999
Netherlands,NLD,2024-05-15 01:00:00,2024-05-15 03:00:00,0.074
Netherlands,NLD,2024-05-15 02:00:00,2024-05-15 04:00:00,0.083
Netherlands,NLD,2024-05-15 03:00:00,2024-05-15 05:00:00,0.08109999999999999
Netherlands,NLD,2024-05-15 04:00:00,2024-05-15 06:00:00,0.0778
Netherlands,NLD,2024-05-15 05:00:00,2024-05-15 07:00:00,0.08003
Netherlands,NLD,2024-05-15 06:00:00,2024-05-15 08:00:00,0.0756
Netherlands,NLD,2024-05-15 07:00:00,2024-05-15 09:00:00,0.04352
Netherlands,NLD,2024-05-15 08:00:00,2024-05-15 10:00:00,0.0086
Netherlands,NLD,2024-05-15 09:00:00,2024-05-15 11:00:00,0.00592
Netherlands,NLD,2024-05-15 10:00:00,2024-05-15 12:00:00,0.0
Netherlands,NLD,2024-05-15 11:00:00,2024-05-15 13:00:00,-0.00131
Netherlands,NLD,2024-05-15 12:00:00,2024-05-15 14:00:00,-0.00095
Netherlands,NLD,2024-05-15 13:00:00,2024-05-15 15:00:00,0.0033399999999999997
Netherlands,NLD,2024-05-15 14:00:00,2024-05-15 16:00:00,0.01
Netherlands,NLD,2024-05-15 15:00:00,2024-05-15 17:00:00,0.10191
Netherlands,NLD,2024-05-15 16:00:00,2024-05-15 18:00:00,0.0878
Netherlands,NLD,2024-05-15 17:00:00,2024-05-15 19:00:00,0.111
Netherlands,NLD,2024-05-15 18:00:00,2024-05-15 20:00:00,0.11586
Netherlands,NLD,2024-05-15 19:00:00,2024-05-15 21:00:00,0.1
Netherlands,NLD,2024-05-15 20:00:00,2024-05-15 22:00:00,0.0973
Netherlands,NLD,2024-05-15 21:00:00,2024-05-15 23:00:00,0.09340000000000001
Netherlands,NLD,2024-05-15 22:00:00,2024-05-16 00:00:00,0.098
Netherlands,NLD,2024-05-15 23:00:00,2024-05-16 01:00:00,0.0856
Netherlands,NLD,2024-05-16 00:00:00,2024-05-16 02:00:00,0.0712
Netherlands,NLD,2024-05-16 01:00:00,2024-05-16 03:00:00,0.06975
Netherlands,NLD,2024-05-16 02:00:00,2024-05-16 04:00:00,0.064
Netherlands,NLD,2024-05-16 03:00:00,2024-05-16 05:00:00,0.075
Netherlands,NLD,2024-05-16 04:00:00,2024-05-16 06:00:00,0.08106000000000001
Netherlands,NLD,2024-05-16 05:00:00,2024-05-16 07:00:00,0.08721
Netherlands,NLD,2024-05-16 06:00:00,2024-05-16 08:00:00,0.11194
Netherlands,NLD,2024-05-16 07:00:00,2024-05-16 09:00:00,0.08034000000000001
Netherlands,NLD,2024-05-16 08:00:00,2024-05-16 10:00:00,0.04392
Netherlands,NLD,2024-05-16 09:00:00,2024-05-16 11:00:00,0.016
Netherlands,NLD,2024-05-16 10:00:00,2024-05-16 12:00:00,0.004889999999999999
Netherlands,NLD,2024-05-16 11:00:00,2024-05-16 13:00:00,0.00044
Netherlands,NLD,2024-05-16 12:00:00,2024-05-16 14:00:00,0.00138
Netherlands,NLD,2024-05-16 13:00:00,2024-05-16 15:00:00,0.0022400000000000002
Netherlands,NLD,2024-05-16 14:00:00,2024-05-16 16:00:00,0.061
Netherlands,NLD,2024-05-16 15:00:00,2024-05-16 17:00:00,0.1
Netherlands,NLD,2024-05-16 16:00:00,2024-05-16 18:00:00,0.1
Netherlands,NLD,2024-05-16 17:00:00,2024-05-16 19:00:00,0.104
Netherlands,NLD,2024-05-16 18:00:00,2024-05-16 20:00:00,0.119
Netherlands,NLD,2024-05-16 19:00:00,2024-05-16 21:00:00,0.09973
Netherlands,NLD,2024-05-16 20:00:00,2024-05-16 22:00:00,0.083
Netherlands,NLD,2024-05-16 21:00:00,2024-05-16 23:00:00,0.07452
Netherlands,NLD,2024-05-16 22:00:00,2024-05-17 00:00:00,0.1
Netherlands,NLD,2024-05-16 23:00:00,2024-05-17 01:00:00,0.09254000000000001
Netherlands,NLD,2024-05-17 00:00:00,2024-05-17 02:00:00,0.0901
Netherlands,NLD,2024-05-17 01:00:00,2024-05-17 03:00:00,0.08138
Netherlands,NLD,2024-05-17 02:00:00,2024-05-17 04:00:00,0.08
Netherlands,NLD,2024-05-17 03:00:00,2024-05-17 05:00:00,0.0901
Netherlands,NLD,2024-05-17 04:00:00,2024-05-17 06:00:00,0.08964
Netherlands,NLD,2024-05-17 05:00:00,2024-05-17 07:00:00,0.09926
Netherlands,NLD,2024-05-17 06:00:00,2024-05-17 08:00:00,0.09764
Netherlands,NLD,2024-05-17 07:00:00,2024-05-17 09:00:00,0.10690000000000001
Netherlands,NLD,2024-05-17 08:00:00,2024-05-17 10:00:00,0.08220000000000001
Netherlands,NLD,2024-05-17 09:00:00,2024-05-17 11:00:00,0.057
Netherlands,NLD,2024-05-17 10:00:00,2024-05-17 12:00:00,0.03786
Netherlands,NLD,2024-05-17 11:00:00,2024-05-17 13:00:00,0.03436
Netherlands,NLD,2024-05-17 12:00:00,2024-05-17 14:00:00,0.04373
Netherlands,NLD,2024-05-17 13:00:00,2024-05-17 15:00:00,0.055
Netherlands,NLD,2024-05-17 14:00:00,2024-05-17 16:00:00,0.0855
Netherlands,NLD,2024-05-17 15:00:00,2024-05-17 17:00:00,0.087
Netherlands,NLD,2024-05-17 16:00:00,2024-05-17 18:00:00,0.09
Netherlands,NLD,2024-05-17 17:00:00,2024-05-17 19:00:00,0.108
Netherlands,NLD,2024-05-17 18:00:00,2024-05-17 20:00:00,0.112
Netherlands,NLD,2024-05-17 19:00:00,2024-05-17 21:00:00,0.1015
Netherlands,NLD,2024-05-17 20:00:00,2024-05-17 22:00:00,0.09
Netherlands,NLD,2024-05-17 21:00:00,2024-05-17 23:00:00,0.083
Netherlands,NLD,2024-05-17 22:00:00,2024-05-18 00:00:00,0.08366
Netherlands,NLD,2024-05-17 23:00:00,2024-05-18 01:00:00,0.06357
Netherlands,NLD,2024-05-18 00:00:00,2024-05-18 02:00:00,0.0697
Netherlands,NLD,2024-05-18 01:00:00,2024-05-18 03:00:00,0.059340000000000004
Netherlands,NLD,2024-05-18 02:00:00,2024-05-18 04:00:00,0.0625
Netherlands,NLD,2024-05-18 03:00:00,2024-05-18 05:00:00,0.06458
Netherlands,NLD,2024-05-18 04:00:00,2024-05-18 06:00:00,0.0648
Netherlands,NLD,2024-05-18 05:00:00,2024-05-18 07:00:00,0.06431
Netherlands,NLD,2024-05-18 06:00:00,2024-05-18 08:00:00,0.05829
Netherlands,NLD,2024-05-18 07:00:00,2024-05-18 09:00:00,0.04269
Netherlands,NLD,2024-05-18 08:00:00,2024-05-18 10:00:00,0.00943
Netherlands,NLD,2024-05-18 09:00:00,2024-05-18 11:00:00,0.0007099999999999999
Netherlands,NLD,2024-05-18 10:00:00,2024-05-18 12:00:00,-2.9999999999999997e-05
Netherlands,NLD,2024-05-18 11:00:00,2024-05-18 13:00:00,-0.0012900000000000001
Netherlands,NLD,2024-05-18 12:00:00,2024-05-18 14:00:00,-0.00279
Netherlands,NLD,2024-05-18 13:00:00,2024-05-18 15:00:00,-0.0019199999999999998
Netherlands,NLD,2024-05-18 14:00:00,2024-05-18 16:00:00,-2.9999999999999997e-05
Netherlands,NLD,2024-05-18 15:00:00,2024-05-18 17:00:00,0.04275
Netherlands,NLD,2024-05-18 16:00:00,2024-05-18 18:00:00,0.07
Netherlands,NLD,2024-05-18 17:00:00,2024-05-18 19:00:00,0.10233
Netherlands,NLD,2024-05-18 18:00:00,2024-05-18 20:00:00,0.12411
Netherlands,NLD,2024-05-18 19:00:00,2024-05-18 21:00:00,0.11388
Netherlands,NLD,2024-05-18 20:00:00,2024-05-18 22:00:00,0.09540000000000001
Netherlands,NLD,2024-05-18 21:00:00,2024-05-18 23:00:00,0.0866
Netherlands,NLD,2024-05-18 22:00:00,2024-05-19 00:00:00,0.09489
Netherlands,NLD,2024-05-18 23:00:00,2024-05-19 01:00:00,0.08932999999999999
Netherlands,NLD,2024-05-19 00:00:00,2024-05-19 02:00:00,0.09
Netherlands,NLD,2024-05-19 01:00:00,2024-05-19 03:00:00,0.08475
Netherlands,NLD,2024-05-19 02:00:00,2024-05-19 04:00:00,0.08695
Netherlands,NLD,2024-05-19 03:00:00,2024-05-19 05:00:00,0.08076
Netherlands,NLD,2024-05-19 04:00:00,2024-05-19 06:00:00,0.07536
Netherlands,NLD,2024-05-19 05:00:00,2024-05-19 07:00:00,0.06837
Netherlands,NLD,2024-05-19 06:00:00,2024-05-19 08:00:00,0.049890000000000004
Netherlands,NLD,2024-05-19 07:00:00,2024-05-19 09:00:00,0.0058200000000000005
Netherlands,NLD,2024-05-19 08:00:00,2024-05-19 10:00:00,-0.00431
Netherlands,NLD,2024-05-19 09:00:00,2024-05-19 11:00:00,-0.05
Netherlands,NLD,2024-05-19 10:00:00,2024-05-19 12:00:00,-0.06406999999999999
Netherlands,NLD,2024-05-19 11:00:00,2024-05-19 13:00:00,-0.08
Netherlands,NLD,2024-05-19 12:00:00,2024-05-19 14:00:00,-0.07
Netherlands,NLD,2024-05-19 13:00:00,2024-05-19 15:00:00,-0.0499
Netherlands,NLD,2024-05-19 14:00:00,2024-05-19 16:00:00,-0.0136
Netherlands,NLD,2024-05-19 15:00:00,2024-05-19 17:00:00,-8.999999999999999e-05
Netherlands,NLD,2024-05-19 16:00:00,2024-05-19 18:00:00,0.05942
Netherlands,NLD,2024-05-19 17:00:00,2024-05-19 19:00:00,0.0834
Netherlands,NLD,2024-05-19 18:00:00,2024-05-19 20:00:00,0.10632
Netherlands,NLD,2024-05-19 19:00:00,2024-05-19 21:00:00,0.11476
Netherlands,NLD,2024-05-19 20:00:00,2024-05-19 22:00:00,0.09101999999999999
Netherlands,NLD,2024-05-19 21:00:00,2024-05-19 23:00:00,0.08305
Netherlands,NLD,2024-05-19 22:00:00,2024-05-20 00:00:00,0.08275
Netherlands,NLD,2024-05-19 23:00:00,2024-05-20 01:00:00,0.07105
Netherlands,NLD,2024-05-20 00:00:00,2024-05-20 02:00:00,0.07805
Netherlands,NLD,2024-05-20 01:00:00,2024-05-20 03:00:00,0.07185
Netherlands,NLD,2024-05-20 02:00:00,2024-05-20 04:00:00,0.0735
Netherlands,NLD,2024-05-20 03:00:00,2024-05-20 05:00:00,0.08131999999999999
Netherlands,NLD,2024-05-20 04:00:00,2024-05-20 06:00:00,0.09333
Netherlands,NLD,2024-05-20 05:00:00,2024-05-20 07:00:00,0.09470999999999999
Netherlands,NLD,2024-05-20 06:00:00,2024-05-20 08:00:00,0.06699
Netherlands,NLD,2024-05-20 07:00:00,2024-05-20 09:00:00,0.03164
Netherlands,NLD,2024-05-20 08:00:00,2024-05-20 10:00:00,0.01256
Netherlands,NLD,2024-05-20 09:00:00,2024-05-20 11:00:00,0.0061600000000000005
Netherlands,NLD,2024-05-20 10:00:00,2024-05-20 12:00:00,0.00219
Netherlands,NLD,2024-05-20 11:00:00,2024-05-20 13:00:00,0.00013000000000000002
Netherlands,NLD,2024-05-20 12:00:00,2024-05-20 14:00:00,-0.00017999999999999998
Netherlands,NLD,2024-05-20 13:00:00,2024-05-20 15:00:00,-0.00011
Netherlands,NLD,2024-05-20 14:00:00,2024-05-20 16:00:00,0.00487
Netherlands,NLD,2024-05-20 15:00:00,2024-05-20 17:00:00,0.05534
Netherlands,NLD,2024-05-20 16:00:00,2024-05-20 18:00:00,0.07894
Netherlands,NLD,2024-05-20 17:00:00,2024-05-20 19:00:00,0.10596
Netherlands,NLD,2024-05-20 18:00:00,2024-05-20 20:00:00,0.12576
Netherlands,NLD,2024-05-20 19:00:00,2024-05-20 21:00:00,0.11678
Netherlands,NLD,2024-05-20 20:00:00,2024-05-20 22:00:00,0.09663
Netherlands,NLD,2024-05-20 21:00:00,2024-05-20 23:00:00,0.07986
Netherlands,NLD,2024-05-20 22:00:00,2024-05-21 00:00:00,0.08942
Netherlands,NLD,2024-05-20 23:00:00,2024-05-21 01:00:00,0.08381999999999999
Netherlands,NLD,2024-05-21 00:00:00,2024-05-21 02:00:00,0.07745999999999999
Netherlands,NLD,2024-05-21 01:00:00,2024-05-21 03:00:00,0.07706
Netherlands,NLD,2024-05-21 02:00:00,2024-05-21 04:00:00,0.078
Netherlands,NLD,2024-05-21 03:00:00,2024-05-21 05:00:00,0.0866
Netherlands,NLD,2024-05-21 04:00:00,2024-05-21 06:00:00,0.11131999999999999
Netherlands,NLD,2024-05-21 05:00:00,2024-05-21 07:00:00,0.11709
Netherlands,NLD,2024-05-21 06:00:00,2024-05-21 08:00:00,0.09639
Netherlands,NLD,2024-05-21 07:00:00,2024-05-21 09:00:00,0.07623999999999999
Netherlands,NLD,2024-05-21 08:00:00,2024-05-21 10:00:00,0.0616
Netherlands,NLD,2024-05-21 09:00:00,2024-05-21 11:00:00,0.04926
Netherlands,NLD,2024-05-21 10:00:00,2024-05-21 12:00:00,0.02741
Netherlands,NLD,2024-05-21 11:00:00,2024-05-21 13:00:00,0.02916
Netherlands,NLD,2024-05-21 12:00:00,2024-05-21 14:00:00,0.03321
Netherlands,NLD,2024-05-21 13:00:00,2024-05-21 15:00:00,0.06078
Netherlands,NLD,2024-05-21 14:00:00,2024-05-21 16:00:00,0.06912
Netherlands,NLD,2024-05-21 15:00:00,2024-05-21 17:00:00,0.08009999999999999
Netherlands,NLD,2024-05-21 16:00:00,2024-05-21 18:00:00,0.10790000000000001
Netherlands,NLD,2024-05-21 17:00:00,2024-05-21 19:00:00,0.11599
Netherlands,NLD,2024-05-21 18:00:00,2024-05-21 20:00:00,0.10694
Netherlands,NLD,2024-05-21 19:00:00,2024-05-21 21:00:00,0.10584
Netherlands,NLD,2024-05-21 20:00:00,2024-05-21 22:00:00,0.1014
Netherlands,NLD,2024-05-21 21:00:00,2024-05-21 23:00:00,0.108
Netherlands,NLD,2024-05-21 22:00:00,2024-05-22 00:00:00,0.10524
Netherlands,NLD,2024-05-21 23:00:00,2024-05-22 01:00:00,0.09322
Netherlands,NLD,2024-05-22 00:00:00,2024-05-22 02:00:00,0.075
Netherlands,NLD,2024-05-22 01:00:00,2024-05-22 03:00:00,0.068
Netherlands,NLD,2024-05-22 02:00:00,2024-05-22 04:00:00,0.07021
Netherlands,NLD,2024-05-22 03:00:00,2024-05-22 05:00:00,0.06992
Netherlands,NLD,2024-05-22 04:00:00,2024-05-22 06:00:00,0.08524
Netherlands,NLD,2024-05-22 05:00:00,2024-05-22 07:00:00,0.09595000000000001
Netherlands,NLD,2024-05-22 06:00:00,2024-05-22 08:00:00,0.09
Netherlands,NLD,2024-05-22 07:00:00,2024-05-22 09:00:00,0.07488
Netherlands,NLD,2024-05-22 08:00:00,2024-05-22 10:00:00,0.06335
Netherlands,NLD,2024-05-22 09:00:00,2024-05-22 11:00:00,0.060719999999999996
Netherlands,NLD,2024-05-22 10:00:00,2024-05-22 12:00:00,-0.0065
Netherlands,NLD,2024-05-22 11:00:00,2024-05-22 13:00:00,-0.01001
Netherlands,NLD,2024-05-22 12:00:00,2024-05-22 14:00:00,-0.00479
Netherlands,NLD,2024-05-22 13:00:00,2024-05-22 15:00:00,0.0
Netherlands,NLD,2024-05-22 14:00:00,2024-05-22 16:00:00,0.01434
Netherlands,NLD,2024-05-22 15:00:00,2024-05-22 17:00:00,0.07231
Netherlands,NLD,2024-05-22 16:00:00,2024-05-22 18:00:00,0.09215999999999999
Netherlands,NLD,2024-05-22 17:00:00,2024-05-22 19:00:00,0.0999
Netherlands,NLD,2024-05-22 18:00:00,2024-05-22 20:00:00,0.13652
Netherlands,NLD,2024-05-22 19:00:00,2024-05-22 21:00:00,0.11734
Netherlands,NLD,2024-05-22 20:00:00,2024-05-22 22:00:00,0.09969
Netherlands,NLD,2024-05-22 21:00:00,2024-05-22 23:00:00,0.08774
Netherlands,NLD,2024-05-22 22:00:00,2024-05-23 00:00:00,0.07534
Netherlands,NLD,2024-05-22 23:00:00,2024-05-23 01:00:00,0.07207
Netherlands,NLD,2024-05-23 00:00:00,2024-05-23 02:00:00,0.06647
Netherlands,NLD,2024-05-23 01:00:00,2024-05-23 03:00:00,0.06931
Netherlands,NLD,2024-05-23 02:00:00,2024-05-23 04:00:00,0.06891
Netherlands,NLD,2024-05-23 03:00:00,2024-05-23 05:00:00,0.07498
Netherlands,NLD,2024-05-23 04:00:00,2024-05-23 06:00:00,0.09431999999999999
Netherlands,NLD,2024-05-23 05:00:00,2024-05-23 07:00:00,0.11101000000000001
Netherlands,NLD,2024-05-23 06:00:00,2024-05-23 08:00:00,0.09592
Netherlands,NLD,2024-05-23 07:00:00,2024-05-23 09:00:00,0.07515000000000001
Netherlands,NLD,2024-05-23 08:00:00,2024-05-23 10:00:00,0.07103
Netherlands,NLD,2024-05-23 09:00:00,2024-05-23 11:00:00,0.061020000000000005
Netherlands,NLD,2024-05-23 10:00:00,2024-05-23 12:00:00,0.05
Netherlands,NLD,2024-05-23 11:00:00,2024-05-23 13:00:00,0.0439
Netherlands,NLD,2024-05-23 12:00:00,2024-05-23 14:00:00,0.05331
Netherlands,NLD,2024-05-23 13:00:00,2024-05-23 15:00:00,0.06262
Netherlands,NLD,2024-05-23 14:00:00,2024-05-23 16:00:00,0.07561
Netherlands,NLD,2024-05-23 15:00:00,2024-05-23 17:00:00,0.08829000000000001
Netherlands,NLD,2024-05-23 16:00:00,2024-05-23 18:00:00,0.10251
Netherlands,NLD,2024-05-23 17:00:00,2024-05-23 19:00:00,0.13
Netherlands,NLD,2024-05-23 18:00:00,2024-05-23 20:00:00,0.16541
Netherlands,NLD,2024-05-23 19:00:00,2024-05-23 21:00:00,0.14754
Netherlands,NLD,2024-05-23 20:00:00,2024-05-23 22:00:00,0.12354000000000001
Netherlands,NLD,2024-05-23 21:00:00,2024-05-23 23:00:00,0.10337
Netherlands,NLD,2024-05-23 22:00:00,2024-05-24 00:00:00,0.10143
Netherlands,NLD,2024-05-23 23:00:00,2024-05-24 01:00:00,0.09273
Netherlands,NLD,2024-05-24 00:00:00,2024-05-24 02:00:00,0.08886
Netherlands,NLD,2024-05-24 01:00:00,2024-05-24 03:00:00,0.08943999999999999
Netherlands,NLD,2024-05-24 02:00:00,2024-05-24 04:00:00,0.09431
Netherlands,NLD,2024-05-24 03:00:00,2024-05-24 05:00:00,0.10077
Netherlands,NLD,2024-05-24 04:00:00,2024-05-24 06:00:00,0.11932
Netherlands,NLD,2024-05-24 05:00:00,2024-05-24 07:00:00,0.11743
Netherlands,NLD,2024-05-24 06:00:00,2024-05-24 08:00:00,0.11078
Netherlands,NLD,2024-05-24 07:00:00,2024-05-24 09:00:00,0.102
Netherlands,NLD,2024-05-24 08:00:00,2024-05-24 10:00:00,0.09128
Netherlands,NLD,2024-05-24 09:00:00,2024-05-24 11:00:00,0.08414
Netherlands,NLD,2024-05-24 10:00:00,2024-05-24 12:00:00,0.08322
Netherlands,NLD,2024-05-24 11:00:00,2024-05-24 13:00:00,0.08139
Netherlands,NLD,2024-05-24 12:00:00,2024-05-24 14:00:00,0.08123000000000001
Netherlands,NLD,2024-05-24 13:00:00,2024-05-24 15:00:00,0.08338
Netherlands,NLD,2024-05-24 14:00:00,2024-05-24 16:00:00,0.084
Netherlands,NLD,2024-05-24 15:00:00,2024-05-24 17:00:00,0.096
Netherlands,NLD,2024-05-24 16:00:00,2024-05-24 18:00:00,0.10779999999999999
Netherlands,NLD,2024-05-24 17:00:00,2024-05-24 19:00:00,0.12337999999999999
Netherlands,NLD,2024-05-24 18:00:00,2024-05-24 20:00:00,0.12086
Netherlands,NLD,2024-05-24 19:00:00,2024-05-24 21:00:00,0.11583
Netherlands,NLD,2024-05-24 20:00:00,2024-05-24 22:00:00,0.10967
Netherlands,NLD,2024-05-24 21:00:00,2024-05-24 23:00:00,0.09984
Netherlands,NLD,2024-05-24 22:00:00,2024-05-25 00:00:00,0.09487999999999999
Netherlands,NLD,2024-05-24 23:00:00,2024-05-25 01:00:00,0.09087
Netherlands,NLD,2024-05-25 00:00:00,2024-05-25 02:00:00,0.09021
Netherlands,NLD,2024-05-25 01:00:00,2024-05-25 03:00:00,0.08938
Netherlands,NLD,2024-05-25 02:00:00,2024-05-25 04:00:00,0.08929000000000001
Netherlands,NLD,2024-05-25 03:00:00,2024-05-25 05:00:00,0.09
Netherlands,NLD,2024-05-25 04:00:00,2024-05-25 06:00:00,0.09068000000000001
Netherlands,NLD,2024-05-25 05:00:00,2024-05-25 07:00:00,0.08269
Netherlands,NLD,2024-05-25 06:00:00,2024-05-25 08:00:00,0.08212
Netherlands,NLD,2024-05-25 07:00:00,2024-05-25 09:00:00,0.0874
Netherlands,NLD,2024-05-25 08:00:00,2024-05-25 10:00:00,0.054229999999999993
Netherlands,NLD,2024-05-25 09:00:00,2024-05-25 11:00:00,0.00934
Netherlands,NLD,2024-05-25 10:00:00,2024-05-25 12:00:00,0.0032400000000000003
Netherlands,NLD,2024-05-25 11:00:00,2024-05-25 13:00:00,4e-05
Netherlands,NLD,2024-05-25 12:00:00,2024-05-25 14:00:00,0.0
Netherlands,NLD,2024-05-25 13:00:00,2024-05-25 15:00:00,2e-05
Netherlands,NLD,2024-05-25 14:00:00,2024-05-25 16:00:00,0.01287
Netherlands,NLD,2024-05-25 15:00:00,2024-05-25 17:00:00,0.06522
Netherlands,NLD,2024-05-25 16:00:00,2024-05-25 18:00:00,0.08608
Netherlands,NLD,2024-05-25 17:00:00,2024-05-25 19:00:00,0.105
Netherlands,NLD,2024-05-25 18:00:00,2024-05-25 20:00:00,0.12436
Netherlands,NLD,2024-05-25 19:00:00,2024-05-25 21:00:00,0.13479
Netherlands,NLD,2024-05-25 20:00:00,2024-05-25 22:00:00,0.11331999999999999
Netherlands,NLD,2024-05-25 21:00:00,2024-05-25 23:00:00,0.10323
Netherlands,NLD,2024-05-25 22:00:00,2024-05-26 00:00:00,0.11712
Netherlands,NLD,2024-05-25 23:00:00,2024-05-26 01:00:00,0.0992
Netherlands,NLD,2024-05-26 00:00:00,2024-05-26 02:00:00,0.09405
Netherlands,NLD,2024-05-26 01:00:00,2024-05-26 03:00:00,0.0901
Netherlands,NLD,2024-05-26 02:00:00,2024-05-26 04:00:00,0.09215000000000001
Netherlands,NLD,2024-05-26 03:00:00,2024-05-26 05:00:00,0.09002
Netherlands,NLD,2024-05-26 04:00:00,2024-05-26 06:00:00,0.08206999999999999
Netherlands,NLD,2024-05-26 05:00:00,2024-05-26 07:00:00,0.0719
Netherlands,NLD,2024-05-26 06:00:00,2024-05-26 08:00:00,0.01325
Netherlands,NLD,2024-05-26 07:00:00,2024-05-26 09:00:00,2e-05
Netherlands,NLD,2024-05-26 08:00:00,2024-05-26 10:00:00,0.0
Netherlands,NLD,2024-05-26 09:00:00,2024-05-26 11:00:00,-8.999999999999999e-05
Netherlands,NLD,2024-05-26 10:00:00,2024-05-26 12:00:00,-0.00212
Netherlands,NLD,2024-05-26 11:00:00,2024-05-26 13:00:00,-0.01066
Netherlands,NLD,2024-05-26 12:00:00,2024-05-26 14:00:00,-0.02389
Netherlands,NLD,2024-05-26 13:00:00,2024-05-26 15:00:00,-0.00991
Netherlands,NLD,2024-05-26 14:00:00,2024-05-26 16:00:00,-0.0006
Netherlands,NLD,2024-05-26 15:00:00,2024-05-26 17:00:00,0.05533
Netherlands,NLD,2024-05-26 16:00:00,2024-05-26 18:00:00,0.09117
Netherlands,NLD,2024-05-26 17:00:00,2024-05-26 19:00:00,0.10091
Netherlands,NLD,2024-05-26 18:00:00,2024-05-26 20:00:00,0.11349
Netherlands,NLD,2024-05-26 19:00:00,2024-05-26 21:00:00,0.10895999999999999
Netherlands,NLD,2024-05-26 20:00:00,2024-05-26 22:00:00,0.09841
Netherlands,NLD,2024-05-26 21:00:00,2024-05-26 23:00:00,0.0875
Netherlands,NLD,2024-05-26 22:00:00,2024-05-27 00:00:00,0.07029
Netherlands,NLD,2024-05-26 23:00:00,2024-05-27 01:00:00,0.06896
Netherlands,NLD,2024-05-27 00:00:00,2024-05-27 02:00:00,0.0679
Netherlands,NLD,2024-05-27 01:00:00,2024-05-27 03:00:00,0.06787
Netherlands,NLD,2024-05-27 02:00:00,2024-05-27 04:00:00,0.0703
Netherlands,NLD,2024-05-27 03:00:00,2024-05-27 05:00:00,0.07629999999999999
Netherlands,NLD,2024-05-27 04:00:00,2024-05-27 06:00:00,0.09714
Netherlands,NLD,2024-05-27 05:00:00,2024-05-27 07:00:00,0.11056
Netherlands,NLD,2024-05-27 06:00:00,2024-05-27 08:00:00,0.10503
Netherlands,NLD,2024-05-27 07:00:00,2024-05-27 09:00:00,0.09176000000000001
Netherlands,NLD,2024-05-27 08:00:00,2024-05-27 10:00:00,0.08
Netherlands,NLD,2024-05-27 09:00:00,2024-05-27 11:00:00,0.0773
Netherlands,NLD,2024-05-27 10:00:00,2024-05-27 12:00:00,0.07011
Netherlands,NLD,2024-05-27 11:00:00,2024-05-27 13:00:00,0.06675
Netherlands,NLD,2024-05-27 12:00:00,2024-05-27 14:00:00,0.06497
Netherlands,NLD,2024-05-27 13:00:00,2024-05-27 15:00:00,0.06801
Netherlands,NLD,2024-05-27 14:00:00,2024-05-27 16:00:00,0.07249
Netherlands,NLD,2024-05-27 15:00:00,2024-05-27 17:00:00,0.09079999999999999
Netherlands,NLD,2024-05-27 16:00:00,2024-05-27 18:00:00,0.10629000000000001
Netherlands,NLD,2024-05-27 17:00:00,2024-05-27 19:00:00,0.13044
Netherlands,NLD,2024-05-27 18:00:00,2024-05-27 20:00:00,0.15462
Netherlands,NLD,2024-05-27 19:00:00,2024-05-27 21:00:00,0.14127
Netherlands,NLD,2024-05-27 20:00:00,2024-05-27 22:00:00,0.11464
Netherlands,NLD,2024-05-27 21:00:00,2024-05-27 23:00:00,0.09745999999999999
Netherlands,NLD,2024-05-27 22:00:00,2024-05-28 00:00:00,0.09326999999999999
Netherlands,NLD,2024-05-27 23:00:00,2024-05-28 01:00:00,0.094
Netherlands,NLD,2024-05-28 00:00:00,2024-05-28 02:00:00,0.08764
Netherlands,NLD,2024-05-28 01:00:00,2024-05-28 03:00:00,0.08522
Netherlands,NLD,2024-05-28 02:00:00,2024-05-28 04:00:00,0.08395999999999999
Netherlands,NLD,2024-05-28 03:00:00,2024-05-28 05:00:00,0.0884
Netherlands,NLD,2024-05-28 04:00:00,2024-05-28 06:00:00,0.099
Netherlands,NLD,2024-05-28 05:00:00,2024-05-28 07:00:00,0.10524
Netherlands,NLD,2024-05-28 06:00:00,2024-05-28 08:00:00,0.09261
Netherlands,NLD,2024-05-28 07:00:00,2024-05-28 09:00:00,0.07748000000000001
Netherlands,NLD,2024-05-28 08:00:00,2024-05-28 10:00:00,0.0655
Netherlands,NLD,2024-05-28 09:00:00,2024-05-28 11:00:00,0.0582
Netherlands,NLD,2024-05-28 10:00:00,2024-05-28 12:00:00,0.05133
Netherlands,NLD,2024-05-28 11:00:00,2024-05-28 13:00:00,0.046439999999999995
Netherlands,NLD,2024-05-28 12:00:00,2024-05-28 14:00:00,0.04653
Netherlands,NLD,2024-05-28 13:00:00,2024-05-28 15:00:00,0.054939999999999996
Netherlands,NLD,2024-05-28 14:00:00,2024-05-28 16:00:00,0.06089
Netherlands,NLD,2024-05-28 15:00:00,2024-05-28 17:00:00,0.07307
Netherlands,NLD,2024-05-28 16:00:00,2024-05-28 18:00:00,0.08749
Netherlands,NLD,2024-05-28 17:00:00,2024-05-28 19:00:00,0.11765
Netherlands,NLD,2024-05-28 18:00:00,2024-05-28 20:00:00,0.13003
Netherlands,NLD,2024-05-28 19:00:00,2024-05-28 21:00:00,0.10667
Netherlands,NLD,2024-05-28 20:00:00,2024-05-28 22:00:00,0.08976
Netherlands,NLD,2024-05-28 21:00:00,2024-05-28 23:00:00,0.07956
Netherlands,NLD,2024-05-28 22:00:00,2024-05-29 00:00:00,0.0681
Netherlands,NLD,2024-05-28 23:00:00,2024-05-29 01:00:00,0.0531
Netherlands,NLD,2024-05-29 00:00:00,2024-05-29 02:00:00,0.04954
Netherlands,NLD,2024-05-29 01:00:00,2024-05-29 03:00:00,0.0442
Netherlands,NLD,2024-05-29 02:00:00,2024-05-29 04:00:00,0.042140000000000004
Netherlands,NLD,2024-05-29 03:00:00,2024-05-29 05:00:00,0.04187
Netherlands,NLD,2024-05-29 04:00:00,2024-05-29 06:00:00,0.0594
Netherlands,NLD,2024-05-29 05:00:00,2024-05-29 07:00:00,0.08005
Netherlands,NLD,2024-05-29 06:00:00,2024-05-29 08:00:00,0.08564
Netherlands,NLD,2024-05-29 07:00:00,2024-05-29 09:00:00,0.06448999999999999
Netherlands,NLD,2024-05-29 08:00:00,2024-05-29 10:00:00,0.0499
Netherlands,NLD,2024-05-29 09:00:00,2024-05-29 11:00:00,0.04159
Netherlands,NLD,2024-05-29 10:00:00,2024-05-29 12:00:00,0.03516
Netherlands,NLD,2024-05-29 11:00:00,2024-05-29 13:00:00,0.033100000000000004
Netherlands,NLD,2024-05-29 12:00:00,2024-05-29 14:00:00,0.03221
Netherlands,NLD,2024-05-29 13:00:00,2024-05-29 15:00:00,0.0432
Netherlands,NLD,2024-05-29 14:00:00,2024-05-29 16:00:00,0.06347
Netherlands,NLD,2024-05-29 15:00:00,2024-05-29 17:00:00,0.08177
Netherlands,NLD,2024-05-29 16:00:00,2024-05-29 18:00:00,0.08495
Netherlands,NLD,2024-05-29 17:00:00,2024-05-29 19:00:00,0.099
Netherlands,NLD,2024-05-29 18:00:00,2024-05-29 20:00:00,0.12692
Netherlands,NLD,2024-05-29 19:00:00,2024-05-29 21:00:00,0.1335
Netherlands,NLD,2024-05-29 20:00:00,2024-05-29 22:00:00,0.1133
Netherlands,NLD,2024-05-29 21:00:00,2024-05-29 23:00:00,0.10183
Netherlands,NLD,2024-05-29 22:00:00,2024-05-30 00:00:00,0.09845000000000001
Netherlands,NLD,2024-05-29 23:00:00,2024-05-30 01:00:00,0.0963
Netherlands,NLD,2024-05-30 00:00:00,2024-05-30 02:00:00,0.08403000000000001
Netherlands,NLD,2024-05-30 01:00:00,2024-05-30 03:00:00,0.0895
Netherlands,NLD,2024-05-30 02:00:00,2024-05-30 04:00:00,0.08395999999999999
Netherlands,NLD,2024-05-30 03:00:00,2024-05-30 05:00:00,0.08863
Netherlands,NLD,2024-05-30 04:00:00,2024-05-30 06:00:00,0.09547
Netherlands,NLD,2024-05-30 05:00:00,2024-05-30 07:00:00,0.09604
Netherlands,NLD,2024-05-30 06:00:00,2024-05-30 08:00:00,0.08768000000000001
Netherlands,NLD,2024-05-30 07:00:00,2024-05-30 09:00:00,0.08278
Netherlands,NLD,2024-05-30 08:00:00,2024-05-30 10:00:00,0.0723
Netherlands,NLD,2024-05-30 09:00:00,2024-05-30 11:00:00,0.06713
Netherlands,NLD,2024-05-30 10:00:00,2024-05-30 12:00:00,0.05947
Netherlands,NLD,2024-05-30 11:00:00,2024-05-30 13:00:00,0.0522
Netherlands,NLD,2024-05-30 12:00:00,2024-05-30 14:00:00,0.05266
Netherlands,NLD,2024-05-30 13:00:00,2024-05-30 15:00:00,0.056530000000000004
Netherlands,NLD,2024-05-30 14:00:00,2024-05-30 16:00:00,0.06996
Netherlands,NLD,2024-05-30 15:00:00,2024-05-30 17:00:00,0.07512
Netherlands,NLD,2024-05-30 16:00:00,2024-05-30 18:00:00,0.09390000000000001
Netherlands,NLD,2024-05-30 17:00:00,2024-05-30 19:00:00,0.11645
Netherlands,NLD,2024-05-30 18:00:00,2024-05-30 20:00:00,0.13349
Netherlands,NLD,2024-05-30 19:00:00,2024-05-30 21:00:00,0.12417
Netherlands,NLD,2024-05-30 20:00:00,2024-05-30 22:00:00,0.0993
Netherlands,NLD,2024-05-30 21:00:00,2024-05-30 23:00:00,0.09024
Netherlands,NLD,2024-05-30 22:00:00,2024-05-31 00:00:00,0.092
Netherlands,NLD,2024-05-30 23:00:00,2024-05-31 01:00:00,0.07876999999999999
Netherlands,NLD,2024-05-31 00:00:00,2024-05-31 02:00:00,0.06652
Netherlands,NLD,2024-05-31 01:00:00,2024-05-31 03:00:00,0.061700000000000005
Netherlands,NLD,2024-05-31 02:00:00,2024-05-31 04:00:00,0.062009999999999996
Netherlands,NLD,2024-05-31 03:00:00,2024-05-31 05:00:00,0.07518999999999999
Netherlands,NLD,2024-05-31 04:00:00,2024-05-31 06:00:00,0.08896
Netherlands,NLD,2024-05-31 05:00:00,2024-05-31 07:00:00,0.09151000000000001
Netherlands,NLD,2024-05-31 06:00:00,2024-05-31 08:00:00,0.09065000000000001
Netherlands,NLD,2024-05-31 07:00:00,2024-05-31 09:00:00,0.085
Netherlands,NLD,2024-05-31 08:00:00,2024-05-31 10:00:00,0.0772
Netherlands,NLD,2024-05-31 09:00:00,2024-05-31 11:00:00,0.07113
Netherlands,NLD,2024-05-31 10:00:00,2024-05-31 12:00:00,0.06266
Netherlands,NLD,2024-05-31 11:00:00,2024-05-31 13:00:00,0.05669
Netherlands,NLD,2024-05-31 12:00:00,2024-05-31 14:00:00,0.05008
Netherlands,NLD,2024-05-31 13:00:00,2024-05-31 15:00:00,0.04184
Netherlands,NLD,2024-05-31 14:00:00,2024-05-31 16:00:00,0.041479999999999996
Netherlands,NLD,2024-05-31 15:00:00,2024-05-31 17:00:00,0.06509999999999999
Netherlands,NLD,2024-05-31 16:00:00,2024-05-31 18:00:00,0.078
Netherlands,NLD,2024-05-31 17:00:00,2024-05-31 19:00:00,0.09084
Netherlands,NLD,2024-05-31 18:00:00,2024-05-31 20:00:00,0.09303
Netherlands,NLD,2024-05-31 19:00:00,2024-05-31 21:00:00,0.08314
Netherlands,NLD,2024-05-31 20:00:00,2024-05-31 22:00:00,0.08242000000000001
Netherlands,NLD,2024-05-31 21:00:00,2024-05-31 23:00:00,0.07102
Netherlands,NLD,2024-05-31 22:00:00,2024-06-01 00:00:00,0.06786
Netherlands,NLD,2024-05-31 23:00:00,2024-06-01 01:00:00,0.06777
Netherlands,NLD,2024-06-01 00:00:00,2024-06-01 02:00:00,0.0703
Netherlands,NLD,2024-06-01 01:00:00,2024-06-01 03:00:00,0.05793
Netherlands,NLD,2024-06-01 02:00:00,2024-06-01 04:00:00,0.06327
Netherlands,NLD,2024-06-01 03:00:00,2024-06-01 05:00:00,0.06562
Netherlands,NLD,2024-06-01 04:00:00,2024-06-01 06:00:00,0.0659
Netherlands,NLD,2024-06-01 05:00:00,2024-06-01 07:00:00,0.06164
Netherlands,NLD,2024-06-01 06:00:00,2024-06-01 08:00:00,0.06
Netherlands,NLD,2024-06-01 07:00:00,2024-06-01 09:00:00,0.05085
Netherlands,NLD,2024-06-01 08:00:00,2024-06-01 10:00:00,0.03797
Netherlands,NLD,2024-06-01 09:00:00,2024-06-01 11:00:00,0.03374
Netherlands,NLD,2024-06-01 10:00:00,2024-06-01 12:00:00,0.0171
Netherlands,NLD,2024-06-01 11:00:00,2024-06-01 13:00:00,0.00596
Netherlands,NLD,2024-06-01 12:00:00,2024-06-01 14:00:00,-1e-05
Netherlands,NLD,2024-06-01 13:00:00,2024-06-01 15:00:00,0.0
Netherlands,NLD,2024-06-01 14:00:00,2024-06-01 16:00:00,0.010320000000000001
Netherlands,NLD,2024-06-01 15:00:00,2024-06-01 17:00:00,0.041890000000000004
Netherlands,NLD,2024-06-01 16:00:00,2024-06-01 18:00:00,0.054
Netherlands,NLD,2024-06-01 17:00:00,2024-06-01 19:00:00,0.06478
Netherlands,NLD,2024-06-01 18:00:00,2024-06-01 20:00:00,0.06669
Netherlands,NLD,2024-06-01 19:00:00,2024-06-01 21:00:00,0.06326
Netherlands,NLD,2024-06-01 20:00:00,2024-06-01 22:00:00,0.06531
Netherlands,NLD,2024-06-01 21:00:00,2024-06-01 23:00:00,0.055619999999999996
Netherlands,NLD,2024-06-01 22:00:00,2024-06-02 00:00:00,0.03062
Netherlands,NLD,2024-06-01 23:00:00,2024-06-02 01:00:00,0.02392
Netherlands,NLD,2024-06-02 00:00:00,2024-06-02 02:00:00,0.012029999999999999
Netherlands,NLD,2024-06-02 01:00:00,2024-06-02 03:00:00,0.005
Netherlands,NLD,2024-06-02 02:00:00,2024-06-02 04:00:00,0.008919999999999999
Netherlands,NLD,2024-06-02 03:00:00,2024-06-02 05:00:00,0.00517
Netherlands,NLD,2024-06-02 04:00:00,2024-06-02 06:00:00,0.00491
Netherlands,NLD,2024-06-02 05:00:00,2024-06-02 07:00:00,0.00411
Netherlands,NLD,2024-06-02 06:00:00,2024-06-02 08:00:00,0.0009699999999999999
Netherlands,NLD,2024-06-02 07:00:00,2024-06-02 09:00:00,-4e-05
Netherlands,NLD,2024-06-02 08:00:00,2024-06-02 10:00:00,-0.010029999999999999
Netherlands,NLD,2024-06-02 09:00:00,2024-06-02 11:00:00,-0.02
Netherlands,NLD,2024-06-02 10:00:00,2024-06-02 12:00:00,-0.03
Netherlands,NLD,2024-06-02 11:00:00,2024-06-02 13:00:00,-0.06
Netherlands,NLD,2024-06-02 12:00:00,2024-06-02 14:00:00,-0.075
Netherlands,NLD,2024-06-02 13:00:00,2024-06-02 15:00:00,-0.081
Netherlands,NLD,2024-06-02 14:00:00,2024-06-02 16:00:00,-0.0357
Netherlands,NLD,2024-06-02 15:00:00,2024-06-02 17:00:00,-0.00127
Netherlands,NLD,2024-06-02 16:00:00,2024-06-02 18:00:00,0.01
Netherlands,NLD,2024-06-02 17:00:00,2024-06-02 19:00:00,0.054759999999999996
Netherlands,NLD,2024-06-02 18:00:00,2024-06-02 20:00:00,0.07397
Netherlands,NLD,2024-06-02 19:00:00,2024-06-02 21:00:00,0.096
Netherlands,NLD,2024-06-02 20:00:00,2024-06-02 22:00:00,0.09359999999999999
Netherlands,NLD,2024-06-02 21:00:00,2024-06-02 23:00:00,0.08516
Netherlands,NLD,2024-06-02 22:00:00,2024-06-03 00:00:00,0.0952
Netherlands,NLD,2024-06-02 23:00:00,2024-06-03 01:00:00,0.08255
Netherlands,NLD,2024-06-03 00:00:00,2024-06-03 02:00:00,0.08990999999999999
Netherlands,NLD,2024-06-03 01:00:00,2024-06-03 03:00:00,0.07548
Netherlands,NLD,2024-06-03 02:00:00,2024-06-03 04:00:00,0.07102
Netherlands,NLD,2024-06-03 03:00:00,2024-06-03 05:00:00,0.08170000000000001
Netherlands,NLD,2024-06-03 04:00:00,2024-06-03 06:00:00,0.11414
Netherlands,NLD,2024-06-03 05:00:00,2024-06-03 07:00:00,0.16018000000000002
Netherlands,NLD,2024-06-03 06:00:00,2024-06-03 08:00:00,0.14273
Netherlands,NLD,2024-06-03 07:00:00,2024-06-03 09:00:00,0.11033
Netherlands,NLD,2024-06-03 08:00:00,2024-06-03 10:00:00,0.08549
Netherlands,NLD,2024-06-03 09:00:00,2024-06-03 11:00:00,0.0788
Netherlands,NLD,2024-06-03 10:00:00,2024-06-03 12:00:00,0.06827
Netherlands,NLD,2024-06-03 11:00:00,2024-06-03 13:00:00,0.061700000000000005
Netherlands,NLD,2024-06-03 12:00:00,2024-06-03 14:00:00,0.055200000000000006
Netherlands,NLD,2024-06-03 13:00:00,2024-06-03 15:00:00,0.05848
Netherlands,NLD,2024-06-03 14:00:00,2024-06-03 16:00:00,0.06372
Netherlands,NLD,2024-06-03 15:00:00,2024-06-03 17:00:00,0.089
Netherlands,NLD,2024-06-03 16:00:00,2024-06-03 18:00:00,0.11137999999999999
Netherlands,NLD,2024-06-03 17:00:00,2024-06-03 19:00:00,0.15691999999999998
Netherlands,NLD,2024-06-03 18:00:00,2024-06-03 20:00:00,0.18769999999999998
Netherlands,NLD,2024-06-03 19:00:00,2024-06-03 21:00:00,0.17367
Netherlands,NLD,2024-06-03 20:00:00,2024-06-03 22:00:00,0.13551
Netherlands,NLD,2024-06-03 21:00:00,2024-06-03 23:00:00,0.10590999999999999
Netherlands,NLD,2024-06-03 22:00:00,2024-06-04 00:00:00,0.10551
Netherlands,NLD,2024-06-03 23:00:00,2024-06-04 01:00:00,0.09778
Netherlands,NLD,2024-06-04 00:00:00,2024-06-04 02:00:00,0.09189
Netherlands,NLD,2024-06-04 01:00:00,2024-06-04 03:00:00,0.08388
Netherlands,NLD,2024-06-04 02:00:00,2024-06-04 04:00:00,0.08078
Netherlands,NLD,2024-06-04 03:00:00,2024-06-04 05:00:00,0.09428
Netherlands,NLD,2024-06-04 04:00:00,2024-06-04 06:00:00,0.14522
Netherlands,NLD,2024-06-04 05:00:00,2024-06-04 07:00:00,0.16388
Netherlands,NLD,2024-06-04 06:00:00,2024-06-04 08:00:00,0.13666
Netherlands,NLD,2024-06-04 07:00:00,2024-06-04 09:00:00,0.10851999999999999
Netherlands,NLD,2024-06-04 08:00:00,2024-06-04 10:00:00,0.08979000000000001
Netherlands,NLD,2024-06-04 09:00:00,2024-06-04 11:00:00,0.07239
Netherlands,NLD,2024-06-04 10:00:00,2024-06-04 12:00:00,0.06117
Netherlands,NLD,2024-06-04 11:00:00,2024-06-04 13:00:00,0.04753
Netherlands,NLD,2024-06-04 12:00:00,2024-06-04 14:00:00,0.0357
Netherlands,NLD,2024-06-04 13:00:00,2024-06-04 15:00:00,0.038299999999999994
Netherlands,NLD,2024-06-04 14:00:00,2024-06-04 16:00:00,0.0434
Netherlands,NLD,2024-06-04 15:00:00,2024-06-04 17:00:00,0.05709
Netherlands,NLD,2024-06-04 16:00:00,2024-06-04 18:00:00,0.0862
Netherlands,NLD,2024-06-04 17:00:00,2024-06-04 19:00:00,0.094
Netherlands,NLD,2024-06-04 18:00:00,2024-06-04 20:00:00,0.105
Netherlands,NLD,2024-06-04 19:00:00,2024-06-04 21:00:00,0.11277
Netherlands,NLD,2024-06-04 20:00:00,2024-06-04 22:00:00,0.09662000000000001
Netherlands,NLD,2024-06-04 21:00:00,2024-06-04 23:00:00,0.07001
Netherlands,NLD,2024-06-04 22:00:00,2024-06-05 00:00:00,0.057479999999999996
Netherlands,NLD,2024-06-04 23:00:00,2024-06-05 01:00:00,0.04501
Netherlands,NLD,2024-06-05 00:00:00,2024-06-05 02:00:00,0.04567
Netherlands,NLD,2024-06-05 01:00:00,2024-06-05 03:00:00,0.04836
Netherlands,NLD,2024-06-05 02:00:00,2024-06-05 04:00:00,0.048659999999999995
Netherlands,NLD,2024-06-05 03:00:00,2024-06-05 05:00:00,0.06726
Netherlands,NLD,2024-06-05 04:00:00,2024-06-05 06:00:00,0.09244
Netherlands,NLD,2024-06-05 05:00:00,2024-06-05 07:00:00,0.12122
Netherlands,NLD,2024-06-05 06:00:00,2024-06-05 08:00:00,0.09922
Netherlands,NLD,2024-06-05 07:00:00,2024-06-05 09:00:00,0.07343999999999999
Netherlands,NLD,2024-06-05 08:00:00,2024-06-05 10:00:00,0.05664
Netherlands,NLD,2024-06-05 09:00:00,2024-06-05 11:00:00,0.045829999999999996
Netherlands,NLD,2024-06-05 10:00:00,2024-06-05 12:00:00,0.03754
Netherlands,NLD,2024-06-05 11:00:00,2024-06-05 13:00:00,0.02426
Netherlands,NLD,2024-06-05 12:00:00,2024-06-05 14:00:00,0.02093
Netherlands,NLD,2024-06-05 13:00:00,2024-06-05 15:00:00,0.025
Netherlands,NLD,2024-06-05 14:00:00,2024-06-05 16:00:00,0.04956
Netherlands,NLD,2024-06-05 15:00:00,2024-06-05 17:00:00,0.06736
Netherlands,NLD,2024-06-05 16:00:00,2024-06-05 18:00:00,0.09376000000000001
Netherlands,NLD,2024-06-05 17:00:00,2024-06-05 19:00:00,0.11848
Netherlands,NLD,2024-06-05 18:00:00,2024-06-05 20:00:00,0.14028
Netherlands,NLD,2024-06-05 19:00:00,2024-06-05 21:00:00,0.14445
Netherlands,NLD,2024-06-05 20:00:00,2024-06-05 22:00:00,0.13154
Netherlands,NLD,2024-06-05 21:00:00,2024-06-05 23:00:00,0.10365
Netherlands,NLD,2024-06-05 22:00:00,2024-06-06 00:00:00,0.08718000000000001
Netherlands,NLD,2024-06-05 23:00:00,2024-06-06 01:00:00,0.08059999999999999
Netherlands,NLD,2024-06-06 00:00:00,2024-06-06 02:00:00,0.07692
Netherlands,NLD,2024-06-06 01:00:00,2024-06-06 03:00:00,0.07465000000000001
Netherlands,NLD,2024-06-06 02:00:00,2024-06-06 04:00:00,0.07983
Netherlands,NLD,2024-06-06 03:00:00,2024-06-06 05:00:00,0.08931
Netherlands,NLD,2024-06-06 04:00:00,2024-06-06 06:00:00,0.112
Netherlands,NLD,2024-06-06 05:00:00,2024-06-06 07:00:00,0.1173
Netherlands,NLD,2024-06-06 06:00:00,2024-06-06 08:00:00,0.09683
Netherlands,NLD,2024-06-06 07:00:00,2024-06-06 09:00:00,0.07124
Netherlands,NLD,2024-06-06 08:00:00,2024-06-06 10:00:00,0.0578
Netherlands,NLD,2024-06-06 09:00:00,2024-06-06 11:00:00,0.0303
Netherlands,NLD,2024-06-06 10:00:00,2024-06-06 12:00:00,0.0252
Netherlands,NLD,2024-06-06 11:00:00,2024-06-06 13:00:00,0.01967
Netherlands,NLD,2024-06-06 12:00:00,2024-06-06 14:00:00,0.02093
Netherlands,NLD,2024-06-06 13:00:00,2024-06-06 15:00:00,0.03098
Netherlands,NLD,2024-06-06 14:00:00,2024-06-06 16:00:00,0.05375
Netherlands,NLD,2024-06-06 15:00:00,2024-06-06 17:00:00,0.07462
Netherlands,NLD,2024-06-06 16:00:00,2024-06-06 18:00:00,0.08992
Netherlands,NLD,2024-06-06 17:00:00,2024-06-06 19:00:00,0.1115
Netherlands,NLD,2024-06-06 18:00:00,2024-06-06 20:00:00,0.14844
Netherlands,NLD,2024-06-06 19:00:00,2024-06-06 21:00:00,0.15002000000000001
Netherlands,NLD,2024-06-06 20:00:00,2024-06-06 22:00:00,0.12376999999999999
Netherlands,NLD,2024-06-06 21:00:00,2024-06-06 23:00:00,0.1
Netherlands,NLD,2024-06-06 22:00:00,2024-06-07 00:00:00,0.09772
Netherlands,NLD,2024-06-06 23:00:00,2024-06-07 01:00:00,0.09311
Netherlands,NLD,2024-06-07 00:00:00,2024-06-07 02:00:00,0.091
Netherlands,NLD,2024-06-07 01:00:00,2024-06-07 03:00:00,0.09009
Netherlands,NLD,2024-06-07 02:00:00,2024-06-07 04:00:00,0.09011
Netherlands,NLD,2024-06-07 03:00:00,2024-06-07 05:00:00,0.08604
Netherlands,NLD,2024-06-07 04:00:00,2024-06-07 06:00:00,0.10796
Netherlands,NLD,2024-06-07 05:00:00,2024-06-07 07:00:00,0.10936
Netherlands,NLD,2024-06-07 06:00:00,2024-06-07 08:00:00,0.0986
Netherlands,NLD,2024-06-07 07:00:00,2024-06-07 09:00:00,0.07740000000000001
Netherlands,NLD,2024-06-07 08:00:00,2024-06-07 10:00:00,0.05856
Netherlands,NLD,2024-06-07 09:00:00,2024-06-07 11:00:00,0.04139
Netherlands,NLD,2024-06-07 10:00:00,2024-06-07 12:00:00,0.033909999999999996
Netherlands,NLD,2024-06-07 11:00:00,2024-06-07 13:00:00,0.02536
Netherlands,NLD,2024-06-07 12:00:00,2024-06-07 14:00:00,0.017410000000000002
Netherlands,NLD,2024-06-07 13:00:00,2024-06-07 15:00:00,0.0141
Netherlands,NLD,2024-06-07 14:00:00,2024-06-07 16:00:00,0.026
Netherlands,NLD,2024-06-07 15:00:00,2024-06-07 17:00:00,0.060090000000000005
Netherlands,NLD,2024-06-07 16:00:00,2024-06-07 18:00:00,0.08113
Netherlands,NLD,2024-06-07 17:00:00,2024-06-07 19:00:00,0.102
Netherlands,NLD,2024-06-07 18:00:00,2024-06-07 20:00:00,0.11967
Netherlands,NLD,2024-06-07 19:00:00,2024-06-07 21:00:00,0.13387000000000002
Netherlands,NLD,2024-06-07 20:00:00,2024-06-07 22:00:00,0.11269
Netherlands,NLD,2024-06-07 21:00:00,2024-06-07 23:00:00,0.09
Netherlands,NLD,2024-06-07 22:00:00,2024-06-08 00:00:00,0.09434999999999999
Netherlands,NLD,2024-06-07 23:00:00,2024-06-08 01:00:00,0.08115
Netherlands,NLD,2024-06-08 00:00:00,2024-06-08 02:00:00,0.07402
Netherlands,NLD,2024-06-08 01:00:00,2024-06-08 03:00:00,0.07257999999999999
Netherlands,NLD,2024-06-08 02:00:00,2024-06-08 04:00:00,0.06706999999999999
Netherlands,NLD,2024-06-08 03:00:00,2024-06-08 05:00:00,0.06925
Netherlands,NLD,2024-06-08 04:00:00,2024-06-08 06:00:00,0.06875
Netherlands,NLD,2024-06-08 05:00:00,2024-06-08 07:00:00,0.05353
Netherlands,NLD,2024-06-08 06:00:00,2024-06-08 08:00:00,0.0386
Netherlands,NLD,2024-06-08 07:00:00,2024-06-08 09:00:00,0.01246
Netherlands,NLD,2024-06-08 08:00:00,2024-06-08 10:00:00,0.0
Netherlands,NLD,2024-06-08 09:00:00,2024-06-08 11:00:00,-0.00225
Netherlands,NLD,2024-06-08 10:00:00,2024-06-08 12:00:00,-0.0099
Netherlands,NLD,2024-06-08 11:00:00,2024-06-08 13:00:00,-0.023
Netherlands,NLD,2024-06-08 12:00:00,2024-06-08 14:00:00,-0.02931
Netherlands,NLD,2024-06-08 13:00:00,2024-06-08 15:00:00,-0.02
Netherlands,NLD,2024-06-08 14:00:00,2024-06-08 16:00:00,-0.00746
Netherlands,NLD,2024-06-08 15:00:00,2024-06-08 17:00:00,0.002
Netherlands,NLD,2024-06-08 16:00:00,2024-06-08 18:00:00,0.04438
Netherlands,NLD,2024-06-08 17:00:00,2024-06-08 19:00:00,0.06637
Netherlands,NLD,2024-06-08 18:00:00,2024-06-08 20:00:00,0.09311
Netherlands,NLD,2024-06-08 19:00:00,2024-06-08 21:00:00,0.0999
Netherlands,NLD,2024-06-08 20:00:00,2024-06-08 22:00:00,0.10823999999999999
Netherlands,NLD,2024-06-08 21:00:00,2024-06-08 23:00:00,0.0836
Netherlands,NLD,2024-06-08 22:00:00,2024-06-09 00:00:00,0.06902
Netherlands,NLD,2024-06-08 23:00:00,2024-06-09 01:00:00,0.05596
Netherlands,NLD,2024-06-09 00:00:00,2024-06-09 02:00:00,0.037579999999999995
Netherlands,NLD,2024-06-09 01:00:00,2024-06-09 03:00:00,0.01548
Netherlands,NLD,2024-06-09 02:00:00,2024-06-09 04:00:00,0.01763
Netherlands,NLD,2024-06-09 03:00:00,2024-06-09 05:00:00,0.01255
Netherlands,NLD,2024-06-09 04:00:00,2024-06-09 06:00:00,0.00932
Netherlands,NLD,2024-06-09 05:00:00,2024-06-09 07:00:00,0.003
Netherlands,NLD,2024-06-09 06:00:00,2024-06-09 08:00:00,2e-05
Netherlands,NLD,2024-06-09 07:00:00,2024-06-09 09:00:00,-0.00197
Netherlands,NLD,2024-06-09 08:00:00,2024-06-09 10:00:00,-0.0074800000000000005
Netherlands,NLD,2024-06-09 09:00:00,2024-06-09 11:00:00,-0.01542
Netherlands,NLD,2024-06-09 10:00:00,2024-06-09 12:00:00,-0.03621
Netherlands,NLD,2024-06-09 11:00:00,2024-06-09 13:00:00,-0.04616
Netherlands,NLD,2024-06-09 12:00:00,2024-06-09 14:00:00,-0.04578
Netherlands,NLD,2024-06-09 13:00:00,2024-06-09 15:00:00,-0.02868
Netherlands,NLD,2024-06-09 14:00:00,2024-06-09 16:00:00,-0.00538
Netherlands,NLD,2024-06-09 15:00:00,2024-06-09 17:00:00,0.0005200000000000001
Netherlands,NLD,2024-06-09 16:00:00,2024-06-09 18:00:00,0.04
Netherlands,NLD,2024-06-09 17:00:00,2024-06-09 19:00:00,0.08729
Netherlands,NLD,2024-06-09 18:00:00,2024-06-09 20:00:00,0.10243000000000001
Netherlands,NLD,2024-06-09 19:00:00,2024-06-09 21:00:00,0.12148
Netherlands,NLD,2024-06-09 20:00:00,2024-06-09 22:00:00,0.11703
Netherlands,NLD,2024-06-09 21:00:00,2024-06-09 23:00:00,0.09618
Netherlands,NLD,2024-06-09 22:00:00,2024-06-10 00:00:00,0.07592
Netherlands,NLD,2024-06-09 23:00:00,2024-06-10 01:00:00,0.06511
Netherlands,NLD,2024-06-10 00:00:00,2024-06-10 02:00:00,0.06620999999999999
Netherlands,NLD,2024-06-10 01:00:00,2024-06-10 03:00:00,0.061520000000000005
Netherlands,NLD,2024-06-10 02:00:00,2024-06-10 04:00:00,0.05957
Netherlands,NLD,2024-06-10 03:00:00,2024-06-10 05:00:00,0.07475
Netherlands,NLD,2024-06-10 04:00:00,2024-06-10 06:00:00,0.10527
Netherlands,NLD,2024-06-10 05:00:00,2024-06-10 07:00:00,0.17736000000000002
Netherlands,NLD,2024-06-10 06:00:00,2024-06-10 08:00:00,0.15881
Netherlands,NLD,2024-06-10 07:00:00,2024-06-10 09:00:00,0.12603
Netherlands,NLD,2024-06-10 08:00:00,2024-06-10 10:00:00,0.105
Netherlands,NLD,2024-06-10 09:00:00,2024-06-10 11:00:00,0.1013
Netherlands,NLD,2024-06-10 10:00:00,2024-06-10 12:00:00,0.0881
Netherlands,NLD,2024-06-10 11:00:00,2024-06-10 13:00:00,0.07
Netherlands,NLD,2024-06-10 12:00:00,2024-06-10 14:00:00,0.0599
Netherlands,NLD,2024-06-10 13:00:00,2024-06-10 15:00:00,0.05811
Netherlands,NLD,2024-06-10 14:00:00,2024-06-10 16:00:00,0.061799999999999994
Netherlands,NLD,2024-06-10 15:00:00,2024-06-10 17:00:00,0.0718
Netherlands,NLD,2024-06-10 16:00:00,2024-06-10 18:00:00,0.08907
Netherlands,NLD,2024-06-10 17:00:00,2024-06-10 19:00:00,0.10989
Netherlands,NLD,2024-06-10 18:00:00,2024-06-10 20:00:00,0.1138
Netherlands,NLD,2024-06-10 19:00:00,2024-06-10 21:00:00,0.104
Netherlands,NLD,2024-06-10 20:00:00,2024-06-10 22:00:00,0.09716
Netherlands,NLD,2024-06-10 21:00:00,2024-06-10 23:00:00,0.077
Netherlands,NLD,2024-06-10 22:00:00,2024-06-11 00:00:00,0.06044
Netherlands,NLD,2024-06-10 23:00:00,2024-06-11 01:00:00,0.05712
Netherlands,NLD,2024-06-11 00:00:00,2024-06-11 02:00:00,0.06112
Netherlands,NLD,2024-06-11 01:00:00,2024-06-11 03:00:00,0.055
Netherlands,NLD,2024-06-11 02:00:00,2024-06-11 04:00:00,0.058070000000000004
Netherlands,NLD,2024-06-11 03:00:00,2024-06-11 05:00:00,0.05917
Netherlands,NLD,2024-06-11 04:00:00,2024-06-11 06:00:00,0.07793000000000001
Netherlands,NLD,2024-06-11 05:00:00,2024-06-11 07:00:00,0.09767
Netherlands,NLD,2024-06-11 06:00:00,2024-06-11 08:00:00,0.08775
Netherlands,NLD,2024-06-11 07:00:00,2024-06-11 09:00:00,0.06823
Netherlands,NLD,2024-06-11 08:00:00,2024-06-11 10:00:00,0.04871
Netherlands,NLD,2024-06-11 09:00:00,2024-06-11 11:00:00,0.033350000000000005
Netherlands,NLD,2024-06-11 10:00:00,2024-06-11 12:00:00,0.01331
Netherlands,NLD,2024-06-11 11:00:00,2024-06-11 13:00:00,0.00184
Netherlands,NLD,2024-06-11 12:00:00,2024-06-11 14:00:00,0.00086
Netherlands,NLD,2024-06-11 13:00:00,2024-06-11 15:00:00,0.0021000000000000003
Netherlands,NLD,2024-06-11 14:00:00,2024-06-11 16:00:00,0.01314
Netherlands,NLD,2024-06-11 15:00:00,2024-06-11 17:00:00,0.05268
Netherlands,NLD,2024-06-11 16:00:00,2024-06-11 18:00:00,0.07289
Netherlands,NLD,2024-06-11 17:00:00,2024-06-11 19:00:00,0.10105
Netherlands,NLD,2024-06-11 18:00:00,2024-06-11 20:00:00,0.12583
Netherlands,NLD,2024-06-11 19:00:00,2024-06-11 21:00:00,0.12343000000000001
Netherlands,NLD,2024-06-11 20:00:00,2024-06-11 22:00:00,0.10704999999999999
Netherlands,NLD,2024-06-11 21:00:00,2024-06-11 23:00:00,0.08990000000000001
Netherlands,NLD,2024-06-11 22:00:00,2024-06-12 00:00:00,0.08516
Netherlands,NLD,2024-06-11 23:00:00,2024-06-12 01:00:00,0.08603
Netherlands,NLD,2024-06-12 00:00:00,2024-06-12 02:00:00,0.086
Netherlands,NLD,2024-06-12 01:00:00,2024-06-12 03:00:00,0.07973999999999999
Netherlands,NLD,2024-06-12 02:00:00,2024-06-12 04:00:00,0.0863
Netherlands,NLD,2024-06-12 03:00:00,2024-06-12 05:00:00,0.09418000000000001
Netherlands,NLD,2024-06-12 04:00:00,2024-06-12 06:00:00,0.12022
Netherlands,NLD,2024-06-12 05:00:00,2024-06-12 07:00:00,0.1149
Netherlands,NLD,2024-06-12 06:00:00,2024-06-12 08:00:00,0.10401
Netherlands,NLD,2024-06-12 07:00:00,2024-06-12 09:00:00,0.06989
Netherlands,NLD,2024-06-12 08:00:00,2024-06-12 10:00:00,0.055420000000000004
Netherlands,NLD,2024-06-12 09:00:00,2024-06-12 11:00:00,0.05
Netherlands,NLD,2024-06-12 10:00:00,2024-06-12 12:00:00,0.03661
Netherlands,NLD,2024-06-12 11:00:00,2024-06-12 13:00:00,0.037829999999999996
Netherlands,NLD,2024-06-12 12:00:00,2024-06-12 14:00:00,0.03804
Netherlands,NLD,2024-06-12 13:00:00,2024-06-12 15:00:00,0.03989
Netherlands,NLD,2024-06-12 14:00:00,2024-06-12 16:00:00,0.054020000000000006
Netherlands,NLD,2024-06-12 15:00:00,2024-06-12 17:00:00,0.07142
Netherlands,NLD,2024-06-12 16:00:00,2024-06-12 18:00:00,0.08906
Netherlands,NLD,2024-06-12 17:00:00,2024-06-12 19:00:00,0.11986
Netherlands,NLD,2024-06-12 18:00:00,2024-06-12 20:00:00,0.14769
Netherlands,NLD,2024-06-12 19:00:00,2024-06-12 21:00:00,0.15186000000000002
Netherlands,NLD,2024-06-12 20:00:00,2024-06-12 22:00:00,0.12830000000000003
Netherlands,NLD,2024-06-12 21:00:00,2024-06-12 23:00:00,0.10707
Netherlands,NLD,2024-06-12 22:00:00,2024-06-13 00:00:00,0.10311
Netherlands,NLD,2024-06-12 23:00:00,2024-06-13 01:00:00,0.08963
Netherlands,NLD,2024-06-13 00:00:00,2024-06-13 02:00:00,0.08362
Netherlands,NLD,2024-06-13 01:00:00,2024-06-13 03:00:00,0.08034999999999999
Netherlands,NLD,2024-06-13 02:00:00,2024-06-13 04:00:00,0.07868
Netherlands,NLD,2024-06-13 03:00:00,2024-06-13 05:00:00,0.0927
Netherlands,NLD,2024-06-13 04:00:00,2024-06-13 06:00:00,0.11403
Netherlands,NLD,2024-06-13 05:00:00,2024-06-13 07:00:00,0.12425
Netherlands,NLD,2024-06-13 06:00:00,2024-06-13 08:00:00,0.10417
Netherlands,NLD,2024-06-13 07:00:00,2024-06-13 09:00:00,0.07379000000000001
Netherlands,NLD,2024-06-13 08:00:00,2024-06-13 10:00:00,0.05695
Netherlands,NLD,2024-06-13 09:00:00,2024-06-13 11:00:00,0.05102
Netherlands,NLD,2024-06-13 10:00:00,2024-06-13 12:00:00,0.04415
Netherlands,NLD,2024-06-13 11:00:00,2024-06-13 13:00:00,0.03893
Netherlands,NLD,2024-06-13 12:00:00,2024-06-13 14:00:00,0.03596
Netherlands,NLD,2024-06-13 13:00:00,2024-06-13 15:00:00,0.04491
Netherlands,NLD,2024-06-13 14:00:00,2024-06-13 16:00:00,0.0673
Netherlands,NLD,2024-06-13 15:00:00,2024-06-13 17:00:00,0.07085
Netherlands,NLD,2024-06-13 16:00:00,2024-06-13 18:00:00,0.09090000000000001
Netherlands,NLD,2024-06-13 17:00:00,2024-06-13 19:00:00,0.12165000000000001
Netherlands,NLD,2024-06-13 18:00:00,2024-06-13 20:00:00,0.16613999999999998
Netherlands,NLD,2024-06-13 19:00:00,2024-06-13 21:00:00,0.13905
Netherlands,NLD,2024-06-13 20:00:00,2024-06-13 22:00:00,0.0996
Netherlands,NLD,2024-06-13 21:00:00,2024-06-13 23:00:00,0.08
Netherlands,NLD,2024-06-13 22:00:00,2024-06-14 00:00:00,0.06994
Netherlands,NLD,2024-06-13 23:00:00,2024-06-14 01:00:00,0.05894
Netherlands,NLD,2024-06-14 00:00:00,2024-06-14 02:00:00,0.05339
Netherlands,NLD,2024-06-14 01:00:00,2024-06-14 03:00:00,0.05044
Netherlands,NLD,2024-06-14 02:00:00,2024-06-14 04:00:00,0.04729
Netherlands,NLD,2024-06-14 03:00:00,2024-06-14 05:00:00,0.052719999999999996
Netherlands,NLD,2024-06-14 04:00:00,2024-06-14 06:00:00,0.07221999999999999
Netherlands,NLD,2024-06-14 05:00:00,2024-06-14 07:00:00,0.092
Netherlands,NLD,2024-06-14 06:00:00,2024-06-14 08:00:00,0.09755
Netherlands,NLD,2024-06-14 07:00:00,2024-06-14 09:00:00,0.09259
Netherlands,NLD,2024-06-14 08:00:00,2024-06-14 10:00:00,0.07108
Netherlands,NLD,2024-06-14 09:00:00,2024-06-14 11:00:00,0.0592
Netherlands,NLD,2024-06-14 10:00:00,2024-06-14 12:00:00,0.05175
Netherlands,NLD,2024-06-14 11:00:00,2024-06-14 13:00:00,0.039880000000000006
Netherlands,NLD,2024-06-14 12:00:00,2024-06-14 14:00:00,0.03417
Netherlands,NLD,2024-06-14 13:00:00,2024-06-14 15:00:00,0.034390000000000004
Netherlands,NLD,2024-06-14 14:00:00,2024-06-14 16:00:00,0.04879
Netherlands,NLD,2024-06-14 15:00:00,2024-06-14 17:00:00,0.075
Netherlands,NLD,2024-06-14 16:00:00,2024-06-14 18:00:00,0.09098
Netherlands,NLD,2024-06-14 17:00:00,2024-06-14 19:00:00,0.11306999999999999
Netherlands,NLD,2024-06-14 18:00:00,2024-06-14 20:00:00,0.12731
Netherlands,NLD,2024-06-14 19:00:00,2024-06-14 21:00:00,0.1196
Netherlands,NLD,2024-06-14 20:00:00,2024-06-14 22:00:00,0.1114
Netherlands,NLD,2024-06-14 21:00:00,2024-06-14 23:00:00,0.108
Netherlands,NLD,2024-06-14 22:00:00,2024-06-15 00:00:00,0.10685
Netherlands,NLD,2024-06-14 23:00:00,2024-06-15 01:00:00,0.104
Netherlands,NLD,2024-06-15 00:00:00,2024-06-15 02:00:00,0.094
Netherlands,NLD,2024-06-15 01:00:00,2024-06-15 03:00:00,0.087
Netherlands,NLD,2024-06-15 02:00:00,2024-06-15 04:00:00,0.056600000000000004
Netherlands,NLD,2024-06-15 03:00:00,2024-06-15 05:00:00,0.01989
Netherlands,NLD,2024-06-15 04:00:00,2024-06-15 06:00:00,0.0015400000000000001
Netherlands,NLD,2024-06-15 05:00:00,2024-06-15 07:00:00,8.999999999999999e-05
Netherlands,NLD,2024-06-15 06:00:00,2024-06-15 08:00:00,0.0
Netherlands,NLD,2024-06-15 07:00:00,2024-06-15 09:00:00,-5.9999999999999995e-05
Netherlands,NLD,2024-06-15 08:00:00,2024-06-15 10:00:00,-0.01008
Netherlands,NLD,2024-06-15 09:00:00,2024-06-15 11:00:00,-0.02899
Netherlands,NLD,2024-06-15 10:00:00,2024-06-15 12:00:00,-0.04487
Netherlands,NLD,2024-06-15 11:00:00,2024-06-15 13:00:00,-0.06544
Netherlands,NLD,2024-06-15 12:00:00,2024-06-15 14:00:00,-0.07998999999999999
Netherlands,NLD,2024-06-15 13:00:00,2024-06-15 15:00:00,-0.056170000000000005
Netherlands,NLD,2024-06-15 14:00:00,2024-06-15 16:00:00,-0.02917
Netherlands,NLD,2024-06-15 15:00:00,2024-06-15 17:00:00,-0.0045
Netherlands,NLD,2024-06-15 16:00:00,2024-06-15 18:00:00,-1e-05
Netherlands,NLD,2024-06-15 17:00:00,2024-06-15 19:00:00,0.03209
Netherlands,NLD,2024-06-15 18:00:00,2024-06-15 20:00:00,0.07
Netherlands,NLD,2024-06-15 19:00:00,2024-06-15 21:00:00,0.06777
Netherlands,NLD,2024-06-15 20:00:00,2024-06-15 22:00:00,0.06325
Netherlands,NLD,2024-06-15 21:00:00,2024-06-15 23:00:00,0.04072
Netherlands,NLD,2024-06-15 22:00:00,2024-06-16 00:00:00,0.02501
Netherlands,NLD,2024-06-15 23:00:00,2024-06-16 01:00:00,0.01025
Netherlands,NLD,2024-06-16 00:00:00,2024-06-16 02:00:00,0.00492
Netherlands,NLD,2024-06-16 01:00:00,2024-06-16 03:00:00,0.00292
Netherlands,NLD,2024-06-16 02:00:00,2024-06-16 04:00:00,0.00219
Netherlands,NLD,2024-06-16 03:00:00,2024-06-16 05:00:00,0.0025299999999999997
Netherlands,NLD,2024-06-16 04:00:00,2024-06-16 06:00:00,0.0029500000000000004
Netherlands,NLD,2024-06-16 05:00:00,2024-06-16 07:00:00,0.00047
Netherlands,NLD,2024-06-16 06:00:00,2024-06-16 08:00:00,-2e-05
Netherlands,NLD,2024-06-16 07:00:00,2024-06-16 09:00:00,-0.00127
Netherlands,NLD,2024-06-16 08:00:00,2024-06-16 10:00:00,-0.01
Netherlands,NLD,2024-06-16 09:00:00,2024-06-16 11:00:00,-0.01333
Netherlands,NLD,2024-06-16 10:00:00,2024-06-16 12:00:00,-0.02
Netherlands,NLD,2024-06-16 11:00:00,2024-06-16 13:00:00,-0.03
Netherlands,NLD,2024-06-16 12:00:00,2024-06-16 14:00:00,-0.03566
Netherlands,NLD,2024-06-16 13:00:00,2024-06-16 15:00:00,-0.02903
Netherlands,NLD,2024-06-16 14:00:00,2024-06-16 16:00:00,-0.01002
Netherlands,NLD,2024-06-16 15:00:00,2024-06-16 17:00:00,-0.00199
Netherlands,NLD,2024-06-16 16:00:00,2024-06-16 18:00:00,0.05241
Netherlands,NLD,2024-06-16 17:00:00,2024-06-16 19:00:00,0.09226000000000001
Netherlands,NLD,2024-06-16 18:00:00,2024-06-16 20:00:00,0.11104
Netherlands,NLD,2024-06-16 19:00:00,2024-06-16 21:00:00,0.1177
Netherlands,NLD,2024-06-16 20:00:00,2024-06-16 22:00:00,0.11827
Netherlands,NLD,2024-06-16 21:00:00,2024-06-16 23:00:00,0.0916
Netherlands,NLD,2024-06-16 22:00:00,2024-06-17 00:00:00,0.07016
Netherlands,NLD,2024-06-16 23:00:00,2024-06-17 01:00:00,0.06078
Netherlands,NLD,2024-06-17 00:00:00,2024-06-17 02:00:00,0.0637
Netherlands,NLD,2024-06-17 01:00:00,2024-06-17 03:00:00,0.07
Netherlands,NLD,2024-06-17 02:00:00,2024-06-17 04:00:00,0.06941
Netherlands,NLD,2024-06-17 03:00:00,2024-06-17 05:00:00,0.0849
Netherlands,NLD,2024-06-17 04:00:00,2024-06-17 06:00:00,0.1087
Netherlands,NLD,2024-06-17 05:00:00,2024-06-17 07:00:00,0.126
Netherlands,NLD,2024-06-17 06:00:00,2024-06-17 08:00:00,0.11785
Netherlands,NLD,2024-06-17 07:00:00,2024-06-17 09:00:00,0.08473
Netherlands,NLD,2024-06-17 08:00:00,2024-06-17 10:00:00,0.06348
Netherlands,NLD,2024-06-17 09:00:00,2024-06-17 11:00:00,0.0469
Netherlands,NLD,2024-06-17 10:00:00,2024-06-17 12:00:00,0.036539999999999996
Netherlands,NLD,2024-06-17 11:00:00,2024-06-17 13:00:00,0.03459
Netherlands,NLD,2024-06-17 12:00:00,2024-06-17 14:00:00,0.039450000000000006
Netherlands,NLD,2024-06-17 13:00:00,2024-06-17 15:00:00,0.04615
Netherlands,NLD,2024-06-17 14:00:00,2024-06-17 16:00:00,0.05407
Netherlands,NLD,2024-06-17 15:00:00,2024-06-17 17:00:00,0.07754000000000001
Netherlands,NLD,2024-06-17 16:00:00,2024-06-17 18:00:00,0.10136
Netherlands,NLD,2024-06-17 17:00:00,2024-06-17 19:00:00,0.139
Netherlands,NLD,2024-06-17 18:00:00,2024-06-17 20:00:00,0.18153999999999998
Netherlands,NLD,2024-06-17 19:00:00,2024-06-17 21:00:00,0.19693
Netherlands,NLD,2024-06-17 20:00:00,2024-06-17 22:00:00,0.12661
Netherlands,NLD,2024-06-17 21:00:00,2024-06-17 23:00:00,0.10339
Netherlands,NLD,2024-06-17 22:00:00,2024-06-18 00:00:00,0.08807
Netherlands,NLD,2024-06-17 23:00:00,2024-06-18 01:00:00,0.0849
Netherlands,NLD,2024-06-18 00:00:00,2024-06-18 02:00:00,0.08727
Netherlands,NLD,2024-06-18 01:00:00,2024-06-18 03:00:00,0.0846
Netherlands,NLD,2024-06-18 02:00:00,2024-06-18 04:00:00,0.0866
Netherlands,NLD,2024-06-18 03:00:00,2024-06-18 05:00:00,0.09490000000000001
Netherlands,NLD,2024-06-18 04:00:00,2024-06-18 06:00:00,0.11744
Netherlands,NLD,2024-06-18 05:00:00,2024-06-18 07:00:00,0.11589
Netherlands,NLD,2024-06-18 06:00:00,2024-06-18 08:00:00,0.09
Netherlands,NLD,2024-06-18 07:00:00,2024-06-18 09:00:00,0.08705
Netherlands,NLD,2024-06-18 08:00:00,2024-06-18 10:00:00,0.08101
Netherlands,NLD,2024-06-18 09:00:00,2024-06-18 11:00:00,0.06834
Netherlands,NLD,2024-06-18 10:00:00,2024-06-18 12:00:00,0.06691
Netherlands,NLD,2024-06-18 11:00:00,2024-06-18 13:00:00,0.07709999999999999
Netherlands,NLD,2024-06-18 12:00:00,2024-06-18 14:00:00,0.08505
Netherlands,NLD,2024-06-18 13:00:00,2024-06-18 15:00:00,0.09
Netherlands,NLD,2024-06-18 14:00:00,2024-06-18 16:00:00,0.091
Netherlands,NLD,2024-06-18 15:00:00,2024-06-18 17:00:00,0.09465000000000001
Netherlands,NLD,2024-06-18 16:00:00,2024-06-18 18:00:00,0.11517000000000001
Netherlands,NLD,2024-06-18 17:00:00,2024-06-18 19:00:00,0.1416
Netherlands,NLD,2024-06-18 18:00:00,2024-06-18 20:00:00,0.15080000000000002
Netherlands,NLD,2024-06-18 19:00:00,2024-06-18 21:00:00,0.11309000000000001
Netherlands,NLD,2024-06-18 20:00:00,2024-06-18 22:00:00,0.09519
Netherlands,NLD,2024-06-18 21:00:00,2024-06-18 23:00:00,0.08635
Netherlands,NLD,2024-06-18 22:00:00,2024-06-19 00:00:00,0.10005
Netherlands,NLD,2024-06-18 23:00:00,2024-06-19 01:00:00,0.08924
Netherlands,NLD,2024-06-19 00:00:00,2024-06-19 02:00:00,0.07970000000000001
Netherlands,NLD,2024-06-19 01:00:00,2024-06-19 03:00:00,0.07706
Netherlands,NLD,2024-06-19 02:00:00,2024-06-19 04:00:00,0.08117
Netherlands,NLD,2024-06-19 03:00:00,2024-06-19 05:00:00,0.07732
Netherlands,NLD,2024-06-19 04:00:00,2024-06-19 06:00:00,0.1019
Netherlands,NLD,2024-06-19 05:00:00,2024-06-19 07:00:00,0.11214
Netherlands,NLD,2024-06-19 06:00:00,2024-06-19 08:00:00,0.10423
Netherlands,NLD,2024-06-19 07:00:00,2024-06-19 09:00:00,0.08173
Netherlands,NLD,2024-06-19 08:00:00,2024-06-19 10:00:00,0.07249
Netherlands,NLD,2024-06-19 09:00:00,2024-06-19 11:00:00,0.06026
Netherlands,NLD,2024-06-19 10:00:00,2024-06-19 12:00:00,0.045
Netherlands,NLD,2024-06-19 11:00:00,2024-06-19 13:00:00,0.03356
Netherlands,NLD,2024-06-19 12:00:00,2024-06-19 14:00:00,0.02187
Netherlands,NLD,2024-06-19 13:00:00,2024-06-19 15:00:00,0.013439999999999999
Netherlands,NLD,2024-06-19 14:00:00,2024-06-19 16:00:00,0.03003
Netherlands,NLD,2024-06-19 15:00:00,2024-06-19 17:00:00,0.06416
Netherlands,NLD,2024-06-19 16:00:00,2024-06-19 18:00:00,0.07978
Netherlands,NLD,2024-06-19 17:00:00,2024-06-19 19:00:00,0.09989
Netherlands,NLD,2024-06-19 18:00:00,2024-06-19 20:00:00,0.12269
Netherlands,NLD,2024-06-19 19:00:00,2024-06-19 21:00:00,0.1177
Netherlands,NLD,2024-06-19 20:00:00,2024-06-19 22:00:00,0.1092
Netherlands,NLD,2024-06-19 21:00:00,2024-06-19 23:00:00,0.09331
Netherlands,NLD,2024-06-19 22:00:00,2024-06-20 00:00:00,0.08609
Netherlands,NLD,2024-06-19 23:00:00,2024-06-20 01:00:00,0.08156000000000001
Netherlands,NLD,2024-06-20 00:00:00,2024-06-20 02:00:00,0.07895999999999999
Netherlands,NLD,2024-06-20 01:00:00,2024-06-20 03:00:00,0.07905
Netherlands,NLD,2024-06-20 02:00:00,2024-06-20 04:00:00,0.0836
Netherlands,NLD,2024-06-20 03:00:00,2024-06-20 05:00:00,0.08771999999999999
Netherlands,NLD,2024-06-20 04:00:00,2024-06-20 06:00:00,0.11136
Netherlands,NLD,2024-06-20 05:00:00,2024-06-20 07:00:00,0.11263
Netherlands,NLD,2024-06-20 06:00:00,2024-06-20 08:00:00,0.10299
Netherlands,NLD,2024-06-20 07:00:00,2024-06-20 09:00:00,0.08109000000000001
Netherlands,NLD,2024-06-20 08:00:00,2024-06-20 10:00:00,0.07
Netherlands,NLD,2024-06-20 09:00:00,2024-06-20 11:00:00,0.06008
Netherlands,NLD,2024-06-20 10:00:00,2024-06-20 12:00:00,0.05687
Netherlands,NLD,2024-06-20 11:00:00,2024-06-20 13:00:00,0.05521
Netherlands,NLD,2024-06-20 12:00:00,2024-06-20 14:00:00,0.05859
Netherlands,NLD,2024-06-20 13:00:00,2024-06-20 15:00:00,0.06772
Netherlands,NLD,2024-06-20 14:00:00,2024-06-20 16:00:00,0.07639
Netherlands,NLD,2024-06-20 15:00:00,2024-06-20 17:00:00,0.08904000000000001
Netherlands,NLD,2024-06-20 16:00:00,2024-06-20 18:00:00,0.10748
Netherlands,NLD,2024-06-20 17:00:00,2024-06-20 19:00:00,0.13838
Netherlands,NLD,2024-06-20 18:00:00,2024-06-20 20:00:00,0.17048
Netherlands,NLD,2024-06-20 19:00:00,2024-06-20 21:00:00,0.12993000000000002
Netherlands,NLD,2024-06-20 20:00:00,2024-06-20 22:00:00,0.11220000000000001
Netherlands,NLD,2024-06-20 21:00:00,2024-06-20 23:00:00,0.09531999999999999
Netherlands,NLD,2024-06-20 22:00:00,2024-06-21 00:00:00,0.10094
Netherlands,NLD,2024-06-20 23:00:00,2024-06-21 01:00:00,0.09087999999999999
Netherlands,NLD,2024-06-21 00:00:00,2024-06-21 02:00:00,0.08995
Netherlands,NLD,2024-06-21 01:00:00,2024-06-21 03:00:00,0.08746
Netherlands,NLD,2024-06-21 02:00:00,2024-06-21 04:00:00,0.0845
Netherlands,NLD,2024-06-21 03:00:00,2024-06-21 05:00:00,0.08538
Netherlands,NLD,2024-06-21 04:00:00,2024-06-21 06:00:00,0.096
Netherlands,NLD,2024-06-21 05:00:00,2024-06-21 07:00:00,0.12090000000000001
Netherlands,NLD,2024-06-21 06:00:00,2024-06-21 08:00:00,0.12085
Netherlands,NLD,2024-06-21 07:00:00,2024-06-21 09:00:00,0.11167
Netherlands,NLD,2024-06-21 08:00:00,2024-06-21 10:00:00,0.10065
Netherlands,NLD,2024-06-21 09:00:00,2024-06-21 11:00:00,0.08993999999999999
Netherlands,NLD,2024-06-21 10:00:00,2024-06-21 12:00:00,0.08854000000000001
Netherlands,NLD,2024-06-21 11:00:00,2024-06-21 13:00:00,0.0819
Netherlands,NLD,2024-06-21 12:00:00,2024-06-21 14:00:00,0.07377
Netherlands,NLD,2024-06-21 13:00:00,2024-06-21 15:00:00,0.07432
Netherlands,NLD,2024-06-21 14:00:00,2024-06-21 16:00:00,0.07875
Netherlands,NLD,2024-06-21 15:00:00,2024-06-21 17:00:00,0.09172
Netherlands,NLD,2024-06-21 16:00:00,2024-06-21 18:00:00,0.09974
Netherlands,NLD,2024-06-21 17:00:00,2024-06-21 19:00:00,0.10956
Netherlands,NLD,2024-06-21 18:00:00,2024-06-21 20:00:00,0.112
Netherlands,NLD,2024-06-21 19:00:00,2024-06-21 21:00:00,0.10553
Netherlands,NLD,2024-06-21 20:00:00,2024-06-21 22:00:00,0.0963
Netherlands,NLD,2024-06-21 21:00:00,2024-06-21 23:00:00,0.08269
Netherlands,NLD,2024-06-21 22:00:00,2024-06-22 00:00:00,0.08078
Netherlands,NLD,2024-06-21 23:00:00,2024-06-22 01:00:00,0.07087
Netherlands,NLD,2024-06-22 00:00:00,2024-06-22 02:00:00,0.061799999999999994
Netherlands,NLD,2024-06-22 01:00:00,2024-06-22 03:00:00,0.0505
Netherlands,NLD,2024-06-22 02:00:00,2024-06-22 04:00:00,0.04962
Netherlands,NLD,2024-06-22 03:00:00,2024-06-22 05:00:00,0.04647
Netherlands,NLD,2024-06-22 04:00:00,2024-06-22 06:00:00,0.05815
Netherlands,NLD,2024-06-22 05:00:00,2024-06-22 07:00:00,0.04871
Netherlands,NLD,2024-06-22 06:00:00,2024-06-22 08:00:00,0.04379
Netherlands,NLD,2024-06-22 07:00:00,2024-06-22 09:00:00,0.03465
Netherlands,NLD,2024-06-22 08:00:00,2024-06-22 10:00:00,0.012539999999999999
Netherlands,NLD,2024-06-22 09:00:00,2024-06-22 11:00:00,0.00359
Netherlands,NLD,2024-06-22 10:00:00,2024-06-22 12:00:00,0.00265
Netherlands,NLD,2024-06-22 11:00:00,2024-06-22 13:00:00,2.9999999999999997e-05
Netherlands,NLD,2024-06-22 12:00:00,2024-06-22 14:00:00,-1e-05
Netherlands,NLD,2024-06-22 13:00:00,2024-06-22 15:00:00,8e-05
Netherlands,NLD,2024-06-22 14:00:00,2024-06-22 16:00:00,0.00451
Netherlands,NLD,2024-06-22 15:00:00,2024-06-22 17:00:00,0.03848
Netherlands,NLD,2024-06-22 16:00:00,2024-06-22 18:00:00,0.07529999999999999
Netherlands,NLD,2024-06-22 17:00:00,2024-06-22 19:00:00,0.10779999999999999
Netherlands,NLD,2024-06-22 18:00:00,2024-06-22 20:00:00,0.12236
Netherlands,NLD,2024-06-22 19:00:00,2024-06-22 21:00:00,0.12405
Netherlands,NLD,2024-06-22 20:00:00,2024-06-22 22:00:00,0.11125
Netherlands,NLD,2024-06-22 21:00:00,2024-06-22 23:00:00,0.09099
Netherlands,NLD,2024-06-22 22:00:00,2024-06-23 00:00:00,0.09806000000000001
Netherlands,NLD,2024-06-22 23:00:00,2024-06-23 01:00:00,0.08526
Netherlands,NLD,2024-06-23 00:00:00,2024-06-23 02:00:00,0.08496
Netherlands,NLD,2024-06-23 01:00:00,2024-06-23 03:00:00,0.08019
Netherlands,NLD,2024-06-23 02:00:00,2024-06-23 04:00:00,0.0783
Netherlands,NLD,2024-06-23 03:00:00,2024-06-23 05:00:00,0.0756
Netherlands,NLD,2024-06-23 04:00:00,2024-06-23 06:00:00,0.07145
Netherlands,NLD,2024-06-23 05:00:00,2024-06-23 07:00:00,0.04815
Netherlands,NLD,2024-06-23 06:00:00,2024-06-23 08:00:00,0.01797
Netherlands,NLD,2024-06-23 07:00:00,2024-06-23 09:00:00,0.00424
Netherlands,NLD,2024-06-23 08:00:00,2024-06-23 10:00:00,0.0
Netherlands,NLD,2024-06-23 09:00:00,2024-06-23 11:00:00,-5e-05
Netherlands,NLD,2024-06-23 10:00:00,2024-06-23 12:00:00,-0.0001
Netherlands,NLD,2024-06-23 11:00:00,2024-06-23 13:00:00,-0.00103
Netherlands,NLD,2024-06-23 12:00:00,2024-06-23 14:00:00,-0.00221
Netherlands,NLD,2024-06-23 13:00:00,2024-06-23 15:00:00,-0.00204
Netherlands,NLD,2024-06-23 14:00:00,2024-06-23 16:00:00,-0.00023
Netherlands,NLD,2024-06-23 15:00:00,2024-06-23 17:00:00,0.018969999999999997
Netherlands,NLD,2024-06-23 16:00:00,2024-06-23 18:00:00,0.0636
Netherlands,NLD,2024-06-23 17:00:00,2024-06-23 19:00:00,0.09172
Netherlands,NLD,2024-06-23 18:00:00,2024-06-23 20:00:00,0.1135
Netherlands,NLD,2024-06-23 19:00:00,2024-06-23 21:00:00,0.12501
Netherlands,NLD,2024-06-23 20:00:00,2024-06-23 22:00:00,0.1201
Netherlands,NLD,2024-06-23 21:00:00,2024-06-23 23:00:00,0.0999
Netherlands,NLD,2024-06-23 22:00:00,2024-06-24 00:00:00,0.10563
Netherlands,NLD,2024-06-23 23:00:00,2024-06-24 01:00:00,0.09509999999999999
Netherlands,NLD,2024-06-24 00:00:00,2024-06-24 02:00:00,0.08993000000000001
Netherlands,NLD,2024-06-24 01:00:00,2024-06-24 03:00:00,0.0849
Netherlands,NLD,2024-06-24 02:00:00,2024-06-24 04:00:00,0.08745
Netherlands,NLD,2024-06-24 03:00:00,2024-06-24 05:00:00,0.09870999999999999
Netherlands,NLD,2024-06-24 04:00:00,2024-06-24 06:00:00,0.13313999999999998
Netherlands,NLD,2024-06-24 05:00:00,2024-06-24 07:00:00,0.12935
Netherlands,NLD,2024-06-24 06:00:00,2024-06-24 08:00:00,0.09864
Netherlands,NLD,2024-06-24 07:00:00,2024-06-24 09:00:00,0.0756
Netherlands,NLD,2024-06-24 08:00:00,2024-06-24 10:00:00,0.05062
Netherlands,NLD,2024-06-24 09:00:00,2024-06-24 11:00:00,0.0343
Netherlands,NLD,2024-06-24 10:00:00,2024-06-24 12:00:00,0.03108
Netherlands,NLD,2024-06-24 11:00:00,2024-06-24 13:00:00,0.02754
Netherlands,NLD,2024-06-24 12:00:00,2024-06-24 14:00:00,0.026
Netherlands,NLD,2024-06-24 13:00:00,2024-06-24 15:00:00,0.03184
Netherlands,NLD,2024-06-24 14:00:00,2024-06-24 16:00:00,0.062229999999999994
Netherlands,NLD,2024-06-24 15:00:00,2024-06-24 17:00:00,0.07989
Netherlands,NLD,2024-06-24 16:00:00,2024-06-24 18:00:00,0.09309999999999999
Netherlands,NLD,2024-06-24 17:00:00,2024-06-24 19:00:00,0.1519
Netherlands,NLD,2024-06-24 18:00:00,2024-06-24 20:00:00,0.20334
Netherlands,NLD,2024-06-24 19:00:00,2024-06-24 21:00:00,0.15607
Netherlands,NLD,2024-06-24 20:00:00,2024-06-24 22:00:00,0.1174
Netherlands,NLD,2024-06-24 21:00:00,2024-06-24 23:00:00,0.09234999999999999
Netherlands,NLD,2024-06-24 22:00:00,2024-06-25 00:00:00,0.0888
Netherlands,NLD,2024-06-24 23:00:00,2024-06-25 01:00:00,0.0848
Netherlands,NLD,2024-06-25 00:00:00,2024-06-25 02:00:00,0.08478
Netherlands,NLD,2024-06-25 01:00:00,2024-06-25 03:00:00,0.08522
Netherlands,NLD,2024-06-25 02:00:00,2024-06-25 04:00:00,0.0855
Netherlands,NLD,2024-06-25 03:00:00,2024-06-25 05:00:00,0.09490000000000001
Netherlands,NLD,2024-06-25 04:00:00,2024-06-25 06:00:00,0.1148
Netherlands,NLD,2024-06-25 05:00:00,2024-06-25 07:00:00,0.122
Netherlands,NLD,2024-06-25 06:00:00,2024-06-25 08:00:00,0.1038
Netherlands,NLD,2024-06-25 07:00:00,2024-06-25 09:00:00,0.07464
Netherlands,NLD,2024-06-25 08:00:00,2024-06-25 10:00:00,0.03569
Netherlands,NLD,2024-06-25 09:00:00,2024-06-25 11:00:00,0.011800000000000001
Netherlands,NLD,2024-06-25 10:00:00,2024-06-25 12:00:00,-0.0091
Netherlands,NLD,2024-06-25 11:00:00,2024-06-25 13:00:00,-0.02
Netherlands,NLD,2024-06-25 12:00:00,2024-06-25 14:00:00,-0.01289
Netherlands,NLD,2024-06-25 13:00:00,2024-06-25 15:00:00,0.0095
Netherlands,NLD,2024-06-25 14:00:00,2024-06-25 16:00:00,0.025
Netherlands,NLD,2024-06-25 15:00:00,2024-06-25 17:00:00,0.0629
Netherlands,NLD,2024-06-25 16:00:00,2024-06-25 18:00:00,0.07890000000000001
Netherlands,NLD,2024-06-25 17:00:00,2024-06-25 19:00:00,0.10773999999999999
Netherlands,NLD,2024-06-25 18:00:00,2024-06-25 20:00:00,0.12589
Netherlands,NLD,2024-06-25 19:00:00,2024-06-25 21:00:00,0.12209
Netherlands,NLD,2024-06-25 20:00:00,2024-06-25 22:00:00,0.10657
Netherlands,NLD,2024-06-25 21:00:00,2024-06-25 23:00:00,0.08995
Netherlands,NLD,2024-06-25 22:00:00,2024-06-26 00:00:00,0.10726999999999999
Netherlands,NLD,2024-06-25 23:00:00,2024-06-26 01:00:00,0.09991
Netherlands,NLD,2024-06-26 00:00:00,2024-06-26 02:00:00,0.09531999999999999
Netherlands,NLD,2024-06-26 01:00:00,2024-06-26 03:00:00,0.09545999999999999
Netherlands,NLD,2024-06-26 02:00:00,2024-06-26 04:00:00,0.09169
Netherlands,NLD,2024-06-26 03:00:00,2024-06-26 05:00:00,0.09705
Netherlands,NLD,2024-06-26 04:00:00,2024-06-26 06:00:00,0.10873999999999999
Netherlands,NLD,2024-06-26 05:00:00,2024-06-26 07:00:00,0.13
Netherlands,NLD,2024-06-26 06:00:00,2024-06-26 08:00:00,0.1211
Netherlands,NLD,2024-06-26 07:00:00,2024-06-26 09:00:00,0.10176
Netherlands,NLD,2024-06-26 08:00:00,2024-06-26 10:00:00,0.08988
Netherlands,NLD,2024-06-26 09:00:00,2024-06-26 11:00:00,0.08417
Netherlands,NLD,2024-06-26 10:00:00,2024-06-26 12:00:00,0.07864
Netherlands,NLD,2024-06-26 11:00:00,2024-06-26 13:00:00,0.07654000000000001
Netherlands,NLD,2024-06-26 12:00:00,2024-06-26 14:00:00,0.08
Netherlands,NLD,2024-06-26 13:00:00,2024-06-26 15:00:00,0.09049
Netherlands,NLD,2024-06-26 14:00:00,2024-06-26 16:00:00,0.09991
Netherlands,NLD,2024-06-26 15:00:00,2024-06-26 17:00:00,0.10586
Netherlands,NLD,2024-06-26 16:00:00,2024-06-26 18:00:00,0.10731
Netherlands,NLD,2024-06-26 17:00:00,2024-06-26 19:00:00,0.13426
Netherlands,NLD,2024-06-26 18:00:00,2024-06-26 20:00:00,0.14406
Netherlands,NLD,2024-06-26 19:00:00,2024-06-26 21:00:00,0.13047999999999998
Netherlands,NLD,2024-06-26 20:00:00,2024-06-26 22:00:00,0.11748
Netherlands,NLD,2024-06-26 21:00:00,2024-06-26 23:00:00,0.11
Netherlands,NLD,2024-06-26 22:00:00,2024-06-27 00:00:00,0.096
Netherlands,NLD,2024-06-26 23:00:00,2024-06-27 01:00:00,0.08691
Netherlands,NLD,2024-06-27 00:00:00,2024-06-27 02:00:00,0.0805
Netherlands,NLD,2024-06-27 01:00:00,2024-06-27 03:00:00,0.08284
Netherlands,NLD,2024-06-27 02:00:00,2024-06-27 04:00:00,0.078
Netherlands,NLD,2024-06-27 03:00:00,2024-06-27 05:00:00,0.08324
Netherlands,NLD,2024-06-27 04:00:00,2024-06-27 06:00:00,0.114
Netherlands,NLD,2024-06-27 05:00:00,2024-06-27 07:00:00,0.12401000000000001
Netherlands,NLD,2024-06-27 06:00:00,2024-06-27 08:00:00,0.115
Netherlands,NLD,2024-06-27 07:00:00,2024-06-27 09:00:00,0.08888
Netherlands,NLD,2024-06-27 08:00:00,2024-06-27 10:00:00,0.06708
Netherlands,NLD,2024-06-27 09:00:00,2024-06-27 11:00:00,0.04961
Netherlands,NLD,2024-06-27 10:00:00,2024-06-27 12:00:00,0.025
Netherlands,NLD,2024-06-27 11:00:00,2024-06-27 13:00:00,0.0
Netherlands,NLD,2024-06-27 12:00:00,2024-06-27 14:00:00,-7.000000000000001e-05
Netherlands,NLD,2024-06-27 13:00:00,2024-06-27 15:00:00,0.0
Netherlands,NLD,2024-06-27 14:00:00,2024-06-27 16:00:00,0.01952
Netherlands,NLD,2024-06-27 15:00:00,2024-06-27 17:00:00,0.045439999999999994
Netherlands,NLD,2024-06-27 16:00:00,2024-06-27 18:00:00,0.07073
Netherlands,NLD,2024-06-27 17:00:00,2024-06-27 19:00:00,0.099
Netherlands,NLD,2024-06-27 18:00:00,2024-06-27 20:00:00,0.132
Netherlands,NLD,2024-06-27 19:00:00,2024-06-27 21:00:00,0.125
Netherlands,NLD,2024-06-27 20:00:00,2024-06-27 22:00:00,0.10690000000000001
Netherlands,NLD,2024-06-27 21:00:00,2024-06-27 23:00:00,0.09948
Netherlands,NLD,2024-06-27 22:00:00,2024-06-28 00:00:00,0.09071
Netherlands,NLD,2024-06-27 23:00:00,2024-06-28 01:00:00,0.08990999999999999
Netherlands,NLD,2024-06-28 00:00:00,2024-06-28 02:00:00,0.08045000000000001
Netherlands,NLD,2024-06-28 01:00:00,2024-06-28 03:00:00,0.07476999999999999
Netherlands,NLD,2024-06-28 02:00:00,2024-06-28 04:00:00,0.0783
Netherlands,NLD,2024-06-28 03:00:00,2024-06-28 05:00:00,0.0849
Netherlands,NLD,2024-06-28 04:00:00,2024-06-28 06:00:00,0.11075
Netherlands,NLD,2024-06-28 05:00:00,2024-06-28 07:00:00,0.09092
Netherlands,NLD,2024-06-28 06:00:00,2024-06-28 08:00:00,0.07557
Netherlands,NLD,2024-06-28 07:00:00,2024-06-28 09:00:00,0.0258
Netherlands,NLD,2024-06-28 08:00:00,2024-06-28 10:00:00,0.0
Netherlands,NLD,2024-06-28 09:00:00,2024-06-28 11:00:00,-0.010060000000000001
Netherlands,NLD,2024-06-28 10:00:00,2024-06-28 12:00:00,-0.02
Netherlands,NLD,2024-06-28 11:00:00,2024-06-28 13:00:00,-0.03
Netherlands,NLD,2024-06-28 12:00:00,2024-06-28 14:00:00,-0.03
Netherlands,NLD,2024-06-28 13:00:00,2024-06-28 15:00:00,-0.015099999999999999
Netherlands,NLD,2024-06-28 14:00:00,2024-06-28 16:00:00,-0.00792
Netherlands,NLD,2024-06-28 15:00:00,2024-06-28 17:00:00,0.001
Netherlands,NLD,2024-06-28 16:00:00,2024-06-28 18:00:00,0.045
Netherlands,NLD,2024-06-28 17:00:00,2024-06-28 19:00:00,0.08702
Netherlands,NLD,2024-06-28 18:00:00,2024-06-28 20:00:00,0.11012999999999999
Netherlands,NLD,2024-06-28 19:00:00,2024-06-28 21:00:00,0.13748
Netherlands,NLD,2024-06-28 20:00:00,2024-06-28 22:00:00,0.1262
Netherlands,NLD,2024-06-28 21:00:00,2024-06-28 23:00:00,0.10884999999999999
Netherlands,NLD,2024-06-28 22:00:00,2024-06-29 00:00:00,0.11070999999999999
Netherlands,NLD,2024-06-28 23:00:00,2024-06-29 01:00:00,0.10829000000000001
Netherlands,NLD,2024-06-29 00:00:00,2024-06-29 02:00:00,0.10795
Netherlands,NLD,2024-06-29 01:00:00,2024-06-29 03:00:00,0.10719
Netherlands,NLD,2024-06-29 02:00:00,2024-06-29 04:00:00,0.10534
Netherlands,NLD,2024-06-29 03:00:00,2024-06-29 05:00:00,0.10213
Netherlands,NLD,2024-06-29 04:00:00,2024-06-29 06:00:00,0.09497
Netherlands,NLD,2024-06-29 05:00:00,2024-06-29 07:00:00,0.08220000000000001
Netherlands,NLD,2024-06-29 06:00:00,2024-06-29 08:00:00,0.06586
Netherlands,NLD,2024-06-29 07:00:00,2024-06-29 09:00:00,0.02958
Netherlands,NLD,2024-06-29 08:00:00,2024-06-29 10:00:00,0.00504
Netherlands,NLD,2024-06-29 09:00:00,2024-06-29 11:00:00,4e-05
Netherlands,NLD,2024-06-29 10:00:00,2024-06-29 12:00:00,-1e-05
Netherlands,NLD,2024-06-29 11:00:00,2024-06-29 13:00:00,-0.00023999999999999998
Netherlands,NLD,2024-06-29 12:00:00,2024-06-29 14:00:00,-8e-05
Netherlands,NLD,2024-06-29 13:00:00,2024-06-29 15:00:00,0.00136
Netherlands,NLD,2024-06-29 14:00:00,2024-06-29 16:00:00,0.0121
Netherlands,NLD,2024-06-29 15:00:00,2024-06-29 17:00:00,0.06834
Netherlands,NLD,2024-06-29 16:00:00,2024-06-29 18:00:00,0.10325
Netherlands,NLD,2024-06-29 17:00:00,2024-06-29 19:00:00,0.12693000000000002
Netherlands,NLD,2024-06-29 18:00:00,2024-06-29 20:00:00,0.139
Netherlands,NLD,2024-06-29 19:00:00,2024-06-29 21:00:00,0.1135
Netherlands,NLD,2024-06-29 20:00:00,2024-06-29 22:00:00,0.1001
Netherlands,NLD,2024-06-29 21:00:00,2024-06-29 23:00:00,0.09381
Netherlands,NLD,2024-06-29 22:00:00,2024-06-30 00:00:00,0.08070000000000001
Netherlands,NLD,2024-06-29 23:00:00,2024-06-30 01:00:00,0.083
Netherlands,NLD,2024-06-30 00:00:00,2024-06-30 02:00:00,0.07529999999999999
Netherlands,NLD,2024-06-30 01:00:00,2024-06-30 03:00:00,0.06705
Netherlands,NLD,2024-06-30 02:00:00,2024-06-30 04:00:00,0.06436
Netherlands,NLD,2024-06-30 03:00:00,2024-06-30 05:00:00,0.05139
Netherlands,NLD,2024-06-30 04:00:00,2024-06-30 06:00:00,0.05156
Netherlands,NLD,2024-06-30 05:00:00,2024-06-30 07:00:00,0.02042
Netherlands,NLD,2024-06-30 06:00:00,2024-06-30 08:00:00,0.00683
Netherlands,NLD,2024-06-30 07:00:00,2024-06-30 09:00:00,0.00082
Netherlands,NLD,2024-06-30 08:00:00,2024-06-30 10:00:00,0.0
Netherlands,NLD,2024-06-30 09:00:00,2024-06-30 11:00:00,0.0
Netherlands,NLD,2024-06-30 10:00:00,2024-06-30 12:00:00,-2e-05
Netherlands,NLD,2024-06-30 11:00:00,2024-06-30 13:00:00,-0.00151
Netherlands,NLD,2024-06-30 12:00:00,2024-06-30 14:00:00,-0.00109
Netherlands,NLD,2024-06-30 13:00:00,2024-06-30 15:00:00,0.0
Netherlands,NLD,2024-06-30 14:00:00,2024-06-30 16:00:00,0.00092
Netherlands,NLD,2024-06-30 15:00:00,2024-06-30 17:00:00,0.030920000000000003
Netherlands,NLD,2024-06-30 16:00:00,2024-06-30 18:00:00,0.07575
Netherlands,NLD,2024-06-30 17:00:00,2024-06-30 19:00:00,0.08726
Netherlands,NLD,2024-06-30 18:00:00,2024-06-30 20:00:00,0.0999
Netherlands,NLD,2024-06-30 19:00:00,2024-06-30 21:00:00,0.104
Netherlands,NLD,2024-06-30 20:00:00,2024-06-30 22:00:00,0.10728
Netherlands,NLD,2024-06-30 21:00:00,2024-06-30 23:00:00,0.0932
Netherlands,NLD,2024-06-30 22:00:00,2024-07-01 00:00:00,0.09473000000000001
Netherlands,NLD,2024-06-30 23:00:00,2024-07-01 01:00:00,0.0857
Netherlands,NLD,2024-07-01 00:00:00,2024-07-01 02:00:00,0.07819
Netherlands,NLD,2024-07-01 01:00:00,2024-07-01 03:00:00,0.07801000000000001
Netherlands,NLD,2024-07-01 02:00:00,2024-07-01 04:00:00,0.07904000000000001
Netherlands,NLD,2024-07-01 03:00:00,2024-07-01 05:00:00,0.08023000000000001
Netherlands,NLD,2024-07-01 04:00:00,2024-07-01 06:00:00,0.12165999999999999
Netherlands,NLD,2024-07-01 05:00:00,2024-07-01 07:00:00,0.13651
Netherlands,NLD,2024-07-01 06:00:00,2024-07-01 08:00:00,0.13240000000000002
Netherlands,NLD,2024-07-01 07:00:00,2024-07-01 09:00:00,0.10959999999999999
Netherlands,NLD,2024-07-01 08:00:00,2024-07-01 10:00:00,0.1006
Netherlands,NLD,2024-07-01 09:00:00,2024-07-01 11:00:00,0.08609
Netherlands,NLD,2024-07-01 10:00:00,2024-07-01 12:00:00,0.07379000000000001
Netherlands,NLD,2024-07-01 11:00:00,2024-07-01 13:00:00,0.06663
Netherlands,NLD,2024-07-01 12:00:00,2024-07-01 14:00:00,0.03774
Netherlands,NLD,2024-07-01 13:00:00,2024-07-01 15:00:00,0.02946
Netherlands,NLD,2024-07-01 14:00:00,2024-07-01 16:00:00,0.031059999999999997
Netherlands,NLD,2024-07-01 15:00:00,2024-07-01 17:00:00,0.055
Netherlands,NLD,2024-07-01 16:00:00,2024-07-01 18:00:00,0.07191
Netherlands,NLD,2024-07-01 17:00:00,2024-07-01 19:00:00,0.09872
Netherlands,NLD,2024-07-01 18:00:00,2024-07-01 20:00:00,0.16252
Netherlands,NLD,2024-07-01 19:00:00,2024-07-01 21:00:00,0.12636
Netherlands,NLD,2024-07-01 20:00:00,2024-07-01 22:00:00,0.1082
Netherlands,NLD,2024-07-01 21:00:00,2024-07-01 23:00:00,0.08765
Netherlands,NLD,2024-07-01 22:00:00,2024-07-02 00:00:00,0.083
Netherlands,NLD,2024-07-01 23:00:00,2024-07-02 01:00:00,0.07636
Netherlands,NLD,2024-07-02 00:00:00,2024-07-02 02:00:00,0.07637999999999999
Netherlands,NLD,2024-07-02 01:00:00,2024-07-02 03:00:00,0.07574
Netherlands,NLD,2024-07-02 02:00:00,2024-07-02 04:00:00,0.07637000000000001
Netherlands,NLD,2024-07-02 03:00:00,2024-07-02 05:00:00,0.07709
Netherlands,NLD,2024-07-02 04:00:00,2024-07-02 06:00:00,0.0916
Netherlands,NLD,2024-07-02 05:00:00,2024-07-02 07:00:00,0.09823
Netherlands,NLD,2024-07-02 06:00:00,2024-07-02 08:00:00,0.10284
Netherlands,NLD,2024-07-02 07:00:00,2024-07-02 09:00:00,0.1
Netherlands,NLD,2024-07-02 08:00:00,2024-07-02 10:00:00,0.08781
Netherlands,NLD,2024-07-02 09:00:00,2024-07-02 11:00:00,0.071
Netherlands,NLD,2024-07-02 10:00:00,2024-07-02 12:00:00,0.06375
Netherlands,NLD,2024-07-02 11:00:00,2024-07-02 13:00:00,0.06036
Netherlands,NLD,2024-07-02 12:00:00,2024-07-02 14:00:00,0.05232
Netherlands,NLD,2024-07-02 13:00:00,2024-07-02 15:00:00,0.05072
Netherlands,NLD,2024-07-02 14:00:00,2024-07-02 16:00:00,0.0627
Netherlands,NLD,2024-07-02 15:00:00,2024-07-02 17:00:00,0.06484000000000001
Netherlands,NLD,2024-07-02 16:00:00,2024-07-02 18:00:00,0.07816
Netherlands,NLD,2024-07-02 17:00:00,2024-07-02 19:00:00,0.09995
Netherlands,NLD,2024-07-02 18:00:00,2024-07-02 20:00:00,0.11145000000000001
Netherlands,NLD,2024-07-02 19:00:00,2024-07-02 21:00:00,0.11025
Netherlands,NLD,2024-07-02 20:00:00,2024-07-02 22:00:00,0.10894
Netherlands,NLD,2024-07-02 21:00:00,2024-07-02 23:00:00,0.09865
Netherlands,NLD,2024-07-02 22:00:00,2024-07-03 00:00:00,0.16725
Netherlands,NLD,2024-07-02 23:00:00,2024-07-03 01:00:00,0.10990000000000001
Netherlands,NLD,2024-07-03 00:00:00,2024-07-03 02:00:00,0.09490000000000001
Netherlands,NLD,2024-07-03 01:00:00,2024-07-03 03:00:00,0.08270000000000001
Netherlands,NLD,2024-07-03 02:00:00,2024-07-03 04:00:00,0.08270000000000001
Netherlands,NLD,2024-07-03 03:00:00,2024-07-03 05:00:00,0.0799
Netherlands,NLD,2024-07-03 04:00:00,2024-07-03 06:00:00,0.09568
Netherlands,NLD,2024-07-03 05:00:00,2024-07-03 07:00:00,0.11329
Netherlands,NLD,2024-07-03 06:00:00,2024-07-03 08:00:00,0.113
Netherlands,NLD,2024-07-03 07:00:00,2024-07-03 09:00:00,0.098
Netherlands,NLD,2024-07-03 08:00:00,2024-07-03 10:00:00,0.08788
Netherlands,NLD,2024-07-03 09:00:00,2024-07-03 11:00:00,0.09040999999999999
Netherlands,NLD,2024-07-03 10:00:00,2024-07-03 12:00:00,0.08990000000000001
Netherlands,NLD,2024-07-03 11:00:00,2024-07-03 13:00:00,0.08
Netherlands,NLD,2024-07-03 12:00:00,2024-07-03 14:00:00,0.06164
Netherlands,NLD,2024-07-03 13:00:00,2024-07-03 15:00:00,0.05947
Netherlands,NLD,2024-07-03 14:00:00,2024-07-03 16:00:00,0.060090000000000005
Netherlands,NLD,2024-07-03 15:00:00,2024-07-03 17:00:00,0.07917
Netherlands,NLD,2024-07-03 16:00:00,2024-07-03 18:00:00,0.09356
Netherlands,NLD,2024-07-03 17:00:00,2024-07-03 19:00:00,0.11145000000000001
Netherlands,NLD,2024-07-03 18:00:00,2024-07-03 20:00:00,0.15418
Netherlands,NLD,2024-07-03 19:00:00,2024-07-03 21:00:00,0.10513
Netherlands,NLD,2024-07-03 20:00:00,2024-07-03 22:00:00,0.08739
Netherlands,NLD,2024-07-03 21:00:00,2024-07-03 23:00:00,0.06937
Netherlands,NLD,2024-07-03 22:00:00,2024-07-04 00:00:00,0.0585
Netherlands,NLD,2024-07-03 23:00:00,2024-07-04 01:00:00,0.035
Netherlands,NLD,2024-07-04 00:00:00,2024-07-04 02:00:00,0.01635
Netherlands,NLD,2024-07-04 01:00:00,2024-07-04 03:00:00,0.01
Netherlands,NLD,2024-07-04 02:00:00,2024-07-04 04:00:00,0.00743
Netherlands,NLD,2024-07-04 03:00:00,2024-07-04 05:00:00,0.00735
Netherlands,NLD,2024-07-04 04:00:00,2024-07-04 06:00:00,0.03125
Netherlands,NLD,2024-07-04 05:00:00,2024-07-04 07:00:00,0.03491
Netherlands,NLD,2024-07-04 06:00:00,2024-07-04 08:00:00,0.03286
Netherlands,NLD,2024-07-04 07:00:00,2024-07-04 09:00:00,0.02223
Netherlands,NLD,2024-07-04 08:00:00,2024-07-04 10:00:00,-0.01
Netherlands,NLD,2024-07-04 09:00:00,2024-07-04 11:00:00,-0.03569
Netherlands,NLD,2024-07-04 10:00:00,2024-07-04 12:00:00,-0.07
Netherlands,NLD,2024-07-04 11:00:00,2024-07-04 13:00:00,-0.1378
Netherlands,NLD,2024-07-04 12:00:00,2024-07-04 14:00:00,-0.149
Netherlands,NLD,2024-07-04 13:00:00,2024-07-04 15:00:00,-0.08
Netherlands,NLD,2024-07-04 14:00:00,2024-07-04 16:00:00,-0.051340000000000004
Netherlands,NLD,2024-07-04 15:00:00,2024-07-04 17:00:00,-0.03118
Netherlands,NLD,2024-07-04 16:00:00,2024-07-04 18:00:00,-0.005
Netherlands,NLD,2024-07-04 17:00:00,2024-07-04 19:00:00,0.04077
Netherlands,NLD,2024-07-04 18:00:00,2024-07-04 20:00:00,0.08186
Netherlands,NLD,2024-07-04 19:00:00,2024-07-04 21:00:00,0.10798
Netherlands,NLD,2024-07-04 20:00:00,2024-07-04 22:00:00,0.0828
Netherlands,NLD,2024-07-04 21:00:00,2024-07-04 23:00:00,0.061270000000000005
Netherlands,NLD,2024-07-04 22:00:00,2024-07-05 00:00:00,0.01354
Netherlands,NLD,2024-07-04 23:00:00,2024-07-05 01:00:00,0.00637
Netherlands,NLD,2024-07-05 00:00:00,2024-07-05 02:00:00,0.004
Netherlands,NLD,2024-07-05 01:00:00,2024-07-05 03:00:00,0.00267
Netherlands,NLD,2024-07-05 02:00:00,2024-07-05 04:00:00,0.00292
Netherlands,NLD,2024-07-05 03:00:00,2024-07-05 05:00:00,0.005719999999999999
Netherlands,NLD,2024-07-05 04:00:00,2024-07-05 06:00:00,0.02018
Netherlands,NLD,2024-07-05 05:00:00,2024-07-05 07:00:00,0.03095
Netherlands,NLD,2024-07-05 06:00:00,2024-07-05 08:00:00,0.039700000000000006
Netherlands,NLD,2024-07-05 07:00:00,2024-07-05 09:00:00,0.01856
Netherlands,NLD,2024-07-05 08:00:00,2024-07-05 10:00:00,0.00296
Netherlands,NLD,2024-07-05 09:00:00,2024-07-05 11:00:00,0.00041999999999999996
Netherlands,NLD,2024-07-05 10:00:00,2024-07-05 12:00:00,0.0001
Netherlands,NLD,2024-07-05 11:00:00,2024-07-05 13:00:00,-0.00055
Netherlands,NLD,2024-07-05 12:00:00,2024-07-05 14:00:00,-0.0007700000000000001
Netherlands,NLD,2024-07-05 13:00:00,2024-07-05 15:00:00,-1e-05
Netherlands,NLD,2024-07-05 14:00:00,2024-07-05 16:00:00,0.00197
Netherlands,NLD,2024-07-05 15:00:00,2024-07-05 17:00:00,0.01697
Netherlands,NLD,2024-07-05 16:00:00,2024-07-05 18:00:00,0.06426000000000001
Netherlands,NLD,2024-07-05 17:00:00,2024-07-05 19:00:00,0.09081
Netherlands,NLD,2024-07-05 18:00:00,2024-07-05 20:00:00,0.13263999999999998
Netherlands,NLD,2024-07-05 19:00:00,2024-07-05 21:00:00,0.13212000000000002
Netherlands,NLD,2024-07-05 20:00:00,2024-07-05 22:00:00,0.10565000000000001
Netherlands,NLD,2024-07-05 21:00:00,2024-07-05 23:00:00,0.08529
Netherlands,NLD,2024-07-05 22:00:00,2024-07-06 00:00:00,0.08552
Netherlands,NLD,2024-07-05 23:00:00,2024-07-06 01:00:00,0.06606000000000001
Netherlands,NLD,2024-07-06 00:00:00,2024-07-06 02:00:00,0.05894
Netherlands,NLD,2024-07-06 01:00:00,2024-07-06 03:00:00,0.04335
Netherlands,NLD,2024-07-06 02:00:00,2024-07-06 04:00:00,0.03582
Netherlands,NLD,2024-07-06 03:00:00,2024-07-06 05:00:00,0.01503
Netherlands,NLD,2024-07-06 04:00:00,2024-07-06 06:00:00,0.0059299999999999995
Netherlands,NLD,2024-07-06 05:00:00,2024-07-06 07:00:00,0.00537
Netherlands,NLD,2024-07-06 06:00:00,2024-07-06 08:00:00,0.0034
Netherlands,NLD,2024-07-06 07:00:00,2024-07-06 09:00:00,0.0
Netherlands,NLD,2024-07-06 08:00:00,2024-07-06 10:00:00,-0.01
Netherlands,NLD,2024-07-06 09:00:00,2024-07-06 11:00:00,-0.02903
Netherlands,NLD,2024-07-06 10:00:00,2024-07-06 12:00:00,-0.03432
Netherlands,NLD,2024-07-06 11:00:00,2024-07-06 13:00:00,-0.05274
Netherlands,NLD,2024-07-06 12:00:00,2024-07-06 14:00:00,-0.06979
Netherlands,NLD,2024-07-06 13:00:00,2024-07-06 15:00:00,-0.11661
Netherlands,NLD,2024-07-06 14:00:00,2024-07-06 16:00:00,-0.09244
Netherlands,NLD,2024-07-06 15:00:00,2024-07-06 17:00:00,-0.049710000000000004
Netherlands,NLD,2024-07-06 16:00:00,2024-07-06 18:00:00,-0.01
Netherlands,NLD,2024-07-06 17:00:00,2024-07-06 19:00:00,-0.0025
Netherlands,NLD,2024-07-06 18:00:00,2024-07-06 20:00:00,0.00661
Netherlands,NLD,2024-07-06 19:00:00,2024-07-06 21:00:00,0.00959
Netherlands,NLD,2024-07-06 20:00:00,2024-07-06 22:00:00,0.01847
Netherlands,NLD,2024-07-06 21:00:00,2024-07-06 23:00:00,0.01492
Netherlands,NLD,2024-07-06 22:00:00,2024-07-07 00:00:00,0.00046
Netherlands,NLD,2024-07-06 23:00:00,2024-07-07 01:00:00,0.00035
Netherlands,NLD,2024-07-07 00:00:00,2024-07-07 02:00:00,-0.00032
Netherlands,NLD,2024-07-07 01:00:00,2024-07-07 03:00:00,0.0
Netherlands,NLD,2024-07-07 02:00:00,2024-07-07 04:00:00,0.00034
Netherlands,NLD,2024-07-07 03:00:00,2024-07-07 05:00:00,0.00025
Netherlands,NLD,2024-07-07 04:00:00,2024-07-07 06:00:00,4e-05
Netherlands,NLD,2024-07-07 05:00:00,2024-07-07 07:00:00,0.0
Netherlands,NLD,2024-07-07 06:00:00,2024-07-07 08:00:00,-0.0006
Netherlands,NLD,2024-07-07 07:00:00,2024-07-07 09:00:00,-0.00661
Netherlands,NLD,2024-07-07 08:00:00,2024-07-07 10:00:00,-0.0101
Netherlands,NLD,2024-07-07 09:00:00,2024-07-07 11:00:00,-0.01292
Netherlands,NLD,2024-07-07 10:00:00,2024-07-07 12:00:00,-0.01365
Netherlands,NLD,2024-07-07 11:00:00,2024-07-07 13:00:00,-0.02262
Netherlands,NLD,2024-07-07 12:00:00,2024-07-07 14:00:00,-0.021
Netherlands,NLD,2024-07-07 13:00:00,2024-07-07 15:00:00,-0.01221
Netherlands,NLD,2024-07-07 14:00:00,2024-07-07 16:00:00,-0.00628
Netherlands,NLD,2024-07-07 15:00:00,2024-07-07 17:00:00,-0.00159
Netherlands,NLD,2024-07-07 16:00:00,2024-07-07 18:00:00,0.05856
Netherlands,NLD,2024-07-07 17:00:00,2024-07-07 19:00:00,0.08631
Netherlands,NLD,2024-07-07 18:00:00,2024-07-07 20:00:00,0.11905
Netherlands,NLD,2024-07-07 19:00:00,2024-07-07 21:00:00,0.12705
Netherlands,NLD,2024-07-07 20:00:00,2024-07-07 22:00:00,0.11444
Netherlands,NLD,2024-07-07 21:00:00,2024-07-07 23:00:00,0.09686
Netherlands,NLD,2024-07-07 22:00:00,2024-07-08 00:00:00,0.08167
Netherlands,NLD,2024-07-07 23:00:00,2024-07-08 01:00:00,0.07665000000000001
Netherlands,NLD,2024-07-08 00:00:00,2024-07-08 02:00:00,0.0733
Netherlands,NLD,2024-07-08 01:00:00,2024-07-08 03:00:00,0.07659
Netherlands,NLD,2024-07-08 02:00:00,2024-07-08 04:00:00,0.07549
Netherlands,NLD,2024-07-08 03:00:00,2024-07-08 05:00:00,0.07944
Netherlands,NLD,2024-07-08 04:00:00,2024-07-08 06:00:00,0.11
Netherlands,NLD,2024-07-08 05:00:00,2024-07-08 07:00:00,0.12336
Netherlands,NLD,2024-07-08 06:00:00,2024-07-08 08:00:00,0.10124
Netherlands,NLD,2024-07-08 07:00:00,2024-07-08 09:00:00,0.07786
Netherlands,NLD,2024-07-08 08:00:00,2024-07-08 10:00:00,0.054200000000000005
Netherlands,NLD,2024-07-08 09:00:00,2024-07-08 11:00:00,0.038979999999999994
Netherlands,NLD,2024-07-08 10:00:00,2024-07-08 12:00:00,0.03214
Netherlands,NLD,2024-07-08 11:00:00,2024-07-08 13:00:00,0.02987
Netherlands,NLD,2024-07-08 12:00:00,2024-07-08 14:00:00,0.0299
Netherlands,NLD,2024-07-08 13:00:00,2024-07-08 15:00:00,0.037270000000000005
Netherlands,NLD,2024-07-08 14:00:00,2024-07-08 16:00:00,0.06342
Netherlands,NLD,2024-07-08 15:00:00,2024-07-08 17:00:00,0.08137
Netherlands,NLD,2024-07-08 16:00:00,2024-07-08 18:00:00,0.10152
Netherlands,NLD,2024-07-08 17:00:00,2024-07-08 19:00:00,0.135
Netherlands,NLD,2024-07-08 18:00:00,2024-07-08 20:00:00,0.24900999999999998
Netherlands,NLD,2024-07-08 19:00:00,2024-07-08 21:00:00,0.16923
Netherlands,NLD,2024-07-08 20:00:00,2024-07-08 22:00:00,0.11373
Netherlands,NLD,2024-07-08 21:00:00,2024-07-08 23:00:00,0.09187999999999999
Netherlands,NLD,2024-07-08 22:00:00,2024-07-09 00:00:00,0.10169
Netherlands,NLD,2024-07-08 23:00:00,2024-07-09 01:00:00,0.09107
Netherlands,NLD,2024-07-09 00:00:00,2024-07-09 02:00:00,0.08698
Netherlands,NLD,2024-07-09 01:00:00,2024-07-09 03:00:00,0.08352
Netherlands,NLD,2024-07-09 02:00:00,2024-07-09 04:00:00,0.08017
Netherlands,NLD,2024-07-09 03:00:00,2024-07-09 05:00:00,0.08889
Netherlands,NLD,2024-07-09 04:00:00,2024-07-09 06:00:00,0.10192
Netherlands,NLD,2024-07-09 05:00:00,2024-07-09 07:00:00,0.10012
Netherlands,NLD,2024-07-09 06:00:00,2024-07-09 08:00:00,0.0917
Netherlands,NLD,2024-07-09 07:00:00,2024-07-09 09:00:00,0.06702
Netherlands,NLD,2024-07-09 08:00:00,2024-07-09 10:00:00,0.046630000000000005
Netherlands,NLD,2024-07-09 09:00:00,2024-07-09 11:00:00,0.033710000000000004
Netherlands,NLD,2024-07-09 10:00:00,2024-07-09 12:00:00,0.02195
Netherlands,NLD,2024-07-09 11:00:00,2024-07-09 13:00:00,0.00657
Netherlands,NLD,2024-07-09 12:00:00,2024-07-09 14:00:00,0.00434
Netherlands,NLD,2024-07-09 13:00:00,2024-07-09 15:00:00,0.01117
Netherlands,NLD,2024-07-09 14:00:00,2024-07-09 16:00:00,0.04932
Netherlands,NLD,2024-07-09 15:00:00,2024-07-09 17:00:00,0.07947
Netherlands,NLD,2024-07-09 16:00:00,2024-07-09 18:00:00,0.10149
Netherlands,NLD,2024-07-09 17:00:00,2024-07-09 19:00:00,0.1436
Netherlands,NLD,2024-07-09 18:00:00,2024-07-09 20:00:00,0.14313
Netherlands,NLD,2024-07-09 19:00:00,2024-07-09 21:00:00,0.10868000000000001
Netherlands,NLD,2024-07-09 20:00:00,2024-07-09 22:00:00,0.08739
Netherlands,NLD,2024-07-09 21:00:00,2024-07-09 23:00:00,0.1
Netherlands,NLD,2024-07-09 22:00:00,2024-07-10 00:00:00,0.0999
Netherlands,NLD,2024-07-09 23:00:00,2024-07-10 01:00:00,0.0799
Netherlands,NLD,2024-07-10 00:00:00,2024-07-10 02:00:00,0.095
Netherlands,NLD,2024-07-10 01:00:00,2024-07-10 03:00:00,0.07629999999999999
Netherlands,NLD,2024-07-10 02:00:00,2024-07-10 04:00:00,0.0601
Netherlands,NLD,2024-07-10 03:00:00,2024-07-10 05:00:00,0.06531999999999999
Netherlands,NLD,2024-07-10 04:00:00,2024-07-10 06:00:00,0.08337
Netherlands,NLD,2024-07-10 05:00:00,2024-07-10 07:00:00,0.10457
Netherlands,NLD,2024-07-10 06:00:00,2024-07-10 08:00:00,0.102
Netherlands,NLD,2024-07-10 07:00:00,2024-07-10 09:00:00,0.08493
Netherlands,NLD,2024-07-10 08:00:00,2024-07-10 10:00:00,0.065
Netherlands,NLD,2024-07-10 09:00:00,2024-07-10 11:00:00,0.05577
Netherlands,NLD,2024-07-10 10:00:00,2024-07-10 12:00:00,0.047130000000000005
Netherlands,NLD,2024-07-10 11:00:00,2024-07-10 13:00:00,0.03668
Netherlands,NLD,2024-07-10 12:00:00,2024-07-10 14:00:00,0.027149999999999997
Netherlands,NLD,2024-07-10 13:00:00,2024-07-10 15:00:00,-0.001
Netherlands,NLD,2024-07-10 14:00:00,2024-07-10 16:00:00,0.00133
Netherlands,NLD,2024-07-10 15:00:00,2024-07-10 17:00:00,0.03522
Netherlands,NLD,2024-07-10 16:00:00,2024-07-10 18:00:00,0.07977
Netherlands,NLD,2024-07-10 17:00:00,2024-07-10 19:00:00,0.09972
Netherlands,NLD,2024-07-10 18:00:00,2024-07-10 20:00:00,0.117
Netherlands,NLD,2024-07-10 19:00:00,2024-07-10 21:00:00,0.15050999999999998
Netherlands,NLD,2024-07-10 20:00:00,2024-07-10 22:00:00,0.11334000000000001
Netherlands,NLD,2024-07-10 21:00:00,2024-07-10 23:00:00,0.09355
Netherlands,NLD,2024-07-10 22:00:00,2024-07-11 00:00:00,0.09591
Netherlands,NLD,2024-07-10 23:00:00,2024-07-11 01:00:00,0.07970000000000001
Netherlands,NLD,2024-07-11 00:00:00,2024-07-11 02:00:00,0.077
Netherlands,NLD,2024-07-11 01:00:00,2024-07-11 03:00:00,0.07848000000000001
Netherlands,NLD,2024-07-11 02:00:00,2024-07-11 04:00:00,0.07858
Netherlands,NLD,2024-07-11 03:00:00,2024-07-11 05:00:00,0.08189
Netherlands,NLD,2024-07-11 04:00:00,2024-07-11 06:00:00,0.10746
Netherlands,NLD,2024-07-11 05:00:00,2024-07-11 07:00:00,0.11291
Netherlands,NLD,2024-07-11 06:00:00,2024-07-11 08:00:00,0.10515000000000001
Netherlands,NLD,2024-07-11 07:00:00,2024-07-11 09:00:00,0.08943000000000001
Netherlands,NLD,2024-07-11 08:00:00,2024-07-11 10:00:00,0.08081
Netherlands,NLD,2024-07-11 09:00:00,2024-07-11 11:00:00,0.06739
Netherlands,NLD,2024-07-11 10:00:00,2024-07-11 12:00:00,0.058
Netherlands,NLD,2024-07-11 11:00:00,2024-07-11 13:00:00,0.04796
Netherlands,NLD,2024-07-11 12:00:00,2024-07-11 14:00:00,0.04439
Netherlands,NLD,2024-07-11 13:00:00,2024-07-11 15:00:00,0.05106
Netherlands,NLD,2024-07-11 14:00:00,2024-07-11 16:00:00,0.062119999999999995
Netherlands,NLD,2024-07-11 15:00:00,2024-07-11 17:00:00,0.07934000000000001
Netherlands,NLD,2024-07-11 16:00:00,2024-07-11 18:00:00,0.09198999999999999
Netherlands,NLD,2024-07-11 17:00:00,2024-07-11 19:00:00,0.117
Netherlands,NLD,2024-07-11 18:00:00,2024-07-11 20:00:00,0.17812
Netherlands,NLD,2024-07-11 19:00:00,2024-07-11 21:00:00,0.16216999999999998
Netherlands,NLD,2024-07-11 20:00:00,2024-07-11 22:00:00,0.12129999999999999
Netherlands,NLD,2024-07-11 21:00:00,2024-07-11 23:00:00,0.09869
Netherlands,NLD,2024-07-11 22:00:00,2024-07-12 00:00:00,0.1003
Netherlands,NLD,2024-07-11 23:00:00,2024-07-12 01:00:00,0.08438
Netherlands,NLD,2024-07-12 00:00:00,2024-07-12 02:00:00,0.08059999999999999
Netherlands,NLD,2024-07-12 01:00:00,2024-07-12 03:00:00,0.07998000000000001
Netherlands,NLD,2024-07-12 02:00:00,2024-07-12 04:00:00,0.07640000000000001
Netherlands,NLD,2024-07-12 03:00:00,2024-07-12 05:00:00,0.07937000000000001
Netherlands,NLD,2024-07-12 04:00:00,2024-07-12 06:00:00,0.10012
Netherlands,NLD,2024-07-12 05:00:00,2024-07-12 07:00:00,0.10609
Netherlands,NLD,2024-07-12 06:00:00,2024-07-12 08:00:00,0.10554000000000001
Netherlands,NLD,2024-07-12 07:00:00,2024-07-12 09:00:00,0.09784999999999999
Netherlands,NLD,2024-07-12 08:00:00,2024-07-12 10:00:00,0.08929000000000001
Netherlands,NLD,2024-07-12 09:00:00,2024-07-12 11:00:00,0.0855
Netherlands,NLD,2024-07-12 10:00:00,2024-07-12 12:00:00,0.08
Netherlands,NLD,2024-07-12 11:00:00,2024-07-12 13:00:00,0.07471
Netherlands,NLD,2024-07-12 12:00:00,2024-07-12 14:00:00,0.07478
Netherlands,NLD,2024-07-12 13:00:00,2024-07-12 15:00:00,0.07559
Netherlands,NLD,2024-07-12 14:00:00,2024-07-12 16:00:00,0.07401
Netherlands,NLD,2024-07-12 15:00:00,2024-07-12 17:00:00,0.07701000000000001
Netherlands,NLD,2024-07-12 16:00:00,2024-07-12 18:00:00,0.08794
Netherlands,NLD,2024-07-12 17:00:00,2024-07-12 19:00:00,0.09662000000000001
Netherlands,NLD,2024-07-12 18:00:00,2024-07-12 20:00:00,0.0916
Netherlands,NLD,2024-07-12 19:00:00,2024-07-12 21:00:00,0.095
Netherlands,NLD,2024-07-12 20:00:00,2024-07-12 22:00:00,0.08615
Netherlands,NLD,2024-07-12 21:00:00,2024-07-12 23:00:00,0.07943
Netherlands,NLD,2024-07-12 22:00:00,2024-07-13 00:00:00,0.09
Netherlands,NLD,2024-07-12 23:00:00,2024-07-13 01:00:00,0.075
Netherlands,NLD,2024-07-13 00:00:00,2024-07-13 02:00:00,0.07125
Netherlands,NLD,2024-07-13 01:00:00,2024-07-13 03:00:00,0.038
Netherlands,NLD,2024-07-13 02:00:00,2024-07-13 04:00:00,0.0329
Netherlands,NLD,2024-07-13 03:00:00,2024-07-13 05:00:00,0.031219999999999998
Netherlands,NLD,2024-07-13 04:00:00,2024-07-13 06:00:00,0.031100000000000003
Netherlands,NLD,2024-07-13 05:00:00,2024-07-13 07:00:00,0.02797
Netherlands,NLD,2024-07-13 06:00:00,2024-07-13 08:00:00,0.026600000000000002
Netherlands,NLD,2024-07-13 07:00:00,2024-07-13 09:00:00,0.02097
Netherlands,NLD,2024-07-13 08:00:00,2024-07-13 10:00:00,0.0051600000000000005
Netherlands,NLD,2024-07-13 09:00:00,2024-07-13 11:00:00,4e-05
Netherlands,NLD,2024-07-13 10:00:00,2024-07-13 12:00:00,-1e-05
Netherlands,NLD,2024-07-13 11:00:00,2024-07-13 13:00:00,-0.00498
Netherlands,NLD,2024-07-13 12:00:00,2024-07-13 14:00:00,-0.014839999999999999
Netherlands,NLD,2024-07-13 13:00:00,2024-07-13 15:00:00,-0.011349999999999999
Netherlands,NLD,2024-07-13 14:00:00,2024-07-13 16:00:00,-0.00323
Netherlands,NLD,2024-07-13 15:00:00,2024-07-13 17:00:00,0.00038
Netherlands,NLD,2024-07-13 16:00:00,2024-07-13 18:00:00,0.02939
Netherlands,NLD,2024-07-13 17:00:00,2024-07-13 19:00:00,0.05144
Netherlands,NLD,2024-07-13 18:00:00,2024-07-13 20:00:00,0.07596
Netherlands,NLD,2024-07-13 19:00:00,2024-07-13 21:00:00,0.07659
Netherlands,NLD,2024-07-13 20:00:00,2024-07-13 22:00:00,0.07927
Netherlands,NLD,2024-07-13 21:00:00,2024-07-13 23:00:00,0.06737
Netherlands,NLD,2024-07-13 22:00:00,2024-07-14 00:00:00,0.08906
Netherlands,NLD,2024-07-13 23:00:00,2024-07-14 01:00:00,0.06334000000000001
Netherlands,NLD,2024-07-14 00:00:00,2024-07-14 02:00:00,0.055560000000000005
Netherlands,NLD,2024-07-14 01:00:00,2024-07-14 03:00:00,0.04443
Netherlands,NLD,2024-07-14 02:00:00,2024-07-14 04:00:00,0.03797
Netherlands,NLD,2024-07-14 03:00:00,2024-07-14 05:00:00,0.037
Netherlands,NLD,2024-07-14 04:00:00,2024-07-14 06:00:00,0.03177
Netherlands,NLD,2024-07-14 05:00:00,2024-07-14 07:00:00,0.01428
Netherlands,NLD,2024-07-14 06:00:00,2024-07-14 08:00:00,0.00029
Netherlands,NLD,2024-07-14 07:00:00,2024-07-14 09:00:00,-0.0033
Netherlands,NLD,2024-07-14 08:00:00,2024-07-14 10:00:00,-0.021
Netherlands,NLD,2024-07-14 09:00:00,2024-07-14 11:00:00,-0.03996
Netherlands,NLD,2024-07-14 10:00:00,2024-07-14 12:00:00,-0.05942
Netherlands,NLD,2024-07-14 11:00:00,2024-07-14 13:00:00,-0.07363
Netherlands,NLD,2024-07-14 12:00:00,2024-07-14 14:00:00,-0.07385
Netherlands,NLD,2024-07-14 13:00:00,2024-07-14 15:00:00,-0.05163
Netherlands,NLD,2024-07-14 14:00:00,2024-07-14 16:00:00,-0.01946
Netherlands,NLD,2024-07-14 15:00:00,2024-07-14 17:00:00,-0.00051
Netherlands,NLD,2024-07-14 16:00:00,2024-07-14 18:00:00,0.04061
Netherlands,NLD,2024-07-14 17:00:00,2024-07-14 19:00:00,0.08776
Netherlands,NLD,2024-07-14 18:00:00,2024-07-14 20:00:00,0.1128
Netherlands,NLD,2024-07-14 19:00:00,2024-07-14 21:00:00,0.10803
Netherlands,NLD,2024-07-14 20:00:00,2024-07-14 22:00:00,0.10661
Netherlands,NLD,2024-07-14 21:00:00,2024-07-14 23:00:00,0.08733
Netherlands,NLD,2024-07-14 22:00:00,2024-07-15 00:00:00,0.07962999999999999
Netherlands,NLD,2024-07-14 23:00:00,2024-07-15 01:00:00,0.0688
Netherlands,NLD,2024-07-15 00:00:00,2024-07-15 02:00:00,0.0688
Netherlands,NLD,2024-07-15 01:00:00,2024-07-15 03:00:00,0.072
Netherlands,NLD,2024-07-15 02:00:00,2024-07-15 04:00:00,0.08990000000000001
Netherlands,NLD,2024-07-15 03:00:00,2024-07-15 05:00:00,0.09490000000000001
Netherlands,NLD,2024-07-15 04:00:00,2024-07-15 06:00:00,0.11359999999999999
Netherlands,NLD,2024-07-15 05:00:00,2024-07-15 07:00:00,0.13019999999999998
Netherlands,NLD,2024-07-15 06:00:00,2024-07-15 08:00:00,0.08923
Netherlands,NLD,2024-07-15 07:00:00,2024-07-15 09:00:00,0.06037
Netherlands,NLD,2024-07-15 08:00:00,2024-07-15 10:00:00,0.03635
Netherlands,NLD,2024-07-15 09:00:00,2024-07-15 11:00:00,0.012150000000000001
Netherlands,NLD,2024-07-15 10:00:00,2024-07-15 12:00:00,0.00064
Netherlands,NLD,2024-07-15 11:00:00,2024-07-15 13:00:00,-0.0008399999999999999
Netherlands,NLD,2024-07-15 12:00:00,2024-07-15 14:00:00,-0.00152
Netherlands,NLD,2024-07-15 13:00:00,2024-07-15 15:00:00,0.00354
Netherlands,NLD,2024-07-15 14:00:00,2024-07-15 16:00:00,0.041049999999999996
Netherlands,NLD,2024-07-15 15:00:00,2024-07-15 17:00:00,0.07706
Netherlands,NLD,2024-07-15 16:00:00,2024-07-15 18:00:00,0.10882
Netherlands,NLD,2024-07-15 17:00:00,2024-07-15 19:00:00,0.19177000000000002
Netherlands,NLD,2024-07-15 18:00:00,2024-07-15 20:00:00,0.21424
Netherlands,NLD,2024-07-15 19:00:00,2024-07-15 21:00:00,0.14016
Netherlands,NLD,2024-07-15 20:00:00,2024-07-15 22:00:00,0.09309
Netherlands,NLD,2024-07-15 21:00:00,2024-07-15 23:00:00,0.08018
Netherlands,NLD,2024-07-15 22:00:00,2024-07-16 00:00:00,0.07259
Netherlands,NLD,2024-07-15 23:00:00,2024-07-16 01:00:00,0.058159999999999996
Netherlands,NLD,2024-07-16 00:00:00,2024-07-16 02:00:00,0.0499
Netherlands,NLD,2024-07-16 01:00:00,2024-07-16 03:00:00,0.0362
Netherlands,NLD,2024-07-16 02:00:00,2024-07-16 04:00:00,0.03628
Netherlands,NLD,2024-07-16 03:00:00,2024-07-16 05:00:00,0.04704
Netherlands,NLD,2024-07-16 04:00:00,2024-07-16 06:00:00,0.07456
Netherlands,NLD,2024-07-16 05:00:00,2024-07-16 07:00:00,0.07948000000000001
Netherlands,NLD,2024-07-16 06:00:00,2024-07-16 08:00:00,0.07617
Netherlands,NLD,2024-07-16 07:00:00,2024-07-16 09:00:00,0.01
Netherlands,NLD,2024-07-16 08:00:00,2024-07-16 10:00:00,-0.003
Netherlands,NLD,2024-07-16 09:00:00,2024-07-16 11:00:00,-0.01
Netherlands,NLD,2024-07-16 10:00:00,2024-07-16 12:00:00,-0.01009
Netherlands,NLD,2024-07-16 11:00:00,2024-07-16 13:00:00,-0.0101
Netherlands,NLD,2024-07-16 12:00:00,2024-07-16 14:00:00,-0.01007
Netherlands,NLD,2024-07-16 13:00:00,2024-07-16 15:00:00,-0.01008
Netherlands,NLD,2024-07-16 14:00:00,2024-07-16 16:00:00,-0.01
Netherlands,NLD,2024-07-16 15:00:00,2024-07-16 17:00:00,0.0249
Netherlands,NLD,2024-07-16 16:00:00,2024-07-16 18:00:00,0.06398
Netherlands,NLD,2024-07-16 17:00:00,2024-07-16 19:00:00,0.0891
Netherlands,NLD,2024-07-16 18:00:00,2024-07-16 20:00:00,0.12137
Netherlands,NLD,2024-07-16 19:00:00,2024-07-16 21:00:00,0.11468
Netherlands,NLD,2024-07-16 20:00:00,2024-07-16 22:00:00,0.10625
Netherlands,NLD,2024-07-16 21:00:00,2024-07-16 23:00:00,0.0851
Netherlands,NLD,2024-07-16 22:00:00,2024-07-17 00:00:00,0.0876
Netherlands,NLD,2024-07-16 23:00:00,2024-07-17 01:00:00,0.07307999999999999
Netherlands,NLD,2024-07-17 00:00:00,2024-07-17 02:00:00,0.07287
Netherlands,NLD,2024-07-17 01:00:00,2024-07-17 03:00:00,0.07056
Netherlands,NLD,2024-07-17 02:00:00,2024-07-17 04:00:00,0.07108
Netherlands,NLD,2024-07-17 03:00:00,2024-07-17 05:00:00,0.07751000000000001
Netherlands,NLD,2024-07-17 04:00:00,2024-07-17 06:00:00,0.09004999999999999
Netherlands,NLD,2024-07-17 05:00:00,2024-07-17 07:00:00,0.10012
Netherlands,NLD,2024-07-17 06:00:00,2024-07-17 08:00:00,0.1057
Netherlands,NLD,2024-07-17 07:00:00,2024-07-17 09:00:00,0.07804000000000001
Netherlands,NLD,2024-07-17 08:00:00,2024-07-17 10:00:00,0.059340000000000004
Netherlands,NLD,2024-07-17 09:00:00,2024-07-17 11:00:00,0.04265
Netherlands,NLD,2024-07-17 10:00:00,2024-07-17 12:00:00,0.033530000000000004
Netherlands,NLD,2024-07-17 11:00:00,2024-07-17 13:00:00,0.02271
Netherlands,NLD,2024-07-17 12:00:00,2024-07-17 14:00:00,0.011890000000000001
Netherlands,NLD,2024-07-17 13:00:00,2024-07-17 15:00:00,0.014289999999999999
Netherlands,NLD,2024-07-17 14:00:00,2024-07-17 16:00:00,0.040130000000000006
Netherlands,NLD,2024-07-17 15:00:00,2024-07-17 17:00:00,0.063
Netherlands,NLD,2024-07-17 16:00:00,2024-07-17 18:00:00,0.08493
Netherlands,NLD,2024-07-17 17:00:00,2024-07-17 19:00:00,0.10962999999999999
Netherlands,NLD,2024-07-17 18:00:00,2024-07-17 20:00:00,0.18261000000000002
Netherlands,NLD,2024-07-17 19:00:00,2024-07-17 21:00:00,0.14263
Netherlands,NLD,2024-07-17 20:00:00,2024-07-17 22:00:00,0.11597
Netherlands,NLD,2024-07-17 21:00:00,2024-07-17 23:00:00,0.09217
Netherlands,NLD,2024-07-17 22:00:00,2024-07-18 00:00:00,0.09026
Netherlands,NLD,2024-07-17 23:00:00,2024-07-18 01:00:00,0.08034000000000001
Netherlands,NLD,2024-07-18 00:00:00,2024-07-18 02:00:00,0.07743000000000001
Netherlands,NLD,2024-07-18 01:00:00,2024-07-18 03:00:00,0.07801000000000001
Netherlands,NLD,2024-07-18 02:00:00,2024-07-18 04:00:00,0.07751999999999999
Netherlands,NLD,2024-07-18 03:00:00,2024-07-18 05:00:00,0.09022
Netherlands,NLD,2024-07-18 04:00:00,2024-07-18 06:00:00,0.116
Netherlands,NLD,2024-07-18 05:00:00,2024-07-18 07:00:00,0.10656
Netherlands,NLD,2024-07-18 06:00:00,2024-07-18 08:00:00,0.09722
Netherlands,NLD,2024-07-18 07:00:00,2024-07-18 09:00:00,0.0799
Netherlands,NLD,2024-07-18 08:00:00,2024-07-18 10:00:00,0.06481999999999999
Netherlands,NLD,2024-07-18 09:00:00,2024-07-18 11:00:00,0.04813
Netherlands,NLD,2024-07-18 10:00:00,2024-07-18 12:00:00,0.03585
Netherlands,NLD,2024-07-18 11:00:00,2024-07-18 13:00:00,0.03486
Netherlands,NLD,2024-07-18 12:00:00,2024-07-18 14:00:00,0.038020000000000005
Netherlands,NLD,2024-07-18 13:00:00,2024-07-18 15:00:00,0.049909999999999996
Netherlands,NLD,2024-07-18 14:00:00,2024-07-18 16:00:00,0.06859
Netherlands,NLD,2024-07-18 15:00:00,2024-07-18 17:00:00,0.08607
Netherlands,NLD,2024-07-18 16:00:00,2024-07-18 18:00:00,0.09611
Netherlands,NLD,2024-07-18 17:00:00,2024-07-18 19:00:00,0.13036
Netherlands,NLD,2024-07-18 18:00:00,2024-07-18 20:00:00,0.21202000000000001
Netherlands,NLD,2024-07-18 19:00:00,2024-07-18 21:00:00,0.17673
Netherlands,NLD,2024-07-18 20:00:00,2024-07-18 22:00:00,0.11996
Netherlands,NLD,2024-07-18 21:00:00,2024-07-18 23:00:00,0.102
Netherlands,NLD,2024-07-18 22:00:00,2024-07-19 00:00:00,0.09032
Netherlands,NLD,2024-07-18 23:00:00,2024-07-19 01:00:00,0.08052
Netherlands,NLD,2024-07-19 00:00:00,2024-07-19 02:00:00,0.07998000000000001
Netherlands,NLD,2024-07-19 01:00:00,2024-07-19 03:00:00,0.07820999999999999
Netherlands,NLD,2024-07-19 02:00:00,2024-07-19 04:00:00,0.08128
Netherlands,NLD,2024-07-19 03:00:00,2024-07-19 05:00:00,0.08941
Netherlands,NLD,2024-07-19 04:00:00,2024-07-19 06:00:00,0.11089
Netherlands,NLD,2024-07-19 05:00:00,2024-07-19 07:00:00,0.10867
Netherlands,NLD,2024-07-19 06:00:00,2024-07-19 08:00:00,0.0984
Netherlands,NLD,2024-07-19 07:00:00,2024-07-19 09:00:00,0.08143
Netherlands,NLD,2024-07-19 08:00:00,2024-07-19 10:00:00,0.07028
Netherlands,NLD,2024-07-19 09:00:00,2024-07-19 11:00:00,0.05952
Netherlands,NLD,2024-07-19 10:00:00,2024-07-19 12:00:00,0.04513
Netherlands,NLD,2024-07-19 11:00:00,2024-07-19 13:00:00,0.037090000000000005
Netherlands,NLD,2024-07-19 12:00:00,2024-07-19 14:00:00,0.03681
Netherlands,NLD,2024-07-19 13:00:00,2024-07-19 15:00:00,0.04325
Netherlands,NLD,2024-07-19 14:00:00,2024-07-19 16:00:00,0.065
Netherlands,NLD,2024-07-19 15:00:00,2024-07-19 17:00:00,0.07759
Netherlands,NLD,2024-07-19 16:00:00,2024-07-19 18:00:00,0.09115000000000001
Netherlands,NLD,2024-07-19 17:00:00,2024-07-19 19:00:00,0.11904
Netherlands,NLD,2024-07-19 18:00:00,2024-07-19 20:00:00,0.18112
Netherlands,NLD,2024-07-19 19:00:00,2024-07-19 21:00:00,0.12096
Netherlands,NLD,2024-07-19 20:00:00,2024-07-19 22:00:00,0.10706
Netherlands,NLD,2024-07-19 21:00:00,2024-07-19 23:00:00,0.09167
Netherlands,NLD,2024-07-19 22:00:00,2024-07-20 00:00:00,0.095
Netherlands,NLD,2024-07-19 23:00:00,2024-07-20 01:00:00,0.08965999999999999
Netherlands,NLD,2024-07-20 00:00:00,2024-07-20 02:00:00,0.088
Netherlands,NLD,2024-07-20 01:00:00,2024-07-20 03:00:00,0.08988
Netherlands,NLD,2024-07-20 02:00:00,2024-07-20 04:00:00,0.09423999999999999
Netherlands,NLD,2024-07-20 03:00:00,2024-07-20 05:00:00,0.0938
Netherlands,NLD,2024-07-20 04:00:00,2024-07-20 06:00:00,0.08845
Netherlands,NLD,2024-07-20 05:00:00,2024-07-20 07:00:00,0.08168
Netherlands,NLD,2024-07-20 06:00:00,2024-07-20 08:00:00,0.06811
Netherlands,NLD,2024-07-20 07:00:00,2024-07-20 09:00:00,0.049890000000000004
Netherlands,NLD,2024-07-20 08:00:00,2024-07-20 10:00:00,0.00515
Netherlands,NLD,2024-07-20 09:00:00,2024-07-20 11:00:00,-0.0009699999999999999
Netherlands,NLD,2024-07-20 10:00:00,2024-07-20 12:00:00,-0.0054
Netherlands,NLD,2024-07-20 11:00:00,2024-07-20 13:00:00,-0.00507
Netherlands,NLD,2024-07-20 12:00:00,2024-07-20 14:00:00,-0.004
Netherlands,NLD,2024-07-20 13:00:00,2024-07-20 15:00:00,-0.0033
Netherlands,NLD,2024-07-20 14:00:00,2024-07-20 16:00:00,0.0014299999999999998
Netherlands,NLD,2024-07-20 15:00:00,2024-07-20 17:00:00,0.052289999999999996
Netherlands,NLD,2024-07-20 16:00:00,2024-07-20 18:00:00,0.085
Netherlands,NLD,2024-07-20 17:00:00,2024-07-20 19:00:00,0.10795
Netherlands,NLD,2024-07-20 18:00:00,2024-07-20 20:00:00,0.13636
Netherlands,NLD,2024-07-20 19:00:00,2024-07-20 21:00:00,0.11254
Netherlands,NLD,2024-07-20 20:00:00,2024-07-20 22:00:00,0.1263
Netherlands,NLD,2024-07-20 21:00:00,2024-07-20 23:00:00,0.09093000000000001
Netherlands,NLD,2024-07-20 22:00:00,2024-07-21 00:00:00,0.089
Netherlands,NLD,2024-07-20 23:00:00,2024-07-21 01:00:00,0.0911
Netherlands,NLD,2024-07-21 00:00:00,2024-07-21 02:00:00,0.083
Netherlands,NLD,2024-07-21 01:00:00,2024-07-21 03:00:00,0.09
Netherlands,NLD,2024-07-21 02:00:00,2024-07-21 04:00:00,0.0864
Netherlands,NLD,2024-07-21 03:00:00,2024-07-21 05:00:00,0.1
Netherlands,NLD,2024-07-21 04:00:00,2024-07-21 06:00:00,0.07390000000000001
Netherlands,NLD,2024-07-21 05:00:00,2024-07-21 07:00:00,0.056530000000000004
Netherlands,NLD,2024-07-21 06:00:00,2024-07-21 08:00:00,0.0649
Netherlands,NLD,2024-07-21 07:00:00,2024-07-21 09:00:00,0.0197
Netherlands,NLD,2024-07-21 08:00:00,2024-07-21 10:00:00,8.999999999999999e-05
Netherlands,NLD,2024-07-21 09:00:00,2024-07-21 11:00:00,2.9999999999999997e-05
Netherlands,NLD,2024-07-21 10:00:00,2024-07-21 12:00:00,2e-05
Netherlands,NLD,2024-07-21 11:00:00,2024-07-21 13:00:00,-5.9999999999999995e-05
Netherlands,NLD,2024-07-21 12:00:00,2024-07-21 14:00:00,-0.00017999999999999998
Netherlands,NLD,2024-07-21 13:00:00,2024-07-21 15:00:00,7.000000000000001e-05
Netherlands,NLD,2024-07-21 14:00:00,2024-07-21 16:00:00,0.00027
Netherlands,NLD,2024-07-21 15:00:00,2024-07-21 17:00:00,0.05172
Netherlands,NLD,2024-07-21 16:00:00,2024-07-21 18:00:00,0.08045000000000001
Netherlands,NLD,2024-07-21 17:00:00,2024-07-21 19:00:00,0.0985
Netherlands,NLD,2024-07-21 18:00:00,2024-07-21 20:00:00,0.12251000000000001
Netherlands,NLD,2024-07-21 19:00:00,2024-07-21 21:00:00,0.12453
Netherlands,NLD,2024-07-21 20:00:00,2024-07-21 22:00:00,0.10792
Netherlands,NLD,2024-07-21 21:00:00,2024-07-21 23:00:00,0.09015999999999999
Netherlands,NLD,2024-07-21 22:00:00,2024-07-22 00:00:00,0.11611
Netherlands,NLD,2024-07-21 23:00:00,2024-07-22 01:00:00,0.09151000000000001
Netherlands,NLD,2024-07-22 00:00:00,2024-07-22 02:00:00,0.0837
Netherlands,NLD,2024-07-22 01:00:00,2024-07-22 03:00:00,0.085
Netherlands,NLD,2024-07-22 02:00:00,2024-07-22 04:00:00,0.08184000000000001
Netherlands,NLD,2024-07-22 03:00:00,2024-07-22 05:00:00,0.07931999999999999
Netherlands,NLD,2024-07-22 04:00:00,2024-07-22 06:00:00,0.10870999999999999
Netherlands,NLD,2024-07-22 05:00:00,2024-07-22 07:00:00,0.12009
Netherlands,NLD,2024-07-22 06:00:00,2024-07-22 08:00:00,0.11428
Netherlands,NLD,2024-07-22 07:00:00,2024-07-22 09:00:00,0.0871
Netherlands,NLD,2024-07-22 08:00:00,2024-07-22 10:00:00,0.05
Netherlands,NLD,2024-07-22 09:00:00,2024-07-22 11:00:00,0.01423
Netherlands,NLD,2024-07-22 10:00:00,2024-07-22 12:00:00,0.02561
Netherlands,NLD,2024-07-22 11:00:00,2024-07-22 13:00:00,0.02112
Netherlands,NLD,2024-07-22 12:00:00,2024-07-22 14:00:00,0.01742
Netherlands,NLD,2024-07-22 13:00:00,2024-07-22 15:00:00,0.01749
Netherlands,NLD,2024-07-22 14:00:00,2024-07-22 16:00:00,0.0218
Netherlands,NLD,2024-07-22 15:00:00,2024-07-22 17:00:00,0.06332
Netherlands,NLD,2024-07-22 16:00:00,2024-07-22 18:00:00,0.0799
Netherlands,NLD,2024-07-22 17:00:00,2024-07-22 19:00:00,0.09991
Netherlands,NLD,2024-07-22 18:00:00,2024-07-22 20:00:00,0.13987
Netherlands,NLD,2024-07-22 19:00:00,2024-07-22 21:00:00,0.14026
Netherlands,NLD,2024-07-22 20:00:00,2024-07-22 22:00:00,0.10997
Netherlands,NLD,2024-07-22 21:00:00,2024-07-22 23:00:00,0.09552
Netherlands,NLD,2024-07-22 22:00:00,2024-07-23 00:00:00,0.08285
Netherlands,NLD,2024-07-22 23:00:00,2024-07-23 01:00:00,0.07365000000000001
Netherlands,NLD,2024-07-23 00:00:00,2024-07-23 02:00:00,0.07339
Netherlands,NLD,2024-07-23 01:00:00,2024-07-23 03:00:00,0.06813
Netherlands,NLD,2024-07-23 02:00:00,2024-07-23 04:00:00,0.07056
Netherlands,NLD,2024-07-23 03:00:00,2024-07-23 05:00:00,0.07368000000000001
Netherlands,NLD,2024-07-23 04:00:00,2024-07-23 06:00:00,0.0999
Netherlands,NLD,2024-07-23 05:00:00,2024-07-23 07:00:00,0.116
Netherlands,NLD,2024-07-23 06:00:00,2024-07-23 08:00:00,0.11045
Netherlands,NLD,2024-07-23 07:00:00,2024-07-23 09:00:00,0.08648
Netherlands,NLD,2024-07-23 08:00:00,2024-07-23 10:00:00,0.06887
Netherlands,NLD,2024-07-23 09:00:00,2024-07-23 11:00:00,0.0582
Netherlands,NLD,2024-07-23 10:00:00,2024-07-23 12:00:00,0.03648
Netherlands,NLD,2024-07-23 11:00:00,2024-07-23 13:00:00,0.03243
Netherlands,NLD,2024-07-23 12:00:00,2024-07-23 14:00:00,0.02932
Netherlands,NLD,2024-07-23 13:00:00,2024-07-23 15:00:00,0.03272
Netherlands,NLD,2024-07-23 14:00:00,2024-07-23 16:00:00,0.046200000000000005
Netherlands,NLD,2024-07-23 15:00:00,2024-07-23 17:00:00,0.07540000000000001
Netherlands,NLD,2024-07-23 16:00:00,2024-07-23 18:00:00,0.08241
Netherlands,NLD,2024-07-23 17:00:00,2024-07-23 19:00:00,0.09603
Netherlands,NLD,2024-07-23 18:00:00,2024-07-23 20:00:00,0.11693
Netherlands,NLD,2024-07-23 19:00:00,2024-07-23 21:00:00,0.10201
Netherlands,NLD,2024-07-23 20:00:00,2024-07-23 22:00:00,0.10035
Netherlands,NLD,2024-07-23 21:00:00,2024-07-23 23:00:00,0.0917
Netherlands,NLD,2024-07-23 22:00:00,2024-07-24 00:00:00,0.08351
Netherlands,NLD,2024-07-23 23:00:00,2024-07-24 01:00:00,0.07833
Netherlands,NLD,2024-07-24 00:00:00,2024-07-24 02:00:00,0.073
Netherlands,NLD,2024-07-24 01:00:00,2024-07-24 03:00:00,0.0736
Netherlands,NLD,2024-07-24 02:00:00,2024-07-24 04:00:00,0.0848
Netherlands,NLD,2024-07-24 03:00:00,2024-07-24 05:00:00,0.07362
Netherlands,NLD,2024-07-24 04:00:00,2024-07-24 06:00:00,0.09472
Netherlands,NLD,2024-07-24 05:00:00,2024-07-24 07:00:00,0.11294
Netherlands,NLD,2024-07-24 06:00:00,2024-07-24 08:00:00,0.09905
Netherlands,NLD,2024-07-24 07:00:00,2024-07-24 09:00:00,0.07286
Netherlands,NLD,2024-07-24 08:00:00,2024-07-24 10:00:00,0.05464
Netherlands,NLD,2024-07-24 09:00:00,2024-07-24 11:00:00,0.02009
Netherlands,NLD,2024-07-24 10:00:00,2024-07-24 12:00:00,0.0
Netherlands,NLD,2024-07-24 11:00:00,2024-07-24 13:00:00,-0.00197
Netherlands,NLD,2024-07-24 12:00:00,2024-07-24 14:00:00,-0.01
Netherlands,NLD,2024-07-24 13:00:00,2024-07-24 15:00:00,-0.00359
Netherlands,NLD,2024-07-24 14:00:00,2024-07-24 16:00:00,0.00181
Netherlands,NLD,2024-07-24 15:00:00,2024-07-24 17:00:00,0.03968
Netherlands,NLD,2024-07-24 16:00:00,2024-07-24 18:00:00,0.0687
Netherlands,NLD,2024-07-24 17:00:00,2024-07-24 19:00:00,0.09687
Netherlands,NLD,2024-07-24 18:00:00,2024-07-24 20:00:00,0.11051000000000001
Netherlands,NLD,2024-07-24 19:00:00,2024-07-24 21:00:00,0.12147
Netherlands,NLD,2024-07-24 20:00:00,2024-07-24 22:00:00,0.10901000000000001
Netherlands,NLD,2024-07-24 21:00:00,2024-07-24 23:00:00,0.09366
Netherlands,NLD,2024-07-24 22:00:00,2024-07-25 00:00:00,0.09255
Netherlands,NLD,2024-07-24 23:00:00,2024-07-25 01:00:00,0.0872
Netherlands,NLD,2024-07-25 00:00:00,2024-07-25 02:00:00,0.0849
Netherlands,NLD,2024-07-25 01:00:00,2024-07-25 03:00:00,0.07992
Netherlands,NLD,2024-07-25 02:00:00,2024-07-25 04:00:00,0.07640000000000001
Netherlands,NLD,2024-07-25 03:00:00,2024-07-25 05:00:00,0.09253
Netherlands,NLD,2024-07-25 04:00:00,2024-07-25 06:00:00,0.10615999999999999
Netherlands,NLD,2024-07-25 05:00:00,2024-07-25 07:00:00,0.10903
Netherlands,NLD,2024-07-25 06:00:00,2024-07-25 08:00:00,0.09098
Netherlands,NLD,2024-07-25 07:00:00,2024-07-25 09:00:00,0.07198
Netherlands,NLD,2024-07-25 08:00:00,2024-07-25 10:00:00,0.05508
Netherlands,NLD,2024-07-25 09:00:00,2024-07-25 11:00:00,0.036950000000000004
Netherlands,NLD,2024-07-25 10:00:00,2024-07-25 12:00:00,0.02431
Netherlands,NLD,2024-07-25 11:00:00,2024-07-25 13:00:00,0.01736
Netherlands,NLD,2024-07-25 12:00:00,2024-07-25 14:00:00,0.013269999999999999
Netherlands,NLD,2024-07-25 13:00:00,2024-07-25 15:00:00,0.026199999999999998
Netherlands,NLD,2024-07-25 14:00:00,2024-07-25 16:00:00,0.0538
Netherlands,NLD,2024-07-25 15:00:00,2024-07-25 17:00:00,0.08
Netherlands,NLD,2024-07-25 16:00:00,2024-07-25 18:00:00,0.097
Netherlands,NLD,2024-07-25 17:00:00,2024-07-25 19:00:00,0.1199
Netherlands,NLD,2024-07-25 18:00:00,2024-07-25 20:00:00,0.14830000000000002
Netherlands,NLD,2024-07-25 19:00:00,2024-07-25 21:00:00,0.12997
Netherlands,NLD,2024-07-25 20:00:00,2024-07-25 22:00:00,0.1
Netherlands,NLD,2024-07-25 21:00:00,2024-07-25 23:00:00,0.08495
Netherlands,NLD,2024-07-25 22:00:00,2024-07-26 00:00:00,0.081
Netherlands,NLD,2024-07-25 23:00:00,2024-07-26 01:00:00,0.0735
Netherlands,NLD,2024-07-26 00:00:00,2024-07-26 02:00:00,0.07501000000000001
Netherlands,NLD,2024-07-26 01:00:00,2024-07-26 03:00:00,0.0775
Netherlands,NLD,2024-07-26 02:00:00,2024-07-26 04:00:00,0.07690000000000001
Netherlands,NLD,2024-07-26 03:00:00,2024-07-26 05:00:00,0.07998999999999999
Netherlands,NLD,2024-07-26 04:00:00,2024-07-26 06:00:00,0.09476000000000001
Netherlands,NLD,2024-07-26 05:00:00,2024-07-26 07:00:00,0.1102
Netherlands,NLD,2024-07-26 06:00:00,2024-07-26 08:00:00,0.10056
Netherlands,NLD,2024-07-26 07:00:00,2024-07-26 09:00:00,0.0948
Netherlands,NLD,2024-07-26 08:00:00,2024-07-26 10:00:00,0.08872
Netherlands,NLD,2024-07-26 09:00:00,2024-07-26 11:00:00,0.07819
Netherlands,NLD,2024-07-26 10:00:00,2024-07-26 12:00:00,0.06916
Netherlands,NLD,2024-07-26 11:00:00,2024-07-26 13:00:00,0.0594
Netherlands,NLD,2024-07-26 12:00:00,2024-07-26 14:00:00,0.05
Netherlands,NLD,2024-07-26 13:00:00,2024-07-26 15:00:00,0.06049
Netherlands,NLD,2024-07-26 14:00:00,2024-07-26 16:00:00,0.07114
Netherlands,NLD,2024-07-26 15:00:00,2024-07-26 17:00:00,0.08819
Netherlands,NLD,2024-07-26 16:00:00,2024-07-26 18:00:00,0.09498999999999999
Netherlands,NLD,2024-07-26 17:00:00,2024-07-26 19:00:00,0.10990000000000001
Netherlands,NLD,2024-07-26 18:00:00,2024-07-26 20:00:00,0.14609
Netherlands,NLD,2024-07-26 19:00:00,2024-07-26 21:00:00,0.13838999999999999
Netherlands,NLD,2024-07-26 20:00:00,2024-07-26 22:00:00,0.10646
Netherlands,NLD,2024-07-26 21:00:00,2024-07-26 23:00:00,0.0979
Netherlands,NLD,2024-07-26 22:00:00,2024-07-27 00:00:00,0.10388
Netherlands,NLD,2024-07-26 23:00:00,2024-07-27 01:00:00,0.10303
Netherlands,NLD,2024-07-27 00:00:00,2024-07-27 02:00:00,0.09689
Netherlands,NLD,2024-07-27 01:00:00,2024-07-27 03:00:00,0.09481
Netherlands,NLD,2024-07-27 02:00:00,2024-07-27 04:00:00,0.09279000000000001
Netherlands,NLD,2024-07-27 03:00:00,2024-07-27 05:00:00,0.09018999999999999
Netherlands,NLD,2024-07-27 04:00:00,2024-07-27 06:00:00,0.08709
Netherlands,NLD,2024-07-27 05:00:00,2024-07-27 07:00:00,0.08241
Netherlands,NLD,2024-07-27 06:00:00,2024-07-27 08:00:00,0.08469
Netherlands,NLD,2024-07-27 07:00:00,2024-07-27 09:00:00,0.06638
Netherlands,NLD,2024-07-27 08:00:00,2024-07-27 10:00:00,0.05983
Netherlands,NLD,2024-07-27 09:00:00,2024-07-27 11:00:00,0.0399
Netherlands,NLD,2024-07-27 10:00:00,2024-07-27 12:00:00,0.028
Netherlands,NLD,2024-07-27 11:00:00,2024-07-27 13:00:00,0.0178
Netherlands,NLD,2024-07-27 12:00:00,2024-07-27 14:00:00,0.017920000000000002
Netherlands,NLD,2024-07-27 13:00:00,2024-07-27 15:00:00,0.0322
Netherlands,NLD,2024-07-27 14:00:00,2024-07-27 16:00:00,0.05856
Netherlands,NLD,2024-07-27 15:00:00,2024-07-27 17:00:00,0.08404
Netherlands,NLD,2024-07-27 16:00:00,2024-07-27 18:00:00,0.10301
Netherlands,NLD,2024-07-27 17:00:00,2024-07-27 19:00:00,0.11566
Netherlands,NLD,2024-07-27 18:00:00,2024-07-27 20:00:00,0.12176000000000001
Netherlands,NLD,2024-07-27 19:00:00,2024-07-27 21:00:00,0.12043000000000001
Netherlands,NLD,2024-07-27 20:00:00,2024-07-27 22:00:00,0.10751000000000001
Netherlands,NLD,2024-07-27 21:00:00,2024-07-27 23:00:00,0.09743
Netherlands,NLD,2024-07-27 22:00:00,2024-07-28 00:00:00,0.107
Netherlands,NLD,2024-07-27 23:00:00,2024-07-28 01:00:00,0.09459000000000001
Netherlands,NLD,2024-07-28 00:00:00,2024-07-28 02:00:00,0.0876
Netherlands,NLD,2024-07-28 01:00:00,2024-07-28 03:00:00,0.08153
Netherlands,NLD,2024-07-28 02:00:00,2024-07-28 04:00:00,0.08055
Netherlands,NLD,2024-07-28 03:00:00,2024-07-28 05:00:00,0.07723999999999999
Netherlands,NLD,2024-07-28 04:00:00,2024-07-28 06:00:00,0.07553
Netherlands,NLD,2024-07-28 05:00:00,2024-07-28 07:00:00,0.06745
Netherlands,NLD,2024-07-28 06:00:00,2024-07-28 08:00:00,0.02549
Netherlands,NLD,2024-07-28 07:00:00,2024-07-28 09:00:00,0.00484
Netherlands,NLD,2024-07-28 08:00:00,2024-07-28 10:00:00,0.0
Netherlands,NLD,2024-07-28 09:00:00,2024-07-28 11:00:00,-0.004900000000000001
Netherlands,NLD,2024-07-28 10:00:00,2024-07-28 12:00:00,-0.032909999999999995
Netherlands,NLD,2024-07-28 11:00:00,2024-07-28 13:00:00,-0.06412999999999999
Netherlands,NLD,2024-07-28 12:00:00,2024-07-28 14:00:00,-0.06
Netherlands,NLD,2024-07-28 13:00:00,2024-07-28 15:00:00,-0.033600000000000005
Netherlands,NLD,2024-07-28 14:00:00,2024-07-28 16:00:00,-0.0132
Netherlands,NLD,2024-07-28 15:00:00,2024-07-28 17:00:00,-0.00191
Netherlands,NLD,2024-07-28 16:00:00,2024-07-28 18:00:00,0.04
Netherlands,NLD,2024-07-28 17:00:00,2024-07-28 19:00:00,0.09040000000000001
Netherlands,NLD,2024-07-28 18:00:00,2024-07-28 20:00:00,0.10937999999999999
Netherlands,NLD,2024-07-28 19:00:00,2024-07-28 21:00:00,0.11238
Netherlands,NLD,2024-07-28 20:00:00,2024-07-28 22:00:00,0.10312
Netherlands,NLD,2024-07-28 21:00:00,2024-07-28 23:00:00,0.08301
Netherlands,NLD,2024-07-28 22:00:00,2024-07-29 00:00:00,0.07806
Netherlands,NLD,2024-07-28 23:00:00,2024-07-29 01:00:00,0.07442
Netherlands,NLD,2024-07-29 00:00:00,2024-07-29 02:00:00,0.0708
Netherlands,NLD,2024-07-29 01:00:00,2024-07-29 03:00:00,0.07304000000000001
Netherlands,NLD,2024-07-29 02:00:00,2024-07-29 04:00:00,0.07642
Netherlands,NLD,2024-07-29 03:00:00,2024-07-29 05:00:00,0.09695000000000001
Netherlands,NLD,2024-07-29 04:00:00,2024-07-29 06:00:00,0.13090000000000002
Netherlands,NLD,2024-07-29 05:00:00,2024-07-29 07:00:00,0.1092
Netherlands,NLD,2024-07-29 06:00:00,2024-07-29 08:00:00,0.09018999999999999
Netherlands,NLD,2024-07-29 07:00:00,2024-07-29 09:00:00,0.0632
Netherlands,NLD,2024-07-29 08:00:00,2024-07-29 10:00:00,0.012
Netherlands,NLD,2024-07-29 09:00:00,2024-07-29 11:00:00,-0.0034500000000000004
Netherlands,NLD,2024-07-29 10:00:00,2024-07-29 12:00:00,-0.00023
Netherlands,NLD,2024-07-29 11:00:00,2024-07-29 13:00:00,-0.003
Netherlands,NLD,2024-07-29 12:00:00,2024-07-29 14:00:00,-0.00098
Netherlands,NLD,2024-07-29 13:00:00,2024-07-29 15:00:00,-0.00039
Netherlands,NLD,2024-07-29 14:00:00,2024-07-29 16:00:00,0.0134
Netherlands,NLD,2024-07-29 15:00:00,2024-07-29 17:00:00,0.06416
Netherlands,NLD,2024-07-29 16:00:00,2024-07-29 18:00:00,0.09570000000000001
Netherlands,NLD,2024-07-29 17:00:00,2024-07-29 19:00:00,0.11972
Netherlands,NLD,2024-07-29 18:00:00,2024-07-29 20:00:00,0.1722
Netherlands,NLD,2024-07-29 19:00:00,2024-07-29 21:00:00,0.1301
Netherlands,NLD,2024-07-29 20:00:00,2024-07-29 22:00:00,0.10697
Netherlands,NLD,2024-07-29 21:00:00,2024-07-29 23:00:00,0.0902
Netherlands,NLD,2024-07-29 22:00:00,2024-07-30 00:00:00,0.07632
Netherlands,NLD,2024-07-29 23:00:00,2024-07-30 01:00:00,0.07418999999999999
Netherlands,NLD,2024-07-30 00:00:00,2024-07-30 02:00:00,0.07618000000000001
Netherlands,NLD,2024-07-30 01:00:00,2024-07-30 03:00:00,0.08081999999999999
Netherlands,NLD,2024-07-30 02:00:00,2024-07-30 04:00:00,0.08538
Netherlands,NLD,2024-07-30 03:00:00,2024-07-30 05:00:00,0.10024
Netherlands,NLD,2024-07-30 04:00:00,2024-07-30 06:00:00,0.11087999999999999
Netherlands,NLD,2024-07-30 05:00:00,2024-07-30 07:00:00,0.10895
Netherlands,NLD,2024-07-30 06:00:00,2024-07-30 08:00:00,0.09841
Netherlands,NLD,2024-07-30 07:00:00,2024-07-30 09:00:00,0.06709999999999999
Netherlands,NLD,2024-07-30 08:00:00,2024-07-30 10:00:00,0.037520000000000005
Netherlands,NLD,2024-07-30 09:00:00,2024-07-30 11:00:00,0.00784
Netherlands,NLD,2024-07-30 10:00:00,2024-07-30 12:00:00,0.001
Netherlands,NLD,2024-07-30 11:00:00,2024-07-30 13:00:00,-5.9999999999999995e-05
Netherlands,NLD,2024-07-30 12:00:00,2024-07-30 14:00:00,-5.9999999999999995e-05
Netherlands,NLD,2024-07-30 13:00:00,2024-07-30 15:00:00,0.01311
Netherlands,NLD,2024-07-30 14:00:00,2024-07-30 16:00:00,0.040740000000000005
Netherlands,NLD,2024-07-30 15:00:00,2024-07-30 17:00:00,0.07731
Netherlands,NLD,2024-07-30 16:00:00,2024-07-30 18:00:00,0.10219
Netherlands,NLD,2024-07-30 17:00:00,2024-07-30 19:00:00,0.12676
Netherlands,NLD,2024-07-30 18:00:00,2024-07-30 20:00:00,0.16468
Netherlands,NLD,2024-07-30 19:00:00,2024-07-30 21:00:00,0.14462
Netherlands,NLD,2024-07-30 20:00:00,2024-07-30 22:00:00,0.11459
Netherlands,NLD,2024-07-30 21:00:00,2024-07-30 23:00:00,0.09904
Netherlands,NLD,2024-07-30 22:00:00,2024-07-31 00:00:00,0.09855
Netherlands,NLD,2024-07-30 23:00:00,2024-07-31 01:00:00,0.0862
Netherlands,NLD,2024-07-31 00:00:00,2024-07-31 02:00:00,0.08381999999999999
Netherlands,NLD,2024-07-31 01:00:00,2024-07-31 03:00:00,0.07732
Netherlands,NLD,2024-07-31 02:00:00,2024-07-31 04:00:00,0.0851
Netherlands,NLD,2024-07-31 03:00:00,2024-07-31 05:00:00,0.09412000000000001
Netherlands,NLD,2024-07-31 04:00:00,2024-07-31 06:00:00,0.10504999999999999
Netherlands,NLD,2024-07-31 05:00:00,2024-07-31 07:00:00,0.10969
Netherlands,NLD,2024-07-31 06:00:00,2024-07-31 08:00:00,0.09526000000000001
Netherlands,NLD,2024-07-31 07:00:00,2024-07-31 09:00:00,0.07883
Netherlands,NLD,2024-07-31 08:00:00,2024-07-31 10:00:00,0.05589
Netherlands,NLD,2024-07-31 09:00:00,2024-07-31 11:00:00,0.033460000000000004
Netherlands,NLD,2024-07-31 10:00:00,2024-07-31 12:00:00,0.02283
Netherlands,NLD,2024-07-31 11:00:00,2024-07-31 13:00:00,0.011359999999999999
Netherlands,NLD,2024-07-31 12:00:00,2024-07-31 14:00:00,0.01837
Netherlands,NLD,2024-07-31 13:00:00,2024-07-31 15:00:00,0.030600000000000002
Netherlands,NLD,2024-07-31 14:00:00,2024-07-31 16:00:00,0.03406
Netherlands,NLD,2024-07-31 15:00:00,2024-07-31 17:00:00,0.07579999999999999
Netherlands,NLD,2024-07-31 16:00:00,2024-07-31 18:00:00,0.09589
Netherlands,NLD,2024-07-31 17:00:00,2024-07-31 19:00:00,0.11462
Netherlands,NLD,2024-07-31 18:00:00,2024-07-31 20:00:00,0.13363
Netherlands,NLD,2024-07-31 19:00:00,2024-07-31 21:00:00,0.11264
Netherlands,NLD,2024-07-31 20:00:00,2024-07-31 22:00:00,0.10443999999999999
Netherlands,NLD,2024-07-31 21:00:00,2024-07-31 23:00:00,0.09656
Netherlands,NLD,2024-07-31 22:00:00,2024-08-01 00:00:00,0.09672
Netherlands,NLD,2024-07-31 23:00:00,2024-08-01 01:00:00,0.08979999999999999
Netherlands,NLD,2024-08-01 00:00:00,2024-08-01 02:00:00,0.08676
Netherlands,NLD,2024-08-01 01:00:00,2024-08-01 03:00:00,0.0804
Netherlands,NLD,2024-08-01 02:00:00,2024-08-01 04:00:00,0.0861
Netherlands,NLD,2024-08-01 03:00:00,2024-08-01 05:00:00,0.0991
Netherlands,NLD,2024-08-01 04:00:00,2024-08-01 06:00:00,0.11422
Netherlands,NLD,2024-08-01 05:00:00,2024-08-01 07:00:00,0.10699
Netherlands,NLD,2024-08-01 06:00:00,2024-08-01 08:00:00,0.10595
Netherlands,NLD,2024-08-01 07:00:00,2024-08-01 09:00:00,0.0901
Netherlands,NLD,2024-08-01 08:00:00,2024-08-01 10:00:00,0.07695
Netherlands,NLD,2024-08-01 09:00:00,2024-08-01 11:00:00,0.06764
Netherlands,NLD,2024-08-01 10:00:00,2024-08-01 12:00:00,0.06403
Netherlands,NLD,2024-08-01 11:00:00,2024-08-01 13:00:00,0.060340000000000005
Netherlands,NLD,2024-08-01 12:00:00,2024-08-01 14:00:00,0.062130000000000005
Netherlands,NLD,2024-08-01 13:00:00,2024-08-01 15:00:00,0.07055
Netherlands,NLD,2024-08-01 14:00:00,2024-08-01 16:00:00,0.07424
Netherlands,NLD,2024-08-01 15:00:00,2024-08-01 17:00:00,0.09378
Netherlands,NLD,2024-08-01 16:00:00,2024-08-01 18:00:00,0.0999
Netherlands,NLD,2024-08-01 17:00:00,2024-08-01 19:00:00,0.1152
Netherlands,NLD,2024-08-01 18:00:00,2024-08-01 20:00:00,0.1401
Netherlands,NLD,2024-08-01 19:00:00,2024-08-01 21:00:00,0.12336
Netherlands,NLD,2024-08-01 20:00:00,2024-08-01 22:00:00,0.11173000000000001
Netherlands,NLD,2024-08-01 21:00:00,2024-08-01 23:00:00,0.10533
Netherlands,NLD,2024-08-01 22:00:00,2024-08-02 00:00:00,0.09393000000000001
Netherlands,NLD,2024-08-01 23:00:00,2024-08-02 01:00:00,0.08887
Netherlands,NLD,2024-08-02 00:00:00,2024-08-02 02:00:00,0.0878
Netherlands,NLD,2024-08-02 01:00:00,2024-08-02 03:00:00,0.08226
Netherlands,NLD,2024-08-02 02:00:00,2024-08-02 04:00:00,0.0861
Netherlands,NLD,2024-08-02 03:00:00,2024-08-02 05:00:00,0.09444
Netherlands,NLD,2024-08-02 04:00:00,2024-08-02 06:00:00,0.10951000000000001
Netherlands,NLD,2024-08-02 05:00:00,2024-08-02 07:00:00,0.11979000000000001
Netherlands,NLD,2024-08-02 06:00:00,2024-08-02 08:00:00,0.11275
Netherlands,NLD,2024-08-02 07:00:00,2024-08-02 09:00:00,0.10442
Netherlands,NLD,2024-08-02 08:00:00,2024-08-02 10:00:00,0.06509999999999999
Netherlands,NLD,2024-08-02 09:00:00,2024-08-02 11:00:00,0.06908
Netherlands,NLD,2024-08-02 10:00:00,2024-08-02 12:00:00,0.06384000000000001
Netherlands,NLD,2024-08-02 11:00:00,2024-08-02 13:00:00,0.0517
Netherlands,NLD,2024-08-02 12:00:00,2024-08-02 14:00:00,0.05023
Netherlands,NLD,2024-08-02 13:00:00,2024-08-02 15:00:00,0.05005
Netherlands,NLD,2024-08-02 14:00:00,2024-08-02 16:00:00,0.06472
Netherlands,NLD,2024-08-02 15:00:00,2024-08-02 17:00:00,0.07690999999999999
Netherlands,NLD,2024-08-02 16:00:00,2024-08-02 18:00:00,0.0999
Netherlands,NLD,2024-08-02 17:00:00,2024-08-02 19:00:00,0.12875999999999999
Netherlands,NLD,2024-08-02 18:00:00,2024-08-02 20:00:00,0.14573
Netherlands,NLD,2024-08-02 19:00:00,2024-08-02 21:00:00,0.11692
Netherlands,NLD,2024-08-02 20:00:00,2024-08-02 22:00:00,0.11090000000000001
Netherlands,NLD,2024-08-02 21:00:00,2024-08-02 23:00:00,0.0994
Netherlands,NLD,2024-08-02 22:00:00,2024-08-03 00:00:00,0.10016
Netherlands,NLD,2024-08-02 23:00:00,2024-08-03 01:00:00,0.09633
Netherlands,NLD,2024-08-03 00:00:00,2024-08-03 02:00:00,0.0907
Netherlands,NLD,2024-08-03 01:00:00,2024-08-03 03:00:00,0.08654
Netherlands,NLD,2024-08-03 02:00:00,2024-08-03 04:00:00,0.08374
Netherlands,NLD,2024-08-03 03:00:00,2024-08-03 05:00:00,0.09209999999999999
Netherlands,NLD,2024-08-03 04:00:00,2024-08-03 06:00:00,0.0999
Netherlands,NLD,2024-08-03 05:00:00,2024-08-03 07:00:00,0.09204999999999999
Netherlands,NLD,2024-08-03 06:00:00,2024-08-03 08:00:00,0.08119
Netherlands,NLD,2024-08-03 07:00:00,2024-08-03 09:00:00,0.06291
Netherlands,NLD,2024-08-03 08:00:00,2024-08-03 10:00:00,0.03244
Netherlands,NLD,2024-08-03 09:00:00,2024-08-03 11:00:00,0.02036
Netherlands,NLD,2024-08-03 10:00:00,2024-08-03 12:00:00,0.01466
Netherlands,NLD,2024-08-03 11:00:00,2024-08-03 13:00:00,0.00641
Netherlands,NLD,2024-08-03 12:00:00,2024-08-03 14:00:00,0.0040999999999999995
Netherlands,NLD,2024-08-03 13:00:00,2024-08-03 15:00:00,0.01202
Netherlands,NLD,2024-08-03 14:00:00,2024-08-03 16:00:00,0.0288
Netherlands,NLD,2024-08-03 15:00:00,2024-08-03 17:00:00,0.0707
Netherlands,NLD,2024-08-03 16:00:00,2024-08-03 18:00:00,0.0999
Netherlands,NLD,2024-08-03 17:00:00,2024-08-03 19:00:00,0.10685
Netherlands,NLD,2024-08-03 18:00:00,2024-08-03 20:00:00,0.1199
Netherlands,NLD,2024-08-03 19:00:00,2024-08-03 21:00:00,0.13085
Netherlands,NLD,2024-08-03 20:00:00,2024-08-03 22:00:00,0.11505
Netherlands,NLD,2024-08-03 21:00:00,2024-08-03 23:00:00,0.0999
Netherlands,NLD,2024-08-03 22:00:00,2024-08-04 00:00:00,0.10689
Netherlands,NLD,2024-08-03 23:00:00,2024-08-04 01:00:00,0.09765
Netherlands,NLD,2024-08-04 00:00:00,2024-08-04 02:00:00,0.09387999999999999
Netherlands,NLD,2024-08-04 01:00:00,2024-08-04 03:00:00,0.08805
Netherlands,NLD,2024-08-04 02:00:00,2024-08-04 04:00:00,0.0855
Netherlands,NLD,2024-08-04 03:00:00,2024-08-04 05:00:00,0.07906
Netherlands,NLD,2024-08-04 04:00:00,2024-08-04 06:00:00,0.0777
Netherlands,NLD,2024-08-04 05:00:00,2024-08-04 07:00:00,0.06983
Netherlands,NLD,2024-08-04 06:00:00,2024-08-04 08:00:00,0.05898
Netherlands,NLD,2024-08-04 07:00:00,2024-08-04 09:00:00,0.02687
Netherlands,NLD,2024-08-04 08:00:00,2024-08-04 10:00:00,0.00805
Netherlands,NLD,2024-08-04 09:00:00,2024-08-04 11:00:00,0.0020499999999999997
Netherlands,NLD,2024-08-04 10:00:00,2024-08-04 12:00:00,5.9999999999999995e-05
Netherlands,NLD,2024-08-04 11:00:00,2024-08-04 13:00:00,-4e-05
Netherlands,NLD,2024-08-04 12:00:00,2024-08-04 14:00:00,-0.00214
Netherlands,NLD,2024-08-04 13:00:00,2024-08-04 15:00:00,-1e-05
Netherlands,NLD,2024-08-04 14:00:00,2024-08-04 16:00:00,0.00103
Netherlands,NLD,2024-08-04 15:00:00,2024-08-04 17:00:00,0.022449999999999998
Netherlands,NLD,2024-08-04 16:00:00,2024-08-04 18:00:00,0.07215
Netherlands,NLD,2024-08-04 17:00:00,2024-08-04 19:00:00,0.104
Netherlands,NLD,2024-08-04 18:00:00,2024-08-04 20:00:00,0.1188
Netherlands,NLD,2024-08-04 19:00:00,2024-08-04 21:00:00,0.12265000000000001
Netherlands,NLD,2024-08-04 20:00:00,2024-08-04 22:00:00,0.11188
Netherlands,NLD,2024-08-04 21:00:00,2024-08-04 23:00:00,0.10293000000000001
Netherlands,NLD,2024-08-04 22:00:00,2024-08-05 00:00:00,0.10352
Netherlands,NLD,2024-08-04 23:00:00,2024-08-05 01:00:00,0.08572
Netherlands,NLD,2024-08-05 00:00:00,2024-08-05 02:00:00,0.0823
Netherlands,NLD,2024-08-05 01:00:00,2024-08-05 03:00:00,0.08512
Netherlands,NLD,2024-08-05 02:00:00,2024-08-05 04:00:00,0.08281000000000001
Netherlands,NLD,2024-08-05 03:00:00,2024-08-05 05:00:00,0.09702
Netherlands,NLD,2024-08-05 04:00:00,2024-08-05 06:00:00,0.11898
Netherlands,NLD,2024-08-05 05:00:00,2024-08-05 07:00:00,0.13729
Netherlands,NLD,2024-08-05 06:00:00,2024-08-05 08:00:00,0.11342
Netherlands,NLD,2024-08-05 07:00:00,2024-08-05 09:00:00,0.10283
Netherlands,NLD,2024-08-05 08:00:00,2024-08-05 10:00:00,0.07318000000000001
Netherlands,NLD,2024-08-05 09:00:00,2024-08-05 11:00:00,0.05144
Netherlands,NLD,2024-08-05 10:00:00,2024-08-05 12:00:00,0.031
Netherlands,NLD,2024-08-05 11:00:00,2024-08-05 13:00:00,0.026
Netherlands,NLD,2024-08-05 12:00:00,2024-08-05 14:00:00,0.00331
Netherlands,NLD,2024-08-05 13:00:00,2024-08-05 15:00:00,0.027100000000000003
Netherlands,NLD,2024-08-05 14:00:00,2024-08-05 16:00:00,0.05389
Netherlands,NLD,2024-08-05 15:00:00,2024-08-05 17:00:00,0.0836
Netherlands,NLD,2024-08-05 16:00:00,2024-08-05 18:00:00,0.102
Netherlands,NLD,2024-08-05 17:00:00,2024-08-05 19:00:00,0.15134
Netherlands,NLD,2024-08-05 18:00:00,2024-08-05 20:00:00,0.24523
Netherlands,NLD,2024-08-05 19:00:00,2024-08-05 21:00:00,0.17093
Netherlands,NLD,2024-08-05 20:00:00,2024-08-05 22:00:00,0.11993999999999999
Netherlands,NLD,2024-08-05 21:00:00,2024-08-05 23:00:00,0.10275
Netherlands,NLD,2024-08-05 22:00:00,2024-08-06 00:00:00,0.1016
Netherlands,NLD,2024-08-05 23:00:00,2024-08-06 01:00:00,0.09351999999999999
Netherlands,NLD,2024-08-06 00:00:00,2024-08-06 02:00:00,0.08660999999999999
Netherlands,NLD,2024-08-06 01:00:00,2024-08-06 03:00:00,0.08241
Netherlands,NLD,2024-08-06 02:00:00,2024-08-06 04:00:00,0.08324
Netherlands,NLD,2024-08-06 03:00:00,2024-08-06 05:00:00,0.09244
Netherlands,NLD,2024-08-06 04:00:00,2024-08-06 06:00:00,0.11884
Netherlands,NLD,2024-08-06 05:00:00,2024-08-06 07:00:00,0.12451999999999999
Netherlands,NLD,2024-08-06 06:00:00,2024-08-06 08:00:00,0.08433
Netherlands,NLD,2024-08-06 07:00:00,2024-08-06 09:00:00,0.07368999999999999
Netherlands,NLD,2024-08-06 08:00:00,2024-08-06 10:00:00,0.03604
Netherlands,NLD,2024-08-06 09:00:00,2024-08-06 11:00:00,0.02111
Netherlands,NLD,2024-08-06 10:00:00,2024-08-06 12:00:00,0.01584
Netherlands,NLD,2024-08-06 11:00:00,2024-08-06 13:00:00,0.0029300000000000003
Netherlands,NLD,2024-08-06 12:00:00,2024-08-06 14:00:00,0.0047599999999999995
Netherlands,NLD,2024-08-06 13:00:00,2024-08-06 15:00:00,0.01924
Netherlands,NLD,2024-08-06 14:00:00,2024-08-06 16:00:00,0.038840000000000006
Netherlands,NLD,2024-08-06 15:00:00,2024-08-06 17:00:00,0.08075
Netherlands,NLD,2024-08-06 16:00:00,2024-08-06 18:00:00,0.105
Netherlands,NLD,2024-08-06 17:00:00,2024-08-06 19:00:00,0.16138999999999998
Netherlands,NLD,2024-08-06 18:00:00,2024-08-06 20:00:00,0.2282
Netherlands,NLD,2024-08-06 19:00:00,2024-08-06 21:00:00,0.1689
Netherlands,NLD,2024-08-06 20:00:00,2024-08-06 22:00:00,0.11803
Netherlands,NLD,2024-08-06 21:00:00,2024-08-06 23:00:00,0.09922
Netherlands,NLD,2024-08-06 22:00:00,2024-08-07 00:00:00,0.0901
Netherlands,NLD,2024-08-06 23:00:00,2024-08-07 01:00:00,0.08412
Netherlands,NLD,2024-08-07 00:00:00,2024-08-07 02:00:00,0.07909999999999999
Netherlands,NLD,2024-08-07 01:00:00,2024-08-07 03:00:00,0.08447
Netherlands,NLD,2024-08-07 02:00:00,2024-08-07 04:00:00,0.0877
Netherlands,NLD,2024-08-07 03:00:00,2024-08-07 05:00:00,0.10436
Netherlands,NLD,2024-08-07 04:00:00,2024-08-07 06:00:00,0.12607
Netherlands,NLD,2024-08-07 05:00:00,2024-08-07 07:00:00,0.12832
Netherlands,NLD,2024-08-07 06:00:00,2024-08-07 08:00:00,0.10815000000000001
Netherlands,NLD,2024-08-07 07:00:00,2024-08-07 09:00:00,0.08784
Netherlands,NLD,2024-08-07 08:00:00,2024-08-07 10:00:00,0.07205
Netherlands,NLD,2024-08-07 09:00:00,2024-08-07 11:00:00,0.06148
Netherlands,NLD,2024-08-07 10:00:00,2024-08-07 12:00:00,0.03688
Netherlands,NLD,2024-08-07 11:00:00,2024-08-07 13:00:00,-0.0028799999999999997
Netherlands,NLD,2024-08-07 12:00:00,2024-08-07 14:00:00,-0.010060000000000001
Netherlands,NLD,2024-08-07 13:00:00,2024-08-07 15:00:00,-0.010060000000000001
Netherlands,NLD,2024-08-07 14:00:00,2024-08-07 16:00:00,0.0
Netherlands,NLD,2024-08-07 15:00:00,2024-08-07 17:00:00,0.055
Netherlands,NLD,2024-08-07 16:00:00,2024-08-07 18:00:00,0.105
Netherlands,NLD,2024-08-07 17:00:00,2024-08-07 19:00:00,0.09794
Netherlands,NLD,2024-08-07 18:00:00,2024-08-07 20:00:00,0.12593000000000001
Netherlands,NLD,2024-08-07 19:00:00,2024-08-07 21:00:00,0.13425
Netherlands,NLD,2024-08-07 20:00:00,2024-08-07 22:00:00,0.11273999999999999
Netherlands,NLD,2024-08-07 21:00:00,2024-08-07 23:00:00,0.10278
Netherlands,NLD,2024-08-07 22:00:00,2024-08-08 00:00:00,0.09663
Netherlands,NLD,2024-08-07 23:00:00,2024-08-08 01:00:00,0.08879000000000001
Netherlands,NLD,2024-08-08 00:00:00,2024-08-08 02:00:00,0.08852
Netherlands,NLD,2024-08-08 01:00:00,2024-08-08 03:00:00,0.08806
Netherlands,NLD,2024-08-08 02:00:00,2024-08-08 04:00:00,0.08841
Netherlands,NLD,2024-08-08 03:00:00,2024-08-08 05:00:00,0.09611
Netherlands,NLD,2024-08-08 04:00:00,2024-08-08 06:00:00,0.11091
Netherlands,NLD,2024-08-08 05:00:00,2024-08-08 07:00:00,0.12495
Netherlands,NLD,2024-08-08 06:00:00,2024-08-08 08:00:00,0.11776
Netherlands,NLD,2024-08-08 07:00:00,2024-08-08 09:00:00,0.10684
Netherlands,NLD,2024-08-08 08:00:00,2024-08-08 10:00:00,0.0861
Netherlands,NLD,2024-08-08 09:00:00,2024-08-08 11:00:00,0.0716
Netherlands,NLD,2024-08-08 10:00:00,2024-08-08 12:00:00,0.05026
Netherlands,NLD,2024-08-08 11:00:00,2024-08-08 13:00:00,0.040490000000000005
Netherlands,NLD,2024-08-08 12:00:00,2024-08-08 14:00:00,0.02999
Netherlands,NLD,2024-08-08 13:00:00,2024-08-08 15:00:00,0.03821
Netherlands,NLD,2024-08-08 14:00:00,2024-08-08 16:00:00,0.05745
Netherlands,NLD,2024-08-08 15:00:00,2024-08-08 17:00:00,0.08022
Netherlands,NLD,2024-08-08 16:00:00,2024-08-08 18:00:00,0.10177
Netherlands,NLD,2024-08-08 17:00:00,2024-08-08 19:00:00,0.1
Netherlands,NLD,2024-08-08 18:00:00,2024-08-08 20:00:00,0.13877
Netherlands,NLD,2024-08-08 19:00:00,2024-08-08 21:00:00,0.135
Netherlands,NLD,2024-08-08 20:00:00,2024-08-08 22:00:00,0.102
Netherlands,NLD,2024-08-08 21:00:00,2024-08-08 23:00:00,0.09356
Netherlands,NLD,2024-08-08 22:00:00,2024-08-09 00:00:00,0.09812
Netherlands,NLD,2024-08-08 23:00:00,2024-08-09 01:00:00,0.07376
Netherlands,NLD,2024-08-09 00:00:00,2024-08-09 02:00:00,0.05188
Netherlands,NLD,2024-08-09 01:00:00,2024-08-09 03:00:00,0.03628
Netherlands,NLD,2024-08-09 02:00:00,2024-08-09 04:00:00,0.0528
Netherlands,NLD,2024-08-09 03:00:00,2024-08-09 05:00:00,0.03349
Netherlands,NLD,2024-08-09 04:00:00,2024-08-09 06:00:00,0.07934999999999999
Netherlands,NLD,2024-08-09 05:00:00,2024-08-09 07:00:00,0.08272
Netherlands,NLD,2024-08-09 06:00:00,2024-08-09 08:00:00,0.05248
Netherlands,NLD,2024-08-09 07:00:00,2024-08-09 09:00:00,0.030969999999999998
Netherlands,NLD,2024-08-09 08:00:00,2024-08-09 10:00:00,0.00853
Netherlands,NLD,2024-08-09 09:00:00,2024-08-09 11:00:00,0.00020999999999999998
Netherlands,NLD,2024-08-09 10:00:00,2024-08-09 12:00:00,-0.00047999999999999996
Netherlands,NLD,2024-08-09 11:00:00,2024-08-09 13:00:00,-0.0008900000000000001
Netherlands,NLD,2024-08-09 12:00:00,2024-08-09 14:00:00,-0.003
Netherlands,NLD,2024-08-09 13:00:00,2024-08-09 15:00:00,-0.01
Netherlands,NLD,2024-08-09 14:00:00,2024-08-09 16:00:00,-0.00888
Netherlands,NLD,2024-08-09 15:00:00,2024-08-09 17:00:00,-0.0009
Netherlands,NLD,2024-08-09 16:00:00,2024-08-09 18:00:00,0.0402
Netherlands,NLD,2024-08-09 17:00:00,2024-08-09 19:00:00,0.08383
Netherlands,NLD,2024-08-09 18:00:00,2024-08-09 20:00:00,0.12701
Netherlands,NLD,2024-08-09 19:00:00,2024-08-09 21:00:00,0.13232
Netherlands,NLD,2024-08-09 20:00:00,2024-08-09 22:00:00,0.1199
Netherlands,NLD,2024-08-09 21:00:00,2024-08-09 23:00:00,0.116
Netherlands,NLD,2024-08-09 22:00:00,2024-08-10 00:00:00,0.0875
Netherlands,NLD,2024-08-09 23:00:00,2024-08-10 01:00:00,0.09663
Netherlands,NLD,2024-08-10 00:00:00,2024-08-10 02:00:00,0.09193000000000001
Netherlands,NLD,2024-08-10 01:00:00,2024-08-10 03:00:00,0.08907
Netherlands,NLD,2024-08-10 02:00:00,2024-08-10 04:00:00,0.0864
Netherlands,NLD,2024-08-10 03:00:00,2024-08-10 05:00:00,0.08892
Netherlands,NLD,2024-08-10 04:00:00,2024-08-10 06:00:00,0.09793
Netherlands,NLD,2024-08-10 05:00:00,2024-08-10 07:00:00,0.07712999999999999
Netherlands,NLD,2024-08-10 06:00:00,2024-08-10 08:00:00,0.03195
Netherlands,NLD,2024-08-10 07:00:00,2024-08-10 09:00:00,0.0002
Netherlands,NLD,2024-08-10 08:00:00,2024-08-10 10:00:00,-0.003
Netherlands,NLD,2024-08-10 09:00:00,2024-08-10 11:00:00,-0.012199999999999999
Netherlands,NLD,2024-08-10 10:00:00,2024-08-10 12:00:00,-0.02249
Netherlands,NLD,2024-08-10 11:00:00,2024-08-10 13:00:00,-0.047560000000000005
Netherlands,NLD,2024-08-10 12:00:00,2024-08-10 14:00:00,-0.052039999999999996
Netherlands,NLD,2024-08-10 13:00:00,2024-08-10 15:00:00,-0.03
Netherlands,NLD,2024-08-10 14:00:00,2024-08-10 16:00:00,-0.01008
Netherlands,NLD,2024-08-10 15:00:00,2024-08-10 17:00:00,-0.0013
Netherlands,NLD,2024-08-10 16:00:00,2024-08-10 18:00:00,0.04877
Netherlands,NLD,2024-08-10 17:00:00,2024-08-10 19:00:00,0.10798
Netherlands,NLD,2024-08-10 18:00:00,2024-08-10 20:00:00,0.12849000000000002
Netherlands,NLD,2024-08-10 19:00:00,2024-08-10 21:00:00,0.13691
Netherlands,NLD,2024-08-10 20:00:00,2024-08-10 22:00:00,0.1199
Netherlands,NLD,2024-08-10 21:00:00,2024-08-10 23:00:00,0.10795
Netherlands,NLD,2024-08-10 22:00:00,2024-08-11 00:00:00,0.10941
Netherlands,NLD,2024-08-10 23:00:00,2024-08-11 01:00:00,0.10781
Netherlands,NLD,2024-08-11 00:00:00,2024-08-11 02:00:00,0.10529000000000001
Netherlands,NLD,2024-08-11 01:00:00,2024-08-11 03:00:00,0.10146
Netherlands,NLD,2024-08-11 02:00:00,2024-08-11 04:00:00,0.10549
Netherlands,NLD,2024-08-11 03:00:00,2024-08-11 05:00:00,0.11798
Netherlands,NLD,2024-08-11 04:00:00,2024-08-11 06:00:00,0.11434
Netherlands,NLD,2024-08-11 05:00:00,2024-08-11 07:00:00,0.084
Netherlands,NLD,2024-08-11 06:00:00,2024-08-11 08:00:00,0.02798
Netherlands,NLD,2024-08-11 07:00:00,2024-08-11 09:00:00,0.0
Netherlands,NLD,2024-08-11 08:00:00,2024-08-11 10:00:00,-0.00501
Netherlands,NLD,2024-08-11 09:00:00,2024-08-11 11:00:00,-0.01499
Netherlands,NLD,2024-08-11 10:00:00,2024-08-11 12:00:00,-0.03293
Netherlands,NLD,2024-08-11 11:00:00,2024-08-11 13:00:00,-0.059969999999999996
Netherlands,NLD,2024-08-11 12:00:00,2024-08-11 14:00:00,-0.0501
Netherlands,NLD,2024-08-11 13:00:00,2024-08-11 15:00:00,-0.0314
Netherlands,NLD,2024-08-11 14:00:00,2024-08-11 16:00:00,-0.00524
Netherlands,NLD,2024-08-11 15:00:00,2024-08-11 17:00:00,0.00066
Netherlands,NLD,2024-08-11 16:00:00,2024-08-11 18:00:00,0.09002
Netherlands,NLD,2024-08-11 17:00:00,2024-08-11 19:00:00,0.132
Netherlands,NLD,2024-08-11 18:00:00,2024-08-11 20:00:00,0.13893
Netherlands,NLD,2024-08-11 19:00:00,2024-08-11 21:00:00,0.12768000000000002
Netherlands,NLD,2024-08-11 20:00:00,2024-08-11 22:00:00,0.10998999999999999
Netherlands,NLD,2024-08-11 21:00:00,2024-08-11 23:00:00,0.09728
Netherlands,NLD,2024-08-11 22:00:00,2024-08-12 00:00:00,0.10438
Netherlands,NLD,2024-08-11 23:00:00,2024-08-12 01:00:00,0.09184
Netherlands,NLD,2024-08-12 00:00:00,2024-08-12 02:00:00,0.0853
Netherlands,NLD,2024-08-12 01:00:00,2024-08-12 03:00:00,0.0855
Netherlands,NLD,2024-08-12 02:00:00,2024-08-12 04:00:00,0.08631
Netherlands,NLD,2024-08-12 03:00:00,2024-08-12 05:00:00,0.08641
Netherlands,NLD,2024-08-12 04:00:00,2024-08-12 06:00:00,0.11264
Netherlands,NLD,2024-08-12 05:00:00,2024-08-12 07:00:00,0.11968000000000001
Netherlands,NLD,2024-08-12 06:00:00,2024-08-12 08:00:00,0.09939
Netherlands,NLD,2024-08-12 07:00:00,2024-08-12 09:00:00,0.0637
Netherlands,NLD,2024-08-12 08:00:00,2024-08-12 10:00:00,0.040119999999999996
Netherlands,NLD,2024-08-12 09:00:00,2024-08-12 11:00:00,0.01604
Netherlands,NLD,2024-08-12 10:00:00,2024-08-12 12:00:00,0.0009
Netherlands,NLD,2024-08-12 11:00:00,2024-08-12 13:00:00,-0.003
Netherlands,NLD,2024-08-12 12:00:00,2024-08-12 14:00:00,-0.010060000000000001
Netherlands,NLD,2024-08-12 13:00:00,2024-08-12 15:00:00,0.01
Netherlands,NLD,2024-08-12 14:00:00,2024-08-12 16:00:00,0.04804
Netherlands,NLD,2024-08-12 15:00:00,2024-08-12 17:00:00,0.08865
Netherlands,NLD,2024-08-12 16:00:00,2024-08-12 18:00:00,0.12123
Netherlands,NLD,2024-08-12 17:00:00,2024-08-12 19:00:00,0.19898
Netherlands,NLD,2024-08-12 18:00:00,2024-08-12 20:00:00,0.21999000000000002
Netherlands,NLD,2024-08-12 19:00:00,2024-08-12 21:00:00,0.12891999999999998
Netherlands,NLD,2024-08-12 20:00:00,2024-08-12 22:00:00,0.10654999999999999
Netherlands,NLD,2024-08-12 21:00:00,2024-08-12 23:00:00,0.09999
Netherlands,NLD,2024-08-12 22:00:00,2024-08-13 00:00:00,0.09938
Netherlands,NLD,2024-08-12 23:00:00,2024-08-13 01:00:00,0.08771999999999999
Netherlands,NLD,2024-08-13 00:00:00,2024-08-13 02:00:00,0.08559
Netherlands,NLD,2024-08-13 01:00:00,2024-08-13 03:00:00,0.0872
Netherlands,NLD,2024-08-13 02:00:00,2024-08-13 04:00:00,0.089
Netherlands,NLD,2024-08-13 03:00:00,2024-08-13 05:00:00,0.09936
Netherlands,NLD,2024-08-13 04:00:00,2024-08-13 06:00:00,0.12420999999999999
Netherlands,NLD,2024-08-13 05:00:00,2024-08-13 07:00:00,0.13232
Netherlands,NLD,2024-08-13 06:00:00,2024-08-13 08:00:00,0.11789
Netherlands,NLD,2024-08-13 07:00:00,2024-08-13 09:00:00,0.1001
Netherlands,NLD,2024-08-13 08:00:00,2024-08-13 10:00:00,0.07398
Netherlands,NLD,2024-08-13 09:00:00,2024-08-13 11:00:00,0.05603
Netherlands,NLD,2024-08-13 10:00:00,2024-08-13 12:00:00,0.04301
Netherlands,NLD,2024-08-13 11:00:00,2024-08-13 13:00:00,0.0405
Netherlands,NLD,2024-08-13 12:00:00,2024-08-13 14:00:00,0.048
Netherlands,NLD,2024-08-13 13:00:00,2024-08-13 15:00:00,0.06416
Netherlands,NLD,2024-08-13 14:00:00,2024-08-13 16:00:00,0.0851
Netherlands,NLD,2024-08-13 15:00:00,2024-08-13 17:00:00,0.10293000000000001
Netherlands,NLD,2024-08-13 16:00:00,2024-08-13 18:00:00,0.1183
Netherlands,NLD,2024-08-13 17:00:00,2024-08-13 19:00:00,0.18946000000000002
Netherlands,NLD,2024-08-13 18:00:00,2024-08-13 20:00:00,0.19284
Netherlands,NLD,2024-08-13 19:00:00,2024-08-13 21:00:00,0.12669
Netherlands,NLD,2024-08-13 20:00:00,2024-08-13 22:00:00,0.112
Netherlands,NLD,2024-08-13 21:00:00,2024-08-13 23:00:00,0.10492
Netherlands,NLD,2024-08-13 22:00:00,2024-08-14 00:00:00,0.08788
Netherlands,NLD,2024-08-13 23:00:00,2024-08-14 01:00:00,0.08990000000000001
Netherlands,NLD,2024-08-14 00:00:00,2024-08-14 02:00:00,0.0866
Netherlands,NLD,2024-08-14 01:00:00,2024-08-14 03:00:00,0.09029999999999999
Netherlands,NLD,2024-08-14 02:00:00,2024-08-14 04:00:00,0.09042
Netherlands,NLD,2024-08-14 03:00:00,2024-08-14 05:00:00,0.10311
Netherlands,NLD,2024-08-14 04:00:00,2024-08-14 06:00:00,0.12437999999999999
Netherlands,NLD,2024-08-14 05:00:00,2024-08-14 07:00:00,0.13243000000000002
Netherlands,NLD,2024-08-14 06:00:00,2024-08-14 08:00:00,0.12261
Netherlands,NLD,2024-08-14 07:00:00,2024-08-14 09:00:00,0.11329
Netherlands,NLD,2024-08-14 08:00:00,2024-08-14 10:00:00,0.1
Netherlands,NLD,2024-08-14 09:00:00,2024-08-14 11:00:00,0.0943
Netherlands,NLD,2024-08-14 10:00:00,2024-08-14 12:00:00,0.08304
Netherlands,NLD,2024-08-14 11:00:00,2024-08-14 13:00:00,0.077
Netherlands,NLD,2024-08-14 12:00:00,2024-08-14 14:00:00,0.07474
Netherlands,NLD,2024-08-14 13:00:00,2024-08-14 15:00:00,0.07931999999999999
Netherlands,NLD,2024-08-14 14:00:00,2024-08-14 16:00:00,0.09101999999999999
Netherlands,NLD,2024-08-14 15:00:00,2024-08-14 17:00:00,0.1008
Netherlands,NLD,2024-08-14 16:00:00,2024-08-14 18:00:00,0.11148000000000001
Netherlands,NLD,2024-08-14 17:00:00,2024-08-14 19:00:00,0.155
Netherlands,NLD,2024-08-14 18:00:00,2024-08-14 20:00:00,0.20538
Netherlands,NLD,2024-08-14 19:00:00,2024-08-14 21:00:00,0.14389
Netherlands,NLD,2024-08-14 20:00:00,2024-08-14 22:00:00,0.11865
Netherlands,NLD,2024-08-14 21:00:00,2024-08-14 23:00:00,0.108
Netherlands,NLD,2024-08-14 22:00:00,2024-08-15 00:00:00,0.1045
Netherlands,NLD,2024-08-14 23:00:00,2024-08-15 01:00:00,0.10271
Netherlands,NLD,2024-08-15 00:00:00,2024-08-15 02:00:00,0.09837
Netherlands,NLD,2024-08-15 01:00:00,2024-08-15 03:00:00,0.08937
Netherlands,NLD,2024-08-15 02:00:00,2024-08-15 04:00:00,0.09
Netherlands,NLD,2024-08-15 03:00:00,2024-08-15 05:00:00,0.10205
Netherlands,NLD,2024-08-15 04:00:00,2024-08-15 06:00:00,0.11216
Netherlands,NLD,2024-08-15 05:00:00,2024-08-15 07:00:00,0.11266
Netherlands,NLD,2024-08-15 06:00:00,2024-08-15 08:00:00,0.10484
Netherlands,NLD,2024-08-15 07:00:00,2024-08-15 09:00:00,0.08011
Netherlands,NLD,2024-08-15 08:00:00,2024-08-15 10:00:00,0.052590000000000005
Netherlands,NLD,2024-08-15 09:00:00,2024-08-15 11:00:00,0.01831
Netherlands,NLD,2024-08-15 10:00:00,2024-08-15 12:00:00,0.00991
Netherlands,NLD,2024-08-15 11:00:00,2024-08-15 13:00:00,-0.00014000000000000001
Netherlands,NLD,2024-08-15 12:00:00,2024-08-15 14:00:00,-0.0002
Netherlands,NLD,2024-08-15 13:00:00,2024-08-15 15:00:00,-0.003
Netherlands,NLD,2024-08-15 14:00:00,2024-08-15 16:00:00,-0.01005
Netherlands,NLD,2024-08-15 15:00:00,2024-08-15 17:00:00,0.0299
Netherlands,NLD,2024-08-15 16:00:00,2024-08-15 18:00:00,0.10059
Netherlands,NLD,2024-08-15 17:00:00,2024-08-15 19:00:00,0.10940000000000001
Netherlands,NLD,2024-08-15 18:00:00,2024-08-15 20:00:00,0.12695
Netherlands,NLD,2024-08-15 19:00:00,2024-08-15 21:00:00,0.12147
Netherlands,NLD,2024-08-15 20:00:00,2024-08-15 22:00:00,0.1114
Netherlands,NLD,2024-08-15 21:00:00,2024-08-15 23:00:00,0.09354000000000001
Netherlands,NLD,2024-08-15 22:00:00,2024-08-16 00:00:00,0.084
Netherlands,NLD,2024-08-15 23:00:00,2024-08-16 01:00:00,0.07311
Netherlands,NLD,2024-08-16 00:00:00,2024-08-16 02:00:00,0.08345
Netherlands,NLD,2024-08-16 01:00:00,2024-08-16 03:00:00,0.08209999999999999
Netherlands,NLD,2024-08-16 02:00:00,2024-08-16 04:00:00,0.08422
Netherlands,NLD,2024-08-16 03:00:00,2024-08-16 05:00:00,0.08903
Netherlands,NLD,2024-08-16 04:00:00,2024-08-16 06:00:00,0.12042
Netherlands,NLD,2024-08-16 05:00:00,2024-08-16 07:00:00,0.12653
Netherlands,NLD,2024-08-16 06:00:00,2024-08-16 08:00:00,0.12
Netherlands,NLD,2024-08-16 07:00:00,2024-08-16 09:00:00,0.11001000000000001
Netherlands,NLD,2024-08-16 08:00:00,2024-08-16 10:00:00,0.1
Netherlands,NLD,2024-08-16 09:00:00,2024-08-16 11:00:00,0.0896
Netherlands,NLD,2024-08-16 10:00:00,2024-08-16 12:00:00,0.07439
Netherlands,NLD,2024-08-16 11:00:00,2024-08-16 13:00:00,0.0535
Netherlands,NLD,2024-08-16 12:00:00,2024-08-16 14:00:00,0.04771
Netherlands,NLD,2024-08-16 13:00:00,2024-08-16 15:00:00,0.05425
Netherlands,NLD,2024-08-16 14:00:00,2024-08-16 16:00:00,0.07848999999999999
Netherlands,NLD,2024-08-16 15:00:00,2024-08-16 17:00:00,0.09697
Netherlands,NLD,2024-08-16 16:00:00,2024-08-16 18:00:00,0.12576
Netherlands,NLD,2024-08-16 17:00:00,2024-08-16 19:00:00,0.20873
Netherlands,NLD,2024-08-16 18:00:00,2024-08-16 20:00:00,0.21925
Netherlands,NLD,2024-08-16 19:00:00,2024-08-16 21:00:00,0.16079
Netherlands,NLD,2024-08-16 20:00:00,2024-08-16 22:00:00,0.13175
Netherlands,NLD,2024-08-16 21:00:00,2024-08-16 23:00:00,0.11618
Netherlands,NLD,2024-08-16 22:00:00,2024-08-17 00:00:00,0.1071
Netherlands,NLD,2024-08-16 23:00:00,2024-08-17 01:00:00,0.10574
Netherlands,NLD,2024-08-17 00:00:00,2024-08-17 02:00:00,0.10081
Netherlands,NLD,2024-08-17 01:00:00,2024-08-17 03:00:00,0.098
Netherlands,NLD,2024-08-17 02:00:00,2024-08-17 04:00:00,0.10302
Netherlands,NLD,2024-08-17 03:00:00,2024-08-17 05:00:00,0.10329
Netherlands,NLD,2024-08-17 04:00:00,2024-08-17 06:00:00,0.10083
Netherlands,NLD,2024-08-17 05:00:00,2024-08-17 07:00:00,0.09823
Netherlands,NLD,2024-08-17 06:00:00,2024-08-17 08:00:00,0.09975
Netherlands,NLD,2024-08-17 07:00:00,2024-08-17 09:00:00,0.08167
Netherlands,NLD,2024-08-17 08:00:00,2024-08-17 10:00:00,0.06899
Netherlands,NLD,2024-08-17 09:00:00,2024-08-17 11:00:00,0.048
Netherlands,NLD,2024-08-17 10:00:00,2024-08-17 12:00:00,0.033
Netherlands,NLD,2024-08-17 11:00:00,2024-08-17 13:00:00,0.027100000000000003
Netherlands,NLD,2024-08-17 12:00:00,2024-08-17 14:00:00,0.019280000000000002
Netherlands,NLD,2024-08-17 13:00:00,2024-08-17 15:00:00,0.03055
Netherlands,NLD,2024-08-17 14:00:00,2024-08-17 16:00:00,0.056060000000000006
Netherlands,NLD,2024-08-17 15:00:00,2024-08-17 17:00:00,0.08459
Netherlands,NLD,2024-08-17 16:00:00,2024-08-17 18:00:00,0.11258
Netherlands,NLD,2024-08-17 17:00:00,2024-08-17 19:00:00,0.13277
Netherlands,NLD,2024-08-17 18:00:00,2024-08-17 20:00:00,0.14182
Netherlands,NLD,2024-08-17 19:00:00,2024-08-17 21:00:00,0.12503
Netherlands,NLD,2024-08-17 20:00:00,2024-08-17 22:00:00,0.11611
Netherlands,NLD,2024-08-17 21:00:00,2024-08-17 23:00:00,0.10568999999999999
Netherlands,NLD,2024-08-17 22:00:00,2024-08-18 00:00:00,0.10744
Netherlands,NLD,2024-08-17 23:00:00,2024-08-18 01:00:00,0.10614
Netherlands,NLD,2024-08-18 00:00:00,2024-08-18 02:00:00,0.1
Netherlands,NLD,2024-08-18 01:00:00,2024-08-18 03:00:00,0.09861
Netherlands,NLD,2024-08-18 02:00:00,2024-08-18 04:00:00,0.09670000000000001
Netherlands,NLD,2024-08-18 03:00:00,2024-08-18 05:00:00,0.09609999999999999
Netherlands,NLD,2024-08-18 04:00:00,2024-08-18 06:00:00,0.0923
Netherlands,NLD,2024-08-18 05:00:00,2024-08-18 07:00:00,0.08693000000000001
Netherlands,NLD,2024-08-18 06:00:00,2024-08-18 08:00:00,0.08315
Netherlands,NLD,2024-08-18 07:00:00,2024-08-18 09:00:00,0.07535
Netherlands,NLD,2024-08-18 08:00:00,2024-08-18 10:00:00,0.06256
Netherlands,NLD,2024-08-18 09:00:00,2024-08-18 11:00:00,0.015300000000000001
Netherlands,NLD,2024-08-18 10:00:00,2024-08-18 12:00:00,0.00893
Netherlands,NLD,2024-08-18 11:00:00,2024-08-18 13:00:00,0.01
Netherlands,NLD,2024-08-18 12:00:00,2024-08-18 14:00:00,0.0
Netherlands,NLD,2024-08-18 13:00:00,2024-08-18 15:00:00,0.0
Netherlands,NLD,2024-08-18 14:00:00,2024-08-18 16:00:00,0.0173
Netherlands,NLD,2024-08-18 15:00:00,2024-08-18 17:00:00,0.06841
Netherlands,NLD,2024-08-18 16:00:00,2024-08-18 18:00:00,0.08395999999999999
Netherlands,NLD,2024-08-18 17:00:00,2024-08-18 19:00:00,0.10478
Netherlands,NLD,2024-08-18 18:00:00,2024-08-18 20:00:00,0.11173000000000001
Netherlands,NLD,2024-08-18 19:00:00,2024-08-18 21:00:00,0.10997
Netherlands,NLD,2024-08-18 20:00:00,2024-08-18 22:00:00,0.11145000000000001
Netherlands,NLD,2024-08-18 21:00:00,2024-08-18 23:00:00,0.09951
Netherlands,NLD,2024-08-18 22:00:00,2024-08-19 00:00:00,0.09739
Netherlands,NLD,2024-08-18 23:00:00,2024-08-19 01:00:00,0.0901
Netherlands,NLD,2024-08-19 00:00:00,2024-08-19 02:00:00,0.0887
Netherlands,NLD,2024-08-19 01:00:00,2024-08-19 03:00:00,0.08486
Netherlands,NLD,2024-08-19 02:00:00,2024-08-19 04:00:00,0.0845
Netherlands,NLD,2024-08-19 03:00:00,2024-08-19 05:00:00,0.08677
Netherlands,NLD,2024-08-19 04:00:00,2024-08-19 06:00:00,0.12285
Netherlands,NLD,2024-08-19 05:00:00,2024-08-19 07:00:00,0.14977000000000001
Netherlands,NLD,2024-08-19 06:00:00,2024-08-19 08:00:00,0.12865000000000001
Netherlands,NLD,2024-08-19 07:00:00,2024-08-19 09:00:00,0.11258
Netherlands,NLD,2024-08-19 08:00:00,2024-08-19 10:00:00,0.09608
Netherlands,NLD,2024-08-19 09:00:00,2024-08-19 11:00:00,0.08871
Netherlands,NLD,2024-08-19 10:00:00,2024-08-19 12:00:00,0.08322
Netherlands,NLD,2024-08-19 11:00:00,2024-08-19 13:00:00,0.07798999999999999
Netherlands,NLD,2024-08-19 12:00:00,2024-08-19 14:00:00,0.07895
Netherlands,NLD,2024-08-19 13:00:00,2024-08-19 15:00:00,0.0792
Netherlands,NLD,2024-08-19 14:00:00,2024-08-19 16:00:00,0.0803
Netherlands,NLD,2024-08-19 15:00:00,2024-08-19 17:00:00,0.09867000000000001
Netherlands,NLD,2024-08-19 16:00:00,2024-08-19 18:00:00,0.10704000000000001
Netherlands,NLD,2024-08-19 17:00:00,2024-08-19 19:00:00,0.16
Netherlands,NLD,2024-08-19 18:00:00,2024-08-19 20:00:00,0.20094
Netherlands,NLD,2024-08-19 19:00:00,2024-08-19 21:00:00,0.13898
Netherlands,NLD,2024-08-19 20:00:00,2024-08-19 22:00:00,0.10105
Netherlands,NLD,2024-08-19 21:00:00,2024-08-19 23:00:00,0.08633
Netherlands,NLD,2024-08-19 22:00:00,2024-08-20 00:00:00,0.09286
Netherlands,NLD,2024-08-19 23:00:00,2024-08-20 01:00:00,0.08836
Netherlands,NLD,2024-08-20 00:00:00,2024-08-20 02:00:00,0.08677
Netherlands,NLD,2024-08-20 01:00:00,2024-08-20 03:00:00,0.08623
Netherlands,NLD,2024-08-20 02:00:00,2024-08-20 04:00:00,0.08314
Netherlands,NLD,2024-08-20 03:00:00,2024-08-20 05:00:00,0.08679
Netherlands,NLD,2024-08-20 04:00:00,2024-08-20 06:00:00,0.11976
Netherlands,NLD,2024-08-20 05:00:00,2024-08-20 07:00:00,0.12071
Netherlands,NLD,2024-08-20 06:00:00,2024-08-20 08:00:00,0.10929000000000001
Netherlands,NLD,2024-08-20 07:00:00,2024-08-20 09:00:00,0.10224
Netherlands,NLD,2024-08-20 08:00:00,2024-08-20 10:00:00,0.060579999999999995
Netherlands,NLD,2024-08-20 09:00:00,2024-08-20 11:00:00,0.04690999999999999
Netherlands,NLD,2024-08-20 10:00:00,2024-08-20 12:00:00,0.032850000000000004
Netherlands,NLD,2024-08-20 11:00:00,2024-08-20 13:00:00,0.01607
Netherlands,NLD,2024-08-20 12:00:00,2024-08-20 14:00:00,0.00825
Netherlands,NLD,2024-08-20 13:00:00,2024-08-20 15:00:00,0.02721
Netherlands,NLD,2024-08-20 14:00:00,2024-08-20 16:00:00,0.04992
Netherlands,NLD,2024-08-20 15:00:00,2024-08-20 17:00:00,0.10026
Netherlands,NLD,2024-08-20 16:00:00,2024-08-20 18:00:00,0.11684
Netherlands,NLD,2024-08-20 17:00:00,2024-08-20 19:00:00,0.12365999999999999
Netherlands,NLD,2024-08-20 18:00:00,2024-08-20 20:00:00,0.14508000000000001
Netherlands,NLD,2024-08-20 19:00:00,2024-08-20 21:00:00,0.12
Netherlands,NLD,2024-08-20 20:00:00,2024-08-20 22:00:00,0.10342
Netherlands,NLD,2024-08-20 21:00:00,2024-08-20 23:00:00,0.09469
Netherlands,NLD,2024-08-20 22:00:00,2024-08-21 00:00:00,0.0849
Netherlands,NLD,2024-08-20 23:00:00,2024-08-21 01:00:00,0.07640000000000001
Netherlands,NLD,2024-08-21 00:00:00,2024-08-21 02:00:00,0.06214
Netherlands,NLD,2024-08-21 01:00:00,2024-08-21 03:00:00,0.05136
Netherlands,NLD,2024-08-21 02:00:00,2024-08-21 04:00:00,0.0499
Netherlands,NLD,2024-08-21 03:00:00,2024-08-21 05:00:00,0.054
Netherlands,NLD,2024-08-21 04:00:00,2024-08-21 06:00:00,0.08059000000000001
Netherlands,NLD,2024-08-21 05:00:00,2024-08-21 07:00:00,0.08715
Netherlands,NLD,2024-08-21 06:00:00,2024-08-21 08:00:00,0.0865
Netherlands,NLD,2024-08-21 07:00:00,2024-08-21 09:00:00,0.051
Netherlands,NLD,2024-08-21 08:00:00,2024-08-21 10:00:00,-0.00424
Netherlands,NLD,2024-08-21 09:00:00,2024-08-21 11:00:00,-0.0105
Netherlands,NLD,2024-08-21 10:00:00,2024-08-21 12:00:00,-0.019
Netherlands,NLD,2024-08-21 11:00:00,2024-08-21 13:00:00,-0.03173
Netherlands,NLD,2024-08-21 12:00:00,2024-08-21 14:00:00,-0.0291
Netherlands,NLD,2024-08-21 13:00:00,2024-08-21 15:00:00,-0.02104
Netherlands,NLD,2024-08-21 14:00:00,2024-08-21 16:00:00,-0.01656
Netherlands,NLD,2024-08-21 15:00:00,2024-08-21 17:00:00,-0.002
Netherlands,NLD,2024-08-21 16:00:00,2024-08-21 18:00:00,0.06720999999999999
Netherlands,NLD,2024-08-21 17:00:00,2024-08-21 19:00:00,0.1021
Netherlands,NLD,2024-08-21 18:00:00,2024-08-21 20:00:00,0.13666999999999999
Netherlands,NLD,2024-08-21 19:00:00,2024-08-21 21:00:00,0.12863
Netherlands,NLD,2024-08-21 20:00:00,2024-08-21 22:00:00,0.10237
Netherlands,NLD,2024-08-21 21:00:00,2024-08-21 23:00:00,0.08549
Netherlands,NLD,2024-08-21 22:00:00,2024-08-22 00:00:00,0.07787000000000001
Netherlands,NLD,2024-08-21 23:00:00,2024-08-22 01:00:00,0.07059
Netherlands,NLD,2024-08-22 00:00:00,2024-08-22 02:00:00,0.07607
Netherlands,NLD,2024-08-22 01:00:00,2024-08-22 03:00:00,0.058
Netherlands,NLD,2024-08-22 02:00:00,2024-08-22 04:00:00,0.0499
Netherlands,NLD,2024-08-22 03:00:00,2024-08-22 05:00:00,0.0624
Netherlands,NLD,2024-08-22 04:00:00,2024-08-22 06:00:00,0.089
Netherlands,NLD,2024-08-22 05:00:00,2024-08-22 07:00:00,0.06274
Netherlands,NLD,2024-08-22 06:00:00,2024-08-22 08:00:00,0.0466
Netherlands,NLD,2024-08-22 07:00:00,2024-08-22 09:00:00,0.016
Netherlands,NLD,2024-08-22 08:00:00,2024-08-22 10:00:00,-0.00696
Netherlands,NLD,2024-08-22 09:00:00,2024-08-22 11:00:00,-0.01943
Netherlands,NLD,2024-08-22 10:00:00,2024-08-22 12:00:00,-0.021
Netherlands,NLD,2024-08-22 11:00:00,2024-08-22 13:00:00,-0.02896
Netherlands,NLD,2024-08-22 12:00:00,2024-08-22 14:00:00,-0.02675
Netherlands,NLD,2024-08-22 13:00:00,2024-08-22 15:00:00,-0.015529999999999999
Netherlands,NLD,2024-08-22 14:00:00,2024-08-22 16:00:00,-0.01005
Netherlands,NLD,2024-08-22 15:00:00,2024-08-22 17:00:00,0.0
Netherlands,NLD,2024-08-22 16:00:00,2024-08-22 18:00:00,0.09
Netherlands,NLD,2024-08-22 17:00:00,2024-08-22 19:00:00,0.11265
Netherlands,NLD,2024-08-22 18:00:00,2024-08-22 20:00:00,0.1147
Netherlands,NLD,2024-08-22 19:00:00,2024-08-22 21:00:00,0.11118
Netherlands,NLD,2024-08-22 20:00:00,2024-08-22 22:00:00,0.09606999999999999
Netherlands,NLD,2024-08-22 21:00:00,2024-08-22 23:00:00,0.07915000000000001
Netherlands,NLD,2024-08-22 22:00:00,2024-08-23 00:00:00,0.05128
Netherlands,NLD,2024-08-22 23:00:00,2024-08-23 01:00:00,0.0407
Netherlands,NLD,2024-08-23 00:00:00,2024-08-23 02:00:00,0.03302
Netherlands,NLD,2024-08-23 01:00:00,2024-08-23 03:00:00,0.017
Netherlands,NLD,2024-08-23 02:00:00,2024-08-23 04:00:00,0.0094
Netherlands,NLD,2024-08-23 03:00:00,2024-08-23 05:00:00,0.006849999999999999
Netherlands,NLD,2024-08-23 04:00:00,2024-08-23 06:00:00,0.01508
Netherlands,NLD,2024-08-23 05:00:00,2024-08-23 07:00:00,0.02773
Netherlands,NLD,2024-08-23 06:00:00,2024-08-23 08:00:00,0.02999
Netherlands,NLD,2024-08-23 07:00:00,2024-08-23 09:00:00,0.00126
Netherlands,NLD,2024-08-23 08:00:00,2024-08-23 10:00:00,-0.00079
Netherlands,NLD,2024-08-23 09:00:00,2024-08-23 11:00:00,-0.0039700000000000004
Netherlands,NLD,2024-08-23 10:00:00,2024-08-23 12:00:00,-8e-05
Netherlands,NLD,2024-08-23 11:00:00,2024-08-23 13:00:00,-0.001
Netherlands,NLD,2024-08-23 12:00:00,2024-08-23 14:00:00,-0.01
Netherlands,NLD,2024-08-23 13:00:00,2024-08-23 15:00:00,-0.01008
Netherlands,NLD,2024-08-23 14:00:00,2024-08-23 16:00:00,-0.010060000000000001
Netherlands,NLD,2024-08-23 15:00:00,2024-08-23 17:00:00,-0.002
Netherlands,NLD,2024-08-23 16:00:00,2024-08-23 18:00:00,0.0502
Netherlands,NLD,2024-08-23 17:00:00,2024-08-23 19:00:00,0.09885
Netherlands,NLD,2024-08-23 18:00:00,2024-08-23 20:00:00,0.1187
Netherlands,NLD,2024-08-23 19:00:00,2024-08-23 21:00:00,0.12398999999999999
Netherlands,NLD,2024-08-23 20:00:00,2024-08-23 22:00:00,0.11986
Netherlands,NLD,2024-08-23 21:00:00,2024-08-23 23:00:00,0.10084
Netherlands,NLD,2024-08-23 22:00:00,2024-08-24 00:00:00,0.09440000000000001
Netherlands,NLD,2024-08-23 23:00:00,2024-08-24 01:00:00,0.102
Netherlands,NLD,2024-08-24 00:00:00,2024-08-24 02:00:00,0.09838
Netherlands,NLD,2024-08-24 01:00:00,2024-08-24 03:00:00,0.09789
Netherlands,NLD,2024-08-24 02:00:00,2024-08-24 04:00:00,0.09893
Netherlands,NLD,2024-08-24 03:00:00,2024-08-24 05:00:00,0.10281
Netherlands,NLD,2024-08-24 04:00:00,2024-08-24 06:00:00,0.0999
Netherlands,NLD,2024-08-24 05:00:00,2024-08-24 07:00:00,0.09906999999999999
Netherlands,NLD,2024-08-24 06:00:00,2024-08-24 08:00:00,0.07331
Netherlands,NLD,2024-08-24 07:00:00,2024-08-24 09:00:00,0.015
Netherlands,NLD,2024-08-24 08:00:00,2024-08-24 10:00:00,-2e-05
Netherlands,NLD,2024-08-24 09:00:00,2024-08-24 11:00:00,-0.00684
Netherlands,NLD,2024-08-24 10:00:00,2024-08-24 12:00:00,-0.01864
Netherlands,NLD,2024-08-24 11:00:00,2024-08-24 13:00:00,-0.040350000000000004
Netherlands,NLD,2024-08-24 12:00:00,2024-08-24 14:00:00,-0.04492
Netherlands,NLD,2024-08-24 13:00:00,2024-08-24 15:00:00,-0.02907
Netherlands,NLD,2024-08-24 14:00:00,2024-08-24 16:00:00,-0.01005
Netherlands,NLD,2024-08-24 15:00:00,2024-08-24 17:00:00,-0.00366
Netherlands,NLD,2024-08-24 16:00:00,2024-08-24 18:00:00,0.06756000000000001
Netherlands,NLD,2024-08-24 17:00:00,2024-08-24 19:00:00,0.0901
Netherlands,NLD,2024-08-24 18:00:00,2024-08-24 20:00:00,0.08019
Netherlands,NLD,2024-08-24 19:00:00,2024-08-24 21:00:00,0.0713
Netherlands,NLD,2024-08-24 20:00:00,2024-08-24 22:00:00,0.06414
Netherlands,NLD,2024-08-24 21:00:00,2024-08-24 23:00:00,0.04939
Netherlands,NLD,2024-08-24 22:00:00,2024-08-25 00:00:00,0.00039
Netherlands,NLD,2024-08-24 23:00:00,2024-08-25 01:00:00,0.00092
Netherlands,NLD,2024-08-25 00:00:00,2024-08-25 02:00:00,0.0
Netherlands,NLD,2024-08-25 01:00:00,2024-08-25 03:00:00,-0.00075
Netherlands,NLD,2024-08-25 02:00:00,2024-08-25 04:00:00,-0.00057
Netherlands,NLD,2024-08-25 03:00:00,2024-08-25 05:00:00,0.0
Netherlands,NLD,2024-08-25 04:00:00,2024-08-25 06:00:00,5e-05
Netherlands,NLD,2024-08-25 05:00:00,2024-08-25 07:00:00,-1e-05
Netherlands,NLD,2024-08-25 06:00:00,2024-08-25 08:00:00,0.0
Netherlands,NLD,2024-08-25 07:00:00,2024-08-25 09:00:00,-0.00139
Netherlands,NLD,2024-08-25 08:00:00,2024-08-25 10:00:00,-0.00607
Netherlands,NLD,2024-08-25 09:00:00,2024-08-25 11:00:00,-0.0101
Netherlands,NLD,2024-08-25 10:00:00,2024-08-25 12:00:00,-0.0155
Netherlands,NLD,2024-08-25 11:00:00,2024-08-25 13:00:00,-0.019370000000000002
Netherlands,NLD,2024-08-25 12:00:00,2024-08-25 14:00:00,-0.02047
Netherlands,NLD,2024-08-25 13:00:00,2024-08-25 15:00:00,-0.01007
Netherlands,NLD,2024-08-25 14:00:00,2024-08-25 16:00:00,-0.00535
Netherlands,NLD,2024-08-25 15:00:00,2024-08-25 17:00:00,-0.0025
Netherlands,NLD,2024-08-25 16:00:00,2024-08-25 18:00:00,0.0592
Netherlands,NLD,2024-08-25 17:00:00,2024-08-25 19:00:00,0.1066
Netherlands,NLD,2024-08-25 18:00:00,2024-08-25 20:00:00,0.12223
Netherlands,NLD,2024-08-25 19:00:00,2024-08-25 21:00:00,0.10792
Netherlands,NLD,2024-08-25 20:00:00,2024-08-25 22:00:00,0.10105
Netherlands,NLD,2024-08-25 21:00:00,2024-08-25 23:00:00,0.09248999999999999
Netherlands,NLD,2024-08-25 22:00:00,2024-08-26 00:00:00,0.09211
Netherlands,NLD,2024-08-25 23:00:00,2024-08-26 01:00:00,0.08156000000000001
Netherlands,NLD,2024-08-26 00:00:00,2024-08-26 02:00:00,0.07987000000000001
Netherlands,NLD,2024-08-26 01:00:00,2024-08-26 03:00:00,0.07597
Netherlands,NLD,2024-08-26 02:00:00,2024-08-26 04:00:00,0.07901999999999999
Netherlands,NLD,2024-08-26 03:00:00,2024-08-26 05:00:00,0.08259999999999999
Netherlands,NLD,2024-08-26 04:00:00,2024-08-26 06:00:00,0.11209000000000001
Netherlands,NLD,2024-08-26 05:00:00,2024-08-26 07:00:00,0.10904000000000001
Netherlands,NLD,2024-08-26 06:00:00,2024-08-26 08:00:00,0.09
Netherlands,NLD,2024-08-26 07:00:00,2024-08-26 09:00:00,0.0725
Netherlands,NLD,2024-08-26 08:00:00,2024-08-26 10:00:00,0.032
Netherlands,NLD,2024-08-26 09:00:00,2024-08-26 11:00:00,0.013380000000000001
Netherlands,NLD,2024-08-26 10:00:00,2024-08-26 12:00:00,0.005
Netherlands,NLD,2024-08-26 11:00:00,2024-08-26 13:00:00,0.005
Netherlands,NLD,2024-08-26 12:00:00,2024-08-26 14:00:00,0.01634
Netherlands,NLD,2024-08-26 13:00:00,2024-08-26 15:00:00,0.024390000000000002
Netherlands,NLD,2024-08-26 14:00:00,2024-08-26 16:00:00,0.03824
Netherlands,NLD,2024-08-26 15:00:00,2024-08-26 17:00:00,0.09885
Netherlands,NLD,2024-08-26 16:00:00,2024-08-26 18:00:00,0.11409
Netherlands,NLD,2024-08-26 17:00:00,2024-08-26 19:00:00,0.186
Netherlands,NLD,2024-08-26 18:00:00,2024-08-26 20:00:00,0.22428
Netherlands,NLD,2024-08-26 19:00:00,2024-08-26 21:00:00,0.14235
Netherlands,NLD,2024-08-26 20:00:00,2024-08-26 22:00:00,0.111
Netherlands,NLD,2024-08-26 21:00:00,2024-08-26 23:00:00,0.1066
Netherlands,NLD,2024-08-26 22:00:00,2024-08-27 00:00:00,0.09858
Netherlands,NLD,2024-08-26 23:00:00,2024-08-27 01:00:00,0.08968999999999999
Netherlands,NLD,2024-08-27 00:00:00,2024-08-27 02:00:00,0.0853
Netherlands,NLD,2024-08-27 01:00:00,2024-08-27 03:00:00,0.0853
Netherlands,NLD,2024-08-27 02:00:00,2024-08-27 04:00:00,0.086
Netherlands,NLD,2024-08-27 03:00:00,2024-08-27 05:00:00,0.09620000000000001
Netherlands,NLD,2024-08-27 04:00:00,2024-08-27 06:00:00,0.12036
Netherlands,NLD,2024-08-27 05:00:00,2024-08-27 07:00:00,0.13326
Netherlands,NLD,2024-08-27 06:00:00,2024-08-27 08:00:00,0.11031
Netherlands,NLD,2024-08-27 07:00:00,2024-08-27 09:00:00,0.08398
Netherlands,NLD,2024-08-27 08:00:00,2024-08-27 10:00:00,0.07232
Netherlands,NLD,2024-08-27 09:00:00,2024-08-27 11:00:00,0.02837
Netherlands,NLD,2024-08-27 10:00:00,2024-08-27 12:00:00,0.00401
Netherlands,NLD,2024-08-27 11:00:00,2024-08-27 13:00:00,0.00019
Netherlands,NLD,2024-08-27 12:00:00,2024-08-27 14:00:00,0.00113
Netherlands,NLD,2024-08-27 13:00:00,2024-08-27 15:00:00,0.02312
Netherlands,NLD,2024-08-27 14:00:00,2024-08-27 16:00:00,0.045399999999999996
Netherlands,NLD,2024-08-27 15:00:00,2024-08-27 17:00:00,0.08893000000000001
Netherlands,NLD,2024-08-27 16:00:00,2024-08-27 18:00:00,0.11606
Netherlands,NLD,2024-08-27 17:00:00,2024-08-27 19:00:00,0.225
Netherlands,NLD,2024-08-27 18:00:00,2024-08-27 20:00:00,0.21177
Netherlands,NLD,2024-08-27 19:00:00,2024-08-27 21:00:00,0.12095
Netherlands,NLD,2024-08-27 20:00:00,2024-08-27 22:00:00,0.10543000000000001
Netherlands,NLD,2024-08-27 21:00:00,2024-08-27 23:00:00,0.09267
Netherlands,NLD,2024-08-27 22:00:00,2024-08-28 00:00:00,0.09075
Netherlands,NLD,2024-08-27 23:00:00,2024-08-28 01:00:00,0.0915
Netherlands,NLD,2024-08-28 00:00:00,2024-08-28 02:00:00,0.0877
Netherlands,NLD,2024-08-28 01:00:00,2024-08-28 03:00:00,0.08898
Netherlands,NLD,2024-08-28 02:00:00,2024-08-28 04:00:00,0.09122
Netherlands,NLD,2024-08-28 03:00:00,2024-08-28 05:00:00,0.09173
Netherlands,NLD,2024-08-28 04:00:00,2024-08-28 06:00:00,0.11395999999999999
Netherlands,NLD,2024-08-28 05:00:00,2024-08-28 07:00:00,0.12840000000000001
Netherlands,NLD,2024-08-28 06:00:00,2024-08-28 08:00:00,0.121
Netherlands,NLD,2024-08-28 07:00:00,2024-08-28 09:00:00,0.10540000000000001
Netherlands,NLD,2024-08-28 08:00:00,2024-08-28 10:00:00,0.08765
Netherlands,NLD,2024-08-28 09:00:00,2024-08-28 11:00:00,0.06897
Netherlands,NLD,2024-08-28 10:00:00,2024-08-28 12:00:00,0.03495
Netherlands,NLD,2024-08-28 11:00:00,2024-08-28 13:00:00,0.010039999999999999
Netherlands,NLD,2024-08-28 12:00:00,2024-08-28 14:00:00,0.00487
Netherlands,NLD,2024-08-28 13:00:00,2024-08-28 15:00:00,0.054880000000000005
Netherlands,NLD,2024-08-28 14:00:00,2024-08-28 16:00:00,0.07856999999999999
Netherlands,NLD,2024-08-28 15:00:00,2024-08-28 17:00:00,0.09176999999999999
Netherlands,NLD,2024-08-28 16:00:00,2024-08-28 18:00:00,0.11061
Netherlands,NLD,2024-08-28 17:00:00,2024-08-28 19:00:00,0.19629
Netherlands,NLD,2024-08-28 18:00:00,2024-08-28 20:00:00,0.19888999999999998
Netherlands,NLD,2024-08-28 19:00:00,2024-08-28 21:00:00,0.12529
Netherlands,NLD,2024-08-28 20:00:00,2024-08-28 22:00:00,0.112
Netherlands,NLD,2024-08-28 21:00:00,2024-08-28 23:00:00,0.10001
Netherlands,NLD,2024-08-28 22:00:00,2024-08-29 00:00:00,0.09391
Netherlands,NLD,2024-08-28 23:00:00,2024-08-29 01:00:00,0.0943
Netherlands,NLD,2024-08-29 00:00:00,2024-08-29 02:00:00,0.08990000000000001
Netherlands,NLD,2024-08-29 01:00:00,2024-08-29 03:00:00,0.0889
Netherlands,NLD,2024-08-29 02:00:00,2024-08-29 04:00:00,0.08954999999999999
Netherlands,NLD,2024-08-29 03:00:00,2024-08-29 05:00:00,0.10045
Netherlands,NLD,2024-08-29 04:00:00,2024-08-29 06:00:00,0.11391
Netherlands,NLD,2024-08-29 05:00:00,2024-08-29 07:00:00,0.13326
Netherlands,NLD,2024-08-29 06:00:00,2024-08-29 08:00:00,0.12624
Netherlands,NLD,2024-08-29 07:00:00,2024-08-29 09:00:00,0.10870999999999999
Netherlands,NLD,2024-08-29 08:00:00,2024-08-29 10:00:00,0.09222
Netherlands,NLD,2024-08-29 09:00:00,2024-08-29 11:00:00,0.08444
Netherlands,NLD,2024-08-29 10:00:00,2024-08-29 12:00:00,0.06569
Netherlands,NLD,2024-08-29 11:00:00,2024-08-29 13:00:00,0.044899999999999995
Netherlands,NLD,2024-08-29 12:00:00,2024-08-29 14:00:00,0.05149
Netherlands,NLD,2024-08-29 13:00:00,2024-08-29 15:00:00,0.07945999999999999
Netherlands,NLD,2024-08-29 14:00:00,2024-08-29 16:00:00,0.08965000000000001
Netherlands,NLD,2024-08-29 15:00:00,2024-08-29 17:00:00,0.10439
Netherlands,NLD,2024-08-29 16:00:00,2024-08-29 18:00:00,0.11469
Netherlands,NLD,2024-08-29 17:00:00,2024-08-29 19:00:00,0.21984
Netherlands,NLD,2024-08-29 18:00:00,2024-08-29 20:00:00,0.27849
Netherlands,NLD,2024-08-29 19:00:00,2024-08-29 21:00:00,0.166
Netherlands,NLD,2024-08-29 20:00:00,2024-08-29 22:00:00,0.12493000000000001
Netherlands,NLD,2024-08-29 21:00:00,2024-08-29 23:00:00,0.10978
Netherlands,NLD,2024-08-29 22:00:00,2024-08-30 00:00:00,0.1088
Netherlands,NLD,2024-08-29 23:00:00,2024-08-30 01:00:00,0.09915
Netherlands,NLD,2024-08-30 00:00:00,2024-08-30 02:00:00,0.09326000000000001
Netherlands,NLD,2024-08-30 01:00:00,2024-08-30 03:00:00,0.09140999999999999
Netherlands,NLD,2024-08-30 02:00:00,2024-08-30 04:00:00,0.09423000000000001
Netherlands,NLD,2024-08-30 03:00:00,2024-08-30 05:00:00,0.10416
Netherlands,NLD,2024-08-30 04:00:00,2024-08-30 06:00:00,0.13211
Netherlands,NLD,2024-08-30 05:00:00,2024-08-30 07:00:00,0.14667
Netherlands,NLD,2024-08-30 06:00:00,2024-08-30 08:00:00,0.13259
Netherlands,NLD,2024-08-30 07:00:00,2024-08-30 09:00:00,0.11370000000000001
Netherlands,NLD,2024-08-30 08:00:00,2024-08-30 10:00:00,0.09825
Netherlands,NLD,2024-08-30 09:00:00,2024-08-30 11:00:00,0.08995
Netherlands,NLD,2024-08-30 10:00:00,2024-08-30 12:00:00,0.08619
Netherlands,NLD,2024-08-30 11:00:00,2024-08-30 13:00:00,0.08023000000000001
Netherlands,NLD,2024-08-30 12:00:00,2024-08-30 14:00:00,0.07897
Netherlands,NLD,2024-08-30 13:00:00,2024-08-30 15:00:00,0.08187
Netherlands,NLD,2024-08-30 14:00:00,2024-08-30 16:00:00,0.08546
Netherlands,NLD,2024-08-30 15:00:00,2024-08-30 17:00:00,0.09916
Netherlands,NLD,2024-08-30 16:00:00,2024-08-30 18:00:00,0.1222
Netherlands,NLD,2024-08-30 17:00:00,2024-08-30 19:00:00,0.14269
Netherlands,NLD,2024-08-30 18:00:00,2024-08-30 20:00:00,0.13729
Netherlands,NLD,2024-08-30 19:00:00,2024-08-30 21:00:00,0.11270999999999999
Netherlands,NLD,2024-08-30 20:00:00,2024-08-30 22:00:00,0.09683
Netherlands,NLD,2024-08-30 21:00:00,2024-08-30 23:00:00,0.09536
Netherlands,NLD,2024-08-30 22:00:00,2024-08-31 00:00:00,0.10658
Netherlands,NLD,2024-08-30 23:00:00,2024-08-31 01:00:00,0.09818
Netherlands,NLD,2024-08-31 00:00:00,2024-08-31 02:00:00,0.0969
Netherlands,NLD,2024-08-31 01:00:00,2024-08-31 03:00:00,0.09559000000000001
Netherlands,NLD,2024-08-31 02:00:00,2024-08-31 04:00:00,0.09140000000000001
Netherlands,NLD,2024-08-31 03:00:00,2024-08-31 05:00:00,0.09409999999999999
Netherlands,NLD,2024-08-31 04:00:00,2024-08-31 06:00:00,0.09659999999999999
Netherlands,NLD,2024-08-31 05:00:00,2024-08-31 07:00:00,0.1018
Netherlands,NLD,2024-08-31 06:00:00,2024-08-31 08:00:00,0.1006
Netherlands,NLD,2024-08-31 07:00:00,2024-08-31 09:00:00,0.08492
Netherlands,NLD,2024-08-31 08:00:00,2024-08-31 10:00:00,0.06013
Netherlands,NLD,2024-08-31 09:00:00,2024-08-31 11:00:00,0.01834
Netherlands,NLD,2024-08-31 10:00:00,2024-08-31 12:00:00,-0.00554
Netherlands,NLD,2024-08-31 11:00:00,2024-08-31 13:00:00,-0.00898
Netherlands,NLD,2024-08-31 12:00:00,2024-08-31 14:00:00,-0.01157
Netherlands,NLD,2024-08-31 13:00:00,2024-08-31 15:00:00,-0.02
Netherlands,NLD,2024-08-31 14:00:00,2024-08-31 16:00:00,0.0128
Netherlands,NLD,2024-08-31 15:00:00,2024-08-31 17:00:00,0.075
Netherlands,NLD,2024-08-31 16:00:00,2024-08-31 18:00:00,0.11241
Netherlands,NLD,2024-08-31 17:00:00,2024-08-31 19:00:00,0.13653
Netherlands,NLD,2024-08-31 18:00:00,2024-08-31 20:00:00,0.12475
Netherlands,NLD,2024-08-31 19:00:00,2024-08-31 21:00:00,0.10676000000000001
Netherlands,NLD,2024-08-31 20:00:00,2024-08-31 22:00:00,0.09931
Netherlands,NLD,2024-08-31 21:00:00,2024-08-31 23:00:00,0.08888
Netherlands,NLD,2024-08-31 22:00:00,2024-09-01 00:00:00,0.09389
Netherlands,NLD,2024-08-31 23:00:00,2024-09-01 01:00:00,0.08599
Netherlands,NLD,2024-09-01 00:00:00,2024-09-01 02:00:00,0.08037000000000001
Netherlands,NLD,2024-09-01 01:00:00,2024-09-01 03:00:00,0.07956999999999999
Netherlands,NLD,2024-09-01 02:00:00,2024-09-01 04:00:00,0.07987000000000001
Netherlands,NLD,2024-09-01 03:00:00,2024-09-01 05:00:00,0.07657
Netherlands,NLD,2024-09-01 04:00:00,2024-09-01 06:00:00,0.07379999999999999
Netherlands,NLD,2024-09-01 05:00:00,2024-09-01 07:00:00,0.07209
Netherlands,NLD,2024-09-01 06:00:00,2024-09-01 08:00:00,0.06063
Netherlands,NLD,2024-09-01 07:00:00,2024-09-01 09:00:00,0.04127
Netherlands,NLD,2024-09-01 08:00:00,2024-09-01 10:00:00,0.01273
Netherlands,NLD,2024-09-01 09:00:00,2024-09-01 11:00:00,-0.00483
Netherlands,NLD,2024-09-01 10:00:00,2024-09-01 12:00:00,-0.019940000000000003
Netherlands,NLD,2024-09-01 11:00:00,2024-09-01 13:00:00,-0.040920000000000005
Netherlands,NLD,2024-09-01 12:00:00,2024-09-01 14:00:00,-0.03337
Netherlands,NLD,2024-09-01 13:00:00,2024-09-01 15:00:00,-0.01332
Netherlands,NLD,2024-09-01 14:00:00,2024-09-01 16:00:00,0.023989999999999997
Netherlands,NLD,2024-09-01 15:00:00,2024-09-01 17:00:00,0.07719
Netherlands,NLD,2024-09-01 16:00:00,2024-09-01 18:00:00,0.11053
Netherlands,NLD,2024-09-01 17:00:00,2024-09-01 19:00:00,0.13127
Netherlands,NLD,2024-09-01 18:00:00,2024-09-01 20:00:00,0.12379000000000001
Netherlands,NLD,2024-09-01 19:00:00,2024-09-01 21:00:00,0.10771
Netherlands,NLD,2024-09-01 20:00:00,2024-09-01 22:00:00,0.10201
Netherlands,NLD,2024-09-01 21:00:00,2024-09-01 23:00:00,0.09151000000000001
Netherlands,NLD,2024-09-01 22:00:00,2024-09-02 00:00:00,0.09124
Netherlands,NLD,2024-09-01 23:00:00,2024-09-02 01:00:00,0.09477
Netherlands,NLD,2024-09-02 00:00:00,2024-09-02 02:00:00,0.09239
Netherlands,NLD,2024-09-02 01:00:00,2024-09-02 03:00:00,0.09251000000000001
Netherlands,NLD,2024-09-02 02:00:00,2024-09-02 04:00:00,0.09222
Netherlands,NLD,2024-09-02 03:00:00,2024-09-02 05:00:00,0.10089000000000001
Netherlands,NLD,2024-09-02 04:00:00,2024-09-02 06:00:00,0.11320000000000001
Netherlands,NLD,2024-09-02 05:00:00,2024-09-02 07:00:00,0.13485
Netherlands,NLD,2024-09-02 06:00:00,2024-09-02 08:00:00,0.13194
Netherlands,NLD,2024-09-02 07:00:00,2024-09-02 09:00:00,0.12264
Netherlands,NLD,2024-09-02 08:00:00,2024-09-02 10:00:00,0.10283
Netherlands,NLD,2024-09-02 09:00:00,2024-09-02 11:00:00,0.09082
Netherlands,NLD,2024-09-02 10:00:00,2024-09-02 12:00:00,0.08502
Netherlands,NLD,2024-09-02 11:00:00,2024-09-02 13:00:00,0.08102
Netherlands,NLD,2024-09-02 12:00:00,2024-09-02 14:00:00,0.08345999999999999
Netherlands,NLD,2024-09-02 13:00:00,2024-09-02 15:00:00,0.08817
Netherlands,NLD,2024-09-02 14:00:00,2024-09-02 16:00:00,0.09416
Netherlands,NLD,2024-09-02 15:00:00,2024-09-02 17:00:00,0.11288
Netherlands,NLD,2024-09-02 16:00:00,2024-09-02 18:00:00,0.14318999999999998
Netherlands,NLD,2024-09-02 17:00:00,2024-09-02 19:00:00,0.25553
Netherlands,NLD,2024-09-02 18:00:00,2024-09-02 20:00:00,0.21049
Netherlands,NLD,2024-09-02 19:00:00,2024-09-02 21:00:00,0.13333
Netherlands,NLD,2024-09-02 20:00:00,2024-09-02 22:00:00,0.11470999999999999
Netherlands,NLD,2024-09-02 21:00:00,2024-09-02 23:00:00,0.104
Netherlands,NLD,2024-09-02 22:00:00,2024-09-03 00:00:00,0.09958
Netherlands,NLD,2024-09-02 23:00:00,2024-09-03 01:00:00,0.093
Netherlands,NLD,2024-09-03 00:00:00,2024-09-03 02:00:00,0.0915
Netherlands,NLD,2024-09-03 01:00:00,2024-09-03 03:00:00,0.09297
Netherlands,NLD,2024-09-03 02:00:00,2024-09-03 04:00:00,0.096
Netherlands,NLD,2024-09-03 03:00:00,2024-09-03 05:00:00,0.10246
Netherlands,NLD,2024-09-03 04:00:00,2024-09-03 06:00:00,0.12390000000000001
Netherlands,NLD,2024-09-03 05:00:00,2024-09-03 07:00:00,0.14843
Netherlands,NLD,2024-09-03 06:00:00,2024-09-03 08:00:00,0.13394999999999999
Netherlands,NLD,2024-09-03 07:00:00,2024-09-03 09:00:00,0.11598
Netherlands,NLD,2024-09-03 08:00:00,2024-09-03 10:00:00,0.09888
Netherlands,NLD,2024-09-03 09:00:00,2024-09-03 11:00:00,0.09002
Netherlands,NLD,2024-09-03 10:00:00,2024-09-03 12:00:00,0.0848
Netherlands,NLD,2024-09-03 11:00:00,2024-09-03 13:00:00,0.08269
Netherlands,NLD,2024-09-03 12:00:00,2024-09-03 14:00:00,0.08412
Netherlands,NLD,2024-09-03 13:00:00,2024-09-03 15:00:00,0.08667
Netherlands,NLD,2024-09-03 14:00:00,2024-09-03 16:00:00,0.09148999999999999
Netherlands,NLD,2024-09-03 15:00:00,2024-09-03 17:00:00,0.1146
Netherlands,NLD,2024-09-03 16:00:00,2024-09-03 18:00:00,0.1799
Netherlands,NLD,2024-09-03 17:00:00,2024-09-03 19:00:00,0.33459
Netherlands,NLD,2024-09-03 18:00:00,2024-09-03 20:00:00,0.34
Netherlands,NLD,2024-09-03 19:00:00,2024-09-03 21:00:00,0.2068
Netherlands,NLD,2024-09-03 20:00:00,2024-09-03 22:00:00,0.13247
Netherlands,NLD,2024-09-03 21:00:00,2024-09-03 23:00:00,0.11732
Netherlands,NLD,2024-09-03 22:00:00,2024-09-04 00:00:00,0.1082
Netherlands,NLD,2024-09-03 23:00:00,2024-09-04 01:00:00,0.10039000000000001
Netherlands,NLD,2024-09-04 00:00:00,2024-09-04 02:00:00,0.09809999999999999
Netherlands,NLD,2024-09-04 01:00:00,2024-09-04 03:00:00,0.09813
Netherlands,NLD,2024-09-04 02:00:00,2024-09-04 04:00:00,0.09659999999999999
Netherlands,NLD,2024-09-04 03:00:00,2024-09-04 05:00:00,0.10665999999999999
Netherlands,NLD,2024-09-04 04:00:00,2024-09-04 06:00:00,0.1394
Netherlands,NLD,2024-09-04 05:00:00,2024-09-04 07:00:00,0.17433
Netherlands,NLD,2024-09-04 06:00:00,2024-09-04 08:00:00,0.15258000000000002
Netherlands,NLD,2024-09-04 07:00:00,2024-09-04 09:00:00,0.12484
Netherlands,NLD,2024-09-04 08:00:00,2024-09-04 10:00:00,0.10721
Netherlands,NLD,2024-09-04 09:00:00,2024-09-04 11:00:00,0.09577
Netherlands,NLD,2024-09-04 10:00:00,2024-09-04 12:00:00,0.09189
Netherlands,NLD,2024-09-04 11:00:00,2024-09-04 13:00:00,0.09037
Netherlands,NLD,2024-09-04 12:00:00,2024-09-04 14:00:00,0.08925
Netherlands,NLD,2024-09-04 13:00:00,2024-09-04 15:00:00,0.09264
Netherlands,NLD,2024-09-04 14:00:00,2024-09-04 16:00:00,0.10045
Netherlands,NLD,2024-09-04 15:00:00,2024-09-04 17:00:00,0.12162
Netherlands,NLD,2024-09-04 16:00:00,2024-09-04 18:00:00,0.15343
Netherlands,NLD,2024-09-04 17:00:00,2024-09-04 19:00:00,0.303
Netherlands,NLD,2024-09-04 18:00:00,2024-09-04 20:00:00,0.18195
Netherlands,NLD,2024-09-04 19:00:00,2024-09-04 21:00:00,0.12988
Netherlands,NLD,2024-09-04 20:00:00,2024-09-04 22:00:00,0.10897
Netherlands,NLD,2024-09-04 21:00:00,2024-09-04 23:00:00,0.09989
Netherlands,NLD,2024-09-04 22:00:00,2024-09-05 00:00:00,0.10127
Netherlands,NLD,2024-09-04 23:00:00,2024-09-05 01:00:00,0.09459999999999999
Netherlands,NLD,2024-09-05 00:00:00,2024-09-05 02:00:00,0.09
Netherlands,NLD,2024-09-05 01:00:00,2024-09-05 03:00:00,0.08710999999999999
Netherlands,NLD,2024-09-05 02:00:00,2024-09-05 04:00:00,0.08056999999999999
Netherlands,NLD,2024-09-05 03:00:00,2024-09-05 05:00:00,0.0843
Netherlands,NLD,2024-09-05 04:00:00,2024-09-05 06:00:00,0.10676000000000001
Netherlands,NLD,2024-09-05 05:00:00,2024-09-05 07:00:00,0.11359999999999999
Netherlands,NLD,2024-09-05 06:00:00,2024-09-05 08:00:00,0.11904
Netherlands,NLD,2024-09-05 07:00:00,2024-09-05 09:00:00,0.09768
Netherlands,NLD,2024-09-05 08:00:00,2024-09-05 10:00:00,0.097
Netherlands,NLD,2024-09-05 09:00:00,2024-09-05 11:00:00,0.0551
Netherlands,NLD,2024-09-05 10:00:00,2024-09-05 12:00:00,0.00369
Netherlands,NLD,2024-09-05 11:00:00,2024-09-05 13:00:00,-0.01339
Netherlands,NLD,2024-09-05 12:00:00,2024-09-05 14:00:00,-0.021
Netherlands,NLD,2024-09-05 13:00:00,2024-09-05 15:00:00,-0.0101
Netherlands,NLD,2024-09-05 14:00:00,2024-09-05 16:00:00,-0.01
Netherlands,NLD,2024-09-05 15:00:00,2024-09-05 17:00:00,0.06670000000000001
Netherlands,NLD,2024-09-05 16:00:00,2024-09-05 18:00:00,0.08413
Netherlands,NLD,2024-09-05 17:00:00,2024-09-05 19:00:00,0.10751999999999999
Netherlands,NLD,2024-09-05 18:00:00,2024-09-05 20:00:00,0.12
Netherlands,NLD,2024-09-05 19:00:00,2024-09-05 21:00:00,0.10965000000000001
Netherlands,NLD,2024-09-05 20:00:00,2024-09-05 22:00:00,0.0877
Netherlands,NLD,2024-09-05 21:00:00,2024-09-05 23:00:00,0.08792
Netherlands,NLD,2024-09-05 22:00:00,2024-09-06 00:00:00,0.0687
Netherlands,NLD,2024-09-05 23:00:00,2024-09-06 01:00:00,0.06025
Netherlands,NLD,2024-09-06 00:00:00,2024-09-06 02:00:00,0.05006
Netherlands,NLD,2024-09-06 01:00:00,2024-09-06 03:00:00,0.04883
Netherlands,NLD,2024-09-06 02:00:00,2024-09-06 04:00:00,0.058
Netherlands,NLD,2024-09-06 03:00:00,2024-09-06 05:00:00,0.07
Netherlands,NLD,2024-09-06 04:00:00,2024-09-06 06:00:00,0.09329000000000001
Netherlands,NLD,2024-09-06 05:00:00,2024-09-06 07:00:00,0.11825
Netherlands,NLD,2024-09-06 06:00:00,2024-09-06 08:00:00,0.12007
Netherlands,NLD,2024-09-06 07:00:00,2024-09-06 09:00:00,0.09976
Netherlands,NLD,2024-09-06 08:00:00,2024-09-06 10:00:00,0.07775
Netherlands,NLD,2024-09-06 09:00:00,2024-09-06 11:00:00,0.0299
Netherlands,NLD,2024-09-06 10:00:00,2024-09-06 12:00:00,0.00378
Netherlands,NLD,2024-09-06 11:00:00,2024-09-06 13:00:00,0.01248
Netherlands,NLD,2024-09-06 12:00:00,2024-09-06 14:00:00,0.032799999999999996
Netherlands,NLD,2024-09-06 13:00:00,2024-09-06 15:00:00,0.06517
Netherlands,NLD,2024-09-06 14:00:00,2024-09-06 16:00:00,0.07607
Netherlands,NLD,2024-09-06 15:00:00,2024-09-06 17:00:00,0.095
Netherlands,NLD,2024-09-06 16:00:00,2024-09-06 18:00:00,0.10016
Netherlands,NLD,2024-09-06 17:00:00,2024-09-06 19:00:00,0.1293
Netherlands,NLD,2024-09-06 18:00:00,2024-09-06 20:00:00,0.13447
Netherlands,NLD,2024-09-06 19:00:00,2024-09-06 21:00:00,0.101
Netherlands,NLD,2024-09-06 20:00:00,2024-09-06 22:00:00,0.0955
Netherlands,NLD,2024-09-06 21:00:00,2024-09-06 23:00:00,0.09290999999999999
Netherlands,NLD,2024-09-06 22:00:00,2024-09-07 00:00:00,0.1023
Netherlands,NLD,2024-09-06 23:00:00,2024-09-07 01:00:00,0.09661
Netherlands,NLD,2024-09-07 00:00:00,2024-09-07 02:00:00,0.09473000000000001
Netherlands,NLD,2024-09-07 01:00:00,2024-09-07 03:00:00,0.09240999999999999
Netherlands,NLD,2024-09-07 02:00:00,2024-09-07 04:00:00,0.09440000000000001
Netherlands,NLD,2024-09-07 03:00:00,2024-09-07 05:00:00,0.09734999999999999
Netherlands,NLD,2024-09-07 04:00:00,2024-09-07 06:00:00,0.10026
Netherlands,NLD,2024-09-07 05:00:00,2024-09-07 07:00:00,0.10255
Netherlands,NLD,2024-09-07 06:00:00,2024-09-07 08:00:00,0.09504
Netherlands,NLD,2024-09-07 07:00:00,2024-09-07 09:00:00,0.092
Netherlands,NLD,2024-09-07 08:00:00,2024-09-07 10:00:00,0.05152
Netherlands,NLD,2024-09-07 09:00:00,2024-09-07 11:00:00,0.014240000000000001
Netherlands,NLD,2024-09-07 10:00:00,2024-09-07 12:00:00,0.0054800000000000005
Netherlands,NLD,2024-09-07 11:00:00,2024-09-07 13:00:00,0.00102
Netherlands,NLD,2024-09-07 12:00:00,2024-09-07 14:00:00,0.00044
Netherlands,NLD,2024-09-07 13:00:00,2024-09-07 15:00:00,0.00828
Netherlands,NLD,2024-09-07 14:00:00,2024-09-07 16:00:00,0.04765
Netherlands,NLD,2024-09-07 15:00:00,2024-09-07 17:00:00,0.09667
Netherlands,NLD,2024-09-07 16:00:00,2024-09-07 18:00:00,0.12451999999999999
Netherlands,NLD,2024-09-07 17:00:00,2024-09-07 19:00:00,0.15044
Netherlands,NLD,2024-09-07 18:00:00,2024-09-07 20:00:00,0.13113
Netherlands,NLD,2024-09-07 19:00:00,2024-09-07 21:00:00,0.10144
Netherlands,NLD,2024-09-07 20:00:00,2024-09-07 22:00:00,0.09185
Netherlands,NLD,2024-09-07 21:00:00,2024-09-07 23:00:00,0.08929000000000001
Netherlands,NLD,2024-09-07 22:00:00,2024-09-08 00:00:00,0.09391
Netherlands,NLD,2024-09-07 23:00:00,2024-09-08 01:00:00,0.08953
Netherlands,NLD,2024-09-08 00:00:00,2024-09-08 02:00:00,0.08368
Netherlands,NLD,2024-09-08 01:00:00,2024-09-08 03:00:00,0.082
Netherlands,NLD,2024-09-08 02:00:00,2024-09-08 04:00:00,0.08239
Netherlands,NLD,2024-09-08 03:00:00,2024-09-08 05:00:00,0.0851
Netherlands,NLD,2024-09-08 04:00:00,2024-09-08 06:00:00,0.08336
Netherlands,NLD,2024-09-08 05:00:00,2024-09-08 07:00:00,0.08206999999999999
Netherlands,NLD,2024-09-08 06:00:00,2024-09-08 08:00:00,0.07673
Netherlands,NLD,2024-09-08 07:00:00,2024-09-08 09:00:00,0.03787
Netherlands,NLD,2024-09-08 08:00:00,2024-09-08 10:00:00,0.008289999999999999
Netherlands,NLD,2024-09-08 09:00:00,2024-09-08 11:00:00,0.00044
Netherlands,NLD,2024-09-08 10:00:00,2024-09-08 12:00:00,4e-05
Netherlands,NLD,2024-09-08 11:00:00,2024-09-08 13:00:00,-2e-05
Netherlands,NLD,2024-09-08 12:00:00,2024-09-08 14:00:00,-0.00269
Netherlands,NLD,2024-09-08 13:00:00,2024-09-08 15:00:00,5.9999999999999995e-05
Netherlands,NLD,2024-09-08 14:00:00,2024-09-08 16:00:00,0.0545
Netherlands,NLD,2024-09-08 15:00:00,2024-09-08 17:00:00,0.0859
Netherlands,NLD,2024-09-08 16:00:00,2024-09-08 18:00:00,0.10783
Netherlands,NLD,2024-09-08 17:00:00,2024-09-08 19:00:00,0.11699
Netherlands,NLD,2024-09-08 18:00:00,2024-09-08 20:00:00,0.12431
Netherlands,NLD,2024-09-08 19:00:00,2024-09-08 21:00:00,0.11169
Netherlands,NLD,2024-09-08 20:00:00,2024-09-08 22:00:00,0.10229
Netherlands,NLD,2024-09-08 21:00:00,2024-09-08 23:00:00,0.09519
Netherlands,NLD,2024-09-08 22:00:00,2024-09-09 00:00:00,0.08531
Netherlands,NLD,2024-09-08 23:00:00,2024-09-09 01:00:00,0.08576
Netherlands,NLD,2024-09-09 00:00:00,2024-09-09 02:00:00,0.07939
Netherlands,NLD,2024-09-09 01:00:00,2024-09-09 03:00:00,0.09114
Netherlands,NLD,2024-09-09 02:00:00,2024-09-09 04:00:00,0.08559
Netherlands,NLD,2024-09-09 03:00:00,2024-09-09 05:00:00,0.08531
Netherlands,NLD,2024-09-09 04:00:00,2024-09-09 06:00:00,0.11343
Netherlands,NLD,2024-09-09 05:00:00,2024-09-09 07:00:00,0.14387
Netherlands,NLD,2024-09-09 06:00:00,2024-09-09 08:00:00,0.16397
Netherlands,NLD,2024-09-09 07:00:00,2024-09-09 09:00:00,0.1245
Netherlands,NLD,2024-09-09 08:00:00,2024-09-09 10:00:00,0.1076
Netherlands,NLD,2024-09-09 09:00:00,2024-09-09 11:00:00,0.09675
Netherlands,NLD,2024-09-09 10:00:00,2024-09-09 12:00:00,0.08629
Netherlands,NLD,2024-09-09 11:00:00,2024-09-09 13:00:00,0.08291
Netherlands,NLD,2024-09-09 12:00:00,2024-09-09 14:00:00,0.07361
Netherlands,NLD,2024-09-09 13:00:00,2024-09-09 15:00:00,0.07598999999999999
Netherlands,NLD,2024-09-09 14:00:00,2024-09-09 16:00:00,0.06727
Netherlands,NLD,2024-09-09 15:00:00,2024-09-09 17:00:00,0.07848999999999999
Netherlands,NLD,2024-09-09 16:00:00,2024-09-09 18:00:00,0.11
Netherlands,NLD,2024-09-09 17:00:00,2024-09-09 19:00:00,0.11518
Netherlands,NLD,2024-09-09 18:00:00,2024-09-09 20:00:00,0.112
Netherlands,NLD,2024-09-09 19:00:00,2024-09-09 21:00:00,0.09613
Netherlands,NLD,2024-09-09 20:00:00,2024-09-09 22:00:00,0.088
Netherlands,NLD,2024-09-09 21:00:00,2024-09-09 23:00:00,0.07993
Netherlands,NLD,2024-09-09 22:00:00,2024-09-10 00:00:00,0.069
Netherlands,NLD,2024-09-09 23:00:00,2024-09-10 01:00:00,0.072
Netherlands,NLD,2024-09-10 00:00:00,2024-09-10 02:00:00,0.061399999999999996
Netherlands,NLD,2024-09-10 01:00:00,2024-09-10 03:00:00,0.06764
Netherlands,NLD,2024-09-10 02:00:00,2024-09-10 04:00:00,0.06533
Netherlands,NLD,2024-09-10 03:00:00,2024-09-10 05:00:00,0.07734999999999999
Netherlands,NLD,2024-09-10 04:00:00,2024-09-10 06:00:00,0.09842000000000001
Netherlands,NLD,2024-09-10 05:00:00,2024-09-10 07:00:00,0.12544
Netherlands,NLD,2024-09-10 06:00:00,2024-09-10 08:00:00,0.11043
Netherlands,NLD,2024-09-10 07:00:00,2024-09-10 09:00:00,0.07601000000000001
Netherlands,NLD,2024-09-10 08:00:00,2024-09-10 10:00:00,0.040369999999999996
Netherlands,NLD,2024-09-10 09:00:00,2024-09-10 11:00:00,0.00786
Netherlands,NLD,2024-09-10 10:00:00,2024-09-10 12:00:00,-0.00063
Netherlands,NLD,2024-09-10 11:00:00,2024-09-10 13:00:00,0.00016
Netherlands,NLD,2024-09-10 12:00:00,2024-09-10 14:00:00,-0.00106
Netherlands,NLD,2024-09-10 13:00:00,2024-09-10 15:00:00,-0.00183
Netherlands,NLD,2024-09-10 14:00:00,2024-09-10 16:00:00,0.0
Netherlands,NLD,2024-09-10 15:00:00,2024-09-10 17:00:00,0.023260000000000003
Netherlands,NLD,2024-09-10 16:00:00,2024-09-10 18:00:00,0.08073999999999999
Netherlands,NLD,2024-09-10 17:00:00,2024-09-10 19:00:00,0.0999
Netherlands,NLD,2024-09-10 18:00:00,2024-09-10 20:00:00,0.1196
Netherlands,NLD,2024-09-10 19:00:00,2024-09-10 21:00:00,0.1263
Netherlands,NLD,2024-09-10 20:00:00,2024-09-10 22:00:00,0.094
Netherlands,NLD,2024-09-10 21:00:00,2024-09-10 23:00:00,0.07490000000000001
Netherlands,NLD,2024-09-10 22:00:00,2024-09-11 00:00:00,0.05
Netherlands,NLD,2024-09-10 23:00:00,2024-09-11 01:00:00,0.04
Netherlands,NLD,2024-09-11 00:00:00,2024-09-11 02:00:00,0.03984
Netherlands,NLD,2024-09-11 01:00:00,2024-09-11 03:00:00,0.033960000000000004
Netherlands,NLD,2024-09-11 02:00:00,2024-09-11 04:00:00,0.04
Netherlands,NLD,2024-09-11 03:00:00,2024-09-11 05:00:00,0.048479999999999995
Netherlands,NLD,2024-09-11 04:00:00,2024-09-11 06:00:00,0.1005
Netherlands,NLD,2024-09-11 05:00:00,2024-09-11 07:00:00,0.1035
Netherlands,NLD,2024-09-11 06:00:00,2024-09-11 08:00:00,0.11009999999999999
Netherlands,NLD,2024-09-11 07:00:00,2024-09-11 09:00:00,0.09745000000000001
Netherlands,NLD,2024-09-11 08:00:00,2024-09-11 10:00:00,0.07658
Netherlands,NLD,2024-09-11 09:00:00,2024-09-11 11:00:00,0.04368
Netherlands,NLD,2024-09-11 10:00:00,2024-09-11 12:00:00,0.03191
Netherlands,NLD,2024-09-11 11:00:00,2024-09-11 13:00:00,0.02
Netherlands,NLD,2024-09-11 12:00:00,2024-09-11 14:00:00,0.00202
Netherlands,NLD,2024-09-11 13:00:00,2024-09-11 15:00:00,0.0551
Netherlands,NLD,2024-09-11 14:00:00,2024-09-11 16:00:00,0.06991
Netherlands,NLD,2024-09-11 15:00:00,2024-09-11 17:00:00,0.09879
Netherlands,NLD,2024-09-11 16:00:00,2024-09-11 18:00:00,0.11389
Netherlands,NLD,2024-09-11 17:00:00,2024-09-11 19:00:00,0.14118
Netherlands,NLD,2024-09-11 18:00:00,2024-09-11 20:00:00,0.13631000000000001
Netherlands,NLD,2024-09-11 19:00:00,2024-09-11 21:00:00,0.114
Netherlands,NLD,2024-09-11 20:00:00,2024-09-11 22:00:00,0.10256
Netherlands,NLD,2024-09-11 21:00:00,2024-09-11 23:00:00,0.10108
Netherlands,NLD,2024-09-11 22:00:00,2024-09-12 00:00:00,0.08768000000000001
Netherlands,NLD,2024-09-11 23:00:00,2024-09-12 01:00:00,0.08187
Netherlands,NLD,2024-09-12 00:00:00,2024-09-12 02:00:00,0.08284
Netherlands,NLD,2024-09-12 01:00:00,2024-09-12 03:00:00,0.08076
Netherlands,NLD,2024-09-12 02:00:00,2024-09-12 04:00:00,0.08051
Netherlands,NLD,2024-09-12 03:00:00,2024-09-12 05:00:00,0.0846
Netherlands,NLD,2024-09-12 04:00:00,2024-09-12 06:00:00,0.10551
Netherlands,NLD,2024-09-12 05:00:00,2024-09-12 07:00:00,0.13355
Netherlands,NLD,2024-09-12 06:00:00,2024-09-12 08:00:00,0.13488
Netherlands,NLD,2024-09-12 07:00:00,2024-09-12 09:00:00,0.10343000000000001
Netherlands,NLD,2024-09-12 08:00:00,2024-09-12 10:00:00,0.08503
Netherlands,NLD,2024-09-12 09:00:00,2024-09-12 11:00:00,0.07798999999999999
Netherlands,NLD,2024-09-12 10:00:00,2024-09-12 12:00:00,0.07714
Netherlands,NLD,2024-09-12 11:00:00,2024-09-12 13:00:00,0.07579999999999999
Netherlands,NLD,2024-09-12 12:00:00,2024-09-12 14:00:00,0.076
Netherlands,NLD,2024-09-12 13:00:00,2024-09-12 15:00:00,0.07704000000000001
Netherlands,NLD,2024-09-12 14:00:00,2024-09-12 16:00:00,0.08975
Netherlands,NLD,2024-09-12 15:00:00,2024-09-12 17:00:00,0.1
Netherlands,NLD,2024-09-12 16:00:00,2024-09-12 18:00:00,0.11209999999999999
Netherlands,NLD,2024-09-12 17:00:00,2024-09-12 19:00:00,0.196
Netherlands,NLD,2024-09-12 18:00:00,2024-09-12 20:00:00,0.19616
Netherlands,NLD,2024-09-12 19:00:00,2024-09-12 21:00:00,0.11708
Netherlands,NLD,2024-09-12 20:00:00,2024-09-12 22:00:00,0.09908
Netherlands,NLD,2024-09-12 21:00:00,2024-09-12 23:00:00,0.09178
Netherlands,NLD,2024-09-12 22:00:00,2024-09-13 00:00:00,0.09973
Netherlands,NLD,2024-09-12 23:00:00,2024-09-13 01:00:00,0.09051999999999999
Netherlands,NLD,2024-09-13 00:00:00,2024-09-13 02:00:00,0.08497
Netherlands,NLD,2024-09-13 01:00:00,2024-09-13 03:00:00,0.08237
Netherlands,NLD,2024-09-13 02:00:00,2024-09-13 04:00:00,0.07978
Netherlands,NLD,2024-09-13 03:00:00,2024-09-13 05:00:00,0.08598
Netherlands,NLD,2024-09-13 04:00:00,2024-09-13 06:00:00,0.0991
Netherlands,NLD,2024-09-13 05:00:00,2024-09-13 07:00:00,0.11955
Netherlands,NLD,2024-09-13 06:00:00,2024-09-13 08:00:00,0.1316
Netherlands,NLD,2024-09-13 07:00:00,2024-09-13 09:00:00,0.09040000000000001
Netherlands,NLD,2024-09-13 08:00:00,2024-09-13 10:00:00,0.09918
Netherlands,NLD,2024-09-13 09:00:00,2024-09-13 11:00:00,0.09115000000000001
Netherlands,NLD,2024-09-13 10:00:00,2024-09-13 12:00:00,0.045
Netherlands,NLD,2024-09-13 11:00:00,2024-09-13 13:00:00,0.048
Netherlands,NLD,2024-09-13 12:00:00,2024-09-13 14:00:00,0.01
Netherlands,NLD,2024-09-13 13:00:00,2024-09-13 15:00:00,0.049909999999999996
Netherlands,NLD,2024-09-13 14:00:00,2024-09-13 16:00:00,0.06670999999999999
Netherlands,NLD,2024-09-13 15:00:00,2024-09-13 17:00:00,0.07298
Netherlands,NLD,2024-09-13 16:00:00,2024-09-13 18:00:00,0.09583
Netherlands,NLD,2024-09-13 17:00:00,2024-09-13 19:00:00,0.1001
Netherlands,NLD,2024-09-13 18:00:00,2024-09-13 20:00:00,0.10990000000000001
Netherlands,NLD,2024-09-13 19:00:00,2024-09-13 21:00:00,0.1034
Netherlands,NLD,2024-09-13 20:00:00,2024-09-13 22:00:00,0.08999
Netherlands,NLD,2024-09-13 21:00:00,2024-09-13 23:00:00,0.09531999999999999
Netherlands,NLD,2024-09-13 22:00:00,2024-09-14 00:00:00,0.1197
Netherlands,NLD,2024-09-13 23:00:00,2024-09-14 01:00:00,0.1076
Netherlands,NLD,2024-09-14 00:00:00,2024-09-14 02:00:00,0.1002
Netherlands,NLD,2024-09-14 01:00:00,2024-09-14 03:00:00,0.0928
Netherlands,NLD,2024-09-14 02:00:00,2024-09-14 04:00:00,0.081
Netherlands,NLD,2024-09-14 03:00:00,2024-09-14 05:00:00,0.07311
Netherlands,NLD,2024-09-14 04:00:00,2024-09-14 06:00:00,0.0831
Netherlands,NLD,2024-09-14 05:00:00,2024-09-14 07:00:00,0.1129
Netherlands,NLD,2024-09-14 06:00:00,2024-09-14 08:00:00,0.111
Netherlands,NLD,2024-09-14 07:00:00,2024-09-14 09:00:00,0.105
Netherlands,NLD,2024-09-14 08:00:00,2024-09-14 10:00:00,0.0499
Netherlands,NLD,2024-09-14 09:00:00,2024-09-14 11:00:00,0.008150000000000001
Netherlands,NLD,2024-09-14 10:00:00,2024-09-14 12:00:00,0.00111
Netherlands,NLD,2024-09-14 11:00:00,2024-09-14 13:00:00,0.00025
Netherlands,NLD,2024-09-14 12:00:00,2024-09-14 14:00:00,-0.00014000000000000001
Netherlands,NLD,2024-09-14 13:00:00,2024-09-14 15:00:00,0.00054
Netherlands,NLD,2024-09-14 14:00:00,2024-09-14 16:00:00,0.01033
Netherlands,NLD,2024-09-14 15:00:00,2024-09-14 17:00:00,0.06509000000000001
Netherlands,NLD,2024-09-14 16:00:00,2024-09-14 18:00:00,0.10086
Netherlands,NLD,2024-09-14 17:00:00,2024-09-14 19:00:00,0.12658
Netherlands,NLD,2024-09-14 18:00:00,2024-09-14 20:00:00,0.12171
Netherlands,NLD,2024-09-14 19:00:00,2024-09-14 21:00:00,0.10990000000000001
Netherlands,NLD,2024-09-14 20:00:00,2024-09-14 22:00:00,0.09375
Netherlands,NLD,2024-09-14 21:00:00,2024-09-14 23:00:00,0.08990000000000001
Netherlands,NLD,2024-09-14 22:00:00,2024-09-15 00:00:00,0.08177
Netherlands,NLD,2024-09-14 23:00:00,2024-09-15 01:00:00,0.0799
Netherlands,NLD,2024-09-15 00:00:00,2024-09-15 02:00:00,0.07328
Netherlands,NLD,2024-09-15 01:00:00,2024-09-15 03:00:00,0.07576000000000001
Netherlands,NLD,2024-09-15 02:00:00,2024-09-15 04:00:00,0.07132
Netherlands,NLD,2024-09-15 03:00:00,2024-09-15 05:00:00,0.0726
Netherlands,NLD,2024-09-15 04:00:00,2024-09-15 06:00:00,0.07594
Netherlands,NLD,2024-09-15 05:00:00,2024-09-15 07:00:00,0.0999
Netherlands,NLD,2024-09-15 06:00:00,2024-09-15 08:00:00,0.106
Netherlands,NLD,2024-09-15 07:00:00,2024-09-15 09:00:00,0.05407
Netherlands,NLD,2024-09-15 08:00:00,2024-09-15 10:00:00,0.01092
Netherlands,NLD,2024-09-15 09:00:00,2024-09-15 11:00:00,7.000000000000001e-05
Netherlands,NLD,2024-09-15 10:00:00,2024-09-15 12:00:00,0.0
Netherlands,NLD,2024-09-15 11:00:00,2024-09-15 13:00:00,-1e-05
Netherlands,NLD,2024-09-15 12:00:00,2024-09-15 14:00:00,-0.0004
Netherlands,NLD,2024-09-15 13:00:00,2024-09-15 15:00:00,-0.0002
Netherlands,NLD,2024-09-15 14:00:00,2024-09-15 16:00:00,0.01925
Netherlands,NLD,2024-09-15 15:00:00,2024-09-15 17:00:00,0.08225
Netherlands,NLD,2024-09-15 16:00:00,2024-09-15 18:00:00,0.1092
Netherlands,NLD,2024-09-15 17:00:00,2024-09-15 19:00:00,0.1305
Netherlands,NLD,2024-09-15 18:00:00,2024-09-15 20:00:00,0.12678
Netherlands,NLD,2024-09-15 19:00:00,2024-09-15 21:00:00,0.11079
Netherlands,NLD,2024-09-15 20:00:00,2024-09-15 22:00:00,0.10421
Netherlands,NLD,2024-09-15 21:00:00,2024-09-15 23:00:00,0.09259999999999999
Netherlands,NLD,2024-09-15 22:00:00,2024-09-16 00:00:00,0.09298999999999999
Netherlands,NLD,2024-09-15 23:00:00,2024-09-16 01:00:00,0.08159000000000001
Netherlands,NLD,2024-09-16 00:00:00,2024-09-16 02:00:00,0.07848000000000001
Netherlands,NLD,2024-09-16 01:00:00,2024-09-16 03:00:00,0.08242000000000001
Netherlands,NLD,2024-09-16 02:00:00,2024-09-16 04:00:00,0.0793
Netherlands,NLD,2024-09-16 03:00:00,2024-09-16 05:00:00,0.08009999999999999
Netherlands,NLD,2024-09-16 04:00:00,2024-09-16 06:00:00,0.108
Netherlands,NLD,2024-09-16 05:00:00,2024-09-16 07:00:00,0.12813999999999998
Netherlands,NLD,2024-09-16 06:00:00,2024-09-16 08:00:00,0.14606
Netherlands,NLD,2024-09-16 07:00:00,2024-09-16 09:00:00,0.1264
Netherlands,NLD,2024-09-16 08:00:00,2024-09-16 10:00:00,0.1046
Netherlands,NLD,2024-09-16 09:00:00,2024-09-16 11:00:00,0.09525
Netherlands,NLD,2024-09-16 10:00:00,2024-09-16 12:00:00,0.08442
Netherlands,NLD,2024-09-16 11:00:00,2024-09-16 13:00:00,0.07433
Netherlands,NLD,2024-09-16 12:00:00,2024-09-16 14:00:00,0.06468
Netherlands,NLD,2024-09-16 13:00:00,2024-09-16 15:00:00,0.059539999999999996
Netherlands,NLD,2024-09-16 14:00:00,2024-09-16 16:00:00,0.06025
Netherlands,NLD,2024-09-16 15:00:00,2024-09-16 17:00:00,0.07917
Netherlands,NLD,2024-09-16 16:00:00,2024-09-16 18:00:00,0.10166
Netherlands,NLD,2024-09-16 17:00:00,2024-09-16 19:00:00,0.1088
Netherlands,NLD,2024-09-16 18:00:00,2024-09-16 20:00:00,0.10901000000000001
Netherlands,NLD,2024-09-16 19:00:00,2024-09-16 21:00:00,0.0901
Netherlands,NLD,2024-09-16 20:00:00,2024-09-16 22:00:00,0.07881
Netherlands,NLD,2024-09-16 21:00:00,2024-09-16 23:00:00,0.075
Netherlands,NLD,2024-09-16 22:00:00,2024-09-17 00:00:00,0.08554
Netherlands,NLD,2024-09-16 23:00:00,2024-09-17 01:00:00,0.0823
Netherlands,NLD,2024-09-17 00:00:00,2024-09-17 02:00:00,0.0787
Netherlands,NLD,2024-09-17 01:00:00,2024-09-17 03:00:00,0.0772
Netherlands,NLD,2024-09-17 02:00:00,2024-09-17 04:00:00,0.073
Netherlands,NLD,2024-09-17 03:00:00,2024-09-17 05:00:00,0.07693000000000001
Netherlands,NLD,2024-09-17 04:00:00,2024-09-17 06:00:00,0.09489
Netherlands,NLD,2024-09-17 05:00:00,2024-09-17 07:00:00,0.12744
Netherlands,NLD,2024-09-17 06:00:00,2024-09-17 08:00:00,0.12919
Netherlands,NLD,2024-09-17 07:00:00,2024-09-17 09:00:00,0.09819
Netherlands,NLD,2024-09-17 08:00:00,2024-09-17 10:00:00,0.0799
Netherlands,NLD,2024-09-17 09:00:00,2024-09-17 11:00:00,0.06745999999999999
Netherlands,NLD,2024-09-17 10:00:00,2024-09-17 12:00:00,0.048670000000000005
Netherlands,NLD,2024-09-17 11:00:00,2024-09-17 13:00:00,0.028
Netherlands,NLD,2024-09-17 12:00:00,2024-09-17 14:00:00,0.00745
Netherlands,NLD,2024-09-17 13:00:00,2024-09-17 15:00:00,0.0286
Netherlands,NLD,2024-09-17 14:00:00,2024-09-17 16:00:00,0.05998
Netherlands,NLD,2024-09-17 15:00:00,2024-09-17 17:00:00,0.07886
Netherlands,NLD,2024-09-17 16:00:00,2024-09-17 18:00:00,0.1114
Netherlands,NLD,2024-09-17 17:00:00,2024-09-17 19:00:00,0.13056
Netherlands,NLD,2024-09-17 18:00:00,2024-09-17 20:00:00,0.10990000000000001
Netherlands,NLD,2024-09-17 19:00:00,2024-09-17 21:00:00,0.09490000000000001
Netherlands,NLD,2024-09-17 20:00:00,2024-09-17 22:00:00,0.08719
Netherlands,NLD,2024-09-17 21:00:00,2024-09-17 23:00:00,0.08263
Netherlands,NLD,2024-09-17 22:00:00,2024-09-18 00:00:00,0.07805
Netherlands,NLD,2024-09-17 23:00:00,2024-09-18 01:00:00,0.07732
Netherlands,NLD,2024-09-18 00:00:00,2024-09-18 02:00:00,0.07805
Netherlands,NLD,2024-09-18 01:00:00,2024-09-18 03:00:00,0.07701000000000001
Netherlands,NLD,2024-09-18 02:00:00,2024-09-18 04:00:00,0.07465000000000001
Netherlands,NLD,2024-09-18 03:00:00,2024-09-18 05:00:00,0.08322
Netherlands,NLD,2024-09-18 04:00:00,2024-09-18 06:00:00,0.0999
Netherlands,NLD,2024-09-18 05:00:00,2024-09-18 07:00:00,0.13892
Netherlands,NLD,2024-09-18 06:00:00,2024-09-18 08:00:00,0.13178
Netherlands,NLD,2024-09-18 07:00:00,2024-09-18 09:00:00,0.09855
Netherlands,NLD,2024-09-18 08:00:00,2024-09-18 10:00:00,0.07779000000000001
Netherlands,NLD,2024-09-18 09:00:00,2024-09-18 11:00:00,0.04782
Netherlands,NLD,2024-09-18 10:00:00,2024-09-18 12:00:00,0.00549
Netherlands,NLD,2024-09-18 11:00:00,2024-09-18 13:00:00,0.0
Netherlands,NLD,2024-09-18 12:00:00,2024-09-18 14:00:00,-7.000000000000001e-05
Netherlands,NLD,2024-09-18 13:00:00,2024-09-18 15:00:00,0.00069
Netherlands,NLD,2024-09-18 14:00:00,2024-09-18 16:00:00,0.03487
Netherlands,NLD,2024-09-18 15:00:00,2024-09-18 17:00:00,0.07912000000000001
Netherlands,NLD,2024-09-18 16:00:00,2024-09-18 18:00:00,0.10967
Netherlands,NLD,2024-09-18 17:00:00,2024-09-18 19:00:00,0.12991999999999998
Netherlands,NLD,2024-09-18 18:00:00,2024-09-18 20:00:00,0.10823999999999999
Netherlands,NLD,2024-09-18 19:00:00,2024-09-18 21:00:00,0.08872
Netherlands,NLD,2024-09-18 20:00:00,2024-09-18 22:00:00,0.08253
Netherlands,NLD,2024-09-18 21:00:00,2024-09-18 23:00:00,0.07379000000000001
Netherlands,NLD,2024-09-18 22:00:00,2024-09-19 00:00:00,0.07585
Netherlands,NLD,2024-09-18 23:00:00,2024-09-19 01:00:00,0.07609
Netherlands,NLD,2024-09-19 00:00:00,2024-09-19 02:00:00,0.08607
Netherlands,NLD,2024-09-19 01:00:00,2024-09-19 03:00:00,0.08874
Netherlands,NLD,2024-09-19 02:00:00,2024-09-19 04:00:00,0.081
Netherlands,NLD,2024-09-19 03:00:00,2024-09-19 05:00:00,0.08825
Netherlands,NLD,2024-09-19 04:00:00,2024-09-19 06:00:00,0.11155
Netherlands,NLD,2024-09-19 05:00:00,2024-09-19 07:00:00,0.14162
Netherlands,NLD,2024-09-19 06:00:00,2024-09-19 08:00:00,0.1237
Netherlands,NLD,2024-09-19 07:00:00,2024-09-19 09:00:00,0.09728
Netherlands,NLD,2024-09-19 08:00:00,2024-09-19 10:00:00,0.07481
Netherlands,NLD,2024-09-19 09:00:00,2024-09-19 11:00:00,0.045759999999999995
Netherlands,NLD,2024-09-19 10:00:00,2024-09-19 12:00:00,0.00497
Netherlands,NLD,2024-09-19 11:00:00,2024-09-19 13:00:00,-7.000000000000001e-05
Netherlands,NLD,2024-09-19 12:00:00,2024-09-19 14:00:00,-8.999999999999999e-05
Netherlands,NLD,2024-09-19 13:00:00,2024-09-19 15:00:00,0.009
Netherlands,NLD,2024-09-19 14:00:00,2024-09-19 16:00:00,0.05121
Netherlands,NLD,2024-09-19 15:00:00,2024-09-19 17:00:00,0.09083
Netherlands,NLD,2024-09-19 16:00:00,2024-09-19 18:00:00,0.11401
Netherlands,NLD,2024-09-19 17:00:00,2024-09-19 19:00:00,0.13394
Netherlands,NLD,2024-09-19 18:00:00,2024-09-19 20:00:00,0.1135
Netherlands,NLD,2024-09-19 19:00:00,2024-09-19 21:00:00,0.09106
Netherlands,NLD,2024-09-19 20:00:00,2024-09-19 22:00:00,0.08897
Netherlands,NLD,2024-09-19 21:00:00,2024-09-19 23:00:00,0.07887000000000001
Netherlands,NLD,2024-09-19 22:00:00,2024-09-20 00:00:00,0.07238
Netherlands,NLD,2024-09-19 23:00:00,2024-09-20 01:00:00,0.07404000000000001
Netherlands,NLD,2024-09-20 00:00:00,2024-09-20 02:00:00,0.07342
Netherlands,NLD,2024-09-20 01:00:00,2024-09-20 03:00:00,0.06997
Netherlands,NLD,2024-09-20 02:00:00,2024-09-20 04:00:00,0.073
Netherlands,NLD,2024-09-20 03:00:00,2024-09-20 05:00:00,0.07927
Netherlands,NLD,2024-09-20 04:00:00,2024-09-20 06:00:00,0.10864
Netherlands,NLD,2024-09-20 05:00:00,2024-09-20 07:00:00,0.14145
Netherlands,NLD,2024-09-20 06:00:00,2024-09-20 08:00:00,0.1087
Netherlands,NLD,2024-09-20 07:00:00,2024-09-20 09:00:00,0.08892
Netherlands,NLD,2024-09-20 08:00:00,2024-09-20 10:00:00,0.062049999999999994
Netherlands,NLD,2024-09-20 09:00:00,2024-09-20 11:00:00,0.02469
Netherlands,NLD,2024-09-20 10:00:00,2024-09-20 12:00:00,0.00835
Netherlands,NLD,2024-09-20 11:00:00,2024-09-20 13:00:00,-4e-05
Netherlands,NLD,2024-09-20 12:00:00,2024-09-20 14:00:00,7.000000000000001e-05
Netherlands,NLD,2024-09-20 13:00:00,2024-09-20 15:00:00,0.0085
Netherlands,NLD,2024-09-20 14:00:00,2024-09-20 16:00:00,0.044340000000000004
Netherlands,NLD,2024-09-20 15:00:00,2024-09-20 17:00:00,0.08512
Netherlands,NLD,2024-09-20 16:00:00,2024-09-20 18:00:00,0.10728
Netherlands,NLD,2024-09-20 17:00:00,2024-09-20 19:00:00,0.14721
Netherlands,NLD,2024-09-20 18:00:00,2024-09-20 20:00:00,0.10965000000000001
Netherlands,NLD,2024-09-20 19:00:00,2024-09-20 21:00:00,0.09107
Netherlands,NLD,2024-09-20 20:00:00,2024-09-20 22:00:00,0.0878
Netherlands,NLD,2024-09-20 21:00:00,2024-09-20 23:00:00,0.08708
Netherlands,NLD,2024-09-20 22:00:00,2024-09-21 00:00:00,0.08829000000000001
Netherlands,NLD,2024-09-20 23:00:00,2024-09-21 01:00:00,0.0853
Netherlands,NLD,2024-09-21 00:00:00,2024-09-21 02:00:00,0.082
Netherlands,NLD,2024-09-21 01:00:00,2024-09-21 03:00:00,0.08219
Netherlands,NLD,2024-09-21 02:00:00,2024-09-21 04:00:00,0.08638
Netherlands,NLD,2024-09-21 03:00:00,2024-09-21 05:00:00,0.08948
Netherlands,NLD,2024-09-21 04:00:00,2024-09-21 06:00:00,0.09806999999999999
Netherlands,NLD,2024-09-21 05:00:00,2024-09-21 07:00:00,0.10228
Netherlands,NLD,2024-09-21 06:00:00,2024-09-21 08:00:00,0.08594
Netherlands,NLD,2024-09-21 07:00:00,2024-09-21 09:00:00,0.06121
Netherlands,NLD,2024-09-21 08:00:00,2024-09-21 10:00:00,0.022
Netherlands,NLD,2024-09-21 09:00:00,2024-09-21 11:00:00,0.00315
Netherlands,NLD,2024-09-21 10:00:00,2024-09-21 12:00:00,0.0
Netherlands,NLD,2024-09-21 11:00:00,2024-09-21 13:00:00,-0.0033599999999999997
Netherlands,NLD,2024-09-21 12:00:00,2024-09-21 14:00:00,-0.00395
Netherlands,NLD,2024-09-21 13:00:00,2024-09-21 15:00:00,0.00109
Netherlands,NLD,2024-09-21 14:00:00,2024-09-21 16:00:00,0.04314
Netherlands,NLD,2024-09-21 15:00:00,2024-09-21 17:00:00,0.08637
Netherlands,NLD,2024-09-21 16:00:00,2024-09-21 18:00:00,0.12593000000000001
Netherlands,NLD,2024-09-21 17:00:00,2024-09-21 19:00:00,0.144
Netherlands,NLD,2024-09-21 18:00:00,2024-09-21 20:00:00,0.113
Netherlands,NLD,2024-09-21 19:00:00,2024-09-21 21:00:00,0.09506
Netherlands,NLD,2024-09-21 20:00:00,2024-09-21 22:00:00,0.09359999999999999
Netherlands,NLD,2024-09-21 21:00:00,2024-09-21 23:00:00,0.08672
Netherlands,NLD,2024-09-21 22:00:00,2024-09-22 00:00:00,0.0983
Netherlands,NLD,2024-09-21 23:00:00,2024-09-22 01:00:00,0.09004999999999999
Netherlands,NLD,2024-09-22 00:00:00,2024-09-22 02:00:00,0.08993000000000001
Netherlands,NLD,2024-09-22 01:00:00,2024-09-22 03:00:00,0.08956
Netherlands,NLD,2024-09-22 02:00:00,2024-09-22 04:00:00,0.09075
Netherlands,NLD,2024-09-22 03:00:00,2024-09-22 05:00:00,0.09104999999999999
Netherlands,NLD,2024-09-22 04:00:00,2024-09-22 06:00:00,0.09564
Netherlands,NLD,2024-09-22 05:00:00,2024-09-22 07:00:00,0.09820000000000001
Netherlands,NLD,2024-09-22 06:00:00,2024-09-22 08:00:00,0.08347
Netherlands,NLD,2024-09-22 07:00:00,2024-09-22 09:00:00,0.0649
Netherlands,NLD,2024-09-22 08:00:00,2024-09-22 10:00:00,0.026170000000000002
Netherlands,NLD,2024-09-22 09:00:00,2024-09-22 11:00:00,0.01225
Netherlands,NLD,2024-09-22 10:00:00,2024-09-22 12:00:00,0.0115
Netherlands,NLD,2024-09-22 11:00:00,2024-09-22 13:00:00,0.00020999999999999998
Netherlands,NLD,2024-09-22 12:00:00,2024-09-22 14:00:00,1e-05
Netherlands,NLD,2024-09-22 13:00:00,2024-09-22 15:00:00,0.00966
Netherlands,NLD,2024-09-22 14:00:00,2024-09-22 16:00:00,0.05828
Netherlands,NLD,2024-09-22 15:00:00,2024-09-22 17:00:00,0.10319
Netherlands,NLD,2024-09-22 16:00:00,2024-09-22 18:00:00,0.13102
Netherlands,NLD,2024-09-22 17:00:00,2024-09-22 19:00:00,0.16206
Netherlands,NLD,2024-09-22 18:00:00,2024-09-22 20:00:00,0.128
Netherlands,NLD,2024-09-22 19:00:00,2024-09-22 21:00:00,0.10934999999999999
Netherlands,NLD,2024-09-22 20:00:00,2024-09-22 22:00:00,0.09876
Netherlands,NLD,2024-09-22 21:00:00,2024-09-22 23:00:00,0.092
Netherlands,NLD,2024-09-22 22:00:00,2024-09-23 00:00:00,0.0873
Netherlands,NLD,2024-09-22 23:00:00,2024-09-23 01:00:00,0.08015
Netherlands,NLD,2024-09-23 00:00:00,2024-09-23 02:00:00,0.08159999999999999
Netherlands,NLD,2024-09-23 01:00:00,2024-09-23 03:00:00,0.08277
Netherlands,NLD,2024-09-23 02:00:00,2024-09-23 04:00:00,0.08403000000000001
Netherlands,NLD,2024-09-23 03:00:00,2024-09-23 05:00:00,0.09090000000000001
Netherlands,NLD,2024-09-23 04:00:00,2024-09-23 06:00:00,0.13069
Netherlands,NLD,2024-09-23 05:00:00,2024-09-23 07:00:00,0.20373
Netherlands,NLD,2024-09-23 06:00:00,2024-09-23 08:00:00,0.15133000000000002
Netherlands,NLD,2024-09-23 07:00:00,2024-09-23 09:00:00,0.10998999999999999
Netherlands,NLD,2024-09-23 08:00:00,2024-09-23 10:00:00,0.0969
Netherlands,NLD,2024-09-23 09:00:00,2024-09-23 11:00:00,0.08016
Netherlands,NLD,2024-09-23 10:00:00,2024-09-23 12:00:00,0.07894
Netherlands,NLD,2024-09-23 11:00:00,2024-09-23 13:00:00,0.073
Netherlands,NLD,2024-09-23 12:00:00,2024-09-23 14:00:00,0.07042
Netherlands,NLD,2024-09-23 13:00:00,2024-09-23 15:00:00,0.06953
Netherlands,NLD,2024-09-23 14:00:00,2024-09-23 16:00:00,0.09054000000000001
Netherlands,NLD,2024-09-23 15:00:00,2024-09-23 17:00:00,0.11824
Netherlands,NLD,2024-09-23 16:00:00,2024-09-23 18:00:00,0.20551
Netherlands,NLD,2024-09-23 17:00:00,2024-09-23 19:00:00,0.28329000000000004
Netherlands,NLD,2024-09-23 18:00:00,2024-09-23 20:00:00,0.16799
Netherlands,NLD,2024-09-23 19:00:00,2024-09-23 21:00:00,0.10887000000000001
Netherlands,NLD,2024-09-23 20:00:00,2024-09-23 22:00:00,0.09084
Netherlands,NLD,2024-09-23 21:00:00,2024-09-23 23:00:00,0.08449
Netherlands,NLD,2024-09-23 22:00:00,2024-09-24 00:00:00,0.0829
Netherlands,NLD,2024-09-23 23:00:00,2024-09-24 01:00:00,0.07725
Netherlands,NLD,2024-09-24 00:00:00,2024-09-24 02:00:00,0.0768
Netherlands,NLD,2024-09-24 01:00:00,2024-09-24 03:00:00,0.077
Netherlands,NLD,2024-09-24 02:00:00,2024-09-24 04:00:00,0.07211
Netherlands,NLD,2024-09-24 03:00:00,2024-09-24 05:00:00,0.07970000000000001
Netherlands,NLD,2024-09-24 04:00:00,2024-09-24 06:00:00,0.1017
Netherlands,NLD,2024-09-24 05:00:00,2024-09-24 07:00:00,0.13899
Netherlands,NLD,2024-09-24 06:00:00,2024-09-24 08:00:00,0.1274
Netherlands,NLD,2024-09-24 07:00:00,2024-09-24 09:00:00,0.10006999999999999
Netherlands,NLD,2024-09-24 08:00:00,2024-09-24 10:00:00,0.08562
Netherlands,NLD,2024-09-24 09:00:00,2024-09-24 11:00:00,0.07837999999999999
Netherlands,NLD,2024-09-24 10:00:00,2024-09-24 12:00:00,0.06922
Netherlands,NLD,2024-09-24 11:00:00,2024-09-24 13:00:00,0.060880000000000004
Netherlands,NLD,2024-09-24 12:00:00,2024-09-24 14:00:00,0.05511
Netherlands,NLD,2024-09-24 13:00:00,2024-09-24 15:00:00,0.068
Netherlands,NLD,2024-09-24 14:00:00,2024-09-24 16:00:00,0.07693000000000001
Netherlands,NLD,2024-09-24 15:00:00,2024-09-24 17:00:00,0.09237999999999999
Netherlands,NLD,2024-09-24 16:00:00,2024-09-24 18:00:00,0.11364
Netherlands,NLD,2024-09-24 17:00:00,2024-09-24 19:00:00,0.12469
Netherlands,NLD,2024-09-24 18:00:00,2024-09-24 20:00:00,0.10228
Netherlands,NLD,2024-09-24 19:00:00,2024-09-24 21:00:00,0.0805
Netherlands,NLD,2024-09-24 20:00:00,2024-09-24 22:00:00,0.07651000000000001
Netherlands,NLD,2024-09-24 21:00:00,2024-09-24 23:00:00,0.067
Netherlands,NLD,2024-09-24 22:00:00,2024-09-25 00:00:00,0.06218
Netherlands,NLD,2024-09-24 23:00:00,2024-09-25 01:00:00,0.077
Netherlands,NLD,2024-09-25 00:00:00,2024-09-25 02:00:00,0.069
Netherlands,NLD,2024-09-25 01:00:00,2024-09-25 03:00:00,0.056799999999999996
Netherlands,NLD,2024-09-25 02:00:00,2024-09-25 04:00:00,0.07327
Netherlands,NLD,2024-09-25 03:00:00,2024-09-25 05:00:00,0.06877
Netherlands,NLD,2024-09-25 04:00:00,2024-09-25 06:00:00,0.0832
Netherlands,NLD,2024-09-25 05:00:00,2024-09-25 07:00:00,0.09553
Netherlands,NLD,2024-09-25 06:00:00,2024-09-25 08:00:00,0.10039000000000001
Netherlands,NLD,2024-09-25 07:00:00,2024-09-25 09:00:00,0.1015
Netherlands,NLD,2024-09-25 08:00:00,2024-09-25 10:00:00,0.097
Netherlands,NLD,2024-09-25 09:00:00,2024-09-25 11:00:00,0.0851
Netherlands,NLD,2024-09-25 10:00:00,2024-09-25 12:00:00,0.08555
Netherlands,NLD,2024-09-25 11:00:00,2024-09-25 13:00:00,0.076
Netherlands,NLD,2024-09-25 12:00:00,2024-09-25 14:00:00,0.085
Netherlands,NLD,2024-09-25 13:00:00,2024-09-25 15:00:00,0.07981999999999999
Netherlands,NLD,2024-09-25 14:00:00,2024-09-25 16:00:00,0.09758
Netherlands,NLD,2024-09-25 15:00:00,2024-09-25 17:00:00,0.11874
Netherlands,NLD,2024-09-25 16:00:00,2024-09-25 18:00:00,0.17408
Netherlands,NLD,2024-09-25 17:00:00,2024-09-25 19:00:00,0.19938999999999998
Netherlands,NLD,2024-09-25 18:00:00,2024-09-25 20:00:00,0.13184
Netherlands,NLD,2024-09-25 19:00:00,2024-09-25 21:00:00,0.1035
Netherlands,NLD,2024-09-25 20:00:00,2024-09-25 22:00:00,0.098
Netherlands,NLD,2024-09-25 21:00:00,2024-09-25 23:00:00,0.08893999999999999
Netherlands,NLD,2024-09-25 22:00:00,2024-09-26 00:00:00,0.05852
Netherlands,NLD,2024-09-25 23:00:00,2024-09-26 01:00:00,0.05082
Netherlands,NLD,2024-09-26 00:00:00,2024-09-26 02:00:00,0.04586
Netherlands,NLD,2024-09-26 01:00:00,2024-09-26 03:00:00,0.04307
Netherlands,NLD,2024-09-26 02:00:00,2024-09-26 04:00:00,0.03917
Netherlands,NLD,2024-09-26 03:00:00,2024-09-26 05:00:00,0.0434
Netherlands,NLD,2024-09-26 04:00:00,2024-09-26 06:00:00,0.06615
Netherlands,NLD,2024-09-26 05:00:00,2024-09-26 07:00:00,0.0852
Netherlands,NLD,2024-09-26 06:00:00,2024-09-26 08:00:00,0.0834
Netherlands,NLD,2024-09-26 07:00:00,2024-09-26 09:00:00,0.06498000000000001
Netherlands,NLD,2024-09-26 08:00:00,2024-09-26 10:00:00,0.04596
Netherlands,NLD,2024-09-26 09:00:00,2024-09-26 11:00:00,0.03162
Netherlands,NLD,2024-09-26 10:00:00,2024-09-26 12:00:00,0.017
Netherlands,NLD,2024-09-26 11:00:00,2024-09-26 13:00:00,0.0119
Netherlands,NLD,2024-09-26 12:00:00,2024-09-26 14:00:00,0.0116
Netherlands,NLD,2024-09-26 13:00:00,2024-09-26 15:00:00,0.03041
Netherlands,NLD,2024-09-26 14:00:00,2024-09-26 16:00:00,0.047
Netherlands,NLD,2024-09-26 15:00:00,2024-09-26 17:00:00,0.06368
Netherlands,NLD,2024-09-26 16:00:00,2024-09-26 18:00:00,0.08
Netherlands,NLD,2024-09-26 17:00:00,2024-09-26 19:00:00,0.09509999999999999
Netherlands,NLD,2024-09-26 18:00:00,2024-09-26 20:00:00,0.08214
Netherlands,NLD,2024-09-26 19:00:00,2024-09-26 21:00:00,0.06104
Netherlands,NLD,2024-09-26 20:00:00,2024-09-26 22:00:00,0.052289999999999996
Netherlands,NLD,2024-09-26 21:00:00,2024-09-26 23:00:00,0.0363
Netherlands,NLD,2024-09-26 22:00:00,2024-09-27 00:00:00,5e-05
Netherlands,NLD,2024-09-26 23:00:00,2024-09-27 01:00:00,-0.00011
Netherlands,NLD,2024-09-27 00:00:00,2024-09-27 02:00:00,-0.00102
Netherlands,NLD,2024-09-27 01:00:00,2024-09-27 03:00:00,-0.0005899999999999999
Netherlands,NLD,2024-09-27 02:00:00,2024-09-27 04:00:00,-0.005849999999999999
Netherlands,NLD,2024-09-27 03:00:00,2024-09-27 05:00:00,-0.00184
Netherlands,NLD,2024-09-27 04:00:00,2024-09-27 06:00:00,0.00041999999999999996
Netherlands,NLD,2024-09-27 05:00:00,2024-09-27 07:00:00,0.02542
Netherlands,NLD,2024-09-27 06:00:00,2024-09-27 08:00:00,0.04054
Netherlands,NLD,2024-09-27 07:00:00,2024-09-27 09:00:00,0.0077800000000000005
Netherlands,NLD,2024-09-27 08:00:00,2024-09-27 10:00:00,0.0
Netherlands,NLD,2024-09-27 09:00:00,2024-09-27 11:00:00,-0.0016200000000000001
Netherlands,NLD,2024-09-27 10:00:00,2024-09-27 12:00:00,0.0
Netherlands,NLD,2024-09-27 11:00:00,2024-09-27 13:00:00,0.0003
Netherlands,NLD,2024-09-27 12:00:00,2024-09-27 14:00:00,0.0038799999999999998
Netherlands,NLD,2024-09-27 13:00:00,2024-09-27 15:00:00,0.0049299999999999995
Netherlands,NLD,2024-09-27 14:00:00,2024-09-27 16:00:00,0.0183
Netherlands,NLD,2024-09-27 15:00:00,2024-09-27 17:00:00,0.052969999999999996
Netherlands,NLD,2024-09-27 16:00:00,2024-09-27 18:00:00,0.0725
Netherlands,NLD,2024-09-27 17:00:00,2024-09-27 19:00:00,0.07895999999999999
Netherlands,NLD,2024-09-27 18:00:00,2024-09-27 20:00:00,0.07273
Netherlands,NLD,2024-09-27 19:00:00,2024-09-27 21:00:00,0.044719999999999996
Netherlands,NLD,2024-09-27 20:00:00,2024-09-27 22:00:00,0.0425
Netherlands,NLD,2024-09-27 21:00:00,2024-09-27 23:00:00,0.0252
Netherlands,NLD,2024-09-27 22:00:00,2024-09-28 00:00:00,0.00177
Netherlands,NLD,2024-09-27 23:00:00,2024-09-28 01:00:00,0.0030299999999999997
Netherlands,NLD,2024-09-28 00:00:00,2024-09-28 02:00:00,0.00329
Netherlands,NLD,2024-09-28 01:00:00,2024-09-28 03:00:00,0.00316
Netherlands,NLD,2024-09-28 02:00:00,2024-09-28 04:00:00,0.00327
Netherlands,NLD,2024-09-28 03:00:00,2024-09-28 05:00:00,0.00415
Netherlands,NLD,2024-09-28 04:00:00,2024-09-28 06:00:00,0.01196
Netherlands,NLD,2024-09-28 05:00:00,2024-09-28 07:00:00,0.0399
Netherlands,NLD,2024-09-28 06:00:00,2024-09-28 08:00:00,0.04201
Netherlands,NLD,2024-09-28 07:00:00,2024-09-28 09:00:00,0.03517
Netherlands,NLD,2024-09-28 08:00:00,2024-09-28 10:00:00,0.00983
Netherlands,NLD,2024-09-28 09:00:00,2024-09-28 11:00:00,0.00382
Netherlands,NLD,2024-09-28 10:00:00,2024-09-28 12:00:00,0.00066
Netherlands,NLD,2024-09-28 11:00:00,2024-09-28 13:00:00,0.0
Netherlands,NLD,2024-09-28 12:00:00,2024-09-28 14:00:00,0.0
Netherlands,NLD,2024-09-28 13:00:00,2024-09-28 15:00:00,5.9999999999999995e-05
Netherlands,NLD,2024-09-28 14:00:00,2024-09-28 16:00:00,0.00983
Netherlands,NLD,2024-09-28 15:00:00,2024-09-28 17:00:00,0.075
Netherlands,NLD,2024-09-28 16:00:00,2024-09-28 18:00:00,0.1052
Netherlands,NLD,2024-09-28 17:00:00,2024-09-28 19:00:00,0.14477
Netherlands,NLD,2024-09-28 18:00:00,2024-09-28 20:00:00,0.14198
Netherlands,NLD,2024-09-28 19:00:00,2024-09-28 21:00:00,0.1055
Netherlands,NLD,2024-09-28 20:00:00,2024-09-28 22:00:00,0.0945
Netherlands,NLD,2024-09-28 21:00:00,2024-09-28 23:00:00,0.09022
Netherlands,NLD,2024-09-28 22:00:00,2024-09-29 00:00:00,0.10740000000000001
Netherlands,NLD,2024-09-28 23:00:00,2024-09-29 01:00:00,0.111
Netherlands,NLD,2024-09-29 00:00:00,2024-09-29 02:00:00,0.082
Netherlands,NLD,2024-09-29 01:00:00,2024-09-29 03:00:00,0.0993
Netherlands,NLD,2024-09-29 02:00:00,2024-09-29 04:00:00,0.09997
Netherlands,NLD,2024-09-29 03:00:00,2024-09-29 05:00:00,0.0849
Netherlands,NLD,2024-09-29 04:00:00,2024-09-29 06:00:00,0.0751
Netherlands,NLD,2024-09-29 05:00:00,2024-09-29 07:00:00,0.098
Netherlands,NLD,2024-09-29 06:00:00,2024-09-29 08:00:00,0.09443
Netherlands,NLD,2024-09-29 07:00:00,2024-09-29 09:00:00,0.05443
Netherlands,NLD,2024-09-29 08:00:00,2024-09-29 10:00:00,0.00133
Netherlands,NLD,2024-09-29 09:00:00,2024-09-29 11:00:00,0.0
Netherlands,NLD,2024-09-29 10:00:00,2024-09-29 12:00:00,-1e-05
Netherlands,NLD,2024-09-29 11:00:00,2024-09-29 13:00:00,-0.0005
Netherlands,NLD,2024-09-29 12:00:00,2024-09-29 14:00:00,-0.00045
Netherlands,NLD,2024-09-29 13:00:00,2024-09-29 15:00:00,0.0
Netherlands,NLD,2024-09-29 14:00:00,2024-09-29 16:00:00,0.04263
Netherlands,NLD,2024-09-29 15:00:00,2024-09-29 17:00:00,0.09661
Netherlands,NLD,2024-09-29 16:00:00,2024-09-29 18:00:00,0.15059999999999998
Netherlands,NLD,2024-09-29 17:00:00,2024-09-29 19:00:00,0.16616
Netherlands,NLD,2024-09-29 18:00:00,2024-09-29 20:00:00,0.10909
Netherlands,NLD,2024-09-29 19:00:00,2024-09-29 21:00:00,0.07964
Netherlands,NLD,2024-09-29 20:00:00,2024-09-29 22:00:00,0.065
Netherlands,NLD,2024-09-29 21:00:00,2024-09-29 23:00:00,0.03736
Netherlands,NLD,2024-09-29 22:00:00,2024-09-30 00:00:00,0.01857
Netherlands,NLD,2024-09-29 23:00:00,2024-09-30 01:00:00,0.01082
Netherlands,NLD,2024-09-30 00:00:00,2024-09-30 02:00:00,0.00808
Netherlands,NLD,2024-09-30 01:00:00,2024-09-30 03:00:00,0.00523
Netherlands,NLD,2024-09-30 02:00:00,2024-09-30 04:00:00,0.0058
Netherlands,NLD,2024-09-30 03:00:00,2024-09-30 05:00:00,0.01732
Netherlands,NLD,2024-09-30 04:00:00,2024-09-30 06:00:00,0.0464
Netherlands,NLD,2024-09-30 05:00:00,2024-09-30 07:00:00,0.08358
Netherlands,NLD,2024-09-30 06:00:00,2024-09-30 08:00:00,0.08891
Netherlands,NLD,2024-09-30 07:00:00,2024-09-30 09:00:00,0.06327
Netherlands,NLD,2024-09-30 08:00:00,2024-09-30 10:00:00,0.03909000000000001
Netherlands,NLD,2024-09-30 09:00:00,2024-09-30 11:00:00,0.0184
Netherlands,NLD,2024-09-30 10:00:00,2024-09-30 12:00:00,0.00928
Netherlands,NLD,2024-09-30 11:00:00,2024-09-30 13:00:00,0.00206
Netherlands,NLD,2024-09-30 12:00:00,2024-09-30 14:00:00,0.015
Netherlands,NLD,2024-09-30 13:00:00,2024-09-30 15:00:00,0.026
Netherlands,NLD,2024-09-30 14:00:00,2024-09-30 16:00:00,0.059
Netherlands,NLD,2024-09-30 15:00:00,2024-09-30 17:00:00,0.088
Netherlands,NLD,2024-09-30 16:00:00,2024-09-30 18:00:00,0.0799
Netherlands,NLD,2024-09-30 17:00:00,2024-09-30 19:00:00,0.06656000000000001
Netherlands,NLD,2024-09-30 18:00:00,2024-09-30 20:00:00,0.05
Netherlands,NLD,2024-09-30 19:00:00,2024-09-30 21:00:00,0.02574
Netherlands,NLD,2024-09-30 20:00:00,2024-09-30 22:00:00,0.02086
Netherlands,NLD,2024-09-30 21:00:00,2024-09-30 23:00:00,0.00984
Netherlands,NLD,2024-09-30 22:00:00,2024-10-01 00:00:00,0.00321
Netherlands,NLD,2024-09-30 23:00:00,2024-10-01 01:00:00,7.000000000000001e-05
Netherlands,NLD,2024-10-01 00:00:00,2024-10-01 02:00:00,5e-05
Netherlands,NLD,2024-10-01 01:00:00,2024-10-01 03:00:00,2e-05
Netherlands,NLD,2024-10-01 02:00:00,2024-10-01 04:00:00,8.999999999999999e-05
Netherlands,NLD,2024-10-01 03:00:00,2024-10-01 05:00:00,0.005900000000000001
Netherlands,NLD,2024-10-01 04:00:00,2024-10-01 06:00:00,0.0628
Netherlands,NLD,2024-10-01 05:00:00,2024-10-01 07:00:00,0.10442
Netherlands,NLD,2024-10-01 06:00:00,2024-10-01 08:00:00,0.11492000000000001
Netherlands,NLD,2024-10-01 07:00:00,2024-10-01 09:00:00,0.10031999999999999
Netherlands,NLD,2024-10-01 08:00:00,2024-10-01 10:00:00,0.07640999999999999
Netherlands,NLD,2024-10-01 09:00:00,2024-10-01 11:00:00,0.06869
Netherlands,NLD,2024-10-01 10:00:00,2024-10-01 12:00:00,0.0588
Netherlands,NLD,2024-10-01 11:00:00,2024-10-01 13:00:00,0.055600000000000004
Netherlands,NLD,2024-10-01 12:00:00,2024-10-01 14:00:00,0.05645
Netherlands,NLD,2024-10-01 13:00:00,2024-10-01 15:00:00,0.061630000000000004
Netherlands,NLD,2024-10-01 14:00:00,2024-10-01 16:00:00,0.09333
Netherlands,NLD,2024-10-01 15:00:00,2024-10-01 17:00:00,0.10542
Netherlands,NLD,2024-10-01 16:00:00,2024-10-01 18:00:00,0.1306
Netherlands,NLD,2024-10-01 17:00:00,2024-10-01 19:00:00,0.13925
Netherlands,NLD,2024-10-01 18:00:00,2024-10-01 20:00:00,0.11937
Netherlands,NLD,2024-10-01 19:00:00,2024-10-01 21:00:00,0.09257
Netherlands,NLD,2024-10-01 20:00:00,2024-10-01 22:00:00,0.09145
Netherlands,NLD,2024-10-01 21:00:00,2024-10-01 23:00:00,0.07623999999999999
Netherlands,NLD,2024-10-01 22:00:00,2024-10-02 00:00:00,0.08538
Netherlands,NLD,2024-10-01 23:00:00,2024-10-02 01:00:00,0.088
Netherlands,NLD,2024-10-02 00:00:00,2024-10-02 02:00:00,0.0856
Netherlands,NLD,2024-10-02 01:00:00,2024-10-02 03:00:00,0.081
Netherlands,NLD,2024-10-02 02:00:00,2024-10-02 04:00:00,0.07837999999999999
Netherlands,NLD,2024-10-02 03:00:00,2024-10-02 05:00:00,0.0808
Netherlands,NLD,2024-10-02 04:00:00,2024-10-02 06:00:00,0.09765
Netherlands,NLD,2024-10-02 05:00:00,2024-10-02 07:00:00,0.1199
Netherlands,NLD,2024-10-02 06:00:00,2024-10-02 08:00:00,0.13372
Netherlands,NLD,2024-10-02 07:00:00,2024-10-02 09:00:00,0.11623
Netherlands,NLD,2024-10-02 08:00:00,2024-10-02 10:00:00,0.097
Netherlands,NLD,2024-10-02 09:00:00,2024-10-02 11:00:00,0.09540000000000001
Netherlands,NLD,2024-10-02 10:00:00,2024-10-02 12:00:00,0.088
Netherlands,NLD,2024-10-02 11:00:00,2024-10-02 13:00:00,0.08056999999999999
Netherlands,NLD,2024-10-02 12:00:00,2024-10-02 14:00:00,0.079
Netherlands,NLD,2024-10-02 13:00:00,2024-10-02 15:00:00,0.08143
Netherlands,NLD,2024-10-02 14:00:00,2024-10-02 16:00:00,0.08158
Netherlands,NLD,2024-10-02 15:00:00,2024-10-02 17:00:00,0.09909
Netherlands,NLD,2024-10-02 16:00:00,2024-10-02 18:00:00,0.11701
Netherlands,NLD,2024-10-02 17:00:00,2024-10-02 19:00:00,0.13007
Netherlands,NLD,2024-10-02 18:00:00,2024-10-02 20:00:00,0.11437
Netherlands,NLD,2024-10-02 19:00:00,2024-10-02 21:00:00,0.09641
Netherlands,NLD,2024-10-02 20:00:00,2024-10-02 22:00:00,0.09342
Netherlands,NLD,2024-10-02 21:00:00,2024-10-02 23:00:00,0.085
Netherlands,NLD,2024-10-02 22:00:00,2024-10-03 00:00:00,0.066
Netherlands,NLD,2024-10-02 23:00:00,2024-10-03 01:00:00,0.0638
Netherlands,NLD,2024-10-03 00:00:00,2024-10-03 02:00:00,0.0799
Netherlands,NLD,2024-10-03 01:00:00,2024-10-03 03:00:00,0.08
Netherlands,NLD,2024-10-03 02:00:00,2024-10-03 04:00:00,0.08009999999999999
Netherlands,NLD,2024-10-03 03:00:00,2024-10-03 05:00:00,0.086
Netherlands,NLD,2024-10-03 04:00:00,2024-10-03 06:00:00,0.08867
Netherlands,NLD,2024-10-03 05:00:00,2024-10-03 07:00:00,0.1259
Netherlands,NLD,2024-10-03 06:00:00,2024-10-03 08:00:00,0.14348
Netherlands,NLD,2024-10-03 07:00:00,2024-10-03 09:00:00,0.10768000000000001
Netherlands,NLD,2024-10-03 08:00:00,2024-10-03 10:00:00,0.0701
Netherlands,NLD,2024-10-03 09:00:00,2024-10-03 11:00:00,0.06222
Netherlands,NLD,2024-10-03 10:00:00,2024-10-03 12:00:00,0.047009999999999996
Netherlands,NLD,2024-10-03 11:00:00,2024-10-03 13:00:00,0.03499
Netherlands,NLD,2024-10-03 12:00:00,2024-10-03 14:00:00,0.038340000000000006
Netherlands,NLD,2024-10-03 13:00:00,2024-10-03 15:00:00,0.047130000000000005
Netherlands,NLD,2024-10-03 14:00:00,2024-10-03 16:00:00,0.07027
Netherlands,NLD,2024-10-03 15:00:00,2024-10-03 17:00:00,0.0999
Netherlands,NLD,2024-10-03 16:00:00,2024-10-03 18:00:00,0.12146
Netherlands,NLD,2024-10-03 17:00:00,2024-10-03 19:00:00,0.14
Netherlands,NLD,2024-10-03 18:00:00,2024-10-03 20:00:00,0.12359999999999999
Netherlands,NLD,2024-10-03 19:00:00,2024-10-03 21:00:00,0.101
Netherlands,NLD,2024-10-03 20:00:00,2024-10-03 22:00:00,0.09762
Netherlands,NLD,2024-10-03 21:00:00,2024-10-03 23:00:00,0.09
Netherlands,NLD,2024-10-03 22:00:00,2024-10-04 00:00:00,0.0751
Netherlands,NLD,2024-10-03 23:00:00,2024-10-04 01:00:00,0.07252
Netherlands,NLD,2024-10-04 00:00:00,2024-10-04 02:00:00,0.07659999999999999
Netherlands,NLD,2024-10-04 01:00:00,2024-10-04 03:00:00,0.0799
Netherlands,NLD,2024-10-04 02:00:00,2024-10-04 04:00:00,0.07232999999999999
Netherlands,NLD,2024-10-04 03:00:00,2024-10-04 05:00:00,0.07709999999999999
Netherlands,NLD,2024-10-04 04:00:00,2024-10-04 06:00:00,0.103
Netherlands,NLD,2024-10-04 05:00:00,2024-10-04 07:00:00,0.12708
Netherlands,NLD,2024-10-04 06:00:00,2024-10-04 08:00:00,0.14142
Netherlands,NLD,2024-10-04 07:00:00,2024-10-04 09:00:00,0.11643
Netherlands,NLD,2024-10-04 08:00:00,2024-10-04 10:00:00,0.10015
Netherlands,NLD,2024-10-04 09:00:00,2024-10-04 11:00:00,0.08398
Netherlands,NLD,2024-10-04 10:00:00,2024-10-04 12:00:00,0.07413
Netherlands,NLD,2024-10-04 11:00:00,2024-10-04 13:00:00,0.07144
Netherlands,NLD,2024-10-04 12:00:00,2024-10-04 14:00:00,0.07244
Netherlands,NLD,2024-10-04 13:00:00,2024-10-04 15:00:00,0.07498
Netherlands,NLD,2024-10-04 14:00:00,2024-10-04 16:00:00,0.08567
Netherlands,NLD,2024-10-04 15:00:00,2024-10-04 17:00:00,0.10442
Netherlands,NLD,2024-10-04 16:00:00,2024-10-04 18:00:00,0.12918000000000002
Netherlands,NLD,2024-10-04 17:00:00,2024-10-04 19:00:00,0.148
Netherlands,NLD,2024-10-04 18:00:00,2024-10-04 20:00:00,0.1237
Netherlands,NLD,2024-10-04 19:00:00,2024-10-04 21:00:00,0.0999
Netherlands,NLD,2024-10-04 20:00:00,2024-10-04 22:00:00,0.0999
Netherlands,NLD,2024-10-04 21:00:00,2024-10-04 23:00:00,0.09
Netherlands,NLD,2024-10-04 22:00:00,2024-10-05 00:00:00,0.09309999999999999
Netherlands,NLD,2024-10-04 23:00:00,2024-10-05 01:00:00,0.08464
Netherlands,NLD,2024-10-05 00:00:00,2024-10-05 02:00:00,0.0814
Netherlands,NLD,2024-10-05 01:00:00,2024-10-05 03:00:00,0.07554000000000001
Netherlands,NLD,2024-10-05 02:00:00,2024-10-05 04:00:00,0.07572
Netherlands,NLD,2024-10-05 03:00:00,2024-10-05 05:00:00,0.07981999999999999
Netherlands,NLD,2024-10-05 04:00:00,2024-10-05 06:00:00,0.0862
Netherlands,NLD,2024-10-05 05:00:00,2024-10-05 07:00:00,0.1004
Netherlands,NLD,2024-10-05 06:00:00,2024-10-05 08:00:00,0.11062000000000001
Netherlands,NLD,2024-10-05 07:00:00,2024-10-05 09:00:00,0.10173
Netherlands,NLD,2024-10-05 08:00:00,2024-10-05 10:00:00,0.08008
Netherlands,NLD,2024-10-05 09:00:00,2024-10-05 11:00:00,0.06
Netherlands,NLD,2024-10-05 10:00:00,2024-10-05 12:00:00,0.04221
Netherlands,NLD,2024-10-05 11:00:00,2024-10-05 13:00:00,0.036
Netherlands,NLD,2024-10-05 12:00:00,2024-10-05 14:00:00,0.026
Netherlands,NLD,2024-10-05 13:00:00,2024-10-05 15:00:00,0.05611
Netherlands,NLD,2024-10-05 14:00:00,2024-10-05 16:00:00,0.07255
Netherlands,NLD,2024-10-05 15:00:00,2024-10-05 17:00:00,0.09255
Netherlands,NLD,2024-10-05 16:00:00,2024-10-05 18:00:00,0.13807
Netherlands,NLD,2024-10-05 17:00:00,2024-10-05 19:00:00,0.13797
Netherlands,NLD,2024-10-05 18:00:00,2024-10-05 20:00:00,0.10635
Netherlands,NLD,2024-10-05 19:00:00,2024-10-05 21:00:00,0.09456999999999999
Netherlands,NLD,2024-10-05 20:00:00,2024-10-05 22:00:00,0.08429
Netherlands,NLD,2024-10-05 21:00:00,2024-10-05 23:00:00,0.067
Netherlands,NLD,2024-10-05 22:00:00,2024-10-06 00:00:00,0.06512000000000001
Netherlands,NLD,2024-10-05 23:00:00,2024-10-06 01:00:00,0.060649999999999996
Netherlands,NLD,2024-10-06 00:00:00,2024-10-06 02:00:00,0.0591
Netherlands,NLD,2024-10-06 01:00:00,2024-10-06 03:00:00,0.05813
Netherlands,NLD,2024-10-06 02:00:00,2024-10-06 04:00:00,0.05693
Netherlands,NLD,2024-10-06 03:00:00,2024-10-06 05:00:00,0.05813
Netherlands,NLD,2024-10-06 04:00:00,2024-10-06 06:00:00,0.05793
Netherlands,NLD,2024-10-06 05:00:00,2024-10-06 07:00:00,0.06634999999999999
Netherlands,NLD,2024-10-06 06:00:00,2024-10-06 08:00:00,0.0701
Netherlands,NLD,2024-10-06 07:00:00,2024-10-06 09:00:00,0.0599
Netherlands,NLD,2024-10-06 08:00:00,2024-10-06 10:00:00,0.035
Netherlands,NLD,2024-10-06 09:00:00,2024-10-06 11:00:00,0.01668
Netherlands,NLD,2024-10-06 10:00:00,2024-10-06 12:00:00,0.00525
Netherlands,NLD,2024-10-06 11:00:00,2024-10-06 13:00:00,-1e-05
Netherlands,NLD,2024-10-06 12:00:00,2024-10-06 14:00:00,-1e-05
Netherlands,NLD,2024-10-06 13:00:00,2024-10-06 15:00:00,0.0002
Netherlands,NLD,2024-10-06 14:00:00,2024-10-06 16:00:00,0.0531
Netherlands,NLD,2024-10-06 15:00:00,2024-10-06 17:00:00,0.08278
Netherlands,NLD,2024-10-06 16:00:00,2024-10-06 18:00:00,0.10629999999999999
Netherlands,NLD,2024-10-06 17:00:00,2024-10-06 19:00:00,0.10629999999999999
Netherlands,NLD,2024-10-06 18:00:00,2024-10-06 20:00:00,0.09759999999999999
Netherlands,NLD,2024-10-06 19:00:00,2024-10-06 21:00:00,0.07629999999999999
Netherlands,NLD,2024-10-06 20:00:00,2024-10-06 22:00:00,0.0649
Netherlands,NLD,2024-10-06 21:00:00,2024-10-06 23:00:00,0.05171
Netherlands,NLD,2024-10-06 22:00:00,2024-10-07 00:00:00,0.03458
Netherlands,NLD,2024-10-06 23:00:00,2024-10-07 01:00:00,0.03534
Netherlands,NLD,2024-10-07 00:00:00,2024-10-07 02:00:00,0.03325
Netherlands,NLD,2024-10-07 01:00:00,2024-10-07 03:00:00,0.02996
Netherlands,NLD,2024-10-07 02:00:00,2024-10-07 04:00:00,0.03356
Netherlands,NLD,2024-10-07 03:00:00,2024-10-07 05:00:00,0.043
Netherlands,NLD,2024-10-07 04:00:00,2024-10-07 06:00:00,0.06408
Netherlands,NLD,2024-10-07 05:00:00,2024-10-07 07:00:00,0.102
Netherlands,NLD,2024-10-07 06:00:00,2024-10-07 08:00:00,0.10832
Netherlands,NLD,2024-10-07 07:00:00,2024-10-07 09:00:00,0.09183
Netherlands,NLD,2024-10-07 08:00:00,2024-10-07 10:00:00,0.06605
Netherlands,NLD,2024-10-07 09:00:00,2024-10-07 11:00:00,0.060200000000000004
Netherlands,NLD,2024-10-07 10:00:00,2024-10-07 12:00:00,0.045880000000000004
Netherlands,NLD,2024-10-07 11:00:00,2024-10-07 13:00:00,0.04329
Netherlands,NLD,2024-10-07 12:00:00,2024-10-07 14:00:00,0.055
Netherlands,NLD,2024-10-07 13:00:00,2024-10-07 15:00:00,0.061450000000000005
Netherlands,NLD,2024-10-07 14:00:00,2024-10-07 16:00:00,0.08879000000000001
Netherlands,NLD,2024-10-07 15:00:00,2024-10-07 17:00:00,0.1124
Netherlands,NLD,2024-10-07 16:00:00,2024-10-07 18:00:00,0.22765000000000002
Netherlands,NLD,2024-10-07 17:00:00,2024-10-07 19:00:00,0.21736000000000003
Netherlands,NLD,2024-10-07 18:00:00,2024-10-07 20:00:00,0.12743000000000002
Netherlands,NLD,2024-10-07 19:00:00,2024-10-07 21:00:00,0.09991
Netherlands,NLD,2024-10-07 20:00:00,2024-10-07 22:00:00,0.09433
Netherlands,NLD,2024-10-07 21:00:00,2024-10-07 23:00:00,0.07912000000000001
Netherlands,NLD,2024-10-07 22:00:00,2024-10-08 00:00:00,0.06872
Netherlands,NLD,2024-10-07 23:00:00,2024-10-08 01:00:00,0.062
Netherlands,NLD,2024-10-08 00:00:00,2024-10-08 02:00:00,0.05823
Netherlands,NLD,2024-10-08 01:00:00,2024-10-08 03:00:00,0.05285
Netherlands,NLD,2024-10-08 02:00:00,2024-10-08 04:00:00,0.05257
Netherlands,NLD,2024-10-08 03:00:00,2024-10-08 05:00:00,0.061399999999999996
Netherlands,NLD,2024-10-08 04:00:00,2024-10-08 06:00:00,0.08549
Netherlands,NLD,2024-10-08 05:00:00,2024-10-08 07:00:00,0.10661
Netherlands,NLD,2024-10-08 06:00:00,2024-10-08 08:00:00,0.11
Netherlands,NLD,2024-10-08 07:00:00,2024-10-08 09:00:00,0.0891
Netherlands,NLD,2024-10-08 08:00:00,2024-10-08 10:00:00,0.08033
Netherlands,NLD,2024-10-08 09:00:00,2024-10-08 11:00:00,0.07342
Netherlands,NLD,2024-10-08 10:00:00,2024-10-08 12:00:00,0.06651
Netherlands,NLD,2024-10-08 11:00:00,2024-10-08 13:00:00,0.07097
Netherlands,NLD,2024-10-08 12:00:00,2024-10-08 14:00:00,0.07579000000000001
Netherlands,NLD,2024-10-08 13:00:00,2024-10-08 15:00:00,0.07753
Netherlands,NLD,2024-10-08 14:00:00,2024-10-08 16:00:00,0.08592
Netherlands,NLD,2024-10-08 15:00:00,2024-10-08 17:00:00,0.114
Netherlands,NLD,2024-10-08 16:00:00,2024-10-08 18:00:00,0.144
Netherlands,NLD,2024-10-08 17:00:00,2024-10-08 19:00:00,0.15827000000000002
Netherlands,NLD,2024-10-08 18:00:00,2024-10-08 20:00:00,0.10923000000000001
Netherlands,NLD,2024-10-08 19:00:00,2024-10-08 21:00:00,0.09490000000000001
Netherlands,NLD,2024-10-08 20:00:00,2024-10-08 22:00:00,0.08186
Netherlands,NLD,2024-10-08 21:00:00,2024-10-08 23:00:00,0.06353
Netherlands,NLD,2024-10-08 22:00:00,2024-10-09 00:00:00,0.05636
Netherlands,NLD,2024-10-08 23:00:00,2024-10-09 01:00:00,0.05205
Netherlands,NLD,2024-10-09 00:00:00,2024-10-09 02:00:00,0.049210000000000004
Netherlands,NLD,2024-10-09 01:00:00,2024-10-09 03:00:00,0.046299999999999994
Netherlands,NLD,2024-10-09 02:00:00,2024-10-09 04:00:00,0.048850000000000005
Netherlands,NLD,2024-10-09 03:00:00,2024-10-09 05:00:00,0.05497
Netherlands,NLD,2024-10-09 04:00:00,2024-10-09 06:00:00,0.07787000000000001
Netherlands,NLD,2024-10-09 05:00:00,2024-10-09 07:00:00,0.09888
Netherlands,NLD,2024-10-09 06:00:00,2024-10-09 08:00:00,0.10109
Netherlands,NLD,2024-10-09 07:00:00,2024-10-09 09:00:00,0.087
Netherlands,NLD,2024-10-09 08:00:00,2024-10-09 10:00:00,0.06614
Netherlands,NLD,2024-10-09 09:00:00,2024-10-09 11:00:00,0.05528
Netherlands,NLD,2024-10-09 10:00:00,2024-10-09 12:00:00,0.055990000000000005
Netherlands,NLD,2024-10-09 11:00:00,2024-10-09 13:00:00,0.059
Netherlands,NLD,2024-10-09 12:00:00,2024-10-09 14:00:00,0.06848
Netherlands,NLD,2024-10-09 13:00:00,2024-10-09 15:00:00,0.08527
Netherlands,NLD,2024-10-09 14:00:00,2024-10-09 16:00:00,0.095
Netherlands,NLD,2024-10-09 15:00:00,2024-10-09 17:00:00,0.112
Netherlands,NLD,2024-10-09 16:00:00,2024-10-09 18:00:00,0.128
Netherlands,NLD,2024-10-09 17:00:00,2024-10-09 19:00:00,0.12916999999999998
Netherlands,NLD,2024-10-09 18:00:00,2024-10-09 20:00:00,0.1174
Netherlands,NLD,2024-10-09 19:00:00,2024-10-09 21:00:00,0.0999
Netherlands,NLD,2024-10-09 20:00:00,2024-10-09 22:00:00,0.09794
Netherlands,NLD,2024-10-09 21:00:00,2024-10-09 23:00:00,0.0795
Netherlands,NLD,2024-10-09 22:00:00,2024-10-10 00:00:00,0.07
Netherlands,NLD,2024-10-09 23:00:00,2024-10-10 01:00:00,0.04539
Netherlands,NLD,2024-10-10 00:00:00,2024-10-10 02:00:00,0.039
Netherlands,NLD,2024-10-10 01:00:00,2024-10-10 03:00:00,0.03534
Netherlands,NLD,2024-10-10 02:00:00,2024-10-10 04:00:00,0.0263
Netherlands,NLD,2024-10-10 03:00:00,2024-10-10 05:00:00,0.03379
Netherlands,NLD,2024-10-10 04:00:00,2024-10-10 06:00:00,0.05614
Netherlands,NLD,2024-10-10 05:00:00,2024-10-10 07:00:00,0.0849
Netherlands,NLD,2024-10-10 06:00:00,2024-10-10 08:00:00,0.08045999999999999
Netherlands,NLD,2024-10-10 07:00:00,2024-10-10 09:00:00,0.0675
Netherlands,NLD,2024-10-10 08:00:00,2024-10-10 10:00:00,0.05201
Netherlands,NLD,2024-10-10 09:00:00,2024-10-10 11:00:00,0.03893
Netherlands,NLD,2024-10-10 10:00:00,2024-10-10 12:00:00,0.02189
Netherlands,NLD,2024-10-10 11:00:00,2024-10-10 13:00:00,0.01594
Netherlands,NLD,2024-10-10 12:00:00,2024-10-10 14:00:00,0.02001
Netherlands,NLD,2024-10-10 13:00:00,2024-10-10 15:00:00,0.038369999999999994
Netherlands,NLD,2024-10-10 14:00:00,2024-10-10 16:00:00,0.058
Netherlands,NLD,2024-10-10 15:00:00,2024-10-10 17:00:00,0.08990000000000001
Netherlands,NLD,2024-10-10 16:00:00,2024-10-10 18:00:00,0.10990000000000001
Netherlands,NLD,2024-10-10 17:00:00,2024-10-10 19:00:00,0.14594
Netherlands,NLD,2024-10-10 18:00:00,2024-10-10 20:00:00,0.12
Netherlands,NLD,2024-10-10 19:00:00,2024-10-10 21:00:00,0.09040999999999999
Netherlands,NLD,2024-10-10 20:00:00,2024-10-10 22:00:00,0.09526000000000001
Netherlands,NLD,2024-10-10 21:00:00,2024-10-10 23:00:00,0.0862
Netherlands,NLD,2024-10-10 22:00:00,2024-10-11 00:00:00,0.0839
Netherlands,NLD,2024-10-10 23:00:00,2024-10-11 01:00:00,0.0799
Netherlands,NLD,2024-10-11 00:00:00,2024-10-11 02:00:00,0.07919
Netherlands,NLD,2024-10-11 01:00:00,2024-10-11 03:00:00,0.06791
Netherlands,NLD,2024-10-11 02:00:00,2024-10-11 04:00:00,0.06914000000000001
Netherlands,NLD,2024-10-11 03:00:00,2024-10-11 05:00:00,0.08029
Netherlands,NLD,2024-10-11 04:00:00,2024-10-11 06:00:00,0.09995
Netherlands,NLD,2024-10-11 05:00:00,2024-10-11 07:00:00,0.14041
Netherlands,NLD,2024-10-11 06:00:00,2024-10-11 08:00:00,0.15549000000000002
Netherlands,NLD,2024-10-11 07:00:00,2024-10-11 09:00:00,0.11001000000000001
Netherlands,NLD,2024-10-11 08:00:00,2024-10-11 10:00:00,0.09
Netherlands,NLD,2024-10-11 09:00:00,2024-10-11 11:00:00,0.07235
Netherlands,NLD,2024-10-11 10:00:00,2024-10-11 12:00:00,0.061649999999999996
Netherlands,NLD,2024-10-11 11:00:00,2024-10-11 13:00:00,0.05717
Netherlands,NLD,2024-10-11 12:00:00,2024-10-11 14:00:00,0.05956
Netherlands,NLD,2024-10-11 13:00:00,2024-10-11 15:00:00,0.06695999999999999
Netherlands,NLD,2024-10-11 14:00:00,2024-10-11 16:00:00,0.08535
Netherlands,NLD,2024-10-11 15:00:00,2024-10-11 17:00:00,0.1066
Netherlands,NLD,2024-10-11 16:00:00,2024-10-11 18:00:00,0.15835
Netherlands,NLD,2024-10-11 17:00:00,2024-10-11 19:00:00,0.17205
Netherlands,NLD,2024-10-11 18:00:00,2024-10-11 20:00:00,0.12
Netherlands,NLD,2024-10-11 19:00:00,2024-10-11 21:00:00,0.09979
Netherlands,NLD,2024-10-11 20:00:00,2024-10-11 22:00:00,0.1
Netherlands,NLD,2024-10-11 21:00:00,2024-10-11 23:00:00,0.09
Netherlands,NLD,2024-10-11 22:00:00,2024-10-12 00:00:00,0.09121
Netherlands,NLD,2024-10-11 23:00:00,2024-10-12 01:00:00,0.08333
Netherlands,NLD,2024-10-12 00:00:00,2024-10-12 02:00:00,0.08054
Netherlands,NLD,2024-10-12 01:00:00,2024-10-12 03:00:00,0.08145999999999999
Netherlands,NLD,2024-10-12 02:00:00,2024-10-12 04:00:00,0.07781
Netherlands,NLD,2024-10-12 03:00:00,2024-10-12 05:00:00,0.07490000000000001
Netherlands,NLD,2024-10-12 04:00:00,2024-10-12 06:00:00,0.07163
Netherlands,NLD,2024-10-12 05:00:00,2024-10-12 07:00:00,0.1056
Netherlands,NLD,2024-10-12 06:00:00,2024-10-12 08:00:00,0.122
Netherlands,NLD,2024-10-12 07:00:00,2024-10-12 09:00:00,0.1199
Netherlands,NLD,2024-10-12 08:00:00,2024-10-12 10:00:00,0.12581
Netherlands,NLD,2024-10-12 09:00:00,2024-10-12 11:00:00,0.08990000000000001
Netherlands,NLD,2024-10-12 10:00:00,2024-10-12 12:00:00,0.06759
Netherlands,NLD,2024-10-12 11:00:00,2024-10-12 13:00:00,0.04432
Netherlands,NLD,2024-10-12 12:00:00,2024-10-12 14:00:00,0.02334
Netherlands,NLD,2024-10-12 13:00:00,2024-10-12 15:00:00,0.04635
Netherlands,NLD,2024-10-12 14:00:00,2024-10-12 16:00:00,0.06947
Netherlands,NLD,2024-10-12 15:00:00,2024-10-12 17:00:00,0.08455
Netherlands,NLD,2024-10-12 16:00:00,2024-10-12 18:00:00,0.08277
Netherlands,NLD,2024-10-12 17:00:00,2024-10-12 19:00:00,0.07944
Netherlands,NLD,2024-10-12 18:00:00,2024-10-12 20:00:00,0.060579999999999995
Netherlands,NLD,2024-10-12 19:00:00,2024-10-12 21:00:00,0.04542
Netherlands,NLD,2024-10-12 20:00:00,2024-10-12 22:00:00,0.03487
Netherlands,NLD,2024-10-12 21:00:00,2024-10-12 23:00:00,0.02537
Netherlands,NLD,2024-10-12 22:00:00,2024-10-13 00:00:00,0.0
Netherlands,NLD,2024-10-12 23:00:00,2024-10-13 01:00:00,-1e-05
Netherlands,NLD,2024-10-13 00:00:00,2024-10-13 02:00:00,-7.000000000000001e-05
Netherlands,NLD,2024-10-13 01:00:00,2024-10-13 03:00:00,-0.00037
Netherlands,NLD,2024-10-13 02:00:00,2024-10-13 04:00:00,-0.00051
Netherlands,NLD,2024-10-13 03:00:00,2024-10-13 05:00:00,-8.999999999999999e-05
Netherlands,NLD,2024-10-13 04:00:00,2024-10-13 06:00:00,-1e-05
Netherlands,NLD,2024-10-13 05:00:00,2024-10-13 07:00:00,0.00172
Netherlands,NLD,2024-10-13 06:00:00,2024-10-13 08:00:00,0.01796
Netherlands,NLD,2024-10-13 07:00:00,2024-10-13 09:00:00,0.00985
Netherlands,NLD,2024-10-13 08:00:00,2024-10-13 10:00:00,0.0
Netherlands,NLD,2024-10-13 09:00:00,2024-10-13 11:00:00,-0.01
Netherlands,NLD,2024-10-13 10:00:00,2024-10-13 12:00:00,-0.010060000000000001
Netherlands,NLD,2024-10-13 11:00:00,2024-10-13 13:00:00,-0.010039999999999999
Netherlands,NLD,2024-10-13 12:00:00,2024-10-13 14:00:00,-0.0030099999999999997
Netherlands,NLD,2024-10-13 13:00:00,2024-10-13 15:00:00,0.00728
Netherlands,NLD,2024-10-13 14:00:00,2024-10-13 16:00:00,0.03014
Netherlands,NLD,2024-10-13 15:00:00,2024-10-13 17:00:00,0.115
Netherlands,NLD,2024-10-13 16:00:00,2024-10-13 18:00:00,0.11874
Netherlands,NLD,2024-10-13 17:00:00,2024-10-13 19:00:00,0.13197
Netherlands,NLD,2024-10-13 18:00:00,2024-10-13 20:00:00,0.10807
Netherlands,NLD,2024-10-13 19:00:00,2024-10-13 21:00:00,0.0999
Netherlands,NLD,2024-10-13 20:00:00,2024-10-13 22:00:00,0.094
Netherlands,NLD,2024-10-13 21:00:00,2024-10-13 23:00:00,0.09
Netherlands,NLD,2024-10-13 22:00:00,2024-10-14 00:00:00,0.104
Netherlands,NLD,2024-10-13 23:00:00,2024-10-14 01:00:00,0.08990000000000001
Netherlands,NLD,2024-10-14 00:00:00,2024-10-14 02:00:00,0.098
Netherlands,NLD,2024-10-14 01:00:00,2024-10-14 03:00:00,0.094
Netherlands,NLD,2024-10-14 02:00:00,2024-10-14 04:00:00,0.072
Netherlands,NLD,2024-10-14 03:00:00,2024-10-14 05:00:00,0.062200000000000005
Netherlands,NLD,2024-10-14 04:00:00,2024-10-14 06:00:00,0.09874
Netherlands,NLD,2024-10-14 05:00:00,2024-10-14 07:00:00,0.13053
Netherlands,NLD,2024-10-14 06:00:00,2024-10-14 08:00:00,0.15312
Netherlands,NLD,2024-10-14 07:00:00,2024-10-14 09:00:00,0.12558
Netherlands,NLD,2024-10-14 08:00:00,2024-10-14 10:00:00,0.103
Netherlands,NLD,2024-10-14 09:00:00,2024-10-14 11:00:00,0.09553
Netherlands,NLD,2024-10-14 10:00:00,2024-10-14 12:00:00,0.09156
Netherlands,NLD,2024-10-14 11:00:00,2024-10-14 13:00:00,0.085
Netherlands,NLD,2024-10-14 12:00:00,2024-10-14 14:00:00,0.07415999999999999
Netherlands,NLD,2024-10-14 13:00:00,2024-10-14 15:00:00,0.08832
Netherlands,NLD,2024-10-14 14:00:00,2024-10-14 16:00:00,0.10579000000000001
Netherlands,NLD,2024-10-14 15:00:00,2024-10-14 17:00:00,0.15850999999999998
Netherlands,NLD,2024-10-14 16:00:00,2024-10-14 18:00:00,0.25
Netherlands,NLD,2024-10-14 17:00:00,2024-10-14 19:00:00,0.26327
Netherlands,NLD,2024-10-14 18:00:00,2024-10-14 20:00:00,0.158
Netherlands,NLD,2024-10-14 19:00:00,2024-10-14 21:00:00,0.11364
Netherlands,NLD,2024-10-14 20:00:00,2024-10-14 22:00:00,0.09966
Netherlands,NLD,2024-10-14 21:00:00,2024-10-14 23:00:00,0.0948
Netherlands,NLD,2024-10-14 22:00:00,2024-10-15 00:00:00,0.09040000000000001
Netherlands,NLD,2024-10-14 23:00:00,2024-10-15 01:00:00,0.08608
Netherlands,NLD,2024-10-15 00:00:00,2024-10-15 02:00:00,0.08876
Netherlands,NLD,2024-10-15 01:00:00,2024-10-15 03:00:00,0.08404
Netherlands,NLD,2024-10-15 02:00:00,2024-10-15 04:00:00,0.07994
Netherlands,NLD,2024-10-15 03:00:00,2024-10-15 05:00:00,0.087
Netherlands,NLD,2024-10-15 04:00:00,2024-10-15 06:00:00,0.10990000000000001
Netherlands,NLD,2024-10-15 05:00:00,2024-10-15 07:00:00,0.17593999999999999
Netherlands,NLD,2024-10-15 06:00:00,2024-10-15 08:00:00,0.17113
Netherlands,NLD,2024-10-15 07:00:00,2024-10-15 09:00:00,0.11054
Netherlands,NLD,2024-10-15 08:00:00,2024-10-15 10:00:00,0.09273999999999999
Netherlands,NLD,2024-10-15 09:00:00,2024-10-15 11:00:00,0.08305
Netherlands,NLD,2024-10-15 10:00:00,2024-10-15 12:00:00,0.07847
Netherlands,NLD,2024-10-15 11:00:00,2024-10-15 13:00:00,0.07116
Netherlands,NLD,2024-10-15 12:00:00,2024-10-15 14:00:00,0.07003
Netherlands,NLD,2024-10-15 13:00:00,2024-10-15 15:00:00,0.07737000000000001
Netherlands,NLD,2024-10-15 14:00:00,2024-10-15 16:00:00,0.08633
Netherlands,NLD,2024-10-15 15:00:00,2024-10-15 17:00:00,0.11617
Netherlands,NLD,2024-10-15 16:00:00,2024-10-15 18:00:00,0.13218000000000002
Netherlands,NLD,2024-10-15 17:00:00,2024-10-15 19:00:00,0.10153
Netherlands,NLD,2024-10-15 18:00:00,2024-10-15 20:00:00,0.07690000000000001
Netherlands,NLD,2024-10-15 19:00:00,2024-10-15 21:00:00,0.06644
Netherlands,NLD,2024-10-15 20:00:00,2024-10-15 22:00:00,0.05924
Netherlands,NLD,2024-10-15 21:00:00,2024-10-15 23:00:00,0.04213
Netherlands,NLD,2024-10-15 22:00:00,2024-10-16 00:00:00,0.02554
Netherlands,NLD,2024-10-15 23:00:00,2024-10-16 01:00:00,0.0128
Netherlands,NLD,2024-10-16 00:00:00,2024-10-16 02:00:00,0.0053
Netherlands,NLD,2024-10-16 01:00:00,2024-10-16 03:00:00,0.00361
Netherlands,NLD,2024-10-16 02:00:00,2024-10-16 04:00:00,0.0028599999999999997
Netherlands,NLD,2024-10-16 03:00:00,2024-10-16 05:00:00,0.00719
Netherlands,NLD,2024-10-16 04:00:00,2024-10-16 06:00:00,0.04136
Netherlands,NLD,2024-10-16 05:00:00,2024-10-16 07:00:00,0.0615
Netherlands,NLD,2024-10-16 06:00:00,2024-10-16 08:00:00,0.08009999999999999
Netherlands,NLD,2024-10-16 07:00:00,2024-10-16 09:00:00,0.05429
Netherlands,NLD,2024-10-16 08:00:00,2024-10-16 10:00:00,0.02668
Netherlands,NLD,2024-10-16 09:00:00,2024-10-16 11:00:00,0.01416
Netherlands,NLD,2024-10-16 10:00:00,2024-10-16 12:00:00,0.00409
Netherlands,NLD,2024-10-16 11:00:00,2024-10-16 13:00:00,0.00204
Netherlands,NLD,2024-10-16 12:00:00,2024-10-16 14:00:00,0.004
Netherlands,NLD,2024-10-16 13:00:00,2024-10-16 15:00:00,0.01418
Netherlands,NLD,2024-10-16 14:00:00,2024-10-16 16:00:00,0.052
Netherlands,NLD,2024-10-16 15:00:00,2024-10-16 17:00:00,0.0999
Netherlands,NLD,2024-10-16 16:00:00,2024-10-16 18:00:00,0.106
Netherlands,NLD,2024-10-16 17:00:00,2024-10-16 19:00:00,0.104
Netherlands,NLD,2024-10-16 18:00:00,2024-10-16 20:00:00,0.07873999999999999
Netherlands,NLD,2024-10-16 19:00:00,2024-10-16 21:00:00,0.067
Netherlands,NLD,2024-10-16 20:00:00,2024-10-16 22:00:00,0.03514
Netherlands,NLD,2024-10-16 21:00:00,2024-10-16 23:00:00,0.026539999999999998
Netherlands,NLD,2024-10-16 22:00:00,2024-10-17 00:00:00,0.01704
Netherlands,NLD,2024-10-16 23:00:00,2024-10-17 01:00:00,0.012150000000000001
Netherlands,NLD,2024-10-17 00:00:00,2024-10-17 02:00:00,0.01048
Netherlands,NLD,2024-10-17 01:00:00,2024-10-17 03:00:00,0.00561
Netherlands,NLD,2024-10-17 02:00:00,2024-10-17 04:00:00,0.01001
Netherlands,NLD,2024-10-17 03:00:00,2024-10-17 05:00:00,0.02897
Netherlands,NLD,2024-10-17 04:00:00,2024-10-17 06:00:00,0.06922
Netherlands,NLD,2024-10-17 05:00:00,2024-10-17 07:00:00,0.09894
Netherlands,NLD,2024-10-17 06:00:00,2024-10-17 08:00:00,0.1018
Netherlands,NLD,2024-10-17 07:00:00,2024-10-17 09:00:00,0.1041
Netherlands,NLD,2024-10-17 08:00:00,2024-10-17 10:00:00,0.10191
Netherlands,NLD,2024-10-17 09:00:00,2024-10-17 11:00:00,0.098
Netherlands,NLD,2024-10-17 10:00:00,2024-10-17 12:00:00,0.096
Netherlands,NLD,2024-10-17 11:00:00,2024-10-17 13:00:00,0.0947
Netherlands,NLD,2024-10-17 12:00:00,2024-10-17 14:00:00,0.09259999999999999
Netherlands,NLD,2024-10-17 13:00:00,2024-10-17 15:00:00,0.09659999999999999
Netherlands,NLD,2024-10-17 14:00:00,2024-10-17 16:00:00,0.096
Netherlands,NLD,2024-10-17 15:00:00,2024-10-17 17:00:00,0.1247
Netherlands,NLD,2024-10-17 16:00:00,2024-10-17 18:00:00,0.18131999999999998
Netherlands,NLD,2024-10-17 17:00:00,2024-10-17 19:00:00,0.171
Netherlands,NLD,2024-10-17 18:00:00,2024-10-17 20:00:00,0.1175
Netherlands,NLD,2024-10-17 19:00:00,2024-10-17 21:00:00,0.1
Netherlands,NLD,2024-10-17 20:00:00,2024-10-17 22:00:00,0.097
Netherlands,NLD,2024-10-17 21:00:00,2024-10-17 23:00:00,0.0884
Netherlands,NLD,2024-10-17 22:00:00,2024-10-18 00:00:00,0.08727
Netherlands,NLD,2024-10-17 23:00:00,2024-10-18 01:00:00,0.08592
Netherlands,NLD,2024-10-18 00:00:00,2024-10-18 02:00:00,0.08971
Netherlands,NLD,2024-10-18 01:00:00,2024-10-18 03:00:00,0.08268
Netherlands,NLD,2024-10-18 02:00:00,2024-10-18 04:00:00,0.08697
Netherlands,NLD,2024-10-18 03:00:00,2024-10-18 05:00:00,0.08705
Netherlands,NLD,2024-10-18 04:00:00,2024-10-18 06:00:00,0.10058
Netherlands,NLD,2024-10-18 05:00:00,2024-10-18 07:00:00,0.14665999999999998
Netherlands,NLD,2024-10-18 06:00:00,2024-10-18 08:00:00,0.15766999999999998
Netherlands,NLD,2024-10-18 07:00:00,2024-10-18 09:00:00,0.11810999999999999
Netherlands,NLD,2024-10-18 08:00:00,2024-10-18 10:00:00,0.10345
Netherlands,NLD,2024-10-18 09:00:00,2024-10-18 11:00:00,0.08996
Netherlands,NLD,2024-10-18 10:00:00,2024-10-18 12:00:00,0.09033
Netherlands,NLD,2024-10-18 11:00:00,2024-10-18 13:00:00,0.0862
Netherlands,NLD,2024-10-18 12:00:00,2024-10-18 14:00:00,0.09053
Netherlands,NLD,2024-10-18 13:00:00,2024-10-18 15:00:00,0.0868
Netherlands,NLD,2024-10-18 14:00:00,2024-10-18 16:00:00,0.10329
Netherlands,NLD,2024-10-18 15:00:00,2024-10-18 17:00:00,0.13366999999999998
Netherlands,NLD,2024-10-18 16:00:00,2024-10-18 18:00:00,0.181
Netherlands,NLD,2024-10-18 17:00:00,2024-10-18 19:00:00,0.14285
Netherlands,NLD,2024-10-18 18:00:00,2024-10-18 20:00:00,0.10325
Netherlands,NLD,2024-10-18 19:00:00,2024-10-18 21:00:00,0.09706000000000001
Netherlands,NLD,2024-10-18 20:00:00,2024-10-18 22:00:00,0.09713
Netherlands,NLD,2024-10-18 21:00:00,2024-10-18 23:00:00,0.08674
Netherlands,NLD,2024-10-18 22:00:00,2024-10-19 00:00:00,0.09109
Netherlands,NLD,2024-10-18 23:00:00,2024-10-19 01:00:00,0.09207
Netherlands,NLD,2024-10-19 00:00:00,2024-10-19 02:00:00,0.08788
Netherlands,NLD,2024-10-19 01:00:00,2024-10-19 03:00:00,0.08108
Netherlands,NLD,2024-10-19 02:00:00,2024-10-19 04:00:00,0.08465
Netherlands,NLD,2024-10-19 03:00:00,2024-10-19 05:00:00,0.08348
Netherlands,NLD,2024-10-19 04:00:00,2024-10-19 06:00:00,0.08320999999999999
Netherlands,NLD,2024-10-19 05:00:00,2024-10-19 07:00:00,0.09054999999999999
Netherlands,NLD,2024-10-19 06:00:00,2024-10-19 08:00:00,0.0987
Netherlands,NLD,2024-10-19 07:00:00,2024-10-19 09:00:00,0.09179999999999999
Netherlands,NLD,2024-10-19 08:00:00,2024-10-19 10:00:00,0.07859000000000001
Netherlands,NLD,2024-10-19 09:00:00,2024-10-19 11:00:00,0.07203
Netherlands,NLD,2024-10-19 10:00:00,2024-10-19 12:00:00,0.066
Netherlands,NLD,2024-10-19 11:00:00,2024-10-19 13:00:00,0.060149999999999995
Netherlands,NLD,2024-10-19 12:00:00,2024-10-19 14:00:00,0.061
Netherlands,NLD,2024-10-19 13:00:00,2024-10-19 15:00:00,0.07545
Netherlands,NLD,2024-10-19 14:00:00,2024-10-19 16:00:00,0.096
Netherlands,NLD,2024-10-19 15:00:00,2024-10-19 17:00:00,0.10683
Netherlands,NLD,2024-10-19 16:00:00,2024-10-19 18:00:00,0.13313
Netherlands,NLD,2024-10-19 17:00:00,2024-10-19 19:00:00,0.117
Netherlands,NLD,2024-10-19 18:00:00,2024-10-19 20:00:00,0.09545000000000001
Netherlands,NLD,2024-10-19 19:00:00,2024-10-19 21:00:00,0.0886
Netherlands,NLD,2024-10-19 20:00:00,2024-10-19 22:00:00,0.08341
Netherlands,NLD,2024-10-19 21:00:00,2024-10-19 23:00:00,0.07332999999999999
Netherlands,NLD,2024-10-19 22:00:00,2024-10-20 00:00:00,0.05404
Netherlands,NLD,2024-10-19 23:00:00,2024-10-20 01:00:00,0.0549
Netherlands,NLD,2024-10-20 00:00:00,2024-10-20 02:00:00,0.05458
Netherlands,NLD,2024-10-20 01:00:00,2024-10-20 03:00:00,0.055909999999999994
Netherlands,NLD,2024-10-20 02:00:00,2024-10-20 04:00:00,0.059590000000000004
Netherlands,NLD,2024-10-20 03:00:00,2024-10-20 05:00:00,0.06301
Netherlands,NLD,2024-10-20 04:00:00,2024-10-20 06:00:00,0.05995
Netherlands,NLD,2024-10-20 05:00:00,2024-10-20 07:00:00,0.07324
Netherlands,NLD,2024-10-20 06:00:00,2024-10-20 08:00:00,0.0658
Netherlands,NLD,2024-10-20 07:00:00,2024-10-20 09:00:00,0.04436
Netherlands,NLD,2024-10-20 08:00:00,2024-10-20 10:00:00,0.00637
Netherlands,NLD,2024-10-20 09:00:00,2024-10-20 11:00:00,8e-05
Netherlands,NLD,2024-10-20 10:00:00,2024-10-20 12:00:00,0.0
Netherlands,NLD,2024-10-20 11:00:00,2024-10-20 13:00:00,-0.00098
Netherlands,NLD,2024-10-20 12:00:00,2024-10-20 14:00:00,-0.0020099999999999996
Netherlands,NLD,2024-10-20 13:00:00,2024-10-20 15:00:00,0.0
Netherlands,NLD,2024-10-20 14:00:00,2024-10-20 16:00:00,0.005
Netherlands,NLD,2024-10-20 15:00:00,2024-10-20 17:00:00,0.055549999999999995
Netherlands,NLD,2024-10-20 16:00:00,2024-10-20 18:00:00,0.06
Netherlands,NLD,2024-10-20 17:00:00,2024-10-20 19:00:00,0.047439999999999996
Netherlands,NLD,2024-10-20 18:00:00,2024-10-20 20:00:00,0.03509
Netherlands,NLD,2024-10-20 19:00:00,2024-10-20 21:00:00,0.02172
Netherlands,NLD,2024-10-20 20:00:00,2024-10-20 22:00:00,0.01266
Netherlands,NLD,2024-10-20 21:00:00,2024-10-20 23:00:00,0.00202
Netherlands,NLD,2024-10-20 22:00:00,2024-10-21 00:00:00,-0.0001
Netherlands,NLD,2024-10-20 23:00:00,2024-10-21 01:00:00,-0.0001
Netherlands,NLD,2024-10-21 00:00:00,2024-10-21 02:00:00,-0.00014000000000000001
Netherlands,NLD,2024-10-21 01:00:00,2024-10-21 03:00:00,-8e-05
Netherlands,NLD,2024-10-21 02:00:00,2024-10-21 04:00:00,0.0
Netherlands,NLD,2024-10-21 03:00:00,2024-10-21 05:00:00,0.0034500000000000004
Netherlands,NLD,2024-10-21 04:00:00,2024-10-21 06:00:00,0.06196
Netherlands,NLD,2024-10-21 05:00:00,2024-10-21 07:00:00,0.10413
Netherlands,NLD,2024-10-21 06:00:00,2024-10-21 08:00:00,0.12035
Netherlands,NLD,2024-10-21 07:00:00,2024-10-21 09:00:00,0.1039
Netherlands,NLD,2024-10-21 08:00:00,2024-10-21 10:00:00,0.091
Netherlands,NLD,2024-10-21 09:00:00,2024-10-21 11:00:00,0.08491
Netherlands,NLD,2024-10-21 10:00:00,2024-10-21 12:00:00,0.08
Netherlands,NLD,2024-10-21 11:00:00,2024-10-21 13:00:00,0.08315
Netherlands,NLD,2024-10-21 12:00:00,2024-10-21 14:00:00,0.08319
Netherlands,NLD,2024-10-21 13:00:00,2024-10-21 15:00:00,0.09581999999999999
Netherlands,NLD,2024-10-21 14:00:00,2024-10-21 16:00:00,0.11657
Netherlands,NLD,2024-10-21 15:00:00,2024-10-21 17:00:00,0.13004
Netherlands,NLD,2024-10-21 16:00:00,2024-10-21 18:00:00,0.21215
Netherlands,NLD,2024-10-21 17:00:00,2024-10-21 19:00:00,0.18835
Netherlands,NLD,2024-10-21 18:00:00,2024-10-21 20:00:00,0.12818000000000002
Netherlands,NLD,2024-10-21 19:00:00,2024-10-21 21:00:00,0.10056
Netherlands,NLD,2024-10-21 20:00:00,2024-10-21 22:00:00,0.09779
Netherlands,NLD,2024-10-21 21:00:00,2024-10-21 23:00:00,0.09297
Netherlands,NLD,2024-10-21 22:00:00,2024-10-22 00:00:00,0.08942
Netherlands,NLD,2024-10-21 23:00:00,2024-10-22 01:00:00,0.08704
Netherlands,NLD,2024-10-22 00:00:00,2024-10-22 02:00:00,0.08433
Netherlands,NLD,2024-10-22 01:00:00,2024-10-22 03:00:00,0.0836
Netherlands,NLD,2024-10-22 02:00:00,2024-10-22 04:00:00,0.08302
Netherlands,NLD,2024-10-22 03:00:00,2024-10-22 05:00:00,0.086
Netherlands,NLD,2024-10-22 04:00:00,2024-10-22 06:00:00,0.09814
Netherlands,NLD,2024-10-22 05:00:00,2024-10-22 07:00:00,0.15
Netherlands,NLD,2024-10-22 06:00:00,2024-10-22 08:00:00,0.16301
Netherlands,NLD,2024-10-22 07:00:00,2024-10-22 09:00:00,0.11337
Netherlands,NLD,2024-10-22 08:00:00,2024-10-22 10:00:00,0.09879
Netherlands,NLD,2024-10-22 09:00:00,2024-10-22 11:00:00,0.08853
Netherlands,NLD,2024-10-22 10:00:00,2024-10-22 12:00:00,0.07761
Netherlands,NLD,2024-10-22 11:00:00,2024-10-22 13:00:00,0.07088
Netherlands,NLD,2024-10-22 12:00:00,2024-10-22 14:00:00,0.07193000000000001
Netherlands,NLD,2024-10-22 13:00:00,2024-10-22 15:00:00,0.0818
Netherlands,NLD,2024-10-22 14:00:00,2024-10-22 16:00:00,0.10311
Netherlands,NLD,2024-10-22 15:00:00,2024-10-22 17:00:00,0.10745
Netherlands,NLD,2024-10-22 16:00:00,2024-10-22 18:00:00,0.13992
Netherlands,NLD,2024-10-22 17:00:00,2024-10-22 19:00:00,0.15832
Netherlands,NLD,2024-10-22 18:00:00,2024-10-22 20:00:00,0.11428
Netherlands,NLD,2024-10-22 19:00:00,2024-10-22 21:00:00,0.09959
Netherlands,NLD,2024-10-22 20:00:00,2024-10-22 22:00:00,0.09573000000000001
Netherlands,NLD,2024-10-22 21:00:00,2024-10-22 23:00:00,0.08835
Netherlands,NLD,2024-10-22 22:00:00,2024-10-23 00:00:00,0.08116
Netherlands,NLD,2024-10-22 23:00:00,2024-10-23 01:00:00,0.08378000000000001
Netherlands,NLD,2024-10-23 00:00:00,2024-10-23 02:00:00,0.08353000000000001
Netherlands,NLD,2024-10-23 01:00:00,2024-10-23 03:00:00,0.08581
Netherlands,NLD,2024-10-23 02:00:00,2024-10-23 04:00:00,0.08369
Netherlands,NLD,2024-10-23 03:00:00,2024-10-23 05:00:00,0.09064
Netherlands,NLD,2024-10-23 04:00:00,2024-10-23 06:00:00,0.10472
Netherlands,NLD,2024-10-23 05:00:00,2024-10-23 07:00:00,0.13749
Netherlands,NLD,2024-10-23 06:00:00,2024-10-23 08:00:00,0.16241
Netherlands,NLD,2024-10-23 07:00:00,2024-10-23 09:00:00,0.12769
Netherlands,NLD,2024-10-23 08:00:00,2024-10-23 10:00:00,0.1022
Netherlands,NLD,2024-10-23 09:00:00,2024-10-23 11:00:00,0.09124
Netherlands,NLD,2024-10-23 10:00:00,2024-10-23 12:00:00,0.08236
Netherlands,NLD,2024-10-23 11:00:00,2024-10-23 13:00:00,0.07707
Netherlands,NLD,2024-10-23 12:00:00,2024-10-23 14:00:00,0.07542
Netherlands,NLD,2024-10-23 13:00:00,2024-10-23 15:00:00,0.0842
Netherlands,NLD,2024-10-23 14:00:00,2024-10-23 16:00:00,0.09737
Netherlands,NLD,2024-10-23 15:00:00,2024-10-23 17:00:00,0.13997
Netherlands,NLD,2024-10-23 16:00:00,2024-10-23 18:00:00,0.20536000000000001
Netherlands,NLD,2024-10-23 17:00:00,2024-10-23 19:00:00,0.176
Netherlands,NLD,2024-10-23 18:00:00,2024-10-23 20:00:00,0.11316
Netherlands,NLD,2024-10-23 19:00:00,2024-10-23 21:00:00,0.10122
Netherlands,NLD,2024-10-23 20:00:00,2024-10-23 22:00:00,0.10293000000000001
Netherlands,NLD,2024-10-23 21:00:00,2024-10-23 23:00:00,0.09315999999999999
Netherlands,NLD,2024-10-23 22:00:00,2024-10-24 00:00:00,0.08676
Netherlands,NLD,2024-10-23 23:00:00,2024-10-24 01:00:00,0.08011
Netherlands,NLD,2024-10-24 00:00:00,2024-10-24 02:00:00,0.07809999999999999
Netherlands,NLD,2024-10-24 01:00:00,2024-10-24 03:00:00,0.07567
Netherlands,NLD,2024-10-24 02:00:00,2024-10-24 04:00:00,0.07607
Netherlands,NLD,2024-10-24 03:00:00,2024-10-24 05:00:00,0.08017
Netherlands,NLD,2024-10-24 04:00:00,2024-10-24 06:00:00,0.10035
Netherlands,NLD,2024-10-24 05:00:00,2024-10-24 07:00:00,0.14186
Netherlands,NLD,2024-10-24 06:00:00,2024-10-24 08:00:00,0.16538999999999998
Netherlands,NLD,2024-10-24 07:00:00,2024-10-24 09:00:00,0.11477
Netherlands,NLD,2024-10-24 08:00:00,2024-10-24 10:00:00,0.09831000000000001
Netherlands,NLD,2024-10-24 09:00:00,2024-10-24 11:00:00,0.08903
Netherlands,NLD,2024-10-24 10:00:00,2024-10-24 12:00:00,0.08
Netherlands,NLD,2024-10-24 11:00:00,2024-10-24 13:00:00,0.07508
Netherlands,NLD,2024-10-24 12:00:00,2024-10-24 14:00:00,0.07513
Netherlands,NLD,2024-10-24 13:00:00,2024-10-24 15:00:00,0.08727
Netherlands,NLD,2024-10-24 14:00:00,2024-10-24 16:00:00,0.10615000000000001
Netherlands,NLD,2024-10-24 15:00:00,2024-10-24 17:00:00,0.12358
Netherlands,NLD,2024-10-24 16:00:00,2024-10-24 18:00:00,0.13637
Netherlands,NLD,2024-10-24 17:00:00,2024-10-24 19:00:00,0.11604
Netherlands,NLD,2024-10-24 18:00:00,2024-10-24 20:00:00,0.09661
Netherlands,NLD,2024-10-24 19:00:00,2024-10-24 21:00:00,0.09329000000000001
Netherlands,NLD,2024-10-24 20:00:00,2024-10-24 22:00:00,0.11145999999999999
Netherlands,NLD,2024-10-24 21:00:00,2024-10-24 23:00:00,0.08361
Netherlands,NLD,2024-10-24 22:00:00,2024-10-25 00:00:00,0.0825
Netherlands,NLD,2024-10-24 23:00:00,2024-10-25 01:00:00,0.08206999999999999
Netherlands,NLD,2024-10-25 00:00:00,2024-10-25 02:00:00,0.07969
Netherlands,NLD,2024-10-25 01:00:00,2024-10-25 03:00:00,0.08259999999999999
Netherlands,NLD,2024-10-25 02:00:00,2024-10-25 04:00:00,0.08447
Netherlands,NLD,2024-10-25 03:00:00,2024-10-25 05:00:00,0.09459000000000001
Netherlands,NLD,2024-10-25 04:00:00,2024-10-25 06:00:00,0.10343000000000001
Netherlands,NLD,2024-10-25 05:00:00,2024-10-25 07:00:00,0.12003
Netherlands,NLD,2024-10-25 06:00:00,2024-10-25 08:00:00,0.1432
Netherlands,NLD,2024-10-25 07:00:00,2024-10-25 09:00:00,0.11874
Netherlands,NLD,2024-10-25 08:00:00,2024-10-25 10:00:00,0.10514
Netherlands,NLD,2024-10-25 09:00:00,2024-10-25 11:00:00,0.09071
Netherlands,NLD,2024-10-25 10:00:00,2024-10-25 12:00:00,0.07914
Netherlands,NLD,2024-10-25 11:00:00,2024-10-25 13:00:00,0.07617
Netherlands,NLD,2024-10-25 12:00:00,2024-10-25 14:00:00,0.0799
Netherlands,NLD,2024-10-25 13:00:00,2024-10-25 15:00:00,0.0942
Netherlands,NLD,2024-10-25 14:00:00,2024-10-25 16:00:00,0.1105
Netherlands,NLD,2024-10-25 15:00:00,2024-10-25 17:00:00,0.14548
Netherlands,NLD,2024-10-25 16:00:00,2024-10-25 18:00:00,0.20940999999999999
Netherlands,NLD,2024-10-25 17:00:00,2024-10-25 19:00:00,0.17636000000000002
Netherlands,NLD,2024-10-25 18:00:00,2024-10-25 20:00:00,0.12168000000000001
Netherlands,NLD,2024-10-25 19:00:00,2024-10-25 21:00:00,0.11369
Netherlands,NLD,2024-10-25 20:00:00,2024-10-25 22:00:00,0.11148999999999999
Netherlands,NLD,2024-10-25 21:00:00,2024-10-25 23:00:00,0.10422
Netherlands,NLD,2024-10-25 22:00:00,2024-10-26 00:00:00,0.10995
Netherlands,NLD,2024-10-25 23:00:00,2024-10-26 01:00:00,0.1045
Netherlands,NLD,2024-10-26 00:00:00,2024-10-26 02:00:00,0.1027
Netherlands,NLD,2024-10-26 01:00:00,2024-10-26 03:00:00,0.1025
Netherlands,NLD,2024-10-26 02:00:00,2024-10-26 04:00:00,0.09923
Netherlands,NLD,2024-10-26 03:00:00,2024-10-26 05:00:00,0.1003
Netherlands,NLD,2024-10-26 04:00:00,2024-10-26 06:00:00,0.10526
Netherlands,NLD,2024-10-26 05:00:00,2024-10-26 07:00:00,0.11829
Netherlands,NLD,2024-10-26 06:00:00,2024-10-26 08:00:00,0.126
Netherlands,NLD,2024-10-26 07:00:00,2024-10-26 09:00:00,0.12196
Netherlands,NLD,2024-10-26 08:00:00,2024-10-26 10:00:00,0.097
Netherlands,NLD,2024-10-26 09:00:00,2024-10-26 11:00:00,0.07819
Netherlands,NLD,2024-10-26 10:00:00,2024-10-26 12:00:00,0.06611
Netherlands,NLD,2024-10-26 11:00:00,2024-10-26 13:00:00,0.062229999999999994
Netherlands,NLD,2024-10-26 12:00:00,2024-10-26 14:00:00,0.0627
Netherlands,NLD,2024-10-26 13:00:00,2024-10-26 15:00:00,0.07578
Netherlands,NLD,2024-10-26 14:00:00,2024-10-26 16:00:00,0.09562999999999999
Netherlands,NLD,2024-10-26 15:00:00,2024-10-26 17:00:00,0.12498000000000001
Netherlands,NLD,2024-10-26 16:00:00,2024-10-26 18:00:00,0.15165
Netherlands,NLD,2024-10-26 17:00:00,2024-10-26 19:00:00,0.11894
Netherlands,NLD,2024-10-26 18:00:00,2024-10-26 20:00:00,0.101
Netherlands,NLD,2024-10-26 19:00:00,2024-10-26 21:00:00,0.10640000000000001
Netherlands,NLD,2024-10-26 20:00:00,2024-10-26 22:00:00,0.11009999999999999
Netherlands,NLD,2024-10-26 21:00:00,2024-10-26 23:00:00,0.08538
Netherlands,NLD,2024-10-26 22:00:00,2024-10-27 00:00:00,0.09156
Netherlands,NLD,2024-10-26 23:00:00,2024-10-27 01:00:00,0.084
Netherlands,NLD,2024-10-27 00:00:00,2024-10-27 02:00:00,0.08223
Netherlands,NLD,2024-10-27 01:00:00,2024-10-27 02:00:00,0.08043
Netherlands,NLD,2024-10-27 02:00:00,2024-10-27 03:00:00,0.08112
Netherlands,NLD,2024-10-27 03:00:00,2024-10-27 04:00:00,0.07708
Netherlands,NLD,2024-10-27 04:00:00,2024-10-27 05:00:00,0.08170000000000001
Netherlands,NLD,2024-10-27 05:00:00,2024-10-27 06:00:00,0.09129999999999999
Netherlands,NLD,2024-10-27 06:00:00,2024-10-27 07:00:00,0.08825
Netherlands,NLD,2024-10-27 07:00:00,2024-10-27 08:00:00,0.08468
Netherlands,NLD,2024-10-27 08:00:00,2024-10-27 09:00:00,0.06672
Netherlands,NLD,2024-10-27 09:00:00,2024-10-27 10:00:00,0.05472
Netherlands,NLD,2024-10-27 10:00:00,2024-10-27 11:00:00,0.0425
Netherlands,NLD,2024-10-27 11:00:00,2024-10-27 12:00:00,0.039990000000000005
Netherlands,NLD,2024-10-27 12:00:00,2024-10-27 13:00:00,0.04
Netherlands,NLD,2024-10-27 13:00:00,2024-10-27 14:00:00,0.06338
Netherlands,NLD,2024-10-27 14:00:00,2024-10-27 15:00:00,0.10188
Netherlands,NLD,2024-10-27 15:00:00,2024-10-27 16:00:00,0.1178
Netherlands,NLD,2024-10-27 16:00:00,2024-10-27 17:00:00,0.14725
Netherlands,NLD,2024-10-27 17:00:00,2024-10-27 18:00:00,0.15071
Netherlands,NLD,2024-10-27 18:00:00,2024-10-27 19:00:00,0.13047999999999998
Netherlands,NLD,2024-10-27 19:00:00,2024-10-27 20:00:00,0.1181
Netherlands,NLD,2024-10-27 20:00:00,2024-10-27 21:00:00,0.11139
Netherlands,NLD,2024-10-27 21:00:00,2024-10-27 22:00:00,0.10995999999999999
Netherlands,NLD,2024-10-27 22:00:00,2024-10-27 23:00:00,0.10299
Netherlands,NLD,2024-10-27 23:00:00,2024-10-28 00:00:00,0.09367
Netherlands,NLD,2024-10-28 00:00:00,2024-10-28 01:00:00,0.08938
Netherlands,NLD,2024-10-28 01:00:00,2024-10-28 02:00:00,0.08414
Netherlands,NLD,2024-10-28 02:00:00,2024-10-28 03:00:00,0.07940000000000001
Netherlands,NLD,2024-10-28 03:00:00,2024-10-28 04:00:00,0.07989
Netherlands,NLD,2024-10-28 04:00:00,2024-10-28 05:00:00,0.09412000000000001
Netherlands,NLD,2024-10-28 05:00:00,2024-10-28 06:00:00,0.0943
Netherlands,NLD,2024-10-28 06:00:00,2024-10-28 07:00:00,0.11109999999999999
Netherlands,NLD,2024-10-28 07:00:00,2024-10-28 08:00:00,0.11128
Netherlands,NLD,2024-10-28 08:00:00,2024-10-28 09:00:00,0.10292
Netherlands,NLD,2024-10-28 09:00:00,2024-10-28 10:00:00,0.09442
Netherlands,NLD,2024-10-28 10:00:00,2024-10-28 11:00:00,0.09451000000000001
Netherlands,NLD,2024-10-28 11:00:00,2024-10-28 12:00:00,0.09109
Netherlands,NLD,2024-10-28 12:00:00,2024-10-28 13:00:00,0.09675
Netherlands,NLD,2024-10-28 13:00:00,2024-10-28 14:00:00,0.10826999999999999
Netherlands,NLD,2024-10-28 14:00:00,2024-10-28 15:00:00,0.11718
Netherlands,NLD,2024-10-28 15:00:00,2024-10-28 16:00:00,0.11665
Netherlands,NLD,2024-10-28 16:00:00,2024-10-28 17:00:00,0.14
Netherlands,NLD,2024-10-28 17:00:00,2024-10-28 18:00:00,0.14999
Netherlands,NLD,2024-10-28 18:00:00,2024-10-28 19:00:00,0.14443999999999999
Netherlands,NLD,2024-10-28 19:00:00,2024-10-28 20:00:00,0.1201
Netherlands,NLD,2024-10-28 20:00:00,2024-10-28 21:00:00,0.10990000000000001
Netherlands,NLD,2024-10-28 21:00:00,2024-10-28 22:00:00,0.10858
Netherlands,NLD,2024-10-28 22:00:00,2024-10-28 23:00:00,0.10102
Netherlands,NLD,2024-10-28 23:00:00,2024-10-29 00:00:00,0.09769
Netherlands,NLD,2024-10-29 00:00:00,2024-10-29 01:00:00,0.09570000000000001
Netherlands,NLD,2024-10-29 01:00:00,2024-10-29 02:00:00,0.09408
Netherlands,NLD,2024-10-29 02:00:00,2024-10-29 03:00:00,0.09292
Netherlands,NLD,2024-10-29 03:00:00,2024-10-29 04:00:00,0.09462000000000001
Netherlands,NLD,2024-10-29 04:00:00,2024-10-29 05:00:00,0.10704999999999999
Netherlands,NLD,2024-10-29 05:00:00,2024-10-29 06:00:00,0.12032
Netherlands,NLD,2024-10-29 06:00:00,2024-10-29 07:00:00,0.14629
Netherlands,NLD,2024-10-29 07:00:00,2024-10-29 08:00:00,0.1447
Netherlands,NLD,2024-10-29 08:00:00,2024-10-29 09:00:00,0.12707
Netherlands,NLD,2024-10-29 09:00:00,2024-10-29 10:00:00,0.1187
Netherlands,NLD,2024-10-29 10:00:00,2024-10-29 11:00:00,0.11081
Netherlands,NLD,2024-10-29 11:00:00,2024-10-29 12:00:00,0.10409
Netherlands,NLD,2024-10-29 12:00:00,2024-10-29 13:00:00,0.11345999999999999
Netherlands,NLD,2024-10-29 13:00:00,2024-10-29 14:00:00,0.12924000000000002
Netherlands,NLD,2024-10-29 14:00:00,2024-10-29 15:00:00,0.15830000000000002
Netherlands,NLD,2024-10-29 15:00:00,2024-10-29 16:00:00,0.19207
Netherlands,NLD,2024-10-29 16:00:00,2024-10-29 17:00:00,0.26106999999999997
Netherlands,NLD,2024-10-29 17:00:00,2024-10-29 18:00:00,0.247
Netherlands,NLD,2024-10-29 18:00:00,2024-10-29 19:00:00,0.19685
Netherlands,NLD,2024-10-29 19:00:00,2024-10-29 20:00:00,0.13638999999999998
Netherlands,NLD,2024-10-29 20:00:00,2024-10-29 21:00:00,0.1199
Netherlands,NLD,2024-10-29 21:00:00,2024-10-29 22:00:00,0.11374
Netherlands,NLD,2024-10-29 22:00:00,2024-10-29 23:00:00,0.09872
Netherlands,NLD,2024-10-29 23:00:00,2024-10-30 00:00:00,0.097
Netherlands,NLD,2024-10-30 00:00:00,2024-10-30 01:00:00,0.0953
Netherlands,NLD,2024-10-30 01:00:00,2024-10-30 02:00:00,0.09306
Netherlands,NLD,2024-10-30 02:00:00,2024-10-30 03:00:00,0.09132
Netherlands,NLD,2024-10-30 03:00:00,2024-10-30 04:00:00,0.09276000000000001
Netherlands,NLD,2024-10-30 04:00:00,2024-10-30 05:00:00,0.09987
Netherlands,NLD,2024-10-30 05:00:00,2024-10-30 06:00:00,0.117
Netherlands,NLD,2024-10-30 06:00:00,2024-10-30 07:00:00,0.12933
Netherlands,NLD,2024-10-30 07:00:00,2024-10-30 08:00:00,0.13205
Netherlands,NLD,2024-10-30 08:00:00,2024-10-30 09:00:00,0.1199
Netherlands,NLD,2024-10-30 09:00:00,2024-10-30 10:00:00,0.10893000000000001
Netherlands,NLD,2024-10-30 10:00:00,2024-10-30 11:00:00,0.10423
Netherlands,NLD,2024-10-30 11:00:00,2024-10-30 12:00:00,0.09834
Netherlands,NLD,2024-10-30 12:00:00,2024-10-30 13:00:00,0.10215
Netherlands,NLD,2024-10-30 13:00:00,2024-10-30 14:00:00,0.10578
Netherlands,NLD,2024-10-30 14:00:00,2024-10-30 15:00:00,0.11881
Netherlands,NLD,2024-10-30 15:00:00,2024-10-30 16:00:00,0.14978999999999998
Netherlands,NLD,2024-10-30 16:00:00,2024-10-30 17:00:00,0.181
Netherlands,NLD,2024-10-30 17:00:00,2024-10-30 18:00:00,0.18550999999999998
Netherlands,NLD,2024-10-30 18:00:00,2024-10-30 19:00:00,0.15702000000000002
Netherlands,NLD,2024-10-30 19:00:00,2024-10-30 20:00:00,0.12976
Netherlands,NLD,2024-10-30 20:00:00,2024-10-30 21:00:00,0.11576
Netherlands,NLD,2024-10-30 21:00:00,2024-10-30 22:00:00,0.11116
Netherlands,NLD,2024-10-30 22:00:00,2024-10-30 23:00:00,0.10892
Netherlands,NLD,2024-10-30 23:00:00,2024-10-31 00:00:00,0.10168
Netherlands,NLD,2024-10-31 00:00:00,2024-10-31 01:00:00,0.09570999999999999
Netherlands,NLD,2024-10-31 01:00:00,2024-10-31 02:00:00,0.09375
Netherlands,NLD,2024-10-31 02:00:00,2024-10-31 03:00:00,0.09187000000000001
Netherlands,NLD,2024-10-31 03:00:00,2024-10-31 04:00:00,0.09445
Netherlands,NLD,2024-10-31 04:00:00,2024-10-31 05:00:00,0.09922
Netherlands,NLD,2024-10-31 05:00:00,2024-10-31 06:00:00,0.11668
Netherlands,NLD,2024-10-31 06:00:00,2024-10-31 07:00:00,0.13209
Netherlands,NLD,2024-10-31 07:00:00,2024-10-31 08:00:00,0.13176
Netherlands,NLD,2024-10-31 08:00:00,2024-10-31 09:00:00,0.12076
Netherlands,NLD,2024-10-31 09:00:00,2024-10-31 10:00:00,0.10348
Netherlands,NLD,2024-10-31 10:00:00,2024-10-31 11:00:00,0.09633
Netherlands,NLD,2024-10-31 11:00:00,2024-10-31 12:00:00,0.08891
Netherlands,NLD,2024-10-31 12:00:00,2024-10-31 13:00:00,0.09154999999999999
Netherlands,NLD,2024-10-31 13:00:00,2024-10-31 14:00:00,0.09748
Netherlands,NLD,2024-10-31 14:00:00,2024-10-31 15:00:00,0.10928
Netherlands,NLD,2024-10-31 15:00:00,2024-10-31 16:00:00,0.12189
Netherlands,NLD,2024-10-31 16:00:00,2024-10-31 17:00:00,0.12929
Netherlands,NLD,2024-10-31 17:00:00,2024-10-31 18:00:00,0.1387
Netherlands,NLD,2024-10-31 18:00:00,2024-10-31 19:00:00,0.1311
Netherlands,NLD,2024-10-31 19:00:00,2024-10-31 20:00:00,0.11
Netherlands,NLD,2024-10-31 20:00:00,2024-10-31 21:00:00,0.107
Netherlands,NLD,2024-10-31 21:00:00,2024-10-31 22:00:00,0.10740000000000001
Netherlands,NLD,2024-10-31 22:00:00,2024-10-31 23:00:00,0.10172
Netherlands,NLD,2024-10-31 23:00:00,2024-11-01 00:00:00,0.127
Netherlands,NLD,2024-11-01 00:00:00,2024-11-01 01:00:00,0.116
Netherlands,NLD,2024-11-01 01:00:00,2024-11-01 02:00:00,0.09993
Netherlands,NLD,2024-11-01 02:00:00,2024-11-01 03:00:00,0.08753
Netherlands,NLD,2024-11-01 03:00:00,2024-11-01 04:00:00,0.07594
Netherlands,NLD,2024-11-01 04:00:00,2024-11-01 05:00:00,0.08203
Netherlands,NLD,2024-11-01 05:00:00,2024-11-01 06:00:00,0.08940000000000001
Netherlands,NLD,2024-11-01 06:00:00,2024-11-01 07:00:00,0.103
Netherlands,NLD,2024-11-01 07:00:00,2024-11-01 08:00:00,0.10909999999999999
Netherlands,NLD,2024-11-01 08:00:00,2024-11-01 09:00:00,0.115
Netherlands,NLD,2024-11-01 09:00:00,2024-11-01 10:00:00,0.104
Netherlands,NLD,2024-11-01 10:00:00,2024-11-01 11:00:00,0.1
Netherlands,NLD,2024-11-01 11:00:00,2024-11-01 12:00:00,0.091
Netherlands,NLD,2024-11-01 12:00:00,2024-11-01 13:00:00,0.1
Netherlands,NLD,2024-11-01 13:00:00,2024-11-01 14:00:00,0.11
Netherlands,NLD,2024-11-01 14:00:00,2024-11-01 15:00:00,0.11918000000000001
Netherlands,NLD,2024-11-01 15:00:00,2024-11-01 16:00:00,0.12875
Netherlands,NLD,2024-11-01 16:00:00,2024-11-01 17:00:00,0.13140000000000002
Netherlands,NLD,2024-11-01 17:00:00,2024-11-01 18:00:00,0.13549
Netherlands,NLD,2024-11-01 18:00:00,2024-11-01 19:00:00,0.1189
Netherlands,NLD,2024-11-01 19:00:00,2024-11-01 20:00:00,0.11368
Netherlands,NLD,2024-11-01 20:00:00,2024-11-01 21:00:00,0.105
Netherlands,NLD,2024-11-01 21:00:00,2024-11-01 22:00:00,0.10241
Netherlands,NLD,2024-11-01 22:00:00,2024-11-01 23:00:00,0.10990000000000001
Netherlands,NLD,2024-11-01 23:00:00,2024-11-02 00:00:00,0.09584999999999999
Netherlands,NLD,2024-11-02 00:00:00,2024-11-02 01:00:00,0.09136
Netherlands,NLD,2024-11-02 01:00:00,2024-11-02 02:00:00,0.08877
Netherlands,NLD,2024-11-02 02:00:00,2024-11-02 03:00:00,0.086
Netherlands,NLD,2024-11-02 03:00:00,2024-11-02 04:00:00,0.08685
Netherlands,NLD,2024-11-02 04:00:00,2024-11-02 05:00:00,0.09076000000000001
Netherlands,NLD,2024-11-02 05:00:00,2024-11-02 06:00:00,0.0965
Netherlands,NLD,2024-11-02 06:00:00,2024-11-02 07:00:00,0.10011
Netherlands,NLD,2024-11-02 07:00:00,2024-11-02 08:00:00,0.10116
Netherlands,NLD,2024-11-02 08:00:00,2024-11-02 09:00:00,0.1082
Netherlands,NLD,2024-11-02 09:00:00,2024-11-02 10:00:00,0.09078
Netherlands,NLD,2024-11-02 10:00:00,2024-11-02 11:00:00,0.09074
Netherlands,NLD,2024-11-02 11:00:00,2024-11-02 12:00:00,0.08701
Netherlands,NLD,2024-11-02 12:00:00,2024-11-02 13:00:00,0.08897
Netherlands,NLD,2024-11-02 13:00:00,2024-11-02 14:00:00,0.10097
Netherlands,NLD,2024-11-02 14:00:00,2024-11-02 15:00:00,0.11688
Netherlands,NLD,2024-11-02 15:00:00,2024-11-02 16:00:00,0.13119999999999998
Netherlands,NLD,2024-11-02 16:00:00,2024-11-02 17:00:00,0.15318
Netherlands,NLD,2024-11-02 17:00:00,2024-11-02 18:00:00,0.14432
Netherlands,NLD,2024-11-02 18:00:00,2024-11-02 19:00:00,0.13279
Netherlands,NLD,2024-11-02 19:00:00,2024-11-02 20:00:00,0.11957999999999999
Netherlands,NLD,2024-11-02 20:00:00,2024-11-02 21:00:00,0.11097
Netherlands,NLD,2024-11-02 21:00:00,2024-11-02 22:00:00,0.10628
Netherlands,NLD,2024-11-02 22:00:00,2024-11-02 23:00:00,0.10061
Netherlands,NLD,2024-11-02 23:00:00,2024-11-03 00:00:00,0.10119
Netherlands,NLD,2024-11-03 00:00:00,2024-11-03 01:00:00,0.09629
Netherlands,NLD,2024-11-03 01:00:00,2024-11-03 02:00:00,0.08857999999999999
Netherlands,NLD,2024-11-03 02:00:00,2024-11-03 03:00:00,0.08508
Netherlands,NLD,2024-11-03 03:00:00,2024-11-03 04:00:00,0.086
Netherlands,NLD,2024-11-03 04:00:00,2024-11-03 05:00:00,0.08691
Netherlands,NLD,2024-11-03 05:00:00,2024-11-03 06:00:00,0.09490000000000001
Netherlands,NLD,2024-11-03 06:00:00,2024-11-03 07:00:00,0.09686
Netherlands,NLD,2024-11-03 07:00:00,2024-11-03 08:00:00,0.08725
Netherlands,NLD,2024-11-03 08:00:00,2024-11-03 09:00:00,0.09301999999999999
Netherlands,NLD,2024-11-03 09:00:00,2024-11-03 10:00:00,0.06843
Netherlands,NLD,2024-11-03 10:00:00,2024-11-03 11:00:00,0.05929
Netherlands,NLD,2024-11-03 11:00:00,2024-11-03 12:00:00,0.05263
Netherlands,NLD,2024-11-03 12:00:00,2024-11-03 13:00:00,0.05854
Netherlands,NLD,2024-11-03 13:00:00,2024-11-03 14:00:00,0.08092
Netherlands,NLD,2024-11-03 14:00:00,2024-11-03 15:00:00,0.09351999999999999
Netherlands,NLD,2024-11-03 15:00:00,2024-11-03 16:00:00,0.111
Netherlands,NLD,2024-11-03 16:00:00,2024-11-03 17:00:00,0.12428
Netherlands,NLD,2024-11-03 17:00:00,2024-11-03 18:00:00,0.12515
Netherlands,NLD,2024-11-03 18:00:00,2024-11-03 19:00:00,0.1199
Netherlands,NLD,2024-11-03 19:00:00,2024-11-03 20:00:00,0.11084000000000001
Netherlands,NLD,2024-11-03 20:00:00,2024-11-03 21:00:00,0.10213
Netherlands,NLD,2024-11-03 21:00:00,2024-11-03 22:00:00,0.10068
Netherlands,NLD,2024-11-03 22:00:00,2024-11-03 23:00:00,0.09470999999999999
Netherlands,NLD,2024-11-03 23:00:00,2024-11-04 00:00:00,0.09204000000000001
Netherlands,NLD,2024-11-04 00:00:00,2024-11-04 01:00:00,0.08996
Netherlands,NLD,2024-11-04 01:00:00,2024-11-04 02:00:00,0.09007
Netherlands,NLD,2024-11-04 02:00:00,2024-11-04 03:00:00,0.08918000000000001
Netherlands,NLD,2024-11-04 03:00:00,2024-11-04 04:00:00,0.09018999999999999
Netherlands,NLD,2024-11-04 04:00:00,2024-11-04 05:00:00,0.09748
Netherlands,NLD,2024-11-04 05:00:00,2024-11-04 06:00:00,0.12224
Netherlands,NLD,2024-11-04 06:00:00,2024-11-04 07:00:00,0.14
Netherlands,NLD,2024-11-04 07:00:00,2024-11-04 08:00:00,0.13713
Netherlands,NLD,2024-11-04 08:00:00,2024-11-04 09:00:00,0.12013
Netherlands,NLD,2024-11-04 09:00:00,2024-11-04 10:00:00,0.09956
Netherlands,NLD,2024-11-04 10:00:00,2024-11-04 11:00:00,0.0842
Netherlands,NLD,2024-11-04 11:00:00,2024-11-04 12:00:00,0.0831
Netherlands,NLD,2024-11-04 12:00:00,2024-11-04 13:00:00,0.0842
Netherlands,NLD,2024-11-04 13:00:00,2024-11-04 14:00:00,0.09492
Netherlands,NLD,2024-11-04 14:00:00,2024-11-04 15:00:00,0.12563
Netherlands,NLD,2024-11-04 15:00:00,2024-11-04 16:00:00,0.174
Netherlands,NLD,2024-11-04 16:00:00,2024-11-04 17:00:00,0.26976
Netherlands,NLD,2024-11-04 17:00:00,2024-11-04 18:00:00,0.23151
Netherlands,NLD,2024-11-04 18:00:00,2024-11-04 19:00:00,0.16122999999999998
Netherlands,NLD,2024-11-04 19:00:00,2024-11-04 20:00:00,0.123
Netherlands,NLD,2024-11-04 20:00:00,2024-11-04 21:00:00,0.11009999999999999
Netherlands,NLD,2024-11-04 21:00:00,2024-11-04 22:00:00,0.105
Netherlands,NLD,2024-11-04 22:00:00,2024-11-04 23:00:00,0.09272
Netherlands,NLD,2024-11-04 23:00:00,2024-11-05 00:00:00,0.08363
Netherlands,NLD,2024-11-05 00:00:00,2024-11-05 01:00:00,0.094
Netherlands,NLD,2024-11-05 01:00:00,2024-11-05 02:00:00,0.09068000000000001
Netherlands,NLD,2024-11-05 02:00:00,2024-11-05 03:00:00,0.09129999999999999
Netherlands,NLD,2024-11-05 03:00:00,2024-11-05 04:00:00,0.094
Netherlands,NLD,2024-11-05 04:00:00,2024-11-05 05:00:00,0.09609000000000001
Netherlands,NLD,2024-11-05 05:00:00,2024-11-05 06:00:00,0.106
Netherlands,NLD,2024-11-05 06:00:00,2024-11-05 07:00:00,0.13599
Netherlands,NLD,2024-11-05 07:00:00,2024-11-05 08:00:00,0.13621
Netherlands,NLD,2024-11-05 08:00:00,2024-11-05 09:00:00,0.11823
Netherlands,NLD,2024-11-05 09:00:00,2024-11-05 10:00:00,0.10587
Netherlands,NLD,2024-11-05 10:00:00,2024-11-05 11:00:00,0.09528
Netherlands,NLD,2024-11-05 11:00:00,2024-11-05 12:00:00,0.09492
Netherlands,NLD,2024-11-05 12:00:00,2024-11-05 13:00:00,0.09925
Netherlands,NLD,2024-11-05 13:00:00,2024-11-05 14:00:00,0.10798
Netherlands,NLD,2024-11-05 14:00:00,2024-11-05 15:00:00,0.14986000000000002
Netherlands,NLD,2024-11-05 15:00:00,2024-11-05 16:00:00,0.30324
Netherlands,NLD,2024-11-05 16:00:00,2024-11-05 17:00:00,0.47299
Netherlands,NLD,2024-11-05 17:00:00,2024-11-05 18:00:00,0.43101999999999996
Netherlands,NLD,2024-11-05 18:00:00,2024-11-05 19:00:00,0.32033
Netherlands,NLD,2024-11-05 19:00:00,2024-11-05 20:00:00,0.1697
Netherlands,NLD,2024-11-05 20:00:00,2024-11-05 21:00:00,0.12990000000000002
Netherlands,NLD,2024-11-05 21:00:00,2024-11-05 22:00:00,0.11777
Netherlands,NLD,2024-11-05 22:00:00,2024-11-05 23:00:00,0.11003
Netherlands,NLD,2024-11-05 23:00:00,2024-11-06 00:00:00,0.1005
Netherlands,NLD,2024-11-06 00:00:00,2024-11-06 01:00:00,0.09905
Netherlands,NLD,2024-11-06 01:00:00,2024-11-06 02:00:00,0.09540000000000001
Netherlands,NLD,2024-11-06 02:00:00,2024-11-06 03:00:00,0.09583
Netherlands,NLD,2024-11-06 03:00:00,2024-11-06 04:00:00,0.09883
Netherlands,NLD,2024-11-06 04:00:00,2024-11-06 05:00:00,0.09290999999999999
Netherlands,NLD,2024-11-06 05:00:00,2024-11-06 06:00:00,0.121
Netherlands,NLD,2024-11-06 06:00:00,2024-11-06 07:00:00,0.21578
Netherlands,NLD,2024-11-06 07:00:00,2024-11-06 08:00:00,0.194
Netherlands,NLD,2024-11-06 08:00:00,2024-11-06 09:00:00,0.14196999999999999
Netherlands,NLD,2024-11-06 09:00:00,2024-11-06 10:00:00,0.13091999999999998
Netherlands,NLD,2024-11-06 10:00:00,2024-11-06 11:00:00,0.12212
Netherlands,NLD,2024-11-06 11:00:00,2024-11-06 12:00:00,0.12147
Netherlands,NLD,2024-11-06 12:00:00,2024-11-06 13:00:00,0.12411
Netherlands,NLD,2024-11-06 13:00:00,2024-11-06 14:00:00,0.13688
Netherlands,NLD,2024-11-06 14:00:00,2024-11-06 15:00:00,0.19069999999999998
Netherlands,NLD,2024-11-06 15:00:00,2024-11-06 16:00:00,0.31568999999999997
Netherlands,NLD,2024-11-06 16:00:00,2024-11-06 17:00:00,0.55
Netherlands,NLD,2024-11-06 17:00:00,2024-11-06 18:00:00,0.5458500000000001
Netherlands,NLD,2024-11-06 18:00:00,2024-11-06 19:00:00,0.3335
Netherlands,NLD,2024-11-06 19:00:00,2024-11-06 20:00:00,0.17562
Netherlands,NLD,2024-11-06 20:00:00,2024-11-06 21:00:00,0.12897
Netherlands,NLD,2024-11-06 21:00:00,2024-11-06 22:00:00,0.113
Netherlands,NLD,2024-11-06 22:00:00,2024-11-06 23:00:00,0.1087
Netherlands,NLD,2024-11-06 23:00:00,2024-11-07 00:00:00,0.10814
Netherlands,NLD,2024-11-07 00:00:00,2024-11-07 01:00:00,0.10111
Netherlands,NLD,2024-11-07 01:00:00,2024-11-07 02:00:00,0.09844
Netherlands,NLD,2024-11-07 02:00:00,2024-11-07 03:00:00,0.09724
Netherlands,NLD,2024-11-07 03:00:00,2024-11-07 04:00:00,0.09845999999999999
Netherlands,NLD,2024-11-07 04:00:00,2024-11-07 05:00:00,0.09359999999999999
Netherlands,NLD,2024-11-07 05:00:00,2024-11-07 06:00:00,0.0995
Netherlands,NLD,2024-11-07 06:00:00,2024-11-07 07:00:00,0.17094
Netherlands,NLD,2024-11-07 07:00:00,2024-11-07 08:00:00,0.16171000000000002
Netherlands,NLD,2024-11-07 08:00:00,2024-11-07 09:00:00,0.14765
Netherlands,NLD,2024-11-07 09:00:00,2024-11-07 10:00:00,0.14132
Netherlands,NLD,2024-11-07 10:00:00,2024-11-07 11:00:00,0.12793000000000002
Netherlands,NLD,2024-11-07 11:00:00,2024-11-07 12:00:00,0.12208
Netherlands,NLD,2024-11-07 12:00:00,2024-11-07 13:00:00,0.12722
Netherlands,NLD,2024-11-07 13:00:00,2024-11-07 14:00:00,0.128
Netherlands,NLD,2024-11-07 14:00:00,2024-11-07 15:00:00,0.17889
Netherlands,NLD,2024-11-07 15:00:00,2024-11-07 16:00:00,0.24292
Netherlands,NLD,2024-11-07 16:00:00,2024-11-07 17:00:00,0.37113999999999997
Netherlands,NLD,2024-11-07 17:00:00,2024-11-07 18:00:00,0.27774
Netherlands,NLD,2024-11-07 18:00:00,2024-11-07 19:00:00,0.17119
Netherlands,NLD,2024-11-07 19:00:00,2024-11-07 20:00:00,0.13007
Netherlands,NLD,2024-11-07 20:00:00,2024-11-07 21:00:00,0.11392000000000001
Netherlands,NLD,2024-11-07 21:00:00,2024-11-07 22:00:00,0.11167
Netherlands,NLD,2024-11-07 22:00:00,2024-11-07 23:00:00,0.09987
Netherlands,NLD,2024-11-07 23:00:00,2024-11-08 00:00:00,0.09894
Netherlands,NLD,2024-11-08 00:00:00,2024-11-08 01:00:00,0.09908
Netherlands,NLD,2024-11-08 01:00:00,2024-11-08 02:00:00,0.09662000000000001
Netherlands,NLD,2024-11-08 02:00:00,2024-11-08 03:00:00,0.09559999999999999
Netherlands,NLD,2024-11-08 03:00:00,2024-11-08 04:00:00,0.09613
Netherlands,NLD,2024-11-08 04:00:00,2024-11-08 05:00:00,0.09763
Netherlands,NLD,2024-11-08 05:00:00,2024-11-08 06:00:00,0.1034
Netherlands,NLD,2024-11-08 06:00:00,2024-11-08 07:00:00,0.12598
Netherlands,NLD,2024-11-08 07:00:00,2024-11-08 08:00:00,0.13269
Netherlands,NLD,2024-11-08 08:00:00,2024-11-08 09:00:00,0.12619
Netherlands,NLD,2024-11-08 09:00:00,2024-11-08 10:00:00,0.11734
Netherlands,NLD,2024-11-08 10:00:00,2024-11-08 11:00:00,0.11094
Netherlands,NLD,2024-11-08 11:00:00,2024-11-08 12:00:00,0.10559
Netherlands,NLD,2024-11-08 12:00:00,2024-11-08 13:00:00,0.10681
Netherlands,NLD,2024-11-08 13:00:00,2024-11-08 14:00:00,0.11218
Netherlands,NLD,2024-11-08 14:00:00,2024-11-08 15:00:00,0.12359
Netherlands,NLD,2024-11-08 15:00:00,2024-11-08 16:00:00,0.12911
Netherlands,NLD,2024-11-08 16:00:00,2024-11-08 17:00:00,0.12908
Netherlands,NLD,2024-11-08 17:00:00,2024-11-08 18:00:00,0.13309
Netherlands,NLD,2024-11-08 18:00:00,2024-11-08 19:00:00,0.12739
Netherlands,NLD,2024-11-08 19:00:00,2024-11-08 20:00:00,0.11589
Netherlands,NLD,2024-11-08 20:00:00,2024-11-08 21:00:00,0.10961
Netherlands,NLD,2024-11-08 21:00:00,2024-11-08 22:00:00,0.113
Netherlands,NLD,2024-11-08 22:00:00,2024-11-08 23:00:00,0.10406
Netherlands,NLD,2024-11-08 23:00:00,2024-11-09 00:00:00,0.1051
Netherlands,NLD,2024-11-09 00:00:00,2024-11-09 01:00:00,0.09996
Netherlands,NLD,2024-11-09 01:00:00,2024-11-09 02:00:00,0.098
Netherlands,NLD,2024-11-09 02:00:00,2024-11-09 03:00:00,0.09668
Netherlands,NLD,2024-11-09 03:00:00,2024-11-09 04:00:00,0.09841
Netherlands,NLD,2024-11-09 04:00:00,2024-11-09 05:00:00,0.1006
Netherlands,NLD,2024-11-09 05:00:00,2024-11-09 06:00:00,0.10431
Netherlands,NLD,2024-11-09 06:00:00,2024-11-09 07:00:00,0.10987000000000001
Netherlands,NLD,2024-11-09 07:00:00,2024-11-09 08:00:00,0.1141
Netherlands,NLD,2024-11-09 08:00:00,2024-11-09 09:00:00,0.1146
Netherlands,NLD,2024-11-09 09:00:00,2024-11-09 10:00:00,0.10997
Netherlands,NLD,2024-11-09 10:00:00,2024-11-09 11:00:00,0.10640000000000001
Netherlands,NLD,2024-11-09 11:00:00,2024-11-09 12:00:00,0.10687999999999999
Netherlands,NLD,2024-11-09 12:00:00,2024-11-09 13:00:00,0.108
Netherlands,NLD,2024-11-09 13:00:00,2024-11-09 14:00:00,0.11018
Netherlands,NLD,2024-11-09 14:00:00,2024-11-09 15:00:00,0.11992
Netherlands,NLD,2024-11-09 15:00:00,2024-11-09 16:00:00,0.1333
Netherlands,NLD,2024-11-09 16:00:00,2024-11-09 17:00:00,0.1448
Netherlands,NLD,2024-11-09 17:00:00,2024-11-09 18:00:00,0.14596
Netherlands,NLD,2024-11-09 18:00:00,2024-11-09 19:00:00,0.13927
Netherlands,NLD,2024-11-09 19:00:00,2024-11-09 20:00:00,0.12832
Netherlands,NLD,2024-11-09 20:00:00,2024-11-09 21:00:00,0.11796
Netherlands,NLD,2024-11-09 21:00:00,2024-11-09 22:00:00,0.11453
Netherlands,NLD,2024-11-09 22:00:00,2024-11-09 23:00:00,0.11009999999999999
Netherlands,NLD,2024-11-09 23:00:00,2024-11-10 00:00:00,0.10499
Netherlands,NLD,2024-11-10 00:00:00,2024-11-10 01:00:00,0.10228
Netherlands,NLD,2024-11-10 01:00:00,2024-11-10 02:00:00,0.10129
Netherlands,NLD,2024-11-10 02:00:00,2024-11-10 03:00:00,0.09944
Netherlands,NLD,2024-11-10 03:00:00,2024-11-10 04:00:00,0.09919
Netherlands,NLD,2024-11-10 04:00:00,2024-11-10 05:00:00,0.09989
Netherlands,NLD,2024-11-10 05:00:00,2024-11-10 06:00:00,0.09955
Netherlands,NLD,2024-11-10 06:00:00,2024-11-10 07:00:00,0.10245
Netherlands,NLD,2024-11-10 07:00:00,2024-11-10 08:00:00,0.10428
Netherlands,NLD,2024-11-10 08:00:00,2024-11-10 09:00:00,0.11091
Netherlands,NLD,2024-11-10 09:00:00,2024-11-10 10:00:00,0.11217
Netherlands,NLD,2024-11-10 10:00:00,2024-11-10 11:00:00,0.11012999999999999
Netherlands,NLD,2024-11-10 11:00:00,2024-11-10 12:00:00,0.11092
Netherlands,NLD,2024-11-10 12:00:00,2024-11-10 13:00:00,0.10823
Netherlands,NLD,2024-11-10 13:00:00,2024-11-10 14:00:00,0.11093
Netherlands,NLD,2024-11-10 14:00:00,2024-11-10 15:00:00,0.12139
Netherlands,NLD,2024-11-10 15:00:00,2024-11-10 16:00:00,0.13077
Netherlands,NLD,2024-11-10 16:00:00,2024-11-10 17:00:00,0.14552
Netherlands,NLD,2024-11-10 17:00:00,2024-11-10 18:00:00,0.1442
Netherlands,NLD,2024-11-10 18:00:00,2024-11-10 19:00:00,0.13757
Netherlands,NLD,2024-11-10 19:00:00,2024-11-10 20:00:00,0.12531
Netherlands,NLD,2024-11-10 20:00:00,2024-11-10 21:00:00,0.11528000000000001
Netherlands,NLD,2024-11-10 21:00:00,2024-11-10 22:00:00,0.11109999999999999
Netherlands,NLD,2024-11-10 22:00:00,2024-11-10 23:00:00,0.10801999999999999
Netherlands,NLD,2024-11-10 23:00:00,2024-11-11 00:00:00,0.10955
Netherlands,NLD,2024-11-11 00:00:00,2024-11-11 01:00:00,0.10338
Netherlands,NLD,2024-11-11 01:00:00,2024-11-11 02:00:00,0.09991
Netherlands,NLD,2024-11-11 02:00:00,2024-11-11 03:00:00,0.096
Netherlands,NLD,2024-11-11 03:00:00,2024-11-11 04:00:00,0.09501000000000001
Netherlands,NLD,2024-11-11 04:00:00,2024-11-11 05:00:00,0.082
Netherlands,NLD,2024-11-11 05:00:00,2024-11-11 06:00:00,0.0917
Netherlands,NLD,2024-11-11 06:00:00,2024-11-11 07:00:00,0.11891
Netherlands,NLD,2024-11-11 07:00:00,2024-11-11 08:00:00,0.13055
Netherlands,NLD,2024-11-11 08:00:00,2024-11-11 09:00:00,0.1199
Netherlands,NLD,2024-11-11 09:00:00,2024-11-11 10:00:00,0.10828
Netherlands,NLD,2024-11-11 10:00:00,2024-11-11 11:00:00,0.06425
Netherlands,NLD,2024-11-11 11:00:00,2024-11-11 12:00:00,0.08796999999999999
Netherlands,NLD,2024-11-11 12:00:00,2024-11-11 13:00:00,0.101
Netherlands,NLD,2024-11-11 13:00:00,2024-11-11 14:00:00,0.109
Netherlands,NLD,2024-11-11 14:00:00,2024-11-11 15:00:00,0.1026
Netherlands,NLD,2024-11-11 15:00:00,2024-11-11 16:00:00,0.1162
Netherlands,NLD,2024-11-11 16:00:00,2024-11-11 17:00:00,0.14577
Netherlands,NLD,2024-11-11 17:00:00,2024-11-11 18:00:00,0.1441
Netherlands,NLD,2024-11-11 18:00:00,2024-11-11 19:00:00,0.13169
Netherlands,NLD,2024-11-11 19:00:00,2024-11-11 20:00:00,0.12
Netherlands,NLD,2024-11-11 20:00:00,2024-11-11 21:00:00,0.1102
Netherlands,NLD,2024-11-11 21:00:00,2024-11-11 22:00:00,0.10786
Netherlands,NLD,2024-11-11 22:00:00,2024-11-11 23:00:00,0.10432999999999999
Netherlands,NLD,2024-11-11 23:00:00,2024-11-12 00:00:00,0.1012
Netherlands,NLD,2024-11-12 00:00:00,2024-11-12 01:00:00,0.102
Netherlands,NLD,2024-11-12 01:00:00,2024-11-12 02:00:00,0.0952
Netherlands,NLD,2024-11-12 02:00:00,2024-11-12 03:00:00,0.09375
Netherlands,NLD,2024-11-12 03:00:00,2024-11-12 04:00:00,0.09315999999999999
Netherlands,NLD,2024-11-12 04:00:00,2024-11-12 05:00:00,0.10311
Netherlands,NLD,2024-11-12 05:00:00,2024-11-12 06:00:00,0.0892
Netherlands,NLD,2024-11-12 06:00:00,2024-11-12 07:00:00,0.1115
Netherlands,NLD,2024-11-12 07:00:00,2024-11-12 08:00:00,0.18
Netherlands,NLD,2024-11-12 08:00:00,2024-11-12 09:00:00,0.13319999999999999
Netherlands,NLD,2024-11-12 09:00:00,2024-11-12 10:00:00,0.15899000000000002
Netherlands,NLD,2024-11-12 10:00:00,2024-11-12 11:00:00,0.12552
Netherlands,NLD,2024-11-12 11:00:00,2024-11-12 12:00:00,0.12491
Netherlands,NLD,2024-11-12 12:00:00,2024-11-12 13:00:00,0.14731
Netherlands,NLD,2024-11-12 13:00:00,2024-11-12 14:00:00,0.16072
Netherlands,NLD,2024-11-12 14:00:00,2024-11-12 15:00:00,0.2
Netherlands,NLD,2024-11-12 15:00:00,2024-11-12 16:00:00,0.24574000000000001
Netherlands,NLD,2024-11-12 16:00:00,2024-11-12 17:00:00,0.29233
Netherlands,NLD,2024-11-12 17:00:00,2024-11-12 18:00:00,0.216
Netherlands,NLD,2024-11-12 18:00:00,2024-11-12 19:00:00,0.16834
Netherlands,NLD,2024-11-12 19:00:00,2024-11-12 20:00:00,0.14667
Netherlands,NLD,2024-11-12 20:00:00,2024-11-12 21:00:00,0.13051
Netherlands,NLD,2024-11-12 21:00:00,2024-11-12 22:00:00,0.12444
Netherlands,NLD,2024-11-12 22:00:00,2024-11-12 23:00:00,0.11533
Netherlands,NLD,2024-11-12 23:00:00,2024-11-13 00:00:00,0.1147
Netherlands,NLD,2024-11-13 00:00:00,2024-11-13 01:00:00,0.10995
Netherlands,NLD,2024-11-13 01:00:00,2024-11-13 02:00:00,0.10656
Netherlands,NLD,2024-11-13 02:00:00,2024-11-13 03:00:00,0.10565999999999999
Netherlands,NLD,2024-11-13 03:00:00,2024-11-13 04:00:00,0.10787000000000001
Netherlands,NLD,2024-11-13 04:00:00,2024-11-13 05:00:00,0.1143
Netherlands,NLD,2024-11-13 05:00:00,2024-11-13 06:00:00,0.13031
Netherlands,NLD,2024-11-13 06:00:00,2024-11-13 07:00:00,0.16077000000000002
Netherlands,NLD,2024-11-13 07:00:00,2024-11-13 08:00:00,0.21271
Netherlands,NLD,2024-11-13 08:00:00,2024-11-13 09:00:00,0.21391
Netherlands,NLD,2024-11-13 09:00:00,2024-11-13 10:00:00,0.18978
Netherlands,NLD,2024-11-13 10:00:00,2024-11-13 11:00:00,0.16979
Netherlands,NLD,2024-11-13 11:00:00,2024-11-13 12:00:00,0.15569999999999998
Netherlands,NLD,2024-11-13 12:00:00,2024-11-13 13:00:00,0.15369999999999998
Netherlands,NLD,2024-11-13 13:00:00,2024-11-13 14:00:00,0.15342
Netherlands,NLD,2024-11-13 14:00:00,2024-11-13 15:00:00,0.16207
Netherlands,NLD,2024-11-13 15:00:00,2024-11-13 16:00:00,0.16959
Netherlands,NLD,2024-11-13 16:00:00,2024-11-13 17:00:00,0.17752
Netherlands,NLD,2024-11-13 17:00:00,2024-11-13 18:00:00,0.175
Netherlands,NLD,2024-11-13 18:00:00,2024-11-13 19:00:00,0.16282
Netherlands,NLD,2024-11-13 19:00:00,2024-11-13 20:00:00,0.1285
Netherlands,NLD,2024-11-13 20:00:00,2024-11-13 21:00:00,0.11627
Netherlands,NLD,2024-11-13 21:00:00,2024-11-13 22:00:00,0.11423
Netherlands,NLD,2024-11-13 22:00:00,2024-11-13 23:00:00,0.10681
Netherlands,NLD,2024-11-13 23:00:00,2024-11-14 00:00:00,0.1017
Netherlands,NLD,2024-11-14 00:00:00,2024-11-14 01:00:00,0.1
Netherlands,NLD,2024-11-14 01:00:00,2024-11-14 02:00:00,0.09614
Netherlands,NLD,2024-11-14 02:00:00,2024-11-14 03:00:00,0.09237000000000001
Netherlands,NLD,2024-11-14 03:00:00,2024-11-14 04:00:00,0.09162999999999999
Netherlands,NLD,2024-11-14 04:00:00,2024-11-14 05:00:00,0.09293000000000001
Netherlands,NLD,2024-11-14 05:00:00,2024-11-14 06:00:00,0.10527
Netherlands,NLD,2024-11-14 06:00:00,2024-11-14 07:00:00,0.11406999999999999
Netherlands,NLD,2024-11-14 07:00:00,2024-11-14 08:00:00,0.1291
Netherlands,NLD,2024-11-14 08:00:00,2024-11-14 09:00:00,0.12576
Netherlands,NLD,2024-11-14 09:00:00,2024-11-14 10:00:00,0.1268
Netherlands,NLD,2024-11-14 10:00:00,2024-11-14 11:00:00,0.12634
Netherlands,NLD,2024-11-14 11:00:00,2024-11-14 12:00:00,0.12382
Netherlands,NLD,2024-11-14 12:00:00,2024-11-14 13:00:00,0.12809
Netherlands,NLD,2024-11-14 13:00:00,2024-11-14 14:00:00,0.13419
Netherlands,NLD,2024-11-14 14:00:00,2024-11-14 15:00:00,0.14315
Netherlands,NLD,2024-11-14 15:00:00,2024-11-14 16:00:00,0.14776
Netherlands,NLD,2024-11-14 16:00:00,2024-11-14 17:00:00,0.15716
Netherlands,NLD,2024-11-14 17:00:00,2024-11-14 18:00:00,0.15524000000000002
Netherlands,NLD,2024-11-14 18:00:00,2024-11-14 19:00:00,0.14912
Netherlands,NLD,2024-11-14 19:00:00,2024-11-14 20:00:00,0.13896
Netherlands,NLD,2024-11-14 20:00:00,2024-11-14 21:00:00,0.12953
Netherlands,NLD,2024-11-14 21:00:00,2024-11-14 22:00:00,0.12289
Netherlands,NLD,2024-11-14 22:00:00,2024-11-14 23:00:00,0.11256000000000001
Netherlands,NLD,2024-11-14 23:00:00,2024-11-15 00:00:00,0.11066
Netherlands,NLD,2024-11-15 00:00:00,2024-11-15 01:00:00,0.10679999999999999
Netherlands,NLD,2024-11-15 01:00:00,2024-11-15 02:00:00,0.10707
Netherlands,NLD,2024-11-15 02:00:00,2024-11-15 03:00:00,0.1037
Netherlands,NLD,2024-11-15 03:00:00,2024-11-15 04:00:00,0.1045
Netherlands,NLD,2024-11-15 04:00:00,2024-11-15 05:00:00,0.10878
Netherlands,NLD,2024-11-15 05:00:00,2024-11-15 06:00:00,0.1298
Netherlands,NLD,2024-11-15 06:00:00,2024-11-15 07:00:00,0.14523
Netherlands,NLD,2024-11-15 07:00:00,2024-11-15 08:00:00,0.15852000000000002
Netherlands,NLD,2024-11-15 08:00:00,2024-11-15 09:00:00,0.14997
Netherlands,NLD,2024-11-15 09:00:00,2024-11-15 10:00:00,0.13758
Netherlands,NLD,2024-11-15 10:00:00,2024-11-15 11:00:00,0.13351
Netherlands,NLD,2024-11-15 11:00:00,2024-11-15 12:00:00,0.12164
Netherlands,NLD,2024-11-15 12:00:00,2024-11-15 13:00:00,0.1215
Netherlands,NLD,2024-11-15 13:00:00,2024-11-15 14:00:00,0.1301
Netherlands,NLD,2024-11-15 14:00:00,2024-11-15 15:00:00,0.13813999999999999
Netherlands,NLD,2024-11-15 15:00:00,2024-11-15 16:00:00,0.13319
Netherlands,NLD,2024-11-15 16:00:00,2024-11-15 17:00:00,0.13703
Netherlands,NLD,2024-11-15 17:00:00,2024-11-15 18:00:00,0.13554
Netherlands,NLD,2024-11-15 18:00:00,2024-11-15 19:00:00,0.128
Netherlands,NLD,2024-11-15 19:00:00,2024-11-15 20:00:00,0.11573
Netherlands,NLD,2024-11-15 20:00:00,2024-11-15 21:00:00,0.11073999999999999
Netherlands,NLD,2024-11-15 21:00:00,2024-11-15 22:00:00,0.10819
Netherlands,NLD,2024-11-15 22:00:00,2024-11-15 23:00:00,0.09355
Netherlands,NLD,2024-11-15 23:00:00,2024-11-16 00:00:00,0.10265
Netherlands,NLD,2024-11-16 00:00:00,2024-11-16 01:00:00,0.09909
Netherlands,NLD,2024-11-16 01:00:00,2024-11-16 02:00:00,0.09791
Netherlands,NLD,2024-11-16 02:00:00,2024-11-16 03:00:00,0.09606999999999999
Netherlands,NLD,2024-11-16 03:00:00,2024-11-16 04:00:00,0.08978
Netherlands,NLD,2024-11-16 04:00:00,2024-11-16 05:00:00,0.08695
Netherlands,NLD,2024-11-16 05:00:00,2024-11-16 06:00:00,0.07859999999999999
Netherlands,NLD,2024-11-16 06:00:00,2024-11-16 07:00:00,0.0901
Netherlands,NLD,2024-11-16 07:00:00,2024-11-16 08:00:00,0.10475
Netherlands,NLD,2024-11-16 08:00:00,2024-11-16 09:00:00,0.1184
Netherlands,NLD,2024-11-16 09:00:00,2024-11-16 10:00:00,0.1149
Netherlands,NLD,2024-11-16 10:00:00,2024-11-16 11:00:00,0.11141
Netherlands,NLD,2024-11-16 11:00:00,2024-11-16 12:00:00,0.10898000000000001
Netherlands,NLD,2024-11-16 12:00:00,2024-11-16 13:00:00,0.10176
Netherlands,NLD,2024-11-16 13:00:00,2024-11-16 14:00:00,0.1
Netherlands,NLD,2024-11-16 14:00:00,2024-11-16 15:00:00,0.10258
Netherlands,NLD,2024-11-16 15:00:00,2024-11-16 16:00:00,0.11205
Netherlands,NLD,2024-11-16 16:00:00,2024-11-16 17:00:00,0.12653
Netherlands,NLD,2024-11-16 17:00:00,2024-11-16 18:00:00,0.1225
Netherlands,NLD,2024-11-16 18:00:00,2024-11-16 19:00:00,0.111
Netherlands,NLD,2024-11-16 19:00:00,2024-11-16 20:00:00,0.1193
Netherlands,NLD,2024-11-16 20:00:00,2024-11-16 21:00:00,0.1193
Netherlands,NLD,2024-11-16 21:00:00,2024-11-16 22:00:00,0.11762
Netherlands,NLD,2024-11-16 22:00:00,2024-11-16 23:00:00,0.09595999999999999
Netherlands,NLD,2024-11-16 23:00:00,2024-11-17 00:00:00,0.09605
Netherlands,NLD,2024-11-17 00:00:00,2024-11-17 01:00:00,0.09092
Netherlands,NLD,2024-11-17 01:00:00,2024-11-17 02:00:00,0.07433
Netherlands,NLD,2024-11-17 02:00:00,2024-11-17 03:00:00,0.06118
Netherlands,NLD,2024-11-17 03:00:00,2024-11-17 04:00:00,0.04553
Netherlands,NLD,2024-11-17 04:00:00,2024-11-17 05:00:00,0.039299999999999995
Netherlands,NLD,2024-11-17 05:00:00,2024-11-17 06:00:00,0.0466
Netherlands,NLD,2024-11-17 06:00:00,2024-11-17 07:00:00,0.06404
Netherlands,NLD,2024-11-17 07:00:00,2024-11-17 08:00:00,0.0857
Netherlands,NLD,2024-11-17 08:00:00,2024-11-17 09:00:00,0.0928
Netherlands,NLD,2024-11-17 09:00:00,2024-11-17 10:00:00,0.04503
Netherlands,NLD,2024-11-17 10:00:00,2024-11-17 11:00:00,0.013800000000000002
Netherlands,NLD,2024-11-17 11:00:00,2024-11-17 12:00:00,0.02447
Netherlands,NLD,2024-11-17 12:00:00,2024-11-17 13:00:00,0.01493
Netherlands,NLD,2024-11-17 13:00:00,2024-11-17 14:00:00,0.0598
Netherlands,NLD,2024-11-17 14:00:00,2024-11-17 15:00:00,0.08219
Netherlands,NLD,2024-11-17 15:00:00,2024-11-17 16:00:00,0.1138
Netherlands,NLD,2024-11-17 16:00:00,2024-11-17 17:00:00,0.1306
Netherlands,NLD,2024-11-17 17:00:00,2024-11-17 18:00:00,0.12490000000000001
Netherlands,NLD,2024-11-17 18:00:00,2024-11-17 19:00:00,0.1
Netherlands,NLD,2024-11-17 19:00:00,2024-11-17 20:00:00,0.12497
Netherlands,NLD,2024-11-17 20:00:00,2024-11-17 21:00:00,0.115
Netherlands,NLD,2024-11-17 21:00:00,2024-11-17 22:00:00,0.1199
Netherlands,NLD,2024-11-17 22:00:00,2024-11-17 23:00:00,0.11
Netherlands,NLD,2024-11-17 23:00:00,2024-11-18 00:00:00,0.0952
Netherlands,NLD,2024-11-18 00:00:00,2024-11-18 01:00:00,0.0825
Netherlands,NLD,2024-11-18 01:00:00,2024-11-18 02:00:00,0.09118000000000001
Netherlands,NLD,2024-11-18 02:00:00,2024-11-18 03:00:00,0.0935
Netherlands,NLD,2024-11-18 03:00:00,2024-11-18 04:00:00,0.08233
Netherlands,NLD,2024-11-18 04:00:00,2024-11-18 05:00:00,0.09112999999999999
Netherlands,NLD,2024-11-18 05:00:00,2024-11-18 06:00:00,0.09804
Netherlands,NLD,2024-11-18 06:00:00,2024-11-18 07:00:00,0.12296
Netherlands,NLD,2024-11-18 07:00:00,2024-11-18 08:00:00,0.12311
Netherlands,NLD,2024-11-18 08:00:00,2024-11-18 09:00:00,0.12054999999999999
Netherlands,NLD,2024-11-18 09:00:00,2024-11-18 10:00:00,0.12
Netherlands,NLD,2024-11-18 10:00:00,2024-11-18 11:00:00,0.11
Netherlands,NLD,2024-11-18 11:00:00,2024-11-18 12:00:00,0.09547
Netherlands,NLD,2024-11-18 12:00:00,2024-11-18 13:00:00,0.0968
Netherlands,NLD,2024-11-18 13:00:00,2024-11-18 14:00:00,0.1151
Netherlands,NLD,2024-11-18 14:00:00,2024-11-18 15:00:00,0.12306
Netherlands,NLD,2024-11-18 15:00:00,2024-11-18 16:00:00,0.144
Netherlands,NLD,2024-11-18 16:00:00,2024-11-18 17:00:00,0.15969999999999998
Netherlands,NLD,2024-11-18 17:00:00,2024-11-18 18:00:00,0.16356
Netherlands,NLD,2024-11-18 18:00:00,2024-11-18 19:00:00,0.15441999999999997
Netherlands,NLD,2024-11-18 19:00:00,2024-11-18 20:00:00,0.12976
Netherlands,NLD,2024-11-18 20:00:00,2024-11-18 21:00:00,0.11781
Netherlands,NLD,2024-11-18 21:00:00,2024-11-18 22:00:00,0.11699
Netherlands,NLD,2024-11-18 22:00:00,2024-11-18 23:00:00,0.10840000000000001
Netherlands,NLD,2024-11-18 23:00:00,2024-11-19 00:00:00,0.10706
Netherlands,NLD,2024-11-19 00:00:00,2024-11-19 01:00:00,0.1014
Netherlands,NLD,2024-11-19 01:00:00,2024-11-19 02:00:00,0.09558
Netherlands,NLD,2024-11-19 02:00:00,2024-11-19 03:00:00,0.08679
Netherlands,NLD,2024-11-19 03:00:00,2024-11-19 04:00:00,0.08068
Netherlands,NLD,2024-11-19 04:00:00,2024-11-19 05:00:00,0.08679
Netherlands,NLD,2024-11-19 05:00:00,2024-11-19 06:00:00,0.10997
Netherlands,NLD,2024-11-19 06:00:00,2024-11-19 07:00:00,0.1254
Netherlands,NLD,2024-11-19 07:00:00,2024-11-19 08:00:00,0.14487
Netherlands,NLD,2024-11-19 08:00:00,2024-11-19 09:00:00,0.14899
Netherlands,NLD,2024-11-19 09:00:00,2024-11-19 10:00:00,0.14674
Netherlands,NLD,2024-11-19 10:00:00,2024-11-19 11:00:00,0.15281
Netherlands,NLD,2024-11-19 11:00:00,2024-11-19 12:00:00,0.1438
Netherlands,NLD,2024-11-19 12:00:00,2024-11-19 13:00:00,0.14413
Netherlands,NLD,2024-11-19 13:00:00,2024-11-19 14:00:00,0.13302
Netherlands,NLD,2024-11-19 14:00:00,2024-11-19 15:00:00,0.12875999999999999
Netherlands,NLD,2024-11-19 15:00:00,2024-11-19 16:00:00,0.13288999999999998
Netherlands,NLD,2024-11-19 16:00:00,2024-11-19 17:00:00,0.1399
Netherlands,NLD,2024-11-19 17:00:00,2024-11-19 18:00:00,0.13493
Netherlands,NLD,2024-11-19 18:00:00,2024-11-19 19:00:00,0.1263
Netherlands,NLD,2024-11-19 19:00:00,2024-11-19 20:00:00,0.11715
Netherlands,NLD,2024-11-19 20:00:00,2024-11-19 21:00:00,0.10937000000000001
Netherlands,NLD,2024-11-19 21:00:00,2024-11-19 22:00:00,0.10543999999999999
Netherlands,NLD,2024-11-19 22:00:00,2024-11-19 23:00:00,0.08990000000000001
Netherlands,NLD,2024-11-19 23:00:00,2024-11-20 00:00:00,0.1006
Netherlands,NLD,2024-11-20 00:00:00,2024-11-20 01:00:00,0.09159
Netherlands,NLD,2024-11-20 01:00:00,2024-11-20 02:00:00,0.0866
Netherlands,NLD,2024-11-20 02:00:00,2024-11-20 03:00:00,0.08153
Netherlands,NLD,2024-11-20 03:00:00,2024-11-20 04:00:00,0.08101
Netherlands,NLD,2024-11-20 04:00:00,2024-11-20 05:00:00,0.09187000000000001
Netherlands,NLD,2024-11-20 05:00:00,2024-11-20 06:00:00,0.10632
Netherlands,NLD,2024-11-20 06:00:00,2024-11-20 07:00:00,0.13334000000000001
Netherlands,NLD,2024-11-20 07:00:00,2024-11-20 08:00:00,0.14287
Netherlands,NLD,2024-11-20 08:00:00,2024-11-20 09:00:00,0.13997
Netherlands,NLD,2024-11-20 09:00:00,2024-11-20 10:00:00,0.1189
Netherlands,NLD,2024-11-20 10:00:00,2024-11-20 11:00:00,0.10776999999999999
Netherlands,NLD,2024-11-20 11:00:00,2024-11-20 12:00:00,0.09726
Netherlands,NLD,2024-11-20 12:00:00,2024-11-20 13:00:00,0.09736
Netherlands,NLD,2024-11-20 13:00:00,2024-11-20 14:00:00,0.10640000000000001
Netherlands,NLD,2024-11-20 14:00:00,2024-11-20 15:00:00,0.12642
Netherlands,NLD,2024-11-20 15:00:00,2024-11-20 16:00:00,0.13418
Netherlands,NLD,2024-11-20 16:00:00,2024-11-20 17:00:00,0.14213
Netherlands,NLD,2024-11-20 17:00:00,2024-11-20 18:00:00,0.1427
Netherlands,NLD,2024-11-20 18:00:00,2024-11-20 19:00:00,0.14062
Netherlands,NLD,2024-11-20 19:00:00,2024-11-20 20:00:00,0.13598
Netherlands,NLD,2024-11-20 20:00:00,2024-11-20 21:00:00,0.1201
Netherlands,NLD,2024-11-20 21:00:00,2024-11-20 22:00:00,0.11581999999999999
Netherlands,NLD,2024-11-20 22:00:00,2024-11-20 23:00:00,0.1035
Netherlands,NLD,2024-11-20 23:00:00,2024-11-21 00:00:00,0.09395999999999999
Netherlands,NLD,2024-11-21 00:00:00,2024-11-21 01:00:00,0.09040000000000001
Netherlands,NLD,2024-11-21 01:00:00,2024-11-21 02:00:00,0.0868
Netherlands,NLD,2024-11-21 02:00:00,2024-11-21 03:00:00,0.08415
Netherlands,NLD,2024-11-21 03:00:00,2024-11-21 04:00:00,0.08423
Netherlands,NLD,2024-11-21 04:00:00,2024-11-21 05:00:00,0.09287999999999999
Netherlands,NLD,2024-11-21 05:00:00,2024-11-21 06:00:00,0.10829000000000001
Netherlands,NLD,2024-11-21 06:00:00,2024-11-21 07:00:00,0.12226999999999999
Netherlands,NLD,2024-11-21 07:00:00,2024-11-21 08:00:00,0.13335
Netherlands,NLD,2024-11-21 08:00:00,2024-11-21 09:00:00,0.13501
Netherlands,NLD,2024-11-21 09:00:00,2024-11-21 10:00:00,0.12738
Netherlands,NLD,2024-11-21 10:00:00,2024-11-21 11:00:00,0.1155
Netherlands,NLD,2024-11-21 11:00:00,2024-11-21 12:00:00,0.11362
Netherlands,NLD,2024-11-21 12:00:00,2024-11-21 13:00:00,0.12096
Netherlands,NLD,2024-11-21 13:00:00,2024-11-21 14:00:00,0.13721
Netherlands,NLD,2024-11-21 14:00:00,2024-11-21 15:00:00,0.14906999999999998
Netherlands,NLD,2024-11-21 15:00:00,2024-11-21 16:00:00,0.16713
Netherlands,NLD,2024-11-21 16:00:00,2024-11-21 17:00:00,0.17531
Netherlands,NLD,2024-11-21 17:00:00,2024-11-21 18:00:00,0.15821000000000002
Netherlands,NLD,2024-11-21 18:00:00,2024-11-21 19:00:00,0.15116
Netherlands,NLD,2024-11-21 19:00:00,2024-11-21 20:00:00,0.13004
Netherlands,NLD,2024-11-21 20:00:00,2024-11-21 21:00:00,0.12214
Netherlands,NLD,2024-11-21 21:00:00,2024-11-21 22:00:00,0.12122
Netherlands,NLD,2024-11-21 22:00:00,2024-11-21 23:00:00,0.10682
Netherlands,NLD,2024-11-21 23:00:00,2024-11-22 00:00:00,0.1145
Netherlands,NLD,2024-11-22 00:00:00,2024-11-22 01:00:00,0.10402
Netherlands,NLD,2024-11-22 01:00:00,2024-11-22 02:00:00,0.09623999999999999
Netherlands,NLD,2024-11-22 02:00:00,2024-11-22 03:00:00,0.09001
Netherlands,NLD,2024-11-22 03:00:00,2024-11-22 04:00:00,0.0872
Netherlands,NLD,2024-11-22 04:00:00,2024-11-22 05:00:00,0.0916
Netherlands,NLD,2024-11-22 05:00:00,2024-11-22 06:00:00,0.1153
Netherlands,NLD,2024-11-22 06:00:00,2024-11-22 07:00:00,0.13506
Netherlands,NLD,2024-11-22 07:00:00,2024-11-22 08:00:00,0.14421
Netherlands,NLD,2024-11-22 08:00:00,2024-11-22 09:00:00,0.14105
Netherlands,NLD,2024-11-22 09:00:00,2024-11-22 10:00:00,0.13294
Netherlands,NLD,2024-11-22 10:00:00,2024-11-22 11:00:00,0.11688
Netherlands,NLD,2024-11-22 11:00:00,2024-11-22 12:00:00,0.106
Netherlands,NLD,2024-11-22 12:00:00,2024-11-22 13:00:00,0.0945
Netherlands,NLD,2024-11-22 13:00:00,2024-11-22 14:00:00,0.09487000000000001
Netherlands,NLD,2024-11-22 14:00:00,2024-11-22 15:00:00,0.10887000000000001
Netherlands,NLD,2024-11-22 15:00:00,2024-11-22 16:00:00,0.11403
Netherlands,NLD,2024-11-22 16:00:00,2024-11-22 17:00:00,0.13
Netherlands,NLD,2024-11-22 17:00:00,2024-11-22 18:00:00,0.13501
Netherlands,NLD,2024-11-22 18:00:00,2024-11-22 19:00:00,0.13297
Netherlands,NLD,2024-11-22 19:00:00,2024-11-22 20:00:00,0.1291
Netherlands,NLD,2024-11-22 20:00:00,2024-11-22 21:00:00,0.10723
Netherlands,NLD,2024-11-22 21:00:00,2024-11-22 22:00:00,0.12040000000000001
Netherlands,NLD,2024-11-22 22:00:00,2024-11-22 23:00:00,0.12947999999999998
Netherlands,NLD,2024-11-22 23:00:00,2024-11-23 00:00:00,0.12161
Netherlands,NLD,2024-11-23 00:00:00,2024-11-23 01:00:00,0.11388
Netherlands,NLD,2024-11-23 01:00:00,2024-11-23 02:00:00,0.10336
Netherlands,NLD,2024-11-23 02:00:00,2024-11-23 03:00:00,0.09240000000000001
Netherlands,NLD,2024-11-23 03:00:00,2024-11-23 04:00:00,0.08
Netherlands,NLD,2024-11-23 04:00:00,2024-11-23 05:00:00,0.0871
Netherlands,NLD,2024-11-23 05:00:00,2024-11-23 06:00:00,0.08466
Netherlands,NLD,2024-11-23 06:00:00,2024-11-23 07:00:00,0.09040000000000001
Netherlands,NLD,2024-11-23 07:00:00,2024-11-23 08:00:00,0.09795000000000001
Netherlands,NLD,2024-11-23 08:00:00,2024-11-23 09:00:00,0.08562
Netherlands,NLD,2024-11-23 09:00:00,2024-11-23 10:00:00,0.09
Netherlands,NLD,2024-11-23 10:00:00,2024-11-23 11:00:00,0.08598
Netherlands,NLD,2024-11-23 11:00:00,2024-11-23 12:00:00,0.08862
Netherlands,NLD,2024-11-23 12:00:00,2024-11-23 13:00:00,0.078
Netherlands,NLD,2024-11-23 13:00:00,2024-11-23 14:00:00,0.08568
Netherlands,NLD,2024-11-23 14:00:00,2024-11-23 15:00:00,0.10062
Netherlands,NLD,2024-11-23 15:00:00,2024-11-23 16:00:00,0.08546
Netherlands,NLD,2024-11-23 16:00:00,2024-11-23 17:00:00,0.09556
Netherlands,NLD,2024-11-23 17:00:00,2024-11-23 18:00:00,0.089
Netherlands,NLD,2024-11-23 18:00:00,2024-11-23 19:00:00,0.07517
Netherlands,NLD,2024-11-23 19:00:00,2024-11-23 20:00:00,0.06375
Netherlands,NLD,2024-11-23 20:00:00,2024-11-23 21:00:00,0.05131
Netherlands,NLD,2024-11-23 21:00:00,2024-11-23 22:00:00,0.042140000000000004
Netherlands,NLD,2024-11-23 22:00:00,2024-11-23 23:00:00,0.019289999999999998
Netherlands,NLD,2024-11-23 23:00:00,2024-11-24 00:00:00,0.00466
Netherlands,NLD,2024-11-24 00:00:00,2024-11-24 01:00:00,0.00172
Netherlands,NLD,2024-11-24 01:00:00,2024-11-24 02:00:00,0.0
Netherlands,NLD,2024-11-24 02:00:00,2024-11-24 03:00:00,-0.00107
Netherlands,NLD,2024-11-24 03:00:00,2024-11-24 04:00:00,-0.0019
Netherlands,NLD,2024-11-24 04:00:00,2024-11-24 05:00:00,-0.00209
Netherlands,NLD,2024-11-24 05:00:00,2024-11-24 06:00:00,-0.00267
Netherlands,NLD,2024-11-24 06:00:00,2024-11-24 07:00:00,-2.9999999999999997e-05
Netherlands,NLD,2024-11-24 07:00:00,2024-11-24 08:00:00,0.0013700000000000001
Netherlands,NLD,2024-11-24 08:00:00,2024-11-24 09:00:00,0.00375
Netherlands,NLD,2024-11-24 09:00:00,2024-11-24 10:00:00,0.00207
Netherlands,NLD,2024-11-24 10:00:00,2024-11-24 11:00:00,0.00125
Netherlands,NLD,2024-11-24 11:00:00,2024-11-24 12:00:00,0.00222
Netherlands,NLD,2024-11-24 12:00:00,2024-11-24 13:00:00,0.00135
Netherlands,NLD,2024-11-24 13:00:00,2024-11-24 14:00:00,0.00478
Netherlands,NLD,2024-11-24 14:00:00,2024-11-24 15:00:00,0.008919999999999999
Netherlands,NLD,2024-11-24 15:00:00,2024-11-24 16:00:00,0.0415
Netherlands,NLD,2024-11-24 16:00:00,2024-11-24 17:00:00,0.078
Netherlands,NLD,2024-11-24 17:00:00,2024-11-24 18:00:00,0.06
Netherlands,NLD,2024-11-24 18:00:00,2024-11-24 19:00:00,0.0599
Netherlands,NLD,2024-11-24 19:00:00,2024-11-24 20:00:00,0.039
Netherlands,NLD,2024-11-24 20:00:00,2024-11-24 21:00:00,0.01472
Netherlands,NLD,2024-11-24 21:00:00,2024-11-24 22:00:00,0.00841
Netherlands,NLD,2024-11-24 22:00:00,2024-11-24 23:00:00,0.004
Netherlands,NLD,2024-11-24 23:00:00,2024-11-25 00:00:00,0.00043
Netherlands,NLD,2024-11-25 00:00:00,2024-11-25 01:00:00,1e-05
Netherlands,NLD,2024-11-25 01:00:00,2024-11-25 02:00:00,-0.00055
Netherlands,NLD,2024-11-25 02:00:00,2024-11-25 03:00:00,-0.00109
Netherlands,NLD,2024-11-25 03:00:00,2024-11-25 04:00:00,-0.00034
Netherlands,NLD,2024-11-25 04:00:00,2024-11-25 05:00:00,-5e-05
Netherlands,NLD,2024-11-25 05:00:00,2024-11-25 06:00:00,0.0019299999999999999
Netherlands,NLD,2024-11-25 06:00:00,2024-11-25 07:00:00,0.057
Netherlands,NLD,2024-11-25 07:00:00,2024-11-25 08:00:00,0.097
Netherlands,NLD,2024-11-25 08:00:00,2024-11-25 09:00:00,0.11859
Netherlands,NLD,2024-11-25 09:00:00,2024-11-25 10:00:00,0.12819999999999998
Netherlands,NLD,2024-11-25 10:00:00,2024-11-25 11:00:00,0.123
Netherlands,NLD,2024-11-25 11:00:00,2024-11-25 12:00:00,0.112
Netherlands,NLD,2024-11-25 12:00:00,2024-11-25 13:00:00,0.11220000000000001
Netherlands,NLD,2024-11-25 13:00:00,2024-11-25 14:00:00,0.114
Netherlands,NLD,2024-11-25 14:00:00,2024-11-25 15:00:00,0.11568
Netherlands,NLD,2024-11-25 15:00:00,2024-11-25 16:00:00,0.125
Netherlands,NLD,2024-11-25 16:00:00,2024-11-25 17:00:00,0.149
Netherlands,NLD,2024-11-25 17:00:00,2024-11-25 18:00:00,0.13821
Netherlands,NLD,2024-11-25 18:00:00,2024-11-25 19:00:00,0.11899
Netherlands,NLD,2024-11-25 19:00:00,2024-11-25 20:00:00,0.09634999999999999
Netherlands,NLD,2024-11-25 20:00:00,2024-11-25 21:00:00,0.0834
Netherlands,NLD,2024-11-25 21:00:00,2024-11-25 22:00:00,0.08807999999999999
Netherlands,NLD,2024-11-25 22:00:00,2024-11-25 23:00:00,0.07071
Netherlands,NLD,2024-11-25 23:00:00,2024-11-26 00:00:00,0.0901
Netherlands,NLD,2024-11-26 00:00:00,2024-11-26 01:00:00,0.07906
Netherlands,NLD,2024-11-26 01:00:00,2024-11-26 02:00:00,0.07862000000000001
Netherlands,NLD,2024-11-26 02:00:00,2024-11-26 03:00:00,0.07123
Netherlands,NLD,2024-11-26 03:00:00,2024-11-26 04:00:00,0.07298
Netherlands,NLD,2024-11-26 04:00:00,2024-11-26 05:00:00,0.08238
Netherlands,NLD,2024-11-26 05:00:00,2024-11-26 06:00:00,0.10145
Netherlands,NLD,2024-11-26 06:00:00,2024-11-26 07:00:00,0.11
Netherlands,NLD,2024-11-26 07:00:00,2024-11-26 08:00:00,0.13615
Netherlands,NLD,2024-11-26 08:00:00,2024-11-26 09:00:00,0.12699
Netherlands,NLD,2024-11-26 09:00:00,2024-11-26 10:00:00,0.11209000000000001
Netherlands,NLD,2024-11-26 10:00:00,2024-11-26 11:00:00,0.1
Netherlands,NLD,2024-11-26 11:00:00,2024-11-26 12:00:00,0.09195
Netherlands,NLD,2024-11-26 12:00:00,2024-11-26 13:00:00,0.10164
Netherlands,NLD,2024-11-26 13:00:00,2024-11-26 14:00:00,0.11571
Netherlands,NLD,2024-11-26 14:00:00,2024-11-26 15:00:00,0.12425
Netherlands,NLD,2024-11-26 15:00:00,2024-11-26 16:00:00,0.14402
Netherlands,NLD,2024-11-26 16:00:00,2024-11-26 17:00:00,0.15518
Netherlands,NLD,2024-11-26 17:00:00,2024-11-26 18:00:00,0.16063999999999998
Netherlands,NLD,2024-11-26 18:00:00,2024-11-26 19:00:00,0.15294
Netherlands,NLD,2024-11-26 19:00:00,2024-11-26 20:00:00,0.12703
Netherlands,NLD,2024-11-26 20:00:00,2024-11-26 21:00:00,0.11863
Netherlands,NLD,2024-11-26 21:00:00,2024-11-26 22:00:00,0.1225
Netherlands,NLD,2024-11-26 22:00:00,2024-11-26 23:00:00,0.11359999999999999
Netherlands,NLD,2024-11-26 23:00:00,2024-11-27 00:00:00,0.11106
Netherlands,NLD,2024-11-27 00:00:00,2024-11-27 01:00:00,0.11
Netherlands,NLD,2024-11-27 01:00:00,2024-11-27 02:00:00,0.11
Netherlands,NLD,2024-11-27 02:00:00,2024-11-27 03:00:00,0.10321
Netherlands,NLD,2024-11-27 03:00:00,2024-11-27 04:00:00,0.10087
Netherlands,NLD,2024-11-27 04:00:00,2024-11-27 05:00:00,0.11211
Netherlands,NLD,2024-11-27 05:00:00,2024-11-27 06:00:00,0.1288
Netherlands,NLD,2024-11-27 06:00:00,2024-11-27 07:00:00,0.12890000000000001
Netherlands,NLD,2024-11-27 07:00:00,2024-11-27 08:00:00,0.166
Netherlands,NLD,2024-11-27 08:00:00,2024-11-27 09:00:00,0.131
Netherlands,NLD,2024-11-27 09:00:00,2024-11-27 10:00:00,0.13907
Netherlands,NLD,2024-11-27 10:00:00,2024-11-27 11:00:00,0.13438999999999998
Netherlands,NLD,2024-11-27 11:00:00,2024-11-27 12:00:00,0.12581
Netherlands,NLD,2024-11-27 12:00:00,2024-11-27 13:00:00,0.12440000000000001
Netherlands,NLD,2024-11-27 13:00:00,2024-11-27 14:00:00,0.11987
Netherlands,NLD,2024-11-27 14:00:00,2024-11-27 15:00:00,0.124
Netherlands,NLD,2024-11-27 15:00:00,2024-11-27 16:00:00,0.11639000000000001
Netherlands,NLD,2024-11-27 16:00:00,2024-11-27 17:00:00,0.11374
Netherlands,NLD,2024-11-27 17:00:00,2024-11-27 18:00:00,0.10990000000000001
Netherlands,NLD,2024-11-27 18:00:00,2024-11-27 19:00:00,0.101
Netherlands,NLD,2024-11-27 19:00:00,2024-11-27 20:00:00,0.07898000000000001
Netherlands,NLD,2024-11-27 20:00:00,2024-11-27 21:00:00,0.07997
Netherlands,NLD,2024-11-27 21:00:00,2024-11-27 22:00:00,0.0857
Netherlands,NLD,2024-11-27 22:00:00,2024-11-27 23:00:00,0.0599
Netherlands,NLD,2024-11-27 23:00:00,2024-11-28 00:00:00,0.0501
Netherlands,NLD,2024-11-28 00:00:00,2024-11-28 01:00:00,0.041210000000000004
Netherlands,NLD,2024-11-28 01:00:00,2024-11-28 02:00:00,0.03513
Netherlands,NLD,2024-11-28 02:00:00,2024-11-28 03:00:00,0.038
Netherlands,NLD,2024-11-28 03:00:00,2024-11-28 04:00:00,0.0599
Netherlands,NLD,2024-11-28 04:00:00,2024-11-28 05:00:00,0.09204000000000001
Netherlands,NLD,2024-11-28 05:00:00,2024-11-28 06:00:00,0.1001
Netherlands,NLD,2024-11-28 06:00:00,2024-11-28 07:00:00,0.1321
Netherlands,NLD,2024-11-28 07:00:00,2024-11-28 08:00:00,0.14829
Netherlands,NLD,2024-11-28 08:00:00,2024-11-28 09:00:00,0.14036
Netherlands,NLD,2024-11-28 09:00:00,2024-11-28 10:00:00,0.09901
Netherlands,NLD,2024-11-28 10:00:00,2024-11-28 11:00:00,0.0987
Netherlands,NLD,2024-11-28 11:00:00,2024-11-28 12:00:00,0.09616
Netherlands,NLD,2024-11-28 12:00:00,2024-11-28 13:00:00,0.09899
Netherlands,NLD,2024-11-28 13:00:00,2024-11-28 14:00:00,0.1144
Netherlands,NLD,2024-11-28 14:00:00,2024-11-28 15:00:00,0.1188
Netherlands,NLD,2024-11-28 15:00:00,2024-11-28 16:00:00,0.13393
Netherlands,NLD,2024-11-28 16:00:00,2024-11-28 17:00:00,0.151
Netherlands,NLD,2024-11-28 17:00:00,2024-11-28 18:00:00,0.15824000000000002
Netherlands,NLD,2024-11-28 18:00:00,2024-11-28 19:00:00,0.15403999999999998
Netherlands,NLD,2024-11-28 19:00:00,2024-11-28 20:00:00,0.14339
Netherlands,NLD,2024-11-28 20:00:00,2024-11-28 21:00:00,0.13126
Netherlands,NLD,2024-11-28 21:00:00,2024-11-28 22:00:00,0.12215999999999999
Netherlands,NLD,2024-11-28 22:00:00,2024-11-28 23:00:00,0.11259999999999999
Netherlands,NLD,2024-11-28 23:00:00,2024-11-29 00:00:00,0.1103
Netherlands,NLD,2024-11-29 00:00:00,2024-11-29 01:00:00,0.10701000000000001
Netherlands,NLD,2024-11-29 01:00:00,2024-11-29 02:00:00,0.10346999999999999
Netherlands,NLD,2024-11-29 02:00:00,2024-11-29 03:00:00,0.10152
Netherlands,NLD,2024-11-29 03:00:00,2024-11-29 04:00:00,0.10283
Netherlands,NLD,2024-11-29 04:00:00,2024-11-29 05:00:00,0.11227
Netherlands,NLD,2024-11-29 05:00:00,2024-11-29 06:00:00,0.13066
Netherlands,NLD,2024-11-29 06:00:00,2024-11-29 07:00:00,0.16072999999999998
Netherlands,NLD,2024-11-29 07:00:00,2024-11-29 08:00:00,0.17356
Netherlands,NLD,2024-11-29 08:00:00,2024-11-29 09:00:00,0.15737
Netherlands,NLD,2024-11-29 09:00:00,2024-11-29 10:00:00,0.13835
Netherlands,NLD,2024-11-29 10:00:00,2024-11-29 11:00:00,0.12006
Netherlands,NLD,2024-11-29 11:00:00,2024-11-29 12:00:00,0.11005
Netherlands,NLD,2024-11-29 12:00:00,2024-11-29 13:00:00,0.11426
Netherlands,NLD,2024-11-29 13:00:00,2024-11-29 14:00:00,0.1093
Netherlands,NLD,2024-11-29 14:00:00,2024-11-29 15:00:00,0.1242
Netherlands,NLD,2024-11-29 15:00:00,2024-11-29 16:00:00,0.14622
Netherlands,NLD,2024-11-29 16:00:00,2024-11-29 17:00:00,0.14934999999999998
Netherlands,NLD,2024-11-29 17:00:00,2024-11-29 18:00:00,0.14203
Netherlands,NLD,2024-11-29 18:00:00,2024-11-29 19:00:00,0.13187000000000001
Netherlands,NLD,2024-11-29 19:00:00,2024-11-29 20:00:00,0.1199
Netherlands,NLD,2024-11-29 20:00:00,2024-11-29 21:00:00,0.11209999999999999
Netherlands,NLD,2024-11-29 21:00:00,2024-11-29 22:00:00,0.11393
Netherlands,NLD,2024-11-29 22:00:00,2024-11-29 23:00:00,0.10328
Netherlands,NLD,2024-11-29 23:00:00,2024-11-30 00:00:00,0.0995
Netherlands,NLD,2024-11-30 00:00:00,2024-11-30 01:00:00,0.09269
Netherlands,NLD,2024-11-30 01:00:00,2024-11-30 02:00:00,0.08962
Netherlands,NLD,2024-11-30 02:00:00,2024-11-30 03:00:00,0.08662
Netherlands,NLD,2024-11-30 03:00:00,2024-11-30 04:00:00,0.08804000000000001
Netherlands,NLD,2024-11-30 04:00:00,2024-11-30 05:00:00,0.09008
Netherlands,NLD,2024-11-30 05:00:00,2024-11-30 06:00:00,0.08812
Netherlands,NLD,2024-11-30 06:00:00,2024-11-30 07:00:00,0.10242
Netherlands,NLD,2024-11-30 07:00:00,2024-11-30 08:00:00,0.1178
Netherlands,NLD,2024-11-30 08:00:00,2024-11-30 09:00:00,0.125
Netherlands,NLD,2024-11-30 09:00:00,2024-11-30 10:00:00,0.10886
Netherlands,NLD,2024-11-30 10:00:00,2024-11-30 11:00:00,0.08545
Netherlands,NLD,2024-11-30 11:00:00,2024-11-30 12:00:00,0.08718000000000001
Netherlands,NLD,2024-11-30 12:00:00,2024-11-30 13:00:00,0.09
Netherlands,NLD,2024-11-30 13:00:00,2024-11-30 14:00:00,0.10679999999999999
Netherlands,NLD,2024-11-30 14:00:00,2024-11-30 15:00:00,0.12221
Netherlands,NLD,2024-11-30 15:00:00,2024-11-30 16:00:00,0.13153
Netherlands,NLD,2024-11-30 16:00:00,2024-11-30 17:00:00,0.13768
Netherlands,NLD,2024-11-30 17:00:00,2024-11-30 18:00:00,0.1364
Netherlands,NLD,2024-11-30 18:00:00,2024-11-30 19:00:00,0.13196000000000002
Netherlands,NLD,2024-11-30 19:00:00,2024-11-30 20:00:00,0.12451000000000001
Netherlands,NLD,2024-11-30 20:00:00,2024-11-30 21:00:00,0.11508
Netherlands,NLD,2024-11-30 21:00:00,2024-11-30 22:00:00,0.11478000000000001
Netherlands,NLD,2024-11-30 22:00:00,2024-11-30 23:00:00,0.10667
Netherlands,NLD,2024-11-30 23:00:00,2024-12-01 00:00:00,0.09966
Netherlands,NLD,2024-12-01 00:00:00,2024-12-01 01:00:00,0.09001
Netherlands,NLD,2024-12-01 01:00:00,2024-12-01 02:00:00,0.08814
Netherlands,NLD,2024-12-01 02:00:00,2024-12-01 03:00:00,0.0857
Netherlands,NLD,2024-12-01 03:00:00,2024-12-01 04:00:00,0.08427
Netherlands,NLD,2024-12-01 04:00:00,2024-12-01 05:00:00,0.08377
Netherlands,NLD,2024-12-01 05:00:00,2024-12-01 06:00:00,0.08323
Netherlands,NLD,2024-12-01 06:00:00,2024-12-01 07:00:00,0.0895
Netherlands,NLD,2024-12-01 07:00:00,2024-12-01 08:00:00,0.09919
Netherlands,NLD,2024-12-01 08:00:00,2024-12-01 09:00:00,0.09459999999999999
Netherlands,NLD,2024-12-01 09:00:00,2024-12-01 10:00:00,0.08929999999999999
Netherlands,NLD,2024-12-01 10:00:00,2024-12-01 11:00:00,0.08238
Netherlands,NLD,2024-12-01 11:00:00,2024-12-01 12:00:00,0.08525
Netherlands,NLD,2024-12-01 12:00:00,2024-12-01 13:00:00,0.08308
Netherlands,NLD,2024-12-01 13:00:00,2024-12-01 14:00:00,0.08817
Netherlands,NLD,2024-12-01 14:00:00,2024-12-01 15:00:00,0.10525
Netherlands,NLD,2024-12-01 15:00:00,2024-12-01 16:00:00,0.11745
Netherlands,NLD,2024-12-01 16:00:00,2024-12-01 17:00:00,0.1178
Netherlands,NLD,2024-12-01 17:00:00,2024-12-01 18:00:00,0.12326999999999999
Netherlands,NLD,2024-12-01 18:00:00,2024-12-01 19:00:00,0.11231000000000001
Netherlands,NLD,2024-12-01 19:00:00,2024-12-01 20:00:00,0.09366
Netherlands,NLD,2024-12-01 20:00:00,2024-12-01 21:00:00,0.08601
Netherlands,NLD,2024-12-01 21:00:00,2024-12-01 22:00:00,0.09739
Netherlands,NLD,2024-12-01 22:00:00,2024-12-01 23:00:00,0.085
Netherlands,NLD,2024-12-01 23:00:00,2024-12-02 00:00:00,0.07476999999999999
Netherlands,NLD,2024-12-02 00:00:00,2024-12-02 01:00:00,0.06620999999999999
Netherlands,NLD,2024-12-02 01:00:00,2024-12-02 02:00:00,0.06157
Netherlands,NLD,2024-12-02 02:00:00,2024-12-02 03:00:00,0.0465
Netherlands,NLD,2024-12-02 03:00:00,2024-12-02 04:00:00,0.04915
Netherlands,NLD,2024-12-02 04:00:00,2024-12-02 05:00:00,0.06842000000000001
Netherlands,NLD,2024-12-02 05:00:00,2024-12-02 06:00:00,0.09251000000000001
Netherlands,NLD,2024-12-02 06:00:00,2024-12-02 07:00:00,0.12525
Netherlands,NLD,2024-12-02 07:00:00,2024-12-02 08:00:00,0.1262
Netherlands,NLD,2024-12-02 08:00:00,2024-12-02 09:00:00,0.12394
Netherlands,NLD,2024-12-02 09:00:00,2024-12-02 10:00:00,0.12143999999999999
Netherlands,NLD,2024-12-02 10:00:00,2024-12-02 11:00:00,0.11597
Netherlands,NLD,2024-12-02 11:00:00,2024-12-02 12:00:00,0.11518
Netherlands,NLD,2024-12-02 12:00:00,2024-12-02 13:00:00,0.1264
Netherlands,NLD,2024-12-02 13:00:00,2024-12-02 14:00:00,0.13405
Netherlands,NLD,2024-12-02 14:00:00,2024-12-02 15:00:00,0.14193
Netherlands,NLD,2024-12-02 15:00:00,2024-12-02 16:00:00,0.14475
Netherlands,NLD,2024-12-02 16:00:00,2024-12-02 17:00:00,0.14707
Netherlands,NLD,2024-12-02 17:00:00,2024-12-02 18:00:00,0.14828
Netherlands,NLD,2024-12-02 18:00:00,2024-12-02 19:00:00,0.13877
Netherlands,NLD,2024-12-02 19:00:00,2024-12-02 20:00:00,0.12113
Netherlands,NLD,2024-12-02 20:00:00,2024-12-02 21:00:00,0.11341
Netherlands,NLD,2024-12-02 21:00:00,2024-12-02 22:00:00,0.11254
Netherlands,NLD,2024-12-02 22:00:00,2024-12-02 23:00:00,0.10264
Netherlands,NLD,2024-12-02 23:00:00,2024-12-03 00:00:00,0.11093
Netherlands,NLD,2024-12-03 00:00:00,2024-12-03 01:00:00,0.09090000000000001
Netherlands,NLD,2024-12-03 01:00:00,2024-12-03 02:00:00,0.088
Netherlands,NLD,2024-12-03 02:00:00,2024-12-03 03:00:00,0.0868
Netherlands,NLD,2024-12-03 03:00:00,2024-12-03 04:00:00,0.09495999999999999
Netherlands,NLD,2024-12-03 04:00:00,2024-12-03 05:00:00,0.10256
Netherlands,NLD,2024-12-03 05:00:00,2024-12-03 06:00:00,0.11993999999999999
Netherlands,NLD,2024-12-03 06:00:00,2024-12-03 07:00:00,0.142
Netherlands,NLD,2024-12-03 07:00:00,2024-12-03 08:00:00,0.15563999999999997
Netherlands,NLD,2024-12-03 08:00:00,2024-12-03 09:00:00,0.15109
Netherlands,NLD,2024-12-03 09:00:00,2024-12-03 10:00:00,0.14229
Netherlands,NLD,2024-12-03 10:00:00,2024-12-03 11:00:00,0.13113999999999998
Netherlands,NLD,2024-12-03 11:00:00,2024-12-03 12:00:00,0.12713
Netherlands,NLD,2024-12-03 12:00:00,2024-12-03 13:00:00,0.14162
Netherlands,NLD,2024-12-03 13:00:00,2024-12-03 14:00:00,0.148
Netherlands,NLD,2024-12-03 14:00:00,2024-12-03 15:00:00,0.16598
Netherlands,NLD,2024-12-03 15:00:00,2024-12-03 16:00:00,0.2001
Netherlands,NLD,2024-12-03 16:00:00,2024-12-03 17:00:00,0.20914
Netherlands,NLD,2024-12-03 17:00:00,2024-12-03 18:00:00,0.19788
Netherlands,NLD,2024-12-03 18:00:00,2024-12-03 19:00:00,0.18983
Netherlands,NLD,2024-12-03 19:00:00,2024-12-03 20:00:00,0.16844
Netherlands,NLD,2024-12-03 20:00:00,2024-12-03 21:00:00,0.15313
Netherlands,NLD,2024-12-03 21:00:00,2024-12-03 22:00:00,0.14208
Netherlands,NLD,2024-12-03 22:00:00,2024-12-03 23:00:00,0.13081
Netherlands,NLD,2024-12-03 23:00:00,2024-12-04 00:00:00,0.121
Netherlands,NLD,2024-12-04 00:00:00,2024-12-04 01:00:00,0.11666
Netherlands,NLD,2024-12-04 01:00:00,2024-12-04 02:00:00,0.11279
Netherlands,NLD,2024-12-04 02:00:00,2024-12-04 03:00:00,0.11
Netherlands,NLD,2024-12-04 03:00:00,2024-12-04 04:00:00,0.11164
Netherlands,NLD,2024-12-04 04:00:00,2024-12-04 05:00:00,0.1196
Netherlands,NLD,2024-12-04 05:00:00,2024-12-04 06:00:00,0.14315
Netherlands,NLD,2024-12-04 06:00:00,2024-12-04 07:00:00,0.20214
Netherlands,NLD,2024-12-04 07:00:00,2024-12-04 08:00:00,0.26650999999999997
Netherlands,NLD,2024-12-04 08:00:00,2024-12-04 09:00:00,0.24405000000000002
Netherlands,NLD,2024-12-04 09:00:00,2024-12-04 10:00:00,0.20319
Netherlands,NLD,2024-12-04 10:00:00,2024-12-04 11:00:00,0.19203
Netherlands,NLD,2024-12-04 11:00:00,2024-12-04 12:00:00,0.18705000000000002
Netherlands,NLD,2024-12-04 12:00:00,2024-12-04 13:00:00,0.19135
Netherlands,NLD,2024-12-04 13:00:00,2024-12-04 14:00:00,0.20616
Netherlands,NLD,2024-12-04 14:00:00,2024-12-04 15:00:00,0.22783
Netherlands,NLD,2024-12-04 15:00:00,2024-12-04 16:00:00,0.25
Netherlands,NLD,2024-12-04 16:00:00,2024-12-04 17:00:00,0.27969
Netherlands,NLD,2024-12-04 17:00:00,2024-12-04 18:00:00,0.22524
Netherlands,NLD,2024-12-04 18:00:00,2024-12-04 19:00:00,0.194
Netherlands,NLD,2024-12-04 19:00:00,2024-12-04 20:00:00,0.15880000000000002
Netherlands,NLD,2024-12-04 20:00:00,2024-12-04 21:00:00,0.133
Netherlands,NLD,2024-12-04 21:00:00,2024-12-04 22:00:00,0.12
Netherlands,NLD,2024-12-04 22:00:00,2024-12-04 23:00:00,0.111
Netherlands,NLD,2024-12-04 23:00:00,2024-12-05 00:00:00,0.11477
Netherlands,NLD,2024-12-05 00:00:00,2024-12-05 01:00:00,0.10574
Netherlands,NLD,2024-12-05 01:00:00,2024-12-05 02:00:00,0.1001
Netherlands,NLD,2024-12-05 02:00:00,2024-12-05 03:00:00,0.08714
Netherlands,NLD,2024-12-05 03:00:00,2024-12-05 04:00:00,0.07694
Netherlands,NLD,2024-12-05 04:00:00,2024-12-05 05:00:00,0.0777
Netherlands,NLD,2024-12-05 05:00:00,2024-12-05 06:00:00,0.09129999999999999
Netherlands,NLD,2024-12-05 06:00:00,2024-12-05 07:00:00,0.1001
Netherlands,NLD,2024-12-05 07:00:00,2024-12-05 08:00:00,0.128
Netherlands,NLD,2024-12-05 08:00:00,2024-12-05 09:00:00,0.13178
Netherlands,NLD,2024-12-05 09:00:00,2024-12-05 10:00:00,0.12492
Netherlands,NLD,2024-12-05 10:00:00,2024-12-05 11:00:00,0.10731
Netherlands,NLD,2024-12-05 11:00:00,2024-12-05 12:00:00,0.1035
Netherlands,NLD,2024-12-05 12:00:00,2024-12-05 13:00:00,0.10432
Netherlands,NLD,2024-12-05 13:00:00,2024-12-05 14:00:00,0.10736
Netherlands,NLD,2024-12-05 14:00:00,2024-12-05 15:00:00,0.11626
Netherlands,NLD,2024-12-05 15:00:00,2024-12-05 16:00:00,0.12464
Netherlands,NLD,2024-12-05 16:00:00,2024-12-05 17:00:00,0.1379
Netherlands,NLD,2024-12-05 17:00:00,2024-12-05 18:00:00,0.13
Netherlands,NLD,2024-12-05 18:00:00,2024-12-05 19:00:00,0.11520999999999999
Netherlands,NLD,2024-12-05 19:00:00,2024-12-05 20:00:00,0.10191
Netherlands,NLD,2024-12-05 20:00:00,2024-12-05 21:00:00,0.08393
Netherlands,NLD,2024-12-05 21:00:00,2024-12-05 22:00:00,0.07995999999999999
Netherlands,NLD,2024-12-05 22:00:00,2024-12-05 23:00:00,0.04512
Netherlands,NLD,2024-12-05 23:00:00,2024-12-06 00:00:00,0.01209
Netherlands,NLD,2024-12-06 00:00:00,2024-12-06 01:00:00,0.00597
Netherlands,NLD,2024-12-06 01:00:00,2024-12-06 02:00:00,0.0041600000000000005
Netherlands,NLD,2024-12-06 02:00:00,2024-12-06 03:00:00,0.00222
Netherlands,NLD,2024-12-06 03:00:00,2024-12-06 04:00:00,0.00279
Netherlands,NLD,2024-12-06 04:00:00,2024-12-06 05:00:00,0.010539999999999999
Netherlands,NLD,2024-12-06 05:00:00,2024-12-06 06:00:00,0.0627
Netherlands,NLD,2024-12-06 06:00:00,2024-12-06 07:00:00,0.09477
Netherlands,NLD,2024-12-06 07:00:00,2024-12-06 08:00:00,0.11175
Netherlands,NLD,2024-12-06 08:00:00,2024-12-06 09:00:00,0.125
Netherlands,NLD,2024-12-06 09:00:00,2024-12-06 10:00:00,0.10543000000000001
Netherlands,NLD,2024-12-06 10:00:00,2024-12-06 11:00:00,0.0999
Netherlands,NLD,2024-12-06 11:00:00,2024-12-06 12:00:00,0.09190000000000001
Netherlands,NLD,2024-12-06 12:00:00,2024-12-06 13:00:00,0.10117
Netherlands,NLD,2024-12-06 13:00:00,2024-12-06 14:00:00,0.109
Netherlands,NLD,2024-12-06 14:00:00,2024-12-06 15:00:00,0.11703
Netherlands,NLD,2024-12-06 15:00:00,2024-12-06 16:00:00,0.13058
Netherlands,NLD,2024-12-06 16:00:00,2024-12-06 17:00:00,0.14227
Netherlands,NLD,2024-12-06 17:00:00,2024-12-06 18:00:00,0.15055000000000002
Netherlands,NLD,2024-12-06 18:00:00,2024-12-06 19:00:00,0.1417
Netherlands,NLD,2024-12-06 19:00:00,2024-12-06 20:00:00,0.12825
Netherlands,NLD,2024-12-06 20:00:00,2024-12-06 21:00:00,0.11799
Netherlands,NLD,2024-12-06 21:00:00,2024-12-06 22:00:00,0.118
Netherlands,NLD,2024-12-06 22:00:00,2024-12-06 23:00:00,0.10049
Netherlands,NLD,2024-12-06 23:00:00,2024-12-07 00:00:00,0.08579
Netherlands,NLD,2024-12-07 00:00:00,2024-12-07 01:00:00,0.07492
Netherlands,NLD,2024-12-07 01:00:00,2024-12-07 02:00:00,0.0675
Netherlands,NLD,2024-12-07 02:00:00,2024-12-07 03:00:00,0.06148
Netherlands,NLD,2024-12-07 03:00:00,2024-12-07 04:00:00,0.049100000000000005
Netherlands,NLD,2024-12-07 04:00:00,2024-12-07 05:00:00,0.03741
Netherlands,NLD,2024-12-07 05:00:00,2024-12-07 06:00:00,0.0365
Netherlands,NLD,2024-12-07 06:00:00,2024-12-07 07:00:00,0.041479999999999996
Netherlands,NLD,2024-12-07 07:00:00,2024-12-07 08:00:00,0.05417
Netherlands,NLD,2024-12-07 08:00:00,2024-12-07 09:00:00,0.0591
Netherlands,NLD,2024-12-07 09:00:00,2024-12-07 10:00:00,0.0588
Netherlands,NLD,2024-12-07 10:00:00,2024-12-07 11:00:00,0.05796
Netherlands,NLD,2024-12-07 11:00:00,2024-12-07 12:00:00,0.06314
Netherlands,NLD,2024-12-07 12:00:00,2024-12-07 13:00:00,0.06665
Netherlands,NLD,2024-12-07 13:00:00,2024-12-07 14:00:00,0.06573999999999999
Netherlands,NLD,2024-12-07 14:00:00,2024-12-07 15:00:00,0.07234
Netherlands,NLD,2024-12-07 15:00:00,2024-12-07 16:00:00,0.085
Netherlands,NLD,2024-12-07 16:00:00,2024-12-07 17:00:00,0.0872
Netherlands,NLD,2024-12-07 17:00:00,2024-12-07 18:00:00,0.08261
Netherlands,NLD,2024-12-07 18:00:00,2024-12-07 19:00:00,0.08034999999999999
Netherlands,NLD,2024-12-07 19:00:00,2024-12-07 20:00:00,0.07890000000000001
Netherlands,NLD,2024-12-07 20:00:00,2024-12-07 21:00:00,0.07903
Netherlands,NLD,2024-12-07 21:00:00,2024-12-07 22:00:00,0.0765
Netherlands,NLD,2024-12-07 22:00:00,2024-12-07 23:00:00,0.06873
Netherlands,NLD,2024-12-07 23:00:00,2024-12-08 00:00:00,0.08216
Netherlands,NLD,2024-12-08 00:00:00,2024-12-08 01:00:00,0.07585
Netherlands,NLD,2024-12-08 01:00:00,2024-12-08 02:00:00,0.07581
Netherlands,NLD,2024-12-08 02:00:00,2024-12-08 03:00:00,0.07121
Netherlands,NLD,2024-12-08 03:00:00,2024-12-08 04:00:00,0.07128
Netherlands,NLD,2024-12-08 04:00:00,2024-12-08 05:00:00,0.07696
Netherlands,NLD,2024-12-08 05:00:00,2024-12-08 06:00:00,0.07873999999999999
Netherlands,NLD,2024-12-08 06:00:00,2024-12-08 07:00:00,0.07929
Netherlands,NLD,2024-12-08 07:00:00,2024-12-08 08:00:00,0.08867
Netherlands,NLD,2024-12-08 08:00:00,2024-12-08 09:00:00,0.09873
Netherlands,NLD,2024-12-08 09:00:00,2024-12-08 10:00:00,0.10081
Netherlands,NLD,2024-12-08 10:00:00,2024-12-08 11:00:00,0.10640000000000001
Netherlands,NLD,2024-12-08 11:00:00,2024-12-08 12:00:00,0.10873999999999999
Netherlands,NLD,2024-12-08 12:00:00,2024-12-08 13:00:00,0.10615999999999999
Netherlands,NLD,2024-12-08 13:00:00,2024-12-08 14:00:00,0.09937
Netherlands,NLD,2024-12-08 14:00:00,2024-12-08 15:00:00,0.10966
Netherlands,NLD,2024-12-08 15:00:00,2024-12-08 16:00:00,0.0958
Netherlands,NLD,2024-12-08 16:00:00,2024-12-08 17:00:00,0.10548
Netherlands,NLD,2024-12-08 17:00:00,2024-12-08 18:00:00,0.09534999999999999
Netherlands,NLD,2024-12-08 18:00:00,2024-12-08 19:00:00,0.09412000000000001
Netherlands,NLD,2024-12-08 19:00:00,2024-12-08 20:00:00,0.08875
Netherlands,NLD,2024-12-08 20:00:00,2024-12-08 21:00:00,0.088
Netherlands,NLD,2024-12-08 21:00:00,2024-12-08 22:00:00,0.08575
Netherlands,NLD,2024-12-08 22:00:00,2024-12-08 23:00:00,0.07351
Netherlands,NLD,2024-12-08 23:00:00,2024-12-09 00:00:00,0.06899
Netherlands,NLD,2024-12-09 00:00:00,2024-12-09 01:00:00,0.05319
Netherlands,NLD,2024-12-09 01:00:00,2024-12-09 02:00:00,0.034659999999999996
Netherlands,NLD,2024-12-09 02:00:00,2024-12-09 03:00:00,0.0315
Netherlands,NLD,2024-12-09 03:00:00,2024-12-09 04:00:00,0.03533
Netherlands,NLD,2024-12-09 04:00:00,2024-12-09 05:00:00,0.06624
Netherlands,NLD,2024-12-09 05:00:00,2024-12-09 06:00:00,0.07767
Netherlands,NLD,2024-12-09 06:00:00,2024-12-09 07:00:00,0.11212000000000001
Netherlands,NLD,2024-12-09 07:00:00,2024-12-09 08:00:00,0.12196
Netherlands,NLD,2024-12-09 08:00:00,2024-12-09 09:00:00,0.12228
Netherlands,NLD,2024-12-09 09:00:00,2024-12-09 10:00:00,0.12336
Netherlands,NLD,2024-12-09 10:00:00,2024-12-09 11:00:00,0.12031
Netherlands,NLD,2024-12-09 11:00:00,2024-12-09 12:00:00,0.12246
Netherlands,NLD,2024-12-09 12:00:00,2024-12-09 13:00:00,0.1162
Netherlands,NLD,2024-12-09 13:00:00,2024-12-09 14:00:00,0.11667
Netherlands,NLD,2024-12-09 14:00:00,2024-12-09 15:00:00,0.11401
Netherlands,NLD,2024-12-09 15:00:00,2024-12-09 16:00:00,0.11569
Netherlands,NLD,2024-12-09 16:00:00,2024-12-09 17:00:00,0.1216
Netherlands,NLD,2024-12-09 17:00:00,2024-12-09 18:00:00,0.11691
Netherlands,NLD,2024-12-09 18:00:00,2024-12-09 19:00:00,0.12539
Netherlands,NLD,2024-12-09 19:00:00,2024-12-09 20:00:00,0.11316
Netherlands,NLD,2024-12-09 20:00:00,2024-12-09 21:00:00,0.10195
Netherlands,NLD,2024-12-09 21:00:00,2024-12-09 22:00:00,0.09848
Netherlands,NLD,2024-12-09 22:00:00,2024-12-09 23:00:00,0.09239
Netherlands,NLD,2024-12-09 23:00:00,2024-12-10 00:00:00,0.07726999999999999
Netherlands,NLD,2024-12-10 00:00:00,2024-12-10 01:00:00,0.085
Netherlands,NLD,2024-12-10 01:00:00,2024-12-10 02:00:00,0.08493
Netherlands,NLD,2024-12-10 02:00:00,2024-12-10 03:00:00,0.0837
Netherlands,NLD,2024-12-10 03:00:00,2024-12-10 04:00:00,0.08721
Netherlands,NLD,2024-12-10 04:00:00,2024-12-10 05:00:00,0.08769
Netherlands,NLD,2024-12-10 05:00:00,2024-12-10 06:00:00,0.1
Netherlands,NLD,2024-12-10 06:00:00,2024-12-10 07:00:00,0.11279
Netherlands,NLD,2024-12-10 07:00:00,2024-12-10 08:00:00,0.13423
Netherlands,NLD,2024-12-10 08:00:00,2024-12-10 09:00:00,0.15772999999999998
Netherlands,NLD,2024-12-10 09:00:00,2024-12-10 10:00:00,0.15313
Netherlands,NLD,2024-12-10 10:00:00,2024-12-10 11:00:00,0.163
Netherlands,NLD,2024-12-10 11:00:00,2024-12-10 12:00:00,0.13522
Netherlands,NLD,2024-12-10 12:00:00,2024-12-10 13:00:00,0.16915
Netherlands,NLD,2024-12-10 13:00:00,2024-12-10 14:00:00,0.16948
Netherlands,NLD,2024-12-10 14:00:00,2024-12-10 15:00:00,0.1766
Netherlands,NLD,2024-12-10 15:00:00,2024-12-10 16:00:00,0.17997
Netherlands,NLD,2024-12-10 16:00:00,2024-12-10 17:00:00,0.15990000000000001
Netherlands,NLD,2024-12-10 17:00:00,2024-12-10 18:00:00,0.181
Netherlands,NLD,2024-12-10 18:00:00,2024-12-10 19:00:00,0.17665
Netherlands,NLD,2024-12-10 19:00:00,2024-12-10 20:00:00,0.15197999999999998
Netherlands,NLD,2024-12-10 20:00:00,2024-12-10 21:00:00,0.12
Netherlands,NLD,2024-12-10 21:00:00,2024-12-10 22:00:00,0.1072
Netherlands,NLD,2024-12-10 22:00:00,2024-12-10 23:00:00,0.12137
Netherlands,NLD,2024-12-10 23:00:00,2024-12-11 00:00:00,0.1
Netherlands,NLD,2024-12-11 00:00:00,2024-12-11 01:00:00,0.10185
Netherlands,NLD,2024-12-11 01:00:00,2024-12-11 02:00:00,0.09654
Netherlands,NLD,2024-12-11 02:00:00,2024-12-11 03:00:00,0.09709999999999999
Netherlands,NLD,2024-12-11 03:00:00,2024-12-11 04:00:00,0.09651
Netherlands,NLD,2024-12-11 04:00:00,2024-12-11 05:00:00,0.09709999999999999
Netherlands,NLD,2024-12-11 05:00:00,2024-12-11 06:00:00,0.1001
Netherlands,NLD,2024-12-11 06:00:00,2024-12-11 07:00:00,0.12
Netherlands,NLD,2024-12-11 07:00:00,2024-12-11 08:00:00,0.24767
Netherlands,NLD,2024-12-11 08:00:00,2024-12-11 09:00:00,0.30010000000000003
Netherlands,NLD,2024-12-11 09:00:00,2024-12-11 10:00:00,0.32215
Netherlands,NLD,2024-12-11 10:00:00,2024-12-11 11:00:00,0.31932
Netherlands,NLD,2024-12-11 11:00:00,2024-12-11 12:00:00,0.31187
Netherlands,NLD,2024-12-11 12:00:00,2024-12-11 13:00:00,0.31945
Netherlands,NLD,2024-12-11 13:00:00,2024-12-11 14:00:00,0.34213
Netherlands,NLD,2024-12-11 14:00:00,2024-12-11 15:00:00,0.35539
Netherlands,NLD,2024-12-11 15:00:00,2024-12-11 16:00:00,0.41194
Netherlands,NLD,2024-12-11 16:00:00,2024-12-11 17:00:00,0.42313
Netherlands,NLD,2024-12-11 17:00:00,2024-12-11 18:00:00,0.34931
Netherlands,NLD,2024-12-11 18:00:00,2024-12-11 19:00:00,0.29832
Netherlands,NLD,2024-12-11 19:00:00,2024-12-11 20:00:00,0.19313
Netherlands,NLD,2024-12-11 20:00:00,2024-12-11 21:00:00,0.15468
Netherlands,NLD,2024-12-11 21:00:00,2024-12-11 22:00:00,0.15
Netherlands,NLD,2024-12-11 22:00:00,2024-12-11 23:00:00,0.13596
Netherlands,NLD,2024-12-11 23:00:00,2024-12-12 00:00:00,0.12224
Netherlands,NLD,2024-12-12 00:00:00,2024-12-12 01:00:00,0.1153
Netherlands,NLD,2024-12-12 01:00:00,2024-12-12 02:00:00,0.10995999999999999
Netherlands,NLD,2024-12-12 02:00:00,2024-12-12 03:00:00,0.10735
Netherlands,NLD,2024-12-12 03:00:00,2024-12-12 04:00:00,0.11251
Netherlands,NLD,2024-12-12 04:00:00,2024-12-12 05:00:00,0.12337000000000001
Netherlands,NLD,2024-12-12 05:00:00,2024-12-12 06:00:00,0.16398
Netherlands,NLD,2024-12-12 06:00:00,2024-12-12 07:00:00,0.23297
Netherlands,NLD,2024-12-12 07:00:00,2024-12-12 08:00:00,0.5199
Netherlands,NLD,2024-12-12 08:00:00,2024-12-12 09:00:00,0.58148
Netherlands,NLD,2024-12-12 09:00:00,2024-12-12 10:00:00,0.5
Netherlands,NLD,2024-12-12 10:00:00,2024-12-12 11:00:00,0.43369
Netherlands,NLD,2024-12-12 11:00:00,2024-12-12 12:00:00,0.38112
Netherlands,NLD,2024-12-12 12:00:00,2024-12-12 13:00:00,0.4001
Netherlands,NLD,2024-12-12 13:00:00,2024-12-12 14:00:00,0.46619
Netherlands,NLD,2024-12-12 14:00:00,2024-12-12 15:00:00,0.63786
Netherlands,NLD,2024-12-12 15:00:00,2024-12-12 16:00:00,0.76767
Netherlands,NLD,2024-12-12 16:00:00,2024-12-12 17:00:00,0.8729600000000001
Netherlands,NLD,2024-12-12 17:00:00,2024-12-12 18:00:00,0.62827
Netherlands,NLD,2024-12-12 18:00:00,2024-12-12 19:00:00,0.5175
Netherlands,NLD,2024-12-12 19:00:00,2024-12-12 20:00:00,0.28537
Netherlands,NLD,2024-12-12 20:00:00,2024-12-12 21:00:00,0.1694
Netherlands,NLD,2024-12-12 21:00:00,2024-12-12 22:00:00,0.15
Netherlands,NLD,2024-12-12 22:00:00,2024-12-12 23:00:00,0.13475
Netherlands,NLD,2024-12-12 23:00:00,2024-12-13 00:00:00,0.13007
Netherlands,NLD,2024-12-13 00:00:00,2024-12-13 01:00:00,0.12290000000000001
Netherlands,NLD,2024-12-13 01:00:00,2024-12-13 02:00:00,0.11896999999999999
Netherlands,NLD,2024-12-13 02:00:00,2024-12-13 03:00:00,0.11495
Netherlands,NLD,2024-12-13 03:00:00,2024-12-13 04:00:00,0.11564
Netherlands,NLD,2024-12-13 04:00:00,2024-12-13 05:00:00,0.1199
Netherlands,NLD,2024-12-13 05:00:00,2024-12-13 06:00:00,0.15009999999999998
Netherlands,NLD,2024-12-13 06:00:00,2024-12-13 07:00:00,0.18747999999999998
Netherlands,NLD,2024-12-13 07:00:00,2024-12-13 08:00:00,0.253
Netherlands,NLD,2024-12-13 08:00:00,2024-12-13 09:00:00,0.24574000000000001
Netherlands,NLD,2024-12-13 09:00:00,2024-12-13 10:00:00,0.20842
Netherlands,NLD,2024-12-13 10:00:00,2024-12-13 11:00:00,0.17427
Netherlands,NLD,2024-12-13 11:00:00,2024-12-13 12:00:00,0.16597
Netherlands,NLD,2024-12-13 12:00:00,2024-12-13 13:00:00,0.165
Netherlands,NLD,2024-12-13 13:00:00,2024-12-13 14:00:00,0.1845
Netherlands,NLD,2024-12-13 14:00:00,2024-12-13 15:00:00,0.21984
Netherlands,NLD,2024-12-13 15:00:00,2024-12-13 16:00:00,0.24928999999999998
Netherlands,NLD,2024-12-13 16:00:00,2024-12-13 17:00:00,0.28420999999999996
Netherlands,NLD,2024-12-13 17:00:00,2024-12-13 18:00:00,0.26
Netherlands,NLD,2024-12-13 18:00:00,2024-12-13 19:00:00,0.2256
Netherlands,NLD,2024-12-13 19:00:00,2024-12-13 20:00:00,0.175
Netherlands,NLD,2024-12-13 20:00:00,2024-12-13 21:00:00,0.14622
Netherlands,NLD,2024-12-13 21:00:00,2024-12-13 22:00:00,0.13509000000000002
Netherlands,NLD,2024-12-13 22:00:00,2024-12-13 23:00:00,0.11652
Netherlands,NLD,2024-12-13 23:00:00,2024-12-14 00:00:00,0.11694
Netherlands,NLD,2024-12-14 00:00:00,2024-12-14 01:00:00,0.11136
Netherlands,NLD,2024-12-14 01:00:00,2024-12-14 02:00:00,0.10804000000000001
Netherlands,NLD,2024-12-14 02:00:00,2024-12-14 03:00:00,0.09902
Netherlands,NLD,2024-12-14 03:00:00,2024-12-14 04:00:00,0.09344
Netherlands,NLD,2024-12-14 04:00:00,2024-12-14 05:00:00,0.09154999999999999
Netherlands,NLD,2024-12-14 05:00:00,2024-12-14 06:00:00,0.09272
Netherlands,NLD,2024-12-14 06:00:00,2024-12-14 07:00:00,0.10211
Netherlands,NLD,2024-12-14 07:00:00,2024-12-14 08:00:00,0.11395999999999999
Netherlands,NLD,2024-12-14 08:00:00,2024-12-14 09:00:00,0.1251
Netherlands,NLD,2024-12-14 09:00:00,2024-12-14 10:00:00,0.12112
Netherlands,NLD,2024-12-14 10:00:00,2024-12-14 11:00:00,0.10821
Netherlands,NLD,2024-12-14 11:00:00,2024-12-14 12:00:00,0.1032
Netherlands,NLD,2024-12-14 12:00:00,2024-12-14 13:00:00,0.10296
Netherlands,NLD,2024-12-14 13:00:00,2024-12-14 14:00:00,0.09663
Netherlands,NLD,2024-12-14 14:00:00,2024-12-14 15:00:00,0.1001
Netherlands,NLD,2024-12-14 15:00:00,2024-12-14 16:00:00,0.10567
Netherlands,NLD,2024-12-14 16:00:00,2024-12-14 17:00:00,0.12
Netherlands,NLD,2024-12-14 17:00:00,2024-12-14 18:00:00,0.11337
Netherlands,NLD,2024-12-14 18:00:00,2024-12-14 19:00:00,0.0901
Netherlands,NLD,2024-12-14 19:00:00,2024-12-14 20:00:00,0.0932
Netherlands,NLD,2024-12-14 20:00:00,2024-12-14 21:00:00,0.08962
Netherlands,NLD,2024-12-14 21:00:00,2024-12-14 22:00:00,0.08188
Netherlands,NLD,2024-12-14 22:00:00,2024-12-14 23:00:00,0.08020000000000001
Netherlands,NLD,2024-12-14 23:00:00,2024-12-15 00:00:00,0.095
Netherlands,NLD,2024-12-15 00:00:00,2024-12-15 01:00:00,0.0873
Netherlands,NLD,2024-12-15 01:00:00,2024-12-15 02:00:00,0.07816
Netherlands,NLD,2024-12-15 02:00:00,2024-12-15 03:00:00,0.071
Netherlands,NLD,2024-12-15 03:00:00,2024-12-15 04:00:00,0.05588
Netherlands,NLD,2024-12-15 04:00:00,2024-12-15 05:00:00,0.053689999999999995
Netherlands,NLD,2024-12-15 05:00:00,2024-12-15 06:00:00,0.046810000000000004
Netherlands,NLD,2024-12-15 06:00:00,2024-12-15 07:00:00,0.05533
Netherlands,NLD,2024-12-15 07:00:00,2024-12-15 08:00:00,0.06620999999999999
Netherlands,NLD,2024-12-15 08:00:00,2024-12-15 09:00:00,0.07065
Netherlands,NLD,2024-12-15 09:00:00,2024-12-15 10:00:00,0.0701
Netherlands,NLD,2024-12-15 10:00:00,2024-12-15 11:00:00,0.06498000000000001
Netherlands,NLD,2024-12-15 11:00:00,2024-12-15 12:00:00,0.07031
Netherlands,NLD,2024-12-15 12:00:00,2024-12-15 13:00:00,0.08009999999999999
Netherlands,NLD,2024-12-15 13:00:00,2024-12-15 14:00:00,0.08022
Netherlands,NLD,2024-12-15 14:00:00,2024-12-15 15:00:00,0.083
Netherlands,NLD,2024-12-15 15:00:00,2024-12-15 16:00:00,0.08009999999999999
Netherlands,NLD,2024-12-15 16:00:00,2024-12-15 17:00:00,0.09017
Netherlands,NLD,2024-12-15 17:00:00,2024-12-15 18:00:00,0.08
Netherlands,NLD,2024-12-15 18:00:00,2024-12-15 19:00:00,0.073
Netherlands,NLD,2024-12-15 19:00:00,2024-12-15 20:00:00,0.07792
Netherlands,NLD,2024-12-15 20:00:00,2024-12-15 21:00:00,0.04052
Netherlands,NLD,2024-12-15 21:00:00,2024-12-15 22:00:00,0.01086
Netherlands,NLD,2024-12-15 22:00:00,2024-12-15 23:00:00,0.00229
Netherlands,NLD,2024-12-15 23:00:00,2024-12-16 00:00:00,8.999999999999999e-05
Netherlands,NLD,2024-12-16 00:00:00,2024-12-16 01:00:00,0.0001
Netherlands,NLD,2024-12-16 01:00:00,2024-12-16 02:00:00,5e-05
Netherlands,NLD,2024-12-16 02:00:00,2024-12-16 03:00:00,0.0
Netherlands,NLD,2024-12-16 03:00:00,2024-12-16 04:00:00,0.00046
Netherlands,NLD,2024-12-16 04:00:00,2024-12-16 05:00:00,0.00138
Netherlands,NLD,2024-12-16 05:00:00,2024-12-16 06:00:00,0.007730000000000001
Netherlands,NLD,2024-12-16 06:00:00,2024-12-16 07:00:00,0.05
Netherlands,NLD,2024-12-16 07:00:00,2024-12-16 08:00:00,0.10790000000000001
Netherlands,NLD,2024-12-16 08:00:00,2024-12-16 09:00:00,0.109
Netherlands,NLD,2024-12-16 09:00:00,2024-12-16 10:00:00,0.1001
Netherlands,NLD,2024-12-16 10:00:00,2024-12-16 11:00:00,0.09758
Netherlands,NLD,2024-12-16 11:00:00,2024-12-16 12:00:00,0.09309
Netherlands,NLD,2024-12-16 12:00:00,2024-12-16 13:00:00,0.08170000000000001
Netherlands,NLD,2024-12-16 13:00:00,2024-12-16 14:00:00,0.08009999999999999
Netherlands,NLD,2024-12-16 14:00:00,2024-12-16 15:00:00,0.09595000000000001
Netherlands,NLD,2024-12-16 15:00:00,2024-12-16 16:00:00,0.10111
Netherlands,NLD,2024-12-16 16:00:00,2024-12-16 17:00:00,0.11514
Netherlands,NLD,2024-12-16 17:00:00,2024-12-16 18:00:00,0.08990000000000001
Netherlands,NLD,2024-12-16 18:00:00,2024-12-16 19:00:00,0.075
Netherlands,NLD,2024-12-16 19:00:00,2024-12-16 20:00:00,0.07798999999999999
Netherlands,NLD,2024-12-16 20:00:00,2024-12-16 21:00:00,0.0701
Netherlands,NLD,2024-12-16 21:00:00,2024-12-16 22:00:00,0.057
Netherlands,NLD,2024-12-16 22:00:00,2024-12-16 23:00:00,0.01761
Netherlands,NLD,2024-12-16 23:00:00,2024-12-17 00:00:00,0.040549999999999996
Netherlands,NLD,2024-12-17 00:00:00,2024-12-17 01:00:00,0.02275
Netherlands,NLD,2024-12-17 01:00:00,2024-12-17 02:00:00,0.01975
Netherlands,NLD,2024-12-17 02:00:00,2024-12-17 03:00:00,0.02572
Netherlands,NLD,2024-12-17 03:00:00,2024-12-17 04:00:00,0.0669
Netherlands,NLD,2024-12-17 04:00:00,2024-12-17 05:00:00,0.0669
Netherlands,NLD,2024-12-17 05:00:00,2024-12-17 06:00:00,0.10495
Netherlands,NLD,2024-12-17 06:00:00,2024-12-17 07:00:00,0.10568000000000001
Netherlands,NLD,2024-12-17 07:00:00,2024-12-17 08:00:00,0.11618
Netherlands,NLD,2024-12-17 08:00:00,2024-12-17 09:00:00,0.11134000000000001
Netherlands,NLD,2024-12-17 09:00:00,2024-12-17 10:00:00,0.108
Netherlands,NLD,2024-12-17 10:00:00,2024-12-17 11:00:00,0.1024
Netherlands,NLD,2024-12-17 11:00:00,2024-12-17 12:00:00,0.10273
Netherlands,NLD,2024-12-17 12:00:00,2024-12-17 13:00:00,0.10621
Netherlands,NLD,2024-12-17 13:00:00,2024-12-17 14:00:00,0.10959
Netherlands,NLD,2024-12-17 14:00:00,2024-12-17 15:00:00,0.11606999999999999
Netherlands,NLD,2024-12-17 15:00:00,2024-12-17 16:00:00,0.11699
Netherlands,NLD,2024-12-17 16:00:00,2024-12-17 17:00:00,0.12733
Netherlands,NLD,2024-12-17 17:00:00,2024-12-17 18:00:00,0.12207
Netherlands,NLD,2024-12-17 18:00:00,2024-12-17 19:00:00,0.10809999999999999
Netherlands,NLD,2024-12-17 19:00:00,2024-12-17 20:00:00,0.09920999999999999
Netherlands,NLD,2024-12-17 20:00:00,2024-12-17 21:00:00,0.09584000000000001
Netherlands,NLD,2024-12-17 21:00:00,2024-12-17 22:00:00,0.09231
Netherlands,NLD,2024-12-17 22:00:00,2024-12-17 23:00:00,0.0712
Netherlands,NLD,2024-12-17 23:00:00,2024-12-18 00:00:00,0.06871
Netherlands,NLD,2024-12-18 00:00:00,2024-12-18 01:00:00,0.05212
Netherlands,NLD,2024-12-18 01:00:00,2024-12-18 02:00:00,0.045700000000000005
Netherlands,NLD,2024-12-18 02:00:00,2024-12-18 03:00:00,0.04
Netherlands,NLD,2024-12-18 03:00:00,2024-12-18 04:00:00,0.02622
Netherlands,NLD,2024-12-18 04:00:00,2024-12-18 05:00:00,0.032670000000000005
Netherlands,NLD,2024-12-18 05:00:00,2024-12-18 06:00:00,0.045939999999999995
Netherlands,NLD,2024-12-18 06:00:00,2024-12-18 07:00:00,0.05734
Netherlands,NLD,2024-12-18 07:00:00,2024-12-18 08:00:00,0.07758
Netherlands,NLD,2024-12-18 08:00:00,2024-12-18 09:00:00,0.07669
Netherlands,NLD,2024-12-18 09:00:00,2024-12-18 10:00:00,0.06862
Netherlands,NLD,2024-12-18 10:00:00,2024-12-18 11:00:00,0.06712
Netherlands,NLD,2024-12-18 11:00:00,2024-12-18 12:00:00,0.07048
Netherlands,NLD,2024-12-18 12:00:00,2024-12-18 13:00:00,0.07
Netherlands,NLD,2024-12-18 13:00:00,2024-12-18 14:00:00,0.07
Netherlands,NLD,2024-12-18 14:00:00,2024-12-18 15:00:00,0.07307999999999999
Netherlands,NLD,2024-12-18 15:00:00,2024-12-18 16:00:00,0.07869
Netherlands,NLD,2024-12-18 16:00:00,2024-12-18 17:00:00,0.09445999999999999
Netherlands,NLD,2024-12-18 17:00:00,2024-12-18 18:00:00,0.08990000000000001
Netherlands,NLD,2024-12-18 18:00:00,2024-12-18 19:00:00,0.0852
Netherlands,NLD,2024-12-18 19:00:00,2024-12-18 20:00:00,0.07731
Netherlands,NLD,2024-12-18 20:00:00,2024-12-18 21:00:00,0.0649
Netherlands,NLD,2024-12-18 21:00:00,2024-12-18 22:00:00,0.0451
Netherlands,NLD,2024-12-18 22:00:00,2024-12-18 23:00:00,0.023579999999999997
Netherlands,NLD,2024-12-18 23:00:00,2024-12-19 00:00:00,0.01366
Netherlands,NLD,2024-12-19 00:00:00,2024-12-19 01:00:00,0.014410000000000001
Netherlands,NLD,2024-12-19 01:00:00,2024-12-19 02:00:00,0.005690000000000001
Netherlands,NLD,2024-12-19 02:00:00,2024-12-19 03:00:00,0.0016
Netherlands,NLD,2024-12-19 03:00:00,2024-12-19 04:00:00,0.00026000000000000003
Netherlands,NLD,2024-12-19 04:00:00,2024-12-19 05:00:00,5.9999999999999995e-05
Netherlands,NLD,2024-12-19 05:00:00,2024-12-19 06:00:00,0.00701
Netherlands,NLD,2024-12-19 06:00:00,2024-12-19 07:00:00,0.05578
Netherlands,NLD,2024-12-19 07:00:00,2024-12-19 08:00:00,0.09215000000000001
Netherlands,NLD,2024-12-19 08:00:00,2024-12-19 09:00:00,0.1311
Netherlands,NLD,2024-12-19 09:00:00,2024-12-19 10:00:00,0.11090000000000001
Netherlands,NLD,2024-12-19 10:00:00,2024-12-19 11:00:00,0.096
Netherlands,NLD,2024-12-19 11:00:00,2024-12-19 12:00:00,0.08009999999999999
Netherlands,NLD,2024-12-19 12:00:00,2024-12-19 13:00:00,0.077
Netherlands,NLD,2024-12-19 13:00:00,2024-12-19 14:00:00,0.08003
Netherlands,NLD,2024-12-19 14:00:00,2024-12-19 15:00:00,0.09
Netherlands,NLD,2024-12-19 15:00:00,2024-12-19 16:00:00,0.11090000000000001
Netherlands,NLD,2024-12-19 16:00:00,2024-12-19 17:00:00,0.14780000000000001
Netherlands,NLD,2024-12-19 17:00:00,2024-12-19 18:00:00,0.12999000000000002
Netherlands,NLD,2024-12-19 18:00:00,2024-12-19 19:00:00,0.09154000000000001
Netherlands,NLD,2024-12-19 19:00:00,2024-12-19 20:00:00,0.08529
Netherlands,NLD,2024-12-19 20:00:00,2024-12-19 21:00:00,0.07906999999999999
Netherlands,NLD,2024-12-19 21:00:00,2024-12-19 22:00:00,0.07905
Netherlands,NLD,2024-12-19 22:00:00,2024-12-19 23:00:00,0.0649
Netherlands,NLD,2024-12-19 23:00:00,2024-12-20 00:00:00,0.04865
Netherlands,NLD,2024-12-20 00:00:00,2024-12-20 01:00:00,0.0324
Netherlands,NLD,2024-12-20 01:00:00,2024-12-20 02:00:00,0.01752
Netherlands,NLD,2024-12-20 02:00:00,2024-12-20 03:00:00,0.01814
Netherlands,NLD,2024-12-20 03:00:00,2024-12-20 04:00:00,0.023600000000000003
Netherlands,NLD,2024-12-20 04:00:00,2024-12-20 05:00:00,0.048979999999999996
Netherlands,NLD,2024-12-20 05:00:00,2024-12-20 06:00:00,0.07492
Netherlands,NLD,2024-12-20 06:00:00,2024-12-20 07:00:00,0.118
Netherlands,NLD,2024-12-20 07:00:00,2024-12-20 08:00:00,0.169
Netherlands,NLD,2024-12-20 08:00:00,2024-12-20 09:00:00,0.15003
Netherlands,NLD,2024-12-20 09:00:00,2024-12-20 10:00:00,0.12292
Netherlands,NLD,2024-12-20 10:00:00,2024-12-20 11:00:00,0.09787
Netherlands,NLD,2024-12-20 11:00:00,2024-12-20 12:00:00,0.08796999999999999
Netherlands,NLD,2024-12-20 12:00:00,2024-12-20 13:00:00,0.08428000000000001
Netherlands,NLD,2024-12-20 13:00:00,2024-12-20 14:00:00,0.08876
Netherlands,NLD,2024-12-20 14:00:00,2024-12-20 15:00:00,0.09938
Netherlands,NLD,2024-12-20 15:00:00,2024-12-20 16:00:00,0.10558
Netherlands,NLD,2024-12-20 16:00:00,2024-12-20 17:00:00,0.11014
Netherlands,NLD,2024-12-20 17:00:00,2024-12-20 18:00:00,0.10172
Netherlands,NLD,2024-12-20 18:00:00,2024-12-20 19:00:00,0.09933
Netherlands,NLD,2024-12-20 19:00:00,2024-12-20 20:00:00,0.09034
Netherlands,NLD,2024-12-20 20:00:00,2024-12-20 21:00:00,0.07244
Netherlands,NLD,2024-12-20 21:00:00,2024-12-20 22:00:00,0.07042
Netherlands,NLD,2024-12-20 22:00:00,2024-12-20 23:00:00,0.05833
Netherlands,NLD,2024-12-20 23:00:00,2024-12-21 00:00:00,0.02881
Netherlands,NLD,2024-12-21 00:00:00,2024-12-21 01:00:00,0.02451
Netherlands,NLD,2024-12-21 01:00:00,2024-12-21 02:00:00,0.02426
Netherlands,NLD,2024-12-21 02:00:00,2024-12-21 03:00:00,0.01941
Netherlands,NLD,2024-12-21 03:00:00,2024-12-21 04:00:00,0.01811
Netherlands,NLD,2024-12-21 04:00:00,2024-12-21 05:00:00,0.02616
Netherlands,NLD,2024-12-21 05:00:00,2024-12-21 06:00:00,0.041729999999999996
Netherlands,NLD,2024-12-21 06:00:00,2024-12-21 07:00:00,0.040600000000000004
Netherlands,NLD,2024-12-21 07:00:00,2024-12-21 08:00:00,0.05165
Netherlands,NLD,2024-12-21 08:00:00,2024-12-21 09:00:00,0.06192
Netherlands,NLD,2024-12-21 09:00:00,2024-12-21 10:00:00,0.056
Netherlands,NLD,2024-12-21 10:00:00,2024-12-21 11:00:00,0.04052
Netherlands,NLD,2024-12-21 11:00:00,2024-12-21 12:00:00,0.03464
Netherlands,NLD,2024-12-21 12:00:00,2024-12-21 13:00:00,0.03144
Netherlands,NLD,2024-12-21 13:00:00,2024-12-21 14:00:00,0.02845
Netherlands,NLD,2024-12-21 14:00:00,2024-12-21 15:00:00,0.03109
Netherlands,NLD,2024-12-21 15:00:00,2024-12-21 16:00:00,0.032560000000000006
Netherlands,NLD,2024-12-21 16:00:00,2024-12-21 17:00:00,0.0499
Netherlands,NLD,2024-12-21 17:00:00,2024-12-21 18:00:00,0.0601
Netherlands,NLD,2024-12-21 18:00:00,2024-12-21 19:00:00,0.055
Netherlands,NLD,2024-12-21 19:00:00,2024-12-21 20:00:00,0.02804
Netherlands,NLD,2024-12-21 20:00:00,2024-12-21 21:00:00,0.00941
Netherlands,NLD,2024-12-21 21:00:00,2024-12-21 22:00:00,0.00736
Netherlands,NLD,2024-12-21 22:00:00,2024-12-21 23:00:00,0.00398
Netherlands,NLD,2024-12-21 23:00:00,2024-12-22 00:00:00,0.0027
Netherlands,NLD,2024-12-22 00:00:00,2024-12-22 01:00:00,0.00161
Netherlands,NLD,2024-12-22 01:00:00,2024-12-22 02:00:00,0.0
Netherlands,NLD,2024-12-22 02:00:00,2024-12-22 03:00:00,-0.00074
Netherlands,NLD,2024-12-22 03:00:00,2024-12-22 04:00:00,-0.002
Netherlands,NLD,2024-12-22 04:00:00,2024-12-22 05:00:00,-0.00124
Netherlands,NLD,2024-12-22 05:00:00,2024-12-22 06:00:00,-0.00066
Netherlands,NLD,2024-12-22 06:00:00,2024-12-22 07:00:00,0.00229
Netherlands,NLD,2024-12-22 07:00:00,2024-12-22 08:00:00,0.00645
Netherlands,NLD,2024-12-22 08:00:00,2024-12-22 09:00:00,0.02241
Netherlands,NLD,2024-12-22 09:00:00,2024-12-22 10:00:00,0.02066
Netherlands,NLD,2024-12-22 10:00:00,2024-12-22 11:00:00,0.02354
Netherlands,NLD,2024-12-22 11:00:00,2024-12-22 12:00:00,0.02262
Netherlands,NLD,2024-12-22 12:00:00,2024-12-22 13:00:00,0.02255
Netherlands,NLD,2024-12-22 13:00:00,2024-12-22 14:00:00,0.02807
Netherlands,NLD,2024-12-22 14:00:00,2024-12-22 15:00:00,0.04177
Netherlands,NLD,2024-12-22 15:00:00,2024-12-22 16:00:00,0.0599
Netherlands,NLD,2024-12-22 16:00:00,2024-12-22 17:00:00,0.0923
Netherlands,NLD,2024-12-22 17:00:00,2024-12-22 18:00:00,0.0862
Netherlands,NLD,2024-12-22 18:00:00,2024-12-22 19:00:00,0.07123
Netherlands,NLD,2024-12-22 19:00:00,2024-12-22 20:00:00,0.0549
Netherlands,NLD,2024-12-22 20:00:00,2024-12-22 21:00:00,0.039909999999999994
Netherlands,NLD,2024-12-22 21:00:00,2024-12-22 22:00:00,0.03791
Netherlands,NLD,2024-12-22 22:00:00,2024-12-22 23:00:00,0.02632
Netherlands,NLD,2024-12-22 23:00:00,2024-12-23 00:00:00,0.019370000000000002
Netherlands,NLD,2024-12-23 00:00:00,2024-12-23 01:00:00,0.01326
Netherlands,NLD,2024-12-23 01:00:00,2024-12-23 02:00:00,0.011130000000000001
Netherlands,NLD,2024-12-23 02:00:00,2024-12-23 03:00:00,0.007730000000000001
Netherlands,NLD,2024-12-23 03:00:00,2024-12-23 04:00:00,0.0064
Netherlands,NLD,2024-12-23 04:00:00,2024-12-23 05:00:00,0.0063
Netherlands,NLD,2024-12-23 05:00:00,2024-12-23 06:00:00,0.01745
Netherlands,NLD,2024-12-23 06:00:00,2024-12-23 07:00:00,0.05337
Netherlands,NLD,2024-12-23 07:00:00,2024-12-23 08:00:00,0.06694
Netherlands,NLD,2024-12-23 08:00:00,2024-12-23 09:00:00,0.06736
Netherlands,NLD,2024-12-23 09:00:00,2024-12-23 10:00:00,0.056
Netherlands,NLD,2024-12-23 10:00:00,2024-12-23 11:00:00,0.0549
Netherlands,NLD,2024-12-23 11:00:00,2024-12-23 12:00:00,0.05697
Netherlands,NLD,2024-12-23 12:00:00,2024-12-23 13:00:00,0.0577
Netherlands,NLD,2024-12-23 13:00:00,2024-12-23 14:00:00,0.06455
Netherlands,NLD,2024-12-23 14:00:00,2024-12-23 15:00:00,0.07634
Netherlands,NLD,2024-12-23 15:00:00,2024-12-23 16:00:00,0.11727
Netherlands,NLD,2024-12-23 16:00:00,2024-12-23 17:00:00,0.13032
Netherlands,NLD,2024-12-23 17:00:00,2024-12-23 18:00:00,0.12990000000000002
Netherlands,NLD,2024-12-23 18:00:00,2024-12-23 19:00:00,0.13596
Netherlands,NLD,2024-12-23 19:00:00,2024-12-23 20:00:00,0.1458
Netherlands,NLD,2024-12-23 20:00:00,2024-12-23 21:00:00,0.1102
Netherlands,NLD,2024-12-23 21:00:00,2024-12-23 22:00:00,0.10582
Netherlands,NLD,2024-12-23 22:00:00,2024-12-23 23:00:00,0.11891
Netherlands,NLD,2024-12-23 23:00:00,2024-12-24 00:00:00,0.08603
Netherlands,NLD,2024-12-24 00:00:00,2024-12-24 01:00:00,0.08284
Netherlands,NLD,2024-12-24 01:00:00,2024-12-24 02:00:00,0.08189
Netherlands,NLD,2024-12-24 02:00:00,2024-12-24 03:00:00,0.078
Netherlands,NLD,2024-12-24 03:00:00,2024-12-24 04:00:00,0.07878
Netherlands,NLD,2024-12-24 04:00:00,2024-12-24 05:00:00,0.08059999999999999
Netherlands,NLD,2024-12-24 05:00:00,2024-12-24 06:00:00,0.08506999999999999
Netherlands,NLD,2024-12-24 06:00:00,2024-12-24 07:00:00,0.10083
Netherlands,NLD,2024-12-24 07:00:00,2024-12-24 08:00:00,0.11509
Netherlands,NLD,2024-12-24 08:00:00,2024-12-24 09:00:00,0.12095
Netherlands,NLD,2024-12-24 09:00:00,2024-12-24 10:00:00,0.12
Netherlands,NLD,2024-12-24 10:00:00,2024-12-24 11:00:00,0.11816
Netherlands,NLD,2024-12-24 11:00:00,2024-12-24 12:00:00,0.11749
Netherlands,NLD,2024-12-24 12:00:00,2024-12-24 13:00:00,0.11538
Netherlands,NLD,2024-12-24 13:00:00,2024-12-24 14:00:00,0.11798
Netherlands,NLD,2024-12-24 14:00:00,2024-12-24 15:00:00,0.1195
Netherlands,NLD,2024-12-24 15:00:00,2024-12-24 16:00:00,0.12021
Netherlands,NLD,2024-12-24 16:00:00,2024-12-24 17:00:00,0.118
Netherlands,NLD,2024-12-24 17:00:00,2024-12-24 18:00:00,0.11098000000000001
Netherlands,NLD,2024-12-24 18:00:00,2024-12-24 19:00:00,0.10565999999999999
Netherlands,NLD,2024-12-24 19:00:00,2024-12-24 20:00:00,0.10256
Netherlands,NLD,2024-12-24 20:00:00,2024-12-24 21:00:00,0.09462999999999999
Netherlands,NLD,2024-12-24 21:00:00,2024-12-24 22:00:00,0.09904
Netherlands,NLD,2024-12-24 22:00:00,2024-12-24 23:00:00,0.09
Netherlands,NLD,2024-12-24 23:00:00,2024-12-25 00:00:00,0.09137
Netherlands,NLD,2024-12-25 00:00:00,2024-12-25 01:00:00,0.08644
Netherlands,NLD,2024-12-25 01:00:00,2024-12-25 02:00:00,0.08506999999999999
Netherlands,NLD,2024-12-25 02:00:00,2024-12-25 03:00:00,0.08081
Netherlands,NLD,2024-12-25 03:00:00,2024-12-25 04:00:00,0.07598999999999999
Netherlands,NLD,2024-12-25 04:00:00,2024-12-25 05:00:00,0.08081
Netherlands,NLD,2024-12-25 05:00:00,2024-12-25 06:00:00,0.08301
Netherlands,NLD,2024-12-25 06:00:00,2024-12-25 07:00:00,0.08494
Netherlands,NLD,2024-12-25 07:00:00,2024-12-25 08:00:00,0.09021
Netherlands,NLD,2024-12-25 08:00:00,2024-12-25 09:00:00,0.09924
Netherlands,NLD,2024-12-25 09:00:00,2024-12-25 10:00:00,0.09356
Netherlands,NLD,2024-12-25 10:00:00,2024-12-25 11:00:00,0.09255
Netherlands,NLD,2024-12-25 11:00:00,2024-12-25 12:00:00,0.09441
Netherlands,NLD,2024-12-25 12:00:00,2024-12-25 13:00:00,0.09103
Netherlands,NLD,2024-12-25 13:00:00,2024-12-25 14:00:00,0.09917000000000001
Netherlands,NLD,2024-12-25 14:00:00,2024-12-25 15:00:00,0.11
Netherlands,NLD,2024-12-25 15:00:00,2024-12-25 16:00:00,0.11671
Netherlands,NLD,2024-12-25 16:00:00,2024-12-25 17:00:00,0.12052
Netherlands,NLD,2024-12-25 17:00:00,2024-12-25 18:00:00,0.1191
Netherlands,NLD,2024-12-25 18:00:00,2024-12-25 19:00:00,0.118
Netherlands,NLD,2024-12-25 19:00:00,2024-12-25 20:00:00,0.11832
Netherlands,NLD,2024-12-25 20:00:00,2024-12-25 21:00:00,0.11301
Netherlands,NLD,2024-12-25 21:00:00,2024-12-25 22:00:00,0.11406999999999999
Netherlands,NLD,2024-12-25 22:00:00,2024-12-25 23:00:00,0.10463
Netherlands,NLD,2024-12-25 23:00:00,2024-12-26 00:00:00,0.10217
Netherlands,NLD,2024-12-26 00:00:00,2024-12-26 01:00:00,0.09506
Netherlands,NLD,2024-12-26 01:00:00,2024-12-26 02:00:00,0.09461
Netherlands,NLD,2024-12-26 02:00:00,2024-12-26 03:00:00,0.08964
Netherlands,NLD,2024-12-26 03:00:00,2024-12-26 04:00:00,0.09087
Netherlands,NLD,2024-12-26 04:00:00,2024-12-26 05:00:00,0.09509999999999999
Netherlands,NLD,2024-12-26 05:00:00,2024-12-26 06:00:00,0.099
Netherlands,NLD,2024-12-26 06:00:00,2024-12-26 07:00:00,0.11262
Netherlands,NLD,2024-12-26 07:00:00,2024-12-26 08:00:00,0.11918000000000001
Netherlands,NLD,2024-12-26 08:00:00,2024-12-26 09:00:00,0.11823
Netherlands,NLD,2024-12-26 09:00:00,2024-12-26 10:00:00,0.11325
Netherlands,NLD,2024-12-26 10:00:00,2024-12-26 11:00:00,0.10601000000000001
Netherlands,NLD,2024-12-26 11:00:00,2024-12-26 12:00:00,0.10771
Netherlands,NLD,2024-12-26 12:00:00,2024-12-26 13:00:00,0.1039
Netherlands,NLD,2024-12-26 13:00:00,2024-12-26 14:00:00,0.10964
Netherlands,NLD,2024-12-26 14:00:00,2024-12-26 15:00:00,0.12075
Netherlands,NLD,2024-12-26 15:00:00,2024-12-26 16:00:00,0.12866
Netherlands,NLD,2024-12-26 16:00:00,2024-12-26 17:00:00,0.1379
Netherlands,NLD,2024-12-26 17:00:00,2024-12-26 18:00:00,0.13805
Netherlands,NLD,2024-12-26 18:00:00,2024-12-26 19:00:00,0.13571
Netherlands,NLD,2024-12-26 19:00:00,2024-12-26 20:00:00,0.12913
Netherlands,NLD,2024-12-26 20:00:00,2024-12-26 21:00:00,0.12085
Netherlands,NLD,2024-12-26 21:00:00,2024-12-26 22:00:00,0.1235
Netherlands,NLD,2024-12-26 22:00:00,2024-12-26 23:00:00,0.11698
Netherlands,NLD,2024-12-26 23:00:00,2024-12-27 00:00:00,0.10679000000000001
Netherlands,NLD,2024-12-27 00:00:00,2024-12-27 01:00:00,0.10152
Netherlands,NLD,2024-12-27 01:00:00,2024-12-27 02:00:00,0.10103
Netherlands,NLD,2024-12-27 02:00:00,2024-12-27 03:00:00,0.09974
Netherlands,NLD,2024-12-27 03:00:00,2024-12-27 04:00:00,0.09958
Netherlands,NLD,2024-12-27 04:00:00,2024-12-27 05:00:00,0.1062
Netherlands,NLD,2024-12-27 05:00:00,2024-12-27 06:00:00,0.1157
Netherlands,NLD,2024-12-27 06:00:00,2024-12-27 07:00:00,0.12429000000000001
Netherlands,NLD,2024-12-27 07:00:00,2024-12-27 08:00:00,0.13185
Netherlands,NLD,2024-12-27 08:00:00,2024-12-27 09:00:00,0.13015000000000002
Netherlands,NLD,2024-12-27 09:00:00,2024-12-27 10:00:00,0.1201
Netherlands,NLD,2024-12-27 10:00:00,2024-12-27 11:00:00,0.10794
Netherlands,NLD,2024-12-27 11:00:00,2024-12-27 12:00:00,0.10781
Netherlands,NLD,2024-12-27 12:00:00,2024-12-27 13:00:00,0.10794
Netherlands,NLD,2024-12-27 13:00:00,2024-12-27 14:00:00,0.12012
Netherlands,NLD,2024-12-27 14:00:00,2024-12-27 15:00:00,0.13363999999999998
Netherlands,NLD,2024-12-27 15:00:00,2024-12-27 16:00:00,0.14421
Netherlands,NLD,2024-12-27 16:00:00,2024-12-27 17:00:00,0.15155000000000002
Netherlands,NLD,2024-12-27 17:00:00,2024-12-27 18:00:00,0.1584
Netherlands,NLD,2024-12-27 18:00:00,2024-12-27 19:00:00,0.14643
Netherlands,NLD,2024-12-27 19:00:00,2024-12-27 20:00:00,0.13313999999999998
Netherlands,NLD,2024-12-27 20:00:00,2024-12-27 21:00:00,0.12542
Netherlands,NLD,2024-12-27 21:00:00,2024-12-27 22:00:00,0.12676
Netherlands,NLD,2024-12-27 22:00:00,2024-12-27 23:00:00,0.114
Netherlands,NLD,2024-12-27 23:00:00,2024-12-28 00:00:00,0.1264
Netherlands,NLD,2024-12-28 00:00:00,2024-12-28 01:00:00,0.11663
Netherlands,NLD,2024-12-28 01:00:00,2024-12-28 02:00:00,0.11015000000000001
Netherlands,NLD,2024-12-28 02:00:00,2024-12-28 03:00:00,0.10592
Netherlands,NLD,2024-12-28 03:00:00,2024-12-28 04:00:00,0.10293000000000001
Netherlands,NLD,2024-12-28 04:00:00,2024-12-28 05:00:00,0.10558
Netherlands,NLD,2024-12-28 05:00:00,2024-12-28 06:00:00,0.10970999999999999
Netherlands,NLD,2024-12-28 06:00:00,2024-12-28 07:00:00,0.12423999999999999
Netherlands,NLD,2024-12-28 07:00:00,2024-12-28 08:00:00,0.128
Netherlands,NLD,2024-12-28 08:00:00,2024-12-28 09:00:00,0.12830000000000003
Netherlands,NLD,2024-12-28 09:00:00,2024-12-28 10:00:00,0.12283
Netherlands,NLD,2024-12-28 10:00:00,2024-12-28 11:00:00,0.1134
Netherlands,NLD,2024-12-28 11:00:00,2024-12-28 12:00:00,0.10897
Netherlands,NLD,2024-12-28 12:00:00,2024-12-28 13:00:00,0.11001000000000001
Netherlands,NLD,2024-12-28 13:00:00,2024-12-28 14:00:00,0.11724
Netherlands,NLD,2024-12-28 14:00:00,2024-12-28 15:00:00,0.1341
Netherlands,NLD,2024-12-28 15:00:00,2024-12-28 16:00:00,0.14002
Netherlands,NLD,2024-12-28 16:00:00,2024-12-28 17:00:00,0.15049
Netherlands,NLD,2024-12-28 17:00:00,2024-12-28 18:00:00,0.14780000000000001
Netherlands,NLD,2024-12-28 18:00:00,2024-12-28 19:00:00,0.14088
Netherlands,NLD,2024-12-28 19:00:00,2024-12-28 20:00:00,0.12959
Netherlands,NLD,2024-12-28 20:00:00,2024-12-28 21:00:00,0.1259
Netherlands,NLD,2024-12-28 21:00:00,2024-12-28 22:00:00,0.12125
Netherlands,NLD,2024-12-28 22:00:00,2024-12-28 23:00:00,0.115
Netherlands,NLD,2024-12-28 23:00:00,2024-12-29 00:00:00,0.12739
Netherlands,NLD,2024-12-29 00:00:00,2024-12-29 01:00:00,0.11409
Netherlands,NLD,2024-12-29 01:00:00,2024-12-29 02:00:00,0.10771
Netherlands,NLD,2024-12-29 02:00:00,2024-12-29 03:00:00,0.1017
Netherlands,NLD,2024-12-29 03:00:00,2024-12-29 04:00:00,0.09773
Netherlands,NLD,2024-12-29 04:00:00,2024-12-29 05:00:00,0.09861
Netherlands,NLD,2024-12-29 05:00:00,2024-12-29 06:00:00,0.09816
Netherlands,NLD,2024-12-29 06:00:00,2024-12-29 07:00:00,0.10356
Netherlands,NLD,2024-12-29 07:00:00,2024-12-29 08:00:00,0.11070999999999999
Netherlands,NLD,2024-12-29 08:00:00,2024-12-29 09:00:00,0.11817
Netherlands,NLD,2024-12-29 09:00:00,2024-12-29 10:00:00,0.12869999999999998
Netherlands,NLD,2024-12-29 10:00:00,2024-12-29 11:00:00,0.1212
Netherlands,NLD,2024-12-29 11:00:00,2024-12-29 12:00:00,0.12276999999999999
Netherlands,NLD,2024-12-29 12:00:00,2024-12-29 13:00:00,0.124
Netherlands,NLD,2024-12-29 13:00:00,2024-12-29 14:00:00,0.12869999999999998
Netherlands,NLD,2024-12-29 14:00:00,2024-12-29 15:00:00,0.12001
Netherlands,NLD,2024-12-29 15:00:00,2024-12-29 16:00:00,0.12287999999999999
Netherlands,NLD,2024-12-29 16:00:00,2024-12-29 17:00:00,0.14493
Netherlands,NLD,2024-12-29 17:00:00,2024-12-29 18:00:00,0.1381
Netherlands,NLD,2024-12-29 18:00:00,2024-12-29 19:00:00,0.10990000000000001
Netherlands,NLD,2024-12-29 19:00:00,2024-12-29 20:00:00,0.09508
Netherlands,NLD,2024-12-29 20:00:00,2024-12-29 21:00:00,0.09286
Netherlands,NLD,2024-12-29 21:00:00,2024-12-29 22:00:00,0.08613
Netherlands,NLD,2024-12-29 22:00:00,2024-12-29 23:00:00,0.07373
Netherlands,NLD,2024-12-29 23:00:00,2024-12-30 00:00:00,0.07553
Netherlands,NLD,2024-12-30 00:00:00,2024-12-30 01:00:00,0.0762
Netherlands,NLD,2024-12-30 01:00:00,2024-12-30 02:00:00,0.06520000000000001
Netherlands,NLD,2024-12-30 02:00:00,2024-12-30 03:00:00,0.04
Netherlands,NLD,2024-12-30 03:00:00,2024-12-30 04:00:00,0.0349
Netherlands,NLD,2024-12-30 04:00:00,2024-12-30 05:00:00,0.06703
Netherlands,NLD,2024-12-30 05:00:00,2024-12-30 06:00:00,0.07363
Netherlands,NLD,2024-12-30 06:00:00,2024-12-30 07:00:00,0.08156000000000001
Netherlands,NLD,2024-12-30 07:00:00,2024-12-30 08:00:00,0.1083
Netherlands,NLD,2024-12-30 08:00:00,2024-12-30 09:00:00,0.13358
Netherlands,NLD,2024-12-30 09:00:00,2024-12-30 10:00:00,0.135
Netherlands,NLD,2024-12-30 10:00:00,2024-12-30 11:00:00,0.12490000000000001
Netherlands,NLD,2024-12-30 11:00:00,2024-12-30 12:00:00,0.0851
Netherlands,NLD,2024-12-30 12:00:00,2024-12-30 13:00:00,0.08086
Netherlands,NLD,2024-12-30 13:00:00,2024-12-30 14:00:00,0.0844
Netherlands,NLD,2024-12-30 14:00:00,2024-12-30 15:00:00,0.1034
Netherlands,NLD,2024-12-30 15:00:00,2024-12-30 16:00:00,0.136
Netherlands,NLD,2024-12-30 16:00:00,2024-12-30 17:00:00,0.15
Netherlands,NLD,2024-12-30 17:00:00,2024-12-30 18:00:00,0.10993
Netherlands,NLD,2024-12-30 18:00:00,2024-12-30 19:00:00,0.08742
Netherlands,NLD,2024-12-30 19:00:00,2024-12-30 20:00:00,0.07584
Netherlands,NLD,2024-12-30 20:00:00,2024-12-30 21:00:00,0.06851
Netherlands,NLD,2024-12-30 21:00:00,2024-12-30 22:00:00,0.06795
Netherlands,NLD,2024-12-30 22:00:00,2024-12-30 23:00:00,0.036469999999999995
Netherlands,NLD,2024-12-30 23:00:00,2024-12-31 00:00:00,0.07629999999999999
Netherlands,NLD,2024-12-31 00:00:00,2024-12-31 01:00:00,0.0549
Netherlands,NLD,2024-12-31 01:00:00,2024-12-31 02:00:00,0.05643
Netherlands,NLD,2024-12-31 02:00:00,2024-12-31 03:00:00,0.0349
Netherlands,NLD,2024-12-31 03:00:00,2024-12-31 04:00:00,0.030879999999999998
Netherlands,NLD,2024-12-31 04:00:00,2024-12-31 05:00:00,0.03021
Netherlands,NLD,2024-12-31 05:00:00,2024-12-31 06:00:00,0.04
Netherlands,NLD,2024-12-31 06:00:00,2024-12-31 07:00:00,0.07029
Netherlands,NLD,2024-12-31 07:00:00,2024-12-31 08:00:00,0.099
Netherlands,NLD,2024-12-31 08:00:00,2024-12-31 09:00:00,0.14799
Netherlands,NLD,2024-12-31 09:00:00,2024-12-31 10:00:00,0.1499
Netherlands,NLD,2024-12-31 10:00:00,2024-12-31 11:00:00,0.137
Netherlands,NLD,2024-12-31 11:00:00,2024-12-31 12:00:00,0.1217
Netherlands,NLD,2024-12-31 12:00:00,2024-12-31 13:00:00,0.099
Netherlands,NLD,2024-12-31 13:00:00,2024-12-31 14:00:00,0.084
Netherlands,NLD,2024-12-31 14:00:00,2024-12-31 15:00:00,0.08431999999999999
Netherlands,NLD,2024-12-31 15:00:00,2024-12-31 16:00:00,0.09490000000000001
Netherlands,NLD,2024-12-31 16:00:00,2024-12-31 17:00:00,0.1217
Netherlands,NLD,2024-12-31 17:00:00,2024-12-31 18:00:00,0.099
Netherlands,NLD,2024-12-31 18:00:00,2024-12-31 19:00:00,0.07056
Netherlands,NLD,2024-12-31 19:00:00,2024-12-31 20:00:00,0.0599
Netherlands,NLD,2024-12-31 20:00:00,2024-12-31 21:00:00,0.0182
Netherlands,NLD,2024-12-31 21:00:00,2024-12-31 22:00:00,0.00906
Netherlands,NLD,2024-12-31 22:00:00,2024-12-31 23:00:00,0.0005200000000000001
Netherlands,NLD,2024-12-31 23:00:00,2025-01-01 00:00:00,0.013619999999999998
