Country,ISO3 Code,Datetime (UTC),Datetime (Local),Price (EUR/kWhe)
Netherlands,NLD,2022-01-01 00:00:00,2022-01-01 01:00:00,0.1247
Netherlands,NLD,2022-01-01 01:00:00,2022-01-01 02:00:00,0.134
Netherlands,NLD,2022-01-01 02:00:00,2022-01-01 03:00:00,0.0588
Netherlands,NLD,2022-01-01 03:00:00,2022-01-01 04:00:00,0.03767
Netherlands,NLD,2022-01-01 04:00:00,2022-01-01 05:00:00,0.039700000000000006
Netherlands,NLD,2022-01-01 05:00:00,2022-01-01 06:00:00,0.04059
Netherlands,NLD,2022-01-01 06:00:00,2022-01-01 07:00:00,0.04326
Netherlands,NLD,2022-01-01 07:00:00,2022-01-01 08:00:00,0.049659999999999996
Netherlands,NLD,2022-01-01 08:00:00,2022-01-01 09:00:00,0.07005
Netherlands,NLD,2022-01-01 09:00:00,2022-01-01 10:00:00,0.07679000000000001
Netherlands,NLD,2022-01-01 10:00:00,2022-01-01 11:00:00,0.0841
Netherlands,NLD,2022-01-01 11:00:00,2022-01-01 12:00:00,0.09473999999999999
Netherlands,NLD,2022-01-01 12:00:00,2022-01-01 13:00:00,0.0968
Netherlands,NLD,2022-01-01 13:00:00,2022-01-01 14:00:00,0.09717
Netherlands,NLD,2022-01-01 14:00:00,2022-01-01 15:00:00,0.10127
Netherlands,NLD,2022-01-01 15:00:00,2022-01-01 16:00:00,0.1266
Netherlands,NLD,2022-01-01 16:00:00,2022-01-01 17:00:00,0.14997
Netherlands,NLD,2022-01-01 17:00:00,2022-01-01 18:00:00,0.14633000000000002
Netherlands,NLD,2022-01-01 18:00:00,2022-01-01 19:00:00,0.14028
Netherlands,NLD,2022-01-01 19:00:00,2022-01-01 20:00:00,0.12188
Netherlands,NLD,2022-01-01 20:00:00,2022-01-01 21:00:00,0.10260999999999999
Netherlands,NLD,2022-01-01 21:00:00,2022-01-01 22:00:00,0.09745999999999999
Netherlands,NLD,2022-01-01 22:00:00,2022-01-01 23:00:00,0.08516
Netherlands,NLD,2022-01-01 23:00:00,2022-01-02 00:00:00,0.05708
Netherlands,NLD,2022-01-02 00:00:00,2022-01-02 01:00:00,0.052590000000000005
Netherlands,NLD,2022-01-02 01:00:00,2022-01-02 02:00:00,0.04897
Netherlands,NLD,2022-01-02 02:00:00,2022-01-02 03:00:00,0.03494
Netherlands,NLD,2022-01-02 03:00:00,2022-01-02 04:00:00,0.02956
Netherlands,NLD,2022-01-02 04:00:00,2022-01-02 05:00:00,0.03397
Netherlands,NLD,2022-01-02 05:00:00,2022-01-02 06:00:00,0.03452
Netherlands,NLD,2022-01-02 06:00:00,2022-01-02 07:00:00,0.0418
Netherlands,NLD,2022-01-02 07:00:00,2022-01-02 08:00:00,0.04895
Netherlands,NLD,2022-01-02 08:00:00,2022-01-02 09:00:00,0.06001
Netherlands,NLD,2022-01-02 09:00:00,2022-01-02 10:00:00,0.07009
Netherlands,NLD,2022-01-02 10:00:00,2022-01-02 11:00:00,0.06626
Netherlands,NLD,2022-01-02 11:00:00,2022-01-02 12:00:00,0.06454
Netherlands,NLD,2022-01-02 12:00:00,2022-01-02 13:00:00,0.04696
Netherlands,NLD,2022-01-02 13:00:00,2022-01-02 14:00:00,0.04906
Netherlands,NLD,2022-01-02 14:00:00,2022-01-02 15:00:00,0.07499
Netherlands,NLD,2022-01-02 15:00:00,2022-01-02 16:00:00,0.085
Netherlands,NLD,2022-01-02 16:00:00,2022-01-02 17:00:00,0.1
Netherlands,NLD,2022-01-02 17:00:00,2022-01-02 18:00:00,0.10990000000000001
Netherlands,NLD,2022-01-02 18:00:00,2022-01-02 19:00:00,0.0999
Netherlands,NLD,2022-01-02 19:00:00,2022-01-02 20:00:00,0.077
Netherlands,NLD,2022-01-02 20:00:00,2022-01-02 21:00:00,0.04616
Netherlands,NLD,2022-01-02 21:00:00,2022-01-02 22:00:00,0.04629
Netherlands,NLD,2022-01-02 22:00:00,2022-01-02 23:00:00,0.03293
Netherlands,NLD,2022-01-02 23:00:00,2022-01-03 00:00:00,0.00031
Netherlands,NLD,2022-01-03 00:00:00,2022-01-03 01:00:00,-1e-05
Netherlands,NLD,2022-01-03 01:00:00,2022-01-03 02:00:00,-7.000000000000001e-05
Netherlands,NLD,2022-01-03 02:00:00,2022-01-03 03:00:00,-0.0010500000000000002
Netherlands,NLD,2022-01-03 03:00:00,2022-01-03 04:00:00,-0.001
Netherlands,NLD,2022-01-03 04:00:00,2022-01-03 05:00:00,0.0
Netherlands,NLD,2022-01-03 05:00:00,2022-01-03 06:00:00,0.03597
Netherlands,NLD,2022-01-03 06:00:00,2022-01-03 07:00:00,0.09034
Netherlands,NLD,2022-01-03 07:00:00,2022-01-03 08:00:00,0.12
Netherlands,NLD,2022-01-03 08:00:00,2022-01-03 09:00:00,0.12990000000000002
Netherlands,NLD,2022-01-03 09:00:00,2022-01-03 10:00:00,0.11904
Netherlands,NLD,2022-01-03 10:00:00,2022-01-03 11:00:00,0.11919
Netherlands,NLD,2022-01-03 11:00:00,2022-01-03 12:00:00,0.12
Netherlands,NLD,2022-01-03 12:00:00,2022-01-03 13:00:00,0.12262
Netherlands,NLD,2022-01-03 13:00:00,2022-01-03 14:00:00,0.13818
Netherlands,NLD,2022-01-03 14:00:00,2022-01-03 15:00:00,0.1431
Netherlands,NLD,2022-01-03 15:00:00,2022-01-03 16:00:00,0.136
Netherlands,NLD,2022-01-03 16:00:00,2022-01-03 17:00:00,0.14849
Netherlands,NLD,2022-01-03 17:00:00,2022-01-03 18:00:00,0.214
Netherlands,NLD,2022-01-03 18:00:00,2022-01-03 19:00:00,0.192
Netherlands,NLD,2022-01-03 19:00:00,2022-01-03 20:00:00,0.14980000000000002
Netherlands,NLD,2022-01-03 20:00:00,2022-01-03 21:00:00,0.14422
Netherlands,NLD,2022-01-03 21:00:00,2022-01-03 22:00:00,0.13
Netherlands,NLD,2022-01-03 22:00:00,2022-01-03 23:00:00,0.11
Netherlands,NLD,2022-01-03 23:00:00,2022-01-04 00:00:00,0.19490000000000002
Netherlands,NLD,2022-01-04 00:00:00,2022-01-04 01:00:00,0.13725
Netherlands,NLD,2022-01-04 01:00:00,2022-01-04 02:00:00,0.1372
Netherlands,NLD,2022-01-04 02:00:00,2022-01-04 03:00:00,0.11931
Netherlands,NLD,2022-01-04 03:00:00,2022-01-04 04:00:00,0.11713
Netherlands,NLD,2022-01-04 04:00:00,2022-01-04 05:00:00,0.1199
Netherlands,NLD,2022-01-04 05:00:00,2022-01-04 06:00:00,0.15691
Netherlands,NLD,2022-01-04 06:00:00,2022-01-04 07:00:00,0.18264
Netherlands,NLD,2022-01-04 07:00:00,2022-01-04 08:00:00,0.17890999999999999
Netherlands,NLD,2022-01-04 08:00:00,2022-01-04 09:00:00,0.19
Netherlands,NLD,2022-01-04 09:00:00,2022-01-04 10:00:00,0.18988
Netherlands,NLD,2022-01-04 10:00:00,2022-01-04 11:00:00,0.18242
Netherlands,NLD,2022-01-04 11:00:00,2022-01-04 12:00:00,0.18246
Netherlands,NLD,2022-01-04 12:00:00,2022-01-04 13:00:00,0.17959
Netherlands,NLD,2022-01-04 13:00:00,2022-01-04 14:00:00,0.179
Netherlands,NLD,2022-01-04 14:00:00,2022-01-04 15:00:00,0.18093
Netherlands,NLD,2022-01-04 15:00:00,2022-01-04 16:00:00,0.16669
Netherlands,NLD,2022-01-04 16:00:00,2022-01-04 17:00:00,0.18988
Netherlands,NLD,2022-01-04 17:00:00,2022-01-04 18:00:00,0.18494
Netherlands,NLD,2022-01-04 18:00:00,2022-01-04 19:00:00,0.17899
Netherlands,NLD,2022-01-04 19:00:00,2022-01-04 20:00:00,0.15612
Netherlands,NLD,2022-01-04 20:00:00,2022-01-04 21:00:00,0.15499000000000002
Netherlands,NLD,2022-01-04 21:00:00,2022-01-04 22:00:00,0.13792
Netherlands,NLD,2022-01-04 22:00:00,2022-01-04 23:00:00,0.106
Netherlands,NLD,2022-01-04 23:00:00,2022-01-05 00:00:00,0.12888
Netherlands,NLD,2022-01-05 00:00:00,2022-01-05 01:00:00,0.11388
Netherlands,NLD,2022-01-05 01:00:00,2022-01-05 02:00:00,0.0845
Netherlands,NLD,2022-01-05 02:00:00,2022-01-05 03:00:00,0.07537999999999999
Netherlands,NLD,2022-01-05 03:00:00,2022-01-05 04:00:00,0.07911
Netherlands,NLD,2022-01-05 04:00:00,2022-01-05 05:00:00,0.09479000000000001
Netherlands,NLD,2022-01-05 05:00:00,2022-01-05 06:00:00,0.158
Netherlands,NLD,2022-01-05 06:00:00,2022-01-05 07:00:00,0.18803999999999998
Netherlands,NLD,2022-01-05 07:00:00,2022-01-05 08:00:00,0.22740000000000002
Netherlands,NLD,2022-01-05 08:00:00,2022-01-05 09:00:00,0.231
Netherlands,NLD,2022-01-05 09:00:00,2022-01-05 10:00:00,0.2287
Netherlands,NLD,2022-01-05 10:00:00,2022-01-05 11:00:00,0.22
Netherlands,NLD,2022-01-05 11:00:00,2022-01-05 12:00:00,0.19863
Netherlands,NLD,2022-01-05 12:00:00,2022-01-05 13:00:00,0.2
Netherlands,NLD,2022-01-05 13:00:00,2022-01-05 14:00:00,0.22
Netherlands,NLD,2022-01-05 14:00:00,2022-01-05 15:00:00,0.215
Netherlands,NLD,2022-01-05 15:00:00,2022-01-05 16:00:00,0.2287
Netherlands,NLD,2022-01-05 16:00:00,2022-01-05 17:00:00,0.299
Netherlands,NLD,2022-01-05 17:00:00,2022-01-05 18:00:00,0.31525
Netherlands,NLD,2022-01-05 18:00:00,2022-01-05 19:00:00,0.25103
Netherlands,NLD,2022-01-05 19:00:00,2022-01-05 20:00:00,0.18109999999999998
Netherlands,NLD,2022-01-05 20:00:00,2022-01-05 21:00:00,0.2278
Netherlands,NLD,2022-01-05 21:00:00,2022-01-05 22:00:00,0.14145
Netherlands,NLD,2022-01-05 22:00:00,2022-01-05 23:00:00,0.14
Netherlands,NLD,2022-01-05 23:00:00,2022-01-06 00:00:00,0.225
Netherlands,NLD,2022-01-06 00:00:00,2022-01-06 01:00:00,0.18787
Netherlands,NLD,2022-01-06 01:00:00,2022-01-06 02:00:00,0.218
Netherlands,NLD,2022-01-06 02:00:00,2022-01-06 03:00:00,0.188
Netherlands,NLD,2022-01-06 03:00:00,2022-01-06 04:00:00,0.1999
Netherlands,NLD,2022-01-06 04:00:00,2022-01-06 05:00:00,0.187
Netherlands,NLD,2022-01-06 05:00:00,2022-01-06 06:00:00,0.21556
Netherlands,NLD,2022-01-06 06:00:00,2022-01-06 07:00:00,0.22825
Netherlands,NLD,2022-01-06 07:00:00,2022-01-06 08:00:00,0.25
Netherlands,NLD,2022-01-06 08:00:00,2022-01-06 09:00:00,0.29255000000000003
Netherlands,NLD,2022-01-06 09:00:00,2022-01-06 10:00:00,0.26867
Netherlands,NLD,2022-01-06 10:00:00,2022-01-06 11:00:00,0.2319
Netherlands,NLD,2022-01-06 11:00:00,2022-01-06 12:00:00,0.226
Netherlands,NLD,2022-01-06 12:00:00,2022-01-06 13:00:00,0.2092
Netherlands,NLD,2022-01-06 13:00:00,2022-01-06 14:00:00,0.21606
Netherlands,NLD,2022-01-06 14:00:00,2022-01-06 15:00:00,0.23077
Netherlands,NLD,2022-01-06 15:00:00,2022-01-06 16:00:00,0.24595
Netherlands,NLD,2022-01-06 16:00:00,2022-01-06 17:00:00,0.27411
Netherlands,NLD,2022-01-06 17:00:00,2022-01-06 18:00:00,0.27344
Netherlands,NLD,2022-01-06 18:00:00,2022-01-06 19:00:00,0.2191
Netherlands,NLD,2022-01-06 19:00:00,2022-01-06 20:00:00,0.21858000000000002
Netherlands,NLD,2022-01-06 20:00:00,2022-01-06 21:00:00,0.20331
Netherlands,NLD,2022-01-06 21:00:00,2022-01-06 22:00:00,0.18469999999999998
Netherlands,NLD,2022-01-06 22:00:00,2022-01-06 23:00:00,0.13648
Netherlands,NLD,2022-01-06 23:00:00,2022-01-07 00:00:00,0.12891999999999998
Netherlands,NLD,2022-01-07 00:00:00,2022-01-07 01:00:00,0.12798
Netherlands,NLD,2022-01-07 01:00:00,2022-01-07 02:00:00,0.11593
Netherlands,NLD,2022-01-07 02:00:00,2022-01-07 03:00:00,0.10742
Netherlands,NLD,2022-01-07 03:00:00,2022-01-07 04:00:00,0.10729999999999999
Netherlands,NLD,2022-01-07 04:00:00,2022-01-07 05:00:00,0.11759
Netherlands,NLD,2022-01-07 05:00:00,2022-01-07 06:00:00,0.15361000000000002
Netherlands,NLD,2022-01-07 06:00:00,2022-01-07 07:00:00,0.18930000000000002
Netherlands,NLD,2022-01-07 07:00:00,2022-01-07 08:00:00,0.2299
Netherlands,NLD,2022-01-07 08:00:00,2022-01-07 09:00:00,0.255
Netherlands,NLD,2022-01-07 09:00:00,2022-01-07 10:00:00,0.24
Netherlands,NLD,2022-01-07 10:00:00,2022-01-07 11:00:00,0.2454
Netherlands,NLD,2022-01-07 11:00:00,2022-01-07 12:00:00,0.21008000000000002
Netherlands,NLD,2022-01-07 12:00:00,2022-01-07 13:00:00,0.24
Netherlands,NLD,2022-01-07 13:00:00,2022-01-07 14:00:00,0.23306
Netherlands,NLD,2022-01-07 14:00:00,2022-01-07 15:00:00,0.22437
Netherlands,NLD,2022-01-07 15:00:00,2022-01-07 16:00:00,0.24
Netherlands,NLD,2022-01-07 16:00:00,2022-01-07 17:00:00,0.24459
Netherlands,NLD,2022-01-07 17:00:00,2022-01-07 18:00:00,0.26314
Netherlands,NLD,2022-01-07 18:00:00,2022-01-07 19:00:00,0.262
Netherlands,NLD,2022-01-07 19:00:00,2022-01-07 20:00:00,0.23803
Netherlands,NLD,2022-01-07 20:00:00,2022-01-07 21:00:00,0.21381
Netherlands,NLD,2022-01-07 21:00:00,2022-01-07 22:00:00,0.258
Netherlands,NLD,2022-01-07 22:00:00,2022-01-07 23:00:00,0.25725
Netherlands,NLD,2022-01-07 23:00:00,2022-01-08 00:00:00,0.2003
Netherlands,NLD,2022-01-08 00:00:00,2022-01-08 01:00:00,0.1762
Netherlands,NLD,2022-01-08 01:00:00,2022-01-08 02:00:00,0.166
Netherlands,NLD,2022-01-08 02:00:00,2022-01-08 03:00:00,0.16238
Netherlands,NLD,2022-01-08 03:00:00,2022-01-08 04:00:00,0.16
Netherlands,NLD,2022-01-08 04:00:00,2022-01-08 05:00:00,0.15430000000000002
Netherlands,NLD,2022-01-08 05:00:00,2022-01-08 06:00:00,0.166
Netherlands,NLD,2022-01-08 06:00:00,2022-01-08 07:00:00,0.18291
Netherlands,NLD,2022-01-08 07:00:00,2022-01-08 08:00:00,0.21589
Netherlands,NLD,2022-01-08 08:00:00,2022-01-08 09:00:00,0.231
Netherlands,NLD,2022-01-08 09:00:00,2022-01-08 10:00:00,0.22895
Netherlands,NLD,2022-01-08 10:00:00,2022-01-08 11:00:00,0.21539
Netherlands,NLD,2022-01-08 11:00:00,2022-01-08 12:00:00,0.20668
Netherlands,NLD,2022-01-08 12:00:00,2022-01-08 13:00:00,0.185
Netherlands,NLD,2022-01-08 13:00:00,2022-01-08 14:00:00,0.16952
Netherlands,NLD,2022-01-08 14:00:00,2022-01-08 15:00:00,0.1628
Netherlands,NLD,2022-01-08 15:00:00,2022-01-08 16:00:00,0.16190000000000002
Netherlands,NLD,2022-01-08 16:00:00,2022-01-08 17:00:00,0.1899
Netherlands,NLD,2022-01-08 17:00:00,2022-01-08 18:00:00,0.2003
Netherlands,NLD,2022-01-08 18:00:00,2022-01-08 19:00:00,0.2
Netherlands,NLD,2022-01-08 19:00:00,2022-01-08 20:00:00,0.232
Netherlands,NLD,2022-01-08 20:00:00,2022-01-08 21:00:00,0.16575
Netherlands,NLD,2022-01-08 21:00:00,2022-01-08 22:00:00,0.14961000000000002
Netherlands,NLD,2022-01-08 22:00:00,2022-01-08 23:00:00,0.14959999999999998
Netherlands,NLD,2022-01-08 23:00:00,2022-01-09 00:00:00,0.14132
Netherlands,NLD,2022-01-09 00:00:00,2022-01-09 01:00:00,0.1
Netherlands,NLD,2022-01-09 01:00:00,2022-01-09 02:00:00,0.08023999999999999
Netherlands,NLD,2022-01-09 02:00:00,2022-01-09 03:00:00,0.05546
Netherlands,NLD,2022-01-09 03:00:00,2022-01-09 04:00:00,0.04929
Netherlands,NLD,2022-01-09 04:00:00,2022-01-09 05:00:00,0.05064
Netherlands,NLD,2022-01-09 05:00:00,2022-01-09 06:00:00,0.07429000000000001
Netherlands,NLD,2022-01-09 06:00:00,2022-01-09 07:00:00,0.087
Netherlands,NLD,2022-01-09 07:00:00,2022-01-09 08:00:00,0.09994
Netherlands,NLD,2022-01-09 08:00:00,2022-01-09 09:00:00,0.18519999999999998
Netherlands,NLD,2022-01-09 09:00:00,2022-01-09 10:00:00,0.163
Netherlands,NLD,2022-01-09 10:00:00,2022-01-09 11:00:00,0.14965
Netherlands,NLD,2022-01-09 11:00:00,2022-01-09 12:00:00,0.1667
Netherlands,NLD,2022-01-09 12:00:00,2022-01-09 13:00:00,0.16506
Netherlands,NLD,2022-01-09 13:00:00,2022-01-09 14:00:00,0.17009
Netherlands,NLD,2022-01-09 14:00:00,2022-01-09 15:00:00,0.18903999999999999
Netherlands,NLD,2022-01-09 15:00:00,2022-01-09 16:00:00,0.19096000000000002
Netherlands,NLD,2022-01-09 16:00:00,2022-01-09 17:00:00,0.2233
Netherlands,NLD,2022-01-09 17:00:00,2022-01-09 18:00:00,0.24394
Netherlands,NLD,2022-01-09 18:00:00,2022-01-09 19:00:00,0.24
Netherlands,NLD,2022-01-09 19:00:00,2022-01-09 20:00:00,0.23082
Netherlands,NLD,2022-01-09 20:00:00,2022-01-09 21:00:00,0.21402000000000002
Netherlands,NLD,2022-01-09 21:00:00,2022-01-09 22:00:00,0.21588
Netherlands,NLD,2022-01-09 22:00:00,2022-01-09 23:00:00,0.2038
Netherlands,NLD,2022-01-09 23:00:00,2022-01-10 00:00:00,0.19623
Netherlands,NLD,2022-01-10 00:00:00,2022-01-10 01:00:00,0.19185
Netherlands,NLD,2022-01-10 01:00:00,2022-01-10 02:00:00,0.19591
Netherlands,NLD,2022-01-10 02:00:00,2022-01-10 03:00:00,0.18666
Netherlands,NLD,2022-01-10 03:00:00,2022-01-10 04:00:00,0.17804
Netherlands,NLD,2022-01-10 04:00:00,2022-01-10 05:00:00,0.19165000000000001
Netherlands,NLD,2022-01-10 05:00:00,2022-01-10 06:00:00,0.23743999999999998
Netherlands,NLD,2022-01-10 06:00:00,2022-01-10 07:00:00,0.29995
Netherlands,NLD,2022-01-10 07:00:00,2022-01-10 08:00:00,0.31392000000000003
Netherlands,NLD,2022-01-10 08:00:00,2022-01-10 09:00:00,0.315
Netherlands,NLD,2022-01-10 09:00:00,2022-01-10 10:00:00,0.31041
Netherlands,NLD,2022-01-10 10:00:00,2022-01-10 11:00:00,0.31007999999999997
Netherlands,NLD,2022-01-10 11:00:00,2022-01-10 12:00:00,0.3
Netherlands,NLD,2022-01-10 12:00:00,2022-01-10 13:00:00,0.29701
Netherlands,NLD,2022-01-10 13:00:00,2022-01-10 14:00:00,0.29996
Netherlands,NLD,2022-01-10 14:00:00,2022-01-10 15:00:00,0.2913
Netherlands,NLD,2022-01-10 15:00:00,2022-01-10 16:00:00,0.30122000000000004
Netherlands,NLD,2022-01-10 16:00:00,2022-01-10 17:00:00,0.30989999999999995
Netherlands,NLD,2022-01-10 17:00:00,2022-01-10 18:00:00,0.31082
Netherlands,NLD,2022-01-10 18:00:00,2022-01-10 19:00:00,0.29498
Netherlands,NLD,2022-01-10 19:00:00,2022-01-10 20:00:00,0.26744999999999997
Netherlands,NLD,2022-01-10 20:00:00,2022-01-10 21:00:00,0.211
Netherlands,NLD,2022-01-10 21:00:00,2022-01-10 22:00:00,0.21703
Netherlands,NLD,2022-01-10 22:00:00,2022-01-10 23:00:00,0.19090000000000001
Netherlands,NLD,2022-01-10 23:00:00,2022-01-11 00:00:00,0.21034
Netherlands,NLD,2022-01-11 00:00:00,2022-01-11 01:00:00,0.20242
Netherlands,NLD,2022-01-11 01:00:00,2022-01-11 02:00:00,0.1976
Netherlands,NLD,2022-01-11 02:00:00,2022-01-11 03:00:00,0.193
Netherlands,NLD,2022-01-11 03:00:00,2022-01-11 04:00:00,0.19490000000000002
Netherlands,NLD,2022-01-11 04:00:00,2022-01-11 05:00:00,0.20445
Netherlands,NLD,2022-01-11 05:00:00,2022-01-11 06:00:00,0.1913
Netherlands,NLD,2022-01-11 06:00:00,2022-01-11 07:00:00,0.208
Netherlands,NLD,2022-01-11 07:00:00,2022-01-11 08:00:00,0.2407
Netherlands,NLD,2022-01-11 08:00:00,2022-01-11 09:00:00,0.29716000000000004
Netherlands,NLD,2022-01-11 09:00:00,2022-01-11 10:00:00,0.27702
Netherlands,NLD,2022-01-11 10:00:00,2022-01-11 11:00:00,0.2308
Netherlands,NLD,2022-01-11 11:00:00,2022-01-11 12:00:00,0.2135
Netherlands,NLD,2022-01-11 12:00:00,2022-01-11 13:00:00,0.2399
Netherlands,NLD,2022-01-11 13:00:00,2022-01-11 14:00:00,0.25501
Netherlands,NLD,2022-01-11 14:00:00,2022-01-11 15:00:00,0.2779
Netherlands,NLD,2022-01-11 15:00:00,2022-01-11 16:00:00,0.28994
Netherlands,NLD,2022-01-11 16:00:00,2022-01-11 17:00:00,0.31639999999999996
Netherlands,NLD,2022-01-11 17:00:00,2022-01-11 18:00:00,0.31589999999999996
Netherlands,NLD,2022-01-11 18:00:00,2022-01-11 19:00:00,0.3092
Netherlands,NLD,2022-01-11 19:00:00,2022-01-11 20:00:00,0.28533
Netherlands,NLD,2022-01-11 20:00:00,2022-01-11 21:00:00,0.2382
Netherlands,NLD,2022-01-11 21:00:00,2022-01-11 22:00:00,0.2024
Netherlands,NLD,2022-01-11 22:00:00,2022-01-11 23:00:00,0.1901
Netherlands,NLD,2022-01-11 23:00:00,2022-01-12 00:00:00,0.19665000000000002
Netherlands,NLD,2022-01-12 00:00:00,2022-01-12 01:00:00,0.1871
Netherlands,NLD,2022-01-12 01:00:00,2022-01-12 02:00:00,0.18427000000000002
Netherlands,NLD,2022-01-12 02:00:00,2022-01-12 03:00:00,0.17958000000000002
Netherlands,NLD,2022-01-12 03:00:00,2022-01-12 04:00:00,0.17833000000000002
Netherlands,NLD,2022-01-12 04:00:00,2022-01-12 05:00:00,0.1935
Netherlands,NLD,2022-01-12 05:00:00,2022-01-12 06:00:00,0.1812
Netherlands,NLD,2022-01-12 06:00:00,2022-01-12 07:00:00,0.27318000000000003
Netherlands,NLD,2022-01-12 07:00:00,2022-01-12 08:00:00,0.30010000000000003
Netherlands,NLD,2022-01-12 08:00:00,2022-01-12 09:00:00,0.29274
Netherlands,NLD,2022-01-12 09:00:00,2022-01-12 10:00:00,0.2755
Netherlands,NLD,2022-01-12 10:00:00,2022-01-12 11:00:00,0.25865
Netherlands,NLD,2022-01-12 11:00:00,2022-01-12 12:00:00,0.24511000000000002
Netherlands,NLD,2022-01-12 12:00:00,2022-01-12 13:00:00,0.23208
Netherlands,NLD,2022-01-12 13:00:00,2022-01-12 14:00:00,0.23477
Netherlands,NLD,2022-01-12 14:00:00,2022-01-12 15:00:00,0.24001
Netherlands,NLD,2022-01-12 15:00:00,2022-01-12 16:00:00,0.255
Netherlands,NLD,2022-01-12 16:00:00,2022-01-12 17:00:00,0.28482
Netherlands,NLD,2022-01-12 17:00:00,2022-01-12 18:00:00,0.28597
Netherlands,NLD,2022-01-12 18:00:00,2022-01-12 19:00:00,0.26903
Netherlands,NLD,2022-01-12 19:00:00,2022-01-12 20:00:00,0.21347
Netherlands,NLD,2022-01-12 20:00:00,2022-01-12 21:00:00,0.17
Netherlands,NLD,2022-01-12 21:00:00,2022-01-12 22:00:00,0.185
Netherlands,NLD,2022-01-12 22:00:00,2022-01-12 23:00:00,0.181
Netherlands,NLD,2022-01-12 23:00:00,2022-01-13 00:00:00,0.1736
Netherlands,NLD,2022-01-13 00:00:00,2022-01-13 01:00:00,0.1744
Netherlands,NLD,2022-01-13 01:00:00,2022-01-13 02:00:00,0.1869
Netherlands,NLD,2022-01-13 02:00:00,2022-01-13 03:00:00,0.184
Netherlands,NLD,2022-01-13 03:00:00,2022-01-13 04:00:00,0.18980000000000002
Netherlands,NLD,2022-01-13 04:00:00,2022-01-13 05:00:00,0.1735
Netherlands,NLD,2022-01-13 05:00:00,2022-01-13 06:00:00,0.1885
Netherlands,NLD,2022-01-13 06:00:00,2022-01-13 07:00:00,0.19191
Netherlands,NLD,2022-01-13 07:00:00,2022-01-13 08:00:00,0.23
Netherlands,NLD,2022-01-13 08:00:00,2022-01-13 09:00:00,0.19194999999999998
Netherlands,NLD,2022-01-13 09:00:00,2022-01-13 10:00:00,0.196
Netherlands,NLD,2022-01-13 10:00:00,2022-01-13 11:00:00,0.18780000000000002
Netherlands,NLD,2022-01-13 11:00:00,2022-01-13 12:00:00,0.17
Netherlands,NLD,2022-01-13 12:00:00,2022-01-13 13:00:00,0.1708
Netherlands,NLD,2022-01-13 13:00:00,2022-01-13 14:00:00,0.176
Netherlands,NLD,2022-01-13 14:00:00,2022-01-13 15:00:00,0.1999
Netherlands,NLD,2022-01-13 15:00:00,2022-01-13 16:00:00,0.20214
Netherlands,NLD,2022-01-13 16:00:00,2022-01-13 17:00:00,0.238
Netherlands,NLD,2022-01-13 17:00:00,2022-01-13 18:00:00,0.1923
Netherlands,NLD,2022-01-13 18:00:00,2022-01-13 19:00:00,0.1923
Netherlands,NLD,2022-01-13 19:00:00,2022-01-13 20:00:00,0.1923
Netherlands,NLD,2022-01-13 20:00:00,2022-01-13 21:00:00,0.1869
Netherlands,NLD,2022-01-13 21:00:00,2022-01-13 22:00:00,0.1849
Netherlands,NLD,2022-01-13 22:00:00,2022-01-13 23:00:00,0.1777
Netherlands,NLD,2022-01-13 23:00:00,2022-01-14 00:00:00,0.188
Netherlands,NLD,2022-01-14 00:00:00,2022-01-14 01:00:00,0.161
Netherlands,NLD,2022-01-14 01:00:00,2022-01-14 02:00:00,0.15599000000000002
Netherlands,NLD,2022-01-14 02:00:00,2022-01-14 03:00:00,0.15591999999999998
Netherlands,NLD,2022-01-14 03:00:00,2022-01-14 04:00:00,0.153
Netherlands,NLD,2022-01-14 04:00:00,2022-01-14 05:00:00,0.162
Netherlands,NLD,2022-01-14 05:00:00,2022-01-14 06:00:00,0.1741
Netherlands,NLD,2022-01-14 06:00:00,2022-01-14 07:00:00,0.1985
Netherlands,NLD,2022-01-14 07:00:00,2022-01-14 08:00:00,0.2501
Netherlands,NLD,2022-01-14 08:00:00,2022-01-14 09:00:00,0.24
Netherlands,NLD,2022-01-14 09:00:00,2022-01-14 10:00:00,0.16997
Netherlands,NLD,2022-01-14 10:00:00,2022-01-14 11:00:00,0.162
Netherlands,NLD,2022-01-14 11:00:00,2022-01-14 12:00:00,0.1741
Netherlands,NLD,2022-01-14 12:00:00,2022-01-14 13:00:00,0.16169999999999998
Netherlands,NLD,2022-01-14 13:00:00,2022-01-14 14:00:00,0.15536000000000003
Netherlands,NLD,2022-01-14 14:00:00,2022-01-14 15:00:00,0.214
Netherlands,NLD,2022-01-14 15:00:00,2022-01-14 16:00:00,0.20659
Netherlands,NLD,2022-01-14 16:00:00,2022-01-14 17:00:00,0.262
Netherlands,NLD,2022-01-14 17:00:00,2022-01-14 18:00:00,0.23402
Netherlands,NLD,2022-01-14 18:00:00,2022-01-14 19:00:00,0.19251
Netherlands,NLD,2022-01-14 19:00:00,2022-01-14 20:00:00,0.18591
Netherlands,NLD,2022-01-14 20:00:00,2022-01-14 21:00:00,0.17708000000000002
Netherlands,NLD,2022-01-14 21:00:00,2022-01-14 22:00:00,0.169
Netherlands,NLD,2022-01-14 22:00:00,2022-01-14 23:00:00,0.16119999999999998
Netherlands,NLD,2022-01-14 23:00:00,2022-01-15 00:00:00,0.22200999999999999
Netherlands,NLD,2022-01-15 00:00:00,2022-01-15 01:00:00,0.18991
Netherlands,NLD,2022-01-15 01:00:00,2022-01-15 02:00:00,0.172
Netherlands,NLD,2022-01-15 02:00:00,2022-01-15 03:00:00,0.16119999999999998
Netherlands,NLD,2022-01-15 03:00:00,2022-01-15 04:00:00,0.1799
Netherlands,NLD,2022-01-15 04:00:00,2022-01-15 05:00:00,0.1819
Netherlands,NLD,2022-01-15 05:00:00,2022-01-15 06:00:00,0.18109999999999998
Netherlands,NLD,2022-01-15 06:00:00,2022-01-15 07:00:00,0.19169999999999998
Netherlands,NLD,2022-01-15 07:00:00,2022-01-15 08:00:00,0.1999
Netherlands,NLD,2022-01-15 08:00:00,2022-01-15 09:00:00,0.23
Netherlands,NLD,2022-01-15 09:00:00,2022-01-15 10:00:00,0.22238999999999998
Netherlands,NLD,2022-01-15 10:00:00,2022-01-15 11:00:00,0.21492
Netherlands,NLD,2022-01-15 11:00:00,2022-01-15 12:00:00,0.20843
Netherlands,NLD,2022-01-15 12:00:00,2022-01-15 13:00:00,0.2
Netherlands,NLD,2022-01-15 13:00:00,2022-01-15 14:00:00,0.20309
Netherlands,NLD,2022-01-15 14:00:00,2022-01-15 15:00:00,0.21398
Netherlands,NLD,2022-01-15 15:00:00,2022-01-15 16:00:00,0.22632
Netherlands,NLD,2022-01-15 16:00:00,2022-01-15 17:00:00,0.26
Netherlands,NLD,2022-01-15 17:00:00,2022-01-15 18:00:00,0.26703
Netherlands,NLD,2022-01-15 18:00:00,2022-01-15 19:00:00,0.26141000000000003
Netherlands,NLD,2022-01-15 19:00:00,2022-01-15 20:00:00,0.24362
Netherlands,NLD,2022-01-15 20:00:00,2022-01-15 21:00:00,0.21
Netherlands,NLD,2022-01-15 21:00:00,2022-01-15 22:00:00,0.2001
Netherlands,NLD,2022-01-15 22:00:00,2022-01-15 23:00:00,0.199
Netherlands,NLD,2022-01-15 23:00:00,2022-01-16 00:00:00,0.22591999999999998
Netherlands,NLD,2022-01-16 00:00:00,2022-01-16 01:00:00,0.216
Netherlands,NLD,2022-01-16 01:00:00,2022-01-16 02:00:00,0.18033000000000002
Netherlands,NLD,2022-01-16 02:00:00,2022-01-16 03:00:00,0.181
Netherlands,NLD,2022-01-16 03:00:00,2022-01-16 04:00:00,0.16931000000000002
Netherlands,NLD,2022-01-16 04:00:00,2022-01-16 05:00:00,0.16601
Netherlands,NLD,2022-01-16 05:00:00,2022-01-16 06:00:00,0.13893
Netherlands,NLD,2022-01-16 06:00:00,2022-01-16 07:00:00,0.14158
Netherlands,NLD,2022-01-16 07:00:00,2022-01-16 08:00:00,0.16868
Netherlands,NLD,2022-01-16 08:00:00,2022-01-16 09:00:00,0.19374
Netherlands,NLD,2022-01-16 09:00:00,2022-01-16 10:00:00,0.22
Netherlands,NLD,2022-01-16 10:00:00,2022-01-16 11:00:00,0.194
Netherlands,NLD,2022-01-16 11:00:00,2022-01-16 12:00:00,0.21411000000000002
Netherlands,NLD,2022-01-16 12:00:00,2022-01-16 13:00:00,0.197
Netherlands,NLD,2022-01-16 13:00:00,2022-01-16 14:00:00,0.22
Netherlands,NLD,2022-01-16 14:00:00,2022-01-16 15:00:00,0.199
Netherlands,NLD,2022-01-16 15:00:00,2022-01-16 16:00:00,0.199
Netherlands,NLD,2022-01-16 16:00:00,2022-01-16 17:00:00,0.26
Netherlands,NLD,2022-01-16 17:00:00,2022-01-16 18:00:00,0.23624
Netherlands,NLD,2022-01-16 18:00:00,2022-01-16 19:00:00,0.21
Netherlands,NLD,2022-01-16 19:00:00,2022-01-16 20:00:00,0.23865
Netherlands,NLD,2022-01-16 20:00:00,2022-01-16 21:00:00,0.231
Netherlands,NLD,2022-01-16 21:00:00,2022-01-16 22:00:00,0.207
Netherlands,NLD,2022-01-16 22:00:00,2022-01-16 23:00:00,0.1899
Netherlands,NLD,2022-01-16 23:00:00,2022-01-17 00:00:00,0.17709
Netherlands,NLD,2022-01-17 00:00:00,2022-01-17 01:00:00,0.1991
Netherlands,NLD,2022-01-17 01:00:00,2022-01-17 02:00:00,0.18359999999999999
Netherlands,NLD,2022-01-17 02:00:00,2022-01-17 03:00:00,0.16421
Netherlands,NLD,2022-01-17 03:00:00,2022-01-17 04:00:00,0.16509000000000001
Netherlands,NLD,2022-01-17 04:00:00,2022-01-17 05:00:00,0.1681
Netherlands,NLD,2022-01-17 05:00:00,2022-01-17 06:00:00,0.2019
Netherlands,NLD,2022-01-17 06:00:00,2022-01-17 07:00:00,0.199
Netherlands,NLD,2022-01-17 07:00:00,2022-01-17 08:00:00,0.25
Netherlands,NLD,2022-01-17 08:00:00,2022-01-17 09:00:00,0.2499
Netherlands,NLD,2022-01-17 09:00:00,2022-01-17 10:00:00,0.2001
Netherlands,NLD,2022-01-17 10:00:00,2022-01-17 11:00:00,0.199
Netherlands,NLD,2022-01-17 11:00:00,2022-01-17 12:00:00,0.1766
Netherlands,NLD,2022-01-17 12:00:00,2022-01-17 13:00:00,0.199
Netherlands,NLD,2022-01-17 13:00:00,2022-01-17 14:00:00,0.199
Netherlands,NLD,2022-01-17 14:00:00,2022-01-17 15:00:00,0.24
Netherlands,NLD,2022-01-17 15:00:00,2022-01-17 16:00:00,0.2
Netherlands,NLD,2022-01-17 16:00:00,2022-01-17 17:00:00,0.2899
Netherlands,NLD,2022-01-17 17:00:00,2022-01-17 18:00:00,0.24
Netherlands,NLD,2022-01-17 18:00:00,2022-01-17 19:00:00,0.1999
Netherlands,NLD,2022-01-17 19:00:00,2022-01-17 20:00:00,0.199
Netherlands,NLD,2022-01-17 20:00:00,2022-01-17 21:00:00,0.182
Netherlands,NLD,2022-01-17 21:00:00,2022-01-17 22:00:00,0.23013999999999998
Netherlands,NLD,2022-01-17 22:00:00,2022-01-17 23:00:00,0.19028
Netherlands,NLD,2022-01-17 23:00:00,2022-01-18 00:00:00,0.20946
Netherlands,NLD,2022-01-18 00:00:00,2022-01-18 01:00:00,0.19738999999999998
Netherlands,NLD,2022-01-18 01:00:00,2022-01-18 02:00:00,0.1824
Netherlands,NLD,2022-01-18 02:00:00,2022-01-18 03:00:00,0.18511000000000002
Netherlands,NLD,2022-01-18 03:00:00,2022-01-18 04:00:00,0.19399
Netherlands,NLD,2022-01-18 04:00:00,2022-01-18 05:00:00,0.1824
Netherlands,NLD,2022-01-18 05:00:00,2022-01-18 06:00:00,0.2291
Netherlands,NLD,2022-01-18 06:00:00,2022-01-18 07:00:00,0.27349
Netherlands,NLD,2022-01-18 07:00:00,2022-01-18 08:00:00,0.2944
Netherlands,NLD,2022-01-18 08:00:00,2022-01-18 09:00:00,0.29064
Netherlands,NLD,2022-01-18 09:00:00,2022-01-18 10:00:00,0.2754
Netherlands,NLD,2022-01-18 10:00:00,2022-01-18 11:00:00,0.2651
Netherlands,NLD,2022-01-18 11:00:00,2022-01-18 12:00:00,0.25
Netherlands,NLD,2022-01-18 12:00:00,2022-01-18 13:00:00,0.24427000000000001
Netherlands,NLD,2022-01-18 13:00:00,2022-01-18 14:00:00,0.24302
Netherlands,NLD,2022-01-18 14:00:00,2022-01-18 15:00:00,0.24922
Netherlands,NLD,2022-01-18 15:00:00,2022-01-18 16:00:00,0.18530000000000002
Netherlands,NLD,2022-01-18 16:00:00,2022-01-18 17:00:00,0.278
Netherlands,NLD,2022-01-18 17:00:00,2022-01-18 18:00:00,0.1989
Netherlands,NLD,2022-01-18 18:00:00,2022-01-18 19:00:00,0.17915999999999999
Netherlands,NLD,2022-01-18 19:00:00,2022-01-18 20:00:00,0.21298
Netherlands,NLD,2022-01-18 20:00:00,2022-01-18 21:00:00,0.1728
Netherlands,NLD,2022-01-18 21:00:00,2022-01-18 22:00:00,0.182
Netherlands,NLD,2022-01-18 22:00:00,2022-01-18 23:00:00,0.185
Netherlands,NLD,2022-01-18 23:00:00,2022-01-19 00:00:00,0.1807
Netherlands,NLD,2022-01-19 00:00:00,2022-01-19 01:00:00,0.17930000000000001
Netherlands,NLD,2022-01-19 01:00:00,2022-01-19 02:00:00,0.182
Netherlands,NLD,2022-01-19 02:00:00,2022-01-19 03:00:00,0.178
Netherlands,NLD,2022-01-19 03:00:00,2022-01-19 04:00:00,0.18
Netherlands,NLD,2022-01-19 04:00:00,2022-01-19 05:00:00,0.196
Netherlands,NLD,2022-01-19 05:00:00,2022-01-19 06:00:00,0.1799
Netherlands,NLD,2022-01-19 06:00:00,2022-01-19 07:00:00,0.18631
Netherlands,NLD,2022-01-19 07:00:00,2022-01-19 08:00:00,0.24425999999999998
Netherlands,NLD,2022-01-19 08:00:00,2022-01-19 09:00:00,0.2399
Netherlands,NLD,2022-01-19 09:00:00,2022-01-19 10:00:00,0.194
Netherlands,NLD,2022-01-19 10:00:00,2022-01-19 11:00:00,0.184
Netherlands,NLD,2022-01-19 11:00:00,2022-01-19 12:00:00,0.18450999999999998
Netherlands,NLD,2022-01-19 12:00:00,2022-01-19 13:00:00,0.15749000000000002
Netherlands,NLD,2022-01-19 13:00:00,2022-01-19 14:00:00,0.184
Netherlands,NLD,2022-01-19 14:00:00,2022-01-19 15:00:00,0.197
Netherlands,NLD,2022-01-19 15:00:00,2022-01-19 16:00:00,0.17001
Netherlands,NLD,2022-01-19 16:00:00,2022-01-19 17:00:00,0.219
Netherlands,NLD,2022-01-19 17:00:00,2022-01-19 18:00:00,0.15684
Netherlands,NLD,2022-01-19 18:00:00,2022-01-19 19:00:00,0.15769999999999998
Netherlands,NLD,2022-01-19 19:00:00,2022-01-19 20:00:00,0.15430000000000002
Netherlands,NLD,2022-01-19 20:00:00,2022-01-19 21:00:00,0.15
Netherlands,NLD,2022-01-19 21:00:00,2022-01-19 22:00:00,0.15319999999999998
Netherlands,NLD,2022-01-19 22:00:00,2022-01-19 23:00:00,0.12426999999999999
Netherlands,NLD,2022-01-19 23:00:00,2022-01-20 00:00:00,0.13116
Netherlands,NLD,2022-01-20 00:00:00,2022-01-20 01:00:00,0.12696
Netherlands,NLD,2022-01-20 01:00:00,2022-01-20 02:00:00,0.115
Netherlands,NLD,2022-01-20 02:00:00,2022-01-20 03:00:00,0.11214
Netherlands,NLD,2022-01-20 03:00:00,2022-01-20 04:00:00,0.11226
Netherlands,NLD,2022-01-20 04:00:00,2022-01-20 05:00:00,0.11946999999999999
Netherlands,NLD,2022-01-20 05:00:00,2022-01-20 06:00:00,0.16
Netherlands,NLD,2022-01-20 06:00:00,2022-01-20 07:00:00,0.219
Netherlands,NLD,2022-01-20 07:00:00,2022-01-20 08:00:00,0.22
Netherlands,NLD,2022-01-20 08:00:00,2022-01-20 09:00:00,0.219
Netherlands,NLD,2022-01-20 09:00:00,2022-01-20 10:00:00,0.1799
Netherlands,NLD,2022-01-20 10:00:00,2022-01-20 11:00:00,0.16490000000000002
Netherlands,NLD,2022-01-20 11:00:00,2022-01-20 12:00:00,0.13
Netherlands,NLD,2022-01-20 12:00:00,2022-01-20 13:00:00,0.12431
Netherlands,NLD,2022-01-20 13:00:00,2022-01-20 14:00:00,0.13579
Netherlands,NLD,2022-01-20 14:00:00,2022-01-20 15:00:00,0.18
Netherlands,NLD,2022-01-20 15:00:00,2022-01-20 16:00:00,0.165
Netherlands,NLD,2022-01-20 16:00:00,2022-01-20 17:00:00,0.22691999999999998
Netherlands,NLD,2022-01-20 17:00:00,2022-01-20 18:00:00,0.18830000000000002
Netherlands,NLD,2022-01-20 18:00:00,2022-01-20 19:00:00,0.17997
Netherlands,NLD,2022-01-20 19:00:00,2022-01-20 20:00:00,0.1601
Netherlands,NLD,2022-01-20 20:00:00,2022-01-20 21:00:00,0.152
Netherlands,NLD,2022-01-20 21:00:00,2022-01-20 22:00:00,0.1702
Netherlands,NLD,2022-01-20 22:00:00,2022-01-20 23:00:00,0.16
Netherlands,NLD,2022-01-20 23:00:00,2022-01-21 00:00:00,0.15
Netherlands,NLD,2022-01-21 00:00:00,2022-01-21 01:00:00,0.15
Netherlands,NLD,2022-01-21 01:00:00,2022-01-21 02:00:00,0.1505
Netherlands,NLD,2022-01-21 02:00:00,2022-01-21 03:00:00,0.1505
Netherlands,NLD,2022-01-21 03:00:00,2022-01-21 04:00:00,0.1601
Netherlands,NLD,2022-01-21 04:00:00,2022-01-21 05:00:00,0.1505
Netherlands,NLD,2022-01-21 05:00:00,2022-01-21 06:00:00,0.15486000000000003
Netherlands,NLD,2022-01-21 06:00:00,2022-01-21 07:00:00,0.17496
Netherlands,NLD,2022-01-21 07:00:00,2022-01-21 08:00:00,0.188
Netherlands,NLD,2022-01-21 08:00:00,2022-01-21 09:00:00,0.17777
Netherlands,NLD,2022-01-21 09:00:00,2022-01-21 10:00:00,0.18126
Netherlands,NLD,2022-01-21 10:00:00,2022-01-21 11:00:00,0.19627
Netherlands,NLD,2022-01-21 11:00:00,2022-01-21 12:00:00,0.16875
Netherlands,NLD,2022-01-21 12:00:00,2022-01-21 13:00:00,0.15
Netherlands,NLD,2022-01-21 13:00:00,2022-01-21 14:00:00,0.17598
Netherlands,NLD,2022-01-21 14:00:00,2022-01-21 15:00:00,0.19
Netherlands,NLD,2022-01-21 15:00:00,2022-01-21 16:00:00,0.19801
Netherlands,NLD,2022-01-21 16:00:00,2022-01-21 17:00:00,0.202
Netherlands,NLD,2022-01-21 17:00:00,2022-01-21 18:00:00,0.1666
Netherlands,NLD,2022-01-21 18:00:00,2022-01-21 19:00:00,0.16
Netherlands,NLD,2022-01-21 19:00:00,2022-01-21 20:00:00,0.1666
Netherlands,NLD,2022-01-21 20:00:00,2022-01-21 21:00:00,0.1529
Netherlands,NLD,2022-01-21 21:00:00,2022-01-21 22:00:00,0.18
Netherlands,NLD,2022-01-21 22:00:00,2022-01-21 23:00:00,0.14304
Netherlands,NLD,2022-01-21 23:00:00,2022-01-22 00:00:00,0.1426
Netherlands,NLD,2022-01-22 00:00:00,2022-01-22 01:00:00,0.14089
Netherlands,NLD,2022-01-22 01:00:00,2022-01-22 02:00:00,0.1456
Netherlands,NLD,2022-01-22 02:00:00,2022-01-22 03:00:00,0.14
Netherlands,NLD,2022-01-22 03:00:00,2022-01-22 04:00:00,0.1456
Netherlands,NLD,2022-01-22 04:00:00,2022-01-22 05:00:00,0.151
Netherlands,NLD,2022-01-22 05:00:00,2022-01-22 06:00:00,0.17
Netherlands,NLD,2022-01-22 06:00:00,2022-01-22 07:00:00,0.1499
Netherlands,NLD,2022-01-22 07:00:00,2022-01-22 08:00:00,0.17930000000000001
Netherlands,NLD,2022-01-22 08:00:00,2022-01-22 09:00:00,0.20001
Netherlands,NLD,2022-01-22 09:00:00,2022-01-22 10:00:00,0.20302
Netherlands,NLD,2022-01-22 10:00:00,2022-01-22 11:00:00,0.20466
Netherlands,NLD,2022-01-22 11:00:00,2022-01-22 12:00:00,0.18982
Netherlands,NLD,2022-01-22 12:00:00,2022-01-22 13:00:00,0.1849
Netherlands,NLD,2022-01-22 13:00:00,2022-01-22 14:00:00,0.18009999999999998
Netherlands,NLD,2022-01-22 14:00:00,2022-01-22 15:00:00,0.1965
Netherlands,NLD,2022-01-22 15:00:00,2022-01-22 16:00:00,0.1809
Netherlands,NLD,2022-01-22 16:00:00,2022-01-22 17:00:00,0.22231
Netherlands,NLD,2022-01-22 17:00:00,2022-01-22 18:00:00,0.21994999999999998
Netherlands,NLD,2022-01-22 18:00:00,2022-01-22 19:00:00,0.18
Netherlands,NLD,2022-01-22 19:00:00,2022-01-22 20:00:00,0.18058000000000002
Netherlands,NLD,2022-01-22 20:00:00,2022-01-22 21:00:00,0.171
Netherlands,NLD,2022-01-22 21:00:00,2022-01-22 22:00:00,0.18533000000000002
Netherlands,NLD,2022-01-22 22:00:00,2022-01-22 23:00:00,0.17980000000000002
Netherlands,NLD,2022-01-22 23:00:00,2022-01-23 00:00:00,0.17876
Netherlands,NLD,2022-01-23 00:00:00,2022-01-23 01:00:00,0.176
Netherlands,NLD,2022-01-23 01:00:00,2022-01-23 02:00:00,0.18009999999999998
Netherlands,NLD,2022-01-23 02:00:00,2022-01-23 03:00:00,0.17973
Netherlands,NLD,2022-01-23 03:00:00,2022-01-23 04:00:00,0.17904
Netherlands,NLD,2022-01-23 04:00:00,2022-01-23 05:00:00,0.17949
Netherlands,NLD,2022-01-23 05:00:00,2022-01-23 06:00:00,0.16568
Netherlands,NLD,2022-01-23 06:00:00,2022-01-23 07:00:00,0.16378
Netherlands,NLD,2022-01-23 07:00:00,2022-01-23 08:00:00,0.18568
Netherlands,NLD,2022-01-23 08:00:00,2022-01-23 09:00:00,0.19531
Netherlands,NLD,2022-01-23 09:00:00,2022-01-23 10:00:00,0.19534
Netherlands,NLD,2022-01-23 10:00:00,2022-01-23 11:00:00,0.19587000000000002
Netherlands,NLD,2022-01-23 11:00:00,2022-01-23 12:00:00,0.19541
Netherlands,NLD,2022-01-23 12:00:00,2022-01-23 13:00:00,0.18628999999999998
Netherlands,NLD,2022-01-23 13:00:00,2022-01-23 14:00:00,0.18449000000000002
Netherlands,NLD,2022-01-23 14:00:00,2022-01-23 15:00:00,0.19
Netherlands,NLD,2022-01-23 15:00:00,2022-01-23 16:00:00,0.194
Netherlands,NLD,2022-01-23 16:00:00,2022-01-23 17:00:00,0.21495
Netherlands,NLD,2022-01-23 17:00:00,2022-01-23 18:00:00,0.23949
Netherlands,NLD,2022-01-23 18:00:00,2022-01-23 19:00:00,0.24223
Netherlands,NLD,2022-01-23 19:00:00,2022-01-23 20:00:00,0.22496000000000002
Netherlands,NLD,2022-01-23 20:00:00,2022-01-23 21:00:00,0.20484
Netherlands,NLD,2022-01-23 21:00:00,2022-01-23 22:00:00,0.201
Netherlands,NLD,2022-01-23 22:00:00,2022-01-23 23:00:00,0.1671
Netherlands,NLD,2022-01-23 23:00:00,2022-01-24 00:00:00,0.17892
Netherlands,NLD,2022-01-24 00:00:00,2022-01-24 01:00:00,0.17961000000000002
Netherlands,NLD,2022-01-24 01:00:00,2022-01-24 02:00:00,0.17830000000000001
Netherlands,NLD,2022-01-24 02:00:00,2022-01-24 03:00:00,0.17746
Netherlands,NLD,2022-01-24 03:00:00,2022-01-24 04:00:00,0.17761000000000002
Netherlands,NLD,2022-01-24 04:00:00,2022-01-24 05:00:00,0.1859
Netherlands,NLD,2022-01-24 05:00:00,2022-01-24 06:00:00,0.1772
Netherlands,NLD,2022-01-24 06:00:00,2022-01-24 07:00:00,0.265
Netherlands,NLD,2022-01-24 07:00:00,2022-01-24 08:00:00,0.30002
Netherlands,NLD,2022-01-24 08:00:00,2022-01-24 09:00:00,0.29939
Netherlands,NLD,2022-01-24 09:00:00,2022-01-24 10:00:00,0.27588
Netherlands,NLD,2022-01-24 10:00:00,2022-01-24 11:00:00,0.27
Netherlands,NLD,2022-01-24 11:00:00,2022-01-24 12:00:00,0.24584
Netherlands,NLD,2022-01-24 12:00:00,2022-01-24 13:00:00,0.24008000000000002
Netherlands,NLD,2022-01-24 13:00:00,2022-01-24 14:00:00,0.244
Netherlands,NLD,2022-01-24 14:00:00,2022-01-24 15:00:00,0.25649
Netherlands,NLD,2022-01-24 15:00:00,2022-01-24 16:00:00,0.27357
Netherlands,NLD,2022-01-24 16:00:00,2022-01-24 17:00:00,0.30738
Netherlands,NLD,2022-01-24 17:00:00,2022-01-24 18:00:00,0.34185000000000004
Netherlands,NLD,2022-01-24 18:00:00,2022-01-24 19:00:00,0.31531
Netherlands,NLD,2022-01-24 19:00:00,2022-01-24 20:00:00,0.27498
Netherlands,NLD,2022-01-24 20:00:00,2022-01-24 21:00:00,0.25
Netherlands,NLD,2022-01-24 21:00:00,2022-01-24 22:00:00,0.21552000000000002
Netherlands,NLD,2022-01-24 22:00:00,2022-01-24 23:00:00,0.2
Netherlands,NLD,2022-01-24 23:00:00,2022-01-25 00:00:00,0.21026
Netherlands,NLD,2022-01-25 00:00:00,2022-01-25 01:00:00,0.2129
Netherlands,NLD,2022-01-25 01:00:00,2022-01-25 02:00:00,0.20375
Netherlands,NLD,2022-01-25 02:00:00,2022-01-25 03:00:00,0.19624
Netherlands,NLD,2022-01-25 03:00:00,2022-01-25 04:00:00,0.19290000000000002
Netherlands,NLD,2022-01-25 04:00:00,2022-01-25 05:00:00,0.1805
Netherlands,NLD,2022-01-25 05:00:00,2022-01-25 06:00:00,0.1799
Netherlands,NLD,2022-01-25 06:00:00,2022-01-25 07:00:00,0.23501
Netherlands,NLD,2022-01-25 07:00:00,2022-01-25 08:00:00,0.39
Netherlands,NLD,2022-01-25 08:00:00,2022-01-25 09:00:00,0.39901
Netherlands,NLD,2022-01-25 09:00:00,2022-01-25 10:00:00,0.36
Netherlands,NLD,2022-01-25 10:00:00,2022-01-25 11:00:00,0.3474
Netherlands,NLD,2022-01-25 11:00:00,2022-01-25 12:00:00,0.31
Netherlands,NLD,2022-01-25 12:00:00,2022-01-25 13:00:00,0.30010000000000003
Netherlands,NLD,2022-01-25 13:00:00,2022-01-25 14:00:00,0.31
Netherlands,NLD,2022-01-25 14:00:00,2022-01-25 15:00:00,0.313
Netherlands,NLD,2022-01-25 15:00:00,2022-01-25 16:00:00,0.27651
Netherlands,NLD,2022-01-25 16:00:00,2022-01-25 17:00:00,0.36643000000000003
Netherlands,NLD,2022-01-25 17:00:00,2022-01-25 18:00:00,0.39906
Netherlands,NLD,2022-01-25 18:00:00,2022-01-25 19:00:00,0.37375
Netherlands,NLD,2022-01-25 19:00:00,2022-01-25 20:00:00,0.266
Netherlands,NLD,2022-01-25 20:00:00,2022-01-25 21:00:00,0.2001
Netherlands,NLD,2022-01-25 21:00:00,2022-01-25 22:00:00,0.219
Netherlands,NLD,2022-01-25 22:00:00,2022-01-25 23:00:00,0.205
Netherlands,NLD,2022-01-25 23:00:00,2022-01-26 00:00:00,0.1953
Netherlands,NLD,2022-01-26 00:00:00,2022-01-26 01:00:00,0.2015
Netherlands,NLD,2022-01-26 01:00:00,2022-01-26 02:00:00,0.1961
Netherlands,NLD,2022-01-26 02:00:00,2022-01-26 03:00:00,0.2015
Netherlands,NLD,2022-01-26 03:00:00,2022-01-26 04:00:00,0.202
Netherlands,NLD,2022-01-26 04:00:00,2022-01-26 05:00:00,0.20441
Netherlands,NLD,2022-01-26 05:00:00,2022-01-26 06:00:00,0.22597
Netherlands,NLD,2022-01-26 06:00:00,2022-01-26 07:00:00,0.2323
Netherlands,NLD,2022-01-26 07:00:00,2022-01-26 08:00:00,0.28432
Netherlands,NLD,2022-01-26 08:00:00,2022-01-26 09:00:00,0.29508
Netherlands,NLD,2022-01-26 09:00:00,2022-01-26 10:00:00,0.29635
Netherlands,NLD,2022-01-26 10:00:00,2022-01-26 11:00:00,0.269
Netherlands,NLD,2022-01-26 11:00:00,2022-01-26 12:00:00,0.2399
Netherlands,NLD,2022-01-26 12:00:00,2022-01-26 13:00:00,0.22497
Netherlands,NLD,2022-01-26 13:00:00,2022-01-26 14:00:00,0.21802000000000002
Netherlands,NLD,2022-01-26 14:00:00,2022-01-26 15:00:00,0.22
Netherlands,NLD,2022-01-26 15:00:00,2022-01-26 16:00:00,0.21215
Netherlands,NLD,2022-01-26 16:00:00,2022-01-26 17:00:00,0.24381
Netherlands,NLD,2022-01-26 17:00:00,2022-01-26 18:00:00,0.1999
Netherlands,NLD,2022-01-26 18:00:00,2022-01-26 19:00:00,0.1971
Netherlands,NLD,2022-01-26 19:00:00,2022-01-26 20:00:00,0.21753999999999998
Netherlands,NLD,2022-01-26 20:00:00,2022-01-26 21:00:00,0.2077
Netherlands,NLD,2022-01-26 21:00:00,2022-01-26 22:00:00,0.224
Netherlands,NLD,2022-01-26 22:00:00,2022-01-26 23:00:00,0.142
Netherlands,NLD,2022-01-26 23:00:00,2022-01-27 00:00:00,0.2
Netherlands,NLD,2022-01-27 00:00:00,2022-01-27 01:00:00,0.148
Netherlands,NLD,2022-01-27 01:00:00,2022-01-27 02:00:00,0.12012
Netherlands,NLD,2022-01-27 02:00:00,2022-01-27 03:00:00,0.11862
Netherlands,NLD,2022-01-27 03:00:00,2022-01-27 04:00:00,0.11473
Netherlands,NLD,2022-01-27 04:00:00,2022-01-27 05:00:00,0.12133
Netherlands,NLD,2022-01-27 05:00:00,2022-01-27 06:00:00,0.19490000000000002
Netherlands,NLD,2022-01-27 06:00:00,2022-01-27 07:00:00,0.2407
Netherlands,NLD,2022-01-27 07:00:00,2022-01-27 08:00:00,0.2348
Netherlands,NLD,2022-01-27 08:00:00,2022-01-27 09:00:00,0.23705
Netherlands,NLD,2022-01-27 09:00:00,2022-01-27 10:00:00,0.249
Netherlands,NLD,2022-01-27 10:00:00,2022-01-27 11:00:00,0.242
Netherlands,NLD,2022-01-27 11:00:00,2022-01-27 12:00:00,0.226
Netherlands,NLD,2022-01-27 12:00:00,2022-01-27 13:00:00,0.21
Netherlands,NLD,2022-01-27 13:00:00,2022-01-27 14:00:00,0.202
Netherlands,NLD,2022-01-27 14:00:00,2022-01-27 15:00:00,0.219
Netherlands,NLD,2022-01-27 15:00:00,2022-01-27 16:00:00,0.218
Netherlands,NLD,2022-01-27 16:00:00,2022-01-27 17:00:00,0.245
Netherlands,NLD,2022-01-27 17:00:00,2022-01-27 18:00:00,0.27124000000000004
Netherlands,NLD,2022-01-27 18:00:00,2022-01-27 19:00:00,0.22491
Netherlands,NLD,2022-01-27 19:00:00,2022-01-27 20:00:00,0.19472
Netherlands,NLD,2022-01-27 20:00:00,2022-01-27 21:00:00,0.1799
Netherlands,NLD,2022-01-27 21:00:00,2022-01-27 22:00:00,0.2099
Netherlands,NLD,2022-01-27 22:00:00,2022-01-27 23:00:00,0.18
Netherlands,NLD,2022-01-27 23:00:00,2022-01-28 00:00:00,0.18143
Netherlands,NLD,2022-01-28 00:00:00,2022-01-28 01:00:00,0.13
Netherlands,NLD,2022-01-28 01:00:00,2022-01-28 02:00:00,0.12718000000000002
Netherlands,NLD,2022-01-28 02:00:00,2022-01-28 03:00:00,0.18
Netherlands,NLD,2022-01-28 03:00:00,2022-01-28 04:00:00,0.15
Netherlands,NLD,2022-01-28 04:00:00,2022-01-28 05:00:00,0.18009999999999998
Netherlands,NLD,2022-01-28 05:00:00,2022-01-28 06:00:00,0.21919999999999998
Netherlands,NLD,2022-01-28 06:00:00,2022-01-28 07:00:00,0.21
Netherlands,NLD,2022-01-28 07:00:00,2022-01-28 08:00:00,0.298
Netherlands,NLD,2022-01-28 08:00:00,2022-01-28 09:00:00,0.3225
Netherlands,NLD,2022-01-28 09:00:00,2022-01-28 10:00:00,0.2985
Netherlands,NLD,2022-01-28 10:00:00,2022-01-28 11:00:00,0.2199
Netherlands,NLD,2022-01-28 11:00:00,2022-01-28 12:00:00,0.21037999999999998
Netherlands,NLD,2022-01-28 12:00:00,2022-01-28 13:00:00,0.2301
Netherlands,NLD,2022-01-28 13:00:00,2022-01-28 14:00:00,0.23367
Netherlands,NLD,2022-01-28 14:00:00,2022-01-28 15:00:00,0.23708
Netherlands,NLD,2022-01-28 15:00:00,2022-01-28 16:00:00,0.23792
Netherlands,NLD,2022-01-28 16:00:00,2022-01-28 17:00:00,0.26
Netherlands,NLD,2022-01-28 17:00:00,2022-01-28 18:00:00,0.24847
Netherlands,NLD,2022-01-28 18:00:00,2022-01-28 19:00:00,0.19663999999999998
Netherlands,NLD,2022-01-28 19:00:00,2022-01-28 20:00:00,0.21322
Netherlands,NLD,2022-01-28 20:00:00,2022-01-28 21:00:00,0.1778
Netherlands,NLD,2022-01-28 21:00:00,2022-01-28 22:00:00,0.1846
Netherlands,NLD,2022-01-28 22:00:00,2022-01-28 23:00:00,0.1449
Netherlands,NLD,2022-01-28 23:00:00,2022-01-29 00:00:00,0.18
Netherlands,NLD,2022-01-29 00:00:00,2022-01-29 01:00:00,0.12295
Netherlands,NLD,2022-01-29 01:00:00,2022-01-29 02:00:00,0.11312
Netherlands,NLD,2022-01-29 02:00:00,2022-01-29 03:00:00,0.077
Netherlands,NLD,2022-01-29 03:00:00,2022-01-29 04:00:00,0.02942
Netherlands,NLD,2022-01-29 04:00:00,2022-01-29 05:00:00,0.059840000000000004
Netherlands,NLD,2022-01-29 05:00:00,2022-01-29 06:00:00,0.07101
Netherlands,NLD,2022-01-29 06:00:00,2022-01-29 07:00:00,0.09598000000000001
Netherlands,NLD,2022-01-29 07:00:00,2022-01-29 08:00:00,0.2015
Netherlands,NLD,2022-01-29 08:00:00,2022-01-29 09:00:00,0.211
Netherlands,NLD,2022-01-29 09:00:00,2022-01-29 10:00:00,0.2014
Netherlands,NLD,2022-01-29 10:00:00,2022-01-29 11:00:00,0.2001
Netherlands,NLD,2022-01-29 11:00:00,2022-01-29 12:00:00,0.1799
Netherlands,NLD,2022-01-29 12:00:00,2022-01-29 13:00:00,0.12281
Netherlands,NLD,2022-01-29 13:00:00,2022-01-29 14:00:00,0.172
Netherlands,NLD,2022-01-29 14:00:00,2022-01-29 15:00:00,0.1832
Netherlands,NLD,2022-01-29 15:00:00,2022-01-29 16:00:00,0.1999
Netherlands,NLD,2022-01-29 16:00:00,2022-01-29 17:00:00,0.245
Netherlands,NLD,2022-01-29 17:00:00,2022-01-29 18:00:00,0.272
Netherlands,NLD,2022-01-29 18:00:00,2022-01-29 19:00:00,0.1899
Netherlands,NLD,2022-01-29 19:00:00,2022-01-29 20:00:00,0.234
Netherlands,NLD,2022-01-29 20:00:00,2022-01-29 21:00:00,0.219
Netherlands,NLD,2022-01-29 21:00:00,2022-01-29 22:00:00,0.1401
Netherlands,NLD,2022-01-29 22:00:00,2022-01-29 23:00:00,0.11339
Netherlands,NLD,2022-01-29 23:00:00,2022-01-30 00:00:00,0.0499
Netherlands,NLD,2022-01-30 00:00:00,2022-01-30 01:00:00,0.09995
Netherlands,NLD,2022-01-30 01:00:00,2022-01-30 02:00:00,0.09629
Netherlands,NLD,2022-01-30 02:00:00,2022-01-30 03:00:00,0.10490000000000001
Netherlands,NLD,2022-01-30 03:00:00,2022-01-30 04:00:00,0.0999
Netherlands,NLD,2022-01-30 04:00:00,2022-01-30 05:00:00,0.10976000000000001
Netherlands,NLD,2022-01-30 05:00:00,2022-01-30 06:00:00,0.11493
Netherlands,NLD,2022-01-30 06:00:00,2022-01-30 07:00:00,0.15
Netherlands,NLD,2022-01-30 07:00:00,2022-01-30 08:00:00,0.2012
Netherlands,NLD,2022-01-30 08:00:00,2022-01-30 09:00:00,0.224
Netherlands,NLD,2022-01-30 09:00:00,2022-01-30 10:00:00,0.1886
Netherlands,NLD,2022-01-30 10:00:00,2022-01-30 11:00:00,0.1465
Netherlands,NLD,2022-01-30 11:00:00,2022-01-30 12:00:00,0.16
Netherlands,NLD,2022-01-30 12:00:00,2022-01-30 13:00:00,0.1804
Netherlands,NLD,2022-01-30 13:00:00,2022-01-30 14:00:00,0.2012
Netherlands,NLD,2022-01-30 14:00:00,2022-01-30 15:00:00,0.20903
Netherlands,NLD,2022-01-30 15:00:00,2022-01-30 16:00:00,0.2169
Netherlands,NLD,2022-01-30 16:00:00,2022-01-30 17:00:00,0.3
Netherlands,NLD,2022-01-30 17:00:00,2022-01-30 18:00:00,0.297
Netherlands,NLD,2022-01-30 18:00:00,2022-01-30 19:00:00,0.18780000000000002
Netherlands,NLD,2022-01-30 19:00:00,2022-01-30 20:00:00,0.2012
Netherlands,NLD,2022-01-30 20:00:00,2022-01-30 21:00:00,0.2001
Netherlands,NLD,2022-01-30 21:00:00,2022-01-30 22:00:00,0.15746000000000002
Netherlands,NLD,2022-01-30 22:00:00,2022-01-30 23:00:00,0.14436000000000002
Netherlands,NLD,2022-01-30 23:00:00,2022-01-31 00:00:00,0.16003
Netherlands,NLD,2022-01-31 00:00:00,2022-01-31 01:00:00,0.11017
Netherlands,NLD,2022-01-31 01:00:00,2022-01-31 02:00:00,0.124
Netherlands,NLD,2022-01-31 02:00:00,2022-01-31 03:00:00,0.1
Netherlands,NLD,2022-01-31 03:00:00,2022-01-31 04:00:00,0.10013
Netherlands,NLD,2022-01-31 04:00:00,2022-01-31 05:00:00,0.1354
Netherlands,NLD,2022-01-31 05:00:00,2022-01-31 06:00:00,0.18009999999999998
Netherlands,NLD,2022-01-31 06:00:00,2022-01-31 07:00:00,0.24
Netherlands,NLD,2022-01-31 07:00:00,2022-01-31 08:00:00,0.24309999999999998
Netherlands,NLD,2022-01-31 08:00:00,2022-01-31 09:00:00,0.25192
Netherlands,NLD,2022-01-31 09:00:00,2022-01-31 10:00:00,0.24808000000000002
Netherlands,NLD,2022-01-31 10:00:00,2022-01-31 11:00:00,0.23758
Netherlands,NLD,2022-01-31 11:00:00,2022-01-31 12:00:00,0.23
Netherlands,NLD,2022-01-31 12:00:00,2022-01-31 13:00:00,0.20268
Netherlands,NLD,2022-01-31 13:00:00,2022-01-31 14:00:00,0.19561
Netherlands,NLD,2022-01-31 14:00:00,2022-01-31 15:00:00,0.19094999999999998
Netherlands,NLD,2022-01-31 15:00:00,2022-01-31 16:00:00,0.19291999999999998
Netherlands,NLD,2022-01-31 16:00:00,2022-01-31 17:00:00,0.24067
Netherlands,NLD,2022-01-31 17:00:00,2022-01-31 18:00:00,0.24784
Netherlands,NLD,2022-01-31 18:00:00,2022-01-31 19:00:00,0.21865
Netherlands,NLD,2022-01-31 19:00:00,2022-01-31 20:00:00,0.21907
Netherlands,NLD,2022-01-31 20:00:00,2022-01-31 21:00:00,0.2001
Netherlands,NLD,2022-01-31 21:00:00,2022-01-31 22:00:00,0.2001
Netherlands,NLD,2022-01-31 22:00:00,2022-01-31 23:00:00,0.2012
Netherlands,NLD,2022-01-31 23:00:00,2022-02-01 00:00:00,0.2251
Netherlands,NLD,2022-02-01 00:00:00,2022-02-01 01:00:00,0.2008
Netherlands,NLD,2022-02-01 01:00:00,2022-02-01 02:00:00,0.195
Netherlands,NLD,2022-02-01 02:00:00,2022-02-01 03:00:00,0.1799
Netherlands,NLD,2022-02-01 03:00:00,2022-02-01 04:00:00,0.1648
Netherlands,NLD,2022-02-01 04:00:00,2022-02-01 05:00:00,0.16219
Netherlands,NLD,2022-02-01 05:00:00,2022-02-01 06:00:00,0.201
Netherlands,NLD,2022-02-01 06:00:00,2022-02-01 07:00:00,0.238
Netherlands,NLD,2022-02-01 07:00:00,2022-02-01 08:00:00,0.24397
Netherlands,NLD,2022-02-01 08:00:00,2022-02-01 09:00:00,0.262
Netherlands,NLD,2022-02-01 09:00:00,2022-02-01 10:00:00,0.225
Netherlands,NLD,2022-02-01 10:00:00,2022-02-01 11:00:00,0.222
Netherlands,NLD,2022-02-01 11:00:00,2022-02-01 12:00:00,0.186
Netherlands,NLD,2022-02-01 12:00:00,2022-02-01 13:00:00,0.2
Netherlands,NLD,2022-02-01 13:00:00,2022-02-01 14:00:00,0.18
Netherlands,NLD,2022-02-01 14:00:00,2022-02-01 15:00:00,0.1764
Netherlands,NLD,2022-02-01 15:00:00,2022-02-01 16:00:00,0.18
Netherlands,NLD,2022-02-01 16:00:00,2022-02-01 17:00:00,0.1764
Netherlands,NLD,2022-02-01 17:00:00,2022-02-01 18:00:00,0.2
Netherlands,NLD,2022-02-01 18:00:00,2022-02-01 19:00:00,0.1899
Netherlands,NLD,2022-02-01 19:00:00,2022-02-01 20:00:00,0.18406999999999998
Netherlands,NLD,2022-02-01 20:00:00,2022-02-01 21:00:00,0.1499
Netherlands,NLD,2022-02-01 21:00:00,2022-02-01 22:00:00,0.137
Netherlands,NLD,2022-02-01 22:00:00,2022-02-01 23:00:00,0.12143999999999999
Netherlands,NLD,2022-02-01 23:00:00,2022-02-02 00:00:00,0.11603
Netherlands,NLD,2022-02-02 00:00:00,2022-02-02 01:00:00,0.11
Netherlands,NLD,2022-02-02 01:00:00,2022-02-02 02:00:00,0.09520999999999999
Netherlands,NLD,2022-02-02 02:00:00,2022-02-02 03:00:00,0.09753
Netherlands,NLD,2022-02-02 03:00:00,2022-02-02 04:00:00,0.10809
Netherlands,NLD,2022-02-02 04:00:00,2022-02-02 05:00:00,0.12106
Netherlands,NLD,2022-02-02 05:00:00,2022-02-02 06:00:00,0.1616
Netherlands,NLD,2022-02-02 06:00:00,2022-02-02 07:00:00,0.177
Netherlands,NLD,2022-02-02 07:00:00,2022-02-02 08:00:00,0.19674
Netherlands,NLD,2022-02-02 08:00:00,2022-02-02 09:00:00,0.18725999999999998
Netherlands,NLD,2022-02-02 09:00:00,2022-02-02 10:00:00,0.19
Netherlands,NLD,2022-02-02 10:00:00,2022-02-02 11:00:00,0.19994
Netherlands,NLD,2022-02-02 11:00:00,2022-02-02 12:00:00,0.17
Netherlands,NLD,2022-02-02 12:00:00,2022-02-02 13:00:00,0.18009999999999998
Netherlands,NLD,2022-02-02 13:00:00,2022-02-02 14:00:00,0.17313
Netherlands,NLD,2022-02-02 14:00:00,2022-02-02 15:00:00,0.19309
Netherlands,NLD,2022-02-02 15:00:00,2022-02-02 16:00:00,0.20153000000000001
Netherlands,NLD,2022-02-02 16:00:00,2022-02-02 17:00:00,0.23801
Netherlands,NLD,2022-02-02 17:00:00,2022-02-02 18:00:00,0.26689999999999997
Netherlands,NLD,2022-02-02 18:00:00,2022-02-02 19:00:00,0.265
Netherlands,NLD,2022-02-02 19:00:00,2022-02-02 20:00:00,0.237
Netherlands,NLD,2022-02-02 20:00:00,2022-02-02 21:00:00,0.1874
Netherlands,NLD,2022-02-02 21:00:00,2022-02-02 22:00:00,0.19475
Netherlands,NLD,2022-02-02 22:00:00,2022-02-02 23:00:00,0.18347999999999998
Netherlands,NLD,2022-02-02 23:00:00,2022-02-03 00:00:00,0.15566
Netherlands,NLD,2022-02-03 00:00:00,2022-02-03 01:00:00,0.1546
Netherlands,NLD,2022-02-03 01:00:00,2022-02-03 02:00:00,0.15469999999999998
Netherlands,NLD,2022-02-03 02:00:00,2022-02-03 03:00:00,0.1549
Netherlands,NLD,2022-02-03 03:00:00,2022-02-03 04:00:00,0.15881
Netherlands,NLD,2022-02-03 04:00:00,2022-02-03 05:00:00,0.15986
Netherlands,NLD,2022-02-03 05:00:00,2022-02-03 06:00:00,0.16490000000000002
Netherlands,NLD,2022-02-03 06:00:00,2022-02-03 07:00:00,0.1916
Netherlands,NLD,2022-02-03 07:00:00,2022-02-03 08:00:00,0.21500999999999998
Netherlands,NLD,2022-02-03 08:00:00,2022-02-03 09:00:00,0.21680000000000002
Netherlands,NLD,2022-02-03 09:00:00,2022-02-03 10:00:00,0.21325999999999998
Netherlands,NLD,2022-02-03 10:00:00,2022-02-03 11:00:00,0.209
Netherlands,NLD,2022-02-03 11:00:00,2022-02-03 12:00:00,0.191
Netherlands,NLD,2022-02-03 12:00:00,2022-02-03 13:00:00,0.18899000000000002
Netherlands,NLD,2022-02-03 13:00:00,2022-02-03 14:00:00,0.19490000000000002
Netherlands,NLD,2022-02-03 14:00:00,2022-02-03 15:00:00,0.17061
Netherlands,NLD,2022-02-03 15:00:00,2022-02-03 16:00:00,0.18009999999999998
Netherlands,NLD,2022-02-03 16:00:00,2022-02-03 17:00:00,0.22415000000000002
Netherlands,NLD,2022-02-03 17:00:00,2022-02-03 18:00:00,0.23641
Netherlands,NLD,2022-02-03 18:00:00,2022-02-03 19:00:00,0.17921
Netherlands,NLD,2022-02-03 19:00:00,2022-02-03 20:00:00,0.17923
Netherlands,NLD,2022-02-03 20:00:00,2022-02-03 21:00:00,0.17959999999999998
Netherlands,NLD,2022-02-03 21:00:00,2022-02-03 22:00:00,0.18681
Netherlands,NLD,2022-02-03 22:00:00,2022-02-03 23:00:00,0.1499
Netherlands,NLD,2022-02-03 23:00:00,2022-02-04 00:00:00,0.17959999999999998
Netherlands,NLD,2022-02-04 00:00:00,2022-02-04 01:00:00,0.1277
Netherlands,NLD,2022-02-04 01:00:00,2022-02-04 02:00:00,0.12624
Netherlands,NLD,2022-02-04 02:00:00,2022-02-04 03:00:00,0.13044
Netherlands,NLD,2022-02-04 03:00:00,2022-02-04 04:00:00,0.12582
Netherlands,NLD,2022-02-04 04:00:00,2022-02-04 05:00:00,0.12193999999999999
Netherlands,NLD,2022-02-04 05:00:00,2022-02-04 06:00:00,0.15112
Netherlands,NLD,2022-02-04 06:00:00,2022-02-04 07:00:00,0.192
Netherlands,NLD,2022-02-04 07:00:00,2022-02-04 08:00:00,0.21905000000000002
Netherlands,NLD,2022-02-04 08:00:00,2022-02-04 09:00:00,0.23195
Netherlands,NLD,2022-02-04 09:00:00,2022-02-04 10:00:00,0.21
Netherlands,NLD,2022-02-04 10:00:00,2022-02-04 11:00:00,0.2161
Netherlands,NLD,2022-02-04 11:00:00,2022-02-04 12:00:00,0.2
Netherlands,NLD,2022-02-04 12:00:00,2022-02-04 13:00:00,0.19118000000000002
Netherlands,NLD,2022-02-04 13:00:00,2022-02-04 14:00:00,0.17593
Netherlands,NLD,2022-02-04 14:00:00,2022-02-04 15:00:00,0.176
Netherlands,NLD,2022-02-04 15:00:00,2022-02-04 16:00:00,0.1749
Netherlands,NLD,2022-02-04 16:00:00,2022-02-04 17:00:00,0.19631
Netherlands,NLD,2022-02-04 17:00:00,2022-02-04 18:00:00,0.247
Netherlands,NLD,2022-02-04 18:00:00,2022-02-04 19:00:00,0.1809
Netherlands,NLD,2022-02-04 19:00:00,2022-02-04 20:00:00,0.17959999999999998
Netherlands,NLD,2022-02-04 20:00:00,2022-02-04 21:00:00,0.17493999999999998
Netherlands,NLD,2022-02-04 21:00:00,2022-02-04 22:00:00,0.14894
Netherlands,NLD,2022-02-04 22:00:00,2022-02-04 23:00:00,0.11703
Netherlands,NLD,2022-02-04 23:00:00,2022-02-05 00:00:00,0.11713
Netherlands,NLD,2022-02-05 00:00:00,2022-02-05 01:00:00,0.10786
Netherlands,NLD,2022-02-05 01:00:00,2022-02-05 02:00:00,0.10640999999999999
Netherlands,NLD,2022-02-05 02:00:00,2022-02-05 03:00:00,0.10622
Netherlands,NLD,2022-02-05 03:00:00,2022-02-05 04:00:00,0.11465
Netherlands,NLD,2022-02-05 04:00:00,2022-02-05 05:00:00,0.11654
Netherlands,NLD,2022-02-05 05:00:00,2022-02-05 06:00:00,0.12074
Netherlands,NLD,2022-02-05 06:00:00,2022-02-05 07:00:00,0.19996
Netherlands,NLD,2022-02-05 07:00:00,2022-02-05 08:00:00,0.21130000000000002
Netherlands,NLD,2022-02-05 08:00:00,2022-02-05 09:00:00,0.22
Netherlands,NLD,2022-02-05 09:00:00,2022-02-05 10:00:00,0.1499
Netherlands,NLD,2022-02-05 10:00:00,2022-02-05 11:00:00,0.12
Netherlands,NLD,2022-02-05 11:00:00,2022-02-05 12:00:00,0.10990000000000001
Netherlands,NLD,2022-02-05 12:00:00,2022-02-05 13:00:00,0.07490000000000001
Netherlands,NLD,2022-02-05 13:00:00,2022-02-05 14:00:00,0.08009999999999999
Netherlands,NLD,2022-02-05 14:00:00,2022-02-05 15:00:00,0.1
Netherlands,NLD,2022-02-05 15:00:00,2022-02-05 16:00:00,0.1356
Netherlands,NLD,2022-02-05 16:00:00,2022-02-05 17:00:00,0.167
Netherlands,NLD,2022-02-05 17:00:00,2022-02-05 18:00:00,0.179
Netherlands,NLD,2022-02-05 18:00:00,2022-02-05 19:00:00,0.1499
Netherlands,NLD,2022-02-05 19:00:00,2022-02-05 20:00:00,0.1199
Netherlands,NLD,2022-02-05 20:00:00,2022-02-05 21:00:00,0.11
Netherlands,NLD,2022-02-05 21:00:00,2022-02-05 22:00:00,0.10839
Netherlands,NLD,2022-02-05 22:00:00,2022-02-05 23:00:00,0.10502
Netherlands,NLD,2022-02-05 23:00:00,2022-02-06 00:00:00,0.10796
Netherlands,NLD,2022-02-06 00:00:00,2022-02-06 01:00:00,0.10447
Netherlands,NLD,2022-02-06 01:00:00,2022-02-06 02:00:00,0.07
Netherlands,NLD,2022-02-06 02:00:00,2022-02-06 03:00:00,0.012
Netherlands,NLD,2022-02-06 03:00:00,2022-02-06 04:00:00,0.02166
Netherlands,NLD,2022-02-06 04:00:00,2022-02-06 05:00:00,0.00745
Netherlands,NLD,2022-02-06 05:00:00,2022-02-06 06:00:00,0.036
Netherlands,NLD,2022-02-06 06:00:00,2022-02-06 07:00:00,0.068
Netherlands,NLD,2022-02-06 07:00:00,2022-02-06 08:00:00,0.10409
Netherlands,NLD,2022-02-06 08:00:00,2022-02-06 09:00:00,0.1199
Netherlands,NLD,2022-02-06 09:00:00,2022-02-06 10:00:00,0.13
Netherlands,NLD,2022-02-06 10:00:00,2022-02-06 11:00:00,0.19
Netherlands,NLD,2022-02-06 11:00:00,2022-02-06 12:00:00,0.198
Netherlands,NLD,2022-02-06 12:00:00,2022-02-06 13:00:00,0.184
Netherlands,NLD,2022-02-06 13:00:00,2022-02-06 14:00:00,0.1499
Netherlands,NLD,2022-02-06 14:00:00,2022-02-06 15:00:00,0.14898
Netherlands,NLD,2022-02-06 15:00:00,2022-02-06 16:00:00,0.12990000000000002
Netherlands,NLD,2022-02-06 16:00:00,2022-02-06 17:00:00,0.191
Netherlands,NLD,2022-02-06 17:00:00,2022-02-06 18:00:00,0.24311000000000002
Netherlands,NLD,2022-02-06 18:00:00,2022-02-06 19:00:00,0.19000999999999998
Netherlands,NLD,2022-02-06 19:00:00,2022-02-06 20:00:00,0.1499
Netherlands,NLD,2022-02-06 20:00:00,2022-02-06 21:00:00,0.12139
Netherlands,NLD,2022-02-06 21:00:00,2022-02-06 22:00:00,0.1199
Netherlands,NLD,2022-02-06 22:00:00,2022-02-06 23:00:00,0.10890000000000001
Netherlands,NLD,2022-02-06 23:00:00,2022-02-07 00:00:00,0.10812000000000001
Netherlands,NLD,2022-02-07 00:00:00,2022-02-07 01:00:00,0.058
Netherlands,NLD,2022-02-07 01:00:00,2022-02-07 02:00:00,0.01427
Netherlands,NLD,2022-02-07 02:00:00,2022-02-07 03:00:00,0.01008
Netherlands,NLD,2022-02-07 03:00:00,2022-02-07 04:00:00,0.013800000000000002
Netherlands,NLD,2022-02-07 04:00:00,2022-02-07 05:00:00,0.1001
Netherlands,NLD,2022-02-07 05:00:00,2022-02-07 06:00:00,0.13319999999999999
Netherlands,NLD,2022-02-07 06:00:00,2022-02-07 07:00:00,0.2299
Netherlands,NLD,2022-02-07 07:00:00,2022-02-07 08:00:00,0.272
Netherlands,NLD,2022-02-07 08:00:00,2022-02-07 09:00:00,0.24096
Netherlands,NLD,2022-02-07 09:00:00,2022-02-07 10:00:00,0.1799
Netherlands,NLD,2022-02-07 10:00:00,2022-02-07 11:00:00,0.14997
Netherlands,NLD,2022-02-07 11:00:00,2022-02-07 12:00:00,0.12148
Netherlands,NLD,2022-02-07 12:00:00,2022-02-07 13:00:00,0.12990000000000002
Netherlands,NLD,2022-02-07 13:00:00,2022-02-07 14:00:00,0.15505000000000002
Netherlands,NLD,2022-02-07 14:00:00,2022-02-07 15:00:00,0.204
Netherlands,NLD,2022-02-07 15:00:00,2022-02-07 16:00:00,0.199
Netherlands,NLD,2022-02-07 16:00:00,2022-02-07 17:00:00,0.2291
Netherlands,NLD,2022-02-07 17:00:00,2022-02-07 18:00:00,0.2544
Netherlands,NLD,2022-02-07 18:00:00,2022-02-07 19:00:00,0.2
Netherlands,NLD,2022-02-07 19:00:00,2022-02-07 20:00:00,0.2099
Netherlands,NLD,2022-02-07 20:00:00,2022-02-07 21:00:00,0.21380000000000002
Netherlands,NLD,2022-02-07 21:00:00,2022-02-07 22:00:00,0.18009999999999998
Netherlands,NLD,2022-02-07 22:00:00,2022-02-07 23:00:00,0.1192
Netherlands,NLD,2022-02-07 23:00:00,2022-02-08 00:00:00,0.12179999999999999
Netherlands,NLD,2022-02-08 00:00:00,2022-02-08 01:00:00,0.11751
Netherlands,NLD,2022-02-08 01:00:00,2022-02-08 02:00:00,0.10786
Netherlands,NLD,2022-02-08 02:00:00,2022-02-08 03:00:00,0.11191
Netherlands,NLD,2022-02-08 03:00:00,2022-02-08 04:00:00,0.10402
Netherlands,NLD,2022-02-08 04:00:00,2022-02-08 05:00:00,0.10991
Netherlands,NLD,2022-02-08 05:00:00,2022-02-08 06:00:00,0.1802
Netherlands,NLD,2022-02-08 06:00:00,2022-02-08 07:00:00,0.18031999999999998
Netherlands,NLD,2022-02-08 07:00:00,2022-02-08 08:00:00,0.21900999999999998
Netherlands,NLD,2022-02-08 08:00:00,2022-02-08 09:00:00,0.222
Netherlands,NLD,2022-02-08 09:00:00,2022-02-08 10:00:00,0.19097
Netherlands,NLD,2022-02-08 10:00:00,2022-02-08 11:00:00,0.16336
Netherlands,NLD,2022-02-08 11:00:00,2022-02-08 12:00:00,0.146
Netherlands,NLD,2022-02-08 12:00:00,2022-02-08 13:00:00,0.15481
Netherlands,NLD,2022-02-08 13:00:00,2022-02-08 14:00:00,0.17373
Netherlands,NLD,2022-02-08 14:00:00,2022-02-08 15:00:00,0.2
Netherlands,NLD,2022-02-08 15:00:00,2022-02-08 16:00:00,0.19463
Netherlands,NLD,2022-02-08 16:00:00,2022-02-08 17:00:00,0.2205
Netherlands,NLD,2022-02-08 17:00:00,2022-02-08 18:00:00,0.24505000000000002
Netherlands,NLD,2022-02-08 18:00:00,2022-02-08 19:00:00,0.21909
Netherlands,NLD,2022-02-08 19:00:00,2022-02-08 20:00:00,0.1749
Netherlands,NLD,2022-02-08 20:00:00,2022-02-08 21:00:00,0.17243
Netherlands,NLD,2022-02-08 21:00:00,2022-02-08 22:00:00,0.1705
Netherlands,NLD,2022-02-08 22:00:00,2022-02-08 23:00:00,0.12653
Netherlands,NLD,2022-02-08 23:00:00,2022-02-09 00:00:00,0.12046
Netherlands,NLD,2022-02-09 00:00:00,2022-02-09 01:00:00,0.11288
Netherlands,NLD,2022-02-09 01:00:00,2022-02-09 02:00:00,0.119
Netherlands,NLD,2022-02-09 02:00:00,2022-02-09 03:00:00,0.10890999999999999
Netherlands,NLD,2022-02-09 03:00:00,2022-02-09 04:00:00,0.11152
Netherlands,NLD,2022-02-09 04:00:00,2022-02-09 05:00:00,0.11898
Netherlands,NLD,2022-02-09 05:00:00,2022-02-09 06:00:00,0.13018000000000002
Netherlands,NLD,2022-02-09 06:00:00,2022-02-09 07:00:00,0.199
Netherlands,NLD,2022-02-09 07:00:00,2022-02-09 08:00:00,0.18830000000000002
Netherlands,NLD,2022-02-09 08:00:00,2022-02-09 09:00:00,0.2
Netherlands,NLD,2022-02-09 09:00:00,2022-02-09 10:00:00,0.1799
Netherlands,NLD,2022-02-09 10:00:00,2022-02-09 11:00:00,0.18009999999999998
Netherlands,NLD,2022-02-09 11:00:00,2022-02-09 12:00:00,0.17436000000000001
Netherlands,NLD,2022-02-09 12:00:00,2022-02-09 13:00:00,0.18004
Netherlands,NLD,2022-02-09 13:00:00,2022-02-09 14:00:00,0.18209999999999998
Netherlands,NLD,2022-02-09 14:00:00,2022-02-09 15:00:00,0.18009999999999998
Netherlands,NLD,2022-02-09 15:00:00,2022-02-09 16:00:00,0.18994999999999998
Netherlands,NLD,2022-02-09 16:00:00,2022-02-09 17:00:00,0.219
Netherlands,NLD,2022-02-09 17:00:00,2022-02-09 18:00:00,0.24912
Netherlands,NLD,2022-02-09 18:00:00,2022-02-09 19:00:00,0.25727999999999995
Netherlands,NLD,2022-02-09 19:00:00,2022-02-09 20:00:00,0.21905000000000002
Netherlands,NLD,2022-02-09 20:00:00,2022-02-09 21:00:00,0.20699
Netherlands,NLD,2022-02-09 21:00:00,2022-02-09 22:00:00,0.2067
Netherlands,NLD,2022-02-09 22:00:00,2022-02-09 23:00:00,0.18586000000000003
Netherlands,NLD,2022-02-09 23:00:00,2022-02-10 00:00:00,0.1999
Netherlands,NLD,2022-02-10 00:00:00,2022-02-10 01:00:00,0.19261
Netherlands,NLD,2022-02-10 01:00:00,2022-02-10 02:00:00,0.1851
Netherlands,NLD,2022-02-10 02:00:00,2022-02-10 03:00:00,0.17223
Netherlands,NLD,2022-02-10 03:00:00,2022-02-10 04:00:00,0.17291
Netherlands,NLD,2022-02-10 04:00:00,2022-02-10 05:00:00,0.17488
Netherlands,NLD,2022-02-10 05:00:00,2022-02-10 06:00:00,0.18430000000000002
Netherlands,NLD,2022-02-10 06:00:00,2022-02-10 07:00:00,0.23346
Netherlands,NLD,2022-02-10 07:00:00,2022-02-10 08:00:00,0.24032
Netherlands,NLD,2022-02-10 08:00:00,2022-02-10 09:00:00,0.21908000000000002
Netherlands,NLD,2022-02-10 09:00:00,2022-02-10 10:00:00,0.18009999999999998
Netherlands,NLD,2022-02-10 10:00:00,2022-02-10 11:00:00,0.205
Netherlands,NLD,2022-02-10 11:00:00,2022-02-10 12:00:00,0.195
Netherlands,NLD,2022-02-10 12:00:00,2022-02-10 13:00:00,0.165
Netherlands,NLD,2022-02-10 13:00:00,2022-02-10 14:00:00,0.17484
Netherlands,NLD,2022-02-10 14:00:00,2022-02-10 15:00:00,0.18455000000000002
Netherlands,NLD,2022-02-10 15:00:00,2022-02-10 16:00:00,0.19598
Netherlands,NLD,2022-02-10 16:00:00,2022-02-10 17:00:00,0.21577000000000002
Netherlands,NLD,2022-02-10 17:00:00,2022-02-10 18:00:00,0.21906
Netherlands,NLD,2022-02-10 18:00:00,2022-02-10 19:00:00,0.17038
Netherlands,NLD,2022-02-10 19:00:00,2022-02-10 20:00:00,0.1699
Netherlands,NLD,2022-02-10 20:00:00,2022-02-10 21:00:00,0.183
Netherlands,NLD,2022-02-10 21:00:00,2022-02-10 22:00:00,0.1601
Netherlands,NLD,2022-02-10 22:00:00,2022-02-10 23:00:00,0.13190000000000002
Netherlands,NLD,2022-02-10 23:00:00,2022-02-11 00:00:00,0.17328
Netherlands,NLD,2022-02-11 00:00:00,2022-02-11 01:00:00,0.17584
Netherlands,NLD,2022-02-11 01:00:00,2022-02-11 02:00:00,0.16854
Netherlands,NLD,2022-02-11 02:00:00,2022-02-11 03:00:00,0.16394
Netherlands,NLD,2022-02-11 03:00:00,2022-02-11 04:00:00,0.165
Netherlands,NLD,2022-02-11 04:00:00,2022-02-11 05:00:00,0.1713
Netherlands,NLD,2022-02-11 05:00:00,2022-02-11 06:00:00,0.19695
Netherlands,NLD,2022-02-11 06:00:00,2022-02-11 07:00:00,0.22069999999999998
Netherlands,NLD,2022-02-11 07:00:00,2022-02-11 08:00:00,0.21861000000000003
Netherlands,NLD,2022-02-11 08:00:00,2022-02-11 09:00:00,0.17012
Netherlands,NLD,2022-02-11 09:00:00,2022-02-11 10:00:00,0.13773
Netherlands,NLD,2022-02-11 10:00:00,2022-02-11 11:00:00,0.12209
Netherlands,NLD,2022-02-11 11:00:00,2022-02-11 12:00:00,0.12406
Netherlands,NLD,2022-02-11 12:00:00,2022-02-11 13:00:00,0.12490000000000001
Netherlands,NLD,2022-02-11 13:00:00,2022-02-11 14:00:00,0.134
Netherlands,NLD,2022-02-11 14:00:00,2022-02-11 15:00:00,0.1676
Netherlands,NLD,2022-02-11 15:00:00,2022-02-11 16:00:00,0.19191999999999998
Netherlands,NLD,2022-02-11 16:00:00,2022-02-11 17:00:00,0.22057
Netherlands,NLD,2022-02-11 17:00:00,2022-02-11 18:00:00,0.24334999999999998
Netherlands,NLD,2022-02-11 18:00:00,2022-02-11 19:00:00,0.24118
Netherlands,NLD,2022-02-11 19:00:00,2022-02-11 20:00:00,0.22131
Netherlands,NLD,2022-02-11 20:00:00,2022-02-11 21:00:00,0.21280000000000002
Netherlands,NLD,2022-02-11 21:00:00,2022-02-11 22:00:00,0.20544
Netherlands,NLD,2022-02-11 22:00:00,2022-02-11 23:00:00,0.18915
Netherlands,NLD,2022-02-11 23:00:00,2022-02-12 00:00:00,0.19591
Netherlands,NLD,2022-02-12 00:00:00,2022-02-12 01:00:00,0.18719999999999998
Netherlands,NLD,2022-02-12 01:00:00,2022-02-12 02:00:00,0.18489
Netherlands,NLD,2022-02-12 02:00:00,2022-02-12 03:00:00,0.17024
Netherlands,NLD,2022-02-12 03:00:00,2022-02-12 04:00:00,0.166
Netherlands,NLD,2022-02-12 04:00:00,2022-02-12 05:00:00,0.15819999999999998
Netherlands,NLD,2022-02-12 05:00:00,2022-02-12 06:00:00,0.1611
Netherlands,NLD,2022-02-12 06:00:00,2022-02-12 07:00:00,0.15
Netherlands,NLD,2022-02-12 07:00:00,2022-02-12 08:00:00,0.19119999999999998
Netherlands,NLD,2022-02-12 08:00:00,2022-02-12 09:00:00,0.2119
Netherlands,NLD,2022-02-12 09:00:00,2022-02-12 10:00:00,0.11588
Netherlands,NLD,2022-02-12 10:00:00,2022-02-12 11:00:00,0.10615999999999999
Netherlands,NLD,2022-02-12 11:00:00,2022-02-12 12:00:00,0.11228
Netherlands,NLD,2022-02-12 12:00:00,2022-02-12 13:00:00,0.10756
Netherlands,NLD,2022-02-12 13:00:00,2022-02-12 14:00:00,0.09577
Netherlands,NLD,2022-02-12 14:00:00,2022-02-12 15:00:00,0.16
Netherlands,NLD,2022-02-12 15:00:00,2022-02-12 16:00:00,0.17156
Netherlands,NLD,2022-02-12 16:00:00,2022-02-12 17:00:00,0.19488999999999998
Netherlands,NLD,2022-02-12 17:00:00,2022-02-12 18:00:00,0.222
Netherlands,NLD,2022-02-12 18:00:00,2022-02-12 19:00:00,0.19997
Netherlands,NLD,2022-02-12 19:00:00,2022-02-12 20:00:00,0.218
Netherlands,NLD,2022-02-12 20:00:00,2022-02-12 21:00:00,0.16
Netherlands,NLD,2022-02-12 21:00:00,2022-02-12 22:00:00,0.1575
Netherlands,NLD,2022-02-12 22:00:00,2022-02-12 23:00:00,0.14
Netherlands,NLD,2022-02-12 23:00:00,2022-02-13 00:00:00,0.18
Netherlands,NLD,2022-02-13 00:00:00,2022-02-13 01:00:00,0.17
Netherlands,NLD,2022-02-13 01:00:00,2022-02-13 02:00:00,0.148
Netherlands,NLD,2022-02-13 02:00:00,2022-02-13 03:00:00,0.148
Netherlands,NLD,2022-02-13 03:00:00,2022-02-13 04:00:00,0.16241999999999998
Netherlands,NLD,2022-02-13 04:00:00,2022-02-13 05:00:00,0.1492
Netherlands,NLD,2022-02-13 05:00:00,2022-02-13 06:00:00,0.16888
Netherlands,NLD,2022-02-13 06:00:00,2022-02-13 07:00:00,0.14792
Netherlands,NLD,2022-02-13 07:00:00,2022-02-13 08:00:00,0.1499
Netherlands,NLD,2022-02-13 08:00:00,2022-02-13 09:00:00,0.134
Netherlands,NLD,2022-02-13 09:00:00,2022-02-13 10:00:00,0.1
Netherlands,NLD,2022-02-13 10:00:00,2022-02-13 11:00:00,0.08990000000000001
Netherlands,NLD,2022-02-13 11:00:00,2022-02-13 12:00:00,0.09592
Netherlands,NLD,2022-02-13 12:00:00,2022-02-13 13:00:00,0.0455
Netherlands,NLD,2022-02-13 13:00:00,2022-02-13 14:00:00,0.066
Netherlands,NLD,2022-02-13 14:00:00,2022-02-13 15:00:00,0.08178
Netherlands,NLD,2022-02-13 15:00:00,2022-02-13 16:00:00,0.10473
Netherlands,NLD,2022-02-13 16:00:00,2022-02-13 17:00:00,0.125
Netherlands,NLD,2022-02-13 17:00:00,2022-02-13 18:00:00,0.2036
Netherlands,NLD,2022-02-13 18:00:00,2022-02-13 19:00:00,0.236
Netherlands,NLD,2022-02-13 19:00:00,2022-02-13 20:00:00,0.17921
Netherlands,NLD,2022-02-13 20:00:00,2022-02-13 21:00:00,0.16
Netherlands,NLD,2022-02-13 21:00:00,2022-02-13 22:00:00,0.1331
Netherlands,NLD,2022-02-13 22:00:00,2022-02-13 23:00:00,0.10990000000000001
Netherlands,NLD,2022-02-13 23:00:00,2022-02-14 00:00:00,0.18
Netherlands,NLD,2022-02-14 00:00:00,2022-02-14 01:00:00,0.1499
Netherlands,NLD,2022-02-14 01:00:00,2022-02-14 02:00:00,0.11899
Netherlands,NLD,2022-02-14 02:00:00,2022-02-14 03:00:00,0.11
Netherlands,NLD,2022-02-14 03:00:00,2022-02-14 04:00:00,0.10895
Netherlands,NLD,2022-02-14 04:00:00,2022-02-14 05:00:00,0.11176
Netherlands,NLD,2022-02-14 05:00:00,2022-02-14 06:00:00,0.1601
Netherlands,NLD,2022-02-14 06:00:00,2022-02-14 07:00:00,0.198
Netherlands,NLD,2022-02-14 07:00:00,2022-02-14 08:00:00,0.18009999999999998
Netherlands,NLD,2022-02-14 08:00:00,2022-02-14 09:00:00,0.238
Netherlands,NLD,2022-02-14 09:00:00,2022-02-14 10:00:00,0.23
Netherlands,NLD,2022-02-14 10:00:00,2022-02-14 11:00:00,0.226
Netherlands,NLD,2022-02-14 11:00:00,2022-02-14 12:00:00,0.204
Netherlands,NLD,2022-02-14 12:00:00,2022-02-14 13:00:00,0.17
Netherlands,NLD,2022-02-14 13:00:00,2022-02-14 14:00:00,0.124
Netherlands,NLD,2022-02-14 14:00:00,2022-02-14 15:00:00,0.16
Netherlands,NLD,2022-02-14 15:00:00,2022-02-14 16:00:00,0.1726
Netherlands,NLD,2022-02-14 16:00:00,2022-02-14 17:00:00,0.20345
Netherlands,NLD,2022-02-14 17:00:00,2022-02-14 18:00:00,0.24179
Netherlands,NLD,2022-02-14 18:00:00,2022-02-14 19:00:00,0.21430000000000002
Netherlands,NLD,2022-02-14 19:00:00,2022-02-14 20:00:00,0.1699
Netherlands,NLD,2022-02-14 20:00:00,2022-02-14 21:00:00,0.18009999999999998
Netherlands,NLD,2022-02-14 21:00:00,2022-02-14 22:00:00,0.182
Netherlands,NLD,2022-02-14 22:00:00,2022-02-14 23:00:00,0.18428
Netherlands,NLD,2022-02-14 23:00:00,2022-02-15 00:00:00,0.15997999999999998
Netherlands,NLD,2022-02-15 00:00:00,2022-02-15 01:00:00,0.1718
Netherlands,NLD,2022-02-15 01:00:00,2022-02-15 02:00:00,0.172
Netherlands,NLD,2022-02-15 02:00:00,2022-02-15 03:00:00,0.178
Netherlands,NLD,2022-02-15 03:00:00,2022-02-15 04:00:00,0.1906
Netherlands,NLD,2022-02-15 04:00:00,2022-02-15 05:00:00,0.192
Netherlands,NLD,2022-02-15 05:00:00,2022-02-15 06:00:00,0.2042
Netherlands,NLD,2022-02-15 06:00:00,2022-02-15 07:00:00,0.23406
Netherlands,NLD,2022-02-15 07:00:00,2022-02-15 08:00:00,0.25006
Netherlands,NLD,2022-02-15 08:00:00,2022-02-15 09:00:00,0.24
Netherlands,NLD,2022-02-15 09:00:00,2022-02-15 10:00:00,0.22043000000000001
Netherlands,NLD,2022-02-15 10:00:00,2022-02-15 11:00:00,0.19774
Netherlands,NLD,2022-02-15 11:00:00,2022-02-15 12:00:00,0.18278
Netherlands,NLD,2022-02-15 12:00:00,2022-02-15 13:00:00,0.16228
Netherlands,NLD,2022-02-15 13:00:00,2022-02-15 14:00:00,0.17865999999999999
Netherlands,NLD,2022-02-15 14:00:00,2022-02-15 15:00:00,0.17299
Netherlands,NLD,2022-02-15 15:00:00,2022-02-15 16:00:00,0.18869999999999998
Netherlands,NLD,2022-02-15 16:00:00,2022-02-15 17:00:00,0.182
Netherlands,NLD,2022-02-15 17:00:00,2022-02-15 18:00:00,0.21903999999999998
Netherlands,NLD,2022-02-15 18:00:00,2022-02-15 19:00:00,0.27702
Netherlands,NLD,2022-02-15 19:00:00,2022-02-15 20:00:00,0.25880000000000003
Netherlands,NLD,2022-02-15 20:00:00,2022-02-15 21:00:00,0.19597
Netherlands,NLD,2022-02-15 21:00:00,2022-02-15 22:00:00,0.221
Netherlands,NLD,2022-02-15 22:00:00,2022-02-15 23:00:00,0.2002
Netherlands,NLD,2022-02-15 23:00:00,2022-02-16 00:00:00,0.19184
Netherlands,NLD,2022-02-16 00:00:00,2022-02-16 01:00:00,0.206
Netherlands,NLD,2022-02-16 01:00:00,2022-02-16 02:00:00,0.188
Netherlands,NLD,2022-02-16 02:00:00,2022-02-16 03:00:00,0.12940000000000002
Netherlands,NLD,2022-02-16 03:00:00,2022-02-16 04:00:00,0.10387
Netherlands,NLD,2022-02-16 04:00:00,2022-02-16 05:00:00,0.11067
Netherlands,NLD,2022-02-16 05:00:00,2022-02-16 06:00:00,0.13293000000000002
Netherlands,NLD,2022-02-16 06:00:00,2022-02-16 07:00:00,0.1827
Netherlands,NLD,2022-02-16 07:00:00,2022-02-16 08:00:00,0.19390000000000002
Netherlands,NLD,2022-02-16 08:00:00,2022-02-16 09:00:00,0.17486000000000002
Netherlands,NLD,2022-02-16 09:00:00,2022-02-16 10:00:00,0.15
Netherlands,NLD,2022-02-16 10:00:00,2022-02-16 11:00:00,0.15819999999999998
Netherlands,NLD,2022-02-16 11:00:00,2022-02-16 12:00:00,0.15509
Netherlands,NLD,2022-02-16 12:00:00,2022-02-16 13:00:00,0.15819999999999998
Netherlands,NLD,2022-02-16 13:00:00,2022-02-16 14:00:00,0.15809
Netherlands,NLD,2022-02-16 14:00:00,2022-02-16 15:00:00,0.16327
Netherlands,NLD,2022-02-16 15:00:00,2022-02-16 16:00:00,0.1605
Netherlands,NLD,2022-02-16 16:00:00,2022-02-16 17:00:00,0.1774
Netherlands,NLD,2022-02-16 17:00:00,2022-02-16 18:00:00,0.20793999999999999
Netherlands,NLD,2022-02-16 18:00:00,2022-02-16 19:00:00,0.21276
Netherlands,NLD,2022-02-16 19:00:00,2022-02-16 20:00:00,0.1799
Netherlands,NLD,2022-02-16 20:00:00,2022-02-16 21:00:00,0.15803
Netherlands,NLD,2022-02-16 21:00:00,2022-02-16 22:00:00,0.1539
Netherlands,NLD,2022-02-16 22:00:00,2022-02-16 23:00:00,0.1235
Netherlands,NLD,2022-02-16 23:00:00,2022-02-17 00:00:00,0.08990000000000001
Netherlands,NLD,2022-02-17 00:00:00,2022-02-17 01:00:00,0.0689
Netherlands,NLD,2022-02-17 01:00:00,2022-02-17 02:00:00,0.051
Netherlands,NLD,2022-02-17 02:00:00,2022-02-17 03:00:00,0.015210000000000001
Netherlands,NLD,2022-02-17 03:00:00,2022-02-17 04:00:00,0.01504
Netherlands,NLD,2022-02-17 04:00:00,2022-02-17 05:00:00,0.03302
Netherlands,NLD,2022-02-17 05:00:00,2022-02-17 06:00:00,0.09093000000000001
Netherlands,NLD,2022-02-17 06:00:00,2022-02-17 07:00:00,0.14401
Netherlands,NLD,2022-02-17 07:00:00,2022-02-17 08:00:00,0.2137
Netherlands,NLD,2022-02-17 08:00:00,2022-02-17 09:00:00,0.17343
Netherlands,NLD,2022-02-17 09:00:00,2022-02-17 10:00:00,0.09506
Netherlands,NLD,2022-02-17 10:00:00,2022-02-17 11:00:00,0.1019
Netherlands,NLD,2022-02-17 11:00:00,2022-02-17 12:00:00,0.07311
Netherlands,NLD,2022-02-17 12:00:00,2022-02-17 13:00:00,0.02793
Netherlands,NLD,2022-02-17 13:00:00,2022-02-17 14:00:00,0.04268
Netherlands,NLD,2022-02-17 14:00:00,2022-02-17 15:00:00,0.084
Netherlands,NLD,2022-02-17 15:00:00,2022-02-17 16:00:00,0.14179
Netherlands,NLD,2022-02-17 16:00:00,2022-02-17 17:00:00,0.162
Netherlands,NLD,2022-02-17 17:00:00,2022-02-17 18:00:00,0.223
Netherlands,NLD,2022-02-17 18:00:00,2022-02-17 19:00:00,0.199
Netherlands,NLD,2022-02-17 19:00:00,2022-02-17 20:00:00,0.1701
Netherlands,NLD,2022-02-17 20:00:00,2022-02-17 21:00:00,0.16504
Netherlands,NLD,2022-02-17 21:00:00,2022-02-17 22:00:00,0.14962999999999999
Netherlands,NLD,2022-02-17 22:00:00,2022-02-17 23:00:00,0.16685
Netherlands,NLD,2022-02-17 23:00:00,2022-02-18 00:00:00,0.18009999999999998
Netherlands,NLD,2022-02-18 00:00:00,2022-02-18 01:00:00,0.19994
Netherlands,NLD,2022-02-18 01:00:00,2022-02-18 02:00:00,0.20999
Netherlands,NLD,2022-02-18 02:00:00,2022-02-18 03:00:00,0.19996
Netherlands,NLD,2022-02-18 03:00:00,2022-02-18 04:00:00,0.14308
Netherlands,NLD,2022-02-18 04:00:00,2022-02-18 05:00:00,0.11909
Netherlands,NLD,2022-02-18 05:00:00,2022-02-18 06:00:00,0.14099
Netherlands,NLD,2022-02-18 06:00:00,2022-02-18 07:00:00,0.18505000000000002
Netherlands,NLD,2022-02-18 07:00:00,2022-02-18 08:00:00,0.18928
Netherlands,NLD,2022-02-18 08:00:00,2022-02-18 09:00:00,0.17324
Netherlands,NLD,2022-02-18 09:00:00,2022-02-18 10:00:00,0.15
Netherlands,NLD,2022-02-18 10:00:00,2022-02-18 11:00:00,0.15
Netherlands,NLD,2022-02-18 11:00:00,2022-02-18 12:00:00,0.16469999999999999
Netherlands,NLD,2022-02-18 12:00:00,2022-02-18 13:00:00,0.18009999999999998
Netherlands,NLD,2022-02-18 13:00:00,2022-02-18 14:00:00,0.1997
Netherlands,NLD,2022-02-18 14:00:00,2022-02-18 15:00:00,0.2072
Netherlands,NLD,2022-02-18 15:00:00,2022-02-18 16:00:00,0.21509999999999999
Netherlands,NLD,2022-02-18 16:00:00,2022-02-18 17:00:00,0.21852000000000002
Netherlands,NLD,2022-02-18 17:00:00,2022-02-18 18:00:00,0.24205000000000002
Netherlands,NLD,2022-02-18 18:00:00,2022-02-18 19:00:00,0.22019999999999998
Netherlands,NLD,2022-02-18 19:00:00,2022-02-18 20:00:00,0.15
Netherlands,NLD,2022-02-18 20:00:00,2022-02-18 21:00:00,0.15
Netherlands,NLD,2022-02-18 21:00:00,2022-02-18 22:00:00,0.18009999999999998
Netherlands,NLD,2022-02-18 22:00:00,2022-02-18 23:00:00,0.1648
Netherlands,NLD,2022-02-18 23:00:00,2022-02-19 00:00:00,0.10875
Netherlands,NLD,2022-02-19 00:00:00,2022-02-19 01:00:00,0.10461
Netherlands,NLD,2022-02-19 01:00:00,2022-02-19 02:00:00,0.09487000000000001
Netherlands,NLD,2022-02-19 02:00:00,2022-02-19 03:00:00,0.05
Netherlands,NLD,2022-02-19 03:00:00,2022-02-19 04:00:00,0.010960000000000001
Netherlands,NLD,2022-02-19 04:00:00,2022-02-19 05:00:00,0.069
Netherlands,NLD,2022-02-19 05:00:00,2022-02-19 06:00:00,0.09404000000000001
Netherlands,NLD,2022-02-19 06:00:00,2022-02-19 07:00:00,0.10003000000000001
Netherlands,NLD,2022-02-19 07:00:00,2022-02-19 08:00:00,0.10990000000000001
Netherlands,NLD,2022-02-19 08:00:00,2022-02-19 09:00:00,0.10590999999999999
Netherlands,NLD,2022-02-19 09:00:00,2022-02-19 10:00:00,0.032
Netherlands,NLD,2022-02-19 10:00:00,2022-02-19 11:00:00,0.0
Netherlands,NLD,2022-02-19 11:00:00,2022-02-19 12:00:00,0.0
Netherlands,NLD,2022-02-19 12:00:00,2022-02-19 13:00:00,0.0
Netherlands,NLD,2022-02-19 13:00:00,2022-02-19 14:00:00,0.03628
Netherlands,NLD,2022-02-19 14:00:00,2022-02-19 15:00:00,0.08
Netherlands,NLD,2022-02-19 15:00:00,2022-02-19 16:00:00,0.11574
Netherlands,NLD,2022-02-19 16:00:00,2022-02-19 17:00:00,0.1181
Netherlands,NLD,2022-02-19 17:00:00,2022-02-19 18:00:00,0.20357
Netherlands,NLD,2022-02-19 18:00:00,2022-02-19 19:00:00,0.21891
Netherlands,NLD,2022-02-19 19:00:00,2022-02-19 20:00:00,0.15794999999999998
Netherlands,NLD,2022-02-19 20:00:00,2022-02-19 21:00:00,0.1749
Netherlands,NLD,2022-02-19 21:00:00,2022-02-19 22:00:00,0.1569
Netherlands,NLD,2022-02-19 22:00:00,2022-02-19 23:00:00,0.1549
Netherlands,NLD,2022-02-19 23:00:00,2022-02-20 00:00:00,0.10438
Netherlands,NLD,2022-02-20 00:00:00,2022-02-20 01:00:00,0.0999
Netherlands,NLD,2022-02-20 01:00:00,2022-02-20 02:00:00,0.1
Netherlands,NLD,2022-02-20 02:00:00,2022-02-20 03:00:00,0.10018
Netherlands,NLD,2022-02-20 03:00:00,2022-02-20 04:00:00,0.08916
Netherlands,NLD,2022-02-20 04:00:00,2022-02-20 05:00:00,0.08717
Netherlands,NLD,2022-02-20 05:00:00,2022-02-20 06:00:00,0.08
Netherlands,NLD,2022-02-20 06:00:00,2022-02-20 07:00:00,0.08008
Netherlands,NLD,2022-02-20 07:00:00,2022-02-20 08:00:00,0.08828
Netherlands,NLD,2022-02-20 08:00:00,2022-02-20 09:00:00,0.09506
Netherlands,NLD,2022-02-20 09:00:00,2022-02-20 10:00:00,0.10471
Netherlands,NLD,2022-02-20 10:00:00,2022-02-20 11:00:00,0.10579000000000001
Netherlands,NLD,2022-02-20 11:00:00,2022-02-20 12:00:00,0.11438
Netherlands,NLD,2022-02-20 12:00:00,2022-02-20 13:00:00,0.10404000000000001
Netherlands,NLD,2022-02-20 13:00:00,2022-02-20 14:00:00,0.0999
Netherlands,NLD,2022-02-20 14:00:00,2022-02-20 15:00:00,0.10332
Netherlands,NLD,2022-02-20 15:00:00,2022-02-20 16:00:00,0.10416
Netherlands,NLD,2022-02-20 16:00:00,2022-02-20 17:00:00,0.13126
Netherlands,NLD,2022-02-20 17:00:00,2022-02-20 18:00:00,0.17995
Netherlands,NLD,2022-02-20 18:00:00,2022-02-20 19:00:00,0.2299
Netherlands,NLD,2022-02-20 19:00:00,2022-02-20 20:00:00,0.1999
Netherlands,NLD,2022-02-20 20:00:00,2022-02-20 21:00:00,0.1667
Netherlands,NLD,2022-02-20 21:00:00,2022-02-20 22:00:00,0.1499
Netherlands,NLD,2022-02-20 22:00:00,2022-02-20 23:00:00,0.104
Netherlands,NLD,2022-02-20 23:00:00,2022-02-21 00:00:00,0.09021
Netherlands,NLD,2022-02-21 00:00:00,2022-02-21 01:00:00,0.09253
Netherlands,NLD,2022-02-21 01:00:00,2022-02-21 02:00:00,0.09276999999999999
Netherlands,NLD,2022-02-21 02:00:00,2022-02-21 03:00:00,0.09078
Netherlands,NLD,2022-02-21 03:00:00,2022-02-21 04:00:00,0.09024
Netherlands,NLD,2022-02-21 04:00:00,2022-02-21 05:00:00,0.10296
Netherlands,NLD,2022-02-21 05:00:00,2022-02-21 06:00:00,0.10801000000000001
Netherlands,NLD,2022-02-21 06:00:00,2022-02-21 07:00:00,0.17830000000000001
Netherlands,NLD,2022-02-21 07:00:00,2022-02-21 08:00:00,0.18872
Netherlands,NLD,2022-02-21 08:00:00,2022-02-21 09:00:00,0.216
Netherlands,NLD,2022-02-21 09:00:00,2022-02-21 10:00:00,0.21791999999999997
Netherlands,NLD,2022-02-21 10:00:00,2022-02-21 11:00:00,0.1998
Netherlands,NLD,2022-02-21 11:00:00,2022-02-21 12:00:00,0.19257
Netherlands,NLD,2022-02-21 12:00:00,2022-02-21 13:00:00,0.16194999999999998
Netherlands,NLD,2022-02-21 13:00:00,2022-02-21 14:00:00,0.11172
Netherlands,NLD,2022-02-21 14:00:00,2022-02-21 15:00:00,0.1232
Netherlands,NLD,2022-02-21 15:00:00,2022-02-21 16:00:00,0.14055
Netherlands,NLD,2022-02-21 16:00:00,2022-02-21 17:00:00,0.17145
Netherlands,NLD,2022-02-21 17:00:00,2022-02-21 18:00:00,0.21799000000000002
Netherlands,NLD,2022-02-21 18:00:00,2022-02-21 19:00:00,0.2199
Netherlands,NLD,2022-02-21 19:00:00,2022-02-21 20:00:00,0.18756
Netherlands,NLD,2022-02-21 20:00:00,2022-02-21 21:00:00,0.15730000000000002
Netherlands,NLD,2022-02-21 21:00:00,2022-02-21 22:00:00,0.1549
Netherlands,NLD,2022-02-21 22:00:00,2022-02-21 23:00:00,0.1499
Netherlands,NLD,2022-02-21 23:00:00,2022-02-22 00:00:00,0.15005000000000002
Netherlands,NLD,2022-02-22 00:00:00,2022-02-22 01:00:00,0.14
Netherlands,NLD,2022-02-22 01:00:00,2022-02-22 02:00:00,0.16376
Netherlands,NLD,2022-02-22 02:00:00,2022-02-22 03:00:00,0.19394
Netherlands,NLD,2022-02-22 03:00:00,2022-02-22 04:00:00,0.19638999999999998
Netherlands,NLD,2022-02-22 04:00:00,2022-02-22 05:00:00,0.17991
Netherlands,NLD,2022-02-22 05:00:00,2022-02-22 06:00:00,0.21902000000000002
Netherlands,NLD,2022-02-22 06:00:00,2022-02-22 07:00:00,0.236
Netherlands,NLD,2022-02-22 07:00:00,2022-02-22 08:00:00,0.21159
Netherlands,NLD,2022-02-22 08:00:00,2022-02-22 09:00:00,0.18275
Netherlands,NLD,2022-02-22 09:00:00,2022-02-22 10:00:00,0.13691
Netherlands,NLD,2022-02-22 10:00:00,2022-02-22 11:00:00,0.13106
Netherlands,NLD,2022-02-22 11:00:00,2022-02-22 12:00:00,0.12526
Netherlands,NLD,2022-02-22 12:00:00,2022-02-22 13:00:00,0.147
Netherlands,NLD,2022-02-22 13:00:00,2022-02-22 14:00:00,0.1418
Netherlands,NLD,2022-02-22 14:00:00,2022-02-22 15:00:00,0.15
Netherlands,NLD,2022-02-22 15:00:00,2022-02-22 16:00:00,0.144
Netherlands,NLD,2022-02-22 16:00:00,2022-02-22 17:00:00,0.167
Netherlands,NLD,2022-02-22 17:00:00,2022-02-22 18:00:00,0.21902000000000002
Netherlands,NLD,2022-02-22 18:00:00,2022-02-22 19:00:00,0.192
Netherlands,NLD,2022-02-22 19:00:00,2022-02-22 20:00:00,0.167
Netherlands,NLD,2022-02-22 20:00:00,2022-02-22 21:00:00,0.14898
Netherlands,NLD,2022-02-22 21:00:00,2022-02-22 22:00:00,0.133
Netherlands,NLD,2022-02-22 22:00:00,2022-02-22 23:00:00,0.11355
Netherlands,NLD,2022-02-22 23:00:00,2022-02-23 00:00:00,0.1193
Netherlands,NLD,2022-02-23 00:00:00,2022-02-23 01:00:00,0.12420999999999999
Netherlands,NLD,2022-02-23 01:00:00,2022-02-23 02:00:00,0.16
Netherlands,NLD,2022-02-23 02:00:00,2022-02-23 03:00:00,0.1551
Netherlands,NLD,2022-02-23 03:00:00,2022-02-23 04:00:00,0.1551
Netherlands,NLD,2022-02-23 04:00:00,2022-02-23 05:00:00,0.169
Netherlands,NLD,2022-02-23 05:00:00,2022-02-23 06:00:00,0.18419999999999997
Netherlands,NLD,2022-02-23 06:00:00,2022-02-23 07:00:00,0.25
Netherlands,NLD,2022-02-23 07:00:00,2022-02-23 08:00:00,0.26564
Netherlands,NLD,2022-02-23 08:00:00,2022-02-23 09:00:00,0.22669999999999998
Netherlands,NLD,2022-02-23 09:00:00,2022-02-23 10:00:00,0.136
Netherlands,NLD,2022-02-23 10:00:00,2022-02-23 11:00:00,0.10351
Netherlands,NLD,2022-02-23 11:00:00,2022-02-23 12:00:00,0.08990000000000001
Netherlands,NLD,2022-02-23 12:00:00,2022-02-23 13:00:00,0.08990000000000001
Netherlands,NLD,2022-02-23 13:00:00,2022-02-23 14:00:00,0.1001
Netherlands,NLD,2022-02-23 14:00:00,2022-02-23 15:00:00,0.11
Netherlands,NLD,2022-02-23 15:00:00,2022-02-23 16:00:00,0.1628
Netherlands,NLD,2022-02-23 16:00:00,2022-02-23 17:00:00,0.20572
Netherlands,NLD,2022-02-23 17:00:00,2022-02-23 18:00:00,0.23
Netherlands,NLD,2022-02-23 18:00:00,2022-02-23 19:00:00,0.23686000000000001
Netherlands,NLD,2022-02-23 19:00:00,2022-02-23 20:00:00,0.162
Netherlands,NLD,2022-02-23 20:00:00,2022-02-23 21:00:00,0.16490000000000002
Netherlands,NLD,2022-02-23 21:00:00,2022-02-23 22:00:00,0.18994
Netherlands,NLD,2022-02-23 22:00:00,2022-02-23 23:00:00,0.14
Netherlands,NLD,2022-02-23 23:00:00,2022-02-24 00:00:00,0.13169999999999998
Netherlands,NLD,2022-02-24 00:00:00,2022-02-24 01:00:00,0.12
Netherlands,NLD,2022-02-24 01:00:00,2022-02-24 02:00:00,0.1115
Netherlands,NLD,2022-02-24 02:00:00,2022-02-24 03:00:00,0.11
Netherlands,NLD,2022-02-24 03:00:00,2022-02-24 04:00:00,0.11220000000000001
Netherlands,NLD,2022-02-24 04:00:00,2022-02-24 05:00:00,0.11555
Netherlands,NLD,2022-02-24 05:00:00,2022-02-24 06:00:00,0.16843
Netherlands,NLD,2022-02-24 06:00:00,2022-02-24 07:00:00,0.17
Netherlands,NLD,2022-02-24 07:00:00,2022-02-24 08:00:00,0.2381
Netherlands,NLD,2022-02-24 08:00:00,2022-02-24 09:00:00,0.242
Netherlands,NLD,2022-02-24 09:00:00,2022-02-24 10:00:00,0.17830000000000001
Netherlands,NLD,2022-02-24 10:00:00,2022-02-24 11:00:00,0.17809999999999998
Netherlands,NLD,2022-02-24 11:00:00,2022-02-24 12:00:00,0.17809999999999998
Netherlands,NLD,2022-02-24 12:00:00,2022-02-24 13:00:00,0.1856
Netherlands,NLD,2022-02-24 13:00:00,2022-02-24 14:00:00,0.186
Netherlands,NLD,2022-02-24 14:00:00,2022-02-24 15:00:00,0.17830000000000001
Netherlands,NLD,2022-02-24 15:00:00,2022-02-24 16:00:00,0.205
Netherlands,NLD,2022-02-24 16:00:00,2022-02-24 17:00:00,0.18979
Netherlands,NLD,2022-02-24 17:00:00,2022-02-24 18:00:00,0.23497
Netherlands,NLD,2022-02-24 18:00:00,2022-02-24 19:00:00,0.2
Netherlands,NLD,2022-02-24 19:00:00,2022-02-24 20:00:00,0.206
Netherlands,NLD,2022-02-24 20:00:00,2022-02-24 21:00:00,0.207
Netherlands,NLD,2022-02-24 21:00:00,2022-02-24 22:00:00,0.19097999999999998
Netherlands,NLD,2022-02-24 22:00:00,2022-02-24 23:00:00,0.14993
Netherlands,NLD,2022-02-24 23:00:00,2022-02-25 00:00:00,0.1698
Netherlands,NLD,2022-02-25 00:00:00,2022-02-25 01:00:00,0.13
Netherlands,NLD,2022-02-25 01:00:00,2022-02-25 02:00:00,0.12637
Netherlands,NLD,2022-02-25 02:00:00,2022-02-25 03:00:00,0.12231
Netherlands,NLD,2022-02-25 03:00:00,2022-02-25 04:00:00,0.12285
Netherlands,NLD,2022-02-25 04:00:00,2022-02-25 05:00:00,0.12990000000000002
Netherlands,NLD,2022-02-25 05:00:00,2022-02-25 06:00:00,0.21569999999999998
Netherlands,NLD,2022-02-25 06:00:00,2022-02-25 07:00:00,0.2481
Netherlands,NLD,2022-02-25 07:00:00,2022-02-25 08:00:00,0.2726
Netherlands,NLD,2022-02-25 08:00:00,2022-02-25 09:00:00,0.292
Netherlands,NLD,2022-02-25 09:00:00,2022-02-25 10:00:00,0.21830000000000002
Netherlands,NLD,2022-02-25 10:00:00,2022-02-25 11:00:00,0.12990000000000002
Netherlands,NLD,2022-02-25 11:00:00,2022-02-25 12:00:00,0.11119
Netherlands,NLD,2022-02-25 12:00:00,2022-02-25 13:00:00,0.11192
Netherlands,NLD,2022-02-25 13:00:00,2022-02-25 14:00:00,0.12071
Netherlands,NLD,2022-02-25 14:00:00,2022-02-25 15:00:00,0.12359999999999999
Netherlands,NLD,2022-02-25 15:00:00,2022-02-25 16:00:00,0.231
Netherlands,NLD,2022-02-25 16:00:00,2022-02-25 17:00:00,0.30989999999999995
Netherlands,NLD,2022-02-25 17:00:00,2022-02-25 18:00:00,0.41008
Netherlands,NLD,2022-02-25 18:00:00,2022-02-25 19:00:00,0.375
Netherlands,NLD,2022-02-25 19:00:00,2022-02-25 20:00:00,0.31989999999999996
Netherlands,NLD,2022-02-25 20:00:00,2022-02-25 21:00:00,0.24780000000000002
Netherlands,NLD,2022-02-25 21:00:00,2022-02-25 22:00:00,0.299
Netherlands,NLD,2022-02-25 22:00:00,2022-02-25 23:00:00,0.2825
Netherlands,NLD,2022-02-25 23:00:00,2022-02-26 00:00:00,0.3004
Netherlands,NLD,2022-02-26 00:00:00,2022-02-26 01:00:00,0.30010000000000003
Netherlands,NLD,2022-02-26 01:00:00,2022-02-26 02:00:00,0.275
Netherlands,NLD,2022-02-26 02:00:00,2022-02-26 03:00:00,0.21903
Netherlands,NLD,2022-02-26 03:00:00,2022-02-26 04:00:00,0.2382
Netherlands,NLD,2022-02-26 04:00:00,2022-02-26 05:00:00,0.23717
Netherlands,NLD,2022-02-26 05:00:00,2022-02-26 06:00:00,0.24997999999999998
Netherlands,NLD,2022-02-26 06:00:00,2022-02-26 07:00:00,0.26345999999999997
Netherlands,NLD,2022-02-26 07:00:00,2022-02-26 08:00:00,0.27557
Netherlands,NLD,2022-02-26 08:00:00,2022-02-26 09:00:00,0.26737
Netherlands,NLD,2022-02-26 09:00:00,2022-02-26 10:00:00,0.24575
Netherlands,NLD,2022-02-26 10:00:00,2022-02-26 11:00:00,0.21302000000000001
Netherlands,NLD,2022-02-26 11:00:00,2022-02-26 12:00:00,0.19663999999999998
Netherlands,NLD,2022-02-26 12:00:00,2022-02-26 13:00:00,0.17897
Netherlands,NLD,2022-02-26 13:00:00,2022-02-26 14:00:00,0.17704
Netherlands,NLD,2022-02-26 14:00:00,2022-02-26 15:00:00,0.19747
Netherlands,NLD,2022-02-26 15:00:00,2022-02-26 16:00:00,0.22508
Netherlands,NLD,2022-02-26 16:00:00,2022-02-26 17:00:00,0.25989999999999996
Netherlands,NLD,2022-02-26 17:00:00,2022-02-26 18:00:00,0.299
Netherlands,NLD,2022-02-26 18:00:00,2022-02-26 19:00:00,0.30069999999999997
Netherlands,NLD,2022-02-26 19:00:00,2022-02-26 20:00:00,0.27791000000000005
Netherlands,NLD,2022-02-26 20:00:00,2022-02-26 21:00:00,0.2358
Netherlands,NLD,2022-02-26 21:00:00,2022-02-26 22:00:00,0.24215
Netherlands,NLD,2022-02-26 22:00:00,2022-02-26 23:00:00,0.21209
Netherlands,NLD,2022-02-26 23:00:00,2022-02-27 00:00:00,0.19565000000000002
Netherlands,NLD,2022-02-27 00:00:00,2022-02-27 01:00:00,0.1807
Netherlands,NLD,2022-02-27 01:00:00,2022-02-27 02:00:00,0.17443999999999998
Netherlands,NLD,2022-02-27 02:00:00,2022-02-27 03:00:00,0.17231
Netherlands,NLD,2022-02-27 03:00:00,2022-02-27 04:00:00,0.1745
Netherlands,NLD,2022-02-27 04:00:00,2022-02-27 05:00:00,0.1771
Netherlands,NLD,2022-02-27 05:00:00,2022-02-27 06:00:00,0.18605000000000002
Netherlands,NLD,2022-02-27 06:00:00,2022-02-27 07:00:00,0.19154
Netherlands,NLD,2022-02-27 07:00:00,2022-02-27 08:00:00,0.18937
Netherlands,NLD,2022-02-27 08:00:00,2022-02-27 09:00:00,0.16744
Netherlands,NLD,2022-02-27 09:00:00,2022-02-27 10:00:00,0.1398
Netherlands,NLD,2022-02-27 10:00:00,2022-02-27 11:00:00,0.13141
Netherlands,NLD,2022-02-27 11:00:00,2022-02-27 12:00:00,0.11653
Netherlands,NLD,2022-02-27 12:00:00,2022-02-27 13:00:00,0.09726
Netherlands,NLD,2022-02-27 13:00:00,2022-02-27 14:00:00,0.11168
Netherlands,NLD,2022-02-27 14:00:00,2022-02-27 15:00:00,0.15153999999999998
Netherlands,NLD,2022-02-27 15:00:00,2022-02-27 16:00:00,0.17615
Netherlands,NLD,2022-02-27 16:00:00,2022-02-27 17:00:00,0.2299
Netherlands,NLD,2022-02-27 17:00:00,2022-02-27 18:00:00,0.27576
Netherlands,NLD,2022-02-27 18:00:00,2022-02-27 19:00:00,0.28186
Netherlands,NLD,2022-02-27 19:00:00,2022-02-27 20:00:00,0.27513
Netherlands,NLD,2022-02-27 20:00:00,2022-02-27 21:00:00,0.2026
Netherlands,NLD,2022-02-27 21:00:00,2022-02-27 22:00:00,0.22130000000000002
Netherlands,NLD,2022-02-27 22:00:00,2022-02-27 23:00:00,0.19478
Netherlands,NLD,2022-02-27 23:00:00,2022-02-28 00:00:00,0.16804
Netherlands,NLD,2022-02-28 00:00:00,2022-02-28 01:00:00,0.16222999999999999
Netherlands,NLD,2022-02-28 01:00:00,2022-02-28 02:00:00,0.18368
Netherlands,NLD,2022-02-28 02:00:00,2022-02-28 03:00:00,0.17059
Netherlands,NLD,2022-02-28 03:00:00,2022-02-28 04:00:00,0.197
Netherlands,NLD,2022-02-28 04:00:00,2022-02-28 05:00:00,0.217
Netherlands,NLD,2022-02-28 05:00:00,2022-02-28 06:00:00,0.28497
Netherlands,NLD,2022-02-28 06:00:00,2022-02-28 07:00:00,0.32289999999999996
Netherlands,NLD,2022-02-28 07:00:00,2022-02-28 08:00:00,0.30889999999999995
Netherlands,NLD,2022-02-28 08:00:00,2022-02-28 09:00:00,0.248
Netherlands,NLD,2022-02-28 09:00:00,2022-02-28 10:00:00,0.1948
Netherlands,NLD,2022-02-28 10:00:00,2022-02-28 11:00:00,0.15269
Netherlands,NLD,2022-02-28 11:00:00,2022-02-28 12:00:00,0.13709
Netherlands,NLD,2022-02-28 12:00:00,2022-02-28 13:00:00,0.14264
Netherlands,NLD,2022-02-28 13:00:00,2022-02-28 14:00:00,0.14131
Netherlands,NLD,2022-02-28 14:00:00,2022-02-28 15:00:00,0.194
Netherlands,NLD,2022-02-28 15:00:00,2022-02-28 16:00:00,0.25379
Netherlands,NLD,2022-02-28 16:00:00,2022-02-28 17:00:00,0.28056
Netherlands,NLD,2022-02-28 17:00:00,2022-02-28 18:00:00,0.3
Netherlands,NLD,2022-02-28 18:00:00,2022-02-28 19:00:00,0.346
Netherlands,NLD,2022-02-28 19:00:00,2022-02-28 20:00:00,0.22169999999999998
Netherlands,NLD,2022-02-28 20:00:00,2022-02-28 21:00:00,0.21209999999999998
Netherlands,NLD,2022-02-28 21:00:00,2022-02-28 22:00:00,0.211
Netherlands,NLD,2022-02-28 22:00:00,2022-02-28 23:00:00,0.1749
Netherlands,NLD,2022-02-28 23:00:00,2022-03-01 00:00:00,0.174
Netherlands,NLD,2022-03-01 00:00:00,2022-03-01 01:00:00,0.181
Netherlands,NLD,2022-03-01 01:00:00,2022-03-01 02:00:00,0.1693
Netherlands,NLD,2022-03-01 02:00:00,2022-03-01 03:00:00,0.19997
Netherlands,NLD,2022-03-01 03:00:00,2022-03-01 04:00:00,0.21630000000000002
Netherlands,NLD,2022-03-01 04:00:00,2022-03-01 05:00:00,0.18699000000000002
Netherlands,NLD,2022-03-01 05:00:00,2022-03-01 06:00:00,0.26804
Netherlands,NLD,2022-03-01 06:00:00,2022-03-01 07:00:00,0.273
Netherlands,NLD,2022-03-01 07:00:00,2022-03-01 08:00:00,0.291
Netherlands,NLD,2022-03-01 08:00:00,2022-03-01 09:00:00,0.2542
Netherlands,NLD,2022-03-01 09:00:00,2022-03-01 10:00:00,0.27394
Netherlands,NLD,2022-03-01 10:00:00,2022-03-01 11:00:00,0.22233
Netherlands,NLD,2022-03-01 11:00:00,2022-03-01 12:00:00,0.22
Netherlands,NLD,2022-03-01 12:00:00,2022-03-01 13:00:00,0.2215
Netherlands,NLD,2022-03-01 13:00:00,2022-03-01 14:00:00,0.23502
Netherlands,NLD,2022-03-01 14:00:00,2022-03-01 15:00:00,0.26124
Netherlands,NLD,2022-03-01 15:00:00,2022-03-01 16:00:00,0.2832
Netherlands,NLD,2022-03-01 16:00:00,2022-03-01 17:00:00,0.31587
Netherlands,NLD,2022-03-01 17:00:00,2022-03-01 18:00:00,0.36275
Netherlands,NLD,2022-03-01 18:00:00,2022-03-01 19:00:00,0.35411000000000004
Netherlands,NLD,2022-03-01 19:00:00,2022-03-01 20:00:00,0.31587
Netherlands,NLD,2022-03-01 20:00:00,2022-03-01 21:00:00,0.286
Netherlands,NLD,2022-03-01 21:00:00,2022-03-01 22:00:00,0.26694
Netherlands,NLD,2022-03-01 22:00:00,2022-03-01 23:00:00,0.22340000000000002
Netherlands,NLD,2022-03-01 23:00:00,2022-03-02 00:00:00,0.25104
Netherlands,NLD,2022-03-02 00:00:00,2022-03-02 01:00:00,0.24843
Netherlands,NLD,2022-03-02 01:00:00,2022-03-02 02:00:00,0.24206
Netherlands,NLD,2022-03-02 02:00:00,2022-03-02 03:00:00,0.23314
Netherlands,NLD,2022-03-02 03:00:00,2022-03-02 04:00:00,0.23362
Netherlands,NLD,2022-03-02 04:00:00,2022-03-02 05:00:00,0.25
Netherlands,NLD,2022-03-02 05:00:00,2022-03-02 06:00:00,0.2311
Netherlands,NLD,2022-03-02 06:00:00,2022-03-02 07:00:00,0.24209
Netherlands,NLD,2022-03-02 07:00:00,2022-03-02 08:00:00,0.30499
Netherlands,NLD,2022-03-02 08:00:00,2022-03-02 09:00:00,0.29810000000000003
Netherlands,NLD,2022-03-02 09:00:00,2022-03-02 10:00:00,0.22369999999999998
Netherlands,NLD,2022-03-02 10:00:00,2022-03-02 11:00:00,0.2209
Netherlands,NLD,2022-03-02 11:00:00,2022-03-02 12:00:00,0.1999
Netherlands,NLD,2022-03-02 12:00:00,2022-03-02 13:00:00,0.18
Netherlands,NLD,2022-03-02 13:00:00,2022-03-02 14:00:00,0.2204
Netherlands,NLD,2022-03-02 14:00:00,2022-03-02 15:00:00,0.2205
Netherlands,NLD,2022-03-02 15:00:00,2022-03-02 16:00:00,0.2251
Netherlands,NLD,2022-03-02 16:00:00,2022-03-02 17:00:00,0.24206
Netherlands,NLD,2022-03-02 17:00:00,2022-03-02 18:00:00,0.29011000000000003
Netherlands,NLD,2022-03-02 18:00:00,2022-03-02 19:00:00,0.304
Netherlands,NLD,2022-03-02 19:00:00,2022-03-02 20:00:00,0.2499
Netherlands,NLD,2022-03-02 20:00:00,2022-03-02 21:00:00,0.2311
Netherlands,NLD,2022-03-02 21:00:00,2022-03-02 22:00:00,0.26577999999999996
Netherlands,NLD,2022-03-02 22:00:00,2022-03-02 23:00:00,0.24927000000000002
Netherlands,NLD,2022-03-02 23:00:00,2022-03-03 00:00:00,0.33116
Netherlands,NLD,2022-03-03 00:00:00,2022-03-03 01:00:00,0.32253
Netherlands,NLD,2022-03-03 01:00:00,2022-03-03 02:00:00,0.316
Netherlands,NLD,2022-03-03 02:00:00,2022-03-03 03:00:00,0.30701
Netherlands,NLD,2022-03-03 03:00:00,2022-03-03 04:00:00,0.3073
Netherlands,NLD,2022-03-03 04:00:00,2022-03-03 05:00:00,0.33226999999999995
Netherlands,NLD,2022-03-03 05:00:00,2022-03-03 06:00:00,0.36860000000000004
Netherlands,NLD,2022-03-03 06:00:00,2022-03-03 07:00:00,0.405
Netherlands,NLD,2022-03-03 07:00:00,2022-03-03 08:00:00,0.4
Netherlands,NLD,2022-03-03 08:00:00,2022-03-03 09:00:00,0.35514999999999997
Netherlands,NLD,2022-03-03 09:00:00,2022-03-03 10:00:00,0.26498
Netherlands,NLD,2022-03-03 10:00:00,2022-03-03 11:00:00,0.26814
Netherlands,NLD,2022-03-03 11:00:00,2022-03-03 12:00:00,0.1991
Netherlands,NLD,2022-03-03 12:00:00,2022-03-03 13:00:00,0.21693
Netherlands,NLD,2022-03-03 13:00:00,2022-03-03 14:00:00,0.28399
Netherlands,NLD,2022-03-03 14:00:00,2022-03-03 15:00:00,0.31958
Netherlands,NLD,2022-03-03 15:00:00,2022-03-03 16:00:00,0.33653
Netherlands,NLD,2022-03-03 16:00:00,2022-03-03 17:00:00,0.39853
Netherlands,NLD,2022-03-03 17:00:00,2022-03-03 18:00:00,0.41
Netherlands,NLD,2022-03-03 18:00:00,2022-03-03 19:00:00,0.40505
Netherlands,NLD,2022-03-03 19:00:00,2022-03-03 20:00:00,0.39
Netherlands,NLD,2022-03-03 20:00:00,2022-03-03 21:00:00,0.35
Netherlands,NLD,2022-03-03 21:00:00,2022-03-03 22:00:00,0.33388
Netherlands,NLD,2022-03-03 22:00:00,2022-03-03 23:00:00,0.31989999999999996
Netherlands,NLD,2022-03-03 23:00:00,2022-03-04 00:00:00,0.35107
Netherlands,NLD,2022-03-04 00:00:00,2022-03-04 01:00:00,0.3466
Netherlands,NLD,2022-03-04 01:00:00,2022-03-04 02:00:00,0.32939999999999997
Netherlands,NLD,2022-03-04 02:00:00,2022-03-04 03:00:00,0.30405
Netherlands,NLD,2022-03-04 03:00:00,2022-03-04 04:00:00,0.315
Netherlands,NLD,2022-03-04 04:00:00,2022-03-04 05:00:00,0.34907
Netherlands,NLD,2022-03-04 05:00:00,2022-03-04 06:00:00,0.3986
Netherlands,NLD,2022-03-04 06:00:00,2022-03-04 07:00:00,0.41
Netherlands,NLD,2022-03-04 07:00:00,2022-03-04 08:00:00,0.41005
Netherlands,NLD,2022-03-04 08:00:00,2022-03-04 09:00:00,0.38516
Netherlands,NLD,2022-03-04 09:00:00,2022-03-04 10:00:00,0.348
Netherlands,NLD,2022-03-04 10:00:00,2022-03-04 11:00:00,0.348
Netherlands,NLD,2022-03-04 11:00:00,2022-03-04 12:00:00,0.28072
Netherlands,NLD,2022-03-04 12:00:00,2022-03-04 13:00:00,0.274
Netherlands,NLD,2022-03-04 13:00:00,2022-03-04 14:00:00,0.2998
Netherlands,NLD,2022-03-04 14:00:00,2022-03-04 15:00:00,0.32915
Netherlands,NLD,2022-03-04 15:00:00,2022-03-04 16:00:00,0.35577
Netherlands,NLD,2022-03-04 16:00:00,2022-03-04 17:00:00,0.38094
Netherlands,NLD,2022-03-04 17:00:00,2022-03-04 18:00:00,0.41
Netherlands,NLD,2022-03-04 18:00:00,2022-03-04 19:00:00,0.41
Netherlands,NLD,2022-03-04 19:00:00,2022-03-04 20:00:00,0.40008
Netherlands,NLD,2022-03-04 20:00:00,2022-03-04 21:00:00,0.36839999999999995
Netherlands,NLD,2022-03-04 21:00:00,2022-03-04 22:00:00,0.31601
Netherlands,NLD,2022-03-04 22:00:00,2022-03-04 23:00:00,0.3466
Netherlands,NLD,2022-03-04 23:00:00,2022-03-05 00:00:00,0.34217000000000003
Netherlands,NLD,2022-03-05 00:00:00,2022-03-05 01:00:00,0.36
Netherlands,NLD,2022-03-05 01:00:00,2022-03-05 02:00:00,0.35
Netherlands,NLD,2022-03-05 02:00:00,2022-03-05 03:00:00,0.33
Netherlands,NLD,2022-03-05 03:00:00,2022-03-05 04:00:00,0.33885000000000004
Netherlands,NLD,2022-03-05 04:00:00,2022-03-05 05:00:00,0.34704
Netherlands,NLD,2022-03-05 05:00:00,2022-03-05 06:00:00,0.369
Netherlands,NLD,2022-03-05 06:00:00,2022-03-05 07:00:00,0.37810000000000005
Netherlands,NLD,2022-03-05 07:00:00,2022-03-05 08:00:00,0.37052999999999997
Netherlands,NLD,2022-03-05 08:00:00,2022-03-05 09:00:00,0.32233999999999996
Netherlands,NLD,2022-03-05 09:00:00,2022-03-05 10:00:00,0.2001
Netherlands,NLD,2022-03-05 10:00:00,2022-03-05 11:00:00,0.23301
Netherlands,NLD,2022-03-05 11:00:00,2022-03-05 12:00:00,0.22109
Netherlands,NLD,2022-03-05 12:00:00,2022-03-05 13:00:00,0.2015
Netherlands,NLD,2022-03-05 13:00:00,2022-03-05 14:00:00,0.25567
Netherlands,NLD,2022-03-05 14:00:00,2022-03-05 15:00:00,0.30136
Netherlands,NLD,2022-03-05 15:00:00,2022-03-05 16:00:00,0.33999
Netherlands,NLD,2022-03-05 16:00:00,2022-03-05 17:00:00,0.38563
Netherlands,NLD,2022-03-05 17:00:00,2022-03-05 18:00:00,0.40578
Netherlands,NLD,2022-03-05 18:00:00,2022-03-05 19:00:00,0.4093
Netherlands,NLD,2022-03-05 19:00:00,2022-03-05 20:00:00,0.4
Netherlands,NLD,2022-03-05 20:00:00,2022-03-05 21:00:00,0.37725
Netherlands,NLD,2022-03-05 21:00:00,2022-03-05 22:00:00,0.36963
Netherlands,NLD,2022-03-05 22:00:00,2022-03-05 23:00:00,0.3624
Netherlands,NLD,2022-03-05 23:00:00,2022-03-06 00:00:00,0.39061
Netherlands,NLD,2022-03-06 00:00:00,2022-03-06 01:00:00,0.353
Netherlands,NLD,2022-03-06 01:00:00,2022-03-06 02:00:00,0.34516
Netherlands,NLD,2022-03-06 02:00:00,2022-03-06 03:00:00,0.33421
Netherlands,NLD,2022-03-06 03:00:00,2022-03-06 04:00:00,0.33944
Netherlands,NLD,2022-03-06 04:00:00,2022-03-06 05:00:00,0.34208999999999995
Netherlands,NLD,2022-03-06 05:00:00,2022-03-06 06:00:00,0.35002
Netherlands,NLD,2022-03-06 06:00:00,2022-03-06 07:00:00,0.32497000000000004
Netherlands,NLD,2022-03-06 07:00:00,2022-03-06 08:00:00,0.32569
Netherlands,NLD,2022-03-06 08:00:00,2022-03-06 09:00:00,0.21001
Netherlands,NLD,2022-03-06 09:00:00,2022-03-06 10:00:00,0.19873
Netherlands,NLD,2022-03-06 10:00:00,2022-03-06 11:00:00,0.2199
Netherlands,NLD,2022-03-06 11:00:00,2022-03-06 12:00:00,0.21736000000000003
Netherlands,NLD,2022-03-06 12:00:00,2022-03-06 13:00:00,0.212
Netherlands,NLD,2022-03-06 13:00:00,2022-03-06 14:00:00,0.22631
Netherlands,NLD,2022-03-06 14:00:00,2022-03-06 15:00:00,0.274
Netherlands,NLD,2022-03-06 15:00:00,2022-03-06 16:00:00,0.30809
Netherlands,NLD,2022-03-06 16:00:00,2022-03-06 17:00:00,0.38516
Netherlands,NLD,2022-03-06 17:00:00,2022-03-06 18:00:00,0.43507999999999997
Netherlands,NLD,2022-03-06 18:00:00,2022-03-06 19:00:00,0.45427999999999996
Netherlands,NLD,2022-03-06 19:00:00,2022-03-06 20:00:00,0.43635
Netherlands,NLD,2022-03-06 20:00:00,2022-03-06 21:00:00,0.41202
Netherlands,NLD,2022-03-06 21:00:00,2022-03-06 22:00:00,0.41202
Netherlands,NLD,2022-03-06 22:00:00,2022-03-06 23:00:00,0.41164999999999996
Netherlands,NLD,2022-03-06 23:00:00,2022-03-07 00:00:00,0.37756
Netherlands,NLD,2022-03-07 00:00:00,2022-03-07 01:00:00,0.36983
Netherlands,NLD,2022-03-07 01:00:00,2022-03-07 02:00:00,0.36894
Netherlands,NLD,2022-03-07 02:00:00,2022-03-07 03:00:00,0.35921
Netherlands,NLD,2022-03-07 03:00:00,2022-03-07 04:00:00,0.36171
Netherlands,NLD,2022-03-07 04:00:00,2022-03-07 05:00:00,0.39723
Netherlands,NLD,2022-03-07 05:00:00,2022-03-07 06:00:00,0.46576999999999996
Netherlands,NLD,2022-03-07 06:00:00,2022-03-07 07:00:00,0.51236
Netherlands,NLD,2022-03-07 07:00:00,2022-03-07 08:00:00,0.51501
Netherlands,NLD,2022-03-07 08:00:00,2022-03-07 09:00:00,0.483
Netherlands,NLD,2022-03-07 09:00:00,2022-03-07 10:00:00,0.35
Netherlands,NLD,2022-03-07 10:00:00,2022-03-07 11:00:00,0.2899
Netherlands,NLD,2022-03-07 11:00:00,2022-03-07 12:00:00,0.25995
Netherlands,NLD,2022-03-07 12:00:00,2022-03-07 13:00:00,0.27
Netherlands,NLD,2022-03-07 13:00:00,2022-03-07 14:00:00,0.283
Netherlands,NLD,2022-03-07 14:00:00,2022-03-07 15:00:00,0.35061000000000003
Netherlands,NLD,2022-03-07 15:00:00,2022-03-07 16:00:00,0.4
Netherlands,NLD,2022-03-07 16:00:00,2022-03-07 17:00:00,0.448
Netherlands,NLD,2022-03-07 17:00:00,2022-03-07 18:00:00,0.43989999999999996
Netherlands,NLD,2022-03-07 18:00:00,2022-03-07 19:00:00,0.47463
Netherlands,NLD,2022-03-07 19:00:00,2022-03-07 20:00:00,0.475
Netherlands,NLD,2022-03-07 20:00:00,2022-03-07 21:00:00,0.42171
Netherlands,NLD,2022-03-07 21:00:00,2022-03-07 22:00:00,0.40006
Netherlands,NLD,2022-03-07 22:00:00,2022-03-07 23:00:00,0.348
Netherlands,NLD,2022-03-07 23:00:00,2022-03-08 00:00:00,0.3999
Netherlands,NLD,2022-03-08 00:00:00,2022-03-08 01:00:00,0.4495
Netherlands,NLD,2022-03-08 01:00:00,2022-03-08 02:00:00,0.4495
Netherlands,NLD,2022-03-08 02:00:00,2022-03-08 03:00:00,0.42488
Netherlands,NLD,2022-03-08 03:00:00,2022-03-08 04:00:00,0.374
Netherlands,NLD,2022-03-08 04:00:00,2022-03-08 05:00:00,0.3999
Netherlands,NLD,2022-03-08 05:00:00,2022-03-08 06:00:00,0.44763
Netherlands,NLD,2022-03-08 06:00:00,2022-03-08 07:00:00,0.69
Netherlands,NLD,2022-03-08 07:00:00,2022-03-08 08:00:00,0.65
Netherlands,NLD,2022-03-08 08:00:00,2022-03-08 09:00:00,0.49652999999999997
Netherlands,NLD,2022-03-08 09:00:00,2022-03-08 10:00:00,0.23669
Netherlands,NLD,2022-03-08 10:00:00,2022-03-08 11:00:00,0.21949000000000002
Netherlands,NLD,2022-03-08 11:00:00,2022-03-08 12:00:00,0.20121
Netherlands,NLD,2022-03-08 12:00:00,2022-03-08 13:00:00,0.21273
Netherlands,NLD,2022-03-08 13:00:00,2022-03-08 14:00:00,0.2299
Netherlands,NLD,2022-03-08 14:00:00,2022-03-08 15:00:00,0.3365
Netherlands,NLD,2022-03-08 15:00:00,2022-03-08 16:00:00,0.44063
Netherlands,NLD,2022-03-08 16:00:00,2022-03-08 17:00:00,0.6030800000000001
Netherlands,NLD,2022-03-08 17:00:00,2022-03-08 18:00:00,0.6749299999999999
Netherlands,NLD,2022-03-08 18:00:00,2022-03-08 19:00:00,0.7
Netherlands,NLD,2022-03-08 19:00:00,2022-03-08 20:00:00,0.59974
Netherlands,NLD,2022-03-08 20:00:00,2022-03-08 21:00:00,0.5109
Netherlands,NLD,2022-03-08 21:00:00,2022-03-08 22:00:00,0.49205
Netherlands,NLD,2022-03-08 22:00:00,2022-03-08 23:00:00,0.4
Netherlands,NLD,2022-03-08 23:00:00,2022-03-09 00:00:00,0.42969999999999997
Netherlands,NLD,2022-03-09 00:00:00,2022-03-09 01:00:00,0.4018
Netherlands,NLD,2022-03-09 01:00:00,2022-03-09 02:00:00,0.41688
Netherlands,NLD,2022-03-09 02:00:00,2022-03-09 03:00:00,0.42002999999999996
Netherlands,NLD,2022-03-09 03:00:00,2022-03-09 04:00:00,0.42002999999999996
Netherlands,NLD,2022-03-09 04:00:00,2022-03-09 05:00:00,0.44
Netherlands,NLD,2022-03-09 05:00:00,2022-03-09 06:00:00,0.52376
Netherlands,NLD,2022-03-09 06:00:00,2022-03-09 07:00:00,0.57945
Netherlands,NLD,2022-03-09 07:00:00,2022-03-09 08:00:00,0.55476
Netherlands,NLD,2022-03-09 08:00:00,2022-03-09 09:00:00,0.38060000000000005
Netherlands,NLD,2022-03-09 09:00:00,2022-03-09 10:00:00,0.34891
Netherlands,NLD,2022-03-09 10:00:00,2022-03-09 11:00:00,0.29513
Netherlands,NLD,2022-03-09 11:00:00,2022-03-09 12:00:00,0.23474
Netherlands,NLD,2022-03-09 12:00:00,2022-03-09 13:00:00,0.2699
Netherlands,NLD,2022-03-09 13:00:00,2022-03-09 14:00:00,0.31762
Netherlands,NLD,2022-03-09 14:00:00,2022-03-09 15:00:00,0.38244
Netherlands,NLD,2022-03-09 15:00:00,2022-03-09 16:00:00,0.42508999999999997
Netherlands,NLD,2022-03-09 16:00:00,2022-03-09 17:00:00,0.52943
Netherlands,NLD,2022-03-09 17:00:00,2022-03-09 18:00:00,0.5749299999999999
Netherlands,NLD,2022-03-09 18:00:00,2022-03-09 19:00:00,0.605
Netherlands,NLD,2022-03-09 19:00:00,2022-03-09 20:00:00,0.518
Netherlands,NLD,2022-03-09 20:00:00,2022-03-09 21:00:00,0.44875
Netherlands,NLD,2022-03-09 21:00:00,2022-03-09 22:00:00,0.44906
Netherlands,NLD,2022-03-09 22:00:00,2022-03-09 23:00:00,0.40723000000000004
Netherlands,NLD,2022-03-09 23:00:00,2022-03-10 00:00:00,0.31206
Netherlands,NLD,2022-03-10 00:00:00,2022-03-10 01:00:00,0.32
Netherlands,NLD,2022-03-10 01:00:00,2022-03-10 02:00:00,0.32159
Netherlands,NLD,2022-03-10 02:00:00,2022-03-10 03:00:00,0.31009
Netherlands,NLD,2022-03-10 03:00:00,2022-03-10 04:00:00,0.31007
Netherlands,NLD,2022-03-10 04:00:00,2022-03-10 05:00:00,0.33501
Netherlands,NLD,2022-03-10 05:00:00,2022-03-10 06:00:00,0.41466000000000003
Netherlands,NLD,2022-03-10 06:00:00,2022-03-10 07:00:00,0.43606
Netherlands,NLD,2022-03-10 07:00:00,2022-03-10 08:00:00,0.39697000000000005
Netherlands,NLD,2022-03-10 08:00:00,2022-03-10 09:00:00,0.31138
Netherlands,NLD,2022-03-10 09:00:00,2022-03-10 10:00:00,0.252
Netherlands,NLD,2022-03-10 10:00:00,2022-03-10 11:00:00,0.21284999999999998
Netherlands,NLD,2022-03-10 11:00:00,2022-03-10 12:00:00,0.1717
Netherlands,NLD,2022-03-10 12:00:00,2022-03-10 13:00:00,0.17
Netherlands,NLD,2022-03-10 13:00:00,2022-03-10 14:00:00,0.19144999999999998
Netherlands,NLD,2022-03-10 14:00:00,2022-03-10 15:00:00,0.25
Netherlands,NLD,2022-03-10 15:00:00,2022-03-10 16:00:00,0.30807
Netherlands,NLD,2022-03-10 16:00:00,2022-03-10 17:00:00,0.37995
Netherlands,NLD,2022-03-10 17:00:00,2022-03-10 18:00:00,0.4124
Netherlands,NLD,2022-03-10 18:00:00,2022-03-10 19:00:00,0.45304
Netherlands,NLD,2022-03-10 19:00:00,2022-03-10 20:00:00,0.30989999999999995
Netherlands,NLD,2022-03-10 20:00:00,2022-03-10 21:00:00,0.331
Netherlands,NLD,2022-03-10 21:00:00,2022-03-10 22:00:00,0.31
Netherlands,NLD,2022-03-10 22:00:00,2022-03-10 23:00:00,0.25331
Netherlands,NLD,2022-03-10 23:00:00,2022-03-11 00:00:00,0.19194999999999998
Netherlands,NLD,2022-03-11 00:00:00,2022-03-11 01:00:00,0.19322
Netherlands,NLD,2022-03-11 01:00:00,2022-03-11 02:00:00,0.19219999999999998
Netherlands,NLD,2022-03-11 02:00:00,2022-03-11 03:00:00,0.19199000000000002
Netherlands,NLD,2022-03-11 03:00:00,2022-03-11 04:00:00,0.18772999999999998
Netherlands,NLD,2022-03-11 04:00:00,2022-03-11 05:00:00,0.2
Netherlands,NLD,2022-03-11 05:00:00,2022-03-11 06:00:00,0.2001
Netherlands,NLD,2022-03-11 06:00:00,2022-03-11 07:00:00,0.29245
Netherlands,NLD,2022-03-11 07:00:00,2022-03-11 08:00:00,0.25880000000000003
Netherlands,NLD,2022-03-11 08:00:00,2022-03-11 09:00:00,0.20678
Netherlands,NLD,2022-03-11 09:00:00,2022-03-11 10:00:00,0.19799
Netherlands,NLD,2022-03-11 10:00:00,2022-03-11 11:00:00,0.11699
Netherlands,NLD,2022-03-11 11:00:00,2022-03-11 12:00:00,0.0001
Netherlands,NLD,2022-03-11 12:00:00,2022-03-11 13:00:00,4e-05
Netherlands,NLD,2022-03-11 13:00:00,2022-03-11 14:00:00,0.01133
Netherlands,NLD,2022-03-11 14:00:00,2022-03-11 15:00:00,0.02859
Netherlands,NLD,2022-03-11 15:00:00,2022-03-11 16:00:00,0.15502000000000002
Netherlands,NLD,2022-03-11 16:00:00,2022-03-11 17:00:00,0.23
Netherlands,NLD,2022-03-11 17:00:00,2022-03-11 18:00:00,0.2845
Netherlands,NLD,2022-03-11 18:00:00,2022-03-11 19:00:00,0.35
Netherlands,NLD,2022-03-11 19:00:00,2022-03-11 20:00:00,0.29335
Netherlands,NLD,2022-03-11 20:00:00,2022-03-11 21:00:00,0.23252
Netherlands,NLD,2022-03-11 21:00:00,2022-03-11 22:00:00,0.20592
Netherlands,NLD,2022-03-11 22:00:00,2022-03-11 23:00:00,0.19553
Netherlands,NLD,2022-03-11 23:00:00,2022-03-12 00:00:00,0.18
Netherlands,NLD,2022-03-12 00:00:00,2022-03-12 01:00:00,0.16842
Netherlands,NLD,2022-03-12 01:00:00,2022-03-12 02:00:00,0.16575
Netherlands,NLD,2022-03-12 02:00:00,2022-03-12 03:00:00,0.16588999999999998
Netherlands,NLD,2022-03-12 03:00:00,2022-03-12 04:00:00,0.16846
Netherlands,NLD,2022-03-12 04:00:00,2022-03-12 05:00:00,0.1746
Netherlands,NLD,2022-03-12 05:00:00,2022-03-12 06:00:00,0.1921
Netherlands,NLD,2022-03-12 06:00:00,2022-03-12 07:00:00,0.2099
Netherlands,NLD,2022-03-12 07:00:00,2022-03-12 08:00:00,0.23782
Netherlands,NLD,2022-03-12 08:00:00,2022-03-12 09:00:00,0.2399
Netherlands,NLD,2022-03-12 09:00:00,2022-03-12 10:00:00,0.19
Netherlands,NLD,2022-03-12 10:00:00,2022-03-12 11:00:00,0.18078
Netherlands,NLD,2022-03-12 11:00:00,2022-03-12 12:00:00,0.18444
Netherlands,NLD,2022-03-12 12:00:00,2022-03-12 13:00:00,0.197
Netherlands,NLD,2022-03-12 13:00:00,2022-03-12 14:00:00,0.228
Netherlands,NLD,2022-03-12 14:00:00,2022-03-12 15:00:00,0.2449
Netherlands,NLD,2022-03-12 15:00:00,2022-03-12 16:00:00,0.2201
Netherlands,NLD,2022-03-12 16:00:00,2022-03-12 17:00:00,0.2873
Netherlands,NLD,2022-03-12 17:00:00,2022-03-12 18:00:00,0.32330000000000003
Netherlands,NLD,2022-03-12 18:00:00,2022-03-12 19:00:00,0.36645
Netherlands,NLD,2022-03-12 19:00:00,2022-03-12 20:00:00,0.36
Netherlands,NLD,2022-03-12 20:00:00,2022-03-12 21:00:00,0.2455
Netherlands,NLD,2022-03-12 21:00:00,2022-03-12 22:00:00,0.21991
Netherlands,NLD,2022-03-12 22:00:00,2022-03-12 23:00:00,0.2001
Netherlands,NLD,2022-03-12 23:00:00,2022-03-13 00:00:00,0.22490000000000002
Netherlands,NLD,2022-03-13 00:00:00,2022-03-13 01:00:00,0.17894
Netherlands,NLD,2022-03-13 01:00:00,2022-03-13 02:00:00,0.16631
Netherlands,NLD,2022-03-13 02:00:00,2022-03-13 03:00:00,0.16007
Netherlands,NLD,2022-03-13 03:00:00,2022-03-13 04:00:00,0.14678
Netherlands,NLD,2022-03-13 04:00:00,2022-03-13 05:00:00,0.12808
Netherlands,NLD,2022-03-13 05:00:00,2022-03-13 06:00:00,0.14693
Netherlands,NLD,2022-03-13 06:00:00,2022-03-13 07:00:00,0.16033
Netherlands,NLD,2022-03-13 07:00:00,2022-03-13 08:00:00,0.16788999999999998
Netherlands,NLD,2022-03-13 08:00:00,2022-03-13 09:00:00,0.167
Netherlands,NLD,2022-03-13 09:00:00,2022-03-13 10:00:00,0.14776
Netherlands,NLD,2022-03-13 10:00:00,2022-03-13 11:00:00,0.0999
Netherlands,NLD,2022-03-13 11:00:00,2022-03-13 12:00:00,0.0649
Netherlands,NLD,2022-03-13 12:00:00,2022-03-13 13:00:00,0.10572
Netherlands,NLD,2022-03-13 13:00:00,2022-03-13 14:00:00,0.14765999999999999
Netherlands,NLD,2022-03-13 14:00:00,2022-03-13 15:00:00,0.16490000000000002
Netherlands,NLD,2022-03-13 15:00:00,2022-03-13 16:00:00,0.2241
Netherlands,NLD,2022-03-13 16:00:00,2022-03-13 17:00:00,0.2921
Netherlands,NLD,2022-03-13 17:00:00,2022-03-13 18:00:00,0.275
Netherlands,NLD,2022-03-13 18:00:00,2022-03-13 19:00:00,0.3906
Netherlands,NLD,2022-03-13 19:00:00,2022-03-13 20:00:00,0.3609
Netherlands,NLD,2022-03-13 20:00:00,2022-03-13 21:00:00,0.325
Netherlands,NLD,2022-03-13 21:00:00,2022-03-13 22:00:00,0.30260000000000004
Netherlands,NLD,2022-03-13 22:00:00,2022-03-13 23:00:00,0.2799
Netherlands,NLD,2022-03-13 23:00:00,2022-03-14 00:00:00,0.22122
Netherlands,NLD,2022-03-14 00:00:00,2022-03-14 01:00:00,0.21380000000000002
Netherlands,NLD,2022-03-14 01:00:00,2022-03-14 02:00:00,0.2675
Netherlands,NLD,2022-03-14 02:00:00,2022-03-14 03:00:00,0.21233000000000002
Netherlands,NLD,2022-03-14 03:00:00,2022-03-14 04:00:00,0.21991
Netherlands,NLD,2022-03-14 04:00:00,2022-03-14 05:00:00,0.23006000000000001
Netherlands,NLD,2022-03-14 05:00:00,2022-03-14 06:00:00,0.28274
Netherlands,NLD,2022-03-14 06:00:00,2022-03-14 07:00:00,0.3347
Netherlands,NLD,2022-03-14 07:00:00,2022-03-14 08:00:00,0.33
Netherlands,NLD,2022-03-14 08:00:00,2022-03-14 09:00:00,0.27773000000000003
Netherlands,NLD,2022-03-14 09:00:00,2022-03-14 10:00:00,0.2352
Netherlands,NLD,2022-03-14 10:00:00,2022-03-14 11:00:00,0.24448
Netherlands,NLD,2022-03-14 11:00:00,2022-03-14 12:00:00,0.21446
Netherlands,NLD,2022-03-14 12:00:00,2022-03-14 13:00:00,0.214
Netherlands,NLD,2022-03-14 13:00:00,2022-03-14 14:00:00,0.20799
Netherlands,NLD,2022-03-14 14:00:00,2022-03-14 15:00:00,0.25285
Netherlands,NLD,2022-03-14 15:00:00,2022-03-14 16:00:00,0.24134
Netherlands,NLD,2022-03-14 16:00:00,2022-03-14 17:00:00,0.3465
Netherlands,NLD,2022-03-14 17:00:00,2022-03-14 18:00:00,0.39000999999999997
Netherlands,NLD,2022-03-14 18:00:00,2022-03-14 19:00:00,0.43542000000000003
Netherlands,NLD,2022-03-14 19:00:00,2022-03-14 20:00:00,0.36526
Netherlands,NLD,2022-03-14 20:00:00,2022-03-14 21:00:00,0.3227
Netherlands,NLD,2022-03-14 21:00:00,2022-03-14 22:00:00,0.30073
Netherlands,NLD,2022-03-14 22:00:00,2022-03-14 23:00:00,0.26186000000000004
Netherlands,NLD,2022-03-14 23:00:00,2022-03-15 00:00:00,0.24891999999999997
Netherlands,NLD,2022-03-15 00:00:00,2022-03-15 01:00:00,0.24503
Netherlands,NLD,2022-03-15 01:00:00,2022-03-15 02:00:00,0.24179
Netherlands,NLD,2022-03-15 02:00:00,2022-03-15 03:00:00,0.24007
Netherlands,NLD,2022-03-15 03:00:00,2022-03-15 04:00:00,0.24269
Netherlands,NLD,2022-03-15 04:00:00,2022-03-15 05:00:00,0.26239999999999997
Netherlands,NLD,2022-03-15 05:00:00,2022-03-15 06:00:00,0.2978
Netherlands,NLD,2022-03-15 06:00:00,2022-03-15 07:00:00,0.31339999999999996
Netherlands,NLD,2022-03-15 07:00:00,2022-03-15 08:00:00,0.32494
Netherlands,NLD,2022-03-15 08:00:00,2022-03-15 09:00:00,0.25227
Netherlands,NLD,2022-03-15 09:00:00,2022-03-15 10:00:00,0.24080000000000001
Netherlands,NLD,2022-03-15 10:00:00,2022-03-15 11:00:00,0.29617
Netherlands,NLD,2022-03-15 11:00:00,2022-03-15 12:00:00,0.26073
Netherlands,NLD,2022-03-15 12:00:00,2022-03-15 13:00:00,0.24949000000000002
Netherlands,NLD,2022-03-15 13:00:00,2022-03-15 14:00:00,0.25146
Netherlands,NLD,2022-03-15 14:00:00,2022-03-15 15:00:00,0.24419
Netherlands,NLD,2022-03-15 15:00:00,2022-03-15 16:00:00,0.25143
Netherlands,NLD,2022-03-15 16:00:00,2022-03-15 17:00:00,0.26130000000000003
Netherlands,NLD,2022-03-15 17:00:00,2022-03-15 18:00:00,0.3167
Netherlands,NLD,2022-03-15 18:00:00,2022-03-15 19:00:00,0.40502
Netherlands,NLD,2022-03-15 19:00:00,2022-03-15 20:00:00,0.315
Netherlands,NLD,2022-03-15 20:00:00,2022-03-15 21:00:00,0.2445
Netherlands,NLD,2022-03-15 21:00:00,2022-03-15 22:00:00,0.2499
Netherlands,NLD,2022-03-15 22:00:00,2022-03-15 23:00:00,0.2507
Netherlands,NLD,2022-03-15 23:00:00,2022-03-16 00:00:00,0.25341
Netherlands,NLD,2022-03-16 00:00:00,2022-03-16 01:00:00,0.2514
Netherlands,NLD,2022-03-16 01:00:00,2022-03-16 02:00:00,0.2475
Netherlands,NLD,2022-03-16 02:00:00,2022-03-16 03:00:00,0.24001
Netherlands,NLD,2022-03-16 03:00:00,2022-03-16 04:00:00,0.2385
Netherlands,NLD,2022-03-16 04:00:00,2022-03-16 05:00:00,0.24972
Netherlands,NLD,2022-03-16 05:00:00,2022-03-16 06:00:00,0.29696
Netherlands,NLD,2022-03-16 06:00:00,2022-03-16 07:00:00,0.3177
Netherlands,NLD,2022-03-16 07:00:00,2022-03-16 08:00:00,0.314
Netherlands,NLD,2022-03-16 08:00:00,2022-03-16 09:00:00,0.29594
Netherlands,NLD,2022-03-16 09:00:00,2022-03-16 10:00:00,0.2766
Netherlands,NLD,2022-03-16 10:00:00,2022-03-16 11:00:00,0.26045
Netherlands,NLD,2022-03-16 11:00:00,2022-03-16 12:00:00,0.24
Netherlands,NLD,2022-03-16 12:00:00,2022-03-16 13:00:00,0.22984000000000002
Netherlands,NLD,2022-03-16 13:00:00,2022-03-16 14:00:00,0.212
Netherlands,NLD,2022-03-16 14:00:00,2022-03-16 15:00:00,0.25017
Netherlands,NLD,2022-03-16 15:00:00,2022-03-16 16:00:00,0.26
Netherlands,NLD,2022-03-16 16:00:00,2022-03-16 17:00:00,0.29492
Netherlands,NLD,2022-03-16 17:00:00,2022-03-16 18:00:00,0.31912999999999997
Netherlands,NLD,2022-03-16 18:00:00,2022-03-16 19:00:00,0.3
Netherlands,NLD,2022-03-16 19:00:00,2022-03-16 20:00:00,0.28
Netherlands,NLD,2022-03-16 20:00:00,2022-03-16 21:00:00,0.2501
Netherlands,NLD,2022-03-16 21:00:00,2022-03-16 22:00:00,0.2769
Netherlands,NLD,2022-03-16 22:00:00,2022-03-16 23:00:00,0.2346
Netherlands,NLD,2022-03-16 23:00:00,2022-03-17 00:00:00,0.18496
Netherlands,NLD,2022-03-17 00:00:00,2022-03-17 01:00:00,0.18
Netherlands,NLD,2022-03-17 01:00:00,2022-03-17 02:00:00,0.16407
Netherlands,NLD,2022-03-17 02:00:00,2022-03-17 03:00:00,0.16454
Netherlands,NLD,2022-03-17 03:00:00,2022-03-17 04:00:00,0.18
Netherlands,NLD,2022-03-17 04:00:00,2022-03-17 05:00:00,0.2001
Netherlands,NLD,2022-03-17 05:00:00,2022-03-17 06:00:00,0.22319999999999998
Netherlands,NLD,2022-03-17 06:00:00,2022-03-17 07:00:00,0.2501
Netherlands,NLD,2022-03-17 07:00:00,2022-03-17 08:00:00,0.32029
Netherlands,NLD,2022-03-17 08:00:00,2022-03-17 09:00:00,0.2381
Netherlands,NLD,2022-03-17 09:00:00,2022-03-17 10:00:00,0.25271
Netherlands,NLD,2022-03-17 10:00:00,2022-03-17 11:00:00,0.20706
Netherlands,NLD,2022-03-17 11:00:00,2022-03-17 12:00:00,0.17839
Netherlands,NLD,2022-03-17 12:00:00,2022-03-17 13:00:00,0.1999
Netherlands,NLD,2022-03-17 13:00:00,2022-03-17 14:00:00,0.22
Netherlands,NLD,2022-03-17 14:00:00,2022-03-17 15:00:00,0.241
Netherlands,NLD,2022-03-17 15:00:00,2022-03-17 16:00:00,0.22340000000000002
Netherlands,NLD,2022-03-17 16:00:00,2022-03-17 17:00:00,0.24997999999999998
Netherlands,NLD,2022-03-17 17:00:00,2022-03-17 18:00:00,0.28732
Netherlands,NLD,2022-03-17 18:00:00,2022-03-17 19:00:00,0.34720999999999996
Netherlands,NLD,2022-03-17 19:00:00,2022-03-17 20:00:00,0.29592
Netherlands,NLD,2022-03-17 20:00:00,2022-03-17 21:00:00,0.25929
Netherlands,NLD,2022-03-17 21:00:00,2022-03-17 22:00:00,0.24466
Netherlands,NLD,2022-03-17 22:00:00,2022-03-17 23:00:00,0.2372
Netherlands,NLD,2022-03-17 23:00:00,2022-03-18 00:00:00,0.20303
Netherlands,NLD,2022-03-18 00:00:00,2022-03-18 01:00:00,0.20697
Netherlands,NLD,2022-03-18 01:00:00,2022-03-18 02:00:00,0.23055
Netherlands,NLD,2022-03-18 02:00:00,2022-03-18 03:00:00,0.2065
Netherlands,NLD,2022-03-18 03:00:00,2022-03-18 04:00:00,0.2099
Netherlands,NLD,2022-03-18 04:00:00,2022-03-18 05:00:00,0.21706
Netherlands,NLD,2022-03-18 05:00:00,2022-03-18 06:00:00,0.26297000000000004
Netherlands,NLD,2022-03-18 06:00:00,2022-03-18 07:00:00,0.29151
Netherlands,NLD,2022-03-18 07:00:00,2022-03-18 08:00:00,0.28781
Netherlands,NLD,2022-03-18 08:00:00,2022-03-18 09:00:00,0.23979
Netherlands,NLD,2022-03-18 09:00:00,2022-03-18 10:00:00,0.20959999999999998
Netherlands,NLD,2022-03-18 10:00:00,2022-03-18 11:00:00,0.19366999999999998
Netherlands,NLD,2022-03-18 11:00:00,2022-03-18 12:00:00,0.19741999999999998
Netherlands,NLD,2022-03-18 12:00:00,2022-03-18 13:00:00,0.19718
Netherlands,NLD,2022-03-18 13:00:00,2022-03-18 14:00:00,0.2001
Netherlands,NLD,2022-03-18 14:00:00,2022-03-18 15:00:00,0.19997
Netherlands,NLD,2022-03-18 15:00:00,2022-03-18 16:00:00,0.20703
Netherlands,NLD,2022-03-18 16:00:00,2022-03-18 17:00:00,0.24553999999999998
Netherlands,NLD,2022-03-18 17:00:00,2022-03-18 18:00:00,0.27531
Netherlands,NLD,2022-03-18 18:00:00,2022-03-18 19:00:00,0.28652
Netherlands,NLD,2022-03-18 19:00:00,2022-03-18 20:00:00,0.2499
Netherlands,NLD,2022-03-18 20:00:00,2022-03-18 21:00:00,0.21694
Netherlands,NLD,2022-03-18 21:00:00,2022-03-18 22:00:00,0.2285
Netherlands,NLD,2022-03-18 22:00:00,2022-03-18 23:00:00,0.18693
Netherlands,NLD,2022-03-18 23:00:00,2022-03-19 00:00:00,0.18994
Netherlands,NLD,2022-03-19 00:00:00,2022-03-19 01:00:00,0.1899
Netherlands,NLD,2022-03-19 01:00:00,2022-03-19 02:00:00,0.18556999999999998
Netherlands,NLD,2022-03-19 02:00:00,2022-03-19 03:00:00,0.18466
Netherlands,NLD,2022-03-19 03:00:00,2022-03-19 04:00:00,0.18506
Netherlands,NLD,2022-03-19 04:00:00,2022-03-19 05:00:00,0.19080000000000003
Netherlands,NLD,2022-03-19 05:00:00,2022-03-19 06:00:00,0.19823
Netherlands,NLD,2022-03-19 06:00:00,2022-03-19 07:00:00,0.20414
Netherlands,NLD,2022-03-19 07:00:00,2022-03-19 08:00:00,0.19434
Netherlands,NLD,2022-03-19 08:00:00,2022-03-19 09:00:00,0.14
Netherlands,NLD,2022-03-19 09:00:00,2022-03-19 10:00:00,0.09638
Netherlands,NLD,2022-03-19 10:00:00,2022-03-19 11:00:00,0.01273
Netherlands,NLD,2022-03-19 11:00:00,2022-03-19 12:00:00,-0.00802
Netherlands,NLD,2022-03-19 12:00:00,2022-03-19 13:00:00,-0.02289
Netherlands,NLD,2022-03-19 13:00:00,2022-03-19 14:00:00,-0.0038
Netherlands,NLD,2022-03-19 14:00:00,2022-03-19 15:00:00,0.0
Netherlands,NLD,2022-03-19 15:00:00,2022-03-19 16:00:00,0.03958
Netherlands,NLD,2022-03-19 16:00:00,2022-03-19 17:00:00,0.19043000000000002
Netherlands,NLD,2022-03-19 17:00:00,2022-03-19 18:00:00,0.25935
Netherlands,NLD,2022-03-19 18:00:00,2022-03-19 19:00:00,0.2958
Netherlands,NLD,2022-03-19 19:00:00,2022-03-19 20:00:00,0.22291
Netherlands,NLD,2022-03-19 20:00:00,2022-03-19 21:00:00,0.1999
Netherlands,NLD,2022-03-19 21:00:00,2022-03-19 22:00:00,0.1999
Netherlands,NLD,2022-03-19 22:00:00,2022-03-19 23:00:00,0.20416
Netherlands,NLD,2022-03-19 23:00:00,2022-03-20 00:00:00,0.1963
Netherlands,NLD,2022-03-20 00:00:00,2022-03-20 01:00:00,0.17149
Netherlands,NLD,2022-03-20 01:00:00,2022-03-20 02:00:00,0.15765
Netherlands,NLD,2022-03-20 02:00:00,2022-03-20 03:00:00,0.15
Netherlands,NLD,2022-03-20 03:00:00,2022-03-20 04:00:00,0.15647
Netherlands,NLD,2022-03-20 04:00:00,2022-03-20 05:00:00,0.15756
Netherlands,NLD,2022-03-20 05:00:00,2022-03-20 06:00:00,0.17032
Netherlands,NLD,2022-03-20 06:00:00,2022-03-20 07:00:00,0.15947
Netherlands,NLD,2022-03-20 07:00:00,2022-03-20 08:00:00,0.1401
Netherlands,NLD,2022-03-20 08:00:00,2022-03-20 09:00:00,0.0777
Netherlands,NLD,2022-03-20 09:00:00,2022-03-20 10:00:00,-0.0001
Netherlands,NLD,2022-03-20 10:00:00,2022-03-20 11:00:00,-0.00531
Netherlands,NLD,2022-03-20 11:00:00,2022-03-20 12:00:00,-0.01681
Netherlands,NLD,2022-03-20 12:00:00,2022-03-20 13:00:00,-0.019039999999999998
Netherlands,NLD,2022-03-20 13:00:00,2022-03-20 14:00:00,0.0
Netherlands,NLD,2022-03-20 14:00:00,2022-03-20 15:00:00,0.14066
Netherlands,NLD,2022-03-20 15:00:00,2022-03-20 16:00:00,0.18783000000000002
Netherlands,NLD,2022-03-20 16:00:00,2022-03-20 17:00:00,0.21230000000000002
Netherlands,NLD,2022-03-20 17:00:00,2022-03-20 18:00:00,0.24697
Netherlands,NLD,2022-03-20 18:00:00,2022-03-20 19:00:00,0.3479
Netherlands,NLD,2022-03-20 19:00:00,2022-03-20 20:00:00,0.29541
Netherlands,NLD,2022-03-20 20:00:00,2022-03-20 21:00:00,0.2537
Netherlands,NLD,2022-03-20 21:00:00,2022-03-20 22:00:00,0.21530000000000002
Netherlands,NLD,2022-03-20 22:00:00,2022-03-20 23:00:00,0.215
Netherlands,NLD,2022-03-20 23:00:00,2022-03-21 00:00:00,0.19485
Netherlands,NLD,2022-03-21 00:00:00,2022-03-21 01:00:00,0.19435
Netherlands,NLD,2022-03-21 01:00:00,2022-03-21 02:00:00,0.18
Netherlands,NLD,2022-03-21 02:00:00,2022-03-21 03:00:00,0.18686000000000003
Netherlands,NLD,2022-03-21 03:00:00,2022-03-21 04:00:00,0.19669999999999999
Netherlands,NLD,2022-03-21 04:00:00,2022-03-21 05:00:00,0.18685
Netherlands,NLD,2022-03-21 05:00:00,2022-03-21 06:00:00,0.264
Netherlands,NLD,2022-03-21 06:00:00,2022-03-21 07:00:00,0.288
Netherlands,NLD,2022-03-21 07:00:00,2022-03-21 08:00:00,0.26842
Netherlands,NLD,2022-03-21 08:00:00,2022-03-21 09:00:00,0.21029
Netherlands,NLD,2022-03-21 09:00:00,2022-03-21 10:00:00,0.1928
Netherlands,NLD,2022-03-21 10:00:00,2022-03-21 11:00:00,0.1745
Netherlands,NLD,2022-03-21 11:00:00,2022-03-21 12:00:00,0.15699000000000002
Netherlands,NLD,2022-03-21 12:00:00,2022-03-21 13:00:00,0.15
Netherlands,NLD,2022-03-21 13:00:00,2022-03-21 14:00:00,0.15071
Netherlands,NLD,2022-03-21 14:00:00,2022-03-21 15:00:00,0.21121
Netherlands,NLD,2022-03-21 15:00:00,2022-03-21 16:00:00,0.2323
Netherlands,NLD,2022-03-21 16:00:00,2022-03-21 17:00:00,0.2582
Netherlands,NLD,2022-03-21 17:00:00,2022-03-21 18:00:00,0.30960000000000004
Netherlands,NLD,2022-03-21 18:00:00,2022-03-21 19:00:00,0.33698
Netherlands,NLD,2022-03-21 19:00:00,2022-03-21 20:00:00,0.25841000000000003
Netherlands,NLD,2022-03-21 20:00:00,2022-03-21 21:00:00,0.21345
Netherlands,NLD,2022-03-21 21:00:00,2022-03-21 22:00:00,0.1999
Netherlands,NLD,2022-03-21 22:00:00,2022-03-21 23:00:00,0.19319999999999998
Netherlands,NLD,2022-03-21 23:00:00,2022-03-22 00:00:00,0.223
Netherlands,NLD,2022-03-22 00:00:00,2022-03-22 01:00:00,0.215
Netherlands,NLD,2022-03-22 01:00:00,2022-03-22 02:00:00,0.207
Netherlands,NLD,2022-03-22 02:00:00,2022-03-22 03:00:00,0.20636000000000002
Netherlands,NLD,2022-03-22 03:00:00,2022-03-22 04:00:00,0.203
Netherlands,NLD,2022-03-22 04:00:00,2022-03-22 05:00:00,0.22091999999999998
Netherlands,NLD,2022-03-22 05:00:00,2022-03-22 06:00:00,0.2737
Netherlands,NLD,2022-03-22 06:00:00,2022-03-22 07:00:00,0.28734
Netherlands,NLD,2022-03-22 07:00:00,2022-03-22 08:00:00,0.2811
Netherlands,NLD,2022-03-22 08:00:00,2022-03-22 09:00:00,0.23418
Netherlands,NLD,2022-03-22 09:00:00,2022-03-22 10:00:00,0.1999
Netherlands,NLD,2022-03-22 10:00:00,2022-03-22 11:00:00,0.18048
Netherlands,NLD,2022-03-22 11:00:00,2022-03-22 12:00:00,0.17318
Netherlands,NLD,2022-03-22 12:00:00,2022-03-22 13:00:00,0.17758000000000002
Netherlands,NLD,2022-03-22 13:00:00,2022-03-22 14:00:00,0.19346000000000002
Netherlands,NLD,2022-03-22 14:00:00,2022-03-22 15:00:00,0.19986
Netherlands,NLD,2022-03-22 15:00:00,2022-03-22 16:00:00,0.23001
Netherlands,NLD,2022-03-22 16:00:00,2022-03-22 17:00:00,0.22194
Netherlands,NLD,2022-03-22 17:00:00,2022-03-22 18:00:00,0.30102999999999996
Netherlands,NLD,2022-03-22 18:00:00,2022-03-22 19:00:00,0.351
Netherlands,NLD,2022-03-22 19:00:00,2022-03-22 20:00:00,0.29084
Netherlands,NLD,2022-03-22 20:00:00,2022-03-22 21:00:00,0.2499
Netherlands,NLD,2022-03-22 21:00:00,2022-03-22 22:00:00,0.2401
Netherlands,NLD,2022-03-22 22:00:00,2022-03-22 23:00:00,0.21524000000000001
Netherlands,NLD,2022-03-22 23:00:00,2022-03-23 00:00:00,0.21131
Netherlands,NLD,2022-03-23 00:00:00,2022-03-23 01:00:00,0.20005
Netherlands,NLD,2022-03-23 01:00:00,2022-03-23 02:00:00,0.20062
Netherlands,NLD,2022-03-23 02:00:00,2022-03-23 03:00:00,0.19808
Netherlands,NLD,2022-03-23 03:00:00,2022-03-23 04:00:00,0.20409
Netherlands,NLD,2022-03-23 04:00:00,2022-03-23 05:00:00,0.22615000000000002
Netherlands,NLD,2022-03-23 05:00:00,2022-03-23 06:00:00,0.27545
Netherlands,NLD,2022-03-23 06:00:00,2022-03-23 07:00:00,0.29925
Netherlands,NLD,2022-03-23 07:00:00,2022-03-23 08:00:00,0.28
Netherlands,NLD,2022-03-23 08:00:00,2022-03-23 09:00:00,0.19569999999999999
Netherlands,NLD,2022-03-23 09:00:00,2022-03-23 10:00:00,0.1894
Netherlands,NLD,2022-03-23 10:00:00,2022-03-23 11:00:00,0.18073
Netherlands,NLD,2022-03-23 11:00:00,2022-03-23 12:00:00,0.165
Netherlands,NLD,2022-03-23 12:00:00,2022-03-23 13:00:00,0.17165
Netherlands,NLD,2022-03-23 13:00:00,2022-03-23 14:00:00,0.18461000000000002
Netherlands,NLD,2022-03-23 14:00:00,2022-03-23 15:00:00,0.2022
Netherlands,NLD,2022-03-23 15:00:00,2022-03-23 16:00:00,0.21799000000000002
Netherlands,NLD,2022-03-23 16:00:00,2022-03-23 17:00:00,0.26605
Netherlands,NLD,2022-03-23 17:00:00,2022-03-23 18:00:00,0.31227999999999995
Netherlands,NLD,2022-03-23 18:00:00,2022-03-23 19:00:00,0.37414
Netherlands,NLD,2022-03-23 19:00:00,2022-03-23 20:00:00,0.31103
Netherlands,NLD,2022-03-23 20:00:00,2022-03-23 21:00:00,0.27
Netherlands,NLD,2022-03-23 21:00:00,2022-03-23 22:00:00,0.2425
Netherlands,NLD,2022-03-23 22:00:00,2022-03-23 23:00:00,0.19538
Netherlands,NLD,2022-03-23 23:00:00,2022-03-24 00:00:00,0.20253
Netherlands,NLD,2022-03-24 00:00:00,2022-03-24 01:00:00,0.21169
Netherlands,NLD,2022-03-24 01:00:00,2022-03-24 02:00:00,0.21112999999999998
Netherlands,NLD,2022-03-24 02:00:00,2022-03-24 03:00:00,0.21180000000000002
Netherlands,NLD,2022-03-24 03:00:00,2022-03-24 04:00:00,0.21293
Netherlands,NLD,2022-03-24 04:00:00,2022-03-24 05:00:00,0.22332
Netherlands,NLD,2022-03-24 05:00:00,2022-03-24 06:00:00,0.28297000000000005
Netherlands,NLD,2022-03-24 06:00:00,2022-03-24 07:00:00,0.30507
Netherlands,NLD,2022-03-24 07:00:00,2022-03-24 08:00:00,0.21489
Netherlands,NLD,2022-03-24 08:00:00,2022-03-24 09:00:00,0.199
Netherlands,NLD,2022-03-24 09:00:00,2022-03-24 10:00:00,0.19491999999999998
Netherlands,NLD,2022-03-24 10:00:00,2022-03-24 11:00:00,0.19494
Netherlands,NLD,2022-03-24 11:00:00,2022-03-24 12:00:00,0.17997
Netherlands,NLD,2022-03-24 12:00:00,2022-03-24 13:00:00,0.18
Netherlands,NLD,2022-03-24 13:00:00,2022-03-24 14:00:00,0.19268000000000002
Netherlands,NLD,2022-03-24 14:00:00,2022-03-24 15:00:00,0.20692
Netherlands,NLD,2022-03-24 15:00:00,2022-03-24 16:00:00,0.23258
Netherlands,NLD,2022-03-24 16:00:00,2022-03-24 17:00:00,0.26699
Netherlands,NLD,2022-03-24 17:00:00,2022-03-24 18:00:00,0.31076
Netherlands,NLD,2022-03-24 18:00:00,2022-03-24 19:00:00,0.37111
Netherlands,NLD,2022-03-24 19:00:00,2022-03-24 20:00:00,0.2954
Netherlands,NLD,2022-03-24 20:00:00,2022-03-24 21:00:00,0.25686000000000003
Netherlands,NLD,2022-03-24 21:00:00,2022-03-24 22:00:00,0.24004
Netherlands,NLD,2022-03-24 22:00:00,2022-03-24 23:00:00,0.203
Netherlands,NLD,2022-03-24 23:00:00,2022-03-25 00:00:00,0.26248
Netherlands,NLD,2022-03-25 00:00:00,2022-03-25 01:00:00,0.242
Netherlands,NLD,2022-03-25 01:00:00,2022-03-25 02:00:00,0.23429
Netherlands,NLD,2022-03-25 02:00:00,2022-03-25 03:00:00,0.23015
Netherlands,NLD,2022-03-25 03:00:00,2022-03-25 04:00:00,0.22601
Netherlands,NLD,2022-03-25 04:00:00,2022-03-25 05:00:00,0.25490999999999997
Netherlands,NLD,2022-03-25 05:00:00,2022-03-25 06:00:00,0.315
Netherlands,NLD,2022-03-25 06:00:00,2022-03-25 07:00:00,0.33386
Netherlands,NLD,2022-03-25 07:00:00,2022-03-25 08:00:00,0.24
Netherlands,NLD,2022-03-25 08:00:00,2022-03-25 09:00:00,0.2201
Netherlands,NLD,2022-03-25 09:00:00,2022-03-25 10:00:00,0.2099
Netherlands,NLD,2022-03-25 10:00:00,2022-03-25 11:00:00,0.18603999999999998
Netherlands,NLD,2022-03-25 11:00:00,2022-03-25 12:00:00,0.1724
Netherlands,NLD,2022-03-25 12:00:00,2022-03-25 13:00:00,0.16975
Netherlands,NLD,2022-03-25 13:00:00,2022-03-25 14:00:00,0.17857
Netherlands,NLD,2022-03-25 14:00:00,2022-03-25 15:00:00,0.19926
Netherlands,NLD,2022-03-25 15:00:00,2022-03-25 16:00:00,0.25107
Netherlands,NLD,2022-03-25 16:00:00,2022-03-25 17:00:00,0.27627999999999997
Netherlands,NLD,2022-03-25 17:00:00,2022-03-25 18:00:00,0.30077
Netherlands,NLD,2022-03-25 18:00:00,2022-03-25 19:00:00,0.3399
Netherlands,NLD,2022-03-25 19:00:00,2022-03-25 20:00:00,0.2699
Netherlands,NLD,2022-03-25 20:00:00,2022-03-25 21:00:00,0.2309
Netherlands,NLD,2022-03-25 21:00:00,2022-03-25 22:00:00,0.23363
Netherlands,NLD,2022-03-25 22:00:00,2022-03-25 23:00:00,0.2315
Netherlands,NLD,2022-03-25 23:00:00,2022-03-26 00:00:00,0.24068
Netherlands,NLD,2022-03-26 00:00:00,2022-03-26 01:00:00,0.22688
Netherlands,NLD,2022-03-26 01:00:00,2022-03-26 02:00:00,0.19736
Netherlands,NLD,2022-03-26 02:00:00,2022-03-26 03:00:00,0.258
Netherlands,NLD,2022-03-26 03:00:00,2022-03-26 04:00:00,0.2194
Netherlands,NLD,2022-03-26 04:00:00,2022-03-26 05:00:00,0.21618
Netherlands,NLD,2022-03-26 05:00:00,2022-03-26 06:00:00,0.2075
Netherlands,NLD,2022-03-26 06:00:00,2022-03-26 07:00:00,0.21199
Netherlands,NLD,2022-03-26 07:00:00,2022-03-26 08:00:00,0.2299
Netherlands,NLD,2022-03-26 08:00:00,2022-03-26 09:00:00,0.13344999999999999
Netherlands,NLD,2022-03-26 09:00:00,2022-03-26 10:00:00,0.11005
Netherlands,NLD,2022-03-26 10:00:00,2022-03-26 11:00:00,0.0062
Netherlands,NLD,2022-03-26 11:00:00,2022-03-26 12:00:00,1e-05
Netherlands,NLD,2022-03-26 12:00:00,2022-03-26 13:00:00,-0.00287
Netherlands,NLD,2022-03-26 13:00:00,2022-03-26 14:00:00,0.01573
Netherlands,NLD,2022-03-26 14:00:00,2022-03-26 15:00:00,0.12982
Netherlands,NLD,2022-03-26 15:00:00,2022-03-26 16:00:00,0.19903
Netherlands,NLD,2022-03-26 16:00:00,2022-03-26 17:00:00,0.23242
Netherlands,NLD,2022-03-26 17:00:00,2022-03-26 18:00:00,0.2625
Netherlands,NLD,2022-03-26 18:00:00,2022-03-26 19:00:00,0.29224
Netherlands,NLD,2022-03-26 19:00:00,2022-03-26 20:00:00,0.27004
Netherlands,NLD,2022-03-26 20:00:00,2022-03-26 21:00:00,0.24498
Netherlands,NLD,2022-03-26 21:00:00,2022-03-26 22:00:00,0.24494
Netherlands,NLD,2022-03-26 22:00:00,2022-03-26 23:00:00,0.23775
Netherlands,NLD,2022-03-26 23:00:00,2022-03-27 00:00:00,0.235
Netherlands,NLD,2022-03-27 00:00:00,2022-03-27 01:00:00,0.22193000000000002
Netherlands,NLD,2022-03-27 01:00:00,2022-03-27 03:00:00,0.21402000000000002
Netherlands,NLD,2022-03-27 02:00:00,2022-03-27 04:00:00,0.212
Netherlands,NLD,2022-03-27 03:00:00,2022-03-27 05:00:00,0.21109
Netherlands,NLD,2022-03-27 04:00:00,2022-03-27 06:00:00,0.21031
Netherlands,NLD,2022-03-27 05:00:00,2022-03-27 07:00:00,0.21403
Netherlands,NLD,2022-03-27 06:00:00,2022-03-27 08:00:00,0.21408000000000002
Netherlands,NLD,2022-03-27 07:00:00,2022-03-27 09:00:00,0.21406999999999998
Netherlands,NLD,2022-03-27 08:00:00,2022-03-27 10:00:00,0.20502
Netherlands,NLD,2022-03-27 09:00:00,2022-03-27 11:00:00,0.19237
Netherlands,NLD,2022-03-27 10:00:00,2022-03-27 12:00:00,0.14257
Netherlands,NLD,2022-03-27 11:00:00,2022-03-27 13:00:00,0.08990000000000001
Netherlands,NLD,2022-03-27 12:00:00,2022-03-27 14:00:00,0.07797
Netherlands,NLD,2022-03-27 13:00:00,2022-03-27 15:00:00,0.09006
Netherlands,NLD,2022-03-27 14:00:00,2022-03-27 16:00:00,0.14159
Netherlands,NLD,2022-03-27 15:00:00,2022-03-27 17:00:00,0.19483
Netherlands,NLD,2022-03-27 16:00:00,2022-03-27 18:00:00,0.22
Netherlands,NLD,2022-03-27 17:00:00,2022-03-27 19:00:00,0.25
Netherlands,NLD,2022-03-27 18:00:00,2022-03-27 20:00:00,0.27575
Netherlands,NLD,2022-03-27 19:00:00,2022-03-27 21:00:00,0.2601
Netherlands,NLD,2022-03-27 20:00:00,2022-03-27 22:00:00,0.24331
Netherlands,NLD,2022-03-27 21:00:00,2022-03-27 23:00:00,0.219
Netherlands,NLD,2022-03-27 22:00:00,2022-03-28 00:00:00,0.19225
Netherlands,NLD,2022-03-27 23:00:00,2022-03-28 01:00:00,0.19509
Netherlands,NLD,2022-03-28 00:00:00,2022-03-28 02:00:00,0.19172999999999998
Netherlands,NLD,2022-03-28 01:00:00,2022-03-28 03:00:00,0.19509
Netherlands,NLD,2022-03-28 02:00:00,2022-03-28 04:00:00,0.19501
Netherlands,NLD,2022-03-28 03:00:00,2022-03-28 05:00:00,0.20709
Netherlands,NLD,2022-03-28 04:00:00,2022-03-28 06:00:00,0.27494999999999997
Netherlands,NLD,2022-03-28 05:00:00,2022-03-28 07:00:00,0.3
Netherlands,NLD,2022-03-28 06:00:00,2022-03-28 08:00:00,0.25
Netherlands,NLD,2022-03-28 07:00:00,2022-03-28 09:00:00,0.19749
Netherlands,NLD,2022-03-28 08:00:00,2022-03-28 10:00:00,0.19626
Netherlands,NLD,2022-03-28 09:00:00,2022-03-28 11:00:00,0.22
Netherlands,NLD,2022-03-28 10:00:00,2022-03-28 12:00:00,0.19369999999999998
Netherlands,NLD,2022-03-28 11:00:00,2022-03-28 13:00:00,0.18803999999999998
Netherlands,NLD,2022-03-28 12:00:00,2022-03-28 14:00:00,0.1871
Netherlands,NLD,2022-03-28 13:00:00,2022-03-28 15:00:00,0.18686000000000003
Netherlands,NLD,2022-03-28 14:00:00,2022-03-28 16:00:00,0.18872999999999998
Netherlands,NLD,2022-03-28 15:00:00,2022-03-28 17:00:00,0.19084
Netherlands,NLD,2022-03-28 16:00:00,2022-03-28 18:00:00,0.26031
Netherlands,NLD,2022-03-28 17:00:00,2022-03-28 19:00:00,0.30462
Netherlands,NLD,2022-03-28 18:00:00,2022-03-28 20:00:00,0.24861000000000003
Netherlands,NLD,2022-03-28 19:00:00,2022-03-28 21:00:00,0.219
Netherlands,NLD,2022-03-28 20:00:00,2022-03-28 22:00:00,0.19982
Netherlands,NLD,2022-03-28 21:00:00,2022-03-28 23:00:00,0.19785
Netherlands,NLD,2022-03-28 22:00:00,2022-03-29 00:00:00,0.21352000000000002
Netherlands,NLD,2022-03-28 23:00:00,2022-03-29 01:00:00,0.21162999999999998
Netherlands,NLD,2022-03-29 00:00:00,2022-03-29 02:00:00,0.20793999999999999
Netherlands,NLD,2022-03-29 01:00:00,2022-03-29 03:00:00,0.21
Netherlands,NLD,2022-03-29 02:00:00,2022-03-29 04:00:00,0.20904
Netherlands,NLD,2022-03-29 03:00:00,2022-03-29 05:00:00,0.22527
Netherlands,NLD,2022-03-29 04:00:00,2022-03-29 06:00:00,0.2079
Netherlands,NLD,2022-03-29 05:00:00,2022-03-29 07:00:00,0.255
Netherlands,NLD,2022-03-29 06:00:00,2022-03-29 08:00:00,0.29499000000000003
Netherlands,NLD,2022-03-29 07:00:00,2022-03-29 09:00:00,0.2999
Netherlands,NLD,2022-03-29 08:00:00,2022-03-29 10:00:00,0.25789
Netherlands,NLD,2022-03-29 09:00:00,2022-03-29 11:00:00,0.27594
Netherlands,NLD,2022-03-29 10:00:00,2022-03-29 12:00:00,0.2102
Netherlands,NLD,2022-03-29 11:00:00,2022-03-29 13:00:00,0.20576
Netherlands,NLD,2022-03-29 12:00:00,2022-03-29 14:00:00,0.21484
Netherlands,NLD,2022-03-29 13:00:00,2022-03-29 15:00:00,0.20096
Netherlands,NLD,2022-03-29 14:00:00,2022-03-29 16:00:00,0.2201
Netherlands,NLD,2022-03-29 15:00:00,2022-03-29 17:00:00,0.24653
Netherlands,NLD,2022-03-29 16:00:00,2022-03-29 18:00:00,0.268
Netherlands,NLD,2022-03-29 17:00:00,2022-03-29 19:00:00,0.27496
Netherlands,NLD,2022-03-29 18:00:00,2022-03-29 20:00:00,0.26195999999999997
Netherlands,NLD,2022-03-29 19:00:00,2022-03-29 21:00:00,0.249
Netherlands,NLD,2022-03-29 20:00:00,2022-03-29 22:00:00,0.21131
Netherlands,NLD,2022-03-29 21:00:00,2022-03-29 23:00:00,0.1916
Netherlands,NLD,2022-03-29 22:00:00,2022-03-30 00:00:00,0.21484
Netherlands,NLD,2022-03-29 23:00:00,2022-03-30 01:00:00,0.20989
Netherlands,NLD,2022-03-30 00:00:00,2022-03-30 02:00:00,0.225
Netherlands,NLD,2022-03-30 01:00:00,2022-03-30 03:00:00,0.22908
Netherlands,NLD,2022-03-30 02:00:00,2022-03-30 04:00:00,0.23233
Netherlands,NLD,2022-03-30 03:00:00,2022-03-30 05:00:00,0.242
Netherlands,NLD,2022-03-30 04:00:00,2022-03-30 06:00:00,0.283
Netherlands,NLD,2022-03-30 05:00:00,2022-03-30 07:00:00,0.3058
Netherlands,NLD,2022-03-30 06:00:00,2022-03-30 08:00:00,0.32689999999999997
Netherlands,NLD,2022-03-30 07:00:00,2022-03-30 09:00:00,0.28966000000000003
Netherlands,NLD,2022-03-30 08:00:00,2022-03-30 10:00:00,0.232
Netherlands,NLD,2022-03-30 09:00:00,2022-03-30 11:00:00,0.22191999999999998
Netherlands,NLD,2022-03-30 10:00:00,2022-03-30 12:00:00,0.2265
Netherlands,NLD,2022-03-30 11:00:00,2022-03-30 13:00:00,0.2117
Netherlands,NLD,2022-03-30 12:00:00,2022-03-30 14:00:00,0.20964
Netherlands,NLD,2022-03-30 13:00:00,2022-03-30 15:00:00,0.21991
Netherlands,NLD,2022-03-30 14:00:00,2022-03-30 16:00:00,0.23895
Netherlands,NLD,2022-03-30 15:00:00,2022-03-30 17:00:00,0.26981
Netherlands,NLD,2022-03-30 16:00:00,2022-03-30 18:00:00,0.29469999999999996
Netherlands,NLD,2022-03-30 17:00:00,2022-03-30 19:00:00,0.30997
Netherlands,NLD,2022-03-30 18:00:00,2022-03-30 20:00:00,0.25
Netherlands,NLD,2022-03-30 19:00:00,2022-03-30 21:00:00,0.23431
Netherlands,NLD,2022-03-30 20:00:00,2022-03-30 22:00:00,0.24997
Netherlands,NLD,2022-03-30 21:00:00,2022-03-30 23:00:00,0.2304
Netherlands,NLD,2022-03-30 22:00:00,2022-03-31 00:00:00,0.20066
Netherlands,NLD,2022-03-30 23:00:00,2022-03-31 01:00:00,0.20429
Netherlands,NLD,2022-03-31 00:00:00,2022-03-31 02:00:00,0.2001
Netherlands,NLD,2022-03-31 01:00:00,2022-03-31 03:00:00,0.202
Netherlands,NLD,2022-03-31 02:00:00,2022-03-31 04:00:00,0.2499
Netherlands,NLD,2022-03-31 03:00:00,2022-03-31 05:00:00,0.2299
Netherlands,NLD,2022-03-31 04:00:00,2022-03-31 06:00:00,0.24982
Netherlands,NLD,2022-03-31 05:00:00,2022-03-31 07:00:00,0.294
Netherlands,NLD,2022-03-31 06:00:00,2022-03-31 08:00:00,0.32456
Netherlands,NLD,2022-03-31 07:00:00,2022-03-31 09:00:00,0.3
Netherlands,NLD,2022-03-31 08:00:00,2022-03-31 10:00:00,0.27365
Netherlands,NLD,2022-03-31 09:00:00,2022-03-31 11:00:00,0.31473
Netherlands,NLD,2022-03-31 10:00:00,2022-03-31 12:00:00,0.30228
Netherlands,NLD,2022-03-31 11:00:00,2022-03-31 13:00:00,0.3
Netherlands,NLD,2022-03-31 12:00:00,2022-03-31 14:00:00,0.294
Netherlands,NLD,2022-03-31 13:00:00,2022-03-31 15:00:00,0.279
Netherlands,NLD,2022-03-31 14:00:00,2022-03-31 16:00:00,0.25498
Netherlands,NLD,2022-03-31 15:00:00,2022-03-31 17:00:00,0.24624000000000001
Netherlands,NLD,2022-03-31 16:00:00,2022-03-31 18:00:00,0.29477
Netherlands,NLD,2022-03-31 17:00:00,2022-03-31 19:00:00,0.275
Netherlands,NLD,2022-03-31 18:00:00,2022-03-31 20:00:00,0.2401
Netherlands,NLD,2022-03-31 19:00:00,2022-03-31 21:00:00,0.2366
Netherlands,NLD,2022-03-31 20:00:00,2022-03-31 22:00:00,0.236
Netherlands,NLD,2022-03-31 21:00:00,2022-03-31 23:00:00,0.19499
Netherlands,NLD,2022-03-31 22:00:00,2022-04-01 00:00:00,0.17326
Netherlands,NLD,2022-03-31 23:00:00,2022-04-01 01:00:00,0.15230000000000002
Netherlands,NLD,2022-04-01 00:00:00,2022-04-01 02:00:00,0.15990000000000001
Netherlands,NLD,2022-04-01 01:00:00,2022-04-01 03:00:00,0.151
Netherlands,NLD,2022-04-01 02:00:00,2022-04-01 04:00:00,0.15
Netherlands,NLD,2022-04-01 03:00:00,2022-04-01 05:00:00,0.17
Netherlands,NLD,2022-04-01 04:00:00,2022-04-01 06:00:00,0.18141
Netherlands,NLD,2022-04-01 05:00:00,2022-04-01 07:00:00,0.20665
Netherlands,NLD,2022-04-01 06:00:00,2022-04-01 08:00:00,0.28564
Netherlands,NLD,2022-04-01 07:00:00,2022-04-01 09:00:00,0.2499
Netherlands,NLD,2022-04-01 08:00:00,2022-04-01 10:00:00,0.204
Netherlands,NLD,2022-04-01 09:00:00,2022-04-01 11:00:00,0.18114
Netherlands,NLD,2022-04-01 10:00:00,2022-04-01 12:00:00,0.17194
Netherlands,NLD,2022-04-01 11:00:00,2022-04-01 13:00:00,0.15991
Netherlands,NLD,2022-04-01 12:00:00,2022-04-01 14:00:00,0.14709999999999998
Netherlands,NLD,2022-04-01 13:00:00,2022-04-01 15:00:00,0.14082
Netherlands,NLD,2022-04-01 14:00:00,2022-04-01 16:00:00,0.15
Netherlands,NLD,2022-04-01 15:00:00,2022-04-01 17:00:00,0.18380000000000002
Netherlands,NLD,2022-04-01 16:00:00,2022-04-01 18:00:00,0.20437
Netherlands,NLD,2022-04-01 17:00:00,2022-04-01 19:00:00,0.246
Netherlands,NLD,2022-04-01 18:00:00,2022-04-01 20:00:00,0.2999
Netherlands,NLD,2022-04-01 19:00:00,2022-04-01 21:00:00,0.266
Netherlands,NLD,2022-04-01 20:00:00,2022-04-01 22:00:00,0.29
Netherlands,NLD,2022-04-01 21:00:00,2022-04-01 23:00:00,0.29998
Netherlands,NLD,2022-04-01 22:00:00,2022-04-02 00:00:00,0.2276
Netherlands,NLD,2022-04-01 23:00:00,2022-04-02 01:00:00,0.2276
Netherlands,NLD,2022-04-02 00:00:00,2022-04-02 02:00:00,0.25105
Netherlands,NLD,2022-04-02 01:00:00,2022-04-02 03:00:00,0.2775
Netherlands,NLD,2022-04-02 02:00:00,2022-04-02 04:00:00,0.2276
Netherlands,NLD,2022-04-02 03:00:00,2022-04-02 05:00:00,0.2816
Netherlands,NLD,2022-04-02 04:00:00,2022-04-02 06:00:00,0.30565
Netherlands,NLD,2022-04-02 05:00:00,2022-04-02 07:00:00,0.31895
Netherlands,NLD,2022-04-02 06:00:00,2022-04-02 08:00:00,0.27335000000000004
Netherlands,NLD,2022-04-02 07:00:00,2022-04-02 09:00:00,0.20485
Netherlands,NLD,2022-04-02 08:00:00,2022-04-02 10:00:00,0.16977
Netherlands,NLD,2022-04-02 09:00:00,2022-04-02 11:00:00,0.16694
Netherlands,NLD,2022-04-02 10:00:00,2022-04-02 12:00:00,0.14776
Netherlands,NLD,2022-04-02 11:00:00,2022-04-02 13:00:00,0.10551
Netherlands,NLD,2022-04-02 12:00:00,2022-04-02 14:00:00,0.09095
Netherlands,NLD,2022-04-02 13:00:00,2022-04-02 15:00:00,0.11599
Netherlands,NLD,2022-04-02 14:00:00,2022-04-02 16:00:00,0.1499
Netherlands,NLD,2022-04-02 15:00:00,2022-04-02 17:00:00,0.17127
Netherlands,NLD,2022-04-02 16:00:00,2022-04-02 18:00:00,0.2276
Netherlands,NLD,2022-04-02 17:00:00,2022-04-02 19:00:00,0.27698
Netherlands,NLD,2022-04-02 18:00:00,2022-04-02 20:00:00,0.26966
Netherlands,NLD,2022-04-02 19:00:00,2022-04-02 21:00:00,0.28314
Netherlands,NLD,2022-04-02 20:00:00,2022-04-02 22:00:00,0.37010000000000004
Netherlands,NLD,2022-04-02 21:00:00,2022-04-02 23:00:00,0.25
Netherlands,NLD,2022-04-02 22:00:00,2022-04-03 00:00:00,0.24489
Netherlands,NLD,2022-04-02 23:00:00,2022-04-03 01:00:00,0.233
Netherlands,NLD,2022-04-03 00:00:00,2022-04-03 02:00:00,0.22469999999999998
Netherlands,NLD,2022-04-03 01:00:00,2022-04-03 03:00:00,0.22432
Netherlands,NLD,2022-04-03 02:00:00,2022-04-03 04:00:00,0.266
Netherlands,NLD,2022-04-03 03:00:00,2022-04-03 05:00:00,0.2761
Netherlands,NLD,2022-04-03 04:00:00,2022-04-03 06:00:00,0.2799
Netherlands,NLD,2022-04-03 05:00:00,2022-04-03 07:00:00,0.29669999999999996
Netherlands,NLD,2022-04-03 06:00:00,2022-04-03 08:00:00,0.22675
Netherlands,NLD,2022-04-03 07:00:00,2022-04-03 09:00:00,0.28
Netherlands,NLD,2022-04-03 08:00:00,2022-04-03 10:00:00,0.20229
Netherlands,NLD,2022-04-03 09:00:00,2022-04-03 11:00:00,0.20147
Netherlands,NLD,2022-04-03 10:00:00,2022-04-03 12:00:00,0.19546
Netherlands,NLD,2022-04-03 11:00:00,2022-04-03 13:00:00,0.18569
Netherlands,NLD,2022-04-03 12:00:00,2022-04-03 14:00:00,0.18525
Netherlands,NLD,2022-04-03 13:00:00,2022-04-03 15:00:00,0.17137
Netherlands,NLD,2022-04-03 14:00:00,2022-04-03 16:00:00,0.18494999999999998
Netherlands,NLD,2022-04-03 15:00:00,2022-04-03 17:00:00,0.26668000000000003
Netherlands,NLD,2022-04-03 16:00:00,2022-04-03 18:00:00,0.244
Netherlands,NLD,2022-04-03 17:00:00,2022-04-03 19:00:00,0.33089999999999997
Netherlands,NLD,2022-04-03 18:00:00,2022-04-03 20:00:00,0.358
Netherlands,NLD,2022-04-03 19:00:00,2022-04-03 21:00:00,0.2799
Netherlands,NLD,2022-04-03 20:00:00,2022-04-03 22:00:00,0.22469999999999998
Netherlands,NLD,2022-04-03 21:00:00,2022-04-03 23:00:00,0.19540000000000002
Netherlands,NLD,2022-04-03 22:00:00,2022-04-04 00:00:00,0.19
Netherlands,NLD,2022-04-03 23:00:00,2022-04-04 01:00:00,0.15772
Netherlands,NLD,2022-04-04 00:00:00,2022-04-04 02:00:00,0.12090000000000001
Netherlands,NLD,2022-04-04 01:00:00,2022-04-04 03:00:00,0.1155
Netherlands,NLD,2022-04-04 02:00:00,2022-04-04 04:00:00,0.0998
Netherlands,NLD,2022-04-04 03:00:00,2022-04-04 05:00:00,0.1147
Netherlands,NLD,2022-04-04 04:00:00,2022-04-04 06:00:00,0.16413999999999998
Netherlands,NLD,2022-04-04 05:00:00,2022-04-04 07:00:00,0.2
Netherlands,NLD,2022-04-04 06:00:00,2022-04-04 08:00:00,0.2546
Netherlands,NLD,2022-04-04 07:00:00,2022-04-04 09:00:00,0.299
Netherlands,NLD,2022-04-04 08:00:00,2022-04-04 10:00:00,0.282
Netherlands,NLD,2022-04-04 09:00:00,2022-04-04 11:00:00,0.2551
Netherlands,NLD,2022-04-04 10:00:00,2022-04-04 12:00:00,0.24630000000000002
Netherlands,NLD,2022-04-04 11:00:00,2022-04-04 13:00:00,0.2171
Netherlands,NLD,2022-04-04 12:00:00,2022-04-04 14:00:00,0.205
Netherlands,NLD,2022-04-04 13:00:00,2022-04-04 15:00:00,0.18009999999999998
Netherlands,NLD,2022-04-04 14:00:00,2022-04-04 16:00:00,0.2499
Netherlands,NLD,2022-04-04 15:00:00,2022-04-04 17:00:00,0.2728
Netherlands,NLD,2022-04-04 16:00:00,2022-04-04 18:00:00,0.2738
Netherlands,NLD,2022-04-04 17:00:00,2022-04-04 19:00:00,0.2499
Netherlands,NLD,2022-04-04 18:00:00,2022-04-04 20:00:00,0.25989999999999996
Netherlands,NLD,2022-04-04 19:00:00,2022-04-04 21:00:00,0.25989999999999996
Netherlands,NLD,2022-04-04 20:00:00,2022-04-04 22:00:00,0.2505
Netherlands,NLD,2022-04-04 21:00:00,2022-04-04 23:00:00,0.1776
Netherlands,NLD,2022-04-04 22:00:00,2022-04-05 00:00:00,0.20487
Netherlands,NLD,2022-04-04 23:00:00,2022-04-05 01:00:00,0.1956
Netherlands,NLD,2022-04-05 00:00:00,2022-04-05 02:00:00,0.1799
Netherlands,NLD,2022-04-05 01:00:00,2022-04-05 03:00:00,0.17939
Netherlands,NLD,2022-04-05 02:00:00,2022-04-05 04:00:00,0.207
Netherlands,NLD,2022-04-05 03:00:00,2022-04-05 05:00:00,0.2225
Netherlands,NLD,2022-04-05 04:00:00,2022-04-05 06:00:00,0.2399
Netherlands,NLD,2022-04-05 05:00:00,2022-04-05 07:00:00,0.282
Netherlands,NLD,2022-04-05 06:00:00,2022-04-05 08:00:00,0.3
Netherlands,NLD,2022-04-05 07:00:00,2022-04-05 09:00:00,0.30185
Netherlands,NLD,2022-04-05 08:00:00,2022-04-05 10:00:00,0.3128
Netherlands,NLD,2022-04-05 09:00:00,2022-04-05 11:00:00,0.27
Netherlands,NLD,2022-04-05 10:00:00,2022-04-05 12:00:00,0.2715
Netherlands,NLD,2022-04-05 11:00:00,2022-04-05 13:00:00,0.2288
Netherlands,NLD,2022-04-05 12:00:00,2022-04-05 14:00:00,0.18878
Netherlands,NLD,2022-04-05 13:00:00,2022-04-05 15:00:00,0.20947
Netherlands,NLD,2022-04-05 14:00:00,2022-04-05 16:00:00,0.2308
Netherlands,NLD,2022-04-05 15:00:00,2022-04-05 17:00:00,0.2621
Netherlands,NLD,2022-04-05 16:00:00,2022-04-05 18:00:00,0.28436
Netherlands,NLD,2022-04-05 17:00:00,2022-04-05 19:00:00,0.30993
Netherlands,NLD,2022-04-05 18:00:00,2022-04-05 20:00:00,0.26156
Netherlands,NLD,2022-04-05 19:00:00,2022-04-05 21:00:00,0.24395
Netherlands,NLD,2022-04-05 20:00:00,2022-04-05 22:00:00,0.21328999999999998
Netherlands,NLD,2022-04-05 21:00:00,2022-04-05 23:00:00,0.14
Netherlands,NLD,2022-04-05 22:00:00,2022-04-06 00:00:00,0.1999
Netherlands,NLD,2022-04-05 23:00:00,2022-04-06 01:00:00,0.16641
Netherlands,NLD,2022-04-06 00:00:00,2022-04-06 02:00:00,0.16246000000000002
Netherlands,NLD,2022-04-06 01:00:00,2022-04-06 03:00:00,0.1549
Netherlands,NLD,2022-04-06 02:00:00,2022-04-06 04:00:00,0.14
Netherlands,NLD,2022-04-06 03:00:00,2022-04-06 05:00:00,0.1499
Netherlands,NLD,2022-04-06 04:00:00,2022-04-06 06:00:00,0.17655
Netherlands,NLD,2022-04-06 05:00:00,2022-04-06 07:00:00,0.2074
Netherlands,NLD,2022-04-06 06:00:00,2022-04-06 08:00:00,0.19941
Netherlands,NLD,2022-04-06 07:00:00,2022-04-06 09:00:00,0.18249
Netherlands,NLD,2022-04-06 08:00:00,2022-04-06 10:00:00,0.18
Netherlands,NLD,2022-04-06 09:00:00,2022-04-06 11:00:00,0.18
Netherlands,NLD,2022-04-06 10:00:00,2022-04-06 12:00:00,0.16731000000000001
Netherlands,NLD,2022-04-06 11:00:00,2022-04-06 13:00:00,0.16490000000000002
Netherlands,NLD,2022-04-06 12:00:00,2022-04-06 14:00:00,0.1773
Netherlands,NLD,2022-04-06 13:00:00,2022-04-06 15:00:00,0.17848
Netherlands,NLD,2022-04-06 14:00:00,2022-04-06 16:00:00,0.17872
Netherlands,NLD,2022-04-06 15:00:00,2022-04-06 17:00:00,0.22221000000000002
Netherlands,NLD,2022-04-06 16:00:00,2022-04-06 18:00:00,0.2199
Netherlands,NLD,2022-04-06 17:00:00,2022-04-06 19:00:00,0.2401
Netherlands,NLD,2022-04-06 18:00:00,2022-04-06 20:00:00,0.25007
Netherlands,NLD,2022-04-06 19:00:00,2022-04-06 21:00:00,0.22391999999999998
Netherlands,NLD,2022-04-06 20:00:00,2022-04-06 22:00:00,0.20639
Netherlands,NLD,2022-04-06 21:00:00,2022-04-06 23:00:00,0.12872
Netherlands,NLD,2022-04-06 22:00:00,2022-04-07 00:00:00,0.2021
Netherlands,NLD,2022-04-06 23:00:00,2022-04-07 01:00:00,0.16563
Netherlands,NLD,2022-04-07 00:00:00,2022-04-07 02:00:00,0.16403
Netherlands,NLD,2022-04-07 01:00:00,2022-04-07 03:00:00,0.1601
Netherlands,NLD,2022-04-07 02:00:00,2022-04-07 04:00:00,0.14992
Netherlands,NLD,2022-04-07 03:00:00,2022-04-07 05:00:00,0.16069
Netherlands,NLD,2022-04-07 04:00:00,2022-04-07 06:00:00,0.17511000000000002
Netherlands,NLD,2022-04-07 05:00:00,2022-04-07 07:00:00,0.244
Netherlands,NLD,2022-04-07 06:00:00,2022-04-07 08:00:00,0.26835000000000003
Netherlands,NLD,2022-04-07 07:00:00,2022-04-07 09:00:00,0.274
Netherlands,NLD,2022-04-07 08:00:00,2022-04-07 10:00:00,0.2519
Netherlands,NLD,2022-04-07 09:00:00,2022-04-07 11:00:00,0.21969999999999998
Netherlands,NLD,2022-04-07 10:00:00,2022-04-07 12:00:00,0.17472
Netherlands,NLD,2022-04-07 11:00:00,2022-04-07 13:00:00,0.15
Netherlands,NLD,2022-04-07 12:00:00,2022-04-07 14:00:00,0.07015
Netherlands,NLD,2022-04-07 13:00:00,2022-04-07 15:00:00,0.08990000000000001
Netherlands,NLD,2022-04-07 14:00:00,2022-04-07 16:00:00,0.1499
Netherlands,NLD,2022-04-07 15:00:00,2022-04-07 17:00:00,0.19034
Netherlands,NLD,2022-04-07 16:00:00,2022-04-07 18:00:00,0.24509999999999998
Netherlands,NLD,2022-04-07 17:00:00,2022-04-07 19:00:00,0.2699
Netherlands,NLD,2022-04-07 18:00:00,2022-04-07 20:00:00,0.3
Netherlands,NLD,2022-04-07 19:00:00,2022-04-07 21:00:00,0.2788
Netherlands,NLD,2022-04-07 20:00:00,2022-04-07 22:00:00,0.262
Netherlands,NLD,2022-04-07 21:00:00,2022-04-07 23:00:00,0.197
Netherlands,NLD,2022-04-07 22:00:00,2022-04-08 00:00:00,0.17443
Netherlands,NLD,2022-04-07 23:00:00,2022-04-08 01:00:00,0.16244999999999998
Netherlands,NLD,2022-04-08 00:00:00,2022-04-08 02:00:00,0.16125
Netherlands,NLD,2022-04-08 01:00:00,2022-04-08 03:00:00,0.17282
Netherlands,NLD,2022-04-08 02:00:00,2022-04-08 04:00:00,0.17365
Netherlands,NLD,2022-04-08 03:00:00,2022-04-08 05:00:00,0.222
Netherlands,NLD,2022-04-08 04:00:00,2022-04-08 06:00:00,0.2499
Netherlands,NLD,2022-04-08 05:00:00,2022-04-08 07:00:00,0.2822
Netherlands,NLD,2022-04-08 06:00:00,2022-04-08 08:00:00,0.2999
Netherlands,NLD,2022-04-08 07:00:00,2022-04-08 09:00:00,0.308
Netherlands,NLD,2022-04-08 08:00:00,2022-04-08 10:00:00,0.2499
Netherlands,NLD,2022-04-08 09:00:00,2022-04-08 11:00:00,0.222
Netherlands,NLD,2022-04-08 10:00:00,2022-04-08 12:00:00,0.222
Netherlands,NLD,2022-04-08 11:00:00,2022-04-08 13:00:00,0.23
Netherlands,NLD,2022-04-08 12:00:00,2022-04-08 14:00:00,0.2299
Netherlands,NLD,2022-04-08 13:00:00,2022-04-08 15:00:00,0.2326
Netherlands,NLD,2022-04-08 14:00:00,2022-04-08 16:00:00,0.18611000000000003
Netherlands,NLD,2022-04-08 15:00:00,2022-04-08 17:00:00,0.20231
Netherlands,NLD,2022-04-08 16:00:00,2022-04-08 18:00:00,0.2299
Netherlands,NLD,2022-04-08 17:00:00,2022-04-08 19:00:00,0.26777
Netherlands,NLD,2022-04-08 18:00:00,2022-04-08 20:00:00,0.25904000000000005
Netherlands,NLD,2022-04-08 19:00:00,2022-04-08 21:00:00,0.25453
Netherlands,NLD,2022-04-08 20:00:00,2022-04-08 22:00:00,0.24663
Netherlands,NLD,2022-04-08 21:00:00,2022-04-08 23:00:00,0.24935
Netherlands,NLD,2022-04-08 22:00:00,2022-04-09 00:00:00,0.2181
Netherlands,NLD,2022-04-08 23:00:00,2022-04-09 01:00:00,0.19426
Netherlands,NLD,2022-04-09 00:00:00,2022-04-09 02:00:00,0.19782
Netherlands,NLD,2022-04-09 01:00:00,2022-04-09 03:00:00,0.2181
Netherlands,NLD,2022-04-09 02:00:00,2022-04-09 04:00:00,0.2066
Netherlands,NLD,2022-04-09 03:00:00,2022-04-09 05:00:00,0.21259999999999998
Netherlands,NLD,2022-04-09 04:00:00,2022-04-09 06:00:00,0.21899000000000002
Netherlands,NLD,2022-04-09 05:00:00,2022-04-09 07:00:00,0.23937999999999998
Netherlands,NLD,2022-04-09 06:00:00,2022-04-09 08:00:00,0.28354
Netherlands,NLD,2022-04-09 07:00:00,2022-04-09 09:00:00,0.18447
Netherlands,NLD,2022-04-09 08:00:00,2022-04-09 10:00:00,0.14631
Netherlands,NLD,2022-04-09 09:00:00,2022-04-09 11:00:00,0.049
Netherlands,NLD,2022-04-09 10:00:00,2022-04-09 12:00:00,0.0
Netherlands,NLD,2022-04-09 11:00:00,2022-04-09 13:00:00,-0.00028000000000000003
Netherlands,NLD,2022-04-09 12:00:00,2022-04-09 14:00:00,-0.00249
Netherlands,NLD,2022-04-09 13:00:00,2022-04-09 15:00:00,-0.0001
Netherlands,NLD,2022-04-09 14:00:00,2022-04-09 16:00:00,0.126
Netherlands,NLD,2022-04-09 15:00:00,2022-04-09 17:00:00,0.17036
Netherlands,NLD,2022-04-09 16:00:00,2022-04-09 18:00:00,0.2454
Netherlands,NLD,2022-04-09 17:00:00,2022-04-09 19:00:00,0.2464
Netherlands,NLD,2022-04-09 18:00:00,2022-04-09 20:00:00,0.285
Netherlands,NLD,2022-04-09 19:00:00,2022-04-09 21:00:00,0.32989999999999997
Netherlands,NLD,2022-04-09 20:00:00,2022-04-09 22:00:00,0.2782
Netherlands,NLD,2022-04-09 21:00:00,2022-04-09 23:00:00,0.29394
Netherlands,NLD,2022-04-09 22:00:00,2022-04-10 00:00:00,0.2999
Netherlands,NLD,2022-04-09 23:00:00,2022-04-10 01:00:00,0.24
Netherlands,NLD,2022-04-10 00:00:00,2022-04-10 02:00:00,0.26402
Netherlands,NLD,2022-04-10 01:00:00,2022-04-10 03:00:00,0.2499
Netherlands,NLD,2022-04-10 02:00:00,2022-04-10 04:00:00,0.23
Netherlands,NLD,2022-04-10 03:00:00,2022-04-10 05:00:00,0.228
Netherlands,NLD,2022-04-10 04:00:00,2022-04-10 06:00:00,0.224
Netherlands,NLD,2022-04-10 05:00:00,2022-04-10 07:00:00,0.22080000000000002
Netherlands,NLD,2022-04-10 06:00:00,2022-04-10 08:00:00,0.21769999999999998
Netherlands,NLD,2022-04-10 07:00:00,2022-04-10 09:00:00,0.18369
Netherlands,NLD,2022-04-10 08:00:00,2022-04-10 10:00:00,0.14892
Netherlands,NLD,2022-04-10 09:00:00,2022-04-10 11:00:00,0.044899999999999995
Netherlands,NLD,2022-04-10 10:00:00,2022-04-10 12:00:00,0.00531
Netherlands,NLD,2022-04-10 11:00:00,2022-04-10 13:00:00,0.0001
Netherlands,NLD,2022-04-10 12:00:00,2022-04-10 14:00:00,8.999999999999999e-05
Netherlands,NLD,2022-04-10 13:00:00,2022-04-10 15:00:00,0.05825
Netherlands,NLD,2022-04-10 14:00:00,2022-04-10 16:00:00,0.12978
Netherlands,NLD,2022-04-10 15:00:00,2022-04-10 17:00:00,0.21880000000000002
Netherlands,NLD,2022-04-10 16:00:00,2022-04-10 18:00:00,0.27002
Netherlands,NLD,2022-04-10 17:00:00,2022-04-10 19:00:00,0.2691
Netherlands,NLD,2022-04-10 18:00:00,2022-04-10 20:00:00,0.29704
Netherlands,NLD,2022-04-10 19:00:00,2022-04-10 21:00:00,0.2689
Netherlands,NLD,2022-04-10 20:00:00,2022-04-10 22:00:00,0.248
Netherlands,NLD,2022-04-10 21:00:00,2022-04-10 23:00:00,0.2243
Netherlands,NLD,2022-04-10 22:00:00,2022-04-11 00:00:00,0.27619
Netherlands,NLD,2022-04-10 23:00:00,2022-04-11 01:00:00,0.24680000000000002
Netherlands,NLD,2022-04-11 00:00:00,2022-04-11 02:00:00,0.2331
Netherlands,NLD,2022-04-11 01:00:00,2022-04-11 03:00:00,0.21
Netherlands,NLD,2022-04-11 02:00:00,2022-04-11 04:00:00,0.19555
Netherlands,NLD,2022-04-11 03:00:00,2022-04-11 05:00:00,0.22056
Netherlands,NLD,2022-04-11 04:00:00,2022-04-11 06:00:00,0.26491000000000003
Netherlands,NLD,2022-04-11 05:00:00,2022-04-11 07:00:00,0.29993000000000003
Netherlands,NLD,2022-04-11 06:00:00,2022-04-11 08:00:00,0.28502999999999995
Netherlands,NLD,2022-04-11 07:00:00,2022-04-11 09:00:00,0.255
Netherlands,NLD,2022-04-11 08:00:00,2022-04-11 10:00:00,0.21492
Netherlands,NLD,2022-04-11 09:00:00,2022-04-11 11:00:00,0.19071000000000002
Netherlands,NLD,2022-04-11 10:00:00,2022-04-11 12:00:00,0.18785
Netherlands,NLD,2022-04-11 11:00:00,2022-04-11 13:00:00,0.18184
Netherlands,NLD,2022-04-11 12:00:00,2022-04-11 14:00:00,0.17998
Netherlands,NLD,2022-04-11 13:00:00,2022-04-11 15:00:00,0.17977
Netherlands,NLD,2022-04-11 14:00:00,2022-04-11 16:00:00,0.18286000000000002
Netherlands,NLD,2022-04-11 15:00:00,2022-04-11 17:00:00,0.21938999999999997
Netherlands,NLD,2022-04-11 16:00:00,2022-04-11 18:00:00,0.26332
Netherlands,NLD,2022-04-11 17:00:00,2022-04-11 19:00:00,0.29699000000000003
Netherlands,NLD,2022-04-11 18:00:00,2022-04-11 20:00:00,0.29037
Netherlands,NLD,2022-04-11 19:00:00,2022-04-11 21:00:00,0.26781
Netherlands,NLD,2022-04-11 20:00:00,2022-04-11 22:00:00,0.24799000000000002
Netherlands,NLD,2022-04-11 21:00:00,2022-04-11 23:00:00,0.2044
Netherlands,NLD,2022-04-11 22:00:00,2022-04-12 00:00:00,0.19290000000000002
Netherlands,NLD,2022-04-11 23:00:00,2022-04-12 01:00:00,0.18871000000000002
Netherlands,NLD,2022-04-12 00:00:00,2022-04-12 02:00:00,0.18528
Netherlands,NLD,2022-04-12 01:00:00,2022-04-12 03:00:00,0.183
Netherlands,NLD,2022-04-12 02:00:00,2022-04-12 04:00:00,0.18555000000000002
Netherlands,NLD,2022-04-12 03:00:00,2022-04-12 05:00:00,0.19153
Netherlands,NLD,2022-04-12 04:00:00,2022-04-12 06:00:00,0.22954
Netherlands,NLD,2022-04-12 05:00:00,2022-04-12 07:00:00,0.26877999999999996
Netherlands,NLD,2022-04-12 06:00:00,2022-04-12 08:00:00,0.26033
Netherlands,NLD,2022-04-12 07:00:00,2022-04-12 09:00:00,0.21902000000000002
Netherlands,NLD,2022-04-12 08:00:00,2022-04-12 10:00:00,0.18250999999999998
Netherlands,NLD,2022-04-12 09:00:00,2022-04-12 11:00:00,0.17232
Netherlands,NLD,2022-04-12 10:00:00,2022-04-12 12:00:00,0.13612
Netherlands,NLD,2022-04-12 11:00:00,2022-04-12 13:00:00,0.11001999999999999
Netherlands,NLD,2022-04-12 12:00:00,2022-04-12 14:00:00,0.10001
Netherlands,NLD,2022-04-12 13:00:00,2022-04-12 15:00:00,0.11814
Netherlands,NLD,2022-04-12 14:00:00,2022-04-12 16:00:00,0.1399
Netherlands,NLD,2022-04-12 15:00:00,2022-04-12 17:00:00,0.22080000000000002
Netherlands,NLD,2022-04-12 16:00:00,2022-04-12 18:00:00,0.2499
Netherlands,NLD,2022-04-12 17:00:00,2022-04-12 19:00:00,0.27732999999999997
Netherlands,NLD,2022-04-12 18:00:00,2022-04-12 20:00:00,0.30918
Netherlands,NLD,2022-04-12 19:00:00,2022-04-12 21:00:00,0.29569999999999996
Netherlands,NLD,2022-04-12 20:00:00,2022-04-12 22:00:00,0.26
Netherlands,NLD,2022-04-12 21:00:00,2022-04-12 23:00:00,0.25
Netherlands,NLD,2022-04-12 22:00:00,2022-04-13 00:00:00,0.265
Netherlands,NLD,2022-04-12 23:00:00,2022-04-13 01:00:00,0.23366
Netherlands,NLD,2022-04-13 00:00:00,2022-04-13 02:00:00,0.231
Netherlands,NLD,2022-04-13 01:00:00,2022-04-13 03:00:00,0.21730000000000002
Netherlands,NLD,2022-04-13 02:00:00,2022-04-13 04:00:00,0.19372999999999999
Netherlands,NLD,2022-04-13 03:00:00,2022-04-13 05:00:00,0.21231999999999998
Netherlands,NLD,2022-04-13 04:00:00,2022-04-13 06:00:00,0.24874000000000002
Netherlands,NLD,2022-04-13 05:00:00,2022-04-13 07:00:00,0.262
Netherlands,NLD,2022-04-13 06:00:00,2022-04-13 08:00:00,0.27382999999999996
Netherlands,NLD,2022-04-13 07:00:00,2022-04-13 09:00:00,0.25425
Netherlands,NLD,2022-04-13 08:00:00,2022-04-13 10:00:00,0.2424
Netherlands,NLD,2022-04-13 09:00:00,2022-04-13 11:00:00,0.22822
Netherlands,NLD,2022-04-13 10:00:00,2022-04-13 12:00:00,0.2201
Netherlands,NLD,2022-04-13 11:00:00,2022-04-13 13:00:00,0.198
Netherlands,NLD,2022-04-13 12:00:00,2022-04-13 14:00:00,0.20128000000000001
Netherlands,NLD,2022-04-13 13:00:00,2022-04-13 15:00:00,0.196
Netherlands,NLD,2022-04-13 14:00:00,2022-04-13 16:00:00,0.20047
Netherlands,NLD,2022-04-13 15:00:00,2022-04-13 17:00:00,0.24125
Netherlands,NLD,2022-04-13 16:00:00,2022-04-13 18:00:00,0.2662
Netherlands,NLD,2022-04-13 17:00:00,2022-04-13 19:00:00,0.29895
Netherlands,NLD,2022-04-13 18:00:00,2022-04-13 20:00:00,0.30163
Netherlands,NLD,2022-04-13 19:00:00,2022-04-13 21:00:00,0.26903
Netherlands,NLD,2022-04-13 20:00:00,2022-04-13 22:00:00,0.25
Netherlands,NLD,2022-04-13 21:00:00,2022-04-13 23:00:00,0.23194
Netherlands,NLD,2022-04-13 22:00:00,2022-04-14 00:00:00,0.23245
Netherlands,NLD,2022-04-13 23:00:00,2022-04-14 01:00:00,0.20763
Netherlands,NLD,2022-04-14 00:00:00,2022-04-14 02:00:00,0.20013999999999998
Netherlands,NLD,2022-04-14 01:00:00,2022-04-14 03:00:00,0.19805
Netherlands,NLD,2022-04-14 02:00:00,2022-04-14 04:00:00,0.19997
Netherlands,NLD,2022-04-14 03:00:00,2022-04-14 05:00:00,0.20446
Netherlands,NLD,2022-04-14 04:00:00,2022-04-14 06:00:00,0.254
Netherlands,NLD,2022-04-14 05:00:00,2022-04-14 07:00:00,0.27232999999999996
Netherlands,NLD,2022-04-14 06:00:00,2022-04-14 08:00:00,0.28211
Netherlands,NLD,2022-04-14 07:00:00,2022-04-14 09:00:00,0.25278
Netherlands,NLD,2022-04-14 08:00:00,2022-04-14 10:00:00,0.21635
Netherlands,NLD,2022-04-14 09:00:00,2022-04-14 11:00:00,0.21253999999999998
Netherlands,NLD,2022-04-14 10:00:00,2022-04-14 12:00:00,0.20193
Netherlands,NLD,2022-04-14 11:00:00,2022-04-14 13:00:00,0.19519
Netherlands,NLD,2022-04-14 12:00:00,2022-04-14 14:00:00,0.19363999999999998
Netherlands,NLD,2022-04-14 13:00:00,2022-04-14 15:00:00,0.19199000000000002
Netherlands,NLD,2022-04-14 14:00:00,2022-04-14 16:00:00,0.19453
Netherlands,NLD,2022-04-14 15:00:00,2022-04-14 17:00:00,0.21280000000000002
Netherlands,NLD,2022-04-14 16:00:00,2022-04-14 18:00:00,0.24494
Netherlands,NLD,2022-04-14 17:00:00,2022-04-14 19:00:00,0.27107
Netherlands,NLD,2022-04-14 18:00:00,2022-04-14 20:00:00,0.27231
Netherlands,NLD,2022-04-14 19:00:00,2022-04-14 21:00:00,0.26546
Netherlands,NLD,2022-04-14 20:00:00,2022-04-14 22:00:00,0.25368
Netherlands,NLD,2022-04-14 21:00:00,2022-04-14 23:00:00,0.23061
Netherlands,NLD,2022-04-14 22:00:00,2022-04-15 00:00:00,0.2149
Netherlands,NLD,2022-04-14 23:00:00,2022-04-15 01:00:00,0.217
Netherlands,NLD,2022-04-15 00:00:00,2022-04-15 02:00:00,0.20835
Netherlands,NLD,2022-04-15 01:00:00,2022-04-15 03:00:00,0.20819
Netherlands,NLD,2022-04-15 02:00:00,2022-04-15 04:00:00,0.19356
Netherlands,NLD,2022-04-15 03:00:00,2022-04-15 05:00:00,0.19686
Netherlands,NLD,2022-04-15 04:00:00,2022-04-15 06:00:00,0.20533
Netherlands,NLD,2022-04-15 05:00:00,2022-04-15 07:00:00,0.22269999999999998
Netherlands,NLD,2022-04-15 06:00:00,2022-04-15 08:00:00,0.24040999999999998
Netherlands,NLD,2022-04-15 07:00:00,2022-04-15 09:00:00,0.25721
Netherlands,NLD,2022-04-15 08:00:00,2022-04-15 10:00:00,0.19732
Netherlands,NLD,2022-04-15 09:00:00,2022-04-15 11:00:00,0.18912
Netherlands,NLD,2022-04-15 10:00:00,2022-04-15 12:00:00,0.18719999999999998
Netherlands,NLD,2022-04-15 11:00:00,2022-04-15 13:00:00,0.16765
Netherlands,NLD,2022-04-15 12:00:00,2022-04-15 14:00:00,0.15738
Netherlands,NLD,2022-04-15 13:00:00,2022-04-15 15:00:00,0.15111000000000002
Netherlands,NLD,2022-04-15 14:00:00,2022-04-15 16:00:00,0.15500999999999998
Netherlands,NLD,2022-04-15 15:00:00,2022-04-15 17:00:00,0.17931999999999998
Netherlands,NLD,2022-04-15 16:00:00,2022-04-15 18:00:00,0.19621
Netherlands,NLD,2022-04-15 17:00:00,2022-04-15 19:00:00,0.22835
Netherlands,NLD,2022-04-15 18:00:00,2022-04-15 20:00:00,0.23599
Netherlands,NLD,2022-04-15 19:00:00,2022-04-15 21:00:00,0.26605
Netherlands,NLD,2022-04-15 20:00:00,2022-04-15 22:00:00,0.248
Netherlands,NLD,2022-04-15 21:00:00,2022-04-15 23:00:00,0.22671
Netherlands,NLD,2022-04-15 22:00:00,2022-04-16 00:00:00,0.19116
Netherlands,NLD,2022-04-15 23:00:00,2022-04-16 01:00:00,0.18337
Netherlands,NLD,2022-04-16 00:00:00,2022-04-16 02:00:00,0.17839
Netherlands,NLD,2022-04-16 01:00:00,2022-04-16 03:00:00,0.17421
Netherlands,NLD,2022-04-16 02:00:00,2022-04-16 04:00:00,0.1837
Netherlands,NLD,2022-04-16 03:00:00,2022-04-16 05:00:00,0.181
Netherlands,NLD,2022-04-16 04:00:00,2022-04-16 06:00:00,0.18897999999999998
Netherlands,NLD,2022-04-16 05:00:00,2022-04-16 07:00:00,0.19112
Netherlands,NLD,2022-04-16 06:00:00,2022-04-16 08:00:00,0.1896
Netherlands,NLD,2022-04-16 07:00:00,2022-04-16 09:00:00,0.17262
Netherlands,NLD,2022-04-16 08:00:00,2022-04-16 10:00:00,0.14658000000000002
Netherlands,NLD,2022-04-16 09:00:00,2022-04-16 11:00:00,0.12199
Netherlands,NLD,2022-04-16 10:00:00,2022-04-16 12:00:00,0.06926
Netherlands,NLD,2022-04-16 11:00:00,2022-04-16 13:00:00,0.02505
Netherlands,NLD,2022-04-16 12:00:00,2022-04-16 14:00:00,0.02684
Netherlands,NLD,2022-04-16 13:00:00,2022-04-16 15:00:00,0.04032
Netherlands,NLD,2022-04-16 14:00:00,2022-04-16 16:00:00,0.06584000000000001
Netherlands,NLD,2022-04-16 15:00:00,2022-04-16 17:00:00,0.10771
Netherlands,NLD,2022-04-16 16:00:00,2022-04-16 18:00:00,0.17119
Netherlands,NLD,2022-04-16 17:00:00,2022-04-16 19:00:00,0.19508
Netherlands,NLD,2022-04-16 18:00:00,2022-04-16 20:00:00,0.20581
Netherlands,NLD,2022-04-16 19:00:00,2022-04-16 21:00:00,0.19447
Netherlands,NLD,2022-04-16 20:00:00,2022-04-16 22:00:00,0.17584
Netherlands,NLD,2022-04-16 21:00:00,2022-04-16 23:00:00,0.16688
Netherlands,NLD,2022-04-16 22:00:00,2022-04-17 00:00:00,0.16022
Netherlands,NLD,2022-04-16 23:00:00,2022-04-17 01:00:00,0.13997
Netherlands,NLD,2022-04-17 00:00:00,2022-04-17 02:00:00,0.14207
Netherlands,NLD,2022-04-17 01:00:00,2022-04-17 03:00:00,0.12337999999999999
Netherlands,NLD,2022-04-17 02:00:00,2022-04-17 04:00:00,0.13396
Netherlands,NLD,2022-04-17 03:00:00,2022-04-17 05:00:00,0.13996
Netherlands,NLD,2022-04-17 04:00:00,2022-04-17 06:00:00,0.1461
Netherlands,NLD,2022-04-17 05:00:00,2022-04-17 07:00:00,0.14401
Netherlands,NLD,2022-04-17 06:00:00,2022-04-17 08:00:00,0.13355
Netherlands,NLD,2022-04-17 07:00:00,2022-04-17 09:00:00,0.1
Netherlands,NLD,2022-04-17 08:00:00,2022-04-17 10:00:00,0.07592
Netherlands,NLD,2022-04-17 09:00:00,2022-04-17 11:00:00,0.02965
Netherlands,NLD,2022-04-17 10:00:00,2022-04-17 12:00:00,0.00264
Netherlands,NLD,2022-04-17 11:00:00,2022-04-17 13:00:00,-0.015529999999999999
Netherlands,NLD,2022-04-17 12:00:00,2022-04-17 14:00:00,0.0
Netherlands,NLD,2022-04-17 13:00:00,2022-04-17 15:00:00,8e-05
Netherlands,NLD,2022-04-17 14:00:00,2022-04-17 16:00:00,0.015
Netherlands,NLD,2022-04-17 15:00:00,2022-04-17 17:00:00,0.06620000000000001
Netherlands,NLD,2022-04-17 16:00:00,2022-04-17 18:00:00,0.15802000000000002
Netherlands,NLD,2022-04-17 17:00:00,2022-04-17 19:00:00,0.18255000000000002
Netherlands,NLD,2022-04-17 18:00:00,2022-04-17 20:00:00,0.19154
Netherlands,NLD,2022-04-17 19:00:00,2022-04-17 21:00:00,0.1945
Netherlands,NLD,2022-04-17 20:00:00,2022-04-17 22:00:00,0.17146
Netherlands,NLD,2022-04-17 21:00:00,2022-04-17 23:00:00,0.15807
Netherlands,NLD,2022-04-17 22:00:00,2022-04-18 00:00:00,0.0959
Netherlands,NLD,2022-04-17 23:00:00,2022-04-18 01:00:00,0.081
Netherlands,NLD,2022-04-18 00:00:00,2022-04-18 02:00:00,0.084
Netherlands,NLD,2022-04-18 01:00:00,2022-04-18 03:00:00,0.081
Netherlands,NLD,2022-04-18 02:00:00,2022-04-18 04:00:00,0.08525
Netherlands,NLD,2022-04-18 03:00:00,2022-04-18 05:00:00,0.09231
Netherlands,NLD,2022-04-18 04:00:00,2022-04-18 06:00:00,0.12721
Netherlands,NLD,2022-04-18 05:00:00,2022-04-18 07:00:00,0.14459
Netherlands,NLD,2022-04-18 06:00:00,2022-04-18 08:00:00,0.13997
Netherlands,NLD,2022-04-18 07:00:00,2022-04-18 09:00:00,0.14711000000000002
Netherlands,NLD,2022-04-18 08:00:00,2022-04-18 10:00:00,0.09428
Netherlands,NLD,2022-04-18 09:00:00,2022-04-18 11:00:00,0.07872
Netherlands,NLD,2022-04-18 10:00:00,2022-04-18 12:00:00,0.06389
Netherlands,NLD,2022-04-18 11:00:00,2022-04-18 13:00:00,0.05996
Netherlands,NLD,2022-04-18 12:00:00,2022-04-18 14:00:00,0.045
Netherlands,NLD,2022-04-18 13:00:00,2022-04-18 15:00:00,0.060579999999999995
Netherlands,NLD,2022-04-18 14:00:00,2022-04-18 16:00:00,0.08292000000000001
Netherlands,NLD,2022-04-18 15:00:00,2022-04-18 17:00:00,0.12125
Netherlands,NLD,2022-04-18 16:00:00,2022-04-18 18:00:00,0.18984
Netherlands,NLD,2022-04-18 17:00:00,2022-04-18 19:00:00,0.2403
Netherlands,NLD,2022-04-18 18:00:00,2022-04-18 20:00:00,0.25073
Netherlands,NLD,2022-04-18 19:00:00,2022-04-18 21:00:00,0.25
Netherlands,NLD,2022-04-18 20:00:00,2022-04-18 22:00:00,0.22122999999999998
Netherlands,NLD,2022-04-18 21:00:00,2022-04-18 23:00:00,0.202
Netherlands,NLD,2022-04-18 22:00:00,2022-04-19 00:00:00,0.205
Netherlands,NLD,2022-04-18 23:00:00,2022-04-19 01:00:00,0.19297999999999998
Netherlands,NLD,2022-04-19 00:00:00,2022-04-19 02:00:00,0.19113999999999998
Netherlands,NLD,2022-04-19 01:00:00,2022-04-19 03:00:00,0.19094999999999998
Netherlands,NLD,2022-04-19 02:00:00,2022-04-19 04:00:00,0.19
Netherlands,NLD,2022-04-19 03:00:00,2022-04-19 05:00:00,0.20061
Netherlands,NLD,2022-04-19 04:00:00,2022-04-19 06:00:00,0.25127
Netherlands,NLD,2022-04-19 05:00:00,2022-04-19 07:00:00,0.29143
Netherlands,NLD,2022-04-19 06:00:00,2022-04-19 08:00:00,0.29543
Netherlands,NLD,2022-04-19 07:00:00,2022-04-19 09:00:00,0.25571
Netherlands,NLD,2022-04-19 08:00:00,2022-04-19 10:00:00,0.2228
Netherlands,NLD,2022-04-19 09:00:00,2022-04-19 11:00:00,0.20204
Netherlands,NLD,2022-04-19 10:00:00,2022-04-19 12:00:00,0.1766
Netherlands,NLD,2022-04-19 11:00:00,2022-04-19 13:00:00,0.17781
Netherlands,NLD,2022-04-19 12:00:00,2022-04-19 14:00:00,0.15990000000000001
Netherlands,NLD,2022-04-19 13:00:00,2022-04-19 15:00:00,0.15866
Netherlands,NLD,2022-04-19 14:00:00,2022-04-19 16:00:00,0.15888999999999998
Netherlands,NLD,2022-04-19 15:00:00,2022-04-19 17:00:00,0.19043000000000002
Netherlands,NLD,2022-04-19 16:00:00,2022-04-19 18:00:00,0.22493000000000002
Netherlands,NLD,2022-04-19 17:00:00,2022-04-19 19:00:00,0.23903
Netherlands,NLD,2022-04-19 18:00:00,2022-04-19 20:00:00,0.24001
Netherlands,NLD,2022-04-19 19:00:00,2022-04-19 21:00:00,0.2236
Netherlands,NLD,2022-04-19 20:00:00,2022-04-19 22:00:00,0.2
Netherlands,NLD,2022-04-19 21:00:00,2022-04-19 23:00:00,0.18419999999999997
Netherlands,NLD,2022-04-19 22:00:00,2022-04-20 00:00:00,0.191
Netherlands,NLD,2022-04-19 23:00:00,2022-04-20 01:00:00,0.18955000000000002
Netherlands,NLD,2022-04-20 00:00:00,2022-04-20 02:00:00,0.18309999999999998
Netherlands,NLD,2022-04-20 01:00:00,2022-04-20 03:00:00,0.18328
Netherlands,NLD,2022-04-20 02:00:00,2022-04-20 04:00:00,0.18338
Netherlands,NLD,2022-04-20 03:00:00,2022-04-20 05:00:00,0.19796
Netherlands,NLD,2022-04-20 04:00:00,2022-04-20 06:00:00,0.22724
Netherlands,NLD,2022-04-20 05:00:00,2022-04-20 07:00:00,0.24991999999999998
Netherlands,NLD,2022-04-20 06:00:00,2022-04-20 08:00:00,0.2499
Netherlands,NLD,2022-04-20 07:00:00,2022-04-20 09:00:00,0.20996
Netherlands,NLD,2022-04-20 08:00:00,2022-04-20 10:00:00,0.1935
Netherlands,NLD,2022-04-20 09:00:00,2022-04-20 11:00:00,0.18571000000000001
Netherlands,NLD,2022-04-20 10:00:00,2022-04-20 12:00:00,0.1575
Netherlands,NLD,2022-04-20 11:00:00,2022-04-20 13:00:00,0.15675
Netherlands,NLD,2022-04-20 12:00:00,2022-04-20 14:00:00,0.14783000000000002
Netherlands,NLD,2022-04-20 13:00:00,2022-04-20 15:00:00,0.16882
Netherlands,NLD,2022-04-20 14:00:00,2022-04-20 16:00:00,0.17579
Netherlands,NLD,2022-04-20 15:00:00,2022-04-20 17:00:00,0.19615000000000002
Netherlands,NLD,2022-04-20 16:00:00,2022-04-20 18:00:00,0.22294999999999998
Netherlands,NLD,2022-04-20 17:00:00,2022-04-20 19:00:00,0.249
Netherlands,NLD,2022-04-20 18:00:00,2022-04-20 20:00:00,0.25
Netherlands,NLD,2022-04-20 19:00:00,2022-04-20 21:00:00,0.23918
Netherlands,NLD,2022-04-20 20:00:00,2022-04-20 22:00:00,0.2201
Netherlands,NLD,2022-04-20 21:00:00,2022-04-20 23:00:00,0.20197
Netherlands,NLD,2022-04-20 22:00:00,2022-04-21 00:00:00,0.18855000000000002
Netherlands,NLD,2022-04-20 23:00:00,2022-04-21 01:00:00,0.17992
Netherlands,NLD,2022-04-21 00:00:00,2022-04-21 02:00:00,0.18108000000000002
Netherlands,NLD,2022-04-21 01:00:00,2022-04-21 03:00:00,0.17892
Netherlands,NLD,2022-04-21 02:00:00,2022-04-21 04:00:00,0.1805
Netherlands,NLD,2022-04-21 03:00:00,2022-04-21 05:00:00,0.19992
Netherlands,NLD,2022-04-21 04:00:00,2022-04-21 06:00:00,0.22976
Netherlands,NLD,2022-04-21 05:00:00,2022-04-21 07:00:00,0.25601999999999997
Netherlands,NLD,2022-04-21 06:00:00,2022-04-21 08:00:00,0.25625
Netherlands,NLD,2022-04-21 07:00:00,2022-04-21 09:00:00,0.23226
Netherlands,NLD,2022-04-21 08:00:00,2022-04-21 10:00:00,0.20793
Netherlands,NLD,2022-04-21 09:00:00,2022-04-21 11:00:00,0.1899
Netherlands,NLD,2022-04-21 10:00:00,2022-04-21 12:00:00,0.17623
Netherlands,NLD,2022-04-21 11:00:00,2022-04-21 13:00:00,0.1673
Netherlands,NLD,2022-04-21 12:00:00,2022-04-21 14:00:00,0.15747999999999998
Netherlands,NLD,2022-04-21 13:00:00,2022-04-21 15:00:00,0.16396
Netherlands,NLD,2022-04-21 14:00:00,2022-04-21 16:00:00,0.17201
Netherlands,NLD,2022-04-21 15:00:00,2022-04-21 17:00:00,0.18534
Netherlands,NLD,2022-04-21 16:00:00,2022-04-21 18:00:00,0.20496
Netherlands,NLD,2022-04-21 17:00:00,2022-04-21 19:00:00,0.22062
Netherlands,NLD,2022-04-21 18:00:00,2022-04-21 20:00:00,0.22361
Netherlands,NLD,2022-04-21 19:00:00,2022-04-21 21:00:00,0.22044
Netherlands,NLD,2022-04-21 20:00:00,2022-04-21 22:00:00,0.19971
Netherlands,NLD,2022-04-21 21:00:00,2022-04-21 23:00:00,0.19340000000000002
Netherlands,NLD,2022-04-21 22:00:00,2022-04-22 00:00:00,0.206
Netherlands,NLD,2022-04-21 23:00:00,2022-04-22 01:00:00,0.18718
Netherlands,NLD,2022-04-22 00:00:00,2022-04-22 02:00:00,0.18700999999999998
Netherlands,NLD,2022-04-22 01:00:00,2022-04-22 03:00:00,0.17941
Netherlands,NLD,2022-04-22 02:00:00,2022-04-22 04:00:00,0.17609
Netherlands,NLD,2022-04-22 03:00:00,2022-04-22 05:00:00,0.18958000000000003
Netherlands,NLD,2022-04-22 04:00:00,2022-04-22 06:00:00,0.21806999999999999
Netherlands,NLD,2022-04-22 05:00:00,2022-04-22 07:00:00,0.23995
Netherlands,NLD,2022-04-22 06:00:00,2022-04-22 08:00:00,0.24409999999999998
Netherlands,NLD,2022-04-22 07:00:00,2022-04-22 09:00:00,0.22105000000000002
Netherlands,NLD,2022-04-22 08:00:00,2022-04-22 10:00:00,0.19656
Netherlands,NLD,2022-04-22 09:00:00,2022-04-22 11:00:00,0.15741
Netherlands,NLD,2022-04-22 10:00:00,2022-04-22 12:00:00,0.14959999999999998
Netherlands,NLD,2022-04-22 11:00:00,2022-04-22 13:00:00,0.102
Netherlands,NLD,2022-04-22 12:00:00,2022-04-22 14:00:00,0.1
Netherlands,NLD,2022-04-22 13:00:00,2022-04-22 15:00:00,0.08677
Netherlands,NLD,2022-04-22 14:00:00,2022-04-22 16:00:00,0.11896999999999999
Netherlands,NLD,2022-04-22 15:00:00,2022-04-22 17:00:00,0.167
Netherlands,NLD,2022-04-22 16:00:00,2022-04-22 18:00:00,0.1849
Netherlands,NLD,2022-04-22 17:00:00,2022-04-22 19:00:00,0.20961000000000002
Netherlands,NLD,2022-04-22 18:00:00,2022-04-22 20:00:00,0.20997
Netherlands,NLD,2022-04-22 19:00:00,2022-04-22 21:00:00,0.20965999999999999
Netherlands,NLD,2022-04-22 20:00:00,2022-04-22 22:00:00,0.192
Netherlands,NLD,2022-04-22 21:00:00,2022-04-22 23:00:00,0.17755
Netherlands,NLD,2022-04-22 22:00:00,2022-04-23 00:00:00,0.19519999999999998
Netherlands,NLD,2022-04-22 23:00:00,2022-04-23 01:00:00,0.1855
Netherlands,NLD,2022-04-23 00:00:00,2022-04-23 02:00:00,0.17862999999999998
Netherlands,NLD,2022-04-23 01:00:00,2022-04-23 03:00:00,0.16190000000000002
Netherlands,NLD,2022-04-23 02:00:00,2022-04-23 04:00:00,0.12990000000000002
Netherlands,NLD,2022-04-23 03:00:00,2022-04-23 05:00:00,0.12257
Netherlands,NLD,2022-04-23 04:00:00,2022-04-23 06:00:00,0.14077
Netherlands,NLD,2022-04-23 05:00:00,2022-04-23 07:00:00,0.15400999999999998
Netherlands,NLD,2022-04-23 06:00:00,2022-04-23 08:00:00,0.16284
Netherlands,NLD,2022-04-23 07:00:00,2022-04-23 09:00:00,0.08
Netherlands,NLD,2022-04-23 08:00:00,2022-04-23 10:00:00,-0.0036
Netherlands,NLD,2022-04-23 09:00:00,2022-04-23 11:00:00,-0.18494
Netherlands,NLD,2022-04-23 10:00:00,2022-04-23 12:00:00,-0.22236
Netherlands,NLD,2022-04-23 11:00:00,2022-04-23 13:00:00,-0.21741999999999997
Netherlands,NLD,2022-04-23 12:00:00,2022-04-23 14:00:00,-0.2149
Netherlands,NLD,2022-04-23 13:00:00,2022-04-23 15:00:00,-0.16682
Netherlands,NLD,2022-04-23 14:00:00,2022-04-23 16:00:00,-0.0701
Netherlands,NLD,2022-04-23 15:00:00,2022-04-23 17:00:00,0.0499
Netherlands,NLD,2022-04-23 16:00:00,2022-04-23 18:00:00,0.14
Netherlands,NLD,2022-04-23 17:00:00,2022-04-23 19:00:00,0.16819
Netherlands,NLD,2022-04-23 18:00:00,2022-04-23 20:00:00,0.1725
Netherlands,NLD,2022-04-23 19:00:00,2022-04-23 21:00:00,0.18957
Netherlands,NLD,2022-04-23 20:00:00,2022-04-23 22:00:00,0.17790999999999998
Netherlands,NLD,2022-04-23 21:00:00,2022-04-23 23:00:00,0.17178
Netherlands,NLD,2022-04-23 22:00:00,2022-04-24 00:00:00,0.1469
Netherlands,NLD,2022-04-23 23:00:00,2022-04-24 01:00:00,0.1225
Netherlands,NLD,2022-04-24 00:00:00,2022-04-24 02:00:00,0.10382999999999999
Netherlands,NLD,2022-04-24 01:00:00,2022-04-24 03:00:00,0.09369
Netherlands,NLD,2022-04-24 02:00:00,2022-04-24 04:00:00,0.08962
Netherlands,NLD,2022-04-24 03:00:00,2022-04-24 05:00:00,0.09365000000000001
Netherlands,NLD,2022-04-24 04:00:00,2022-04-24 06:00:00,0.09361
Netherlands,NLD,2022-04-24 05:00:00,2022-04-24 07:00:00,0.11006
Netherlands,NLD,2022-04-24 06:00:00,2022-04-24 08:00:00,0.08802
Netherlands,NLD,2022-04-24 07:00:00,2022-04-24 09:00:00,0.00893
Netherlands,NLD,2022-04-24 08:00:00,2022-04-24 10:00:00,-0.0035
Netherlands,NLD,2022-04-24 09:00:00,2022-04-24 11:00:00,-0.02
Netherlands,NLD,2022-04-24 10:00:00,2022-04-24 12:00:00,-0.09184
Netherlands,NLD,2022-04-24 11:00:00,2022-04-24 13:00:00,-0.11721
Netherlands,NLD,2022-04-24 12:00:00,2022-04-24 14:00:00,-0.0644
Netherlands,NLD,2022-04-24 13:00:00,2022-04-24 15:00:00,-0.0036
Netherlands,NLD,2022-04-24 14:00:00,2022-04-24 16:00:00,0.0499
Netherlands,NLD,2022-04-24 15:00:00,2022-04-24 17:00:00,0.11173000000000001
Netherlands,NLD,2022-04-24 16:00:00,2022-04-24 18:00:00,0.16501
Netherlands,NLD,2022-04-24 17:00:00,2022-04-24 19:00:00,0.19865
Netherlands,NLD,2022-04-24 18:00:00,2022-04-24 20:00:00,0.22494999999999998
Netherlands,NLD,2022-04-24 19:00:00,2022-04-24 21:00:00,0.21836000000000003
Netherlands,NLD,2022-04-24 20:00:00,2022-04-24 22:00:00,0.20573
Netherlands,NLD,2022-04-24 21:00:00,2022-04-24 23:00:00,0.18699000000000002
Netherlands,NLD,2022-04-24 22:00:00,2022-04-25 00:00:00,0.18496
Netherlands,NLD,2022-04-24 23:00:00,2022-04-25 01:00:00,0.18378
Netherlands,NLD,2022-04-25 00:00:00,2022-04-25 02:00:00,0.18563
Netherlands,NLD,2022-04-25 01:00:00,2022-04-25 03:00:00,0.1861
Netherlands,NLD,2022-04-25 02:00:00,2022-04-25 04:00:00,0.18812
Netherlands,NLD,2022-04-25 03:00:00,2022-04-25 05:00:00,0.20006000000000002
Netherlands,NLD,2022-04-25 04:00:00,2022-04-25 06:00:00,0.23723
Netherlands,NLD,2022-04-25 05:00:00,2022-04-25 07:00:00,0.26187
Netherlands,NLD,2022-04-25 06:00:00,2022-04-25 08:00:00,0.27247000000000005
Netherlands,NLD,2022-04-25 07:00:00,2022-04-25 09:00:00,0.24906
Netherlands,NLD,2022-04-25 08:00:00,2022-04-25 10:00:00,0.23259
Netherlands,NLD,2022-04-25 09:00:00,2022-04-25 11:00:00,0.22797
Netherlands,NLD,2022-04-25 10:00:00,2022-04-25 12:00:00,0.211
Netherlands,NLD,2022-04-25 11:00:00,2022-04-25 13:00:00,0.2
Netherlands,NLD,2022-04-25 12:00:00,2022-04-25 14:00:00,0.19490000000000002
Netherlands,NLD,2022-04-25 13:00:00,2022-04-25 15:00:00,0.19199000000000002
Netherlands,NLD,2022-04-25 14:00:00,2022-04-25 16:00:00,0.1895
Netherlands,NLD,2022-04-25 15:00:00,2022-04-25 17:00:00,0.2
Netherlands,NLD,2022-04-25 16:00:00,2022-04-25 18:00:00,0.2255
Netherlands,NLD,2022-04-25 17:00:00,2022-04-25 19:00:00,0.27388
Netherlands,NLD,2022-04-25 18:00:00,2022-04-25 20:00:00,0.27570999999999996
Netherlands,NLD,2022-04-25 19:00:00,2022-04-25 21:00:00,0.26493
Netherlands,NLD,2022-04-25 20:00:00,2022-04-25 22:00:00,0.254
Netherlands,NLD,2022-04-25 21:00:00,2022-04-25 23:00:00,0.2181
Netherlands,NLD,2022-04-25 22:00:00,2022-04-26 00:00:00,0.19440000000000002
Netherlands,NLD,2022-04-25 23:00:00,2022-04-26 01:00:00,0.18728
Netherlands,NLD,2022-04-26 00:00:00,2022-04-26 02:00:00,0.19243000000000002
Netherlands,NLD,2022-04-26 01:00:00,2022-04-26 03:00:00,0.19306
Netherlands,NLD,2022-04-26 02:00:00,2022-04-26 04:00:00,0.19659000000000001
Netherlands,NLD,2022-04-26 03:00:00,2022-04-26 05:00:00,0.23295
Netherlands,NLD,2022-04-26 04:00:00,2022-04-26 06:00:00,0.2199
Netherlands,NLD,2022-04-26 05:00:00,2022-04-26 07:00:00,0.26749
Netherlands,NLD,2022-04-26 06:00:00,2022-04-26 08:00:00,0.26998
Netherlands,NLD,2022-04-26 07:00:00,2022-04-26 09:00:00,0.2499
Netherlands,NLD,2022-04-26 08:00:00,2022-04-26 10:00:00,0.22112
Netherlands,NLD,2022-04-26 09:00:00,2022-04-26 11:00:00,0.20514
Netherlands,NLD,2022-04-26 10:00:00,2022-04-26 12:00:00,0.1943
Netherlands,NLD,2022-04-26 11:00:00,2022-04-26 13:00:00,0.20125
Netherlands,NLD,2022-04-26 12:00:00,2022-04-26 14:00:00,0.20251
Netherlands,NLD,2022-04-26 13:00:00,2022-04-26 15:00:00,0.1982
Netherlands,NLD,2022-04-26 14:00:00,2022-04-26 16:00:00,0.1971
Netherlands,NLD,2022-04-26 15:00:00,2022-04-26 17:00:00,0.21559999999999999
Netherlands,NLD,2022-04-26 16:00:00,2022-04-26 18:00:00,0.2399
Netherlands,NLD,2022-04-26 17:00:00,2022-04-26 19:00:00,0.281
Netherlands,NLD,2022-04-26 18:00:00,2022-04-26 20:00:00,0.28676
Netherlands,NLD,2022-04-26 19:00:00,2022-04-26 21:00:00,0.27001
Netherlands,NLD,2022-04-26 20:00:00,2022-04-26 22:00:00,0.255
Netherlands,NLD,2022-04-26 21:00:00,2022-04-26 23:00:00,0.21918
Netherlands,NLD,2022-04-26 22:00:00,2022-04-27 00:00:00,0.20672
Netherlands,NLD,2022-04-26 23:00:00,2022-04-27 01:00:00,0.19801
Netherlands,NLD,2022-04-27 00:00:00,2022-04-27 02:00:00,0.19636
Netherlands,NLD,2022-04-27 01:00:00,2022-04-27 03:00:00,0.19453
Netherlands,NLD,2022-04-27 02:00:00,2022-04-27 04:00:00,0.19751
Netherlands,NLD,2022-04-27 03:00:00,2022-04-27 05:00:00,0.20994
Netherlands,NLD,2022-04-27 04:00:00,2022-04-27 06:00:00,0.2403
Netherlands,NLD,2022-04-27 05:00:00,2022-04-27 07:00:00,0.2078
Netherlands,NLD,2022-04-27 06:00:00,2022-04-27 08:00:00,0.26598
Netherlands,NLD,2022-04-27 07:00:00,2022-04-27 09:00:00,0.25274
Netherlands,NLD,2022-04-27 08:00:00,2022-04-27 10:00:00,0.21846000000000002
Netherlands,NLD,2022-04-27 09:00:00,2022-04-27 11:00:00,0.21231999999999998
Netherlands,NLD,2022-04-27 10:00:00,2022-04-27 12:00:00,0.20765999999999998
Netherlands,NLD,2022-04-27 11:00:00,2022-04-27 13:00:00,0.20062
Netherlands,NLD,2022-04-27 12:00:00,2022-04-27 14:00:00,0.19322
Netherlands,NLD,2022-04-27 13:00:00,2022-04-27 15:00:00,0.19096000000000002
Netherlands,NLD,2022-04-27 14:00:00,2022-04-27 16:00:00,0.19135
Netherlands,NLD,2022-04-27 15:00:00,2022-04-27 17:00:00,0.20649
Netherlands,NLD,2022-04-27 16:00:00,2022-04-27 18:00:00,0.23931
Netherlands,NLD,2022-04-27 17:00:00,2022-04-27 19:00:00,0.26789999999999997
Netherlands,NLD,2022-04-27 18:00:00,2022-04-27 20:00:00,0.26633
Netherlands,NLD,2022-04-27 19:00:00,2022-04-27 21:00:00,0.25494
Netherlands,NLD,2022-04-27 20:00:00,2022-04-27 22:00:00,0.23533
Netherlands,NLD,2022-04-27 21:00:00,2022-04-27 23:00:00,0.20257
Netherlands,NLD,2022-04-27 22:00:00,2022-04-28 00:00:00,0.21463
Netherlands,NLD,2022-04-27 23:00:00,2022-04-28 01:00:00,0.20194
Netherlands,NLD,2022-04-28 00:00:00,2022-04-28 02:00:00,0.198
Netherlands,NLD,2022-04-28 01:00:00,2022-04-28 03:00:00,0.20137
Netherlands,NLD,2022-04-28 02:00:00,2022-04-28 04:00:00,0.2015
Netherlands,NLD,2022-04-28 03:00:00,2022-04-28 05:00:00,0.21835
Netherlands,NLD,2022-04-28 04:00:00,2022-04-28 06:00:00,0.255
Netherlands,NLD,2022-04-28 05:00:00,2022-04-28 07:00:00,0.28337
Netherlands,NLD,2022-04-28 06:00:00,2022-04-28 08:00:00,0.27929000000000004
Netherlands,NLD,2022-04-28 07:00:00,2022-04-28 09:00:00,0.25126
Netherlands,NLD,2022-04-28 08:00:00,2022-04-28 10:00:00,0.22493000000000002
Netherlands,NLD,2022-04-28 09:00:00,2022-04-28 11:00:00,0.21272
Netherlands,NLD,2022-04-28 10:00:00,2022-04-28 12:00:00,0.208
Netherlands,NLD,2022-04-28 11:00:00,2022-04-28 13:00:00,0.20009
Netherlands,NLD,2022-04-28 12:00:00,2022-04-28 14:00:00,0.19705
Netherlands,NLD,2022-04-28 13:00:00,2022-04-28 15:00:00,0.1963
Netherlands,NLD,2022-04-28 14:00:00,2022-04-28 16:00:00,0.19713
Netherlands,NLD,2022-04-28 15:00:00,2022-04-28 17:00:00,0.21763
Netherlands,NLD,2022-04-28 16:00:00,2022-04-28 18:00:00,0.255
Netherlands,NLD,2022-04-28 17:00:00,2022-04-28 19:00:00,0.27908999999999995
Netherlands,NLD,2022-04-28 18:00:00,2022-04-28 20:00:00,0.28491000000000005
Netherlands,NLD,2022-04-28 19:00:00,2022-04-28 21:00:00,0.26891000000000004
Netherlands,NLD,2022-04-28 20:00:00,2022-04-28 22:00:00,0.25356
Netherlands,NLD,2022-04-28 21:00:00,2022-04-28 23:00:00,0.22278
Netherlands,NLD,2022-04-28 22:00:00,2022-04-29 00:00:00,0.20605
Netherlands,NLD,2022-04-28 23:00:00,2022-04-29 01:00:00,0.20315
Netherlands,NLD,2022-04-29 00:00:00,2022-04-29 02:00:00,0.20252
Netherlands,NLD,2022-04-29 01:00:00,2022-04-29 03:00:00,0.20323
Netherlands,NLD,2022-04-29 02:00:00,2022-04-29 04:00:00,0.20509
Netherlands,NLD,2022-04-29 03:00:00,2022-04-29 05:00:00,0.21386000000000002
Netherlands,NLD,2022-04-29 04:00:00,2022-04-29 06:00:00,0.25577
Netherlands,NLD,2022-04-29 05:00:00,2022-04-29 07:00:00,0.28006
Netherlands,NLD,2022-04-29 06:00:00,2022-04-29 08:00:00,0.29122000000000003
Netherlands,NLD,2022-04-29 07:00:00,2022-04-29 09:00:00,0.25633999999999996
Netherlands,NLD,2022-04-29 08:00:00,2022-04-29 10:00:00,0.23033
Netherlands,NLD,2022-04-29 09:00:00,2022-04-29 11:00:00,0.2174
Netherlands,NLD,2022-04-29 10:00:00,2022-04-29 12:00:00,0.20837
Netherlands,NLD,2022-04-29 11:00:00,2022-04-29 13:00:00,0.19725
Netherlands,NLD,2022-04-29 12:00:00,2022-04-29 14:00:00,0.19524
Netherlands,NLD,2022-04-29 13:00:00,2022-04-29 15:00:00,0.19504
Netherlands,NLD,2022-04-29 14:00:00,2022-04-29 16:00:00,0.206
Netherlands,NLD,2022-04-29 15:00:00,2022-04-29 17:00:00,0.21630000000000002
Netherlands,NLD,2022-04-29 16:00:00,2022-04-29 18:00:00,0.24697999999999998
Netherlands,NLD,2022-04-29 17:00:00,2022-04-29 19:00:00,0.26208
Netherlands,NLD,2022-04-29 18:00:00,2022-04-29 20:00:00,0.26587
Netherlands,NLD,2022-04-29 19:00:00,2022-04-29 21:00:00,0.25497
Netherlands,NLD,2022-04-29 20:00:00,2022-04-29 22:00:00,0.24156
Netherlands,NLD,2022-04-29 21:00:00,2022-04-29 23:00:00,0.21544
Netherlands,NLD,2022-04-29 22:00:00,2022-04-30 00:00:00,0.20478
Netherlands,NLD,2022-04-29 23:00:00,2022-04-30 01:00:00,0.1891
Netherlands,NLD,2022-04-30 00:00:00,2022-04-30 02:00:00,0.18991
Netherlands,NLD,2022-04-30 01:00:00,2022-04-30 03:00:00,0.18747
Netherlands,NLD,2022-04-30 02:00:00,2022-04-30 04:00:00,0.18996000000000002
Netherlands,NLD,2022-04-30 03:00:00,2022-04-30 05:00:00,0.19481
Netherlands,NLD,2022-04-30 04:00:00,2022-04-30 06:00:00,0.201
Netherlands,NLD,2022-04-30 05:00:00,2022-04-30 07:00:00,0.20659
Netherlands,NLD,2022-04-30 06:00:00,2022-04-30 08:00:00,0.21001
Netherlands,NLD,2022-04-30 07:00:00,2022-04-30 09:00:00,0.20585
Netherlands,NLD,2022-04-30 08:00:00,2022-04-30 10:00:00,0.19594999999999999
Netherlands,NLD,2022-04-30 09:00:00,2022-04-30 11:00:00,0.18658000000000002
Netherlands,NLD,2022-04-30 10:00:00,2022-04-30 12:00:00,0.18004
Netherlands,NLD,2022-04-30 11:00:00,2022-04-30 13:00:00,0.17294
Netherlands,NLD,2022-04-30 12:00:00,2022-04-30 14:00:00,0.16635
Netherlands,NLD,2022-04-30 13:00:00,2022-04-30 15:00:00,0.15969
Netherlands,NLD,2022-04-30 14:00:00,2022-04-30 16:00:00,0.16388
Netherlands,NLD,2022-04-30 15:00:00,2022-04-30 17:00:00,0.19202000000000002
Netherlands,NLD,2022-04-30 16:00:00,2022-04-30 18:00:00,0.22609
Netherlands,NLD,2022-04-30 17:00:00,2022-04-30 19:00:00,0.24697
Netherlands,NLD,2022-04-30 18:00:00,2022-04-30 20:00:00,0.25264
Netherlands,NLD,2022-04-30 19:00:00,2022-04-30 21:00:00,0.24711000000000002
Netherlands,NLD,2022-04-30 20:00:00,2022-04-30 22:00:00,0.23909
Netherlands,NLD,2022-04-30 21:00:00,2022-04-30 23:00:00,0.219
Netherlands,NLD,2022-04-30 22:00:00,2022-05-01 00:00:00,0.206
Netherlands,NLD,2022-04-30 23:00:00,2022-05-01 01:00:00,0.1997
Netherlands,NLD,2022-05-01 00:00:00,2022-05-01 02:00:00,0.19756
Netherlands,NLD,2022-05-01 01:00:00,2022-05-01 03:00:00,0.19219999999999998
Netherlands,NLD,2022-05-01 02:00:00,2022-05-01 04:00:00,0.19743
Netherlands,NLD,2022-05-01 03:00:00,2022-05-01 05:00:00,0.20132
Netherlands,NLD,2022-05-01 04:00:00,2022-05-01 06:00:00,0.195
Netherlands,NLD,2022-05-01 05:00:00,2022-05-01 07:00:00,0.19494999999999998
Netherlands,NLD,2022-05-01 06:00:00,2022-05-01 08:00:00,0.18694
Netherlands,NLD,2022-05-01 07:00:00,2022-05-01 09:00:00,0.18203999999999998
Netherlands,NLD,2022-05-01 08:00:00,2022-05-01 10:00:00,0.17731
Netherlands,NLD,2022-05-01 09:00:00,2022-05-01 11:00:00,0.1765
Netherlands,NLD,2022-05-01 10:00:00,2022-05-01 12:00:00,0.17492
Netherlands,NLD,2022-05-01 11:00:00,2022-05-01 13:00:00,0.15074
Netherlands,NLD,2022-05-01 12:00:00,2022-05-01 14:00:00,0.1404
Netherlands,NLD,2022-05-01 13:00:00,2022-05-01 15:00:00,0.1389
Netherlands,NLD,2022-05-01 14:00:00,2022-05-01 16:00:00,0.1559
Netherlands,NLD,2022-05-01 15:00:00,2022-05-01 17:00:00,0.18703999999999998
Netherlands,NLD,2022-05-01 16:00:00,2022-05-01 18:00:00,0.21585
Netherlands,NLD,2022-05-01 17:00:00,2022-05-01 19:00:00,0.24943
Netherlands,NLD,2022-05-01 18:00:00,2022-05-01 20:00:00,0.25494
Netherlands,NLD,2022-05-01 19:00:00,2022-05-01 21:00:00,0.24303
Netherlands,NLD,2022-05-01 20:00:00,2022-05-01 22:00:00,0.23972
Netherlands,NLD,2022-05-01 21:00:00,2022-05-01 23:00:00,0.21597
Netherlands,NLD,2022-05-01 22:00:00,2022-05-02 00:00:00,0.20646
Netherlands,NLD,2022-05-01 23:00:00,2022-05-02 01:00:00,0.19987
Netherlands,NLD,2022-05-02 00:00:00,2022-05-02 02:00:00,0.19469
Netherlands,NLD,2022-05-02 01:00:00,2022-05-02 03:00:00,0.19376
Netherlands,NLD,2022-05-02 02:00:00,2022-05-02 04:00:00,0.19634000000000001
Netherlands,NLD,2022-05-02 03:00:00,2022-05-02 05:00:00,0.20996
Netherlands,NLD,2022-05-02 04:00:00,2022-05-02 06:00:00,0.24888
Netherlands,NLD,2022-05-02 05:00:00,2022-05-02 07:00:00,0.27
Netherlands,NLD,2022-05-02 06:00:00,2022-05-02 08:00:00,0.26456999999999997
Netherlands,NLD,2022-05-02 07:00:00,2022-05-02 09:00:00,0.23898
Netherlands,NLD,2022-05-02 08:00:00,2022-05-02 10:00:00,0.19427
Netherlands,NLD,2022-05-02 09:00:00,2022-05-02 11:00:00,0.18997
Netherlands,NLD,2022-05-02 10:00:00,2022-05-02 12:00:00,0.1866
Netherlands,NLD,2022-05-02 11:00:00,2022-05-02 13:00:00,0.19044999999999998
Netherlands,NLD,2022-05-02 12:00:00,2022-05-02 14:00:00,0.18765
Netherlands,NLD,2022-05-02 13:00:00,2022-05-02 15:00:00,0.18505000000000002
Netherlands,NLD,2022-05-02 14:00:00,2022-05-02 16:00:00,0.18819999999999998
Netherlands,NLD,2022-05-02 15:00:00,2022-05-02 17:00:00,0.21872
Netherlands,NLD,2022-05-02 16:00:00,2022-05-02 18:00:00,0.22918
Netherlands,NLD,2022-05-02 17:00:00,2022-05-02 19:00:00,0.245
Netherlands,NLD,2022-05-02 18:00:00,2022-05-02 20:00:00,0.26541000000000003
Netherlands,NLD,2022-05-02 19:00:00,2022-05-02 21:00:00,0.25352
Netherlands,NLD,2022-05-02 20:00:00,2022-05-02 22:00:00,0.24111000000000002
Netherlands,NLD,2022-05-02 21:00:00,2022-05-02 23:00:00,0.21991999999999998
Netherlands,NLD,2022-05-02 22:00:00,2022-05-03 00:00:00,0.1845
Netherlands,NLD,2022-05-02 23:00:00,2022-05-03 01:00:00,0.18209
Netherlands,NLD,2022-05-03 00:00:00,2022-05-03 02:00:00,0.18408000000000002
Netherlands,NLD,2022-05-03 01:00:00,2022-05-03 03:00:00,0.18512
Netherlands,NLD,2022-05-03 02:00:00,2022-05-03 04:00:00,0.18703999999999998
Netherlands,NLD,2022-05-03 03:00:00,2022-05-03 05:00:00,0.19119
Netherlands,NLD,2022-05-03 04:00:00,2022-05-03 06:00:00,0.23626
Netherlands,NLD,2022-05-03 05:00:00,2022-05-03 07:00:00,0.25596
Netherlands,NLD,2022-05-03 06:00:00,2022-05-03 08:00:00,0.25596
Netherlands,NLD,2022-05-03 07:00:00,2022-05-03 09:00:00,0.2327
Netherlands,NLD,2022-05-03 08:00:00,2022-05-03 10:00:00,0.20607
Netherlands,NLD,2022-05-03 09:00:00,2022-05-03 11:00:00,0.20024
Netherlands,NLD,2022-05-03 10:00:00,2022-05-03 12:00:00,0.19579
Netherlands,NLD,2022-05-03 11:00:00,2022-05-03 13:00:00,0.19729
Netherlands,NLD,2022-05-03 12:00:00,2022-05-03 14:00:00,0.19488999999999998
Netherlands,NLD,2022-05-03 13:00:00,2022-05-03 15:00:00,0.19554
Netherlands,NLD,2022-05-03 14:00:00,2022-05-03 16:00:00,0.19799
Netherlands,NLD,2022-05-03 15:00:00,2022-05-03 17:00:00,0.21899000000000002
Netherlands,NLD,2022-05-03 16:00:00,2022-05-03 18:00:00,0.24996000000000002
Netherlands,NLD,2022-05-03 17:00:00,2022-05-03 19:00:00,0.26994
Netherlands,NLD,2022-05-03 18:00:00,2022-05-03 20:00:00,0.27023
Netherlands,NLD,2022-05-03 19:00:00,2022-05-03 21:00:00,0.26177
Netherlands,NLD,2022-05-03 20:00:00,2022-05-03 22:00:00,0.25321
Netherlands,NLD,2022-05-03 21:00:00,2022-05-03 23:00:00,0.22894
Netherlands,NLD,2022-05-03 22:00:00,2022-05-04 00:00:00,0.206
Netherlands,NLD,2022-05-03 23:00:00,2022-05-04 01:00:00,0.2
Netherlands,NLD,2022-05-04 00:00:00,2022-05-04 02:00:00,0.20034
Netherlands,NLD,2022-05-04 01:00:00,2022-05-04 03:00:00,0.20112
Netherlands,NLD,2022-05-04 02:00:00,2022-05-04 04:00:00,0.20113999999999999
Netherlands,NLD,2022-05-04 03:00:00,2022-05-04 05:00:00,0.22432
Netherlands,NLD,2022-05-04 04:00:00,2022-05-04 06:00:00,0.25658
Netherlands,NLD,2022-05-04 05:00:00,2022-05-04 07:00:00,0.2969
Netherlands,NLD,2022-05-04 06:00:00,2022-05-04 08:00:00,0.2801
Netherlands,NLD,2022-05-04 07:00:00,2022-05-04 09:00:00,0.25509
Netherlands,NLD,2022-05-04 08:00:00,2022-05-04 10:00:00,0.22041
Netherlands,NLD,2022-05-04 09:00:00,2022-05-04 11:00:00,0.19190000000000002
Netherlands,NLD,2022-05-04 10:00:00,2022-05-04 12:00:00,0.18938
Netherlands,NLD,2022-05-04 11:00:00,2022-05-04 13:00:00,0.18815
Netherlands,NLD,2022-05-04 12:00:00,2022-05-04 14:00:00,0.18905000000000002
Netherlands,NLD,2022-05-04 13:00:00,2022-05-04 15:00:00,0.20015
Netherlands,NLD,2022-05-04 14:00:00,2022-05-04 16:00:00,0.20624
Netherlands,NLD,2022-05-04 15:00:00,2022-05-04 17:00:00,0.22549
Netherlands,NLD,2022-05-04 16:00:00,2022-05-04 18:00:00,0.24997999999999998
Netherlands,NLD,2022-05-04 17:00:00,2022-05-04 19:00:00,0.27544
Netherlands,NLD,2022-05-04 18:00:00,2022-05-04 20:00:00,0.28149
Netherlands,NLD,2022-05-04 19:00:00,2022-05-04 21:00:00,0.26337
Netherlands,NLD,2022-05-04 20:00:00,2022-05-04 22:00:00,0.2469
Netherlands,NLD,2022-05-04 21:00:00,2022-05-04 23:00:00,0.23247
Netherlands,NLD,2022-05-04 22:00:00,2022-05-05 00:00:00,0.22519999999999998
Netherlands,NLD,2022-05-04 23:00:00,2022-05-05 01:00:00,0.20844
Netherlands,NLD,2022-05-05 00:00:00,2022-05-05 02:00:00,0.20812
Netherlands,NLD,2022-05-05 01:00:00,2022-05-05 03:00:00,0.20509
Netherlands,NLD,2022-05-05 02:00:00,2022-05-05 04:00:00,0.2049
Netherlands,NLD,2022-05-05 03:00:00,2022-05-05 05:00:00,0.22077000000000002
Netherlands,NLD,2022-05-05 04:00:00,2022-05-05 06:00:00,0.25496
Netherlands,NLD,2022-05-05 05:00:00,2022-05-05 07:00:00,0.27506
Netherlands,NLD,2022-05-05 06:00:00,2022-05-05 08:00:00,0.26802
Netherlands,NLD,2022-05-05 07:00:00,2022-05-05 09:00:00,0.25296
Netherlands,NLD,2022-05-05 08:00:00,2022-05-05 10:00:00,0.23503
Netherlands,NLD,2022-05-05 09:00:00,2022-05-05 11:00:00,0.23209
Netherlands,NLD,2022-05-05 10:00:00,2022-05-05 12:00:00,0.22397999999999998
Netherlands,NLD,2022-05-05 11:00:00,2022-05-05 13:00:00,0.21503999999999998
Netherlands,NLD,2022-05-05 12:00:00,2022-05-05 14:00:00,0.2109
Netherlands,NLD,2022-05-05 13:00:00,2022-05-05 15:00:00,0.1999
Netherlands,NLD,2022-05-05 14:00:00,2022-05-05 16:00:00,0.20667
Netherlands,NLD,2022-05-05 15:00:00,2022-05-05 17:00:00,0.229
Netherlands,NLD,2022-05-05 16:00:00,2022-05-05 18:00:00,0.24316
Netherlands,NLD,2022-05-05 17:00:00,2022-05-05 19:00:00,0.263
Netherlands,NLD,2022-05-05 18:00:00,2022-05-05 20:00:00,0.27661
Netherlands,NLD,2022-05-05 19:00:00,2022-05-05 21:00:00,0.25995999999999997
Netherlands,NLD,2022-05-05 20:00:00,2022-05-05 22:00:00,0.25184
Netherlands,NLD,2022-05-05 21:00:00,2022-05-05 23:00:00,0.23852
Netherlands,NLD,2022-05-05 22:00:00,2022-05-06 00:00:00,0.22069
Netherlands,NLD,2022-05-05 23:00:00,2022-05-06 01:00:00,0.21374
Netherlands,NLD,2022-05-06 00:00:00,2022-05-06 02:00:00,0.20756
Netherlands,NLD,2022-05-06 01:00:00,2022-05-06 03:00:00,0.20402
Netherlands,NLD,2022-05-06 02:00:00,2022-05-06 04:00:00,0.20657
Netherlands,NLD,2022-05-06 03:00:00,2022-05-06 05:00:00,0.21907
Netherlands,NLD,2022-05-06 04:00:00,2022-05-06 06:00:00,0.25590999999999997
Netherlands,NLD,2022-05-06 05:00:00,2022-05-06 07:00:00,0.27492
Netherlands,NLD,2022-05-06 06:00:00,2022-05-06 08:00:00,0.26297000000000004
Netherlands,NLD,2022-05-06 07:00:00,2022-05-06 09:00:00,0.2368
Netherlands,NLD,2022-05-06 08:00:00,2022-05-06 10:00:00,0.22
Netherlands,NLD,2022-05-06 09:00:00,2022-05-06 11:00:00,0.20812999999999998
Netherlands,NLD,2022-05-06 10:00:00,2022-05-06 12:00:00,0.2074
Netherlands,NLD,2022-05-06 11:00:00,2022-05-06 13:00:00,0.19181
Netherlands,NLD,2022-05-06 12:00:00,2022-05-06 14:00:00,0.19000999999999998
Netherlands,NLD,2022-05-06 13:00:00,2022-05-06 15:00:00,0.18700999999999998
Netherlands,NLD,2022-05-06 14:00:00,2022-05-06 16:00:00,0.19269999999999998
Netherlands,NLD,2022-05-06 15:00:00,2022-05-06 17:00:00,0.21159
Netherlands,NLD,2022-05-06 16:00:00,2022-05-06 18:00:00,0.23909
Netherlands,NLD,2022-05-06 17:00:00,2022-05-06 19:00:00,0.25679
Netherlands,NLD,2022-05-06 18:00:00,2022-05-06 20:00:00,0.26269
Netherlands,NLD,2022-05-06 19:00:00,2022-05-06 21:00:00,0.25590999999999997
Netherlands,NLD,2022-05-06 20:00:00,2022-05-06 22:00:00,0.24778
Netherlands,NLD,2022-05-06 21:00:00,2022-05-06 23:00:00,0.23546
Netherlands,NLD,2022-05-06 22:00:00,2022-05-07 00:00:00,0.22512000000000001
Netherlands,NLD,2022-05-06 23:00:00,2022-05-07 01:00:00,0.21694
Netherlands,NLD,2022-05-07 00:00:00,2022-05-07 02:00:00,0.20736000000000002
Netherlands,NLD,2022-05-07 01:00:00,2022-05-07 03:00:00,0.20001
Netherlands,NLD,2022-05-07 02:00:00,2022-05-07 04:00:00,0.1995
Netherlands,NLD,2022-05-07 03:00:00,2022-05-07 05:00:00,0.2001
Netherlands,NLD,2022-05-07 04:00:00,2022-05-07 06:00:00,0.20178000000000001
Netherlands,NLD,2022-05-07 05:00:00,2022-05-07 07:00:00,0.21628
Netherlands,NLD,2022-05-07 06:00:00,2022-05-07 08:00:00,0.21703999999999998
Netherlands,NLD,2022-05-07 07:00:00,2022-05-07 09:00:00,0.20857
Netherlands,NLD,2022-05-07 08:00:00,2022-05-07 10:00:00,0.19416999999999998
Netherlands,NLD,2022-05-07 09:00:00,2022-05-07 11:00:00,0.19066999999999998
Netherlands,NLD,2022-05-07 10:00:00,2022-05-07 12:00:00,0.18655000000000002
Netherlands,NLD,2022-05-07 11:00:00,2022-05-07 13:00:00,0.17437
Netherlands,NLD,2022-05-07 12:00:00,2022-05-07 14:00:00,0.1667
Netherlands,NLD,2022-05-07 13:00:00,2022-05-07 15:00:00,0.15916999999999998
Netherlands,NLD,2022-05-07 14:00:00,2022-05-07 16:00:00,0.16822
Netherlands,NLD,2022-05-07 15:00:00,2022-05-07 17:00:00,0.18530000000000002
Netherlands,NLD,2022-05-07 16:00:00,2022-05-07 18:00:00,0.20162
Netherlands,NLD,2022-05-07 17:00:00,2022-05-07 19:00:00,0.22274000000000002
Netherlands,NLD,2022-05-07 18:00:00,2022-05-07 20:00:00,0.23157
Netherlands,NLD,2022-05-07 19:00:00,2022-05-07 21:00:00,0.229
Netherlands,NLD,2022-05-07 20:00:00,2022-05-07 22:00:00,0.22312
Netherlands,NLD,2022-05-07 21:00:00,2022-05-07 23:00:00,0.20837999999999998
Netherlands,NLD,2022-05-07 22:00:00,2022-05-08 00:00:00,0.2081
Netherlands,NLD,2022-05-07 23:00:00,2022-05-08 01:00:00,0.1933
Netherlands,NLD,2022-05-08 00:00:00,2022-05-08 02:00:00,0.19191999999999998
Netherlands,NLD,2022-05-08 01:00:00,2022-05-08 03:00:00,0.18600999999999998
Netherlands,NLD,2022-05-08 02:00:00,2022-05-08 04:00:00,0.18297999999999998
Netherlands,NLD,2022-05-08 03:00:00,2022-05-08 05:00:00,0.18606
Netherlands,NLD,2022-05-08 04:00:00,2022-05-08 06:00:00,0.18497
Netherlands,NLD,2022-05-08 05:00:00,2022-05-08 07:00:00,0.18593
Netherlands,NLD,2022-05-08 06:00:00,2022-05-08 08:00:00,0.18362
Netherlands,NLD,2022-05-08 07:00:00,2022-05-08 09:00:00,0.16344999999999998
Netherlands,NLD,2022-05-08 08:00:00,2022-05-08 10:00:00,0.14033
Netherlands,NLD,2022-05-08 09:00:00,2022-05-08 11:00:00,0.12317
Netherlands,NLD,2022-05-08 10:00:00,2022-05-08 12:00:00,0.1045
Netherlands,NLD,2022-05-08 11:00:00,2022-05-08 13:00:00,0.06082
Netherlands,NLD,2022-05-08 12:00:00,2022-05-08 14:00:00,0.05106
Netherlands,NLD,2022-05-08 13:00:00,2022-05-08 15:00:00,0.09326000000000001
Netherlands,NLD,2022-05-08 14:00:00,2022-05-08 16:00:00,0.11359999999999999
Netherlands,NLD,2022-05-08 15:00:00,2022-05-08 17:00:00,0.15580000000000002
Netherlands,NLD,2022-05-08 16:00:00,2022-05-08 18:00:00,0.19604
Netherlands,NLD,2022-05-08 17:00:00,2022-05-08 19:00:00,0.2346
Netherlands,NLD,2022-05-08 18:00:00,2022-05-08 20:00:00,0.23899
Netherlands,NLD,2022-05-08 19:00:00,2022-05-08 21:00:00,0.23835
Netherlands,NLD,2022-05-08 20:00:00,2022-05-08 22:00:00,0.22591
Netherlands,NLD,2022-05-08 21:00:00,2022-05-08 23:00:00,0.2179
Netherlands,NLD,2022-05-08 22:00:00,2022-05-09 00:00:00,0.20908000000000002
Netherlands,NLD,2022-05-08 23:00:00,2022-05-09 01:00:00,0.19921
Netherlands,NLD,2022-05-09 00:00:00,2022-05-09 02:00:00,0.19607
Netherlands,NLD,2022-05-09 01:00:00,2022-05-09 03:00:00,0.19111
Netherlands,NLD,2022-05-09 02:00:00,2022-05-09 04:00:00,0.19368000000000002
Netherlands,NLD,2022-05-09 03:00:00,2022-05-09 05:00:00,0.21072
Netherlands,NLD,2022-05-09 04:00:00,2022-05-09 06:00:00,0.24
Netherlands,NLD,2022-05-09 05:00:00,2022-05-09 07:00:00,0.25623
Netherlands,NLD,2022-05-09 06:00:00,2022-05-09 08:00:00,0.25004
Netherlands,NLD,2022-05-09 07:00:00,2022-05-09 09:00:00,0.21921000000000002
Netherlands,NLD,2022-05-09 08:00:00,2022-05-09 10:00:00,0.19995
Netherlands,NLD,2022-05-09 09:00:00,2022-05-09 11:00:00,0.19211
Netherlands,NLD,2022-05-09 10:00:00,2022-05-09 12:00:00,0.175
Netherlands,NLD,2022-05-09 11:00:00,2022-05-09 13:00:00,0.17195
Netherlands,NLD,2022-05-09 12:00:00,2022-05-09 14:00:00,0.1699
Netherlands,NLD,2022-05-09 13:00:00,2022-05-09 15:00:00,0.18394
Netherlands,NLD,2022-05-09 14:00:00,2022-05-09 16:00:00,0.19063
Netherlands,NLD,2022-05-09 15:00:00,2022-05-09 17:00:00,0.22093000000000002
Netherlands,NLD,2022-05-09 16:00:00,2022-05-09 18:00:00,0.24797
Netherlands,NLD,2022-05-09 17:00:00,2022-05-09 19:00:00,0.28
Netherlands,NLD,2022-05-09 18:00:00,2022-05-09 20:00:00,0.28
Netherlands,NLD,2022-05-09 19:00:00,2022-05-09 21:00:00,0.25044
Netherlands,NLD,2022-05-09 20:00:00,2022-05-09 22:00:00,0.23708
Netherlands,NLD,2022-05-09 21:00:00,2022-05-09 23:00:00,0.18941999999999998
Netherlands,NLD,2022-05-09 22:00:00,2022-05-10 00:00:00,0.21641
Netherlands,NLD,2022-05-09 23:00:00,2022-05-10 01:00:00,0.20561000000000001
Netherlands,NLD,2022-05-10 00:00:00,2022-05-10 02:00:00,0.18472
Netherlands,NLD,2022-05-10 01:00:00,2022-05-10 03:00:00,0.16998
Netherlands,NLD,2022-05-10 02:00:00,2022-05-10 04:00:00,0.16597
Netherlands,NLD,2022-05-10 03:00:00,2022-05-10 05:00:00,0.17682
Netherlands,NLD,2022-05-10 04:00:00,2022-05-10 06:00:00,0.22408
Netherlands,NLD,2022-05-10 05:00:00,2022-05-10 07:00:00,0.23795
Netherlands,NLD,2022-05-10 06:00:00,2022-05-10 08:00:00,0.2312
Netherlands,NLD,2022-05-10 07:00:00,2022-05-10 09:00:00,0.20381
Netherlands,NLD,2022-05-10 08:00:00,2022-05-10 10:00:00,0.16876
Netherlands,NLD,2022-05-10 09:00:00,2022-05-10 11:00:00,0.14262
Netherlands,NLD,2022-05-10 10:00:00,2022-05-10 12:00:00,0.04999
Netherlands,NLD,2022-05-10 11:00:00,2022-05-10 13:00:00,7.000000000000001e-05
Netherlands,NLD,2022-05-10 12:00:00,2022-05-10 14:00:00,0.0157
Netherlands,NLD,2022-05-10 13:00:00,2022-05-10 15:00:00,0.0402
Netherlands,NLD,2022-05-10 14:00:00,2022-05-10 16:00:00,0.0699
Netherlands,NLD,2022-05-10 15:00:00,2022-05-10 17:00:00,0.18119
Netherlands,NLD,2022-05-10 16:00:00,2022-05-10 18:00:00,0.20978
Netherlands,NLD,2022-05-10 17:00:00,2022-05-10 19:00:00,0.23492
Netherlands,NLD,2022-05-10 18:00:00,2022-05-10 20:00:00,0.23995
Netherlands,NLD,2022-05-10 19:00:00,2022-05-10 21:00:00,0.23696
Netherlands,NLD,2022-05-10 20:00:00,2022-05-10 22:00:00,0.22909000000000002
Netherlands,NLD,2022-05-10 21:00:00,2022-05-10 23:00:00,0.19490000000000002
Netherlands,NLD,2022-05-10 22:00:00,2022-05-11 00:00:00,0.20715
Netherlands,NLD,2022-05-10 23:00:00,2022-05-11 01:00:00,0.1928
Netherlands,NLD,2022-05-11 00:00:00,2022-05-11 02:00:00,0.1855
Netherlands,NLD,2022-05-11 01:00:00,2022-05-11 03:00:00,0.179
Netherlands,NLD,2022-05-11 02:00:00,2022-05-11 04:00:00,0.17946
Netherlands,NLD,2022-05-11 03:00:00,2022-05-11 05:00:00,0.18572
Netherlands,NLD,2022-05-11 04:00:00,2022-05-11 06:00:00,0.21637
Netherlands,NLD,2022-05-11 05:00:00,2022-05-11 07:00:00,0.23322
Netherlands,NLD,2022-05-11 06:00:00,2022-05-11 08:00:00,0.224
Netherlands,NLD,2022-05-11 07:00:00,2022-05-11 09:00:00,0.2
Netherlands,NLD,2022-05-11 08:00:00,2022-05-11 10:00:00,0.14
Netherlands,NLD,2022-05-11 09:00:00,2022-05-11 11:00:00,0.09204000000000001
Netherlands,NLD,2022-05-11 10:00:00,2022-05-11 12:00:00,0.05
Netherlands,NLD,2022-05-11 11:00:00,2022-05-11 13:00:00,0.02523
Netherlands,NLD,2022-05-11 12:00:00,2022-05-11 14:00:00,0.0037400000000000003
Netherlands,NLD,2022-05-11 13:00:00,2022-05-11 15:00:00,0.03126
Netherlands,NLD,2022-05-11 14:00:00,2022-05-11 16:00:00,0.0718
Netherlands,NLD,2022-05-11 15:00:00,2022-05-11 17:00:00,0.1176
Netherlands,NLD,2022-05-11 16:00:00,2022-05-11 18:00:00,0.18418
Netherlands,NLD,2022-05-11 17:00:00,2022-05-11 19:00:00,0.21930000000000002
Netherlands,NLD,2022-05-11 18:00:00,2022-05-11 20:00:00,0.22193000000000002
Netherlands,NLD,2022-05-11 19:00:00,2022-05-11 21:00:00,0.22
Netherlands,NLD,2022-05-11 20:00:00,2022-05-11 22:00:00,0.20601
Netherlands,NLD,2022-05-11 21:00:00,2022-05-11 23:00:00,0.19293000000000002
Netherlands,NLD,2022-05-11 22:00:00,2022-05-12 00:00:00,0.1499
Netherlands,NLD,2022-05-11 23:00:00,2022-05-12 01:00:00,0.14501
Netherlands,NLD,2022-05-12 00:00:00,2022-05-12 02:00:00,0.14001
Netherlands,NLD,2022-05-12 01:00:00,2022-05-12 03:00:00,0.16258
Netherlands,NLD,2022-05-12 02:00:00,2022-05-12 04:00:00,0.18234
Netherlands,NLD,2022-05-12 03:00:00,2022-05-12 05:00:00,0.17242
Netherlands,NLD,2022-05-12 04:00:00,2022-05-12 06:00:00,0.21194
Netherlands,NLD,2022-05-12 05:00:00,2022-05-12 07:00:00,0.23056000000000001
Netherlands,NLD,2022-05-12 06:00:00,2022-05-12 08:00:00,0.22346000000000002
Netherlands,NLD,2022-05-12 07:00:00,2022-05-12 09:00:00,0.18209
Netherlands,NLD,2022-05-12 08:00:00,2022-05-12 10:00:00,0.13874
Netherlands,NLD,2022-05-12 09:00:00,2022-05-12 11:00:00,0.12132
Netherlands,NLD,2022-05-12 10:00:00,2022-05-12 12:00:00,0.09573000000000001
Netherlands,NLD,2022-05-12 11:00:00,2022-05-12 13:00:00,0.08008
Netherlands,NLD,2022-05-12 12:00:00,2022-05-12 14:00:00,0.078
Netherlands,NLD,2022-05-12 13:00:00,2022-05-12 15:00:00,0.0828
Netherlands,NLD,2022-05-12 14:00:00,2022-05-12 16:00:00,0.13101
Netherlands,NLD,2022-05-12 15:00:00,2022-05-12 17:00:00,0.18151
Netherlands,NLD,2022-05-12 16:00:00,2022-05-12 18:00:00,0.2
Netherlands,NLD,2022-05-12 17:00:00,2022-05-12 19:00:00,0.23247
Netherlands,NLD,2022-05-12 18:00:00,2022-05-12 20:00:00,0.24177
Netherlands,NLD,2022-05-12 19:00:00,2022-05-12 21:00:00,0.23317
Netherlands,NLD,2022-05-12 20:00:00,2022-05-12 22:00:00,0.22432
Netherlands,NLD,2022-05-12 21:00:00,2022-05-12 23:00:00,0.20034
Netherlands,NLD,2022-05-12 22:00:00,2022-05-13 00:00:00,0.21
Netherlands,NLD,2022-05-12 23:00:00,2022-05-13 01:00:00,0.20271
Netherlands,NLD,2022-05-13 00:00:00,2022-05-13 02:00:00,0.189
Netherlands,NLD,2022-05-13 01:00:00,2022-05-13 03:00:00,0.17474
Netherlands,NLD,2022-05-13 02:00:00,2022-05-13 04:00:00,0.17626
Netherlands,NLD,2022-05-13 03:00:00,2022-05-13 05:00:00,0.2032
Netherlands,NLD,2022-05-13 04:00:00,2022-05-13 06:00:00,0.22693000000000002
Netherlands,NLD,2022-05-13 05:00:00,2022-05-13 07:00:00,0.24274
Netherlands,NLD,2022-05-13 06:00:00,2022-05-13 08:00:00,0.24229
Netherlands,NLD,2022-05-13 07:00:00,2022-05-13 09:00:00,0.2251
Netherlands,NLD,2022-05-13 08:00:00,2022-05-13 10:00:00,0.1699
Netherlands,NLD,2022-05-13 09:00:00,2022-05-13 11:00:00,0.09951
Netherlands,NLD,2022-05-13 10:00:00,2022-05-13 12:00:00,0.08981
Netherlands,NLD,2022-05-13 11:00:00,2022-05-13 13:00:00,0.036590000000000004
Netherlands,NLD,2022-05-13 12:00:00,2022-05-13 14:00:00,0.00011999999999999999
Netherlands,NLD,2022-05-13 13:00:00,2022-05-13 15:00:00,-0.00304
Netherlands,NLD,2022-05-13 14:00:00,2022-05-13 16:00:00,0.02686
Netherlands,NLD,2022-05-13 15:00:00,2022-05-13 17:00:00,0.074
Netherlands,NLD,2022-05-13 16:00:00,2022-05-13 18:00:00,0.18386000000000002
Netherlands,NLD,2022-05-13 17:00:00,2022-05-13 19:00:00,0.22025999999999998
Netherlands,NLD,2022-05-13 18:00:00,2022-05-13 20:00:00,0.23109
Netherlands,NLD,2022-05-13 19:00:00,2022-05-13 21:00:00,0.229
Netherlands,NLD,2022-05-13 20:00:00,2022-05-13 22:00:00,0.21769999999999998
Netherlands,NLD,2022-05-13 21:00:00,2022-05-13 23:00:00,0.19016999999999998
Netherlands,NLD,2022-05-13 22:00:00,2022-05-14 00:00:00,0.19169999999999998
Netherlands,NLD,2022-05-13 23:00:00,2022-05-14 01:00:00,0.19440000000000002
Netherlands,NLD,2022-05-14 00:00:00,2022-05-14 02:00:00,0.19522
Netherlands,NLD,2022-05-14 01:00:00,2022-05-14 03:00:00,0.24991
Netherlands,NLD,2022-05-14 02:00:00,2022-05-14 04:00:00,0.19440000000000002
Netherlands,NLD,2022-05-14 03:00:00,2022-05-14 05:00:00,0.1999
Netherlands,NLD,2022-05-14 04:00:00,2022-05-14 06:00:00,0.18406999999999998
Netherlands,NLD,2022-05-14 05:00:00,2022-05-14 07:00:00,0.1943
Netherlands,NLD,2022-05-14 06:00:00,2022-05-14 08:00:00,0.18494
Netherlands,NLD,2022-05-14 07:00:00,2022-05-14 09:00:00,0.16
Netherlands,NLD,2022-05-14 08:00:00,2022-05-14 10:00:00,0.11993999999999999
Netherlands,NLD,2022-05-14 09:00:00,2022-05-14 11:00:00,0.07623999999999999
Netherlands,NLD,2022-05-14 10:00:00,2022-05-14 12:00:00,0.06001
Netherlands,NLD,2022-05-14 11:00:00,2022-05-14 13:00:00,-0.00641
Netherlands,NLD,2022-05-14 12:00:00,2022-05-14 14:00:00,0.0022400000000000002
Netherlands,NLD,2022-05-14 13:00:00,2022-05-14 15:00:00,0.049049999999999996
Netherlands,NLD,2022-05-14 14:00:00,2022-05-14 16:00:00,0.07289
Netherlands,NLD,2022-05-14 15:00:00,2022-05-14 17:00:00,0.16202
Netherlands,NLD,2022-05-14 16:00:00,2022-05-14 18:00:00,0.20638
Netherlands,NLD,2022-05-14 17:00:00,2022-05-14 19:00:00,0.225
Netherlands,NLD,2022-05-14 18:00:00,2022-05-14 20:00:00,0.24004
Netherlands,NLD,2022-05-14 19:00:00,2022-05-14 21:00:00,0.24187
Netherlands,NLD,2022-05-14 20:00:00,2022-05-14 22:00:00,0.239
Netherlands,NLD,2022-05-14 21:00:00,2022-05-14 23:00:00,0.22415000000000002
Netherlands,NLD,2022-05-14 22:00:00,2022-05-15 00:00:00,0.21491
Netherlands,NLD,2022-05-14 23:00:00,2022-05-15 01:00:00,0.19635
Netherlands,NLD,2022-05-15 00:00:00,2022-05-15 02:00:00,0.18543
Netherlands,NLD,2022-05-15 01:00:00,2022-05-15 03:00:00,0.17415
Netherlands,NLD,2022-05-15 02:00:00,2022-05-15 04:00:00,0.17017
Netherlands,NLD,2022-05-15 03:00:00,2022-05-15 05:00:00,0.17025
Netherlands,NLD,2022-05-15 04:00:00,2022-05-15 06:00:00,0.16291999999999998
Netherlands,NLD,2022-05-15 05:00:00,2022-05-15 07:00:00,0.15857
Netherlands,NLD,2022-05-15 06:00:00,2022-05-15 08:00:00,0.15497999999999998
Netherlands,NLD,2022-05-15 07:00:00,2022-05-15 09:00:00,0.11059999999999999
Netherlands,NLD,2022-05-15 08:00:00,2022-05-15 10:00:00,0.09598000000000001
Netherlands,NLD,2022-05-15 09:00:00,2022-05-15 11:00:00,0.09
Netherlands,NLD,2022-05-15 10:00:00,2022-05-15 12:00:00,0.075
Netherlands,NLD,2022-05-15 11:00:00,2022-05-15 13:00:00,0.04535
Netherlands,NLD,2022-05-15 12:00:00,2022-05-15 14:00:00,0.020149999999999998
Netherlands,NLD,2022-05-15 13:00:00,2022-05-15 15:00:00,0.03958
Netherlands,NLD,2022-05-15 14:00:00,2022-05-15 16:00:00,0.07621
Netherlands,NLD,2022-05-15 15:00:00,2022-05-15 17:00:00,0.13333
Netherlands,NLD,2022-05-15 16:00:00,2022-05-15 18:00:00,0.19891999999999999
Netherlands,NLD,2022-05-15 17:00:00,2022-05-15 19:00:00,0.22513999999999998
Netherlands,NLD,2022-05-15 18:00:00,2022-05-15 20:00:00,0.2299
Netherlands,NLD,2022-05-15 19:00:00,2022-05-15 21:00:00,0.22618000000000002
Netherlands,NLD,2022-05-15 20:00:00,2022-05-15 22:00:00,0.21957
Netherlands,NLD,2022-05-15 21:00:00,2022-05-15 23:00:00,0.2005
Netherlands,NLD,2022-05-15 22:00:00,2022-05-16 00:00:00,0.18018
Netherlands,NLD,2022-05-15 23:00:00,2022-05-16 01:00:00,0.16906000000000002
Netherlands,NLD,2022-05-16 00:00:00,2022-05-16 02:00:00,0.16913
Netherlands,NLD,2022-05-16 01:00:00,2022-05-16 03:00:00,0.16988999999999999
Netherlands,NLD,2022-05-16 02:00:00,2022-05-16 04:00:00,0.16953000000000001
Netherlands,NLD,2022-05-16 03:00:00,2022-05-16 05:00:00,0.18203999999999998
Netherlands,NLD,2022-05-16 04:00:00,2022-05-16 06:00:00,0.22995
Netherlands,NLD,2022-05-16 05:00:00,2022-05-16 07:00:00,0.24808000000000002
Netherlands,NLD,2022-05-16 06:00:00,2022-05-16 08:00:00,0.25109
Netherlands,NLD,2022-05-16 07:00:00,2022-05-16 09:00:00,0.23108
Netherlands,NLD,2022-05-16 08:00:00,2022-05-16 10:00:00,0.21062
Netherlands,NLD,2022-05-16 09:00:00,2022-05-16 11:00:00,0.19968
Netherlands,NLD,2022-05-16 10:00:00,2022-05-16 12:00:00,0.18534
Netherlands,NLD,2022-05-16 11:00:00,2022-05-16 13:00:00,0.1817
Netherlands,NLD,2022-05-16 12:00:00,2022-05-16 14:00:00,0.18539
Netherlands,NLD,2022-05-16 13:00:00,2022-05-16 15:00:00,0.18625999999999998
Netherlands,NLD,2022-05-16 14:00:00,2022-05-16 16:00:00,0.17296
Netherlands,NLD,2022-05-16 15:00:00,2022-05-16 17:00:00,0.19654
Netherlands,NLD,2022-05-16 16:00:00,2022-05-16 18:00:00,0.24574000000000001
Netherlands,NLD,2022-05-16 17:00:00,2022-05-16 19:00:00,0.26199
Netherlands,NLD,2022-05-16 18:00:00,2022-05-16 20:00:00,0.27434
Netherlands,NLD,2022-05-16 19:00:00,2022-05-16 21:00:00,0.25989999999999996
Netherlands,NLD,2022-05-16 20:00:00,2022-05-16 22:00:00,0.2402
Netherlands,NLD,2022-05-16 21:00:00,2022-05-16 23:00:00,0.19378
Netherlands,NLD,2022-05-16 22:00:00,2022-05-17 00:00:00,0.20339
Netherlands,NLD,2022-05-16 23:00:00,2022-05-17 01:00:00,0.19594
Netherlands,NLD,2022-05-17 00:00:00,2022-05-17 02:00:00,0.1891
Netherlands,NLD,2022-05-17 01:00:00,2022-05-17 03:00:00,0.18505000000000002
Netherlands,NLD,2022-05-17 02:00:00,2022-05-17 04:00:00,0.18919999999999998
Netherlands,NLD,2022-05-17 03:00:00,2022-05-17 05:00:00,0.20224
Netherlands,NLD,2022-05-17 04:00:00,2022-05-17 06:00:00,0.2367
Netherlands,NLD,2022-05-17 05:00:00,2022-05-17 07:00:00,0.26488999999999996
Netherlands,NLD,2022-05-17 06:00:00,2022-05-17 08:00:00,0.27417
Netherlands,NLD,2022-05-17 07:00:00,2022-05-17 09:00:00,0.24297
Netherlands,NLD,2022-05-17 08:00:00,2022-05-17 10:00:00,0.23199
Netherlands,NLD,2022-05-17 09:00:00,2022-05-17 11:00:00,0.2
Netherlands,NLD,2022-05-17 10:00:00,2022-05-17 12:00:00,0.20362
Netherlands,NLD,2022-05-17 11:00:00,2022-05-17 13:00:00,0.19279
Netherlands,NLD,2022-05-17 12:00:00,2022-05-17 14:00:00,0.16
Netherlands,NLD,2022-05-17 13:00:00,2022-05-17 15:00:00,0.16794
Netherlands,NLD,2022-05-17 14:00:00,2022-05-17 16:00:00,0.19269
Netherlands,NLD,2022-05-17 15:00:00,2022-05-17 17:00:00,0.2368
Netherlands,NLD,2022-05-17 16:00:00,2022-05-17 18:00:00,0.25182
Netherlands,NLD,2022-05-17 17:00:00,2022-05-17 19:00:00,0.29
Netherlands,NLD,2022-05-17 18:00:00,2022-05-17 20:00:00,0.29821
Netherlands,NLD,2022-05-17 19:00:00,2022-05-17 21:00:00,0.26588
Netherlands,NLD,2022-05-17 20:00:00,2022-05-17 22:00:00,0.24546
Netherlands,NLD,2022-05-17 21:00:00,2022-05-17 23:00:00,0.192
Netherlands,NLD,2022-05-17 22:00:00,2022-05-18 00:00:00,0.20647
Netherlands,NLD,2022-05-17 23:00:00,2022-05-18 01:00:00,0.18788999999999997
Netherlands,NLD,2022-05-18 00:00:00,2022-05-18 02:00:00,0.17623
Netherlands,NLD,2022-05-18 01:00:00,2022-05-18 03:00:00,0.17098
Netherlands,NLD,2022-05-18 02:00:00,2022-05-18 04:00:00,0.1747
Netherlands,NLD,2022-05-18 03:00:00,2022-05-18 05:00:00,0.17961000000000002
Netherlands,NLD,2022-05-18 04:00:00,2022-05-18 06:00:00,0.21994999999999998
Netherlands,NLD,2022-05-18 05:00:00,2022-05-18 07:00:00,0.2476
Netherlands,NLD,2022-05-18 06:00:00,2022-05-18 08:00:00,0.24129
Netherlands,NLD,2022-05-18 07:00:00,2022-05-18 09:00:00,0.20657
Netherlands,NLD,2022-05-18 08:00:00,2022-05-18 10:00:00,0.17917
Netherlands,NLD,2022-05-18 09:00:00,2022-05-18 11:00:00,0.1716
Netherlands,NLD,2022-05-18 10:00:00,2022-05-18 12:00:00,0.17466
Netherlands,NLD,2022-05-18 11:00:00,2022-05-18 13:00:00,0.17703
Netherlands,NLD,2022-05-18 12:00:00,2022-05-18 14:00:00,0.15894
Netherlands,NLD,2022-05-18 13:00:00,2022-05-18 15:00:00,0.17518999999999998
Netherlands,NLD,2022-05-18 14:00:00,2022-05-18 16:00:00,0.1931
Netherlands,NLD,2022-05-18 15:00:00,2022-05-18 17:00:00,0.21684
Netherlands,NLD,2022-05-18 16:00:00,2022-05-18 18:00:00,0.2412
Netherlands,NLD,2022-05-18 17:00:00,2022-05-18 19:00:00,0.28699
Netherlands,NLD,2022-05-18 18:00:00,2022-05-18 20:00:00,0.28
Netherlands,NLD,2022-05-18 19:00:00,2022-05-18 21:00:00,0.24588
Netherlands,NLD,2022-05-18 20:00:00,2022-05-18 22:00:00,0.22573
Netherlands,NLD,2022-05-18 21:00:00,2022-05-18 23:00:00,0.19447
Netherlands,NLD,2022-05-18 22:00:00,2022-05-19 00:00:00,0.19696
Netherlands,NLD,2022-05-18 23:00:00,2022-05-19 01:00:00,0.18500999999999998
Netherlands,NLD,2022-05-19 00:00:00,2022-05-19 02:00:00,0.17994
Netherlands,NLD,2022-05-19 01:00:00,2022-05-19 03:00:00,0.17627
Netherlands,NLD,2022-05-19 02:00:00,2022-05-19 04:00:00,0.17798
Netherlands,NLD,2022-05-19 03:00:00,2022-05-19 05:00:00,0.18506
Netherlands,NLD,2022-05-19 04:00:00,2022-05-19 06:00:00,0.22233
Netherlands,NLD,2022-05-19 05:00:00,2022-05-19 07:00:00,0.25004
Netherlands,NLD,2022-05-19 06:00:00,2022-05-19 08:00:00,0.24931
Netherlands,NLD,2022-05-19 07:00:00,2022-05-19 09:00:00,0.22993
Netherlands,NLD,2022-05-19 08:00:00,2022-05-19 10:00:00,0.19822
Netherlands,NLD,2022-05-19 09:00:00,2022-05-19 11:00:00,0.18399000000000001
Netherlands,NLD,2022-05-19 10:00:00,2022-05-19 12:00:00,0.18296
Netherlands,NLD,2022-05-19 11:00:00,2022-05-19 13:00:00,0.18080000000000002
Netherlands,NLD,2022-05-19 12:00:00,2022-05-19 14:00:00,0.1762
Netherlands,NLD,2022-05-19 13:00:00,2022-05-19 15:00:00,0.18509
Netherlands,NLD,2022-05-19 14:00:00,2022-05-19 16:00:00,0.19896
Netherlands,NLD,2022-05-19 15:00:00,2022-05-19 17:00:00,0.22402
Netherlands,NLD,2022-05-19 16:00:00,2022-05-19 18:00:00,0.23299
Netherlands,NLD,2022-05-19 17:00:00,2022-05-19 19:00:00,0.26927
Netherlands,NLD,2022-05-19 18:00:00,2022-05-19 20:00:00,0.2734
Netherlands,NLD,2022-05-19 19:00:00,2022-05-19 21:00:00,0.253
Netherlands,NLD,2022-05-19 20:00:00,2022-05-19 22:00:00,0.23438
Netherlands,NLD,2022-05-19 21:00:00,2022-05-19 23:00:00,0.21331
Netherlands,NLD,2022-05-19 22:00:00,2022-05-20 00:00:00,0.21109999999999998
Netherlands,NLD,2022-05-19 23:00:00,2022-05-20 01:00:00,0.19598
Netherlands,NLD,2022-05-20 00:00:00,2022-05-20 02:00:00,0.18956
Netherlands,NLD,2022-05-20 01:00:00,2022-05-20 03:00:00,0.188
Netherlands,NLD,2022-05-20 02:00:00,2022-05-20 04:00:00,0.18956
Netherlands,NLD,2022-05-20 03:00:00,2022-05-20 05:00:00,0.20862
Netherlands,NLD,2022-05-20 04:00:00,2022-05-20 06:00:00,0.23604
Netherlands,NLD,2022-05-20 05:00:00,2022-05-20 07:00:00,0.26332
Netherlands,NLD,2022-05-20 06:00:00,2022-05-20 08:00:00,0.25
Netherlands,NLD,2022-05-20 07:00:00,2022-05-20 09:00:00,0.224
Netherlands,NLD,2022-05-20 08:00:00,2022-05-20 10:00:00,0.20496999999999999
Netherlands,NLD,2022-05-20 09:00:00,2022-05-20 11:00:00,0.2016
Netherlands,NLD,2022-05-20 10:00:00,2022-05-20 12:00:00,0.1974
Netherlands,NLD,2022-05-20 11:00:00,2022-05-20 13:00:00,0.19007
Netherlands,NLD,2022-05-20 12:00:00,2022-05-20 14:00:00,0.18533000000000002
Netherlands,NLD,2022-05-20 13:00:00,2022-05-20 15:00:00,0.18925999999999998
Netherlands,NLD,2022-05-20 14:00:00,2022-05-20 16:00:00,0.19
Netherlands,NLD,2022-05-20 15:00:00,2022-05-20 17:00:00,0.28045
Netherlands,NLD,2022-05-20 16:00:00,2022-05-20 18:00:00,0.26427999999999996
Netherlands,NLD,2022-05-20 17:00:00,2022-05-20 19:00:00,0.2318
Netherlands,NLD,2022-05-20 18:00:00,2022-05-20 20:00:00,0.23184
Netherlands,NLD,2022-05-20 19:00:00,2022-05-20 21:00:00,0.21803
Netherlands,NLD,2022-05-20 20:00:00,2022-05-20 22:00:00,0.20527
Netherlands,NLD,2022-05-20 21:00:00,2022-05-20 23:00:00,0.16605
Netherlands,NLD,2022-05-20 22:00:00,2022-05-21 00:00:00,0.20807
Netherlands,NLD,2022-05-20 23:00:00,2022-05-21 01:00:00,0.1253
Netherlands,NLD,2022-05-21 00:00:00,2022-05-21 02:00:00,0.09629
Netherlands,NLD,2022-05-21 01:00:00,2022-05-21 03:00:00,0.09466
Netherlands,NLD,2022-05-21 02:00:00,2022-05-21 04:00:00,0.09176000000000001
Netherlands,NLD,2022-05-21 03:00:00,2022-05-21 05:00:00,0.1025
Netherlands,NLD,2022-05-21 04:00:00,2022-05-21 06:00:00,0.1754
Netherlands,NLD,2022-05-21 05:00:00,2022-05-21 07:00:00,0.1776
Netherlands,NLD,2022-05-21 06:00:00,2022-05-21 08:00:00,0.17138
Netherlands,NLD,2022-05-21 07:00:00,2022-05-21 09:00:00,0.141
Netherlands,NLD,2022-05-21 08:00:00,2022-05-21 10:00:00,0.137
Netherlands,NLD,2022-05-21 09:00:00,2022-05-21 11:00:00,0.08995
Netherlands,NLD,2022-05-21 10:00:00,2022-05-21 12:00:00,0.053899999999999997
Netherlands,NLD,2022-05-21 11:00:00,2022-05-21 13:00:00,0.034390000000000004
Netherlands,NLD,2022-05-21 12:00:00,2022-05-21 14:00:00,0.03234
Netherlands,NLD,2022-05-21 13:00:00,2022-05-21 15:00:00,0.03257
Netherlands,NLD,2022-05-21 14:00:00,2022-05-21 16:00:00,0.122
Netherlands,NLD,2022-05-21 15:00:00,2022-05-21 17:00:00,0.17549
Netherlands,NLD,2022-05-21 16:00:00,2022-05-21 18:00:00,0.186
Netherlands,NLD,2022-05-21 17:00:00,2022-05-21 19:00:00,0.201
Netherlands,NLD,2022-05-21 18:00:00,2022-05-21 20:00:00,0.21932
Netherlands,NLD,2022-05-21 19:00:00,2022-05-21 21:00:00,0.22811
Netherlands,NLD,2022-05-21 20:00:00,2022-05-21 22:00:00,0.22385
Netherlands,NLD,2022-05-21 21:00:00,2022-05-21 23:00:00,0.21418
Netherlands,NLD,2022-05-21 22:00:00,2022-05-22 00:00:00,0.18658000000000002
Netherlands,NLD,2022-05-21 23:00:00,2022-05-22 01:00:00,0.1794
Netherlands,NLD,2022-05-22 00:00:00,2022-05-22 02:00:00,0.1725
Netherlands,NLD,2022-05-22 01:00:00,2022-05-22 03:00:00,0.17
Netherlands,NLD,2022-05-22 02:00:00,2022-05-22 04:00:00,0.171
Netherlands,NLD,2022-05-22 03:00:00,2022-05-22 05:00:00,0.16991
Netherlands,NLD,2022-05-22 04:00:00,2022-05-22 06:00:00,0.16696
Netherlands,NLD,2022-05-22 05:00:00,2022-05-22 07:00:00,0.16688
Netherlands,NLD,2022-05-22 06:00:00,2022-05-22 08:00:00,0.16
Netherlands,NLD,2022-05-22 07:00:00,2022-05-22 09:00:00,0.14996
Netherlands,NLD,2022-05-22 08:00:00,2022-05-22 10:00:00,0.13829
Netherlands,NLD,2022-05-22 09:00:00,2022-05-22 11:00:00,0.13825
Netherlands,NLD,2022-05-22 10:00:00,2022-05-22 12:00:00,0.13366999999999998
Netherlands,NLD,2022-05-22 11:00:00,2022-05-22 13:00:00,0.10992
Netherlands,NLD,2022-05-22 12:00:00,2022-05-22 14:00:00,0.1014
Netherlands,NLD,2022-05-22 13:00:00,2022-05-22 15:00:00,0.1037
Netherlands,NLD,2022-05-22 14:00:00,2022-05-22 16:00:00,0.13319
Netherlands,NLD,2022-05-22 15:00:00,2022-05-22 17:00:00,0.15662
Netherlands,NLD,2022-05-22 16:00:00,2022-05-22 18:00:00,0.19529
Netherlands,NLD,2022-05-22 17:00:00,2022-05-22 19:00:00,0.21337
Netherlands,NLD,2022-05-22 18:00:00,2022-05-22 20:00:00,0.22555
Netherlands,NLD,2022-05-22 19:00:00,2022-05-22 21:00:00,0.22790000000000002
Netherlands,NLD,2022-05-22 20:00:00,2022-05-22 22:00:00,0.21991
Netherlands,NLD,2022-05-22 21:00:00,2022-05-22 23:00:00,0.19124000000000002
Netherlands,NLD,2022-05-22 22:00:00,2022-05-23 00:00:00,0.17589
Netherlands,NLD,2022-05-22 23:00:00,2022-05-23 01:00:00,0.16457
Netherlands,NLD,2022-05-23 00:00:00,2022-05-23 02:00:00,0.15875
Netherlands,NLD,2022-05-23 01:00:00,2022-05-23 03:00:00,0.15506999999999999
Netherlands,NLD,2022-05-23 02:00:00,2022-05-23 04:00:00,0.15819999999999998
Netherlands,NLD,2022-05-23 03:00:00,2022-05-23 05:00:00,0.17254
Netherlands,NLD,2022-05-23 04:00:00,2022-05-23 06:00:00,0.2027
Netherlands,NLD,2022-05-23 05:00:00,2022-05-23 07:00:00,0.22496000000000002
Netherlands,NLD,2022-05-23 06:00:00,2022-05-23 08:00:00,0.23002
Netherlands,NLD,2022-05-23 07:00:00,2022-05-23 09:00:00,0.22097
Netherlands,NLD,2022-05-23 08:00:00,2022-05-23 10:00:00,0.21719
Netherlands,NLD,2022-05-23 09:00:00,2022-05-23 11:00:00,0.20268
Netherlands,NLD,2022-05-23 10:00:00,2022-05-23 12:00:00,0.18888
Netherlands,NLD,2022-05-23 11:00:00,2022-05-23 13:00:00,0.19316
Netherlands,NLD,2022-05-23 12:00:00,2022-05-23 14:00:00,0.19086
Netherlands,NLD,2022-05-23 13:00:00,2022-05-23 15:00:00,0.201
Netherlands,NLD,2022-05-23 14:00:00,2022-05-23 16:00:00,0.2235
Netherlands,NLD,2022-05-23 15:00:00,2022-05-23 17:00:00,0.233
Netherlands,NLD,2022-05-23 16:00:00,2022-05-23 18:00:00,0.21403
Netherlands,NLD,2022-05-23 17:00:00,2022-05-23 19:00:00,0.21494
Netherlands,NLD,2022-05-23 18:00:00,2022-05-23 20:00:00,0.21007
Netherlands,NLD,2022-05-23 19:00:00,2022-05-23 21:00:00,0.19
Netherlands,NLD,2022-05-23 20:00:00,2022-05-23 22:00:00,0.18428999999999998
Netherlands,NLD,2022-05-23 21:00:00,2022-05-23 23:00:00,0.18469999999999998
Netherlands,NLD,2022-05-23 22:00:00,2022-05-24 00:00:00,0.23
Netherlands,NLD,2022-05-23 23:00:00,2022-05-24 01:00:00,0.1766
Netherlands,NLD,2022-05-24 00:00:00,2022-05-24 02:00:00,0.15769999999999998
Netherlands,NLD,2022-05-24 01:00:00,2022-05-24 03:00:00,0.138
Netherlands,NLD,2022-05-24 02:00:00,2022-05-24 04:00:00,0.13283
Netherlands,NLD,2022-05-24 03:00:00,2022-05-24 05:00:00,0.15594999999999998
Netherlands,NLD,2022-05-24 04:00:00,2022-05-24 06:00:00,0.18891
Netherlands,NLD,2022-05-24 05:00:00,2022-05-24 07:00:00,0.21029
Netherlands,NLD,2022-05-24 06:00:00,2022-05-24 08:00:00,0.20726
Netherlands,NLD,2022-05-24 07:00:00,2022-05-24 09:00:00,0.193
Netherlands,NLD,2022-05-24 08:00:00,2022-05-24 10:00:00,0.17635
Netherlands,NLD,2022-05-24 09:00:00,2022-05-24 11:00:00,0.16336
Netherlands,NLD,2022-05-24 10:00:00,2022-05-24 12:00:00,0.1505
Netherlands,NLD,2022-05-24 11:00:00,2022-05-24 13:00:00,0.13756000000000002
Netherlands,NLD,2022-05-24 12:00:00,2022-05-24 14:00:00,0.1245
Netherlands,NLD,2022-05-24 13:00:00,2022-05-24 15:00:00,0.14999
Netherlands,NLD,2022-05-24 14:00:00,2022-05-24 16:00:00,0.15819
Netherlands,NLD,2022-05-24 15:00:00,2022-05-24 17:00:00,0.16524
Netherlands,NLD,2022-05-24 16:00:00,2022-05-24 18:00:00,0.19838
Netherlands,NLD,2022-05-24 17:00:00,2022-05-24 19:00:00,0.21298
Netherlands,NLD,2022-05-24 18:00:00,2022-05-24 20:00:00,0.21999000000000002
Netherlands,NLD,2022-05-24 19:00:00,2022-05-24 21:00:00,0.22030000000000002
Netherlands,NLD,2022-05-24 20:00:00,2022-05-24 22:00:00,0.21191
Netherlands,NLD,2022-05-24 21:00:00,2022-05-24 23:00:00,0.18963999999999998
Netherlands,NLD,2022-05-24 22:00:00,2022-05-25 00:00:00,0.19072999999999998
Netherlands,NLD,2022-05-24 23:00:00,2022-05-25 01:00:00,0.18006
Netherlands,NLD,2022-05-25 00:00:00,2022-05-25 02:00:00,0.17051
Netherlands,NLD,2022-05-25 01:00:00,2022-05-25 03:00:00,0.16791999999999999
Netherlands,NLD,2022-05-25 02:00:00,2022-05-25 04:00:00,0.1699
Netherlands,NLD,2022-05-25 03:00:00,2022-05-25 05:00:00,0.17814
Netherlands,NLD,2022-05-25 04:00:00,2022-05-25 06:00:00,0.21111000000000002
Netherlands,NLD,2022-05-25 05:00:00,2022-05-25 07:00:00,0.23
Netherlands,NLD,2022-05-25 06:00:00,2022-05-25 08:00:00,0.22113999999999998
Netherlands,NLD,2022-05-25 07:00:00,2022-05-25 09:00:00,0.1817
Netherlands,NLD,2022-05-25 08:00:00,2022-05-25 10:00:00,0.14859999999999998
Netherlands,NLD,2022-05-25 09:00:00,2022-05-25 11:00:00,0.121
Netherlands,NLD,2022-05-25 10:00:00,2022-05-25 12:00:00,0.14803
Netherlands,NLD,2022-05-25 11:00:00,2022-05-25 13:00:00,0.11608
Netherlands,NLD,2022-05-25 12:00:00,2022-05-25 14:00:00,0.04223
Netherlands,NLD,2022-05-25 13:00:00,2022-05-25 15:00:00,0.1
Netherlands,NLD,2022-05-25 14:00:00,2022-05-25 16:00:00,0.12
Netherlands,NLD,2022-05-25 15:00:00,2022-05-25 17:00:00,0.13831
Netherlands,NLD,2022-05-25 16:00:00,2022-05-25 18:00:00,0.16632
Netherlands,NLD,2022-05-25 17:00:00,2022-05-25 19:00:00,0.17185
Netherlands,NLD,2022-05-25 18:00:00,2022-05-25 20:00:00,0.20564
Netherlands,NLD,2022-05-25 19:00:00,2022-05-25 21:00:00,0.21011000000000002
Netherlands,NLD,2022-05-25 20:00:00,2022-05-25 22:00:00,0.18180000000000002
Netherlands,NLD,2022-05-25 21:00:00,2022-05-25 23:00:00,0.15086000000000002
Netherlands,NLD,2022-05-25 22:00:00,2022-05-26 00:00:00,0.142
Netherlands,NLD,2022-05-25 23:00:00,2022-05-26 01:00:00,0.14392
Netherlands,NLD,2022-05-26 00:00:00,2022-05-26 02:00:00,0.14834999999999998
Netherlands,NLD,2022-05-26 01:00:00,2022-05-26 03:00:00,0.15630000000000002
Netherlands,NLD,2022-05-26 02:00:00,2022-05-26 04:00:00,0.16286
Netherlands,NLD,2022-05-26 03:00:00,2022-05-26 05:00:00,0.164
Netherlands,NLD,2022-05-26 04:00:00,2022-05-26 06:00:00,0.15
Netherlands,NLD,2022-05-26 05:00:00,2022-05-26 07:00:00,0.16447
Netherlands,NLD,2022-05-26 06:00:00,2022-05-26 08:00:00,0.1149
Netherlands,NLD,2022-05-26 07:00:00,2022-05-26 09:00:00,0.0599
Netherlands,NLD,2022-05-26 08:00:00,2022-05-26 10:00:00,0.00196
Netherlands,NLD,2022-05-26 09:00:00,2022-05-26 11:00:00,7.000000000000001e-05
Netherlands,NLD,2022-05-26 10:00:00,2022-05-26 12:00:00,-0.0037
Netherlands,NLD,2022-05-26 11:00:00,2022-05-26 13:00:00,-0.02009
Netherlands,NLD,2022-05-26 12:00:00,2022-05-26 14:00:00,-0.0044
Netherlands,NLD,2022-05-26 13:00:00,2022-05-26 15:00:00,-0.0034
Netherlands,NLD,2022-05-26 14:00:00,2022-05-26 16:00:00,1e-05
Netherlands,NLD,2022-05-26 15:00:00,2022-05-26 17:00:00,0.00929
Netherlands,NLD,2022-05-26 16:00:00,2022-05-26 18:00:00,0.11
Netherlands,NLD,2022-05-26 17:00:00,2022-05-26 19:00:00,0.13
Netherlands,NLD,2022-05-26 18:00:00,2022-05-26 20:00:00,0.14964
Netherlands,NLD,2022-05-26 19:00:00,2022-05-26 21:00:00,0.15194
Netherlands,NLD,2022-05-26 20:00:00,2022-05-26 22:00:00,0.13547
Netherlands,NLD,2022-05-26 21:00:00,2022-05-26 23:00:00,0.11081999999999999
Netherlands,NLD,2022-05-26 22:00:00,2022-05-27 00:00:00,0.1598
Netherlands,NLD,2022-05-26 23:00:00,2022-05-27 01:00:00,0.0978
Netherlands,NLD,2022-05-27 00:00:00,2022-05-27 02:00:00,0.11
Netherlands,NLD,2022-05-27 01:00:00,2022-05-27 03:00:00,0.14824
Netherlands,NLD,2022-05-27 02:00:00,2022-05-27 04:00:00,0.15849000000000002
Netherlands,NLD,2022-05-27 03:00:00,2022-05-27 05:00:00,0.15990000000000001
Netherlands,NLD,2022-05-27 04:00:00,2022-05-27 06:00:00,0.13333
Netherlands,NLD,2022-05-27 05:00:00,2022-05-27 07:00:00,0.13859
Netherlands,NLD,2022-05-27 06:00:00,2022-05-27 08:00:00,0.07644
Netherlands,NLD,2022-05-27 07:00:00,2022-05-27 09:00:00,0.04431
Netherlands,NLD,2022-05-27 08:00:00,2022-05-27 10:00:00,0.0030099999999999997
Netherlands,NLD,2022-05-27 09:00:00,2022-05-27 11:00:00,0.0
Netherlands,NLD,2022-05-27 10:00:00,2022-05-27 12:00:00,-0.08256999999999999
Netherlands,NLD,2022-05-27 11:00:00,2022-05-27 13:00:00,-0.10009
Netherlands,NLD,2022-05-27 12:00:00,2022-05-27 14:00:00,-0.06232
Netherlands,NLD,2022-05-27 13:00:00,2022-05-27 15:00:00,-0.00749
Netherlands,NLD,2022-05-27 14:00:00,2022-05-27 16:00:00,0.0001
Netherlands,NLD,2022-05-27 15:00:00,2022-05-27 17:00:00,0.1176
Netherlands,NLD,2022-05-27 16:00:00,2022-05-27 18:00:00,0.14
Netherlands,NLD,2022-05-27 17:00:00,2022-05-27 19:00:00,0.17980000000000002
Netherlands,NLD,2022-05-27 18:00:00,2022-05-27 20:00:00,0.2305
Netherlands,NLD,2022-05-27 19:00:00,2022-05-27 21:00:00,0.23698
Netherlands,NLD,2022-05-27 20:00:00,2022-05-27 22:00:00,0.27085000000000004
Netherlands,NLD,2022-05-27 21:00:00,2022-05-27 23:00:00,0.17980000000000002
Netherlands,NLD,2022-05-27 22:00:00,2022-05-28 00:00:00,0.24861000000000003
Netherlands,NLD,2022-05-27 23:00:00,2022-05-28 01:00:00,0.16369999999999998
Netherlands,NLD,2022-05-28 00:00:00,2022-05-28 02:00:00,0.127
Netherlands,NLD,2022-05-28 01:00:00,2022-05-28 03:00:00,0.0969
Netherlands,NLD,2022-05-28 02:00:00,2022-05-28 04:00:00,0.1001
Netherlands,NLD,2022-05-28 03:00:00,2022-05-28 05:00:00,0.1566
Netherlands,NLD,2022-05-28 04:00:00,2022-05-28 06:00:00,0.09290000000000001
Netherlands,NLD,2022-05-28 05:00:00,2022-05-28 07:00:00,0.072
Netherlands,NLD,2022-05-28 06:00:00,2022-05-28 08:00:00,0.08998
Netherlands,NLD,2022-05-28 07:00:00,2022-05-28 09:00:00,-0.018940000000000002
Netherlands,NLD,2022-05-28 08:00:00,2022-05-28 10:00:00,-0.02001
Netherlands,NLD,2022-05-28 09:00:00,2022-05-28 11:00:00,-0.054380000000000005
Netherlands,NLD,2022-05-28 10:00:00,2022-05-28 12:00:00,-0.078
Netherlands,NLD,2022-05-28 11:00:00,2022-05-28 13:00:00,-0.0844
Netherlands,NLD,2022-05-28 12:00:00,2022-05-28 14:00:00,-0.06836
Netherlands,NLD,2022-05-28 13:00:00,2022-05-28 15:00:00,-0.06783
Netherlands,NLD,2022-05-28 14:00:00,2022-05-28 16:00:00,-0.0421
Netherlands,NLD,2022-05-28 15:00:00,2022-05-28 17:00:00,-0.0085
Netherlands,NLD,2022-05-28 16:00:00,2022-05-28 18:00:00,0.0989
Netherlands,NLD,2022-05-28 17:00:00,2022-05-28 19:00:00,0.13221
Netherlands,NLD,2022-05-28 18:00:00,2022-05-28 20:00:00,0.1566
Netherlands,NLD,2022-05-28 19:00:00,2022-05-28 21:00:00,0.16437000000000002
Netherlands,NLD,2022-05-28 20:00:00,2022-05-28 22:00:00,0.17649
Netherlands,NLD,2022-05-28 21:00:00,2022-05-28 23:00:00,0.1694
Netherlands,NLD,2022-05-28 22:00:00,2022-05-29 00:00:00,0.2199
Netherlands,NLD,2022-05-28 23:00:00,2022-05-29 01:00:00,0.2067
Netherlands,NLD,2022-05-29 00:00:00,2022-05-29 02:00:00,0.195
Netherlands,NLD,2022-05-29 01:00:00,2022-05-29 03:00:00,0.17258
Netherlands,NLD,2022-05-29 02:00:00,2022-05-29 04:00:00,0.14004
Netherlands,NLD,2022-05-29 03:00:00,2022-05-29 05:00:00,0.14132
Netherlands,NLD,2022-05-29 04:00:00,2022-05-29 06:00:00,0.14
Netherlands,NLD,2022-05-29 05:00:00,2022-05-29 07:00:00,0.13837
Netherlands,NLD,2022-05-29 06:00:00,2022-05-29 08:00:00,0.14015
Netherlands,NLD,2022-05-29 07:00:00,2022-05-29 09:00:00,0.14008
Netherlands,NLD,2022-05-29 08:00:00,2022-05-29 10:00:00,0.14
Netherlands,NLD,2022-05-29 09:00:00,2022-05-29 11:00:00,0.14506
Netherlands,NLD,2022-05-29 10:00:00,2022-05-29 12:00:00,0.141
Netherlands,NLD,2022-05-29 11:00:00,2022-05-29 13:00:00,0.13349
Netherlands,NLD,2022-05-29 12:00:00,2022-05-29 14:00:00,0.12378
Netherlands,NLD,2022-05-29 13:00:00,2022-05-29 15:00:00,0.12159
Netherlands,NLD,2022-05-29 14:00:00,2022-05-29 16:00:00,0.12
Netherlands,NLD,2022-05-29 15:00:00,2022-05-29 17:00:00,0.15
Netherlands,NLD,2022-05-29 16:00:00,2022-05-29 18:00:00,0.17956
Netherlands,NLD,2022-05-29 17:00:00,2022-05-29 19:00:00,0.20138
Netherlands,NLD,2022-05-29 18:00:00,2022-05-29 20:00:00,0.21494
Netherlands,NLD,2022-05-29 19:00:00,2022-05-29 21:00:00,0.22497
Netherlands,NLD,2022-05-29 20:00:00,2022-05-29 22:00:00,0.225
Netherlands,NLD,2022-05-29 21:00:00,2022-05-29 23:00:00,0.21496
Netherlands,NLD,2022-05-29 22:00:00,2022-05-30 00:00:00,0.2039
Netherlands,NLD,2022-05-29 23:00:00,2022-05-30 01:00:00,0.19472
Netherlands,NLD,2022-05-30 00:00:00,2022-05-30 02:00:00,0.19265000000000002
Netherlands,NLD,2022-05-30 01:00:00,2022-05-30 03:00:00,0.1845
Netherlands,NLD,2022-05-30 02:00:00,2022-05-30 04:00:00,0.18292
Netherlands,NLD,2022-05-30 03:00:00,2022-05-30 05:00:00,0.19574
Netherlands,NLD,2022-05-30 04:00:00,2022-05-30 06:00:00,0.23068
Netherlands,NLD,2022-05-30 05:00:00,2022-05-30 07:00:00,0.25795
Netherlands,NLD,2022-05-30 06:00:00,2022-05-30 08:00:00,0.26027
Netherlands,NLD,2022-05-30 07:00:00,2022-05-30 09:00:00,0.23292
Netherlands,NLD,2022-05-30 08:00:00,2022-05-30 10:00:00,0.23
Netherlands,NLD,2022-05-30 09:00:00,2022-05-30 11:00:00,0.22977
Netherlands,NLD,2022-05-30 10:00:00,2022-05-30 12:00:00,0.215
Netherlands,NLD,2022-05-30 11:00:00,2022-05-30 13:00:00,0.2075
Netherlands,NLD,2022-05-30 12:00:00,2022-05-30 14:00:00,0.20128000000000001
Netherlands,NLD,2022-05-30 13:00:00,2022-05-30 15:00:00,0.20229
Netherlands,NLD,2022-05-30 14:00:00,2022-05-30 16:00:00,0.2109
Netherlands,NLD,2022-05-30 15:00:00,2022-05-30 17:00:00,0.22569999999999998
Netherlands,NLD,2022-05-30 16:00:00,2022-05-30 18:00:00,0.24136000000000002
Netherlands,NLD,2022-05-30 17:00:00,2022-05-30 19:00:00,0.29114
Netherlands,NLD,2022-05-30 18:00:00,2022-05-30 20:00:00,0.295
Netherlands,NLD,2022-05-30 19:00:00,2022-05-30 21:00:00,0.26646
Netherlands,NLD,2022-05-30 20:00:00,2022-05-30 22:00:00,0.24368
Netherlands,NLD,2022-05-30 21:00:00,2022-05-30 23:00:00,0.2275
Netherlands,NLD,2022-05-30 22:00:00,2022-05-31 00:00:00,0.20091
Netherlands,NLD,2022-05-30 23:00:00,2022-05-31 01:00:00,0.183
Netherlands,NLD,2022-05-31 00:00:00,2022-05-31 02:00:00,0.17962
Netherlands,NLD,2022-05-31 01:00:00,2022-05-31 03:00:00,0.17702
Netherlands,NLD,2022-05-31 02:00:00,2022-05-31 04:00:00,0.18001
Netherlands,NLD,2022-05-31 03:00:00,2022-05-31 05:00:00,0.19599
Netherlands,NLD,2022-05-31 04:00:00,2022-05-31 06:00:00,0.22868
Netherlands,NLD,2022-05-31 05:00:00,2022-05-31 07:00:00,0.24777000000000002
Netherlands,NLD,2022-05-31 06:00:00,2022-05-31 08:00:00,0.24314
Netherlands,NLD,2022-05-31 07:00:00,2022-05-31 09:00:00,0.22590000000000002
Netherlands,NLD,2022-05-31 08:00:00,2022-05-31 10:00:00,0.196
Netherlands,NLD,2022-05-31 09:00:00,2022-05-31 11:00:00,0.18569999999999998
Netherlands,NLD,2022-05-31 10:00:00,2022-05-31 12:00:00,0.1918
Netherlands,NLD,2022-05-31 11:00:00,2022-05-31 13:00:00,0.18406999999999998
Netherlands,NLD,2022-05-31 12:00:00,2022-05-31 14:00:00,0.17207
Netherlands,NLD,2022-05-31 13:00:00,2022-05-31 15:00:00,0.18208000000000002
Netherlands,NLD,2022-05-31 14:00:00,2022-05-31 16:00:00,0.18238
Netherlands,NLD,2022-05-31 15:00:00,2022-05-31 17:00:00,0.2
Netherlands,NLD,2022-05-31 16:00:00,2022-05-31 18:00:00,0.23497
Netherlands,NLD,2022-05-31 17:00:00,2022-05-31 19:00:00,0.232
Netherlands,NLD,2022-05-31 18:00:00,2022-05-31 20:00:00,0.2417
Netherlands,NLD,2022-05-31 19:00:00,2022-05-31 21:00:00,0.24750999999999998
Netherlands,NLD,2022-05-31 20:00:00,2022-05-31 22:00:00,0.24001
Netherlands,NLD,2022-05-31 21:00:00,2022-05-31 23:00:00,0.22798
Netherlands,NLD,2022-05-31 22:00:00,2022-06-01 00:00:00,0.22
Netherlands,NLD,2022-05-31 23:00:00,2022-06-01 01:00:00,0.20745
Netherlands,NLD,2022-06-01 00:00:00,2022-06-01 02:00:00,0.19909000000000002
Netherlands,NLD,2022-06-01 01:00:00,2022-06-01 03:00:00,0.18253
Netherlands,NLD,2022-06-01 02:00:00,2022-06-01 04:00:00,0.18228
Netherlands,NLD,2022-06-01 03:00:00,2022-06-01 05:00:00,0.19895
Netherlands,NLD,2022-06-01 04:00:00,2022-06-01 06:00:00,0.23
Netherlands,NLD,2022-06-01 05:00:00,2022-06-01 07:00:00,0.24968
Netherlands,NLD,2022-06-01 06:00:00,2022-06-01 08:00:00,0.24636000000000002
Netherlands,NLD,2022-06-01 07:00:00,2022-06-01 09:00:00,0.22882
Netherlands,NLD,2022-06-01 08:00:00,2022-06-01 10:00:00,0.21180000000000002
Netherlands,NLD,2022-06-01 09:00:00,2022-06-01 11:00:00,0.2066
Netherlands,NLD,2022-06-01 10:00:00,2022-06-01 12:00:00,0.18938
Netherlands,NLD,2022-06-01 11:00:00,2022-06-01 13:00:00,0.18447999999999998
Netherlands,NLD,2022-06-01 12:00:00,2022-06-01 14:00:00,0.18486000000000002
Netherlands,NLD,2022-06-01 13:00:00,2022-06-01 15:00:00,0.18004
Netherlands,NLD,2022-06-01 14:00:00,2022-06-01 16:00:00,0.18159999999999998
Netherlands,NLD,2022-06-01 15:00:00,2022-06-01 17:00:00,0.19971
Netherlands,NLD,2022-06-01 16:00:00,2022-06-01 18:00:00,0.22991999999999999
Netherlands,NLD,2022-06-01 17:00:00,2022-06-01 19:00:00,0.25198
Netherlands,NLD,2022-06-01 18:00:00,2022-06-01 20:00:00,0.25771
Netherlands,NLD,2022-06-01 19:00:00,2022-06-01 21:00:00,0.2626
Netherlands,NLD,2022-06-01 20:00:00,2022-06-01 22:00:00,0.25
Netherlands,NLD,2022-06-01 21:00:00,2022-06-01 23:00:00,0.23033
Netherlands,NLD,2022-06-01 22:00:00,2022-06-02 00:00:00,0.191
Netherlands,NLD,2022-06-01 23:00:00,2022-06-02 01:00:00,0.17504
Netherlands,NLD,2022-06-02 00:00:00,2022-06-02 02:00:00,0.16933
Netherlands,NLD,2022-06-02 01:00:00,2022-06-02 03:00:00,0.16196000000000002
Netherlands,NLD,2022-06-02 02:00:00,2022-06-02 04:00:00,0.16505
Netherlands,NLD,2022-06-02 03:00:00,2022-06-02 05:00:00,0.1717
Netherlands,NLD,2022-06-02 04:00:00,2022-06-02 06:00:00,0.20965
Netherlands,NLD,2022-06-02 05:00:00,2022-06-02 07:00:00,0.2231
Netherlands,NLD,2022-06-02 06:00:00,2022-06-02 08:00:00,0.21813
Netherlands,NLD,2022-06-02 07:00:00,2022-06-02 09:00:00,0.18875999999999998
Netherlands,NLD,2022-06-02 08:00:00,2022-06-02 10:00:00,0.17013999999999999
Netherlands,NLD,2022-06-02 09:00:00,2022-06-02 11:00:00,0.16032
Netherlands,NLD,2022-06-02 10:00:00,2022-06-02 12:00:00,0.1569
Netherlands,NLD,2022-06-02 11:00:00,2022-06-02 13:00:00,0.14542
Netherlands,NLD,2022-06-02 12:00:00,2022-06-02 14:00:00,0.144
Netherlands,NLD,2022-06-02 13:00:00,2022-06-02 15:00:00,0.14787999999999998
Netherlands,NLD,2022-06-02 14:00:00,2022-06-02 16:00:00,0.15813
Netherlands,NLD,2022-06-02 15:00:00,2022-06-02 17:00:00,0.1705
Netherlands,NLD,2022-06-02 16:00:00,2022-06-02 18:00:00,0.21525
Netherlands,NLD,2022-06-02 17:00:00,2022-06-02 19:00:00,0.23065
Netherlands,NLD,2022-06-02 18:00:00,2022-06-02 20:00:00,0.23897
Netherlands,NLD,2022-06-02 19:00:00,2022-06-02 21:00:00,0.22894
Netherlands,NLD,2022-06-02 20:00:00,2022-06-02 22:00:00,0.2
Netherlands,NLD,2022-06-02 21:00:00,2022-06-02 23:00:00,0.1706
Netherlands,NLD,2022-06-02 22:00:00,2022-06-03 00:00:00,0.17761000000000002
Netherlands,NLD,2022-06-02 23:00:00,2022-06-03 01:00:00,0.16313
Netherlands,NLD,2022-06-03 00:00:00,2022-06-03 02:00:00,0.15741
Netherlands,NLD,2022-06-03 01:00:00,2022-06-03 03:00:00,0.15962
Netherlands,NLD,2022-06-03 02:00:00,2022-06-03 04:00:00,0.16169999999999998
Netherlands,NLD,2022-06-03 03:00:00,2022-06-03 05:00:00,0.16994
Netherlands,NLD,2022-06-03 04:00:00,2022-06-03 06:00:00,0.20983000000000002
Netherlands,NLD,2022-06-03 05:00:00,2022-06-03 07:00:00,0.22511
Netherlands,NLD,2022-06-03 06:00:00,2022-06-03 08:00:00,0.19
Netherlands,NLD,2022-06-03 07:00:00,2022-06-03 09:00:00,0.1694
Netherlands,NLD,2022-06-03 08:00:00,2022-06-03 10:00:00,0.14806999999999998
Netherlands,NLD,2022-06-03 09:00:00,2022-06-03 11:00:00,0.116
Netherlands,NLD,2022-06-03 10:00:00,2022-06-03 12:00:00,0.14135
Netherlands,NLD,2022-06-03 11:00:00,2022-06-03 13:00:00,0.13047999999999998
Netherlands,NLD,2022-06-03 12:00:00,2022-06-03 14:00:00,0.13992
Netherlands,NLD,2022-06-03 13:00:00,2022-06-03 15:00:00,0.1441
Netherlands,NLD,2022-06-03 14:00:00,2022-06-03 16:00:00,0.12090000000000001
Netherlands,NLD,2022-06-03 15:00:00,2022-06-03 17:00:00,0.16935
Netherlands,NLD,2022-06-03 16:00:00,2022-06-03 18:00:00,0.16601
Netherlands,NLD,2022-06-03 17:00:00,2022-06-03 19:00:00,0.18253
Netherlands,NLD,2022-06-03 18:00:00,2022-06-03 20:00:00,0.22183
Netherlands,NLD,2022-06-03 19:00:00,2022-06-03 21:00:00,0.20298
Netherlands,NLD,2022-06-03 20:00:00,2022-06-03 22:00:00,0.19498
Netherlands,NLD,2022-06-03 21:00:00,2022-06-03 23:00:00,0.15446000000000001
Netherlands,NLD,2022-06-03 22:00:00,2022-06-04 00:00:00,0.17581
Netherlands,NLD,2022-06-03 23:00:00,2022-06-04 01:00:00,0.16797
Netherlands,NLD,2022-06-04 00:00:00,2022-06-04 02:00:00,0.16691999999999999
Netherlands,NLD,2022-06-04 01:00:00,2022-06-04 03:00:00,0.15705000000000002
Netherlands,NLD,2022-06-04 02:00:00,2022-06-04 04:00:00,0.1555
Netherlands,NLD,2022-06-04 03:00:00,2022-06-04 05:00:00,0.15600999999999998
Netherlands,NLD,2022-06-04 04:00:00,2022-06-04 06:00:00,0.1598
Netherlands,NLD,2022-06-04 05:00:00,2022-06-04 07:00:00,0.16986
Netherlands,NLD,2022-06-04 06:00:00,2022-06-04 08:00:00,0.18
Netherlands,NLD,2022-06-04 07:00:00,2022-06-04 09:00:00,0.1785
Netherlands,NLD,2022-06-04 08:00:00,2022-06-04 10:00:00,0.16161
Netherlands,NLD,2022-06-04 09:00:00,2022-06-04 11:00:00,0.12244
Netherlands,NLD,2022-06-04 10:00:00,2022-06-04 12:00:00,0.10490000000000001
Netherlands,NLD,2022-06-04 11:00:00,2022-06-04 13:00:00,0.013269999999999999
Netherlands,NLD,2022-06-04 12:00:00,2022-06-04 14:00:00,0.0
Netherlands,NLD,2022-06-04 13:00:00,2022-06-04 15:00:00,0.03354
Netherlands,NLD,2022-06-04 14:00:00,2022-06-04 16:00:00,0.125
Netherlands,NLD,2022-06-04 15:00:00,2022-06-04 17:00:00,0.1576
Netherlands,NLD,2022-06-04 16:00:00,2022-06-04 18:00:00,0.1725
Netherlands,NLD,2022-06-04 17:00:00,2022-06-04 19:00:00,0.195
Netherlands,NLD,2022-06-04 18:00:00,2022-06-04 20:00:00,0.20924
Netherlands,NLD,2022-06-04 19:00:00,2022-06-04 21:00:00,0.19898
Netherlands,NLD,2022-06-04 20:00:00,2022-06-04 22:00:00,0.19906000000000001
Netherlands,NLD,2022-06-04 21:00:00,2022-06-04 23:00:00,0.166
Netherlands,NLD,2022-06-04 22:00:00,2022-06-05 00:00:00,0.16019999999999998
Netherlands,NLD,2022-06-04 23:00:00,2022-06-05 01:00:00,0.1419
Netherlands,NLD,2022-06-05 00:00:00,2022-06-05 02:00:00,0.13407
Netherlands,NLD,2022-06-05 01:00:00,2022-06-05 03:00:00,0.13246
Netherlands,NLD,2022-06-05 02:00:00,2022-06-05 04:00:00,0.11412
Netherlands,NLD,2022-06-05 03:00:00,2022-06-05 05:00:00,0.12753
Netherlands,NLD,2022-06-05 04:00:00,2022-06-05 06:00:00,0.12727
Netherlands,NLD,2022-06-05 05:00:00,2022-06-05 07:00:00,0.13365000000000002
Netherlands,NLD,2022-06-05 06:00:00,2022-06-05 08:00:00,0.13628
Netherlands,NLD,2022-06-05 07:00:00,2022-06-05 09:00:00,0.14265
Netherlands,NLD,2022-06-05 08:00:00,2022-06-05 10:00:00,0.14136
Netherlands,NLD,2022-06-05 09:00:00,2022-06-05 11:00:00,0.14362
Netherlands,NLD,2022-06-05 10:00:00,2022-06-05 12:00:00,0.15109999999999998
Netherlands,NLD,2022-06-05 11:00:00,2022-06-05 13:00:00,0.16
Netherlands,NLD,2022-06-05 12:00:00,2022-06-05 14:00:00,0.1618
Netherlands,NLD,2022-06-05 13:00:00,2022-06-05 15:00:00,0.12195
Netherlands,NLD,2022-06-05 14:00:00,2022-06-05 16:00:00,0.13203
Netherlands,NLD,2022-06-05 15:00:00,2022-06-05 17:00:00,0.15002000000000001
Netherlands,NLD,2022-06-05 16:00:00,2022-06-05 18:00:00,0.16303
Netherlands,NLD,2022-06-05 17:00:00,2022-06-05 19:00:00,0.1688
Netherlands,NLD,2022-06-05 18:00:00,2022-06-05 20:00:00,0.16944
Netherlands,NLD,2022-06-05 19:00:00,2022-06-05 21:00:00,0.16636
Netherlands,NLD,2022-06-05 20:00:00,2022-06-05 22:00:00,0.16922
Netherlands,NLD,2022-06-05 21:00:00,2022-06-05 23:00:00,0.1692
Netherlands,NLD,2022-06-05 22:00:00,2022-06-06 00:00:00,0.2091
Netherlands,NLD,2022-06-05 23:00:00,2022-06-06 01:00:00,0.164
Netherlands,NLD,2022-06-06 00:00:00,2022-06-06 02:00:00,0.156
Netherlands,NLD,2022-06-06 01:00:00,2022-06-06 03:00:00,0.08990000000000001
Netherlands,NLD,2022-06-06 02:00:00,2022-06-06 04:00:00,0.08505
Netherlands,NLD,2022-06-06 03:00:00,2022-06-06 05:00:00,0.08807999999999999
Netherlands,NLD,2022-06-06 04:00:00,2022-06-06 06:00:00,0.09006
Netherlands,NLD,2022-06-06 05:00:00,2022-06-06 07:00:00,0.09422
Netherlands,NLD,2022-06-06 06:00:00,2022-06-06 08:00:00,0.08405
Netherlands,NLD,2022-06-06 07:00:00,2022-06-06 09:00:00,0.0
Netherlands,NLD,2022-06-06 08:00:00,2022-06-06 10:00:00,-0.0035
Netherlands,NLD,2022-06-06 09:00:00,2022-06-06 11:00:00,-0.0037
Netherlands,NLD,2022-06-06 10:00:00,2022-06-06 12:00:00,-0.02
Netherlands,NLD,2022-06-06 11:00:00,2022-06-06 13:00:00,-0.02002
Netherlands,NLD,2022-06-06 12:00:00,2022-06-06 14:00:00,-0.0005899999999999999
Netherlands,NLD,2022-06-06 13:00:00,2022-06-06 15:00:00,-0.00186
Netherlands,NLD,2022-06-06 14:00:00,2022-06-06 16:00:00,0.0008100000000000001
Netherlands,NLD,2022-06-06 15:00:00,2022-06-06 17:00:00,0.08206000000000001
Netherlands,NLD,2022-06-06 16:00:00,2022-06-06 18:00:00,0.16955
Netherlands,NLD,2022-06-06 17:00:00,2022-06-06 19:00:00,0.2
Netherlands,NLD,2022-06-06 18:00:00,2022-06-06 20:00:00,0.21497
Netherlands,NLD,2022-06-06 19:00:00,2022-06-06 21:00:00,0.21403999999999998
Netherlands,NLD,2022-06-06 20:00:00,2022-06-06 22:00:00,0.21741999999999997
Netherlands,NLD,2022-06-06 21:00:00,2022-06-06 23:00:00,0.18969999999999998
Netherlands,NLD,2022-06-06 22:00:00,2022-06-07 00:00:00,0.15597999999999998
Netherlands,NLD,2022-06-06 23:00:00,2022-06-07 01:00:00,0.15128999999999998
Netherlands,NLD,2022-06-07 00:00:00,2022-06-07 02:00:00,0.15061000000000002
Netherlands,NLD,2022-06-07 01:00:00,2022-06-07 03:00:00,0.14572
Netherlands,NLD,2022-06-07 02:00:00,2022-06-07 04:00:00,0.14687999999999998
Netherlands,NLD,2022-06-07 03:00:00,2022-06-07 05:00:00,0.15353
Netherlands,NLD,2022-06-07 04:00:00,2022-06-07 06:00:00,0.1757
Netherlands,NLD,2022-06-07 05:00:00,2022-06-07 07:00:00,0.21693
Netherlands,NLD,2022-06-07 06:00:00,2022-06-07 08:00:00,0.22012
Netherlands,NLD,2022-06-07 07:00:00,2022-06-07 09:00:00,0.21099
Netherlands,NLD,2022-06-07 08:00:00,2022-06-07 10:00:00,0.191
Netherlands,NLD,2022-06-07 09:00:00,2022-06-07 11:00:00,0.17332
Netherlands,NLD,2022-06-07 10:00:00,2022-06-07 12:00:00,0.1687
Netherlands,NLD,2022-06-07 11:00:00,2022-06-07 13:00:00,0.1687
Netherlands,NLD,2022-06-07 12:00:00,2022-06-07 14:00:00,0.16552
Netherlands,NLD,2022-06-07 13:00:00,2022-06-07 15:00:00,0.16387000000000002
Netherlands,NLD,2022-06-07 14:00:00,2022-06-07 16:00:00,0.16407
Netherlands,NLD,2022-06-07 15:00:00,2022-06-07 17:00:00,0.1731
Netherlands,NLD,2022-06-07 16:00:00,2022-06-07 18:00:00,0.2
Netherlands,NLD,2022-06-07 17:00:00,2022-06-07 19:00:00,0.21803999999999998
Netherlands,NLD,2022-06-07 18:00:00,2022-06-07 20:00:00,0.22746
Netherlands,NLD,2022-06-07 19:00:00,2022-06-07 21:00:00,0.22881
Netherlands,NLD,2022-06-07 20:00:00,2022-06-07 22:00:00,0.22025999999999998
Netherlands,NLD,2022-06-07 21:00:00,2022-06-07 23:00:00,0.21097
Netherlands,NLD,2022-06-07 22:00:00,2022-06-08 00:00:00,0.18505000000000002
Netherlands,NLD,2022-06-07 23:00:00,2022-06-08 01:00:00,0.16895
Netherlands,NLD,2022-06-08 00:00:00,2022-06-08 02:00:00,0.1651
Netherlands,NLD,2022-06-08 01:00:00,2022-06-08 03:00:00,0.16296000000000002
Netherlands,NLD,2022-06-08 02:00:00,2022-06-08 04:00:00,0.16491999999999998
Netherlands,NLD,2022-06-08 03:00:00,2022-06-08 05:00:00,0.175
Netherlands,NLD,2022-06-08 04:00:00,2022-06-08 06:00:00,0.19741999999999998
Netherlands,NLD,2022-06-08 05:00:00,2022-06-08 07:00:00,0.21393
Netherlands,NLD,2022-06-08 06:00:00,2022-06-08 08:00:00,0.21500999999999998
Netherlands,NLD,2022-06-08 07:00:00,2022-06-08 09:00:00,0.20529
Netherlands,NLD,2022-06-08 08:00:00,2022-06-08 10:00:00,0.191
Netherlands,NLD,2022-06-08 09:00:00,2022-06-08 11:00:00,0.17677
Netherlands,NLD,2022-06-08 10:00:00,2022-06-08 12:00:00,0.18003
Netherlands,NLD,2022-06-08 11:00:00,2022-06-08 13:00:00,0.17134
Netherlands,NLD,2022-06-08 12:00:00,2022-06-08 14:00:00,0.15803
Netherlands,NLD,2022-06-08 13:00:00,2022-06-08 15:00:00,0.154
Netherlands,NLD,2022-06-08 14:00:00,2022-06-08 16:00:00,0.15930000000000002
Netherlands,NLD,2022-06-08 15:00:00,2022-06-08 17:00:00,0.16311
Netherlands,NLD,2022-06-08 16:00:00,2022-06-08 18:00:00,0.17576
Netherlands,NLD,2022-06-08 17:00:00,2022-06-08 19:00:00,0.1752
Netherlands,NLD,2022-06-08 18:00:00,2022-06-08 20:00:00,0.21236000000000002
Netherlands,NLD,2022-06-08 19:00:00,2022-06-08 21:00:00,0.21198
Netherlands,NLD,2022-06-08 20:00:00,2022-06-08 22:00:00,0.211
Netherlands,NLD,2022-06-08 21:00:00,2022-06-08 23:00:00,0.15680000000000002
Netherlands,NLD,2022-06-08 22:00:00,2022-06-09 00:00:00,0.18900999999999998
Netherlands,NLD,2022-06-08 23:00:00,2022-06-09 01:00:00,0.17063
Netherlands,NLD,2022-06-09 00:00:00,2022-06-09 02:00:00,0.165
Netherlands,NLD,2022-06-09 01:00:00,2022-06-09 03:00:00,0.16294
Netherlands,NLD,2022-06-09 02:00:00,2022-06-09 04:00:00,0.15969999999999998
Netherlands,NLD,2022-06-09 03:00:00,2022-06-09 05:00:00,0.16000999999999999
Netherlands,NLD,2022-06-09 04:00:00,2022-06-09 06:00:00,0.201
Netherlands,NLD,2022-06-09 05:00:00,2022-06-09 07:00:00,0.21403
Netherlands,NLD,2022-06-09 06:00:00,2022-06-09 08:00:00,0.17993
Netherlands,NLD,2022-06-09 07:00:00,2022-06-09 09:00:00,0.16
Netherlands,NLD,2022-06-09 08:00:00,2022-06-09 10:00:00,0.1789
Netherlands,NLD,2022-06-09 09:00:00,2022-06-09 11:00:00,0.1601
Netherlands,NLD,2022-06-09 10:00:00,2022-06-09 12:00:00,0.14431
Netherlands,NLD,2022-06-09 11:00:00,2022-06-09 13:00:00,0.14299
Netherlands,NLD,2022-06-09 12:00:00,2022-06-09 14:00:00,0.14594
Netherlands,NLD,2022-06-09 13:00:00,2022-06-09 15:00:00,0.134
Netherlands,NLD,2022-06-09 14:00:00,2022-06-09 16:00:00,0.13776
Netherlands,NLD,2022-06-09 15:00:00,2022-06-09 17:00:00,0.16366
Netherlands,NLD,2022-06-09 16:00:00,2022-06-09 18:00:00,0.17593999999999999
Netherlands,NLD,2022-06-09 17:00:00,2022-06-09 19:00:00,0.19057
Netherlands,NLD,2022-06-09 18:00:00,2022-06-09 20:00:00,0.2
Netherlands,NLD,2022-06-09 19:00:00,2022-06-09 21:00:00,0.21024
Netherlands,NLD,2022-06-09 20:00:00,2022-06-09 22:00:00,0.20909
Netherlands,NLD,2022-06-09 21:00:00,2022-06-09 23:00:00,0.19207
Netherlands,NLD,2022-06-09 22:00:00,2022-06-10 00:00:00,0.19658
Netherlands,NLD,2022-06-09 23:00:00,2022-06-10 01:00:00,0.17
Netherlands,NLD,2022-06-10 00:00:00,2022-06-10 02:00:00,0.16391
Netherlands,NLD,2022-06-10 01:00:00,2022-06-10 03:00:00,0.16213
Netherlands,NLD,2022-06-10 02:00:00,2022-06-10 04:00:00,0.16384
Netherlands,NLD,2022-06-10 03:00:00,2022-06-10 05:00:00,0.17914
Netherlands,NLD,2022-06-10 04:00:00,2022-06-10 06:00:00,0.20790999999999998
Netherlands,NLD,2022-06-10 05:00:00,2022-06-10 07:00:00,0.21375999999999998
Netherlands,NLD,2022-06-10 06:00:00,2022-06-10 08:00:00,0.21284
Netherlands,NLD,2022-06-10 07:00:00,2022-06-10 09:00:00,0.19396000000000002
Netherlands,NLD,2022-06-10 08:00:00,2022-06-10 10:00:00,0.17405
Netherlands,NLD,2022-06-10 09:00:00,2022-06-10 11:00:00,0.16416999999999998
Netherlands,NLD,2022-06-10 10:00:00,2022-06-10 12:00:00,0.15777000000000002
Netherlands,NLD,2022-06-10 11:00:00,2022-06-10 13:00:00,0.1499
Netherlands,NLD,2022-06-10 12:00:00,2022-06-10 14:00:00,0.14274
Netherlands,NLD,2022-06-10 13:00:00,2022-06-10 15:00:00,0.14812
Netherlands,NLD,2022-06-10 14:00:00,2022-06-10 16:00:00,0.15781
Netherlands,NLD,2022-06-10 15:00:00,2022-06-10 17:00:00,0.18
Netherlands,NLD,2022-06-10 16:00:00,2022-06-10 18:00:00,0.1759
Netherlands,NLD,2022-06-10 17:00:00,2022-06-10 19:00:00,0.21691999999999997
Netherlands,NLD,2022-06-10 18:00:00,2022-06-10 20:00:00,0.22046000000000002
Netherlands,NLD,2022-06-10 19:00:00,2022-06-10 21:00:00,0.2169
Netherlands,NLD,2022-06-10 20:00:00,2022-06-10 22:00:00,0.21547999999999998
Netherlands,NLD,2022-06-10 21:00:00,2022-06-10 23:00:00,0.20507
Netherlands,NLD,2022-06-10 22:00:00,2022-06-11 00:00:00,0.20043
Netherlands,NLD,2022-06-10 23:00:00,2022-06-11 01:00:00,0.18665
Netherlands,NLD,2022-06-11 00:00:00,2022-06-11 02:00:00,0.17339
Netherlands,NLD,2022-06-11 01:00:00,2022-06-11 03:00:00,0.16568
Netherlands,NLD,2022-06-11 02:00:00,2022-06-11 04:00:00,0.15822999999999998
Netherlands,NLD,2022-06-11 03:00:00,2022-06-11 05:00:00,0.15514
Netherlands,NLD,2022-06-11 04:00:00,2022-06-11 06:00:00,0.15929
Netherlands,NLD,2022-06-11 05:00:00,2022-06-11 07:00:00,0.13
Netherlands,NLD,2022-06-11 06:00:00,2022-06-11 08:00:00,0.12815000000000001
Netherlands,NLD,2022-06-11 07:00:00,2022-06-11 09:00:00,0.07451
Netherlands,NLD,2022-06-11 08:00:00,2022-06-11 10:00:00,0.02124
Netherlands,NLD,2022-06-11 09:00:00,2022-06-11 11:00:00,0.0079
Netherlands,NLD,2022-06-11 10:00:00,2022-06-11 12:00:00,0.02368
Netherlands,NLD,2022-06-11 11:00:00,2022-06-11 13:00:00,-0.01532
Netherlands,NLD,2022-06-11 12:00:00,2022-06-11 14:00:00,-0.0329
Netherlands,NLD,2022-06-11 13:00:00,2022-06-11 15:00:00,-0.034
Netherlands,NLD,2022-06-11 14:00:00,2022-06-11 16:00:00,-0.00195
Netherlands,NLD,2022-06-11 15:00:00,2022-06-11 17:00:00,0.01002
Netherlands,NLD,2022-06-11 16:00:00,2022-06-11 18:00:00,0.1445
Netherlands,NLD,2022-06-11 17:00:00,2022-06-11 19:00:00,0.19638999999999998
Netherlands,NLD,2022-06-11 18:00:00,2022-06-11 20:00:00,0.20933000000000002
Netherlands,NLD,2022-06-11 19:00:00,2022-06-11 21:00:00,0.21106
Netherlands,NLD,2022-06-11 20:00:00,2022-06-11 22:00:00,0.20792
Netherlands,NLD,2022-06-11 21:00:00,2022-06-11 23:00:00,0.199
Netherlands,NLD,2022-06-11 22:00:00,2022-06-12 00:00:00,0.195
Netherlands,NLD,2022-06-11 23:00:00,2022-06-12 01:00:00,0.16411
Netherlands,NLD,2022-06-12 00:00:00,2022-06-12 02:00:00,0.15386000000000002
Netherlands,NLD,2022-06-12 01:00:00,2022-06-12 03:00:00,0.14794
Netherlands,NLD,2022-06-12 02:00:00,2022-06-12 04:00:00,0.14498
Netherlands,NLD,2022-06-12 03:00:00,2022-06-12 05:00:00,0.13816
Netherlands,NLD,2022-06-12 04:00:00,2022-06-12 06:00:00,0.12778
Netherlands,NLD,2022-06-12 05:00:00,2022-06-12 07:00:00,0.10889
Netherlands,NLD,2022-06-12 06:00:00,2022-06-12 08:00:00,0.091
Netherlands,NLD,2022-06-12 07:00:00,2022-06-12 09:00:00,0.08083
Netherlands,NLD,2022-06-12 08:00:00,2022-06-12 10:00:00,0.07437
Netherlands,NLD,2022-06-12 09:00:00,2022-06-12 11:00:00,0.0299
Netherlands,NLD,2022-06-12 10:00:00,2022-06-12 12:00:00,0.0
Netherlands,NLD,2022-06-12 11:00:00,2022-06-12 13:00:00,-0.06911
Netherlands,NLD,2022-06-12 12:00:00,2022-06-12 14:00:00,0.0
Netherlands,NLD,2022-06-12 13:00:00,2022-06-12 15:00:00,-0.02243
Netherlands,NLD,2022-06-12 14:00:00,2022-06-12 16:00:00,0.03155
Netherlands,NLD,2022-06-12 15:00:00,2022-06-12 17:00:00,0.08533
Netherlands,NLD,2022-06-12 16:00:00,2022-06-12 18:00:00,0.16044999999999998
Netherlands,NLD,2022-06-12 17:00:00,2022-06-12 19:00:00,0.18531
Netherlands,NLD,2022-06-12 18:00:00,2022-06-12 20:00:00,0.20598
Netherlands,NLD,2022-06-12 19:00:00,2022-06-12 21:00:00,0.21098
Netherlands,NLD,2022-06-12 20:00:00,2022-06-12 22:00:00,0.21
Netherlands,NLD,2022-06-12 21:00:00,2022-06-12 23:00:00,0.18427000000000002
Netherlands,NLD,2022-06-12 22:00:00,2022-06-13 00:00:00,0.16829
Netherlands,NLD,2022-06-12 23:00:00,2022-06-13 01:00:00,0.16234
Netherlands,NLD,2022-06-13 00:00:00,2022-06-13 02:00:00,0.15447999999999998
Netherlands,NLD,2022-06-13 01:00:00,2022-06-13 03:00:00,0.14992
Netherlands,NLD,2022-06-13 02:00:00,2022-06-13 04:00:00,0.14692
Netherlands,NLD,2022-06-13 03:00:00,2022-06-13 05:00:00,0.15680000000000002
Netherlands,NLD,2022-06-13 04:00:00,2022-06-13 06:00:00,0.20003
Netherlands,NLD,2022-06-13 05:00:00,2022-06-13 07:00:00,0.21116
Netherlands,NLD,2022-06-13 06:00:00,2022-06-13 08:00:00,0.2089
Netherlands,NLD,2022-06-13 07:00:00,2022-06-13 09:00:00,0.16086
Netherlands,NLD,2022-06-13 08:00:00,2022-06-13 10:00:00,0.14529
Netherlands,NLD,2022-06-13 09:00:00,2022-06-13 11:00:00,0.144
Netherlands,NLD,2022-06-13 10:00:00,2022-06-13 12:00:00,0.1396
Netherlands,NLD,2022-06-13 11:00:00,2022-06-13 13:00:00,0.10606
Netherlands,NLD,2022-06-13 12:00:00,2022-06-13 14:00:00,0.08759
Netherlands,NLD,2022-06-13 13:00:00,2022-06-13 15:00:00,0.10990000000000001
Netherlands,NLD,2022-06-13 14:00:00,2022-06-13 16:00:00,0.1315
Netherlands,NLD,2022-06-13 15:00:00,2022-06-13 17:00:00,0.15128
Netherlands,NLD,2022-06-13 16:00:00,2022-06-13 18:00:00,0.1699
Netherlands,NLD,2022-06-13 17:00:00,2022-06-13 19:00:00,0.21584
Netherlands,NLD,2022-06-13 18:00:00,2022-06-13 20:00:00,0.22927
Netherlands,NLD,2022-06-13 19:00:00,2022-06-13 21:00:00,0.22551
Netherlands,NLD,2022-06-13 20:00:00,2022-06-13 22:00:00,0.22351
Netherlands,NLD,2022-06-13 21:00:00,2022-06-13 23:00:00,0.19190000000000002
Netherlands,NLD,2022-06-13 22:00:00,2022-06-14 00:00:00,0.1663
Netherlands,NLD,2022-06-13 23:00:00,2022-06-14 01:00:00,0.16337000000000002
Netherlands,NLD,2022-06-14 00:00:00,2022-06-14 02:00:00,0.16352
Netherlands,NLD,2022-06-14 01:00:00,2022-06-14 03:00:00,0.15796000000000002
Netherlands,NLD,2022-06-14 02:00:00,2022-06-14 04:00:00,0.16382
Netherlands,NLD,2022-06-14 03:00:00,2022-06-14 05:00:00,0.17104
Netherlands,NLD,2022-06-14 04:00:00,2022-06-14 06:00:00,0.21522
Netherlands,NLD,2022-06-14 05:00:00,2022-06-14 07:00:00,0.22788
Netherlands,NLD,2022-06-14 06:00:00,2022-06-14 08:00:00,0.19888999999999998
Netherlands,NLD,2022-06-14 07:00:00,2022-06-14 09:00:00,0.17903
Netherlands,NLD,2022-06-14 08:00:00,2022-06-14 10:00:00,0.16143000000000002
Netherlands,NLD,2022-06-14 09:00:00,2022-06-14 11:00:00,0.15862
Netherlands,NLD,2022-06-14 10:00:00,2022-06-14 12:00:00,0.166
Netherlands,NLD,2022-06-14 11:00:00,2022-06-14 13:00:00,0.16359
Netherlands,NLD,2022-06-14 12:00:00,2022-06-14 14:00:00,0.15683000000000002
Netherlands,NLD,2022-06-14 13:00:00,2022-06-14 15:00:00,0.16394999999999998
Netherlands,NLD,2022-06-14 14:00:00,2022-06-14 16:00:00,0.1698
Netherlands,NLD,2022-06-14 15:00:00,2022-06-14 17:00:00,0.19787000000000002
Netherlands,NLD,2022-06-14 16:00:00,2022-06-14 18:00:00,0.23097
Netherlands,NLD,2022-06-14 17:00:00,2022-06-14 19:00:00,0.21838999999999997
Netherlands,NLD,2022-06-14 18:00:00,2022-06-14 20:00:00,0.22502
Netherlands,NLD,2022-06-14 19:00:00,2022-06-14 21:00:00,0.23442
Netherlands,NLD,2022-06-14 20:00:00,2022-06-14 22:00:00,0.2349
Netherlands,NLD,2022-06-14 21:00:00,2022-06-14 23:00:00,0.20799
Netherlands,NLD,2022-06-14 22:00:00,2022-06-15 00:00:00,0.19796
Netherlands,NLD,2022-06-14 23:00:00,2022-06-15 01:00:00,0.1835
Netherlands,NLD,2022-06-15 00:00:00,2022-06-15 02:00:00,0.17767
Netherlands,NLD,2022-06-15 01:00:00,2022-06-15 03:00:00,0.17302
Netherlands,NLD,2022-06-15 02:00:00,2022-06-15 04:00:00,0.17318
Netherlands,NLD,2022-06-15 03:00:00,2022-06-15 05:00:00,0.18223
Netherlands,NLD,2022-06-15 04:00:00,2022-06-15 06:00:00,0.2176
Netherlands,NLD,2022-06-15 05:00:00,2022-06-15 07:00:00,0.24694999999999998
Netherlands,NLD,2022-06-15 06:00:00,2022-06-15 08:00:00,0.2508
Netherlands,NLD,2022-06-15 07:00:00,2022-06-15 09:00:00,0.20036
Netherlands,NLD,2022-06-15 08:00:00,2022-06-15 10:00:00,0.17298
Netherlands,NLD,2022-06-15 09:00:00,2022-06-15 11:00:00,0.16657
Netherlands,NLD,2022-06-15 10:00:00,2022-06-15 12:00:00,0.15483000000000002
Netherlands,NLD,2022-06-15 11:00:00,2022-06-15 13:00:00,0.14841
Netherlands,NLD,2022-06-15 12:00:00,2022-06-15 14:00:00,0.14121
Netherlands,NLD,2022-06-15 13:00:00,2022-06-15 15:00:00,0.16558
Netherlands,NLD,2022-06-15 14:00:00,2022-06-15 16:00:00,0.15857
Netherlands,NLD,2022-06-15 15:00:00,2022-06-15 17:00:00,0.21571
Netherlands,NLD,2022-06-15 16:00:00,2022-06-15 18:00:00,0.2517
Netherlands,NLD,2022-06-15 17:00:00,2022-06-15 19:00:00,0.286
Netherlands,NLD,2022-06-15 18:00:00,2022-06-15 20:00:00,0.30723
Netherlands,NLD,2022-06-15 19:00:00,2022-06-15 21:00:00,0.24326
Netherlands,NLD,2022-06-15 20:00:00,2022-06-15 22:00:00,0.2399
Netherlands,NLD,2022-06-15 21:00:00,2022-06-15 23:00:00,0.22115
Netherlands,NLD,2022-06-15 22:00:00,2022-06-16 00:00:00,0.2273
Netherlands,NLD,2022-06-15 23:00:00,2022-06-16 01:00:00,0.21374
Netherlands,NLD,2022-06-16 00:00:00,2022-06-16 02:00:00,0.21066
Netherlands,NLD,2022-06-16 01:00:00,2022-06-16 03:00:00,0.21256999999999998
Netherlands,NLD,2022-06-16 02:00:00,2022-06-16 04:00:00,0.20646
Netherlands,NLD,2022-06-16 03:00:00,2022-06-16 05:00:00,0.20598
Netherlands,NLD,2022-06-16 04:00:00,2022-06-16 06:00:00,0.22845
Netherlands,NLD,2022-06-16 05:00:00,2022-06-16 07:00:00,0.25695
Netherlands,NLD,2022-06-16 06:00:00,2022-06-16 08:00:00,0.25456
Netherlands,NLD,2022-06-16 07:00:00,2022-06-16 09:00:00,0.22722
Netherlands,NLD,2022-06-16 08:00:00,2022-06-16 10:00:00,0.19326
Netherlands,NLD,2022-06-16 09:00:00,2022-06-16 11:00:00,0.17668
Netherlands,NLD,2022-06-16 10:00:00,2022-06-16 12:00:00,0.15924000000000002
Netherlands,NLD,2022-06-16 11:00:00,2022-06-16 13:00:00,0.16985
Netherlands,NLD,2022-06-16 12:00:00,2022-06-16 14:00:00,0.15521000000000001
Netherlands,NLD,2022-06-16 13:00:00,2022-06-16 15:00:00,0.11
Netherlands,NLD,2022-06-16 14:00:00,2022-06-16 16:00:00,0.18499000000000002
Netherlands,NLD,2022-06-16 15:00:00,2022-06-16 17:00:00,0.2299
Netherlands,NLD,2022-06-16 16:00:00,2022-06-16 18:00:00,0.26967
Netherlands,NLD,2022-06-16 17:00:00,2022-06-16 19:00:00,0.2612
Netherlands,NLD,2022-06-16 18:00:00,2022-06-16 20:00:00,0.295
Netherlands,NLD,2022-06-16 19:00:00,2022-06-16 21:00:00,0.27047000000000004
Netherlands,NLD,2022-06-16 20:00:00,2022-06-16 22:00:00,0.2711
Netherlands,NLD,2022-06-16 21:00:00,2022-06-16 23:00:00,0.21603999999999998
Netherlands,NLD,2022-06-16 22:00:00,2022-06-17 00:00:00,0.29898
Netherlands,NLD,2022-06-16 23:00:00,2022-06-17 01:00:00,0.2661
Netherlands,NLD,2022-06-17 00:00:00,2022-06-17 02:00:00,0.24262
Netherlands,NLD,2022-06-17 01:00:00,2022-06-17 03:00:00,0.2114
Netherlands,NLD,2022-06-17 02:00:00,2022-06-17 04:00:00,0.20686000000000002
Netherlands,NLD,2022-06-17 03:00:00,2022-06-17 05:00:00,0.23990999999999998
Netherlands,NLD,2022-06-17 04:00:00,2022-06-17 06:00:00,0.29234
Netherlands,NLD,2022-06-17 05:00:00,2022-06-17 07:00:00,0.32331
Netherlands,NLD,2022-06-17 06:00:00,2022-06-17 08:00:00,0.3257
Netherlands,NLD,2022-06-17 07:00:00,2022-06-17 09:00:00,0.29907
Netherlands,NLD,2022-06-17 08:00:00,2022-06-17 10:00:00,0.2651
Netherlands,NLD,2022-06-17 09:00:00,2022-06-17 11:00:00,0.22121000000000002
Netherlands,NLD,2022-06-17 10:00:00,2022-06-17 12:00:00,0.19369999999999998
Netherlands,NLD,2022-06-17 11:00:00,2022-06-17 13:00:00,0.19540000000000002
Netherlands,NLD,2022-06-17 12:00:00,2022-06-17 14:00:00,0.175
Netherlands,NLD,2022-06-17 13:00:00,2022-06-17 15:00:00,0.18143
Netherlands,NLD,2022-06-17 14:00:00,2022-06-17 16:00:00,0.21972999999999998
Netherlands,NLD,2022-06-17 15:00:00,2022-06-17 17:00:00,0.25989999999999996
Netherlands,NLD,2022-06-17 16:00:00,2022-06-17 18:00:00,0.30577
Netherlands,NLD,2022-06-17 17:00:00,2022-06-17 19:00:00,0.31710000000000005
Netherlands,NLD,2022-06-17 18:00:00,2022-06-17 20:00:00,0.35539
Netherlands,NLD,2022-06-17 19:00:00,2022-06-17 21:00:00,0.31905
Netherlands,NLD,2022-06-17 20:00:00,2022-06-17 22:00:00,0.29466000000000003
Netherlands,NLD,2022-06-17 21:00:00,2022-06-17 23:00:00,0.25979
Netherlands,NLD,2022-06-17 22:00:00,2022-06-18 00:00:00,0.25114
Netherlands,NLD,2022-06-17 23:00:00,2022-06-18 01:00:00,0.20698
Netherlands,NLD,2022-06-18 00:00:00,2022-06-18 02:00:00,0.21517
Netherlands,NLD,2022-06-18 01:00:00,2022-06-18 03:00:00,0.24668
Netherlands,NLD,2022-06-18 02:00:00,2022-06-18 04:00:00,0.27387
Netherlands,NLD,2022-06-18 03:00:00,2022-06-18 05:00:00,0.20327
Netherlands,NLD,2022-06-18 04:00:00,2022-06-18 06:00:00,0.2053
Netherlands,NLD,2022-06-18 05:00:00,2022-06-18 07:00:00,0.19015
Netherlands,NLD,2022-06-18 06:00:00,2022-06-18 08:00:00,0.18078
Netherlands,NLD,2022-06-18 07:00:00,2022-06-18 09:00:00,0.1999
Netherlands,NLD,2022-06-18 08:00:00,2022-06-18 10:00:00,0.14997
Netherlands,NLD,2022-06-18 09:00:00,2022-06-18 11:00:00,0.14226
Netherlands,NLD,2022-06-18 10:00:00,2022-06-18 12:00:00,0.10651999999999999
Netherlands,NLD,2022-06-18 11:00:00,2022-06-18 13:00:00,0.07728
Netherlands,NLD,2022-06-18 12:00:00,2022-06-18 14:00:00,0.05325
Netherlands,NLD,2022-06-18 13:00:00,2022-06-18 15:00:00,0.1017
Netherlands,NLD,2022-06-18 14:00:00,2022-06-18 16:00:00,0.1494
Netherlands,NLD,2022-06-18 15:00:00,2022-06-18 17:00:00,0.17077
Netherlands,NLD,2022-06-18 16:00:00,2022-06-18 18:00:00,0.26461
Netherlands,NLD,2022-06-18 17:00:00,2022-06-18 19:00:00,0.32800999999999997
Netherlands,NLD,2022-06-18 18:00:00,2022-06-18 20:00:00,0.33047000000000004
Netherlands,NLD,2022-06-18 19:00:00,2022-06-18 21:00:00,0.31921
Netherlands,NLD,2022-06-18 20:00:00,2022-06-18 22:00:00,0.28508
Netherlands,NLD,2022-06-18 21:00:00,2022-06-18 23:00:00,0.25171
Netherlands,NLD,2022-06-18 22:00:00,2022-06-19 00:00:00,0.20707
Netherlands,NLD,2022-06-18 23:00:00,2022-06-19 01:00:00,0.19
Netherlands,NLD,2022-06-19 00:00:00,2022-06-19 02:00:00,0.16552
Netherlands,NLD,2022-06-19 01:00:00,2022-06-19 03:00:00,0.1398
Netherlands,NLD,2022-06-19 02:00:00,2022-06-19 04:00:00,0.1206
Netherlands,NLD,2022-06-19 03:00:00,2022-06-19 05:00:00,0.11386
Netherlands,NLD,2022-06-19 04:00:00,2022-06-19 06:00:00,0.11255
Netherlands,NLD,2022-06-19 05:00:00,2022-06-19 07:00:00,0.11909
Netherlands,NLD,2022-06-19 06:00:00,2022-06-19 08:00:00,0.10673
Netherlands,NLD,2022-06-19 07:00:00,2022-06-19 09:00:00,0.09428
Netherlands,NLD,2022-06-19 08:00:00,2022-06-19 10:00:00,0.09415000000000001
Netherlands,NLD,2022-06-19 09:00:00,2022-06-19 11:00:00,0.1
Netherlands,NLD,2022-06-19 10:00:00,2022-06-19 12:00:00,0.12997999999999998
Netherlands,NLD,2022-06-19 11:00:00,2022-06-19 13:00:00,0.08183
Netherlands,NLD,2022-06-19 12:00:00,2022-06-19 14:00:00,0.07113
Netherlands,NLD,2022-06-19 13:00:00,2022-06-19 15:00:00,0.08739
Netherlands,NLD,2022-06-19 14:00:00,2022-06-19 16:00:00,0.09337999999999999
Netherlands,NLD,2022-06-19 15:00:00,2022-06-19 17:00:00,0.15735
Netherlands,NLD,2022-06-19 16:00:00,2022-06-19 18:00:00,0.22309
Netherlands,NLD,2022-06-19 17:00:00,2022-06-19 19:00:00,0.26077
Netherlands,NLD,2022-06-19 18:00:00,2022-06-19 20:00:00,0.27764
Netherlands,NLD,2022-06-19 19:00:00,2022-06-19 21:00:00,0.29429
Netherlands,NLD,2022-06-19 20:00:00,2022-06-19 22:00:00,0.30693
Netherlands,NLD,2022-06-19 21:00:00,2022-06-19 23:00:00,0.2811
Netherlands,NLD,2022-06-19 22:00:00,2022-06-20 00:00:00,0.24022
Netherlands,NLD,2022-06-19 23:00:00,2022-06-20 01:00:00,0.22038999999999997
Netherlands,NLD,2022-06-20 00:00:00,2022-06-20 02:00:00,0.2189
Netherlands,NLD,2022-06-20 01:00:00,2022-06-20 03:00:00,0.2201
Netherlands,NLD,2022-06-20 02:00:00,2022-06-20 04:00:00,0.2132
Netherlands,NLD,2022-06-20 03:00:00,2022-06-20 05:00:00,0.26327
Netherlands,NLD,2022-06-20 04:00:00,2022-06-20 06:00:00,0.30167
Netherlands,NLD,2022-06-20 05:00:00,2022-06-20 07:00:00,0.35735
Netherlands,NLD,2022-06-20 06:00:00,2022-06-20 08:00:00,0.2499
Netherlands,NLD,2022-06-20 07:00:00,2022-06-20 09:00:00,0.288
Netherlands,NLD,2022-06-20 08:00:00,2022-06-20 10:00:00,0.2311
Netherlands,NLD,2022-06-20 09:00:00,2022-06-20 11:00:00,0.29097
Netherlands,NLD,2022-06-20 10:00:00,2022-06-20 12:00:00,0.2347
Netherlands,NLD,2022-06-20 11:00:00,2022-06-20 13:00:00,0.17002
Netherlands,NLD,2022-06-20 12:00:00,2022-06-20 14:00:00,0.14776
Netherlands,NLD,2022-06-20 13:00:00,2022-06-20 15:00:00,0.13124
Netherlands,NLD,2022-06-20 14:00:00,2022-06-20 16:00:00,0.14228
Netherlands,NLD,2022-06-20 15:00:00,2022-06-20 17:00:00,0.1982
Netherlands,NLD,2022-06-20 16:00:00,2022-06-20 18:00:00,0.21
Netherlands,NLD,2022-06-20 17:00:00,2022-06-20 19:00:00,0.28082
Netherlands,NLD,2022-06-20 18:00:00,2022-06-20 20:00:00,0.31488
Netherlands,NLD,2022-06-20 19:00:00,2022-06-20 21:00:00,0.31658
Netherlands,NLD,2022-06-20 20:00:00,2022-06-20 22:00:00,0.28954
Netherlands,NLD,2022-06-20 21:00:00,2022-06-20 23:00:00,0.26050999999999996
Netherlands,NLD,2022-06-20 22:00:00,2022-06-21 00:00:00,0.26491000000000003
Netherlands,NLD,2022-06-20 23:00:00,2022-06-21 01:00:00,0.24416
Netherlands,NLD,2022-06-21 00:00:00,2022-06-21 02:00:00,0.23376
Netherlands,NLD,2022-06-21 01:00:00,2022-06-21 03:00:00,0.22299000000000002
Netherlands,NLD,2022-06-21 02:00:00,2022-06-21 04:00:00,0.21791999999999997
Netherlands,NLD,2022-06-21 03:00:00,2022-06-21 05:00:00,0.22913
Netherlands,NLD,2022-06-21 04:00:00,2022-06-21 06:00:00,0.29761000000000004
Netherlands,NLD,2022-06-21 05:00:00,2022-06-21 07:00:00,0.3389
Netherlands,NLD,2022-06-21 06:00:00,2022-06-21 08:00:00,0.32708
Netherlands,NLD,2022-06-21 07:00:00,2022-06-21 09:00:00,0.251
Netherlands,NLD,2022-06-21 08:00:00,2022-06-21 10:00:00,0.20874
Netherlands,NLD,2022-06-21 09:00:00,2022-06-21 11:00:00,0.18
Netherlands,NLD,2022-06-21 10:00:00,2022-06-21 12:00:00,0.16490000000000002
Netherlands,NLD,2022-06-21 11:00:00,2022-06-21 13:00:00,0.1499
Netherlands,NLD,2022-06-21 12:00:00,2022-06-21 14:00:00,0.14740999999999999
Netherlands,NLD,2022-06-21 13:00:00,2022-06-21 15:00:00,0.17195
Netherlands,NLD,2022-06-21 14:00:00,2022-06-21 16:00:00,0.22516999999999998
Netherlands,NLD,2022-06-21 15:00:00,2022-06-21 17:00:00,0.2652
Netherlands,NLD,2022-06-21 16:00:00,2022-06-21 18:00:00,0.3599
Netherlands,NLD,2022-06-21 17:00:00,2022-06-21 19:00:00,0.45012
Netherlands,NLD,2022-06-21 18:00:00,2022-06-21 20:00:00,0.45802
Netherlands,NLD,2022-06-21 19:00:00,2022-06-21 21:00:00,0.41023000000000004
Netherlands,NLD,2022-06-21 20:00:00,2022-06-21 22:00:00,0.37315
Netherlands,NLD,2022-06-21 21:00:00,2022-06-21 23:00:00,0.32495999999999997
Netherlands,NLD,2022-06-21 22:00:00,2022-06-22 00:00:00,0.25227
Netherlands,NLD,2022-06-21 23:00:00,2022-06-22 01:00:00,0.25999
Netherlands,NLD,2022-06-22 00:00:00,2022-06-22 02:00:00,0.26513
Netherlands,NLD,2022-06-22 01:00:00,2022-06-22 03:00:00,0.2485
Netherlands,NLD,2022-06-22 02:00:00,2022-06-22 04:00:00,0.25502
Netherlands,NLD,2022-06-22 03:00:00,2022-06-22 05:00:00,0.2455
Netherlands,NLD,2022-06-22 04:00:00,2022-06-22 06:00:00,0.29070999999999997
Netherlands,NLD,2022-06-22 05:00:00,2022-06-22 07:00:00,0.2407
Netherlands,NLD,2022-06-22 06:00:00,2022-06-22 08:00:00,0.3501
Netherlands,NLD,2022-06-22 07:00:00,2022-06-22 09:00:00,0.26656
Netherlands,NLD,2022-06-22 08:00:00,2022-06-22 10:00:00,0.2258
Netherlands,NLD,2022-06-22 09:00:00,2022-06-22 11:00:00,0.2306
Netherlands,NLD,2022-06-22 10:00:00,2022-06-22 12:00:00,0.1825
Netherlands,NLD,2022-06-22 11:00:00,2022-06-22 13:00:00,0.157
Netherlands,NLD,2022-06-22 12:00:00,2022-06-22 14:00:00,0.1585
Netherlands,NLD,2022-06-22 13:00:00,2022-06-22 15:00:00,0.16986
Netherlands,NLD,2022-06-22 14:00:00,2022-06-22 16:00:00,0.217
Netherlands,NLD,2022-06-22 15:00:00,2022-06-22 17:00:00,0.2437
Netherlands,NLD,2022-06-22 16:00:00,2022-06-22 18:00:00,0.2601
Netherlands,NLD,2022-06-22 17:00:00,2022-06-22 19:00:00,0.3167
Netherlands,NLD,2022-06-22 18:00:00,2022-06-22 20:00:00,0.4
Netherlands,NLD,2022-06-22 19:00:00,2022-06-22 21:00:00,0.3993
Netherlands,NLD,2022-06-22 20:00:00,2022-06-22 22:00:00,0.36281
Netherlands,NLD,2022-06-22 21:00:00,2022-06-22 23:00:00,0.247
Netherlands,NLD,2022-06-22 22:00:00,2022-06-23 00:00:00,0.27913
Netherlands,NLD,2022-06-22 23:00:00,2022-06-23 01:00:00,0.2471
Netherlands,NLD,2022-06-23 00:00:00,2022-06-23 02:00:00,0.24516
Netherlands,NLD,2022-06-23 01:00:00,2022-06-23 03:00:00,0.24581999999999998
Netherlands,NLD,2022-06-23 02:00:00,2022-06-23 04:00:00,0.25508000000000003
Netherlands,NLD,2022-06-23 03:00:00,2022-06-23 05:00:00,0.27968
Netherlands,NLD,2022-06-23 04:00:00,2022-06-23 06:00:00,0.3361
Netherlands,NLD,2022-06-23 05:00:00,2022-06-23 07:00:00,0.34758999999999995
Netherlands,NLD,2022-06-23 06:00:00,2022-06-23 08:00:00,0.31106
Netherlands,NLD,2022-06-23 07:00:00,2022-06-23 09:00:00,0.28802
Netherlands,NLD,2022-06-23 08:00:00,2022-06-23 10:00:00,0.24142
Netherlands,NLD,2022-06-23 09:00:00,2022-06-23 11:00:00,0.1999
Netherlands,NLD,2022-06-23 10:00:00,2022-06-23 12:00:00,0.19862
Netherlands,NLD,2022-06-23 11:00:00,2022-06-23 13:00:00,0.2008
Netherlands,NLD,2022-06-23 12:00:00,2022-06-23 14:00:00,0.228
Netherlands,NLD,2022-06-23 13:00:00,2022-06-23 15:00:00,0.24869999999999998
Netherlands,NLD,2022-06-23 14:00:00,2022-06-23 16:00:00,0.24228
Netherlands,NLD,2022-06-23 15:00:00,2022-06-23 17:00:00,0.32066
Netherlands,NLD,2022-06-23 16:00:00,2022-06-23 18:00:00,0.36184
Netherlands,NLD,2022-06-23 17:00:00,2022-06-23 19:00:00,0.42889
Netherlands,NLD,2022-06-23 18:00:00,2022-06-23 20:00:00,0.41399
Netherlands,NLD,2022-06-23 19:00:00,2022-06-23 21:00:00,0.35670999999999997
Netherlands,NLD,2022-06-23 20:00:00,2022-06-23 22:00:00,0.31310000000000004
Netherlands,NLD,2022-06-23 21:00:00,2022-06-23 23:00:00,0.23278000000000001
Netherlands,NLD,2022-06-23 22:00:00,2022-06-24 00:00:00,0.23348
Netherlands,NLD,2022-06-23 23:00:00,2022-06-24 01:00:00,0.2339
Netherlands,NLD,2022-06-24 00:00:00,2022-06-24 02:00:00,0.257
Netherlands,NLD,2022-06-24 01:00:00,2022-06-24 03:00:00,0.22562000000000001
Netherlands,NLD,2022-06-24 02:00:00,2022-06-24 04:00:00,0.22812000000000002
Netherlands,NLD,2022-06-24 03:00:00,2022-06-24 05:00:00,0.24006
Netherlands,NLD,2022-06-24 04:00:00,2022-06-24 06:00:00,0.3029
Netherlands,NLD,2022-06-24 05:00:00,2022-06-24 07:00:00,0.33520999999999995
Netherlands,NLD,2022-06-24 06:00:00,2022-06-24 08:00:00,0.34574
Netherlands,NLD,2022-06-24 07:00:00,2022-06-24 09:00:00,0.32998
Netherlands,NLD,2022-06-24 08:00:00,2022-06-24 10:00:00,0.30762
Netherlands,NLD,2022-06-24 09:00:00,2022-06-24 11:00:00,0.29025
Netherlands,NLD,2022-06-24 10:00:00,2022-06-24 12:00:00,0.28302
Netherlands,NLD,2022-06-24 11:00:00,2022-06-24 13:00:00,0.27488999999999997
Netherlands,NLD,2022-06-24 12:00:00,2022-06-24 14:00:00,0.25085
Netherlands,NLD,2022-06-24 13:00:00,2022-06-24 15:00:00,0.24438
Netherlands,NLD,2022-06-24 14:00:00,2022-06-24 16:00:00,0.24603
Netherlands,NLD,2022-06-24 15:00:00,2022-06-24 17:00:00,0.29641
Netherlands,NLD,2022-06-24 16:00:00,2022-06-24 18:00:00,0.322
Netherlands,NLD,2022-06-24 17:00:00,2022-06-24 19:00:00,0.32994
Netherlands,NLD,2022-06-24 18:00:00,2022-06-24 20:00:00,0.3352
Netherlands,NLD,2022-06-24 19:00:00,2022-06-24 21:00:00,0.33092
Netherlands,NLD,2022-06-24 20:00:00,2022-06-24 22:00:00,0.32
Netherlands,NLD,2022-06-24 21:00:00,2022-06-24 23:00:00,0.26447000000000004
Netherlands,NLD,2022-06-24 22:00:00,2022-06-25 00:00:00,0.26027
Netherlands,NLD,2022-06-24 23:00:00,2022-06-25 01:00:00,0.23678
Netherlands,NLD,2022-06-25 00:00:00,2022-06-25 02:00:00,0.21491
Netherlands,NLD,2022-06-25 01:00:00,2022-06-25 03:00:00,0.21708000000000002
Netherlands,NLD,2022-06-25 02:00:00,2022-06-25 04:00:00,0.20366
Netherlands,NLD,2022-06-25 03:00:00,2022-06-25 05:00:00,0.20906
Netherlands,NLD,2022-06-25 04:00:00,2022-06-25 06:00:00,0.22673
Netherlands,NLD,2022-06-25 05:00:00,2022-06-25 07:00:00,0.26109
Netherlands,NLD,2022-06-25 06:00:00,2022-06-25 08:00:00,0.26903
Netherlands,NLD,2022-06-25 07:00:00,2022-06-25 09:00:00,0.23291
Netherlands,NLD,2022-06-25 08:00:00,2022-06-25 10:00:00,0.21486000000000002
Netherlands,NLD,2022-06-25 09:00:00,2022-06-25 11:00:00,0.20987999999999998
Netherlands,NLD,2022-06-25 10:00:00,2022-06-25 12:00:00,0.20618999999999998
Netherlands,NLD,2022-06-25 11:00:00,2022-06-25 13:00:00,0.21194
Netherlands,NLD,2022-06-25 12:00:00,2022-06-25 14:00:00,0.20269
Netherlands,NLD,2022-06-25 13:00:00,2022-06-25 15:00:00,0.20911000000000002
Netherlands,NLD,2022-06-25 14:00:00,2022-06-25 16:00:00,0.22845
Netherlands,NLD,2022-06-25 15:00:00,2022-06-25 17:00:00,0.26907
Netherlands,NLD,2022-06-25 16:00:00,2022-06-25 18:00:00,0.27157
Netherlands,NLD,2022-06-25 17:00:00,2022-06-25 19:00:00,0.31410000000000005
Netherlands,NLD,2022-06-25 18:00:00,2022-06-25 20:00:00,0.32717
Netherlands,NLD,2022-06-25 19:00:00,2022-06-25 21:00:00,0.32268
Netherlands,NLD,2022-06-25 20:00:00,2022-06-25 22:00:00,0.32402
Netherlands,NLD,2022-06-25 21:00:00,2022-06-25 23:00:00,0.29494
Netherlands,NLD,2022-06-25 22:00:00,2022-06-26 00:00:00,0.28891
Netherlands,NLD,2022-06-25 23:00:00,2022-06-26 01:00:00,0.26133
Netherlands,NLD,2022-06-26 00:00:00,2022-06-26 02:00:00,0.22638999999999998
Netherlands,NLD,2022-06-26 01:00:00,2022-06-26 03:00:00,0.2075
Netherlands,NLD,2022-06-26 02:00:00,2022-06-26 04:00:00,0.19632
Netherlands,NLD,2022-06-26 03:00:00,2022-06-26 05:00:00,0.18025
Netherlands,NLD,2022-06-26 04:00:00,2022-06-26 06:00:00,0.17443999999999998
Netherlands,NLD,2022-06-26 05:00:00,2022-06-26 07:00:00,0.18096
Netherlands,NLD,2022-06-26 06:00:00,2022-06-26 08:00:00,0.17705
Netherlands,NLD,2022-06-26 07:00:00,2022-06-26 09:00:00,0.15678
Netherlands,NLD,2022-06-26 08:00:00,2022-06-26 10:00:00,0.14924
Netherlands,NLD,2022-06-26 09:00:00,2022-06-26 11:00:00,0.14974
Netherlands,NLD,2022-06-26 10:00:00,2022-06-26 12:00:00,0.15480000000000002
Netherlands,NLD,2022-06-26 11:00:00,2022-06-26 13:00:00,0.13319999999999999
Netherlands,NLD,2022-06-26 12:00:00,2022-06-26 14:00:00,0.12769
Netherlands,NLD,2022-06-26 13:00:00,2022-06-26 15:00:00,0.12997
Netherlands,NLD,2022-06-26 14:00:00,2022-06-26 16:00:00,0.18747999999999998
Netherlands,NLD,2022-06-26 15:00:00,2022-06-26 17:00:00,0.21831
Netherlands,NLD,2022-06-26 16:00:00,2022-06-26 18:00:00,0.2891
Netherlands,NLD,2022-06-26 17:00:00,2022-06-26 19:00:00,0.32450999999999997
Netherlands,NLD,2022-06-26 18:00:00,2022-06-26 20:00:00,0.33358
Netherlands,NLD,2022-06-26 19:00:00,2022-06-26 21:00:00,0.33481
Netherlands,NLD,2022-06-26 20:00:00,2022-06-26 22:00:00,0.33594
Netherlands,NLD,2022-06-26 21:00:00,2022-06-26 23:00:00,0.31587
Netherlands,NLD,2022-06-26 22:00:00,2022-06-27 00:00:00,0.29563
Netherlands,NLD,2022-06-26 23:00:00,2022-06-27 01:00:00,0.26394999999999996
Netherlands,NLD,2022-06-27 00:00:00,2022-06-27 02:00:00,0.25855
Netherlands,NLD,2022-06-27 01:00:00,2022-06-27 03:00:00,0.25633
Netherlands,NLD,2022-06-27 02:00:00,2022-06-27 04:00:00,0.25468999999999997
Netherlands,NLD,2022-06-27 03:00:00,2022-06-27 05:00:00,0.26896
Netherlands,NLD,2022-06-27 04:00:00,2022-06-27 06:00:00,0.33082
Netherlands,NLD,2022-06-27 05:00:00,2022-06-27 07:00:00,0.35794
Netherlands,NLD,2022-06-27 06:00:00,2022-06-27 08:00:00,0.37107
Netherlands,NLD,2022-06-27 07:00:00,2022-06-27 09:00:00,0.34838
Netherlands,NLD,2022-06-27 08:00:00,2022-06-27 10:00:00,0.33254
Netherlands,NLD,2022-06-27 09:00:00,2022-06-27 11:00:00,0.2935
Netherlands,NLD,2022-06-27 10:00:00,2022-06-27 12:00:00,0.268
Netherlands,NLD,2022-06-27 11:00:00,2022-06-27 13:00:00,0.2499
Netherlands,NLD,2022-06-27 12:00:00,2022-06-27 14:00:00,0.24
Netherlands,NLD,2022-06-27 13:00:00,2022-06-27 15:00:00,0.248
Netherlands,NLD,2022-06-27 14:00:00,2022-06-27 16:00:00,0.21018
Netherlands,NLD,2022-06-27 15:00:00,2022-06-27 17:00:00,0.32
Netherlands,NLD,2022-06-27 16:00:00,2022-06-27 18:00:00,0.2495
Netherlands,NLD,2022-06-27 17:00:00,2022-06-27 19:00:00,0.27888999999999997
Netherlands,NLD,2022-06-27 18:00:00,2022-06-27 20:00:00,0.38337
Netherlands,NLD,2022-06-27 19:00:00,2022-06-27 21:00:00,0.37564
Netherlands,NLD,2022-06-27 20:00:00,2022-06-27 22:00:00,0.37217
Netherlands,NLD,2022-06-27 21:00:00,2022-06-27 23:00:00,0.34781
Netherlands,NLD,2022-06-27 22:00:00,2022-06-28 00:00:00,0.26742
Netherlands,NLD,2022-06-27 23:00:00,2022-06-28 01:00:00,0.27356
Netherlands,NLD,2022-06-28 00:00:00,2022-06-28 02:00:00,0.25490999999999997
Netherlands,NLD,2022-06-28 01:00:00,2022-06-28 03:00:00,0.25631
Netherlands,NLD,2022-06-28 02:00:00,2022-06-28 04:00:00,0.26637
Netherlands,NLD,2022-06-28 03:00:00,2022-06-28 05:00:00,0.28241000000000005
Netherlands,NLD,2022-06-28 04:00:00,2022-06-28 06:00:00,0.3251
Netherlands,NLD,2022-06-28 05:00:00,2022-06-28 07:00:00,0.37571
Netherlands,NLD,2022-06-28 06:00:00,2022-06-28 08:00:00,0.29992
Netherlands,NLD,2022-06-28 07:00:00,2022-06-28 09:00:00,0.33
Netherlands,NLD,2022-06-28 08:00:00,2022-06-28 10:00:00,0.29705000000000004
Netherlands,NLD,2022-06-28 09:00:00,2022-06-28 11:00:00,0.25114
Netherlands,NLD,2022-06-28 10:00:00,2022-06-28 12:00:00,0.2296
Netherlands,NLD,2022-06-28 11:00:00,2022-06-28 13:00:00,0.163
Netherlands,NLD,2022-06-28 12:00:00,2022-06-28 14:00:00,0.19949
Netherlands,NLD,2022-06-28 13:00:00,2022-06-28 15:00:00,0.22263
Netherlands,NLD,2022-06-28 14:00:00,2022-06-28 16:00:00,0.26725
Netherlands,NLD,2022-06-28 15:00:00,2022-06-28 17:00:00,0.35129000000000005
Netherlands,NLD,2022-06-28 16:00:00,2022-06-28 18:00:00,0.34954
Netherlands,NLD,2022-06-28 17:00:00,2022-06-28 19:00:00,0.4709
Netherlands,NLD,2022-06-28 18:00:00,2022-06-28 20:00:00,0.45314
Netherlands,NLD,2022-06-28 19:00:00,2022-06-28 21:00:00,0.41092
Netherlands,NLD,2022-06-28 20:00:00,2022-06-28 22:00:00,0.39638
Netherlands,NLD,2022-06-28 21:00:00,2022-06-28 23:00:00,0.295
Netherlands,NLD,2022-06-28 22:00:00,2022-06-29 00:00:00,0.25027
Netherlands,NLD,2022-06-28 23:00:00,2022-06-29 01:00:00,0.26127
Netherlands,NLD,2022-06-29 00:00:00,2022-06-29 02:00:00,0.24647
Netherlands,NLD,2022-06-29 01:00:00,2022-06-29 03:00:00,0.238
Netherlands,NLD,2022-06-29 02:00:00,2022-06-29 04:00:00,0.23971
Netherlands,NLD,2022-06-29 03:00:00,2022-06-29 05:00:00,0.241
Netherlands,NLD,2022-06-29 04:00:00,2022-06-29 06:00:00,0.31268
Netherlands,NLD,2022-06-29 05:00:00,2022-06-29 07:00:00,0.35085
Netherlands,NLD,2022-06-29 06:00:00,2022-06-29 08:00:00,0.31103
Netherlands,NLD,2022-06-29 07:00:00,2022-06-29 09:00:00,0.29701
Netherlands,NLD,2022-06-29 08:00:00,2022-06-29 10:00:00,0.2508
Netherlands,NLD,2022-06-29 09:00:00,2022-06-29 11:00:00,0.24781999999999998
Netherlands,NLD,2022-06-29 10:00:00,2022-06-29 12:00:00,0.2751
Netherlands,NLD,2022-06-29 11:00:00,2022-06-29 13:00:00,0.24
Netherlands,NLD,2022-06-29 12:00:00,2022-06-29 14:00:00,0.23513
Netherlands,NLD,2022-06-29 13:00:00,2022-06-29 15:00:00,0.2306
Netherlands,NLD,2022-06-29 14:00:00,2022-06-29 16:00:00,0.24293
Netherlands,NLD,2022-06-29 15:00:00,2022-06-29 17:00:00,0.31606
Netherlands,NLD,2022-06-29 16:00:00,2022-06-29 18:00:00,0.35670999999999997
Netherlands,NLD,2022-06-29 17:00:00,2022-06-29 19:00:00,0.39089999999999997
Netherlands,NLD,2022-06-29 18:00:00,2022-06-29 20:00:00,0.39
Netherlands,NLD,2022-06-29 19:00:00,2022-06-29 21:00:00,0.3669
Netherlands,NLD,2022-06-29 20:00:00,2022-06-29 22:00:00,0.35185
Netherlands,NLD,2022-06-29 21:00:00,2022-06-29 23:00:00,0.25868
Netherlands,NLD,2022-06-29 22:00:00,2022-06-30 00:00:00,0.27761
Netherlands,NLD,2022-06-29 23:00:00,2022-06-30 01:00:00,0.27258
Netherlands,NLD,2022-06-30 00:00:00,2022-06-30 02:00:00,0.26524000000000003
Netherlands,NLD,2022-06-30 01:00:00,2022-06-30 03:00:00,0.278
Netherlands,NLD,2022-06-30 02:00:00,2022-06-30 04:00:00,0.26462
Netherlands,NLD,2022-06-30 03:00:00,2022-06-30 05:00:00,0.27077999999999997
Netherlands,NLD,2022-06-30 04:00:00,2022-06-30 06:00:00,0.33976999999999996
Netherlands,NLD,2022-06-30 05:00:00,2022-06-30 07:00:00,0.36989
Netherlands,NLD,2022-06-30 06:00:00,2022-06-30 08:00:00,0.37963
Netherlands,NLD,2022-06-30 07:00:00,2022-06-30 09:00:00,0.3383
Netherlands,NLD,2022-06-30 08:00:00,2022-06-30 10:00:00,0.26
Netherlands,NLD,2022-06-30 09:00:00,2022-06-30 11:00:00,0.25980000000000003
Netherlands,NLD,2022-06-30 10:00:00,2022-06-30 12:00:00,0.2581
Netherlands,NLD,2022-06-30 11:00:00,2022-06-30 13:00:00,0.27676999999999996
Netherlands,NLD,2022-06-30 12:00:00,2022-06-30 14:00:00,0.28401
Netherlands,NLD,2022-06-30 13:00:00,2022-06-30 15:00:00,0.30010000000000003
Netherlands,NLD,2022-06-30 14:00:00,2022-06-30 16:00:00,0.32409
Netherlands,NLD,2022-06-30 15:00:00,2022-06-30 17:00:00,0.37244
Netherlands,NLD,2022-06-30 16:00:00,2022-06-30 18:00:00,0.40941000000000005
Netherlands,NLD,2022-06-30 17:00:00,2022-06-30 19:00:00,0.479
Netherlands,NLD,2022-06-30 18:00:00,2022-06-30 20:00:00,0.45
Netherlands,NLD,2022-06-30 19:00:00,2022-06-30 21:00:00,0.39421
Netherlands,NLD,2022-06-30 20:00:00,2022-06-30 22:00:00,0.35216000000000003
Netherlands,NLD,2022-06-30 21:00:00,2022-06-30 23:00:00,0.26108
Netherlands,NLD,2022-06-30 22:00:00,2022-07-01 00:00:00,0.26871
Netherlands,NLD,2022-06-30 23:00:00,2022-07-01 01:00:00,0.26764
Netherlands,NLD,2022-07-01 00:00:00,2022-07-01 02:00:00,0.27018000000000003
Netherlands,NLD,2022-07-01 01:00:00,2022-07-01 03:00:00,0.26608
Netherlands,NLD,2022-07-01 02:00:00,2022-07-01 04:00:00,0.26533
Netherlands,NLD,2022-07-01 03:00:00,2022-07-01 05:00:00,0.28213
Netherlands,NLD,2022-07-01 04:00:00,2022-07-01 06:00:00,0.35519
Netherlands,NLD,2022-07-01 05:00:00,2022-07-01 07:00:00,0.37885
Netherlands,NLD,2022-07-01 06:00:00,2022-07-01 08:00:00,0.38519
Netherlands,NLD,2022-07-01 07:00:00,2022-07-01 09:00:00,0.378
Netherlands,NLD,2022-07-01 08:00:00,2022-07-01 10:00:00,0.3378
Netherlands,NLD,2022-07-01 09:00:00,2022-07-01 11:00:00,0.339
Netherlands,NLD,2022-07-01 10:00:00,2022-07-01 12:00:00,0.30235
Netherlands,NLD,2022-07-01 11:00:00,2022-07-01 13:00:00,0.2709
Netherlands,NLD,2022-07-01 12:00:00,2022-07-01 14:00:00,0.2621
Netherlands,NLD,2022-07-01 13:00:00,2022-07-01 15:00:00,0.23872
Netherlands,NLD,2022-07-01 14:00:00,2022-07-01 16:00:00,0.22069
Netherlands,NLD,2022-07-01 15:00:00,2022-07-01 17:00:00,0.2425
Netherlands,NLD,2022-07-01 16:00:00,2022-07-01 18:00:00,0.28213
Netherlands,NLD,2022-07-01 17:00:00,2022-07-01 19:00:00,0.31974
Netherlands,NLD,2022-07-01 18:00:00,2022-07-01 20:00:00,0.35949000000000003
Netherlands,NLD,2022-07-01 19:00:00,2022-07-01 21:00:00,0.30483
Netherlands,NLD,2022-07-01 20:00:00,2022-07-01 22:00:00,0.385
Netherlands,NLD,2022-07-01 21:00:00,2022-07-01 23:00:00,0.37386
Netherlands,NLD,2022-07-01 22:00:00,2022-07-02 00:00:00,0.28572000000000003
Netherlands,NLD,2022-07-01 23:00:00,2022-07-02 01:00:00,0.255
Netherlands,NLD,2022-07-02 00:00:00,2022-07-02 02:00:00,0.2372
Netherlands,NLD,2022-07-02 01:00:00,2022-07-02 03:00:00,0.23071
Netherlands,NLD,2022-07-02 02:00:00,2022-07-02 04:00:00,0.22231
Netherlands,NLD,2022-07-02 03:00:00,2022-07-02 05:00:00,0.2142
Netherlands,NLD,2022-07-02 04:00:00,2022-07-02 06:00:00,0.23384
Netherlands,NLD,2022-07-02 05:00:00,2022-07-02 07:00:00,0.24456
Netherlands,NLD,2022-07-02 06:00:00,2022-07-02 08:00:00,0.2086
Netherlands,NLD,2022-07-02 07:00:00,2022-07-02 09:00:00,0.17062
Netherlands,NLD,2022-07-02 08:00:00,2022-07-02 10:00:00,0.1399
Netherlands,NLD,2022-07-02 09:00:00,2022-07-02 11:00:00,0.11256000000000001
Netherlands,NLD,2022-07-02 10:00:00,2022-07-02 12:00:00,0.09605
Netherlands,NLD,2022-07-02 11:00:00,2022-07-02 13:00:00,0.10962999999999999
Netherlands,NLD,2022-07-02 12:00:00,2022-07-02 14:00:00,0.118
Netherlands,NLD,2022-07-02 13:00:00,2022-07-02 15:00:00,0.1313
Netherlands,NLD,2022-07-02 14:00:00,2022-07-02 16:00:00,0.15537
Netherlands,NLD,2022-07-02 15:00:00,2022-07-02 17:00:00,0.2403
Netherlands,NLD,2022-07-02 16:00:00,2022-07-02 18:00:00,0.28502999999999995
Netherlands,NLD,2022-07-02 17:00:00,2022-07-02 19:00:00,0.35
Netherlands,NLD,2022-07-02 18:00:00,2022-07-02 20:00:00,0.36285
Netherlands,NLD,2022-07-02 19:00:00,2022-07-02 21:00:00,0.35996
Netherlands,NLD,2022-07-02 20:00:00,2022-07-02 22:00:00,0.35344
Netherlands,NLD,2022-07-02 21:00:00,2022-07-02 23:00:00,0.30217
Netherlands,NLD,2022-07-02 22:00:00,2022-07-03 00:00:00,0.27008
Netherlands,NLD,2022-07-02 23:00:00,2022-07-03 01:00:00,0.24115
Netherlands,NLD,2022-07-03 00:00:00,2022-07-03 02:00:00,0.19908
Netherlands,NLD,2022-07-03 01:00:00,2022-07-03 03:00:00,0.1956
Netherlands,NLD,2022-07-03 02:00:00,2022-07-03 04:00:00,0.1856
Netherlands,NLD,2022-07-03 03:00:00,2022-07-03 05:00:00,0.18271
Netherlands,NLD,2022-07-03 04:00:00,2022-07-03 06:00:00,0.17671
Netherlands,NLD,2022-07-03 05:00:00,2022-07-03 07:00:00,0.19231
Netherlands,NLD,2022-07-03 06:00:00,2022-07-03 08:00:00,0.18506999999999998
Netherlands,NLD,2022-07-03 07:00:00,2022-07-03 09:00:00,0.17026
Netherlands,NLD,2022-07-03 08:00:00,2022-07-03 10:00:00,0.12819999999999998
Netherlands,NLD,2022-07-03 09:00:00,2022-07-03 11:00:00,0.11037000000000001
Netherlands,NLD,2022-07-03 10:00:00,2022-07-03 12:00:00,0.10233
Netherlands,NLD,2022-07-03 11:00:00,2022-07-03 13:00:00,0.07762000000000001
Netherlands,NLD,2022-07-03 12:00:00,2022-07-03 14:00:00,0.06581999999999999
Netherlands,NLD,2022-07-03 13:00:00,2022-07-03 15:00:00,0.08456
Netherlands,NLD,2022-07-03 14:00:00,2022-07-03 16:00:00,0.1238
Netherlands,NLD,2022-07-03 15:00:00,2022-07-03 17:00:00,0.1971
Netherlands,NLD,2022-07-03 16:00:00,2022-07-03 18:00:00,0.27276999999999996
Netherlands,NLD,2022-07-03 17:00:00,2022-07-03 19:00:00,0.327
Netherlands,NLD,2022-07-03 18:00:00,2022-07-03 20:00:00,0.3401
Netherlands,NLD,2022-07-03 19:00:00,2022-07-03 21:00:00,0.34843
Netherlands,NLD,2022-07-03 20:00:00,2022-07-03 22:00:00,0.34845
Netherlands,NLD,2022-07-03 21:00:00,2022-07-03 23:00:00,0.33306
Netherlands,NLD,2022-07-03 22:00:00,2022-07-04 00:00:00,0.31965
Netherlands,NLD,2022-07-03 23:00:00,2022-07-04 01:00:00,0.27782999999999997
Netherlands,NLD,2022-07-04 00:00:00,2022-07-04 02:00:00,0.26515
Netherlands,NLD,2022-07-04 01:00:00,2022-07-04 03:00:00,0.25435
Netherlands,NLD,2022-07-04 02:00:00,2022-07-04 04:00:00,0.25804000000000005
Netherlands,NLD,2022-07-04 03:00:00,2022-07-04 05:00:00,0.30244
Netherlands,NLD,2022-07-04 04:00:00,2022-07-04 06:00:00,0.36188
Netherlands,NLD,2022-07-04 05:00:00,2022-07-04 07:00:00,0.376
Netherlands,NLD,2022-07-04 06:00:00,2022-07-04 08:00:00,0.38517
Netherlands,NLD,2022-07-04 07:00:00,2022-07-04 09:00:00,0.366
Netherlands,NLD,2022-07-04 08:00:00,2022-07-04 10:00:00,0.27
Netherlands,NLD,2022-07-04 09:00:00,2022-07-04 11:00:00,0.22130000000000002
Netherlands,NLD,2022-07-04 10:00:00,2022-07-04 12:00:00,0.18180000000000002
Netherlands,NLD,2022-07-04 11:00:00,2022-07-04 13:00:00,0.18436000000000002
Netherlands,NLD,2022-07-04 12:00:00,2022-07-04 14:00:00,0.15906
Netherlands,NLD,2022-07-04 13:00:00,2022-07-04 15:00:00,0.15963
Netherlands,NLD,2022-07-04 14:00:00,2022-07-04 16:00:00,0.15847999999999998
Netherlands,NLD,2022-07-04 15:00:00,2022-07-04 17:00:00,0.15996000000000002
Netherlands,NLD,2022-07-04 16:00:00,2022-07-04 18:00:00,0.28387
Netherlands,NLD,2022-07-04 17:00:00,2022-07-04 19:00:00,0.36792
Netherlands,NLD,2022-07-04 18:00:00,2022-07-04 20:00:00,0.39726
Netherlands,NLD,2022-07-04 19:00:00,2022-07-04 21:00:00,0.38329
Netherlands,NLD,2022-07-04 20:00:00,2022-07-04 22:00:00,0.39694999999999997
Netherlands,NLD,2022-07-04 21:00:00,2022-07-04 23:00:00,0.37626
Netherlands,NLD,2022-07-04 22:00:00,2022-07-05 00:00:00,0.35996
Netherlands,NLD,2022-07-04 23:00:00,2022-07-05 01:00:00,0.31930000000000003
Netherlands,NLD,2022-07-05 00:00:00,2022-07-05 02:00:00,0.30941
Netherlands,NLD,2022-07-05 01:00:00,2022-07-05 03:00:00,0.30117
Netherlands,NLD,2022-07-05 02:00:00,2022-07-05 04:00:00,0.29994
Netherlands,NLD,2022-07-05 03:00:00,2022-07-05 05:00:00,0.32482
Netherlands,NLD,2022-07-05 04:00:00,2022-07-05 06:00:00,0.38047000000000003
Netherlands,NLD,2022-07-05 05:00:00,2022-07-05 07:00:00,0.41258999999999996
Netherlands,NLD,2022-07-05 06:00:00,2022-07-05 08:00:00,0.40005
Netherlands,NLD,2022-07-05 07:00:00,2022-07-05 09:00:00,0.30343000000000003
Netherlands,NLD,2022-07-05 08:00:00,2022-07-05 10:00:00,0.24011000000000002
Netherlands,NLD,2022-07-05 09:00:00,2022-07-05 11:00:00,0.2557
Netherlands,NLD,2022-07-05 10:00:00,2022-07-05 12:00:00,0.22175
Netherlands,NLD,2022-07-05 11:00:00,2022-07-05 13:00:00,0.21112999999999998
Netherlands,NLD,2022-07-05 12:00:00,2022-07-05 14:00:00,0.19271000000000002
Netherlands,NLD,2022-07-05 13:00:00,2022-07-05 15:00:00,0.2001
Netherlands,NLD,2022-07-05 14:00:00,2022-07-05 16:00:00,0.22934000000000002
Netherlands,NLD,2022-07-05 15:00:00,2022-07-05 17:00:00,0.2897
Netherlands,NLD,2022-07-05 16:00:00,2022-07-05 18:00:00,0.32245
Netherlands,NLD,2022-07-05 17:00:00,2022-07-05 19:00:00,0.35014
Netherlands,NLD,2022-07-05 18:00:00,2022-07-05 20:00:00,0.36271
Netherlands,NLD,2022-07-05 19:00:00,2022-07-05 21:00:00,0.37047
Netherlands,NLD,2022-07-05 20:00:00,2022-07-05 22:00:00,0.37798000000000004
Netherlands,NLD,2022-07-05 21:00:00,2022-07-05 23:00:00,0.36098
Netherlands,NLD,2022-07-05 22:00:00,2022-07-06 00:00:00,0.35139
Netherlands,NLD,2022-07-05 23:00:00,2022-07-06 01:00:00,0.30912
Netherlands,NLD,2022-07-06 00:00:00,2022-07-06 02:00:00,0.29325999999999997
Netherlands,NLD,2022-07-06 01:00:00,2022-07-06 03:00:00,0.2802
Netherlands,NLD,2022-07-06 02:00:00,2022-07-06 04:00:00,0.29944
Netherlands,NLD,2022-07-06 03:00:00,2022-07-06 05:00:00,0.32279
Netherlands,NLD,2022-07-06 04:00:00,2022-07-06 06:00:00,0.38983
Netherlands,NLD,2022-07-06 05:00:00,2022-07-06 07:00:00,0.41389
Netherlands,NLD,2022-07-06 06:00:00,2022-07-06 08:00:00,0.41802
Netherlands,NLD,2022-07-06 07:00:00,2022-07-06 09:00:00,0.35276
Netherlands,NLD,2022-07-06 08:00:00,2022-07-06 10:00:00,0.29013
Netherlands,NLD,2022-07-06 09:00:00,2022-07-06 11:00:00,0.26083
Netherlands,NLD,2022-07-06 10:00:00,2022-07-06 12:00:00,0.22
Netherlands,NLD,2022-07-06 11:00:00,2022-07-06 13:00:00,0.20604
Netherlands,NLD,2022-07-06 12:00:00,2022-07-06 14:00:00,0.17244
Netherlands,NLD,2022-07-06 13:00:00,2022-07-06 15:00:00,0.16321000000000002
Netherlands,NLD,2022-07-06 14:00:00,2022-07-06 16:00:00,0.17883000000000002
Netherlands,NLD,2022-07-06 15:00:00,2022-07-06 17:00:00,0.23067
Netherlands,NLD,2022-07-06 16:00:00,2022-07-06 18:00:00,0.30319999999999997
Netherlands,NLD,2022-07-06 17:00:00,2022-07-06 19:00:00,0.37261
Netherlands,NLD,2022-07-06 18:00:00,2022-07-06 20:00:00,0.38536000000000004
Netherlands,NLD,2022-07-06 19:00:00,2022-07-06 21:00:00,0.3802
Netherlands,NLD,2022-07-06 20:00:00,2022-07-06 22:00:00,0.37935
Netherlands,NLD,2022-07-06 21:00:00,2022-07-06 23:00:00,0.27107
Netherlands,NLD,2022-07-06 22:00:00,2022-07-07 00:00:00,0.25155
Netherlands,NLD,2022-07-06 23:00:00,2022-07-07 01:00:00,0.19103
Netherlands,NLD,2022-07-07 00:00:00,2022-07-07 02:00:00,0.17706
Netherlands,NLD,2022-07-07 01:00:00,2022-07-07 03:00:00,0.17864
Netherlands,NLD,2022-07-07 02:00:00,2022-07-07 04:00:00,0.18248
Netherlands,NLD,2022-07-07 03:00:00,2022-07-07 05:00:00,0.18109
Netherlands,NLD,2022-07-07 04:00:00,2022-07-07 06:00:00,0.2099
Netherlands,NLD,2022-07-07 05:00:00,2022-07-07 07:00:00,0.2714
Netherlands,NLD,2022-07-07 06:00:00,2022-07-07 08:00:00,0.28414999999999996
Netherlands,NLD,2022-07-07 07:00:00,2022-07-07 09:00:00,0.24312999999999999
Netherlands,NLD,2022-07-07 08:00:00,2022-07-07 10:00:00,0.235
Netherlands,NLD,2022-07-07 09:00:00,2022-07-07 11:00:00,0.22
Netherlands,NLD,2022-07-07 10:00:00,2022-07-07 12:00:00,0.20199
Netherlands,NLD,2022-07-07 11:00:00,2022-07-07 13:00:00,0.1945
Netherlands,NLD,2022-07-07 12:00:00,2022-07-07 14:00:00,0.16976
Netherlands,NLD,2022-07-07 13:00:00,2022-07-07 15:00:00,0.16713
Netherlands,NLD,2022-07-07 14:00:00,2022-07-07 16:00:00,0.15762
Netherlands,NLD,2022-07-07 15:00:00,2022-07-07 17:00:00,0.16968
Netherlands,NLD,2022-07-07 16:00:00,2022-07-07 18:00:00,0.2747
Netherlands,NLD,2022-07-07 17:00:00,2022-07-07 19:00:00,0.30002999999999996
Netherlands,NLD,2022-07-07 18:00:00,2022-07-07 20:00:00,0.3415
Netherlands,NLD,2022-07-07 19:00:00,2022-07-07 21:00:00,0.34975
Netherlands,NLD,2022-07-07 20:00:00,2022-07-07 22:00:00,0.3536
Netherlands,NLD,2022-07-07 21:00:00,2022-07-07 23:00:00,0.3454
Netherlands,NLD,2022-07-07 22:00:00,2022-07-08 00:00:00,0.39376
Netherlands,NLD,2022-07-07 23:00:00,2022-07-08 01:00:00,0.2799
Netherlands,NLD,2022-07-08 00:00:00,2022-07-08 02:00:00,0.2414
Netherlands,NLD,2022-07-08 01:00:00,2022-07-08 03:00:00,0.23807
Netherlands,NLD,2022-07-08 02:00:00,2022-07-08 04:00:00,0.21907
Netherlands,NLD,2022-07-08 03:00:00,2022-07-08 05:00:00,0.25445
Netherlands,NLD,2022-07-08 04:00:00,2022-07-08 06:00:00,0.37097
Netherlands,NLD,2022-07-08 05:00:00,2022-07-08 07:00:00,0.41769
Netherlands,NLD,2022-07-08 06:00:00,2022-07-08 08:00:00,0.41929
Netherlands,NLD,2022-07-08 07:00:00,2022-07-08 09:00:00,0.35925
Netherlands,NLD,2022-07-08 08:00:00,2022-07-08 10:00:00,0.32873
Netherlands,NLD,2022-07-08 09:00:00,2022-07-08 11:00:00,0.27425
Netherlands,NLD,2022-07-08 10:00:00,2022-07-08 12:00:00,0.21395
Netherlands,NLD,2022-07-08 11:00:00,2022-07-08 13:00:00,0.2228
Netherlands,NLD,2022-07-08 12:00:00,2022-07-08 14:00:00,0.22
Netherlands,NLD,2022-07-08 13:00:00,2022-07-08 15:00:00,0.2059
Netherlands,NLD,2022-07-08 14:00:00,2022-07-08 16:00:00,0.22163
Netherlands,NLD,2022-07-08 15:00:00,2022-07-08 17:00:00,0.26219
Netherlands,NLD,2022-07-08 16:00:00,2022-07-08 18:00:00,0.32114
Netherlands,NLD,2022-07-08 17:00:00,2022-07-08 19:00:00,0.38914
Netherlands,NLD,2022-07-08 18:00:00,2022-07-08 20:00:00,0.41646
Netherlands,NLD,2022-07-08 19:00:00,2022-07-08 21:00:00,0.42647
Netherlands,NLD,2022-07-08 20:00:00,2022-07-08 22:00:00,0.42279
Netherlands,NLD,2022-07-08 21:00:00,2022-07-08 23:00:00,0.37016000000000004
Netherlands,NLD,2022-07-08 22:00:00,2022-07-09 00:00:00,0.35
Netherlands,NLD,2022-07-08 23:00:00,2022-07-09 01:00:00,0.28196
Netherlands,NLD,2022-07-09 00:00:00,2022-07-09 02:00:00,0.2335
Netherlands,NLD,2022-07-09 01:00:00,2022-07-09 03:00:00,0.24774000000000002
Netherlands,NLD,2022-07-09 02:00:00,2022-07-09 04:00:00,0.22100999999999998
Netherlands,NLD,2022-07-09 03:00:00,2022-07-09 05:00:00,0.2199
Netherlands,NLD,2022-07-09 04:00:00,2022-07-09 06:00:00,0.24056
Netherlands,NLD,2022-07-09 05:00:00,2022-07-09 07:00:00,0.25822
Netherlands,NLD,2022-07-09 06:00:00,2022-07-09 08:00:00,0.2392
Netherlands,NLD,2022-07-09 07:00:00,2022-07-09 09:00:00,0.15333000000000002
Netherlands,NLD,2022-07-09 08:00:00,2022-07-09 10:00:00,0.1076
Netherlands,NLD,2022-07-09 09:00:00,2022-07-09 11:00:00,0.10682
Netherlands,NLD,2022-07-09 10:00:00,2022-07-09 12:00:00,0.06470999999999999
Netherlands,NLD,2022-07-09 11:00:00,2022-07-09 13:00:00,0.02641
Netherlands,NLD,2022-07-09 12:00:00,2022-07-09 14:00:00,-0.006849999999999999
Netherlands,NLD,2022-07-09 13:00:00,2022-07-09 15:00:00,-0.03066
Netherlands,NLD,2022-07-09 14:00:00,2022-07-09 16:00:00,0.0
Netherlands,NLD,2022-07-09 15:00:00,2022-07-09 17:00:00,0.0549
Netherlands,NLD,2022-07-09 16:00:00,2022-07-09 18:00:00,0.15009999999999998
Netherlands,NLD,2022-07-09 17:00:00,2022-07-09 19:00:00,0.1948
Netherlands,NLD,2022-07-09 18:00:00,2022-07-09 20:00:00,0.2499
Netherlands,NLD,2022-07-09 19:00:00,2022-07-09 21:00:00,0.347
Netherlands,NLD,2022-07-09 20:00:00,2022-07-09 22:00:00,0.30336
Netherlands,NLD,2022-07-09 21:00:00,2022-07-09 23:00:00,0.35819999999999996
Netherlands,NLD,2022-07-09 22:00:00,2022-07-10 00:00:00,0.273
Netherlands,NLD,2022-07-09 23:00:00,2022-07-10 01:00:00,0.2499
Netherlands,NLD,2022-07-10 00:00:00,2022-07-10 02:00:00,0.24211000000000002
Netherlands,NLD,2022-07-10 01:00:00,2022-07-10 03:00:00,0.223
Netherlands,NLD,2022-07-10 02:00:00,2022-07-10 04:00:00,0.20386
Netherlands,NLD,2022-07-10 03:00:00,2022-07-10 05:00:00,0.1972
Netherlands,NLD,2022-07-10 04:00:00,2022-07-10 06:00:00,0.1846
Netherlands,NLD,2022-07-10 05:00:00,2022-07-10 07:00:00,0.1846
Netherlands,NLD,2022-07-10 06:00:00,2022-07-10 08:00:00,0.098
Netherlands,NLD,2022-07-10 07:00:00,2022-07-10 09:00:00,0.15580000000000002
Netherlands,NLD,2022-07-10 08:00:00,2022-07-10 10:00:00,0.18975
Netherlands,NLD,2022-07-10 09:00:00,2022-07-10 11:00:00,0.04977
Netherlands,NLD,2022-07-10 10:00:00,2022-07-10 12:00:00,0.052270000000000004
Netherlands,NLD,2022-07-10 11:00:00,2022-07-10 13:00:00,0.03413
Netherlands,NLD,2022-07-10 12:00:00,2022-07-10 14:00:00,0.10002
Netherlands,NLD,2022-07-10 13:00:00,2022-07-10 15:00:00,0.055119999999999995
Netherlands,NLD,2022-07-10 14:00:00,2022-07-10 16:00:00,0.1
Netherlands,NLD,2022-07-10 15:00:00,2022-07-10 17:00:00,0.15918000000000002
Netherlands,NLD,2022-07-10 16:00:00,2022-07-10 18:00:00,0.23
Netherlands,NLD,2022-07-10 17:00:00,2022-07-10 19:00:00,0.32212999999999997
Netherlands,NLD,2022-07-10 18:00:00,2022-07-10 20:00:00,0.36989999999999995
Netherlands,NLD,2022-07-10 19:00:00,2022-07-10 21:00:00,0.37807
Netherlands,NLD,2022-07-10 20:00:00,2022-07-10 22:00:00,0.38988
Netherlands,NLD,2022-07-10 21:00:00,2022-07-10 23:00:00,0.37192000000000003
Netherlands,NLD,2022-07-10 22:00:00,2022-07-11 00:00:00,0.32008
Netherlands,NLD,2022-07-10 23:00:00,2022-07-11 01:00:00,0.278
Netherlands,NLD,2022-07-11 00:00:00,2022-07-11 02:00:00,0.27593
Netherlands,NLD,2022-07-11 01:00:00,2022-07-11 03:00:00,0.26924000000000003
Netherlands,NLD,2022-07-11 02:00:00,2022-07-11 04:00:00,0.27211
Netherlands,NLD,2022-07-11 03:00:00,2022-07-11 05:00:00,0.298
Netherlands,NLD,2022-07-11 04:00:00,2022-07-11 06:00:00,0.39594999999999997
Netherlands,NLD,2022-07-11 05:00:00,2022-07-11 07:00:00,0.41508
Netherlands,NLD,2022-07-11 06:00:00,2022-07-11 08:00:00,0.43397
Netherlands,NLD,2022-07-11 07:00:00,2022-07-11 09:00:00,0.41619
Netherlands,NLD,2022-07-11 08:00:00,2022-07-11 10:00:00,0.40495
Netherlands,NLD,2022-07-11 09:00:00,2022-07-11 11:00:00,0.3969
Netherlands,NLD,2022-07-11 10:00:00,2022-07-11 12:00:00,0.36745999999999995
Netherlands,NLD,2022-07-11 11:00:00,2022-07-11 13:00:00,0.36608999999999997
Netherlands,NLD,2022-07-11 12:00:00,2022-07-11 14:00:00,0.3211
Netherlands,NLD,2022-07-11 13:00:00,2022-07-11 15:00:00,0.24630000000000002
Netherlands,NLD,2022-07-11 14:00:00,2022-07-11 16:00:00,0.26
Netherlands,NLD,2022-07-11 15:00:00,2022-07-11 17:00:00,0.34843999999999997
Netherlands,NLD,2022-07-11 16:00:00,2022-07-11 18:00:00,0.40004
Netherlands,NLD,2022-07-11 17:00:00,2022-07-11 19:00:00,0.45803
Netherlands,NLD,2022-07-11 18:00:00,2022-07-11 20:00:00,0.4699
Netherlands,NLD,2022-07-11 19:00:00,2022-07-11 21:00:00,0.45212
Netherlands,NLD,2022-07-11 20:00:00,2022-07-11 22:00:00,0.45005
Netherlands,NLD,2022-07-11 21:00:00,2022-07-11 23:00:00,0.41914999999999997
Netherlands,NLD,2022-07-11 22:00:00,2022-07-12 00:00:00,0.39549
Netherlands,NLD,2022-07-11 23:00:00,2022-07-12 01:00:00,0.34957
Netherlands,NLD,2022-07-12 00:00:00,2022-07-12 02:00:00,0.33004
Netherlands,NLD,2022-07-12 01:00:00,2022-07-12 03:00:00,0.3315
Netherlands,NLD,2022-07-12 02:00:00,2022-07-12 04:00:00,0.33433999999999997
Netherlands,NLD,2022-07-12 03:00:00,2022-07-12 05:00:00,0.36210000000000003
Netherlands,NLD,2022-07-12 04:00:00,2022-07-12 06:00:00,0.41964
Netherlands,NLD,2022-07-12 05:00:00,2022-07-12 07:00:00,0.45366
Netherlands,NLD,2022-07-12 06:00:00,2022-07-12 08:00:00,0.44889999999999997
Netherlands,NLD,2022-07-12 07:00:00,2022-07-12 09:00:00,0.342
Netherlands,NLD,2022-07-12 08:00:00,2022-07-12 10:00:00,0.3
Netherlands,NLD,2022-07-12 09:00:00,2022-07-12 11:00:00,0.31607999999999997
Netherlands,NLD,2022-07-12 10:00:00,2022-07-12 12:00:00,0.26316
Netherlands,NLD,2022-07-12 11:00:00,2022-07-12 13:00:00,0.24739
Netherlands,NLD,2022-07-12 12:00:00,2022-07-12 14:00:00,0.2499
Netherlands,NLD,2022-07-12 13:00:00,2022-07-12 15:00:00,0.27043
Netherlands,NLD,2022-07-12 14:00:00,2022-07-12 16:00:00,0.29175
Netherlands,NLD,2022-07-12 15:00:00,2022-07-12 17:00:00,0.39164
Netherlands,NLD,2022-07-12 16:00:00,2022-07-12 18:00:00,0.416
Netherlands,NLD,2022-07-12 17:00:00,2022-07-12 19:00:00,0.46337
Netherlands,NLD,2022-07-12 18:00:00,2022-07-12 20:00:00,0.50537
Netherlands,NLD,2022-07-12 19:00:00,2022-07-12 21:00:00,0.48
Netherlands,NLD,2022-07-12 20:00:00,2022-07-12 22:00:00,0.46332999999999996
Netherlands,NLD,2022-07-12 21:00:00,2022-07-12 23:00:00,0.39275
Netherlands,NLD,2022-07-12 22:00:00,2022-07-13 00:00:00,0.41605000000000003
Netherlands,NLD,2022-07-12 23:00:00,2022-07-13 01:00:00,0.36561
Netherlands,NLD,2022-07-13 00:00:00,2022-07-13 02:00:00,0.31939
Netherlands,NLD,2022-07-13 01:00:00,2022-07-13 03:00:00,0.30219
Netherlands,NLD,2022-07-13 02:00:00,2022-07-13 04:00:00,0.32504
Netherlands,NLD,2022-07-13 03:00:00,2022-07-13 05:00:00,0.33222
Netherlands,NLD,2022-07-13 04:00:00,2022-07-13 06:00:00,0.41197
Netherlands,NLD,2022-07-13 05:00:00,2022-07-13 07:00:00,0.435
Netherlands,NLD,2022-07-13 06:00:00,2022-07-13 08:00:00,0.45
Netherlands,NLD,2022-07-13 07:00:00,2022-07-13 09:00:00,0.41999000000000003
Netherlands,NLD,2022-07-13 08:00:00,2022-07-13 10:00:00,0.36448
Netherlands,NLD,2022-07-13 09:00:00,2022-07-13 11:00:00,0.34451
Netherlands,NLD,2022-07-13 10:00:00,2022-07-13 12:00:00,0.256
Netherlands,NLD,2022-07-13 11:00:00,2022-07-13 13:00:00,0.225
Netherlands,NLD,2022-07-13 12:00:00,2022-07-13 14:00:00,0.15525999999999998
Netherlands,NLD,2022-07-13 13:00:00,2022-07-13 15:00:00,0.18363
Netherlands,NLD,2022-07-13 14:00:00,2022-07-13 16:00:00,0.21139
Netherlands,NLD,2022-07-13 15:00:00,2022-07-13 17:00:00,0.29448
Netherlands,NLD,2022-07-13 16:00:00,2022-07-13 18:00:00,0.36742
Netherlands,NLD,2022-07-13 17:00:00,2022-07-13 19:00:00,0.41424
Netherlands,NLD,2022-07-13 18:00:00,2022-07-13 20:00:00,0.43962
Netherlands,NLD,2022-07-13 19:00:00,2022-07-13 21:00:00,0.43877999999999995
Netherlands,NLD,2022-07-13 20:00:00,2022-07-13 22:00:00,0.43526
Netherlands,NLD,2022-07-13 21:00:00,2022-07-13 23:00:00,0.37074
Netherlands,NLD,2022-07-13 22:00:00,2022-07-14 00:00:00,0.40009
Netherlands,NLD,2022-07-13 23:00:00,2022-07-14 01:00:00,0.37806
Netherlands,NLD,2022-07-14 00:00:00,2022-07-14 02:00:00,0.34547000000000005
Netherlands,NLD,2022-07-14 01:00:00,2022-07-14 03:00:00,0.3341
Netherlands,NLD,2022-07-14 02:00:00,2022-07-14 04:00:00,0.33501
Netherlands,NLD,2022-07-14 03:00:00,2022-07-14 05:00:00,0.37163
Netherlands,NLD,2022-07-14 04:00:00,2022-07-14 06:00:00,0.42132
Netherlands,NLD,2022-07-14 05:00:00,2022-07-14 07:00:00,0.43331000000000003
Netherlands,NLD,2022-07-14 06:00:00,2022-07-14 08:00:00,0.43407
Netherlands,NLD,2022-07-14 07:00:00,2022-07-14 09:00:00,0.41991
Netherlands,NLD,2022-07-14 08:00:00,2022-07-14 10:00:00,0.37989999999999996
Netherlands,NLD,2022-07-14 09:00:00,2022-07-14 11:00:00,0.35688
Netherlands,NLD,2022-07-14 10:00:00,2022-07-14 12:00:00,0.29698
Netherlands,NLD,2022-07-14 11:00:00,2022-07-14 13:00:00,0.2665
Netherlands,NLD,2022-07-14 12:00:00,2022-07-14 14:00:00,0.23125
Netherlands,NLD,2022-07-14 13:00:00,2022-07-14 15:00:00,0.24653
Netherlands,NLD,2022-07-14 14:00:00,2022-07-14 16:00:00,0.27991000000000005
Netherlands,NLD,2022-07-14 15:00:00,2022-07-14 17:00:00,0.34575
Netherlands,NLD,2022-07-14 16:00:00,2022-07-14 18:00:00,0.38427
Netherlands,NLD,2022-07-14 17:00:00,2022-07-14 19:00:00,0.37989999999999996
Netherlands,NLD,2022-07-14 18:00:00,2022-07-14 20:00:00,0.43615
Netherlands,NLD,2022-07-14 19:00:00,2022-07-14 21:00:00,0.43389999999999995
Netherlands,NLD,2022-07-14 20:00:00,2022-07-14 22:00:00,0.42225999999999997
Netherlands,NLD,2022-07-14 21:00:00,2022-07-14 23:00:00,0.40004
Netherlands,NLD,2022-07-14 22:00:00,2022-07-15 00:00:00,0.35
Netherlands,NLD,2022-07-14 23:00:00,2022-07-15 01:00:00,0.32006999999999997
Netherlands,NLD,2022-07-15 00:00:00,2022-07-15 02:00:00,0.32
Netherlands,NLD,2022-07-15 01:00:00,2022-07-15 03:00:00,0.30501
Netherlands,NLD,2022-07-15 02:00:00,2022-07-15 04:00:00,0.30755
Netherlands,NLD,2022-07-15 03:00:00,2022-07-15 05:00:00,0.33
Netherlands,NLD,2022-07-15 04:00:00,2022-07-15 06:00:00,0.4049
Netherlands,NLD,2022-07-15 05:00:00,2022-07-15 07:00:00,0.42992
Netherlands,NLD,2022-07-15 06:00:00,2022-07-15 08:00:00,0.41663
Netherlands,NLD,2022-07-15 07:00:00,2022-07-15 09:00:00,0.33194999999999997
Netherlands,NLD,2022-07-15 08:00:00,2022-07-15 10:00:00,0.26244999999999996
Netherlands,NLD,2022-07-15 09:00:00,2022-07-15 11:00:00,0.23982
Netherlands,NLD,2022-07-15 10:00:00,2022-07-15 12:00:00,0.22641
Netherlands,NLD,2022-07-15 11:00:00,2022-07-15 13:00:00,0.19
Netherlands,NLD,2022-07-15 12:00:00,2022-07-15 14:00:00,0.18422
Netherlands,NLD,2022-07-15 13:00:00,2022-07-15 15:00:00,0.22211
Netherlands,NLD,2022-07-15 14:00:00,2022-07-15 16:00:00,0.231
Netherlands,NLD,2022-07-15 15:00:00,2022-07-15 17:00:00,0.32151
Netherlands,NLD,2022-07-15 16:00:00,2022-07-15 18:00:00,0.35919999999999996
Netherlands,NLD,2022-07-15 17:00:00,2022-07-15 19:00:00,0.42063
Netherlands,NLD,2022-07-15 18:00:00,2022-07-15 20:00:00,0.42989
Netherlands,NLD,2022-07-15 19:00:00,2022-07-15 21:00:00,0.43398000000000003
Netherlands,NLD,2022-07-15 20:00:00,2022-07-15 22:00:00,0.43289
Netherlands,NLD,2022-07-15 21:00:00,2022-07-15 23:00:00,0.40072
Netherlands,NLD,2022-07-15 22:00:00,2022-07-16 00:00:00,0.38491000000000003
Netherlands,NLD,2022-07-15 23:00:00,2022-07-16 01:00:00,0.34996
Netherlands,NLD,2022-07-16 00:00:00,2022-07-16 02:00:00,0.28179000000000004
Netherlands,NLD,2022-07-16 01:00:00,2022-07-16 03:00:00,0.23735
Netherlands,NLD,2022-07-16 02:00:00,2022-07-16 04:00:00,0.24866999999999997
Netherlands,NLD,2022-07-16 03:00:00,2022-07-16 05:00:00,0.25021
Netherlands,NLD,2022-07-16 04:00:00,2022-07-16 06:00:00,0.20978
Netherlands,NLD,2022-07-16 05:00:00,2022-07-16 07:00:00,0.19974
Netherlands,NLD,2022-07-16 06:00:00,2022-07-16 08:00:00,0.18453
Netherlands,NLD,2022-07-16 07:00:00,2022-07-16 09:00:00,0.17
Netherlands,NLD,2022-07-16 08:00:00,2022-07-16 10:00:00,0.03553
Netherlands,NLD,2022-07-16 09:00:00,2022-07-16 11:00:00,0.00107
Netherlands,NLD,2022-07-16 10:00:00,2022-07-16 12:00:00,-0.04
Netherlands,NLD,2022-07-16 11:00:00,2022-07-16 13:00:00,-0.06881999999999999
Netherlands,NLD,2022-07-16 12:00:00,2022-07-16 14:00:00,-0.07743000000000001
Netherlands,NLD,2022-07-16 13:00:00,2022-07-16 15:00:00,-0.020050000000000002
Netherlands,NLD,2022-07-16 14:00:00,2022-07-16 16:00:00,-0.02
Netherlands,NLD,2022-07-16 15:00:00,2022-07-16 17:00:00,0.05269
Netherlands,NLD,2022-07-16 16:00:00,2022-07-16 18:00:00,0.2
Netherlands,NLD,2022-07-16 17:00:00,2022-07-16 19:00:00,0.2693
Netherlands,NLD,2022-07-16 18:00:00,2022-07-16 20:00:00,0.33363
Netherlands,NLD,2022-07-16 19:00:00,2022-07-16 21:00:00,0.34366
Netherlands,NLD,2022-07-16 20:00:00,2022-07-16 22:00:00,0.35755000000000003
Netherlands,NLD,2022-07-16 21:00:00,2022-07-16 23:00:00,0.33177
Netherlands,NLD,2022-07-16 22:00:00,2022-07-17 00:00:00,0.29006
Netherlands,NLD,2022-07-16 23:00:00,2022-07-17 01:00:00,0.24080000000000001
Netherlands,NLD,2022-07-17 00:00:00,2022-07-17 02:00:00,0.20094
Netherlands,NLD,2022-07-17 01:00:00,2022-07-17 03:00:00,0.1951
Netherlands,NLD,2022-07-17 02:00:00,2022-07-17 04:00:00,0.19715
Netherlands,NLD,2022-07-17 03:00:00,2022-07-17 05:00:00,0.19022
Netherlands,NLD,2022-07-17 04:00:00,2022-07-17 06:00:00,0.1938
Netherlands,NLD,2022-07-17 05:00:00,2022-07-17 07:00:00,0.18955000000000002
Netherlands,NLD,2022-07-17 06:00:00,2022-07-17 08:00:00,0.18950999999999998
Netherlands,NLD,2022-07-17 07:00:00,2022-07-17 09:00:00,0.1648
Netherlands,NLD,2022-07-17 08:00:00,2022-07-17 10:00:00,0.11727
Netherlands,NLD,2022-07-17 09:00:00,2022-07-17 11:00:00,0.11308
Netherlands,NLD,2022-07-17 10:00:00,2022-07-17 12:00:00,0.08471
Netherlands,NLD,2022-07-17 11:00:00,2022-07-17 13:00:00,0.030809999999999997
Netherlands,NLD,2022-07-17 12:00:00,2022-07-17 14:00:00,0.00505
Netherlands,NLD,2022-07-17 13:00:00,2022-07-17 15:00:00,0.07475
Netherlands,NLD,2022-07-17 14:00:00,2022-07-17 16:00:00,0.1093
Netherlands,NLD,2022-07-17 15:00:00,2022-07-17 17:00:00,0.19318000000000002
Netherlands,NLD,2022-07-17 16:00:00,2022-07-17 18:00:00,0.34442
Netherlands,NLD,2022-07-17 17:00:00,2022-07-17 19:00:00,0.39385000000000003
Netherlands,NLD,2022-07-17 18:00:00,2022-07-17 20:00:00,0.40544
Netherlands,NLD,2022-07-17 19:00:00,2022-07-17 21:00:00,0.43495
Netherlands,NLD,2022-07-17 20:00:00,2022-07-17 22:00:00,0.40569
Netherlands,NLD,2022-07-17 21:00:00,2022-07-17 23:00:00,0.39733999999999997
Netherlands,NLD,2022-07-17 22:00:00,2022-07-18 00:00:00,0.38977
Netherlands,NLD,2022-07-17 23:00:00,2022-07-18 01:00:00,0.32849
Netherlands,NLD,2022-07-18 00:00:00,2022-07-18 02:00:00,0.29923
Netherlands,NLD,2022-07-18 01:00:00,2022-07-18 03:00:00,0.28244
Netherlands,NLD,2022-07-18 02:00:00,2022-07-18 04:00:00,0.28701
Netherlands,NLD,2022-07-18 03:00:00,2022-07-18 05:00:00,0.30495
Netherlands,NLD,2022-07-18 04:00:00,2022-07-18 06:00:00,0.39311
Netherlands,NLD,2022-07-18 05:00:00,2022-07-18 07:00:00,0.42494
Netherlands,NLD,2022-07-18 06:00:00,2022-07-18 08:00:00,0.3752
Netherlands,NLD,2022-07-18 07:00:00,2022-07-18 09:00:00,0.37254000000000004
Netherlands,NLD,2022-07-18 08:00:00,2022-07-18 10:00:00,0.30296
Netherlands,NLD,2022-07-18 09:00:00,2022-07-18 11:00:00,0.30344
Netherlands,NLD,2022-07-18 10:00:00,2022-07-18 12:00:00,0.23872
Netherlands,NLD,2022-07-18 11:00:00,2022-07-18 13:00:00,0.2211
Netherlands,NLD,2022-07-18 12:00:00,2022-07-18 14:00:00,0.24217
Netherlands,NLD,2022-07-18 13:00:00,2022-07-18 15:00:00,0.24387999999999999
Netherlands,NLD,2022-07-18 14:00:00,2022-07-18 16:00:00,0.35323000000000004
Netherlands,NLD,2022-07-18 15:00:00,2022-07-18 17:00:00,0.4
Netherlands,NLD,2022-07-18 16:00:00,2022-07-18 18:00:00,0.41411000000000003
Netherlands,NLD,2022-07-18 17:00:00,2022-07-18 19:00:00,0.6001000000000001
Netherlands,NLD,2022-07-18 18:00:00,2022-07-18 20:00:00,0.6795399999999999
Netherlands,NLD,2022-07-18 19:00:00,2022-07-18 21:00:00,0.5999800000000001
Netherlands,NLD,2022-07-18 20:00:00,2022-07-18 22:00:00,0.53013
Netherlands,NLD,2022-07-18 21:00:00,2022-07-18 23:00:00,0.46986
Netherlands,NLD,2022-07-18 22:00:00,2022-07-19 00:00:00,0.40246
Netherlands,NLD,2022-07-18 23:00:00,2022-07-19 01:00:00,0.36899
Netherlands,NLD,2022-07-19 00:00:00,2022-07-19 02:00:00,0.3337
Netherlands,NLD,2022-07-19 01:00:00,2022-07-19 03:00:00,0.32524000000000003
Netherlands,NLD,2022-07-19 02:00:00,2022-07-19 04:00:00,0.31872
Netherlands,NLD,2022-07-19 03:00:00,2022-07-19 05:00:00,0.35098
Netherlands,NLD,2022-07-19 04:00:00,2022-07-19 06:00:00,0.44
Netherlands,NLD,2022-07-19 05:00:00,2022-07-19 07:00:00,0.48049000000000003
Netherlands,NLD,2022-07-19 06:00:00,2022-07-19 08:00:00,0.3999
Netherlands,NLD,2022-07-19 07:00:00,2022-07-19 09:00:00,0.3428
Netherlands,NLD,2022-07-19 08:00:00,2022-07-19 10:00:00,0.29886
Netherlands,NLD,2022-07-19 09:00:00,2022-07-19 11:00:00,0.2717
Netherlands,NLD,2022-07-19 10:00:00,2022-07-19 12:00:00,0.28613
Netherlands,NLD,2022-07-19 11:00:00,2022-07-19 13:00:00,0.25936000000000003
Netherlands,NLD,2022-07-19 12:00:00,2022-07-19 14:00:00,0.28683
Netherlands,NLD,2022-07-19 13:00:00,2022-07-19 15:00:00,0.31139999999999995
Netherlands,NLD,2022-07-19 14:00:00,2022-07-19 16:00:00,0.31839999999999996
Netherlands,NLD,2022-07-19 15:00:00,2022-07-19 17:00:00,0.38
Netherlands,NLD,2022-07-19 16:00:00,2022-07-19 18:00:00,0.38859
Netherlands,NLD,2022-07-19 17:00:00,2022-07-19 19:00:00,0.54047
Netherlands,NLD,2022-07-19 18:00:00,2022-07-19 20:00:00,0.5199
Netherlands,NLD,2022-07-19 19:00:00,2022-07-19 21:00:00,0.4
Netherlands,NLD,2022-07-19 20:00:00,2022-07-19 22:00:00,0.32804
Netherlands,NLD,2022-07-19 21:00:00,2022-07-19 23:00:00,0.28126
Netherlands,NLD,2022-07-19 22:00:00,2022-07-20 00:00:00,0.2958
Netherlands,NLD,2022-07-19 23:00:00,2022-07-20 01:00:00,0.30660000000000004
Netherlands,NLD,2022-07-20 00:00:00,2022-07-20 02:00:00,0.3354
Netherlands,NLD,2022-07-20 01:00:00,2022-07-20 03:00:00,0.22734000000000001
Netherlands,NLD,2022-07-20 02:00:00,2022-07-20 04:00:00,0.33663
Netherlands,NLD,2022-07-20 03:00:00,2022-07-20 05:00:00,0.28008999999999995
Netherlands,NLD,2022-07-20 04:00:00,2022-07-20 06:00:00,0.34348
Netherlands,NLD,2022-07-20 05:00:00,2022-07-20 07:00:00,0.39332
Netherlands,NLD,2022-07-20 06:00:00,2022-07-20 08:00:00,0.349
Netherlands,NLD,2022-07-20 07:00:00,2022-07-20 09:00:00,0.32403
Netherlands,NLD,2022-07-20 08:00:00,2022-07-20 10:00:00,0.325
Netherlands,NLD,2022-07-20 09:00:00,2022-07-20 11:00:00,0.23098
Netherlands,NLD,2022-07-20 10:00:00,2022-07-20 12:00:00,0.22872
Netherlands,NLD,2022-07-20 11:00:00,2022-07-20 13:00:00,0.23591
Netherlands,NLD,2022-07-20 12:00:00,2022-07-20 14:00:00,0.275
Netherlands,NLD,2022-07-20 13:00:00,2022-07-20 15:00:00,0.29558
Netherlands,NLD,2022-07-20 14:00:00,2022-07-20 16:00:00,0.31931
Netherlands,NLD,2022-07-20 15:00:00,2022-07-20 17:00:00,0.36142
Netherlands,NLD,2022-07-20 16:00:00,2022-07-20 18:00:00,0.37989999999999996
Netherlands,NLD,2022-07-20 17:00:00,2022-07-20 19:00:00,0.43861
Netherlands,NLD,2022-07-20 18:00:00,2022-07-20 20:00:00,0.45275
Netherlands,NLD,2022-07-20 19:00:00,2022-07-20 21:00:00,0.3882
Netherlands,NLD,2022-07-20 20:00:00,2022-07-20 22:00:00,0.35975999999999997
Netherlands,NLD,2022-07-20 21:00:00,2022-07-20 23:00:00,0.3222
Netherlands,NLD,2022-07-20 22:00:00,2022-07-21 00:00:00,0.307
Netherlands,NLD,2022-07-20 23:00:00,2022-07-21 01:00:00,0.3075
Netherlands,NLD,2022-07-21 00:00:00,2022-07-21 02:00:00,0.31822
Netherlands,NLD,2022-07-21 01:00:00,2022-07-21 03:00:00,0.32866
Netherlands,NLD,2022-07-21 02:00:00,2022-07-21 04:00:00,0.32042000000000004
Netherlands,NLD,2022-07-21 03:00:00,2022-07-21 05:00:00,0.32526
Netherlands,NLD,2022-07-21 04:00:00,2022-07-21 06:00:00,0.42956
Netherlands,NLD,2022-07-21 05:00:00,2022-07-21 07:00:00,0.46341000000000004
Netherlands,NLD,2022-07-21 06:00:00,2022-07-21 08:00:00,0.42907
Netherlands,NLD,2022-07-21 07:00:00,2022-07-21 09:00:00,0.38802
Netherlands,NLD,2022-07-21 08:00:00,2022-07-21 10:00:00,0.35836
Netherlands,NLD,2022-07-21 09:00:00,2022-07-21 11:00:00,0.35
Netherlands,NLD,2022-07-21 10:00:00,2022-07-21 12:00:00,0.34606
Netherlands,NLD,2022-07-21 11:00:00,2022-07-21 13:00:00,0.31995999999999997
Netherlands,NLD,2022-07-21 12:00:00,2022-07-21 14:00:00,0.27964999999999995
Netherlands,NLD,2022-07-21 13:00:00,2022-07-21 15:00:00,0.28326
Netherlands,NLD,2022-07-21 14:00:00,2022-07-21 16:00:00,0.25254
Netherlands,NLD,2022-07-21 15:00:00,2022-07-21 17:00:00,0.28572000000000003
Netherlands,NLD,2022-07-21 16:00:00,2022-07-21 18:00:00,0.36739
Netherlands,NLD,2022-07-21 17:00:00,2022-07-21 19:00:00,0.4
Netherlands,NLD,2022-07-21 18:00:00,2022-07-21 20:00:00,0.44076
Netherlands,NLD,2022-07-21 19:00:00,2022-07-21 21:00:00,0.41928
Netherlands,NLD,2022-07-21 20:00:00,2022-07-21 22:00:00,0.43289999999999995
Netherlands,NLD,2022-07-21 21:00:00,2022-07-21 23:00:00,0.34508999999999995
Netherlands,NLD,2022-07-21 22:00:00,2022-07-22 00:00:00,0.35706
Netherlands,NLD,2022-07-21 23:00:00,2022-07-22 01:00:00,0.31207
Netherlands,NLD,2022-07-22 00:00:00,2022-07-22 02:00:00,0.29258
Netherlands,NLD,2022-07-22 01:00:00,2022-07-22 03:00:00,0.28608
Netherlands,NLD,2022-07-22 02:00:00,2022-07-22 04:00:00,0.28707
Netherlands,NLD,2022-07-22 03:00:00,2022-07-22 05:00:00,0.2726
Netherlands,NLD,2022-07-22 04:00:00,2022-07-22 06:00:00,0.40614
Netherlands,NLD,2022-07-22 05:00:00,2022-07-22 07:00:00,0.42901
Netherlands,NLD,2022-07-22 06:00:00,2022-07-22 08:00:00,0.38345
Netherlands,NLD,2022-07-22 07:00:00,2022-07-22 09:00:00,0.3271
Netherlands,NLD,2022-07-22 08:00:00,2022-07-22 10:00:00,0.33832
Netherlands,NLD,2022-07-22 09:00:00,2022-07-22 11:00:00,0.3163
Netherlands,NLD,2022-07-22 10:00:00,2022-07-22 12:00:00,0.2763
Netherlands,NLD,2022-07-22 11:00:00,2022-07-22 13:00:00,0.23992
Netherlands,NLD,2022-07-22 12:00:00,2022-07-22 14:00:00,0.20872
Netherlands,NLD,2022-07-22 13:00:00,2022-07-22 15:00:00,0.24334
Netherlands,NLD,2022-07-22 14:00:00,2022-07-22 16:00:00,0.24631
Netherlands,NLD,2022-07-22 15:00:00,2022-07-22 17:00:00,0.33448
Netherlands,NLD,2022-07-22 16:00:00,2022-07-22 18:00:00,0.42461
Netherlands,NLD,2022-07-22 17:00:00,2022-07-22 19:00:00,0.412
Netherlands,NLD,2022-07-22 18:00:00,2022-07-22 20:00:00,0.42307
Netherlands,NLD,2022-07-22 19:00:00,2022-07-22 21:00:00,0.3999
Netherlands,NLD,2022-07-22 20:00:00,2022-07-22 22:00:00,0.39424000000000003
Netherlands,NLD,2022-07-22 21:00:00,2022-07-22 23:00:00,0.38217
Netherlands,NLD,2022-07-22 22:00:00,2022-07-23 00:00:00,0.35570999999999997
Netherlands,NLD,2022-07-22 23:00:00,2022-07-23 01:00:00,0.34467000000000003
Netherlands,NLD,2022-07-23 00:00:00,2022-07-23 02:00:00,0.35199
Netherlands,NLD,2022-07-23 01:00:00,2022-07-23 03:00:00,0.33701
Netherlands,NLD,2022-07-23 02:00:00,2022-07-23 04:00:00,0.33204
Netherlands,NLD,2022-07-23 03:00:00,2022-07-23 05:00:00,0.33127
Netherlands,NLD,2022-07-23 04:00:00,2022-07-23 06:00:00,0.33703
Netherlands,NLD,2022-07-23 05:00:00,2022-07-23 07:00:00,0.33312
Netherlands,NLD,2022-07-23 06:00:00,2022-07-23 08:00:00,0.34378
Netherlands,NLD,2022-07-23 07:00:00,2022-07-23 09:00:00,0.35013
Netherlands,NLD,2022-07-23 08:00:00,2022-07-23 10:00:00,0.3301
Netherlands,NLD,2022-07-23 09:00:00,2022-07-23 11:00:00,0.28999
Netherlands,NLD,2022-07-23 10:00:00,2022-07-23 12:00:00,0.215
Netherlands,NLD,2022-07-23 11:00:00,2022-07-23 13:00:00,0.18
Netherlands,NLD,2022-07-23 12:00:00,2022-07-23 14:00:00,0.11871
Netherlands,NLD,2022-07-23 13:00:00,2022-07-23 15:00:00,0.18544999999999998
Netherlands,NLD,2022-07-23 14:00:00,2022-07-23 16:00:00,0.22644
Netherlands,NLD,2022-07-23 15:00:00,2022-07-23 17:00:00,0.26574000000000003
Netherlands,NLD,2022-07-23 16:00:00,2022-07-23 18:00:00,0.32448
Netherlands,NLD,2022-07-23 17:00:00,2022-07-23 19:00:00,0.36951999999999996
Netherlands,NLD,2022-07-23 18:00:00,2022-07-23 20:00:00,0.387
Netherlands,NLD,2022-07-23 19:00:00,2022-07-23 21:00:00,0.40004
Netherlands,NLD,2022-07-23 20:00:00,2022-07-23 22:00:00,0.37699
Netherlands,NLD,2022-07-23 21:00:00,2022-07-23 23:00:00,0.32597000000000004
Netherlands,NLD,2022-07-23 22:00:00,2022-07-24 00:00:00,0.39326
Netherlands,NLD,2022-07-23 23:00:00,2022-07-24 01:00:00,0.37924
Netherlands,NLD,2022-07-24 00:00:00,2022-07-24 02:00:00,0.35506
Netherlands,NLD,2022-07-24 01:00:00,2022-07-24 03:00:00,0.331
Netherlands,NLD,2022-07-24 02:00:00,2022-07-24 04:00:00,0.31618
Netherlands,NLD,2022-07-24 03:00:00,2022-07-24 05:00:00,0.30282
Netherlands,NLD,2022-07-24 04:00:00,2022-07-24 06:00:00,0.27276
Netherlands,NLD,2022-07-24 05:00:00,2022-07-24 07:00:00,0.26093
Netherlands,NLD,2022-07-24 06:00:00,2022-07-24 08:00:00,0.22241999999999998
Netherlands,NLD,2022-07-24 07:00:00,2022-07-24 09:00:00,0.17559
Netherlands,NLD,2022-07-24 08:00:00,2022-07-24 10:00:00,0.16290000000000002
Netherlands,NLD,2022-07-24 09:00:00,2022-07-24 11:00:00,0.08725
Netherlands,NLD,2022-07-24 10:00:00,2022-07-24 12:00:00,0.07171999999999999
Netherlands,NLD,2022-07-24 11:00:00,2022-07-24 13:00:00,-0.08742
Netherlands,NLD,2022-07-24 12:00:00,2022-07-24 14:00:00,-0.04604
Netherlands,NLD,2022-07-24 13:00:00,2022-07-24 15:00:00,0.0
Netherlands,NLD,2022-07-24 14:00:00,2022-07-24 16:00:00,0.1
Netherlands,NLD,2022-07-24 15:00:00,2022-07-24 17:00:00,0.24405000000000002
Netherlands,NLD,2022-07-24 16:00:00,2022-07-24 18:00:00,0.3455
Netherlands,NLD,2022-07-24 17:00:00,2022-07-24 19:00:00,0.367
Netherlands,NLD,2022-07-24 18:00:00,2022-07-24 20:00:00,0.36948000000000003
Netherlands,NLD,2022-07-24 19:00:00,2022-07-24 21:00:00,0.40201
Netherlands,NLD,2022-07-24 20:00:00,2022-07-24 22:00:00,0.37133
Netherlands,NLD,2022-07-24 21:00:00,2022-07-24 23:00:00,0.34964999999999996
Netherlands,NLD,2022-07-24 22:00:00,2022-07-25 00:00:00,0.3464
Netherlands,NLD,2022-07-24 23:00:00,2022-07-25 01:00:00,0.27676
Netherlands,NLD,2022-07-25 00:00:00,2022-07-25 02:00:00,0.26537
Netherlands,NLD,2022-07-25 01:00:00,2022-07-25 03:00:00,0.26603
Netherlands,NLD,2022-07-25 02:00:00,2022-07-25 04:00:00,0.26171
Netherlands,NLD,2022-07-25 03:00:00,2022-07-25 05:00:00,0.28629000000000004
Netherlands,NLD,2022-07-25 04:00:00,2022-07-25 06:00:00,0.37507999999999997
Netherlands,NLD,2022-07-25 05:00:00,2022-07-25 07:00:00,0.41014
Netherlands,NLD,2022-07-25 06:00:00,2022-07-25 08:00:00,0.41175
Netherlands,NLD,2022-07-25 07:00:00,2022-07-25 09:00:00,0.33005
Netherlands,NLD,2022-07-25 08:00:00,2022-07-25 10:00:00,0.26894999999999997
Netherlands,NLD,2022-07-25 09:00:00,2022-07-25 11:00:00,0.23592
Netherlands,NLD,2022-07-25 10:00:00,2022-07-25 12:00:00,0.20708000000000001
Netherlands,NLD,2022-07-25 11:00:00,2022-07-25 13:00:00,0.19385
Netherlands,NLD,2022-07-25 12:00:00,2022-07-25 14:00:00,0.18464
Netherlands,NLD,2022-07-25 13:00:00,2022-07-25 15:00:00,0.14368
Netherlands,NLD,2022-07-25 14:00:00,2022-07-25 16:00:00,0.204
Netherlands,NLD,2022-07-25 15:00:00,2022-07-25 17:00:00,0.21459999999999999
Netherlands,NLD,2022-07-25 16:00:00,2022-07-25 18:00:00,0.28886
Netherlands,NLD,2022-07-25 17:00:00,2022-07-25 19:00:00,0.35454
Netherlands,NLD,2022-07-25 18:00:00,2022-07-25 20:00:00,0.3599
Netherlands,NLD,2022-07-25 19:00:00,2022-07-25 21:00:00,0.37124
Netherlands,NLD,2022-07-25 20:00:00,2022-07-25 22:00:00,0.37351999999999996
Netherlands,NLD,2022-07-25 21:00:00,2022-07-25 23:00:00,0.3202
Netherlands,NLD,2022-07-25 22:00:00,2022-07-26 00:00:00,0.29312
Netherlands,NLD,2022-07-25 23:00:00,2022-07-26 01:00:00,0.28658
Netherlands,NLD,2022-07-26 00:00:00,2022-07-26 02:00:00,0.2045
Netherlands,NLD,2022-07-26 01:00:00,2022-07-26 03:00:00,0.23782
Netherlands,NLD,2022-07-26 02:00:00,2022-07-26 04:00:00,0.26166
Netherlands,NLD,2022-07-26 03:00:00,2022-07-26 05:00:00,0.334
Netherlands,NLD,2022-07-26 04:00:00,2022-07-26 06:00:00,0.39675
Netherlands,NLD,2022-07-26 05:00:00,2022-07-26 07:00:00,0.40048
Netherlands,NLD,2022-07-26 06:00:00,2022-07-26 08:00:00,0.35577
Netherlands,NLD,2022-07-26 07:00:00,2022-07-26 09:00:00,0.3722
Netherlands,NLD,2022-07-26 08:00:00,2022-07-26 10:00:00,0.3931
Netherlands,NLD,2022-07-26 09:00:00,2022-07-26 11:00:00,0.3324
Netherlands,NLD,2022-07-26 10:00:00,2022-07-26 12:00:00,0.2949
Netherlands,NLD,2022-07-26 11:00:00,2022-07-26 13:00:00,0.2517
Netherlands,NLD,2022-07-26 12:00:00,2022-07-26 14:00:00,0.2
Netherlands,NLD,2022-07-26 13:00:00,2022-07-26 15:00:00,0.21189
Netherlands,NLD,2022-07-26 14:00:00,2022-07-26 16:00:00,0.2499
Netherlands,NLD,2022-07-26 15:00:00,2022-07-26 17:00:00,0.29925999999999997
Netherlands,NLD,2022-07-26 16:00:00,2022-07-26 18:00:00,0.3295
Netherlands,NLD,2022-07-26 17:00:00,2022-07-26 19:00:00,0.3599
Netherlands,NLD,2022-07-26 18:00:00,2022-07-26 20:00:00,0.4006
Netherlands,NLD,2022-07-26 19:00:00,2022-07-26 21:00:00,0.3958
Netherlands,NLD,2022-07-26 20:00:00,2022-07-26 22:00:00,0.38789999999999997
Netherlands,NLD,2022-07-26 21:00:00,2022-07-26 23:00:00,0.31303
Netherlands,NLD,2022-07-26 22:00:00,2022-07-27 00:00:00,0.38412999999999997
Netherlands,NLD,2022-07-26 23:00:00,2022-07-27 01:00:00,0.31799
Netherlands,NLD,2022-07-27 00:00:00,2022-07-27 02:00:00,0.31568
Netherlands,NLD,2022-07-27 01:00:00,2022-07-27 03:00:00,0.33273
Netherlands,NLD,2022-07-27 02:00:00,2022-07-27 04:00:00,0.33206
Netherlands,NLD,2022-07-27 03:00:00,2022-07-27 05:00:00,0.36107
Netherlands,NLD,2022-07-27 04:00:00,2022-07-27 06:00:00,0.46
Netherlands,NLD,2022-07-27 05:00:00,2022-07-27 07:00:00,0.4982
Netherlands,NLD,2022-07-27 06:00:00,2022-07-27 08:00:00,0.4199
Netherlands,NLD,2022-07-27 07:00:00,2022-07-27 09:00:00,0.35810000000000003
Netherlands,NLD,2022-07-27 08:00:00,2022-07-27 10:00:00,0.3499
Netherlands,NLD,2022-07-27 09:00:00,2022-07-27 11:00:00,0.32122
Netherlands,NLD,2022-07-27 10:00:00,2022-07-27 12:00:00,0.303
Netherlands,NLD,2022-07-27 11:00:00,2022-07-27 13:00:00,0.277
Netherlands,NLD,2022-07-27 12:00:00,2022-07-27 14:00:00,0.236
Netherlands,NLD,2022-07-27 13:00:00,2022-07-27 15:00:00,0.267
Netherlands,NLD,2022-07-27 14:00:00,2022-07-27 16:00:00,0.324
Netherlands,NLD,2022-07-27 15:00:00,2022-07-27 17:00:00,0.38983999999999996
Netherlands,NLD,2022-07-27 16:00:00,2022-07-27 18:00:00,0.44166000000000005
Netherlands,NLD,2022-07-27 17:00:00,2022-07-27 19:00:00,0.474
Netherlands,NLD,2022-07-27 18:00:00,2022-07-27 20:00:00,0.49977
Netherlands,NLD,2022-07-27 19:00:00,2022-07-27 21:00:00,0.46895
Netherlands,NLD,2022-07-27 20:00:00,2022-07-27 22:00:00,0.45583999999999997
Netherlands,NLD,2022-07-27 21:00:00,2022-07-27 23:00:00,0.39
Netherlands,NLD,2022-07-27 22:00:00,2022-07-28 00:00:00,0.43779
Netherlands,NLD,2022-07-27 23:00:00,2022-07-28 01:00:00,0.40091000000000004
Netherlands,NLD,2022-07-28 00:00:00,2022-07-28 02:00:00,0.39997000000000005
Netherlands,NLD,2022-07-28 01:00:00,2022-07-28 03:00:00,0.39724
Netherlands,NLD,2022-07-28 02:00:00,2022-07-28 04:00:00,0.39997000000000005
Netherlands,NLD,2022-07-28 03:00:00,2022-07-28 05:00:00,0.40004
Netherlands,NLD,2022-07-28 04:00:00,2022-07-28 06:00:00,0.48962
Netherlands,NLD,2022-07-28 05:00:00,2022-07-28 07:00:00,0.42078
Netherlands,NLD,2022-07-28 06:00:00,2022-07-28 08:00:00,0.39999
Netherlands,NLD,2022-07-28 07:00:00,2022-07-28 09:00:00,0.4471
Netherlands,NLD,2022-07-28 08:00:00,2022-07-28 10:00:00,0.4055
Netherlands,NLD,2022-07-28 09:00:00,2022-07-28 11:00:00,0.36393000000000003
Netherlands,NLD,2022-07-28 10:00:00,2022-07-28 12:00:00,0.34094
Netherlands,NLD,2022-07-28 11:00:00,2022-07-28 13:00:00,0.287
Netherlands,NLD,2022-07-28 12:00:00,2022-07-28 14:00:00,0.33719
Netherlands,NLD,2022-07-28 13:00:00,2022-07-28 15:00:00,0.3534
Netherlands,NLD,2022-07-28 14:00:00,2022-07-28 16:00:00,0.4173
Netherlands,NLD,2022-07-28 15:00:00,2022-07-28 17:00:00,0.48918
Netherlands,NLD,2022-07-28 16:00:00,2022-07-28 18:00:00,0.51736
Netherlands,NLD,2022-07-28 17:00:00,2022-07-28 19:00:00,0.557
Netherlands,NLD,2022-07-28 18:00:00,2022-07-28 20:00:00,0.55
Netherlands,NLD,2022-07-28 19:00:00,2022-07-28 21:00:00,0.5186499999999999
Netherlands,NLD,2022-07-28 20:00:00,2022-07-28 22:00:00,0.49763
Netherlands,NLD,2022-07-28 21:00:00,2022-07-28 23:00:00,0.3826
Netherlands,NLD,2022-07-28 22:00:00,2022-07-29 00:00:00,0.34506
Netherlands,NLD,2022-07-28 23:00:00,2022-07-29 01:00:00,0.35543
Netherlands,NLD,2022-07-29 00:00:00,2022-07-29 02:00:00,0.35779
Netherlands,NLD,2022-07-29 01:00:00,2022-07-29 03:00:00,0.38850999999999997
Netherlands,NLD,2022-07-29 02:00:00,2022-07-29 04:00:00,0.37483
Netherlands,NLD,2022-07-29 03:00:00,2022-07-29 05:00:00,0.39288
Netherlands,NLD,2022-07-29 04:00:00,2022-07-29 06:00:00,0.46316
Netherlands,NLD,2022-07-29 05:00:00,2022-07-29 07:00:00,0.50236
Netherlands,NLD,2022-07-29 06:00:00,2022-07-29 08:00:00,0.50624
Netherlands,NLD,2022-07-29 07:00:00,2022-07-29 09:00:00,0.47414999999999996
Netherlands,NLD,2022-07-29 08:00:00,2022-07-29 10:00:00,0.41634
Netherlands,NLD,2022-07-29 09:00:00,2022-07-29 11:00:00,0.36926
Netherlands,NLD,2022-07-29 10:00:00,2022-07-29 12:00:00,0.2786
Netherlands,NLD,2022-07-29 11:00:00,2022-07-29 13:00:00,0.24
Netherlands,NLD,2022-07-29 12:00:00,2022-07-29 14:00:00,0.22512000000000001
Netherlands,NLD,2022-07-29 13:00:00,2022-07-29 15:00:00,0.35126
Netherlands,NLD,2022-07-29 14:00:00,2022-07-29 16:00:00,0.33423
Netherlands,NLD,2022-07-29 15:00:00,2022-07-29 17:00:00,0.43089999999999995
Netherlands,NLD,2022-07-29 16:00:00,2022-07-29 18:00:00,0.46485000000000004
Netherlands,NLD,2022-07-29 17:00:00,2022-07-29 19:00:00,0.4671
Netherlands,NLD,2022-07-29 18:00:00,2022-07-29 20:00:00,0.50299
Netherlands,NLD,2022-07-29 19:00:00,2022-07-29 21:00:00,0.46662
Netherlands,NLD,2022-07-29 20:00:00,2022-07-29 22:00:00,0.45263
Netherlands,NLD,2022-07-29 21:00:00,2022-07-29 23:00:00,0.36737000000000003
Netherlands,NLD,2022-07-29 22:00:00,2022-07-30 00:00:00,0.425
Netherlands,NLD,2022-07-29 23:00:00,2022-07-30 01:00:00,0.4043
Netherlands,NLD,2022-07-30 00:00:00,2022-07-30 02:00:00,0.405
Netherlands,NLD,2022-07-30 01:00:00,2022-07-30 03:00:00,0.39585000000000004
Netherlands,NLD,2022-07-30 02:00:00,2022-07-30 04:00:00,0.37706
Netherlands,NLD,2022-07-30 03:00:00,2022-07-30 05:00:00,0.38398000000000004
Netherlands,NLD,2022-07-30 04:00:00,2022-07-30 06:00:00,0.40678
Netherlands,NLD,2022-07-30 05:00:00,2022-07-30 07:00:00,0.42302
Netherlands,NLD,2022-07-30 06:00:00,2022-07-30 08:00:00,0.41272000000000003
Netherlands,NLD,2022-07-30 07:00:00,2022-07-30 09:00:00,0.38616
Netherlands,NLD,2022-07-30 08:00:00,2022-07-30 10:00:00,0.31529
Netherlands,NLD,2022-07-30 09:00:00,2022-07-30 11:00:00,0.293
Netherlands,NLD,2022-07-30 10:00:00,2022-07-30 12:00:00,0.19
Netherlands,NLD,2022-07-30 11:00:00,2022-07-30 13:00:00,0.16774
Netherlands,NLD,2022-07-30 12:00:00,2022-07-30 14:00:00,0.2
Netherlands,NLD,2022-07-30 13:00:00,2022-07-30 15:00:00,0.2773
Netherlands,NLD,2022-07-30 14:00:00,2022-07-30 16:00:00,0.308
Netherlands,NLD,2022-07-30 15:00:00,2022-07-30 17:00:00,0.37101999999999996
Netherlands,NLD,2022-07-30 16:00:00,2022-07-30 18:00:00,0.4253
Netherlands,NLD,2022-07-30 17:00:00,2022-07-30 19:00:00,0.45376
Netherlands,NLD,2022-07-30 18:00:00,2022-07-30 20:00:00,0.46802
Netherlands,NLD,2022-07-30 19:00:00,2022-07-30 21:00:00,0.46669
Netherlands,NLD,2022-07-30 20:00:00,2022-07-30 22:00:00,0.45753
Netherlands,NLD,2022-07-30 21:00:00,2022-07-30 23:00:00,0.43739999999999996
Netherlands,NLD,2022-07-30 22:00:00,2022-07-31 00:00:00,0.38279
Netherlands,NLD,2022-07-30 23:00:00,2022-07-31 01:00:00,0.33988
Netherlands,NLD,2022-07-31 00:00:00,2022-07-31 02:00:00,0.30010000000000003
Netherlands,NLD,2022-07-31 01:00:00,2022-07-31 03:00:00,0.29305000000000003
Netherlands,NLD,2022-07-31 02:00:00,2022-07-31 04:00:00,0.2713
Netherlands,NLD,2022-07-31 03:00:00,2022-07-31 05:00:00,0.27298
Netherlands,NLD,2022-07-31 04:00:00,2022-07-31 06:00:00,0.26103
Netherlands,NLD,2022-07-31 05:00:00,2022-07-31 07:00:00,0.26480000000000004
Netherlands,NLD,2022-07-31 06:00:00,2022-07-31 08:00:00,0.30001
Netherlands,NLD,2022-07-31 07:00:00,2022-07-31 09:00:00,0.28637
Netherlands,NLD,2022-07-31 08:00:00,2022-07-31 10:00:00,0.2611
Netherlands,NLD,2022-07-31 09:00:00,2022-07-31 11:00:00,0.25576
Netherlands,NLD,2022-07-31 10:00:00,2022-07-31 12:00:00,0.26308
Netherlands,NLD,2022-07-31 11:00:00,2022-07-31 13:00:00,0.21908000000000002
Netherlands,NLD,2022-07-31 12:00:00,2022-07-31 14:00:00,0.20874
Netherlands,NLD,2022-07-31 13:00:00,2022-07-31 15:00:00,0.22608
Netherlands,NLD,2022-07-31 14:00:00,2022-07-31 16:00:00,0.25207
Netherlands,NLD,2022-07-31 15:00:00,2022-07-31 17:00:00,0.31601
Netherlands,NLD,2022-07-31 16:00:00,2022-07-31 18:00:00,0.39479000000000003
Netherlands,NLD,2022-07-31 17:00:00,2022-07-31 19:00:00,0.44955
Netherlands,NLD,2022-07-31 18:00:00,2022-07-31 20:00:00,0.45294999999999996
Netherlands,NLD,2022-07-31 19:00:00,2022-07-31 21:00:00,0.46349
Netherlands,NLD,2022-07-31 20:00:00,2022-07-31 22:00:00,0.45776
Netherlands,NLD,2022-07-31 21:00:00,2022-07-31 23:00:00,0.41220999999999997
Netherlands,NLD,2022-07-31 22:00:00,2022-08-01 00:00:00,0.38506
Netherlands,NLD,2022-07-31 23:00:00,2022-08-01 01:00:00,0.34406
Netherlands,NLD,2022-08-01 00:00:00,2022-08-01 02:00:00,0.33881
Netherlands,NLD,2022-08-01 01:00:00,2022-08-01 03:00:00,0.32086000000000003
Netherlands,NLD,2022-08-01 02:00:00,2022-08-01 04:00:00,0.32972
Netherlands,NLD,2022-08-01 03:00:00,2022-08-01 05:00:00,0.38
Netherlands,NLD,2022-08-01 04:00:00,2022-08-01 06:00:00,0.42966000000000004
Netherlands,NLD,2022-08-01 05:00:00,2022-08-01 07:00:00,0.46791000000000005
Netherlands,NLD,2022-08-01 06:00:00,2022-08-01 08:00:00,0.4749
Netherlands,NLD,2022-08-01 07:00:00,2022-08-01 09:00:00,0.45083999999999996
Netherlands,NLD,2022-08-01 08:00:00,2022-08-01 10:00:00,0.442
Netherlands,NLD,2022-08-01 09:00:00,2022-08-01 11:00:00,0.40979000000000004
Netherlands,NLD,2022-08-01 10:00:00,2022-08-01 12:00:00,0.36149000000000003
Netherlands,NLD,2022-08-01 11:00:00,2022-08-01 13:00:00,0.356
Netherlands,NLD,2022-08-01 12:00:00,2022-08-01 14:00:00,0.32576
Netherlands,NLD,2022-08-01 13:00:00,2022-08-01 15:00:00,0.3344
Netherlands,NLD,2022-08-01 14:00:00,2022-08-01 16:00:00,0.3608
Netherlands,NLD,2022-08-01 15:00:00,2022-08-01 17:00:00,0.4104
Netherlands,NLD,2022-08-01 16:00:00,2022-08-01 18:00:00,0.43279
Netherlands,NLD,2022-08-01 17:00:00,2022-08-01 19:00:00,0.45725
Netherlands,NLD,2022-08-01 18:00:00,2022-08-01 20:00:00,0.49061
Netherlands,NLD,2022-08-01 19:00:00,2022-08-01 21:00:00,0.48775
Netherlands,NLD,2022-08-01 20:00:00,2022-08-01 22:00:00,0.48513999999999996
Netherlands,NLD,2022-08-01 21:00:00,2022-08-01 23:00:00,0.42788
Netherlands,NLD,2022-08-01 22:00:00,2022-08-02 00:00:00,0.44098000000000004
Netherlands,NLD,2022-08-01 23:00:00,2022-08-02 01:00:00,0.3901
Netherlands,NLD,2022-08-02 00:00:00,2022-08-02 02:00:00,0.3821
Netherlands,NLD,2022-08-02 01:00:00,2022-08-02 03:00:00,0.35989
Netherlands,NLD,2022-08-02 02:00:00,2022-08-02 04:00:00,0.35269
Netherlands,NLD,2022-08-02 03:00:00,2022-08-02 05:00:00,0.39303
Netherlands,NLD,2022-08-02 04:00:00,2022-08-02 06:00:00,0.45704
Netherlands,NLD,2022-08-02 05:00:00,2022-08-02 07:00:00,0.4799
Netherlands,NLD,2022-08-02 06:00:00,2022-08-02 08:00:00,0.4789
Netherlands,NLD,2022-08-02 07:00:00,2022-08-02 09:00:00,0.36989999999999995
Netherlands,NLD,2022-08-02 08:00:00,2022-08-02 10:00:00,0.30477
Netherlands,NLD,2022-08-02 09:00:00,2022-08-02 11:00:00,0.24303
Netherlands,NLD,2022-08-02 10:00:00,2022-08-02 12:00:00,0.10490000000000001
Netherlands,NLD,2022-08-02 11:00:00,2022-08-02 13:00:00,0.152
Netherlands,NLD,2022-08-02 12:00:00,2022-08-02 14:00:00,0.0592
Netherlands,NLD,2022-08-02 13:00:00,2022-08-02 15:00:00,0.08682
Netherlands,NLD,2022-08-02 14:00:00,2022-08-02 16:00:00,0.20174
Netherlands,NLD,2022-08-02 15:00:00,2022-08-02 17:00:00,0.24101
Netherlands,NLD,2022-08-02 16:00:00,2022-08-02 18:00:00,0.35616000000000003
Netherlands,NLD,2022-08-02 17:00:00,2022-08-02 19:00:00,0.40363
Netherlands,NLD,2022-08-02 18:00:00,2022-08-02 20:00:00,0.42938
Netherlands,NLD,2022-08-02 19:00:00,2022-08-02 21:00:00,0.45302
Netherlands,NLD,2022-08-02 20:00:00,2022-08-02 22:00:00,0.44026
Netherlands,NLD,2022-08-02 21:00:00,2022-08-02 23:00:00,0.41667000000000004
Netherlands,NLD,2022-08-02 22:00:00,2022-08-03 00:00:00,0.32898
Netherlands,NLD,2022-08-02 23:00:00,2022-08-03 01:00:00,0.3331
Netherlands,NLD,2022-08-03 00:00:00,2022-08-03 02:00:00,0.29344
Netherlands,NLD,2022-08-03 01:00:00,2022-08-03 03:00:00,0.32630000000000003
Netherlands,NLD,2022-08-03 02:00:00,2022-08-03 04:00:00,0.32996
Netherlands,NLD,2022-08-03 03:00:00,2022-08-03 05:00:00,0.35696
Netherlands,NLD,2022-08-03 04:00:00,2022-08-03 06:00:00,0.41314999999999996
Netherlands,NLD,2022-08-03 05:00:00,2022-08-03 07:00:00,0.43232
Netherlands,NLD,2022-08-03 06:00:00,2022-08-03 08:00:00,0.38339999999999996
Netherlands,NLD,2022-08-03 07:00:00,2022-08-03 09:00:00,0.2922
Netherlands,NLD,2022-08-03 08:00:00,2022-08-03 10:00:00,0.19777
Netherlands,NLD,2022-08-03 09:00:00,2022-08-03 11:00:00,0.18422999999999998
Netherlands,NLD,2022-08-03 10:00:00,2022-08-03 12:00:00,0.092
Netherlands,NLD,2022-08-03 11:00:00,2022-08-03 13:00:00,0.0
Netherlands,NLD,2022-08-03 12:00:00,2022-08-03 14:00:00,0.10618999999999999
Netherlands,NLD,2022-08-03 13:00:00,2022-08-03 15:00:00,0.13711
Netherlands,NLD,2022-08-03 14:00:00,2022-08-03 16:00:00,0.23069
Netherlands,NLD,2022-08-03 15:00:00,2022-08-03 17:00:00,0.36336
Netherlands,NLD,2022-08-03 16:00:00,2022-08-03 18:00:00,0.42306
Netherlands,NLD,2022-08-03 17:00:00,2022-08-03 19:00:00,0.49401999999999996
Netherlands,NLD,2022-08-03 18:00:00,2022-08-03 20:00:00,0.51643
Netherlands,NLD,2022-08-03 19:00:00,2022-08-03 21:00:00,0.51046
Netherlands,NLD,2022-08-03 20:00:00,2022-08-03 22:00:00,0.4608
Netherlands,NLD,2022-08-03 21:00:00,2022-08-03 23:00:00,0.41522000000000003
Netherlands,NLD,2022-08-03 22:00:00,2022-08-04 00:00:00,0.45030000000000003
Netherlands,NLD,2022-08-03 23:00:00,2022-08-04 01:00:00,0.41426
Netherlands,NLD,2022-08-04 00:00:00,2022-08-04 02:00:00,0.37507
Netherlands,NLD,2022-08-04 01:00:00,2022-08-04 03:00:00,0.34849
Netherlands,NLD,2022-08-04 02:00:00,2022-08-04 04:00:00,0.3453
Netherlands,NLD,2022-08-04 03:00:00,2022-08-04 05:00:00,0.37507
Netherlands,NLD,2022-08-04 04:00:00,2022-08-04 06:00:00,0.45139
Netherlands,NLD,2022-08-04 05:00:00,2022-08-04 07:00:00,0.4801
Netherlands,NLD,2022-08-04 06:00:00,2022-08-04 08:00:00,0.4773
Netherlands,NLD,2022-08-04 07:00:00,2022-08-04 09:00:00,0.42710000000000004
Netherlands,NLD,2022-08-04 08:00:00,2022-08-04 10:00:00,0.3599
Netherlands,NLD,2022-08-04 09:00:00,2022-08-04 11:00:00,0.27907
Netherlands,NLD,2022-08-04 10:00:00,2022-08-04 12:00:00,0.2394
Netherlands,NLD,2022-08-04 11:00:00,2022-08-04 13:00:00,0.14533000000000001
Netherlands,NLD,2022-08-04 12:00:00,2022-08-04 14:00:00,0.16476
Netherlands,NLD,2022-08-04 13:00:00,2022-08-04 15:00:00,0.20597
Netherlands,NLD,2022-08-04 14:00:00,2022-08-04 16:00:00,0.29
Netherlands,NLD,2022-08-04 15:00:00,2022-08-04 17:00:00,0.3999
Netherlands,NLD,2022-08-04 16:00:00,2022-08-04 18:00:00,0.438
Netherlands,NLD,2022-08-04 17:00:00,2022-08-04 19:00:00,0.5
Netherlands,NLD,2022-08-04 18:00:00,2022-08-04 20:00:00,0.50207
Netherlands,NLD,2022-08-04 19:00:00,2022-08-04 21:00:00,0.48829
Netherlands,NLD,2022-08-04 20:00:00,2022-08-04 22:00:00,0.4806
Netherlands,NLD,2022-08-04 21:00:00,2022-08-04 23:00:00,0.37903
Netherlands,NLD,2022-08-04 22:00:00,2022-08-05 00:00:00,0.40523000000000003
Netherlands,NLD,2022-08-04 23:00:00,2022-08-05 01:00:00,0.35818
Netherlands,NLD,2022-08-05 00:00:00,2022-08-05 02:00:00,0.33764
Netherlands,NLD,2022-08-05 01:00:00,2022-08-05 03:00:00,0.33917
Netherlands,NLD,2022-08-05 02:00:00,2022-08-05 04:00:00,0.33852
Netherlands,NLD,2022-08-05 03:00:00,2022-08-05 05:00:00,0.39005
Netherlands,NLD,2022-08-05 04:00:00,2022-08-05 06:00:00,0.44991000000000003
Netherlands,NLD,2022-08-05 05:00:00,2022-08-05 07:00:00,0.468
Netherlands,NLD,2022-08-05 06:00:00,2022-08-05 08:00:00,0.48391
Netherlands,NLD,2022-08-05 07:00:00,2022-08-05 09:00:00,0.43398000000000003
Netherlands,NLD,2022-08-05 08:00:00,2022-08-05 10:00:00,0.42269999999999996
Netherlands,NLD,2022-08-05 09:00:00,2022-08-05 11:00:00,0.37822
Netherlands,NLD,2022-08-05 10:00:00,2022-08-05 12:00:00,0.35204
Netherlands,NLD,2022-08-05 11:00:00,2022-08-05 13:00:00,0.31071
Netherlands,NLD,2022-08-05 12:00:00,2022-08-05 14:00:00,0.26743
Netherlands,NLD,2022-08-05 13:00:00,2022-08-05 15:00:00,0.23674
Netherlands,NLD,2022-08-05 14:00:00,2022-08-05 16:00:00,0.23012
Netherlands,NLD,2022-08-05 15:00:00,2022-08-05 17:00:00,0.26772
Netherlands,NLD,2022-08-05 16:00:00,2022-08-05 18:00:00,0.34475
Netherlands,NLD,2022-08-05 17:00:00,2022-08-05 19:00:00,0.41386
Netherlands,NLD,2022-08-05 18:00:00,2022-08-05 20:00:00,0.4228
Netherlands,NLD,2022-08-05 19:00:00,2022-08-05 21:00:00,0.43722000000000005
Netherlands,NLD,2022-08-05 20:00:00,2022-08-05 22:00:00,0.42991
Netherlands,NLD,2022-08-05 21:00:00,2022-08-05 23:00:00,0.38655
Netherlands,NLD,2022-08-05 22:00:00,2022-08-06 00:00:00,0.36175999999999997
Netherlands,NLD,2022-08-05 23:00:00,2022-08-06 01:00:00,0.31505
Netherlands,NLD,2022-08-06 00:00:00,2022-08-06 02:00:00,0.30859
Netherlands,NLD,2022-08-06 01:00:00,2022-08-06 03:00:00,0.27645
Netherlands,NLD,2022-08-06 02:00:00,2022-08-06 04:00:00,0.26776
Netherlands,NLD,2022-08-06 03:00:00,2022-08-06 05:00:00,0.295
Netherlands,NLD,2022-08-06 04:00:00,2022-08-06 06:00:00,0.29083
Netherlands,NLD,2022-08-06 05:00:00,2022-08-06 07:00:00,0.31503
Netherlands,NLD,2022-08-06 06:00:00,2022-08-06 08:00:00,0.30956
Netherlands,NLD,2022-08-06 07:00:00,2022-08-06 09:00:00,0.2728
Netherlands,NLD,2022-08-06 08:00:00,2022-08-06 10:00:00,0.22191999999999998
Netherlands,NLD,2022-08-06 09:00:00,2022-08-06 11:00:00,0.18553999999999998
Netherlands,NLD,2022-08-06 10:00:00,2022-08-06 12:00:00,0.09838
Netherlands,NLD,2022-08-06 11:00:00,2022-08-06 13:00:00,0.14237
Netherlands,NLD,2022-08-06 12:00:00,2022-08-06 14:00:00,0.11602
Netherlands,NLD,2022-08-06 13:00:00,2022-08-06 15:00:00,0.13977
Netherlands,NLD,2022-08-06 14:00:00,2022-08-06 16:00:00,0.15936
Netherlands,NLD,2022-08-06 15:00:00,2022-08-06 17:00:00,0.23141
Netherlands,NLD,2022-08-06 16:00:00,2022-08-06 18:00:00,0.3167
Netherlands,NLD,2022-08-06 17:00:00,2022-08-06 19:00:00,0.37142000000000003
Netherlands,NLD,2022-08-06 18:00:00,2022-08-06 20:00:00,0.39615
Netherlands,NLD,2022-08-06 19:00:00,2022-08-06 21:00:00,0.37989999999999996
Netherlands,NLD,2022-08-06 20:00:00,2022-08-06 22:00:00,0.36907999999999996
Netherlands,NLD,2022-08-06 21:00:00,2022-08-06 23:00:00,0.32498
Netherlands,NLD,2022-08-06 22:00:00,2022-08-07 00:00:00,0.27788999999999997
Netherlands,NLD,2022-08-06 23:00:00,2022-08-07 01:00:00,0.23285
Netherlands,NLD,2022-08-07 00:00:00,2022-08-07 02:00:00,0.21828
Netherlands,NLD,2022-08-07 01:00:00,2022-08-07 03:00:00,0.2064
Netherlands,NLD,2022-08-07 02:00:00,2022-08-07 04:00:00,0.20047
Netherlands,NLD,2022-08-07 03:00:00,2022-08-07 05:00:00,0.20523
Netherlands,NLD,2022-08-07 04:00:00,2022-08-07 06:00:00,0.205
Netherlands,NLD,2022-08-07 05:00:00,2022-08-07 07:00:00,0.20629
Netherlands,NLD,2022-08-07 06:00:00,2022-08-07 08:00:00,0.16227
Netherlands,NLD,2022-08-07 07:00:00,2022-08-07 09:00:00,0.1427
Netherlands,NLD,2022-08-07 08:00:00,2022-08-07 10:00:00,0.1
Netherlands,NLD,2022-08-07 09:00:00,2022-08-07 11:00:00,0.08769
Netherlands,NLD,2022-08-07 10:00:00,2022-08-07 12:00:00,0.08682
Netherlands,NLD,2022-08-07 11:00:00,2022-08-07 13:00:00,0.05866
Netherlands,NLD,2022-08-07 12:00:00,2022-08-07 14:00:00,0.0625
Netherlands,NLD,2022-08-07 13:00:00,2022-08-07 15:00:00,0.086
Netherlands,NLD,2022-08-07 14:00:00,2022-08-07 16:00:00,0.10283
Netherlands,NLD,2022-08-07 15:00:00,2022-08-07 17:00:00,0.19942
Netherlands,NLD,2022-08-07 16:00:00,2022-08-07 18:00:00,0.30167
Netherlands,NLD,2022-08-07 17:00:00,2022-08-07 19:00:00,0.39330000000000004
Netherlands,NLD,2022-08-07 18:00:00,2022-08-07 20:00:00,0.42199000000000003
Netherlands,NLD,2022-08-07 19:00:00,2022-08-07 21:00:00,0.41992
Netherlands,NLD,2022-08-07 20:00:00,2022-08-07 22:00:00,0.40186
Netherlands,NLD,2022-08-07 21:00:00,2022-08-07 23:00:00,0.35942
Netherlands,NLD,2022-08-07 22:00:00,2022-08-08 00:00:00,0.31007999999999997
Netherlands,NLD,2022-08-07 23:00:00,2022-08-08 01:00:00,0.2716
Netherlands,NLD,2022-08-08 00:00:00,2022-08-08 02:00:00,0.29114999999999996
Netherlands,NLD,2022-08-08 01:00:00,2022-08-08 03:00:00,0.2784
Netherlands,NLD,2022-08-08 02:00:00,2022-08-08 04:00:00,0.2729
Netherlands,NLD,2022-08-08 03:00:00,2022-08-08 05:00:00,0.31038
Netherlands,NLD,2022-08-08 04:00:00,2022-08-08 06:00:00,0.41842
Netherlands,NLD,2022-08-08 05:00:00,2022-08-08 07:00:00,0.42225
Netherlands,NLD,2022-08-08 06:00:00,2022-08-08 08:00:00,0.41468
Netherlands,NLD,2022-08-08 07:00:00,2022-08-08 09:00:00,0.38455
Netherlands,NLD,2022-08-08 08:00:00,2022-08-08 10:00:00,0.3394
Netherlands,NLD,2022-08-08 09:00:00,2022-08-08 11:00:00,0.29784
Netherlands,NLD,2022-08-08 10:00:00,2022-08-08 12:00:00,0.27735000000000004
Netherlands,NLD,2022-08-08 11:00:00,2022-08-08 13:00:00,0.28533
Netherlands,NLD,2022-08-08 12:00:00,2022-08-08 14:00:00,0.28307
Netherlands,NLD,2022-08-08 13:00:00,2022-08-08 15:00:00,0.30494
Netherlands,NLD,2022-08-08 14:00:00,2022-08-08 16:00:00,0.32935000000000003
Netherlands,NLD,2022-08-08 15:00:00,2022-08-08 17:00:00,0.40602
Netherlands,NLD,2022-08-08 16:00:00,2022-08-08 18:00:00,0.44001999999999997
Netherlands,NLD,2022-08-08 17:00:00,2022-08-08 19:00:00,0.49589999999999995
Netherlands,NLD,2022-08-08 18:00:00,2022-08-08 20:00:00,0.49387000000000003
Netherlands,NLD,2022-08-08 19:00:00,2022-08-08 21:00:00,0.455
Netherlands,NLD,2022-08-08 20:00:00,2022-08-08 22:00:00,0.42915
Netherlands,NLD,2022-08-08 21:00:00,2022-08-08 23:00:00,0.3912
Netherlands,NLD,2022-08-08 22:00:00,2022-08-09 00:00:00,0.33076
Netherlands,NLD,2022-08-08 23:00:00,2022-08-09 01:00:00,0.29892
Netherlands,NLD,2022-08-09 00:00:00,2022-08-09 02:00:00,0.29895
Netherlands,NLD,2022-08-09 01:00:00,2022-08-09 03:00:00,0.2892
Netherlands,NLD,2022-08-09 02:00:00,2022-08-09 04:00:00,0.29575
Netherlands,NLD,2022-08-09 03:00:00,2022-08-09 05:00:00,0.32001
Netherlands,NLD,2022-08-09 04:00:00,2022-08-09 06:00:00,0.38292000000000004
Netherlands,NLD,2022-08-09 05:00:00,2022-08-09 07:00:00,0.41498
Netherlands,NLD,2022-08-09 06:00:00,2022-08-09 08:00:00,0.42622000000000004
Netherlands,NLD,2022-08-09 07:00:00,2022-08-09 09:00:00,0.38399
Netherlands,NLD,2022-08-09 08:00:00,2022-08-09 10:00:00,0.31009
Netherlands,NLD,2022-08-09 09:00:00,2022-08-09 11:00:00,0.28217000000000003
Netherlands,NLD,2022-08-09 10:00:00,2022-08-09 12:00:00,0.25871
Netherlands,NLD,2022-08-09 11:00:00,2022-08-09 13:00:00,0.23987
Netherlands,NLD,2022-08-09 12:00:00,2022-08-09 14:00:00,0.23879
Netherlands,NLD,2022-08-09 13:00:00,2022-08-09 15:00:00,0.26144
Netherlands,NLD,2022-08-09 14:00:00,2022-08-09 16:00:00,0.28828
Netherlands,NLD,2022-08-09 15:00:00,2022-08-09 17:00:00,0.35085
Netherlands,NLD,2022-08-09 16:00:00,2022-08-09 18:00:00,0.42
Netherlands,NLD,2022-08-09 17:00:00,2022-08-09 19:00:00,0.4698
Netherlands,NLD,2022-08-09 18:00:00,2022-08-09 20:00:00,0.46972
Netherlands,NLD,2022-08-09 19:00:00,2022-08-09 21:00:00,0.42867
Netherlands,NLD,2022-08-09 20:00:00,2022-08-09 22:00:00,0.40645
Netherlands,NLD,2022-08-09 21:00:00,2022-08-09 23:00:00,0.34331
Netherlands,NLD,2022-08-09 22:00:00,2022-08-10 00:00:00,0.29701
Netherlands,NLD,2022-08-09 23:00:00,2022-08-10 01:00:00,0.28698
Netherlands,NLD,2022-08-10 00:00:00,2022-08-10 02:00:00,0.29871
Netherlands,NLD,2022-08-10 01:00:00,2022-08-10 03:00:00,0.2856
Netherlands,NLD,2022-08-10 02:00:00,2022-08-10 04:00:00,0.29399000000000003
Netherlands,NLD,2022-08-10 03:00:00,2022-08-10 05:00:00,0.30117
Netherlands,NLD,2022-08-10 04:00:00,2022-08-10 06:00:00,0.34745
Netherlands,NLD,2022-08-10 05:00:00,2022-08-10 07:00:00,0.39222
Netherlands,NLD,2022-08-10 06:00:00,2022-08-10 08:00:00,0.39551
Netherlands,NLD,2022-08-10 07:00:00,2022-08-10 09:00:00,0.35625999999999997
Netherlands,NLD,2022-08-10 08:00:00,2022-08-10 10:00:00,0.3029
Netherlands,NLD,2022-08-10 09:00:00,2022-08-10 11:00:00,0.27861
Netherlands,NLD,2022-08-10 10:00:00,2022-08-10 12:00:00,0.2715
Netherlands,NLD,2022-08-10 11:00:00,2022-08-10 13:00:00,0.2317
Netherlands,NLD,2022-08-10 12:00:00,2022-08-10 14:00:00,0.23817
Netherlands,NLD,2022-08-10 13:00:00,2022-08-10 15:00:00,0.2626
Netherlands,NLD,2022-08-10 14:00:00,2022-08-10 16:00:00,0.30310000000000004
Netherlands,NLD,2022-08-10 15:00:00,2022-08-10 17:00:00,0.353
Netherlands,NLD,2022-08-10 16:00:00,2022-08-10 18:00:00,0.40993
Netherlands,NLD,2022-08-10 17:00:00,2022-08-10 19:00:00,0.449
Netherlands,NLD,2022-08-10 18:00:00,2022-08-10 20:00:00,0.45473
Netherlands,NLD,2022-08-10 19:00:00,2022-08-10 21:00:00,0.42
Netherlands,NLD,2022-08-10 20:00:00,2022-08-10 22:00:00,0.40684
Netherlands,NLD,2022-08-10 21:00:00,2022-08-10 23:00:00,0.35501
Netherlands,NLD,2022-08-10 22:00:00,2022-08-11 00:00:00,0.30992000000000003
Netherlands,NLD,2022-08-10 23:00:00,2022-08-11 01:00:00,0.30002999999999996
Netherlands,NLD,2022-08-11 00:00:00,2022-08-11 02:00:00,0.31
Netherlands,NLD,2022-08-11 01:00:00,2022-08-11 03:00:00,0.3063
Netherlands,NLD,2022-08-11 02:00:00,2022-08-11 04:00:00,0.312
Netherlands,NLD,2022-08-11 03:00:00,2022-08-11 05:00:00,0.34706
Netherlands,NLD,2022-08-11 04:00:00,2022-08-11 06:00:00,0.40664999999999996
Netherlands,NLD,2022-08-11 05:00:00,2022-08-11 07:00:00,0.41997
Netherlands,NLD,2022-08-11 06:00:00,2022-08-11 08:00:00,0.4149
Netherlands,NLD,2022-08-11 07:00:00,2022-08-11 09:00:00,0.39716
Netherlands,NLD,2022-08-11 08:00:00,2022-08-11 10:00:00,0.3551
Netherlands,NLD,2022-08-11 09:00:00,2022-08-11 11:00:00,0.32685000000000003
Netherlands,NLD,2022-08-11 10:00:00,2022-08-11 12:00:00,0.2861
Netherlands,NLD,2022-08-11 11:00:00,2022-08-11 13:00:00,0.26986
Netherlands,NLD,2022-08-11 12:00:00,2022-08-11 14:00:00,0.26786
Netherlands,NLD,2022-08-11 13:00:00,2022-08-11 15:00:00,0.294
Netherlands,NLD,2022-08-11 14:00:00,2022-08-11 16:00:00,0.3348
Netherlands,NLD,2022-08-11 15:00:00,2022-08-11 17:00:00,0.40131
Netherlands,NLD,2022-08-11 16:00:00,2022-08-11 18:00:00,0.45
Netherlands,NLD,2022-08-11 17:00:00,2022-08-11 19:00:00,0.5398999999999999
Netherlands,NLD,2022-08-11 18:00:00,2022-08-11 20:00:00,0.53475
Netherlands,NLD,2022-08-11 19:00:00,2022-08-11 21:00:00,0.446
Netherlands,NLD,2022-08-11 20:00:00,2022-08-11 22:00:00,0.41499
Netherlands,NLD,2022-08-11 21:00:00,2022-08-11 23:00:00,0.39
Netherlands,NLD,2022-08-11 22:00:00,2022-08-12 00:00:00,0.42210000000000003
Netherlands,NLD,2022-08-11 23:00:00,2022-08-12 01:00:00,0.405
Netherlands,NLD,2022-08-12 00:00:00,2022-08-12 02:00:00,0.3957
Netherlands,NLD,2022-08-12 01:00:00,2022-08-12 03:00:00,0.39194999999999997
Netherlands,NLD,2022-08-12 02:00:00,2022-08-12 04:00:00,0.40257
Netherlands,NLD,2022-08-12 03:00:00,2022-08-12 05:00:00,0.40801
Netherlands,NLD,2022-08-12 04:00:00,2022-08-12 06:00:00,0.46926
Netherlands,NLD,2022-08-12 05:00:00,2022-08-12 07:00:00,0.5133099999999999
Netherlands,NLD,2022-08-12 06:00:00,2022-08-12 08:00:00,0.508
Netherlands,NLD,2022-08-12 07:00:00,2022-08-12 09:00:00,0.47256
Netherlands,NLD,2022-08-12 08:00:00,2022-08-12 10:00:00,0.4199
Netherlands,NLD,2022-08-12 09:00:00,2022-08-12 11:00:00,0.39116
Netherlands,NLD,2022-08-12 10:00:00,2022-08-12 12:00:00,0.3348
Netherlands,NLD,2022-08-12 11:00:00,2022-08-12 13:00:00,0.27666
Netherlands,NLD,2022-08-12 12:00:00,2022-08-12 14:00:00,0.29429
Netherlands,NLD,2022-08-12 13:00:00,2022-08-12 15:00:00,0.364
Netherlands,NLD,2022-08-12 14:00:00,2022-08-12 16:00:00,0.39058
Netherlands,NLD,2022-08-12 15:00:00,2022-08-12 17:00:00,0.44814
Netherlands,NLD,2022-08-12 16:00:00,2022-08-12 18:00:00,0.48999000000000004
Netherlands,NLD,2022-08-12 17:00:00,2022-08-12 19:00:00,0.56
Netherlands,NLD,2022-08-12 18:00:00,2022-08-12 20:00:00,0.5654
Netherlands,NLD,2022-08-12 19:00:00,2022-08-12 21:00:00,0.50778
Netherlands,NLD,2022-08-12 20:00:00,2022-08-12 22:00:00,0.46947000000000005
Netherlands,NLD,2022-08-12 21:00:00,2022-08-12 23:00:00,0.42402
Netherlands,NLD,2022-08-12 22:00:00,2022-08-13 00:00:00,0.42723
Netherlands,NLD,2022-08-12 23:00:00,2022-08-13 01:00:00,0.40070999999999996
Netherlands,NLD,2022-08-13 00:00:00,2022-08-13 02:00:00,0.38787
Netherlands,NLD,2022-08-13 01:00:00,2022-08-13 03:00:00,0.37409
Netherlands,NLD,2022-08-13 02:00:00,2022-08-13 04:00:00,0.37579
Netherlands,NLD,2022-08-13 03:00:00,2022-08-13 05:00:00,0.38276
Netherlands,NLD,2022-08-13 04:00:00,2022-08-13 06:00:00,0.37989999999999996
Netherlands,NLD,2022-08-13 05:00:00,2022-08-13 07:00:00,0.38874000000000003
Netherlands,NLD,2022-08-13 06:00:00,2022-08-13 08:00:00,0.3999
Netherlands,NLD,2022-08-13 07:00:00,2022-08-13 09:00:00,0.3745
Netherlands,NLD,2022-08-13 08:00:00,2022-08-13 10:00:00,0.33341000000000004
Netherlands,NLD,2022-08-13 09:00:00,2022-08-13 11:00:00,0.28117000000000003
Netherlands,NLD,2022-08-13 10:00:00,2022-08-13 12:00:00,0.1854
Netherlands,NLD,2022-08-13 11:00:00,2022-08-13 13:00:00,0.0849
Netherlands,NLD,2022-08-13 12:00:00,2022-08-13 14:00:00,0.1177
Netherlands,NLD,2022-08-13 13:00:00,2022-08-13 15:00:00,0.2655
Netherlands,NLD,2022-08-13 14:00:00,2022-08-13 16:00:00,0.33716
Netherlands,NLD,2022-08-13 15:00:00,2022-08-13 17:00:00,0.4123
Netherlands,NLD,2022-08-13 16:00:00,2022-08-13 18:00:00,0.4662
Netherlands,NLD,2022-08-13 17:00:00,2022-08-13 19:00:00,0.50326
Netherlands,NLD,2022-08-13 18:00:00,2022-08-13 20:00:00,0.5047
Netherlands,NLD,2022-08-13 19:00:00,2022-08-13 21:00:00,0.47994
Netherlands,NLD,2022-08-13 20:00:00,2022-08-13 22:00:00,0.46191000000000004
Netherlands,NLD,2022-08-13 21:00:00,2022-08-13 23:00:00,0.42589
Netherlands,NLD,2022-08-13 22:00:00,2022-08-14 00:00:00,0.4163
Netherlands,NLD,2022-08-13 23:00:00,2022-08-14 01:00:00,0.3972
Netherlands,NLD,2022-08-14 00:00:00,2022-08-14 02:00:00,0.37789999999999996
Netherlands,NLD,2022-08-14 01:00:00,2022-08-14 03:00:00,0.354
Netherlands,NLD,2022-08-14 02:00:00,2022-08-14 04:00:00,0.35006
Netherlands,NLD,2022-08-14 03:00:00,2022-08-14 05:00:00,0.35101
Netherlands,NLD,2022-08-14 04:00:00,2022-08-14 06:00:00,0.35277
Netherlands,NLD,2022-08-14 05:00:00,2022-08-14 07:00:00,0.35005000000000003
Netherlands,NLD,2022-08-14 06:00:00,2022-08-14 08:00:00,0.35517000000000004
Netherlands,NLD,2022-08-14 07:00:00,2022-08-14 09:00:00,0.33994
Netherlands,NLD,2022-08-14 08:00:00,2022-08-14 10:00:00,0.309
Netherlands,NLD,2022-08-14 09:00:00,2022-08-14 11:00:00,0.22953
Netherlands,NLD,2022-08-14 10:00:00,2022-08-14 12:00:00,0.0
Netherlands,NLD,2022-08-14 11:00:00,2022-08-14 13:00:00,-0.02
Netherlands,NLD,2022-08-14 12:00:00,2022-08-14 14:00:00,0.03576
Netherlands,NLD,2022-08-14 13:00:00,2022-08-14 15:00:00,0.14118
Netherlands,NLD,2022-08-14 14:00:00,2022-08-14 16:00:00,0.29131
Netherlands,NLD,2022-08-14 15:00:00,2022-08-14 17:00:00,0.34352
Netherlands,NLD,2022-08-14 16:00:00,2022-08-14 18:00:00,0.4159
Netherlands,NLD,2022-08-14 17:00:00,2022-08-14 19:00:00,0.45491000000000004
Netherlands,NLD,2022-08-14 18:00:00,2022-08-14 20:00:00,0.45996
Netherlands,NLD,2022-08-14 19:00:00,2022-08-14 21:00:00,0.4626
Netherlands,NLD,2022-08-14 20:00:00,2022-08-14 22:00:00,0.45542
Netherlands,NLD,2022-08-14 21:00:00,2022-08-14 23:00:00,0.41308999999999996
Netherlands,NLD,2022-08-14 22:00:00,2022-08-15 00:00:00,0.37503
Netherlands,NLD,2022-08-14 23:00:00,2022-08-15 01:00:00,0.36108999999999997
Netherlands,NLD,2022-08-15 00:00:00,2022-08-15 02:00:00,0.36063999999999996
Netherlands,NLD,2022-08-15 01:00:00,2022-08-15 03:00:00,0.35
Netherlands,NLD,2022-08-15 02:00:00,2022-08-15 04:00:00,0.35299
Netherlands,NLD,2022-08-15 03:00:00,2022-08-15 05:00:00,0.36358999999999997
Netherlands,NLD,2022-08-15 04:00:00,2022-08-15 06:00:00,0.40224
Netherlands,NLD,2022-08-15 05:00:00,2022-08-15 07:00:00,0.4457
Netherlands,NLD,2022-08-15 06:00:00,2022-08-15 08:00:00,0.4797
Netherlands,NLD,2022-08-15 07:00:00,2022-08-15 09:00:00,0.45280000000000004
Netherlands,NLD,2022-08-15 08:00:00,2022-08-15 10:00:00,0.43141
Netherlands,NLD,2022-08-15 09:00:00,2022-08-15 11:00:00,0.40706
Netherlands,NLD,2022-08-15 10:00:00,2022-08-15 12:00:00,0.40231
Netherlands,NLD,2022-08-15 11:00:00,2022-08-15 13:00:00,0.39213
Netherlands,NLD,2022-08-15 12:00:00,2022-08-15 14:00:00,0.39277
Netherlands,NLD,2022-08-15 13:00:00,2022-08-15 15:00:00,0.38009
Netherlands,NLD,2022-08-15 14:00:00,2022-08-15 16:00:00,0.40005
Netherlands,NLD,2022-08-15 15:00:00,2022-08-15 17:00:00,0.44883999999999996
Netherlands,NLD,2022-08-15 16:00:00,2022-08-15 18:00:00,0.495
Netherlands,NLD,2022-08-15 17:00:00,2022-08-15 19:00:00,0.52001
Netherlands,NLD,2022-08-15 18:00:00,2022-08-15 20:00:00,0.55572
Netherlands,NLD,2022-08-15 19:00:00,2022-08-15 21:00:00,0.53669
Netherlands,NLD,2022-08-15 20:00:00,2022-08-15 22:00:00,0.507
Netherlands,NLD,2022-08-15 21:00:00,2022-08-15 23:00:00,0.47542
Netherlands,NLD,2022-08-15 22:00:00,2022-08-16 00:00:00,0.43989999999999996
Netherlands,NLD,2022-08-15 23:00:00,2022-08-16 01:00:00,0.42216000000000004
Netherlands,NLD,2022-08-16 00:00:00,2022-08-16 02:00:00,0.3717
Netherlands,NLD,2022-08-16 01:00:00,2022-08-16 03:00:00,0.388
Netherlands,NLD,2022-08-16 02:00:00,2022-08-16 04:00:00,0.364
Netherlands,NLD,2022-08-16 03:00:00,2022-08-16 05:00:00,0.38180000000000003
Netherlands,NLD,2022-08-16 04:00:00,2022-08-16 06:00:00,0.43989999999999996
Netherlands,NLD,2022-08-16 05:00:00,2022-08-16 07:00:00,0.48
Netherlands,NLD,2022-08-16 06:00:00,2022-08-16 08:00:00,0.4515
Netherlands,NLD,2022-08-16 07:00:00,2022-08-16 09:00:00,0.4423
Netherlands,NLD,2022-08-16 08:00:00,2022-08-16 10:00:00,0.3951
Netherlands,NLD,2022-08-16 09:00:00,2022-08-16 11:00:00,0.37901999999999997
Netherlands,NLD,2022-08-16 10:00:00,2022-08-16 12:00:00,0.3552
Netherlands,NLD,2022-08-16 11:00:00,2022-08-16 13:00:00,0.36343000000000003
Netherlands,NLD,2022-08-16 12:00:00,2022-08-16 14:00:00,0.4014
Netherlands,NLD,2022-08-16 13:00:00,2022-08-16 15:00:00,0.4153
Netherlands,NLD,2022-08-16 14:00:00,2022-08-16 16:00:00,0.4317
Netherlands,NLD,2022-08-16 15:00:00,2022-08-16 17:00:00,0.495
Netherlands,NLD,2022-08-16 16:00:00,2022-08-16 18:00:00,0.5212
Netherlands,NLD,2022-08-16 17:00:00,2022-08-16 19:00:00,0.59999
Netherlands,NLD,2022-08-16 18:00:00,2022-08-16 20:00:00,0.6620499999999999
Netherlands,NLD,2022-08-16 19:00:00,2022-08-16 21:00:00,0.64838
Netherlands,NLD,2022-08-16 20:00:00,2022-08-16 22:00:00,0.56
Netherlands,NLD,2022-08-16 21:00:00,2022-08-16 23:00:00,0.50584
Netherlands,NLD,2022-08-16 22:00:00,2022-08-17 00:00:00,0.5239400000000001
Netherlands,NLD,2022-08-16 23:00:00,2022-08-17 01:00:00,0.48388
Netherlands,NLD,2022-08-17 00:00:00,2022-08-17 02:00:00,0.47213
Netherlands,NLD,2022-08-17 01:00:00,2022-08-17 03:00:00,0.4288
Netherlands,NLD,2022-08-17 02:00:00,2022-08-17 04:00:00,0.38571
Netherlands,NLD,2022-08-17 03:00:00,2022-08-17 05:00:00,0.4293
Netherlands,NLD,2022-08-17 04:00:00,2022-08-17 06:00:00,0.49051999999999996
Netherlands,NLD,2022-08-17 05:00:00,2022-08-17 07:00:00,0.5939
Netherlands,NLD,2022-08-17 06:00:00,2022-08-17 08:00:00,0.61633
Netherlands,NLD,2022-08-17 07:00:00,2022-08-17 09:00:00,0.5751000000000001
Netherlands,NLD,2022-08-17 08:00:00,2022-08-17 10:00:00,0.5499700000000001
Netherlands,NLD,2022-08-17 09:00:00,2022-08-17 11:00:00,0.52689
Netherlands,NLD,2022-08-17 10:00:00,2022-08-17 12:00:00,0.48
Netherlands,NLD,2022-08-17 11:00:00,2022-08-17 13:00:00,0.5
Netherlands,NLD,2022-08-17 12:00:00,2022-08-17 14:00:00,0.46203
Netherlands,NLD,2022-08-17 13:00:00,2022-08-17 15:00:00,0.5
Netherlands,NLD,2022-08-17 14:00:00,2022-08-17 16:00:00,0.5416
Netherlands,NLD,2022-08-17 15:00:00,2022-08-17 17:00:00,0.5932999999999999
Netherlands,NLD,2022-08-17 16:00:00,2022-08-17 18:00:00,0.67604
Netherlands,NLD,2022-08-17 17:00:00,2022-08-17 19:00:00,0.74793
Netherlands,NLD,2022-08-17 18:00:00,2022-08-17 20:00:00,0.681
Netherlands,NLD,2022-08-17 19:00:00,2022-08-17 21:00:00,0.62909
Netherlands,NLD,2022-08-17 20:00:00,2022-08-17 22:00:00,0.55203
Netherlands,NLD,2022-08-17 21:00:00,2022-08-17 23:00:00,0.50529
Netherlands,NLD,2022-08-17 22:00:00,2022-08-18 00:00:00,0.5239199999999999
Netherlands,NLD,2022-08-17 23:00:00,2022-08-18 01:00:00,0.4799
Netherlands,NLD,2022-08-18 00:00:00,2022-08-18 02:00:00,0.48
Netherlands,NLD,2022-08-18 01:00:00,2022-08-18 03:00:00,0.43492000000000003
Netherlands,NLD,2022-08-18 02:00:00,2022-08-18 04:00:00,0.41405000000000003
Netherlands,NLD,2022-08-18 03:00:00,2022-08-18 05:00:00,0.41605000000000003
Netherlands,NLD,2022-08-18 04:00:00,2022-08-18 06:00:00,0.55
Netherlands,NLD,2022-08-18 05:00:00,2022-08-18 07:00:00,0.5989
Netherlands,NLD,2022-08-18 06:00:00,2022-08-18 08:00:00,0.60225
Netherlands,NLD,2022-08-18 07:00:00,2022-08-18 09:00:00,0.6135900000000001
Netherlands,NLD,2022-08-18 08:00:00,2022-08-18 10:00:00,0.502
Netherlands,NLD,2022-08-18 09:00:00,2022-08-18 11:00:00,0.5576
Netherlands,NLD,2022-08-18 10:00:00,2022-08-18 12:00:00,0.5452100000000001
Netherlands,NLD,2022-08-18 11:00:00,2022-08-18 13:00:00,0.444
Netherlands,NLD,2022-08-18 12:00:00,2022-08-18 14:00:00,0.49923
Netherlands,NLD,2022-08-18 13:00:00,2022-08-18 15:00:00,0.491
Netherlands,NLD,2022-08-18 14:00:00,2022-08-18 16:00:00,0.35563
Netherlands,NLD,2022-08-18 15:00:00,2022-08-18 17:00:00,0.4368
Netherlands,NLD,2022-08-18 16:00:00,2022-08-18 18:00:00,0.45056999999999997
Netherlands,NLD,2022-08-18 17:00:00,2022-08-18 19:00:00,0.61825
Netherlands,NLD,2022-08-18 18:00:00,2022-08-18 20:00:00,0.639
Netherlands,NLD,2022-08-18 19:00:00,2022-08-18 21:00:00,0.6000599999999999
Netherlands,NLD,2022-08-18 20:00:00,2022-08-18 22:00:00,0.532
Netherlands,NLD,2022-08-18 21:00:00,2022-08-18 23:00:00,0.5249299999999999
Netherlands,NLD,2022-08-18 22:00:00,2022-08-19 00:00:00,0.5100899999999999
Netherlands,NLD,2022-08-18 23:00:00,2022-08-19 01:00:00,0.46763
Netherlands,NLD,2022-08-19 00:00:00,2022-08-19 02:00:00,0.4501
Netherlands,NLD,2022-08-19 01:00:00,2022-08-19 03:00:00,0.41868
Netherlands,NLD,2022-08-19 02:00:00,2022-08-19 04:00:00,0.43939
Netherlands,NLD,2022-08-19 03:00:00,2022-08-19 05:00:00,0.46962
Netherlands,NLD,2022-08-19 04:00:00,2022-08-19 06:00:00,0.50678
Netherlands,NLD,2022-08-19 05:00:00,2022-08-19 07:00:00,0.57124
Netherlands,NLD,2022-08-19 06:00:00,2022-08-19 08:00:00,0.5653400000000001
Netherlands,NLD,2022-08-19 07:00:00,2022-08-19 09:00:00,0.48510000000000003
Netherlands,NLD,2022-08-19 08:00:00,2022-08-19 10:00:00,0.42949
Netherlands,NLD,2022-08-19 09:00:00,2022-08-19 11:00:00,0.4402
Netherlands,NLD,2022-08-19 10:00:00,2022-08-19 12:00:00,0.4108
Netherlands,NLD,2022-08-19 11:00:00,2022-08-19 13:00:00,0.48310000000000003
Netherlands,NLD,2022-08-19 12:00:00,2022-08-19 14:00:00,0.45315
Netherlands,NLD,2022-08-19 13:00:00,2022-08-19 15:00:00,0.4353
Netherlands,NLD,2022-08-19 14:00:00,2022-08-19 16:00:00,0.49086
Netherlands,NLD,2022-08-19 15:00:00,2022-08-19 17:00:00,0.51742
Netherlands,NLD,2022-08-19 16:00:00,2022-08-19 18:00:00,0.5455599999999999
Netherlands,NLD,2022-08-19 17:00:00,2022-08-19 19:00:00,0.56899
Netherlands,NLD,2022-08-19 18:00:00,2022-08-19 20:00:00,0.5694
Netherlands,NLD,2022-08-19 19:00:00,2022-08-19 21:00:00,0.55
Netherlands,NLD,2022-08-19 20:00:00,2022-08-19 22:00:00,0.53058
Netherlands,NLD,2022-08-19 21:00:00,2022-08-19 23:00:00,0.50493
Netherlands,NLD,2022-08-19 22:00:00,2022-08-20 00:00:00,0.51209
Netherlands,NLD,2022-08-19 23:00:00,2022-08-20 01:00:00,0.50005
Netherlands,NLD,2022-08-20 00:00:00,2022-08-20 02:00:00,0.48008999999999996
Netherlands,NLD,2022-08-20 01:00:00,2022-08-20 03:00:00,0.46004
Netherlands,NLD,2022-08-20 02:00:00,2022-08-20 04:00:00,0.45261
Netherlands,NLD,2022-08-20 03:00:00,2022-08-20 05:00:00,0.45215
Netherlands,NLD,2022-08-20 04:00:00,2022-08-20 06:00:00,0.47169
Netherlands,NLD,2022-08-20 05:00:00,2022-08-20 07:00:00,0.47502999999999995
Netherlands,NLD,2022-08-20 06:00:00,2022-08-20 08:00:00,0.48493
Netherlands,NLD,2022-08-20 07:00:00,2022-08-20 09:00:00,0.48002
Netherlands,NLD,2022-08-20 08:00:00,2022-08-20 10:00:00,0.4645
Netherlands,NLD,2022-08-20 09:00:00,2022-08-20 11:00:00,0.44319
Netherlands,NLD,2022-08-20 10:00:00,2022-08-20 12:00:00,0.42010000000000003
Netherlands,NLD,2022-08-20 11:00:00,2022-08-20 13:00:00,0.35191
Netherlands,NLD,2022-08-20 12:00:00,2022-08-20 14:00:00,0.33188999999999996
Netherlands,NLD,2022-08-20 13:00:00,2022-08-20 15:00:00,0.3286
Netherlands,NLD,2022-08-20 14:00:00,2022-08-20 16:00:00,0.34837
Netherlands,NLD,2022-08-20 15:00:00,2022-08-20 17:00:00,0.40256000000000003
Netherlands,NLD,2022-08-20 16:00:00,2022-08-20 18:00:00,0.47506
Netherlands,NLD,2022-08-20 17:00:00,2022-08-20 19:00:00,0.52991
Netherlands,NLD,2022-08-20 18:00:00,2022-08-20 20:00:00,0.56908
Netherlands,NLD,2022-08-20 19:00:00,2022-08-20 21:00:00,0.5439299999999999
Netherlands,NLD,2022-08-20 20:00:00,2022-08-20 22:00:00,0.53667
Netherlands,NLD,2022-08-20 21:00:00,2022-08-20 23:00:00,0.43110000000000004
Netherlands,NLD,2022-08-20 22:00:00,2022-08-21 00:00:00,0.43027
Netherlands,NLD,2022-08-20 23:00:00,2022-08-21 01:00:00,0.381
Netherlands,NLD,2022-08-21 00:00:00,2022-08-21 02:00:00,0.37494
Netherlands,NLD,2022-08-21 01:00:00,2022-08-21 03:00:00,0.34426999999999996
Netherlands,NLD,2022-08-21 02:00:00,2022-08-21 04:00:00,0.323
Netherlands,NLD,2022-08-21 03:00:00,2022-08-21 05:00:00,0.32406999999999997
Netherlands,NLD,2022-08-21 04:00:00,2022-08-21 06:00:00,0.36599
Netherlands,NLD,2022-08-21 05:00:00,2022-08-21 07:00:00,0.34835000000000005
Netherlands,NLD,2022-08-21 06:00:00,2022-08-21 08:00:00,0.332
Netherlands,NLD,2022-08-21 07:00:00,2022-08-21 09:00:00,0.31726
Netherlands,NLD,2022-08-21 08:00:00,2022-08-21 10:00:00,0.25452
Netherlands,NLD,2022-08-21 09:00:00,2022-08-21 11:00:00,0.15935
Netherlands,NLD,2022-08-21 10:00:00,2022-08-21 12:00:00,0.09731000000000001
Netherlands,NLD,2022-08-21 11:00:00,2022-08-21 13:00:00,0.056
Netherlands,NLD,2022-08-21 12:00:00,2022-08-21 14:00:00,0.09734000000000001
Netherlands,NLD,2022-08-21 13:00:00,2022-08-21 15:00:00,0.18569999999999998
Netherlands,NLD,2022-08-21 14:00:00,2022-08-21 16:00:00,0.31448000000000004
Netherlands,NLD,2022-08-21 15:00:00,2022-08-21 17:00:00,0.455
Netherlands,NLD,2022-08-21 16:00:00,2022-08-21 18:00:00,0.53
Netherlands,NLD,2022-08-21 17:00:00,2022-08-21 19:00:00,0.592
Netherlands,NLD,2022-08-21 18:00:00,2022-08-21 20:00:00,0.6265
Netherlands,NLD,2022-08-21 19:00:00,2022-08-21 21:00:00,0.6073500000000001
Netherlands,NLD,2022-08-21 20:00:00,2022-08-21 22:00:00,0.59546
Netherlands,NLD,2022-08-21 21:00:00,2022-08-21 23:00:00,0.57011
Netherlands,NLD,2022-08-21 22:00:00,2022-08-22 00:00:00,0.50425
Netherlands,NLD,2022-08-21 23:00:00,2022-08-22 01:00:00,0.47742
Netherlands,NLD,2022-08-22 00:00:00,2022-08-22 02:00:00,0.46764
Netherlands,NLD,2022-08-22 01:00:00,2022-08-22 03:00:00,0.44783
Netherlands,NLD,2022-08-22 02:00:00,2022-08-22 04:00:00,0.45002
Netherlands,NLD,2022-08-22 03:00:00,2022-08-22 05:00:00,0.49707999999999997
Netherlands,NLD,2022-08-22 04:00:00,2022-08-22 06:00:00,0.56172
Netherlands,NLD,2022-08-22 05:00:00,2022-08-22 07:00:00,0.5999
Netherlands,NLD,2022-08-22 06:00:00,2022-08-22 08:00:00,0.61
Netherlands,NLD,2022-08-22 07:00:00,2022-08-22 09:00:00,0.5955900000000001
Netherlands,NLD,2022-08-22 08:00:00,2022-08-22 10:00:00,0.5834600000000001
Netherlands,NLD,2022-08-22 09:00:00,2022-08-22 11:00:00,0.5675
Netherlands,NLD,2022-08-22 10:00:00,2022-08-22 12:00:00,0.4599
Netherlands,NLD,2022-08-22 11:00:00,2022-08-22 13:00:00,0.5199900000000001
Netherlands,NLD,2022-08-22 12:00:00,2022-08-22 14:00:00,0.55
Netherlands,NLD,2022-08-22 13:00:00,2022-08-22 15:00:00,0.5772
Netherlands,NLD,2022-08-22 14:00:00,2022-08-22 16:00:00,0.5866699999999999
Netherlands,NLD,2022-08-22 15:00:00,2022-08-22 17:00:00,0.6135499999999999
Netherlands,NLD,2022-08-22 16:00:00,2022-08-22 18:00:00,0.64
Netherlands,NLD,2022-08-22 17:00:00,2022-08-22 19:00:00,0.64423
Netherlands,NLD,2022-08-22 18:00:00,2022-08-22 20:00:00,0.6799700000000001
Netherlands,NLD,2022-08-22 19:00:00,2022-08-22 21:00:00,0.62963
Netherlands,NLD,2022-08-22 20:00:00,2022-08-22 22:00:00,0.58886
Netherlands,NLD,2022-08-22 21:00:00,2022-08-22 23:00:00,0.545
Netherlands,NLD,2022-08-22 22:00:00,2022-08-23 00:00:00,0.55
Netherlands,NLD,2022-08-22 23:00:00,2022-08-23 01:00:00,0.50473
Netherlands,NLD,2022-08-23 00:00:00,2022-08-23 02:00:00,0.507
Netherlands,NLD,2022-08-23 01:00:00,2022-08-23 03:00:00,0.50057
Netherlands,NLD,2022-08-23 02:00:00,2022-08-23 04:00:00,0.50332
Netherlands,NLD,2022-08-23 03:00:00,2022-08-23 05:00:00,0.5310199999999999
Netherlands,NLD,2022-08-23 04:00:00,2022-08-23 06:00:00,0.62795
Netherlands,NLD,2022-08-23 05:00:00,2022-08-23 07:00:00,0.6682100000000001
Netherlands,NLD,2022-08-23 06:00:00,2022-08-23 08:00:00,0.68
Netherlands,NLD,2022-08-23 07:00:00,2022-08-23 09:00:00,0.6401
Netherlands,NLD,2022-08-23 08:00:00,2022-08-23 10:00:00,0.61401
Netherlands,NLD,2022-08-23 09:00:00,2022-08-23 11:00:00,0.5394
Netherlands,NLD,2022-08-23 10:00:00,2022-08-23 12:00:00,0.5119
Netherlands,NLD,2022-08-23 11:00:00,2022-08-23 13:00:00,0.50004
Netherlands,NLD,2022-08-23 12:00:00,2022-08-23 14:00:00,0.54932
Netherlands,NLD,2022-08-23 13:00:00,2022-08-23 15:00:00,0.57262
Netherlands,NLD,2022-08-23 14:00:00,2022-08-23 16:00:00,0.6044299999999999
Netherlands,NLD,2022-08-23 15:00:00,2022-08-23 17:00:00,0.64815
Netherlands,NLD,2022-08-23 16:00:00,2022-08-23 18:00:00,0.71365
Netherlands,NLD,2022-08-23 17:00:00,2022-08-23 19:00:00,0.79495
Netherlands,NLD,2022-08-23 18:00:00,2022-08-23 20:00:00,0.771
Netherlands,NLD,2022-08-23 19:00:00,2022-08-23 21:00:00,0.7088300000000001
Netherlands,NLD,2022-08-23 20:00:00,2022-08-23 22:00:00,0.644
Netherlands,NLD,2022-08-23 21:00:00,2022-08-23 23:00:00,0.59999
Netherlands,NLD,2022-08-23 22:00:00,2022-08-24 00:00:00,0.5818
Netherlands,NLD,2022-08-23 23:00:00,2022-08-24 01:00:00,0.55
Netherlands,NLD,2022-08-24 00:00:00,2022-08-24 02:00:00,0.5501900000000001
Netherlands,NLD,2022-08-24 01:00:00,2022-08-24 03:00:00,0.53598
Netherlands,NLD,2022-08-24 02:00:00,2022-08-24 04:00:00,0.53901
Netherlands,NLD,2022-08-24 03:00:00,2022-08-24 05:00:00,0.5741799999999999
Netherlands,NLD,2022-08-24 04:00:00,2022-08-24 06:00:00,0.648
Netherlands,NLD,2022-08-24 05:00:00,2022-08-24 07:00:00,0.68325
Netherlands,NLD,2022-08-24 06:00:00,2022-08-24 08:00:00,0.69426
Netherlands,NLD,2022-08-24 07:00:00,2022-08-24 09:00:00,0.6499199999999999
Netherlands,NLD,2022-08-24 08:00:00,2022-08-24 10:00:00,0.5300199999999999
Netherlands,NLD,2022-08-24 09:00:00,2022-08-24 11:00:00,0.5226000000000001
Netherlands,NLD,2022-08-24 10:00:00,2022-08-24 12:00:00,0.45715
Netherlands,NLD,2022-08-24 11:00:00,2022-08-24 13:00:00,0.49561
Netherlands,NLD,2022-08-24 12:00:00,2022-08-24 14:00:00,0.49513
Netherlands,NLD,2022-08-24 13:00:00,2022-08-24 15:00:00,0.5544
Netherlands,NLD,2022-08-24 14:00:00,2022-08-24 16:00:00,0.6000599999999999
Netherlands,NLD,2022-08-24 15:00:00,2022-08-24 17:00:00,0.6723300000000001
Netherlands,NLD,2022-08-24 16:00:00,2022-08-24 18:00:00,0.75
Netherlands,NLD,2022-08-24 17:00:00,2022-08-24 19:00:00,0.85
Netherlands,NLD,2022-08-24 18:00:00,2022-08-24 20:00:00,0.7835599999999999
Netherlands,NLD,2022-08-24 19:00:00,2022-08-24 21:00:00,0.72487
Netherlands,NLD,2022-08-24 20:00:00,2022-08-24 22:00:00,0.65937
Netherlands,NLD,2022-08-24 21:00:00,2022-08-24 23:00:00,0.5705399999999999
Netherlands,NLD,2022-08-24 22:00:00,2022-08-25 00:00:00,0.52135
Netherlands,NLD,2022-08-24 23:00:00,2022-08-25 01:00:00,0.5229199999999999
Netherlands,NLD,2022-08-25 00:00:00,2022-08-25 02:00:00,0.52007
Netherlands,NLD,2022-08-25 01:00:00,2022-08-25 03:00:00,0.51306
Netherlands,NLD,2022-08-25 02:00:00,2022-08-25 04:00:00,0.5186000000000001
Netherlands,NLD,2022-08-25 03:00:00,2022-08-25 05:00:00,0.53007
Netherlands,NLD,2022-08-25 04:00:00,2022-08-25 06:00:00,0.60623
Netherlands,NLD,2022-08-25 05:00:00,2022-08-25 07:00:00,0.66759
Netherlands,NLD,2022-08-25 06:00:00,2022-08-25 08:00:00,0.68984
Netherlands,NLD,2022-08-25 07:00:00,2022-08-25 09:00:00,0.63739
Netherlands,NLD,2022-08-25 08:00:00,2022-08-25 10:00:00,0.57204
Netherlands,NLD,2022-08-25 09:00:00,2022-08-25 11:00:00,0.48454
Netherlands,NLD,2022-08-25 10:00:00,2022-08-25 12:00:00,0.41838
Netherlands,NLD,2022-08-25 11:00:00,2022-08-25 13:00:00,0.48719999999999997
Netherlands,NLD,2022-08-25 12:00:00,2022-08-25 14:00:00,0.40126
Netherlands,NLD,2022-08-25 13:00:00,2022-08-25 15:00:00,0.49989999999999996
Netherlands,NLD,2022-08-25 14:00:00,2022-08-25 16:00:00,0.5321
Netherlands,NLD,2022-08-25 15:00:00,2022-08-25 17:00:00,0.6868
Netherlands,NLD,2022-08-25 16:00:00,2022-08-25 18:00:00,0.71423
Netherlands,NLD,2022-08-25 17:00:00,2022-08-25 19:00:00,0.76679
Netherlands,NLD,2022-08-25 18:00:00,2022-08-25 20:00:00,0.76
Netherlands,NLD,2022-08-25 19:00:00,2022-08-25 21:00:00,0.71
Netherlands,NLD,2022-08-25 20:00:00,2022-08-25 22:00:00,0.6734
Netherlands,NLD,2022-08-25 21:00:00,2022-08-25 23:00:00,0.62673
Netherlands,NLD,2022-08-25 22:00:00,2022-08-26 00:00:00,0.60715
Netherlands,NLD,2022-08-25 23:00:00,2022-08-26 01:00:00,0.5800700000000001
Netherlands,NLD,2022-08-26 00:00:00,2022-08-26 02:00:00,0.57253
Netherlands,NLD,2022-08-26 01:00:00,2022-08-26 03:00:00,0.57104
Netherlands,NLD,2022-08-26 02:00:00,2022-08-26 04:00:00,0.56921
Netherlands,NLD,2022-08-26 03:00:00,2022-08-26 05:00:00,0.59899
Netherlands,NLD,2022-08-26 04:00:00,2022-08-26 06:00:00,0.75
Netherlands,NLD,2022-08-26 05:00:00,2022-08-26 07:00:00,0.76923
Netherlands,NLD,2022-08-26 06:00:00,2022-08-26 08:00:00,0.80298
Netherlands,NLD,2022-08-26 07:00:00,2022-08-26 09:00:00,0.78162
Netherlands,NLD,2022-08-26 08:00:00,2022-08-26 10:00:00,0.7632000000000001
Netherlands,NLD,2022-08-26 09:00:00,2022-08-26 11:00:00,0.75003
Netherlands,NLD,2022-08-26 10:00:00,2022-08-26 12:00:00,0.6999
Netherlands,NLD,2022-08-26 11:00:00,2022-08-26 13:00:00,0.6418200000000001
Netherlands,NLD,2022-08-26 12:00:00,2022-08-26 14:00:00,0.59014
Netherlands,NLD,2022-08-26 13:00:00,2022-08-26 15:00:00,0.648
Netherlands,NLD,2022-08-26 14:00:00,2022-08-26 16:00:00,0.6598999999999999
Netherlands,NLD,2022-08-26 15:00:00,2022-08-26 17:00:00,0.75
Netherlands,NLD,2022-08-26 16:00:00,2022-08-26 18:00:00,0.77
Netherlands,NLD,2022-08-26 17:00:00,2022-08-26 19:00:00,0.7798099999999999
Netherlands,NLD,2022-08-26 18:00:00,2022-08-26 20:00:00,0.77851
Netherlands,NLD,2022-08-26 19:00:00,2022-08-26 21:00:00,0.77
Netherlands,NLD,2022-08-26 20:00:00,2022-08-26 22:00:00,0.74774
Netherlands,NLD,2022-08-26 21:00:00,2022-08-26 23:00:00,0.7
Netherlands,NLD,2022-08-26 22:00:00,2022-08-27 00:00:00,0.68514
Netherlands,NLD,2022-08-26 23:00:00,2022-08-27 01:00:00,0.6442
Netherlands,NLD,2022-08-27 00:00:00,2022-08-27 02:00:00,0.6367999999999999
Netherlands,NLD,2022-08-27 01:00:00,2022-08-27 03:00:00,0.5879
Netherlands,NLD,2022-08-27 02:00:00,2022-08-27 04:00:00,0.56347
Netherlands,NLD,2022-08-27 03:00:00,2022-08-27 05:00:00,0.5731
Netherlands,NLD,2022-08-27 04:00:00,2022-08-27 06:00:00,0.5809
Netherlands,NLD,2022-08-27 05:00:00,2022-08-27 07:00:00,0.636
Netherlands,NLD,2022-08-27 06:00:00,2022-08-27 08:00:00,0.68259
Netherlands,NLD,2022-08-27 07:00:00,2022-08-27 09:00:00,0.6859500000000001
Netherlands,NLD,2022-08-27 08:00:00,2022-08-27 10:00:00,0.66075
Netherlands,NLD,2022-08-27 09:00:00,2022-08-27 11:00:00,0.57148
Netherlands,NLD,2022-08-27 10:00:00,2022-08-27 12:00:00,0.5376000000000001
Netherlands,NLD,2022-08-27 11:00:00,2022-08-27 13:00:00,0.47702999999999995
Netherlands,NLD,2022-08-27 12:00:00,2022-08-27 14:00:00,0.49015
Netherlands,NLD,2022-08-27 13:00:00,2022-08-27 15:00:00,0.44601999999999997
Netherlands,NLD,2022-08-27 14:00:00,2022-08-27 16:00:00,0.47858
Netherlands,NLD,2022-08-27 15:00:00,2022-08-27 17:00:00,0.55034
Netherlands,NLD,2022-08-27 16:00:00,2022-08-27 18:00:00,0.66716
Netherlands,NLD,2022-08-27 17:00:00,2022-08-27 19:00:00,0.70736
Netherlands,NLD,2022-08-27 18:00:00,2022-08-27 20:00:00,0.7000599999999999
Netherlands,NLD,2022-08-27 19:00:00,2022-08-27 21:00:00,0.66598
Netherlands,NLD,2022-08-27 20:00:00,2022-08-27 22:00:00,0.6599400000000001
Netherlands,NLD,2022-08-27 21:00:00,2022-08-27 23:00:00,0.5972999999999999
Netherlands,NLD,2022-08-27 22:00:00,2022-08-28 00:00:00,0.5850299999999999
Netherlands,NLD,2022-08-27 23:00:00,2022-08-28 01:00:00,0.4914
Netherlands,NLD,2022-08-28 00:00:00,2022-08-28 02:00:00,0.4677
Netherlands,NLD,2022-08-28 01:00:00,2022-08-28 03:00:00,0.43
Netherlands,NLD,2022-08-28 02:00:00,2022-08-28 04:00:00,0.42597
Netherlands,NLD,2022-08-28 03:00:00,2022-08-28 05:00:00,0.40992
Netherlands,NLD,2022-08-28 04:00:00,2022-08-28 06:00:00,0.42729
Netherlands,NLD,2022-08-28 05:00:00,2022-08-28 07:00:00,0.44191
Netherlands,NLD,2022-08-28 06:00:00,2022-08-28 08:00:00,0.46745
Netherlands,NLD,2022-08-28 07:00:00,2022-08-28 09:00:00,0.43762
Netherlands,NLD,2022-08-28 08:00:00,2022-08-28 10:00:00,0.27438999999999997
Netherlands,NLD,2022-08-28 09:00:00,2022-08-28 11:00:00,0.21943000000000001
Netherlands,NLD,2022-08-28 10:00:00,2022-08-28 12:00:00,0.00679
Netherlands,NLD,2022-08-28 11:00:00,2022-08-28 13:00:00,-0.01085
Netherlands,NLD,2022-08-28 12:00:00,2022-08-28 14:00:00,-0.01
Netherlands,NLD,2022-08-28 13:00:00,2022-08-28 15:00:00,-0.03725
Netherlands,NLD,2022-08-28 14:00:00,2022-08-28 16:00:00,0.076
Netherlands,NLD,2022-08-28 15:00:00,2022-08-28 17:00:00,0.3362
Netherlands,NLD,2022-08-28 16:00:00,2022-08-28 18:00:00,0.5764400000000001
Netherlands,NLD,2022-08-28 17:00:00,2022-08-28 19:00:00,0.6724199999999999
Netherlands,NLD,2022-08-28 18:00:00,2022-08-28 20:00:00,0.69898
Netherlands,NLD,2022-08-28 19:00:00,2022-08-28 21:00:00,0.6453099999999999
Netherlands,NLD,2022-08-28 20:00:00,2022-08-28 22:00:00,0.6067
Netherlands,NLD,2022-08-28 21:00:00,2022-08-28 23:00:00,0.5900299999999999
Netherlands,NLD,2022-08-28 22:00:00,2022-08-29 00:00:00,0.59085
Netherlands,NLD,2022-08-28 23:00:00,2022-08-29 01:00:00,0.54414
Netherlands,NLD,2022-08-29 00:00:00,2022-08-29 02:00:00,0.5233
Netherlands,NLD,2022-08-29 01:00:00,2022-08-29 03:00:00,0.5181
Netherlands,NLD,2022-08-29 02:00:00,2022-08-29 04:00:00,0.51602
Netherlands,NLD,2022-08-29 03:00:00,2022-08-29 05:00:00,0.57833
Netherlands,NLD,2022-08-29 04:00:00,2022-08-29 06:00:00,0.68998
Netherlands,NLD,2022-08-29 05:00:00,2022-08-29 07:00:00,0.7699199999999999
Netherlands,NLD,2022-08-29 06:00:00,2022-08-29 08:00:00,0.79106
Netherlands,NLD,2022-08-29 07:00:00,2022-08-29 09:00:00,0.592
Netherlands,NLD,2022-08-29 08:00:00,2022-08-29 10:00:00,0.61449
Netherlands,NLD,2022-08-29 09:00:00,2022-08-29 11:00:00,0.5431
Netherlands,NLD,2022-08-29 10:00:00,2022-08-29 12:00:00,0.47238
Netherlands,NLD,2022-08-29 11:00:00,2022-08-29 13:00:00,0.51352
Netherlands,NLD,2022-08-29 12:00:00,2022-08-29 14:00:00,0.51043
Netherlands,NLD,2022-08-29 13:00:00,2022-08-29 15:00:00,0.50064
Netherlands,NLD,2022-08-29 14:00:00,2022-08-29 16:00:00,0.60042
Netherlands,NLD,2022-08-29 15:00:00,2022-08-29 17:00:00,0.73868
Netherlands,NLD,2022-08-29 16:00:00,2022-08-29 18:00:00,0.7399
Netherlands,NLD,2022-08-29 17:00:00,2022-08-29 19:00:00,0.871
Netherlands,NLD,2022-08-29 18:00:00,2022-08-29 20:00:00,0.8608899999999999
Netherlands,NLD,2022-08-29 19:00:00,2022-08-29 21:00:00,0.8
Netherlands,NLD,2022-08-29 20:00:00,2022-08-29 22:00:00,0.7573
Netherlands,NLD,2022-08-29 21:00:00,2022-08-29 23:00:00,0.485
Netherlands,NLD,2022-08-29 22:00:00,2022-08-30 00:00:00,0.61749
Netherlands,NLD,2022-08-29 23:00:00,2022-08-30 01:00:00,0.5950700000000001
Netherlands,NLD,2022-08-30 00:00:00,2022-08-30 02:00:00,0.58501
Netherlands,NLD,2022-08-30 01:00:00,2022-08-30 03:00:00,0.58496
Netherlands,NLD,2022-08-30 02:00:00,2022-08-30 04:00:00,0.52436
Netherlands,NLD,2022-08-30 03:00:00,2022-08-30 05:00:00,0.6125499999999999
Netherlands,NLD,2022-08-30 04:00:00,2022-08-30 06:00:00,0.7399
Netherlands,NLD,2022-08-30 05:00:00,2022-08-30 07:00:00,0.77806
Netherlands,NLD,2022-08-30 06:00:00,2022-08-30 08:00:00,0.79131
Netherlands,NLD,2022-08-30 07:00:00,2022-08-30 09:00:00,0.75552
Netherlands,NLD,2022-08-30 08:00:00,2022-08-30 10:00:00,0.65
Netherlands,NLD,2022-08-30 09:00:00,2022-08-30 11:00:00,0.55102
Netherlands,NLD,2022-08-30 10:00:00,2022-08-30 12:00:00,0.4972
Netherlands,NLD,2022-08-30 11:00:00,2022-08-30 13:00:00,0.46994
Netherlands,NLD,2022-08-30 12:00:00,2022-08-30 14:00:00,0.50798
Netherlands,NLD,2022-08-30 13:00:00,2022-08-30 15:00:00,0.50692
Netherlands,NLD,2022-08-30 14:00:00,2022-08-30 16:00:00,0.5113
Netherlands,NLD,2022-08-30 15:00:00,2022-08-30 17:00:00,0.71837
Netherlands,NLD,2022-08-30 16:00:00,2022-08-30 18:00:00,0.67726
Netherlands,NLD,2022-08-30 17:00:00,2022-08-30 19:00:00,0.5943099999999999
Netherlands,NLD,2022-08-30 18:00:00,2022-08-30 20:00:00,0.66706
Netherlands,NLD,2022-08-30 19:00:00,2022-08-30 21:00:00,0.47605000000000003
Netherlands,NLD,2022-08-30 20:00:00,2022-08-30 22:00:00,0.6108899999999999
Netherlands,NLD,2022-08-30 21:00:00,2022-08-30 23:00:00,0.5561900000000001
Netherlands,NLD,2022-08-30 22:00:00,2022-08-31 00:00:00,0.50039
Netherlands,NLD,2022-08-30 23:00:00,2022-08-31 01:00:00,0.50888
Netherlands,NLD,2022-08-31 00:00:00,2022-08-31 02:00:00,0.53846
Netherlands,NLD,2022-08-31 01:00:00,2022-08-31 03:00:00,0.46908999999999995
Netherlands,NLD,2022-08-31 02:00:00,2022-08-31 04:00:00,0.54183
Netherlands,NLD,2022-08-31 03:00:00,2022-08-31 05:00:00,0.52858
Netherlands,NLD,2022-08-31 04:00:00,2022-08-31 06:00:00,0.64999
Netherlands,NLD,2022-08-31 05:00:00,2022-08-31 07:00:00,0.49231
Netherlands,NLD,2022-08-31 06:00:00,2022-08-31 08:00:00,0.55
Netherlands,NLD,2022-08-31 07:00:00,2022-08-31 09:00:00,0.5903999999999999
Netherlands,NLD,2022-08-31 08:00:00,2022-08-31 10:00:00,0.4723
Netherlands,NLD,2022-08-31 09:00:00,2022-08-31 11:00:00,0.551
Netherlands,NLD,2022-08-31 10:00:00,2022-08-31 12:00:00,0.49601
Netherlands,NLD,2022-08-31 11:00:00,2022-08-31 13:00:00,0.452
Netherlands,NLD,2022-08-31 12:00:00,2022-08-31 14:00:00,0.45753
Netherlands,NLD,2022-08-31 13:00:00,2022-08-31 15:00:00,0.466
Netherlands,NLD,2022-08-31 14:00:00,2022-08-31 16:00:00,0.48242
Netherlands,NLD,2022-08-31 15:00:00,2022-08-31 17:00:00,0.55
Netherlands,NLD,2022-08-31 16:00:00,2022-08-31 18:00:00,0.5851000000000001
Netherlands,NLD,2022-08-31 17:00:00,2022-08-31 19:00:00,0.63162
Netherlands,NLD,2022-08-31 18:00:00,2022-08-31 20:00:00,0.67987
Netherlands,NLD,2022-08-31 19:00:00,2022-08-31 21:00:00,0.65491
Netherlands,NLD,2022-08-31 20:00:00,2022-08-31 22:00:00,0.49989999999999996
Netherlands,NLD,2022-08-31 21:00:00,2022-08-31 23:00:00,0.47861000000000004
Netherlands,NLD,2022-08-31 22:00:00,2022-09-01 00:00:00,0.4264
Netherlands,NLD,2022-08-31 23:00:00,2022-09-01 01:00:00,0.44595999999999997
Netherlands,NLD,2022-09-01 00:00:00,2022-09-01 02:00:00,0.44776
Netherlands,NLD,2022-09-01 01:00:00,2022-09-01 03:00:00,0.45198
Netherlands,NLD,2022-09-01 02:00:00,2022-09-01 04:00:00,0.49513
Netherlands,NLD,2022-09-01 03:00:00,2022-09-01 05:00:00,0.5327999999999999
Netherlands,NLD,2022-09-01 04:00:00,2022-09-01 06:00:00,0.6136900000000001
Netherlands,NLD,2022-09-01 05:00:00,2022-09-01 07:00:00,0.65339
Netherlands,NLD,2022-09-01 06:00:00,2022-09-01 08:00:00,0.62687
Netherlands,NLD,2022-09-01 07:00:00,2022-09-01 09:00:00,0.58358
Netherlands,NLD,2022-09-01 08:00:00,2022-09-01 10:00:00,0.5199
Netherlands,NLD,2022-09-01 09:00:00,2022-09-01 11:00:00,0.4788
Netherlands,NLD,2022-09-01 10:00:00,2022-09-01 12:00:00,0.44168
Netherlands,NLD,2022-09-01 11:00:00,2022-09-01 13:00:00,0.46398
Netherlands,NLD,2022-09-01 12:00:00,2022-09-01 14:00:00,0.4614
Netherlands,NLD,2022-09-01 13:00:00,2022-09-01 15:00:00,0.4695
Netherlands,NLD,2022-09-01 14:00:00,2022-09-01 16:00:00,0.51413
Netherlands,NLD,2022-09-01 15:00:00,2022-09-01 17:00:00,0.6012000000000001
Netherlands,NLD,2022-09-01 16:00:00,2022-09-01 18:00:00,0.635
Netherlands,NLD,2022-09-01 17:00:00,2022-09-01 19:00:00,0.68098
Netherlands,NLD,2022-09-01 18:00:00,2022-09-01 20:00:00,0.65
Netherlands,NLD,2022-09-01 19:00:00,2022-09-01 21:00:00,0.6131
Netherlands,NLD,2022-09-01 20:00:00,2022-09-01 22:00:00,0.55
Netherlands,NLD,2022-09-01 21:00:00,2022-09-01 23:00:00,0.475
Netherlands,NLD,2022-09-01 22:00:00,2022-09-02 00:00:00,0.45605
Netherlands,NLD,2022-09-01 23:00:00,2022-09-02 01:00:00,0.41874
Netherlands,NLD,2022-09-02 00:00:00,2022-09-02 02:00:00,0.39535000000000003
Netherlands,NLD,2022-09-02 01:00:00,2022-09-02 03:00:00,0.36268
Netherlands,NLD,2022-09-02 02:00:00,2022-09-02 04:00:00,0.39173
Netherlands,NLD,2022-09-02 03:00:00,2022-09-02 05:00:00,0.44542000000000004
Netherlands,NLD,2022-09-02 04:00:00,2022-09-02 06:00:00,0.53208
Netherlands,NLD,2022-09-02 05:00:00,2022-09-02 07:00:00,0.5661
Netherlands,NLD,2022-09-02 06:00:00,2022-09-02 08:00:00,0.5814
Netherlands,NLD,2022-09-02 07:00:00,2022-09-02 09:00:00,0.5205299999999999
Netherlands,NLD,2022-09-02 08:00:00,2022-09-02 10:00:00,0.49698000000000003
Netherlands,NLD,2022-09-02 09:00:00,2022-09-02 11:00:00,0.41638
Netherlands,NLD,2022-09-02 10:00:00,2022-09-02 12:00:00,0.2813
Netherlands,NLD,2022-09-02 11:00:00,2022-09-02 13:00:00,0.26217
Netherlands,NLD,2022-09-02 12:00:00,2022-09-02 14:00:00,0.26397000000000004
Netherlands,NLD,2022-09-02 13:00:00,2022-09-02 15:00:00,0.31068
Netherlands,NLD,2022-09-02 14:00:00,2022-09-02 16:00:00,0.36683
Netherlands,NLD,2022-09-02 15:00:00,2022-09-02 17:00:00,0.4848
Netherlands,NLD,2022-09-02 16:00:00,2022-09-02 18:00:00,0.55423
Netherlands,NLD,2022-09-02 17:00:00,2022-09-02 19:00:00,0.59396
Netherlands,NLD,2022-09-02 18:00:00,2022-09-02 20:00:00,0.5501
Netherlands,NLD,2022-09-02 19:00:00,2022-09-02 21:00:00,0.402
Netherlands,NLD,2022-09-02 20:00:00,2022-09-02 22:00:00,0.291
Netherlands,NLD,2022-09-02 21:00:00,2022-09-02 23:00:00,0.26227999999999996
Netherlands,NLD,2022-09-02 22:00:00,2022-09-03 00:00:00,0.2646
Netherlands,NLD,2022-09-02 23:00:00,2022-09-03 01:00:00,0.22069999999999998
Netherlands,NLD,2022-09-03 00:00:00,2022-09-03 02:00:00,0.256
Netherlands,NLD,2022-09-03 01:00:00,2022-09-03 03:00:00,0.24997
Netherlands,NLD,2022-09-03 02:00:00,2022-09-03 04:00:00,0.23201
Netherlands,NLD,2022-09-03 03:00:00,2022-09-03 05:00:00,0.29167000000000004
Netherlands,NLD,2022-09-03 04:00:00,2022-09-03 06:00:00,0.275
Netherlands,NLD,2022-09-03 05:00:00,2022-09-03 07:00:00,0.37007999999999996
Netherlands,NLD,2022-09-03 06:00:00,2022-09-03 08:00:00,0.3985
Netherlands,NLD,2022-09-03 07:00:00,2022-09-03 09:00:00,0.38056
Netherlands,NLD,2022-09-03 08:00:00,2022-09-03 10:00:00,0.20673
Netherlands,NLD,2022-09-03 09:00:00,2022-09-03 11:00:00,0.1466
Netherlands,NLD,2022-09-03 10:00:00,2022-09-03 12:00:00,0.04686
Netherlands,NLD,2022-09-03 11:00:00,2022-09-03 13:00:00,0.02278
Netherlands,NLD,2022-09-03 12:00:00,2022-09-03 14:00:00,0.10578
Netherlands,NLD,2022-09-03 13:00:00,2022-09-03 15:00:00,0.18084999999999998
Netherlands,NLD,2022-09-03 14:00:00,2022-09-03 16:00:00,0.24043
Netherlands,NLD,2022-09-03 15:00:00,2022-09-03 17:00:00,0.39832
Netherlands,NLD,2022-09-03 16:00:00,2022-09-03 18:00:00,0.45363
Netherlands,NLD,2022-09-03 17:00:00,2022-09-03 19:00:00,0.53
Netherlands,NLD,2022-09-03 18:00:00,2022-09-03 20:00:00,0.49998000000000004
Netherlands,NLD,2022-09-03 19:00:00,2022-09-03 21:00:00,0.4
Netherlands,NLD,2022-09-03 20:00:00,2022-09-03 22:00:00,0.38171
Netherlands,NLD,2022-09-03 21:00:00,2022-09-03 23:00:00,0.31972
Netherlands,NLD,2022-09-03 22:00:00,2022-09-04 00:00:00,0.30893
Netherlands,NLD,2022-09-03 23:00:00,2022-09-04 01:00:00,0.24296
Netherlands,NLD,2022-09-04 00:00:00,2022-09-04 02:00:00,0.19496
Netherlands,NLD,2022-09-04 01:00:00,2022-09-04 03:00:00,0.20271
Netherlands,NLD,2022-09-04 02:00:00,2022-09-04 04:00:00,0.219
Netherlands,NLD,2022-09-04 03:00:00,2022-09-04 05:00:00,0.1935
Netherlands,NLD,2022-09-04 04:00:00,2022-09-04 06:00:00,0.21106999999999998
Netherlands,NLD,2022-09-04 05:00:00,2022-09-04 07:00:00,0.22638999999999998
Netherlands,NLD,2022-09-04 06:00:00,2022-09-04 08:00:00,0.20995
Netherlands,NLD,2022-09-04 07:00:00,2022-09-04 09:00:00,0.2161
Netherlands,NLD,2022-09-04 08:00:00,2022-09-04 10:00:00,0.12420999999999999
Netherlands,NLD,2022-09-04 09:00:00,2022-09-04 11:00:00,0.09246
Netherlands,NLD,2022-09-04 10:00:00,2022-09-04 12:00:00,0.08627
Netherlands,NLD,2022-09-04 11:00:00,2022-09-04 13:00:00,0.0649
Netherlands,NLD,2022-09-04 12:00:00,2022-09-04 14:00:00,0.07909999999999999
Netherlands,NLD,2022-09-04 13:00:00,2022-09-04 15:00:00,0.09971
Netherlands,NLD,2022-09-04 14:00:00,2022-09-04 16:00:00,0.20412
Netherlands,NLD,2022-09-04 15:00:00,2022-09-04 17:00:00,0.375
Netherlands,NLD,2022-09-04 16:00:00,2022-09-04 18:00:00,0.45547000000000004
Netherlands,NLD,2022-09-04 17:00:00,2022-09-04 19:00:00,0.50993
Netherlands,NLD,2022-09-04 18:00:00,2022-09-04 20:00:00,0.50993
Netherlands,NLD,2022-09-04 19:00:00,2022-09-04 21:00:00,0.445
Netherlands,NLD,2022-09-04 20:00:00,2022-09-04 22:00:00,0.40967000000000003
Netherlands,NLD,2022-09-04 21:00:00,2022-09-04 23:00:00,0.33527999999999997
Netherlands,NLD,2022-09-04 22:00:00,2022-09-05 00:00:00,0.26925
Netherlands,NLD,2022-09-04 23:00:00,2022-09-05 01:00:00,0.22
Netherlands,NLD,2022-09-05 00:00:00,2022-09-05 02:00:00,0.21245
Netherlands,NLD,2022-09-05 01:00:00,2022-09-05 03:00:00,0.22284
Netherlands,NLD,2022-09-05 02:00:00,2022-09-05 04:00:00,0.23933000000000001
Netherlands,NLD,2022-09-05 03:00:00,2022-09-05 05:00:00,0.36751999999999996
Netherlands,NLD,2022-09-05 04:00:00,2022-09-05 06:00:00,0.4599
Netherlands,NLD,2022-09-05 05:00:00,2022-09-05 07:00:00,0.5065
Netherlands,NLD,2022-09-05 06:00:00,2022-09-05 08:00:00,0.51993
Netherlands,NLD,2022-09-05 07:00:00,2022-09-05 09:00:00,0.46324
Netherlands,NLD,2022-09-05 08:00:00,2022-09-05 10:00:00,0.38330000000000003
Netherlands,NLD,2022-09-05 09:00:00,2022-09-05 11:00:00,0.28205
Netherlands,NLD,2022-09-05 10:00:00,2022-09-05 12:00:00,0.22718
Netherlands,NLD,2022-09-05 11:00:00,2022-09-05 13:00:00,0.18256
Netherlands,NLD,2022-09-05 12:00:00,2022-09-05 14:00:00,0.2041
Netherlands,NLD,2022-09-05 13:00:00,2022-09-05 15:00:00,0.26737
Netherlands,NLD,2022-09-05 14:00:00,2022-09-05 16:00:00,0.362
Netherlands,NLD,2022-09-05 15:00:00,2022-09-05 17:00:00,0.47156
Netherlands,NLD,2022-09-05 16:00:00,2022-09-05 18:00:00,0.55979
Netherlands,NLD,2022-09-05 17:00:00,2022-09-05 19:00:00,0.589
Netherlands,NLD,2022-09-05 18:00:00,2022-09-05 20:00:00,0.50682
Netherlands,NLD,2022-09-05 19:00:00,2022-09-05 21:00:00,0.40326999999999996
Netherlands,NLD,2022-09-05 20:00:00,2022-09-05 22:00:00,0.3999
Netherlands,NLD,2022-09-05 21:00:00,2022-09-05 23:00:00,0.2999
Netherlands,NLD,2022-09-05 22:00:00,2022-09-06 00:00:00,0.27351
Netherlands,NLD,2022-09-05 23:00:00,2022-09-06 01:00:00,0.29829
Netherlands,NLD,2022-09-06 00:00:00,2022-09-06 02:00:00,0.285
Netherlands,NLD,2022-09-06 01:00:00,2022-09-06 03:00:00,0.3105
Netherlands,NLD,2022-09-06 02:00:00,2022-09-06 04:00:00,0.28675
Netherlands,NLD,2022-09-06 03:00:00,2022-09-06 05:00:00,0.34091000000000005
Netherlands,NLD,2022-09-06 04:00:00,2022-09-06 06:00:00,0.5098
Netherlands,NLD,2022-09-06 05:00:00,2022-09-06 07:00:00,0.56226
Netherlands,NLD,2022-09-06 06:00:00,2022-09-06 08:00:00,0.56175
Netherlands,NLD,2022-09-06 07:00:00,2022-09-06 09:00:00,0.49251
Netherlands,NLD,2022-09-06 08:00:00,2022-09-06 10:00:00,0.44889999999999997
Netherlands,NLD,2022-09-06 09:00:00,2022-09-06 11:00:00,0.3992
Netherlands,NLD,2022-09-06 10:00:00,2022-09-06 12:00:00,0.25607
Netherlands,NLD,2022-09-06 11:00:00,2022-09-06 13:00:00,0.29671
Netherlands,NLD,2022-09-06 12:00:00,2022-09-06 14:00:00,0.3336
Netherlands,NLD,2022-09-06 13:00:00,2022-09-06 15:00:00,0.36397
Netherlands,NLD,2022-09-06 14:00:00,2022-09-06 16:00:00,0.43451999999999996
Netherlands,NLD,2022-09-06 15:00:00,2022-09-06 17:00:00,0.524
Netherlands,NLD,2022-09-06 16:00:00,2022-09-06 18:00:00,0.56726
Netherlands,NLD,2022-09-06 17:00:00,2022-09-06 19:00:00,0.63405
Netherlands,NLD,2022-09-06 18:00:00,2022-09-06 20:00:00,0.5934299999999999
Netherlands,NLD,2022-09-06 19:00:00,2022-09-06 21:00:00,0.5450499999999999
Netherlands,NLD,2022-09-06 20:00:00,2022-09-06 22:00:00,0.47001
Netherlands,NLD,2022-09-06 21:00:00,2022-09-06 23:00:00,0.45641000000000004
Netherlands,NLD,2022-09-06 22:00:00,2022-09-07 00:00:00,0.41526
Netherlands,NLD,2022-09-06 23:00:00,2022-09-07 01:00:00,0.3836
Netherlands,NLD,2022-09-07 00:00:00,2022-09-07 02:00:00,0.36606
Netherlands,NLD,2022-09-07 01:00:00,2022-09-07 03:00:00,0.36585
Netherlands,NLD,2022-09-07 02:00:00,2022-09-07 04:00:00,0.38713
Netherlands,NLD,2022-09-07 03:00:00,2022-09-07 05:00:00,0.39344999999999997
Netherlands,NLD,2022-09-07 04:00:00,2022-09-07 06:00:00,0.48468
Netherlands,NLD,2022-09-07 05:00:00,2022-09-07 07:00:00,0.5199
Netherlands,NLD,2022-09-07 06:00:00,2022-09-07 08:00:00,0.52477
Netherlands,NLD,2022-09-07 07:00:00,2022-09-07 09:00:00,0.49889999999999995
Netherlands,NLD,2022-09-07 08:00:00,2022-09-07 10:00:00,0.381
Netherlands,NLD,2022-09-07 09:00:00,2022-09-07 11:00:00,0.34876999999999997
Netherlands,NLD,2022-09-07 10:00:00,2022-09-07 12:00:00,0.35
Netherlands,NLD,2022-09-07 11:00:00,2022-09-07 13:00:00,0.336
Netherlands,NLD,2022-09-07 12:00:00,2022-09-07 14:00:00,0.35738
Netherlands,NLD,2022-09-07 13:00:00,2022-09-07 15:00:00,0.37181000000000003
Netherlands,NLD,2022-09-07 14:00:00,2022-09-07 16:00:00,0.44225
Netherlands,NLD,2022-09-07 15:00:00,2022-09-07 17:00:00,0.5213099999999999
Netherlands,NLD,2022-09-07 16:00:00,2022-09-07 18:00:00,0.5486599999999999
Netherlands,NLD,2022-09-07 17:00:00,2022-09-07 19:00:00,0.5999
Netherlands,NLD,2022-09-07 18:00:00,2022-09-07 20:00:00,0.5999800000000001
Netherlands,NLD,2022-09-07 19:00:00,2022-09-07 21:00:00,0.5325
Netherlands,NLD,2022-09-07 20:00:00,2022-09-07 22:00:00,0.4864
Netherlands,NLD,2022-09-07 21:00:00,2022-09-07 23:00:00,0.43881
Netherlands,NLD,2022-09-07 22:00:00,2022-09-08 00:00:00,0.44195
Netherlands,NLD,2022-09-07 23:00:00,2022-09-08 01:00:00,0.40774
Netherlands,NLD,2022-09-08 00:00:00,2022-09-08 02:00:00,0.40029000000000003
Netherlands,NLD,2022-09-08 01:00:00,2022-09-08 03:00:00,0.38192000000000004
Netherlands,NLD,2022-09-08 02:00:00,2022-09-08 04:00:00,0.37923
Netherlands,NLD,2022-09-08 03:00:00,2022-09-08 05:00:00,0.40413
Netherlands,NLD,2022-09-08 04:00:00,2022-09-08 06:00:00,0.50075
Netherlands,NLD,2022-09-08 05:00:00,2022-09-08 07:00:00,0.52
Netherlands,NLD,2022-09-08 06:00:00,2022-09-08 08:00:00,0.52406
Netherlands,NLD,2022-09-08 07:00:00,2022-09-08 09:00:00,0.50996
Netherlands,NLD,2022-09-08 08:00:00,2022-09-08 10:00:00,0.48358999999999996
Netherlands,NLD,2022-09-08 09:00:00,2022-09-08 11:00:00,0.45313
Netherlands,NLD,2022-09-08 10:00:00,2022-09-08 12:00:00,0.429
Netherlands,NLD,2022-09-08 11:00:00,2022-09-08 13:00:00,0.39787
Netherlands,NLD,2022-09-08 12:00:00,2022-09-08 14:00:00,0.38830000000000003
Netherlands,NLD,2022-09-08 13:00:00,2022-09-08 15:00:00,0.39300999999999997
Netherlands,NLD,2022-09-08 14:00:00,2022-09-08 16:00:00,0.398
Netherlands,NLD,2022-09-08 15:00:00,2022-09-08 17:00:00,0.45
Netherlands,NLD,2022-09-08 16:00:00,2022-09-08 18:00:00,0.50491
Netherlands,NLD,2022-09-08 17:00:00,2022-09-08 19:00:00,0.53544
Netherlands,NLD,2022-09-08 18:00:00,2022-09-08 20:00:00,0.49572000000000005
Netherlands,NLD,2022-09-08 19:00:00,2022-09-08 21:00:00,0.46729000000000004
Netherlands,NLD,2022-09-08 20:00:00,2022-09-08 22:00:00,0.38064
Netherlands,NLD,2022-09-08 21:00:00,2022-09-08 23:00:00,0.28345
Netherlands,NLD,2022-09-08 22:00:00,2022-09-09 00:00:00,0.30001
Netherlands,NLD,2022-09-08 23:00:00,2022-09-09 01:00:00,0.2382
Netherlands,NLD,2022-09-09 00:00:00,2022-09-09 02:00:00,0.20391
Netherlands,NLD,2022-09-09 01:00:00,2022-09-09 03:00:00,0.19166999999999998
Netherlands,NLD,2022-09-09 02:00:00,2022-09-09 04:00:00,0.22687000000000002
Netherlands,NLD,2022-09-09 03:00:00,2022-09-09 05:00:00,0.2787
Netherlands,NLD,2022-09-09 04:00:00,2022-09-09 06:00:00,0.3623
Netherlands,NLD,2022-09-09 05:00:00,2022-09-09 07:00:00,0.42958999999999997
Netherlands,NLD,2022-09-09 06:00:00,2022-09-09 08:00:00,0.43145999999999995
Netherlands,NLD,2022-09-09 07:00:00,2022-09-09 09:00:00,0.40156000000000003
Netherlands,NLD,2022-09-09 08:00:00,2022-09-09 10:00:00,0.353
Netherlands,NLD,2022-09-09 09:00:00,2022-09-09 11:00:00,0.33
Netherlands,NLD,2022-09-09 10:00:00,2022-09-09 12:00:00,0.33976
Netherlands,NLD,2022-09-09 11:00:00,2022-09-09 13:00:00,0.29417000000000004
Netherlands,NLD,2022-09-09 12:00:00,2022-09-09 14:00:00,0.29464999999999997
Netherlands,NLD,2022-09-09 13:00:00,2022-09-09 15:00:00,0.29161000000000004
Netherlands,NLD,2022-09-09 14:00:00,2022-09-09 16:00:00,0.36363999999999996
Netherlands,NLD,2022-09-09 15:00:00,2022-09-09 17:00:00,0.38908
Netherlands,NLD,2022-09-09 16:00:00,2022-09-09 18:00:00,0.43562
Netherlands,NLD,2022-09-09 17:00:00,2022-09-09 19:00:00,0.46735000000000004
Netherlands,NLD,2022-09-09 18:00:00,2022-09-09 20:00:00,0.465
Netherlands,NLD,2022-09-09 19:00:00,2022-09-09 21:00:00,0.41995
Netherlands,NLD,2022-09-09 20:00:00,2022-09-09 22:00:00,0.39829000000000003
Netherlands,NLD,2022-09-09 21:00:00,2022-09-09 23:00:00,0.37544
Netherlands,NLD,2022-09-09 22:00:00,2022-09-10 00:00:00,0.40085000000000004
Netherlands,NLD,2022-09-09 23:00:00,2022-09-10 01:00:00,0.35908999999999996
Netherlands,NLD,2022-09-10 00:00:00,2022-09-10 02:00:00,0.35208999999999996
Netherlands,NLD,2022-09-10 01:00:00,2022-09-10 03:00:00,0.34807
Netherlands,NLD,2022-09-10 02:00:00,2022-09-10 04:00:00,0.34808999999999996
Netherlands,NLD,2022-09-10 03:00:00,2022-09-10 05:00:00,0.35604
Netherlands,NLD,2022-09-10 04:00:00,2022-09-10 06:00:00,0.38130000000000003
Netherlands,NLD,2022-09-10 05:00:00,2022-09-10 07:00:00,0.41107
Netherlands,NLD,2022-09-10 06:00:00,2022-09-10 08:00:00,0.42772000000000004
Netherlands,NLD,2022-09-10 07:00:00,2022-09-10 09:00:00,0.42918
Netherlands,NLD,2022-09-10 08:00:00,2022-09-10 10:00:00,0.4199
Netherlands,NLD,2022-09-10 09:00:00,2022-09-10 11:00:00,0.41836
Netherlands,NLD,2022-09-10 10:00:00,2022-09-10 12:00:00,0.39998
Netherlands,NLD,2022-09-10 11:00:00,2022-09-10 13:00:00,0.355
Netherlands,NLD,2022-09-10 12:00:00,2022-09-10 14:00:00,0.34899
Netherlands,NLD,2022-09-10 13:00:00,2022-09-10 15:00:00,0.35339
Netherlands,NLD,2022-09-10 14:00:00,2022-09-10 16:00:00,0.37198000000000003
Netherlands,NLD,2022-09-10 15:00:00,2022-09-10 17:00:00,0.43624
Netherlands,NLD,2022-09-10 16:00:00,2022-09-10 18:00:00,0.46952
Netherlands,NLD,2022-09-10 17:00:00,2022-09-10 19:00:00,0.49186
Netherlands,NLD,2022-09-10 18:00:00,2022-09-10 20:00:00,0.48398
Netherlands,NLD,2022-09-10 19:00:00,2022-09-10 21:00:00,0.45994999999999997
Netherlands,NLD,2022-09-10 20:00:00,2022-09-10 22:00:00,0.44397000000000003
Netherlands,NLD,2022-09-10 21:00:00,2022-09-10 23:00:00,0.43701
Netherlands,NLD,2022-09-10 22:00:00,2022-09-11 00:00:00,0.42145
Netherlands,NLD,2022-09-10 23:00:00,2022-09-11 01:00:00,0.38506999999999997
Netherlands,NLD,2022-09-11 00:00:00,2022-09-11 02:00:00,0.38506
Netherlands,NLD,2022-09-11 01:00:00,2022-09-11 03:00:00,0.36922000000000005
Netherlands,NLD,2022-09-11 02:00:00,2022-09-11 04:00:00,0.35854
Netherlands,NLD,2022-09-11 03:00:00,2022-09-11 05:00:00,0.36901999999999996
Netherlands,NLD,2022-09-11 04:00:00,2022-09-11 06:00:00,0.37901999999999997
Netherlands,NLD,2022-09-11 05:00:00,2022-09-11 07:00:00,0.38500999999999996
Netherlands,NLD,2022-09-11 06:00:00,2022-09-11 08:00:00,0.40213
Netherlands,NLD,2022-09-11 07:00:00,2022-09-11 09:00:00,0.40213
Netherlands,NLD,2022-09-11 08:00:00,2022-09-11 10:00:00,0.3885
Netherlands,NLD,2022-09-11 09:00:00,2022-09-11 11:00:00,0.38004000000000004
Netherlands,NLD,2022-09-11 10:00:00,2022-09-11 12:00:00,0.36
Netherlands,NLD,2022-09-11 11:00:00,2022-09-11 13:00:00,0.295
Netherlands,NLD,2022-09-11 12:00:00,2022-09-11 14:00:00,0.2518
Netherlands,NLD,2022-09-11 13:00:00,2022-09-11 15:00:00,0.297
Netherlands,NLD,2022-09-11 14:00:00,2022-09-11 16:00:00,0.3431
Netherlands,NLD,2022-09-11 15:00:00,2022-09-11 17:00:00,0.40432
Netherlands,NLD,2022-09-11 16:00:00,2022-09-11 18:00:00,0.45999
Netherlands,NLD,2022-09-11 17:00:00,2022-09-11 19:00:00,0.50594
Netherlands,NLD,2022-09-11 18:00:00,2022-09-11 20:00:00,0.5172
Netherlands,NLD,2022-09-11 19:00:00,2022-09-11 21:00:00,0.48494
Netherlands,NLD,2022-09-11 20:00:00,2022-09-11 22:00:00,0.3999
Netherlands,NLD,2022-09-11 21:00:00,2022-09-11 23:00:00,0.4
Netherlands,NLD,2022-09-11 22:00:00,2022-09-12 00:00:00,0.34708999999999995
Netherlands,NLD,2022-09-11 23:00:00,2022-09-12 01:00:00,0.35531
Netherlands,NLD,2022-09-12 00:00:00,2022-09-12 02:00:00,0.35481
Netherlands,NLD,2022-09-12 01:00:00,2022-09-12 03:00:00,0.3499
Netherlands,NLD,2022-09-12 02:00:00,2022-09-12 04:00:00,0.35339
Netherlands,NLD,2022-09-12 03:00:00,2022-09-12 05:00:00,0.38905
Netherlands,NLD,2022-09-12 04:00:00,2022-09-12 06:00:00,0.44187
Netherlands,NLD,2022-09-12 05:00:00,2022-09-12 07:00:00,0.49989999999999996
Netherlands,NLD,2022-09-12 06:00:00,2022-09-12 08:00:00,0.4532
Netherlands,NLD,2022-09-12 07:00:00,2022-09-12 09:00:00,0.43639999999999995
Netherlands,NLD,2022-09-12 08:00:00,2022-09-12 10:00:00,0.4
Netherlands,NLD,2022-09-12 09:00:00,2022-09-12 11:00:00,0.35710000000000003
Netherlands,NLD,2022-09-12 10:00:00,2022-09-12 12:00:00,0.34342
Netherlands,NLD,2022-09-12 11:00:00,2022-09-12 13:00:00,0.32991000000000004
Netherlands,NLD,2022-09-12 12:00:00,2022-09-12 14:00:00,0.306
Netherlands,NLD,2022-09-12 13:00:00,2022-09-12 15:00:00,0.34361
Netherlands,NLD,2022-09-12 14:00:00,2022-09-12 16:00:00,0.37043
Netherlands,NLD,2022-09-12 15:00:00,2022-09-12 17:00:00,0.47170999999999996
Netherlands,NLD,2022-09-12 16:00:00,2022-09-12 18:00:00,0.515
Netherlands,NLD,2022-09-12 17:00:00,2022-09-12 19:00:00,0.5047200000000001
Netherlands,NLD,2022-09-12 18:00:00,2022-09-12 20:00:00,0.5152599999999999
Netherlands,NLD,2022-09-12 19:00:00,2022-09-12 21:00:00,0.44331
Netherlands,NLD,2022-09-12 20:00:00,2022-09-12 22:00:00,0.369
Netherlands,NLD,2022-09-12 21:00:00,2022-09-12 23:00:00,0.34196
Netherlands,NLD,2022-09-12 22:00:00,2022-09-13 00:00:00,0.34506
Netherlands,NLD,2022-09-12 23:00:00,2022-09-13 01:00:00,0.31743
Netherlands,NLD,2022-09-13 00:00:00,2022-09-13 02:00:00,0.306
Netherlands,NLD,2022-09-13 01:00:00,2022-09-13 03:00:00,0.30839999999999995
Netherlands,NLD,2022-09-13 02:00:00,2022-09-13 04:00:00,0.31310000000000004
Netherlands,NLD,2022-09-13 03:00:00,2022-09-13 05:00:00,0.33468000000000003
Netherlands,NLD,2022-09-13 04:00:00,2022-09-13 06:00:00,0.41273000000000004
Netherlands,NLD,2022-09-13 05:00:00,2022-09-13 07:00:00,0.44548000000000004
Netherlands,NLD,2022-09-13 06:00:00,2022-09-13 08:00:00,0.46955
Netherlands,NLD,2022-09-13 07:00:00,2022-09-13 09:00:00,0.45505
Netherlands,NLD,2022-09-13 08:00:00,2022-09-13 10:00:00,0.43188
Netherlands,NLD,2022-09-13 09:00:00,2022-09-13 11:00:00,0.42886
Netherlands,NLD,2022-09-13 10:00:00,2022-09-13 12:00:00,0.34816
Netherlands,NLD,2022-09-13 11:00:00,2022-09-13 13:00:00,0.33255
Netherlands,NLD,2022-09-13 12:00:00,2022-09-13 14:00:00,0.3354
Netherlands,NLD,2022-09-13 13:00:00,2022-09-13 15:00:00,0.3493
Netherlands,NLD,2022-09-13 14:00:00,2022-09-13 16:00:00,0.35854
Netherlands,NLD,2022-09-13 15:00:00,2022-09-13 17:00:00,0.4888
Netherlands,NLD,2022-09-13 16:00:00,2022-09-13 18:00:00,0.5106700000000001
Netherlands,NLD,2022-09-13 17:00:00,2022-09-13 19:00:00,0.54803
Netherlands,NLD,2022-09-13 18:00:00,2022-09-13 20:00:00,0.53528
Netherlands,NLD,2022-09-13 19:00:00,2022-09-13 21:00:00,0.45913
Netherlands,NLD,2022-09-13 20:00:00,2022-09-13 22:00:00,0.42242
Netherlands,NLD,2022-09-13 21:00:00,2022-09-13 23:00:00,0.37136
Netherlands,NLD,2022-09-13 22:00:00,2022-09-14 00:00:00,0.34508
Netherlands,NLD,2022-09-13 23:00:00,2022-09-14 01:00:00,0.31998000000000004
Netherlands,NLD,2022-09-14 00:00:00,2022-09-14 02:00:00,0.33887
Netherlands,NLD,2022-09-14 01:00:00,2022-09-14 03:00:00,0.33564
Netherlands,NLD,2022-09-14 02:00:00,2022-09-14 04:00:00,0.33669
Netherlands,NLD,2022-09-14 03:00:00,2022-09-14 05:00:00,0.33876
Netherlands,NLD,2022-09-14 04:00:00,2022-09-14 06:00:00,0.4
Netherlands,NLD,2022-09-14 05:00:00,2022-09-14 07:00:00,0.49819
Netherlands,NLD,2022-09-14 06:00:00,2022-09-14 08:00:00,0.5076
Netherlands,NLD,2022-09-14 07:00:00,2022-09-14 09:00:00,0.50066
Netherlands,NLD,2022-09-14 08:00:00,2022-09-14 10:00:00,0.49232
Netherlands,NLD,2022-09-14 09:00:00,2022-09-14 11:00:00,0.4924
Netherlands,NLD,2022-09-14 10:00:00,2022-09-14 12:00:00,0.4578
Netherlands,NLD,2022-09-14 11:00:00,2022-09-14 13:00:00,0.45437
Netherlands,NLD,2022-09-14 12:00:00,2022-09-14 14:00:00,0.37921
Netherlands,NLD,2022-09-14 13:00:00,2022-09-14 15:00:00,0.40604
Netherlands,NLD,2022-09-14 14:00:00,2022-09-14 16:00:00,0.3526
Netherlands,NLD,2022-09-14 15:00:00,2022-09-14 17:00:00,0.4284
Netherlands,NLD,2022-09-14 16:00:00,2022-09-14 18:00:00,0.44998
Netherlands,NLD,2022-09-14 17:00:00,2022-09-14 19:00:00,0.48806
Netherlands,NLD,2022-09-14 18:00:00,2022-09-14 20:00:00,0.48782
Netherlands,NLD,2022-09-14 19:00:00,2022-09-14 21:00:00,0.46033999999999997
Netherlands,NLD,2022-09-14 20:00:00,2022-09-14 22:00:00,0.4001
Netherlands,NLD,2022-09-14 21:00:00,2022-09-14 23:00:00,0.3444
Netherlands,NLD,2022-09-14 22:00:00,2022-09-15 00:00:00,0.39163
Netherlands,NLD,2022-09-14 23:00:00,2022-09-15 01:00:00,0.33876999999999996
Netherlands,NLD,2022-09-15 00:00:00,2022-09-15 02:00:00,0.31725
Netherlands,NLD,2022-09-15 01:00:00,2022-09-15 03:00:00,0.30187
Netherlands,NLD,2022-09-15 02:00:00,2022-09-15 04:00:00,0.27199
Netherlands,NLD,2022-09-15 03:00:00,2022-09-15 05:00:00,0.32083999999999996
Netherlands,NLD,2022-09-15 04:00:00,2022-09-15 06:00:00,0.45
Netherlands,NLD,2022-09-15 05:00:00,2022-09-15 07:00:00,0.46385000000000004
Netherlands,NLD,2022-09-15 06:00:00,2022-09-15 08:00:00,0.5001
Netherlands,NLD,2022-09-15 07:00:00,2022-09-15 09:00:00,0.47076999999999997
Netherlands,NLD,2022-09-15 08:00:00,2022-09-15 10:00:00,0.39848
Netherlands,NLD,2022-09-15 09:00:00,2022-09-15 11:00:00,0.37501999999999996
Netherlands,NLD,2022-09-15 10:00:00,2022-09-15 12:00:00,0.31609
Netherlands,NLD,2022-09-15 11:00:00,2022-09-15 13:00:00,0.30017
Netherlands,NLD,2022-09-15 12:00:00,2022-09-15 14:00:00,0.29608999999999996
Netherlands,NLD,2022-09-15 13:00:00,2022-09-15 15:00:00,0.26082
Netherlands,NLD,2022-09-15 14:00:00,2022-09-15 16:00:00,0.2747
Netherlands,NLD,2022-09-15 15:00:00,2022-09-15 17:00:00,0.36607999999999996
Netherlands,NLD,2022-09-15 16:00:00,2022-09-15 18:00:00,0.4578
Netherlands,NLD,2022-09-15 17:00:00,2022-09-15 19:00:00,0.4743
Netherlands,NLD,2022-09-15 18:00:00,2022-09-15 20:00:00,0.4649
Netherlands,NLD,2022-09-15 19:00:00,2022-09-15 21:00:00,0.421
Netherlands,NLD,2022-09-15 20:00:00,2022-09-15 22:00:00,0.35184
Netherlands,NLD,2022-09-15 21:00:00,2022-09-15 23:00:00,0.3523
Netherlands,NLD,2022-09-15 22:00:00,2022-09-16 00:00:00,0.27999
Netherlands,NLD,2022-09-15 23:00:00,2022-09-16 01:00:00,0.2038
Netherlands,NLD,2022-09-16 00:00:00,2022-09-16 02:00:00,0.18066
Netherlands,NLD,2022-09-16 01:00:00,2022-09-16 03:00:00,0.17116
Netherlands,NLD,2022-09-16 02:00:00,2022-09-16 04:00:00,0.17625
Netherlands,NLD,2022-09-16 03:00:00,2022-09-16 05:00:00,0.2159
Netherlands,NLD,2022-09-16 04:00:00,2022-09-16 06:00:00,0.34972000000000003
Netherlands,NLD,2022-09-16 05:00:00,2022-09-16 07:00:00,0.41631
Netherlands,NLD,2022-09-16 06:00:00,2022-09-16 08:00:00,0.446
Netherlands,NLD,2022-09-16 07:00:00,2022-09-16 09:00:00,0.33377999999999997
Netherlands,NLD,2022-09-16 08:00:00,2022-09-16 10:00:00,0.19032
Netherlands,NLD,2022-09-16 09:00:00,2022-09-16 11:00:00,0.11186
Netherlands,NLD,2022-09-16 10:00:00,2022-09-16 12:00:00,0.03401
Netherlands,NLD,2022-09-16 11:00:00,2022-09-16 13:00:00,0.0
Netherlands,NLD,2022-09-16 12:00:00,2022-09-16 14:00:00,0.0
Netherlands,NLD,2022-09-16 13:00:00,2022-09-16 15:00:00,0.04397
Netherlands,NLD,2022-09-16 14:00:00,2022-09-16 16:00:00,0.08309
Netherlands,NLD,2022-09-16 15:00:00,2022-09-16 17:00:00,0.14992
Netherlands,NLD,2022-09-16 16:00:00,2022-09-16 18:00:00,0.31375
Netherlands,NLD,2022-09-16 17:00:00,2022-09-16 19:00:00,0.36393000000000003
Netherlands,NLD,2022-09-16 18:00:00,2022-09-16 20:00:00,0.35
Netherlands,NLD,2022-09-16 19:00:00,2022-09-16 21:00:00,0.21956
Netherlands,NLD,2022-09-16 20:00:00,2022-09-16 22:00:00,0.16498
Netherlands,NLD,2022-09-16 21:00:00,2022-09-16 23:00:00,0.14064
Netherlands,NLD,2022-09-16 22:00:00,2022-09-17 00:00:00,0.171
Netherlands,NLD,2022-09-16 23:00:00,2022-09-17 01:00:00,0.095
Netherlands,NLD,2022-09-17 00:00:00,2022-09-17 02:00:00,0.08681
Netherlands,NLD,2022-09-17 01:00:00,2022-09-17 03:00:00,0.08020000000000001
Netherlands,NLD,2022-09-17 02:00:00,2022-09-17 04:00:00,0.07586
Netherlands,NLD,2022-09-17 03:00:00,2022-09-17 05:00:00,0.08509
Netherlands,NLD,2022-09-17 04:00:00,2022-09-17 06:00:00,0.09872
Netherlands,NLD,2022-09-17 05:00:00,2022-09-17 07:00:00,0.127
Netherlands,NLD,2022-09-17 06:00:00,2022-09-17 08:00:00,0.11123999999999999
Netherlands,NLD,2022-09-17 07:00:00,2022-09-17 09:00:00,0.07403
Netherlands,NLD,2022-09-17 08:00:00,2022-09-17 10:00:00,0.07955
Netherlands,NLD,2022-09-17 09:00:00,2022-09-17 11:00:00,0.05136
Netherlands,NLD,2022-09-17 10:00:00,2022-09-17 12:00:00,0.04392
Netherlands,NLD,2022-09-17 11:00:00,2022-09-17 13:00:00,0.00509
Netherlands,NLD,2022-09-17 12:00:00,2022-09-17 14:00:00,0.0029100000000000003
Netherlands,NLD,2022-09-17 13:00:00,2022-09-17 15:00:00,0.002
Netherlands,NLD,2022-09-17 14:00:00,2022-09-17 16:00:00,0.03518
Netherlands,NLD,2022-09-17 15:00:00,2022-09-17 17:00:00,0.10848999999999999
Netherlands,NLD,2022-09-17 16:00:00,2022-09-17 18:00:00,0.14242
Netherlands,NLD,2022-09-17 17:00:00,2022-09-17 19:00:00,0.2354
Netherlands,NLD,2022-09-17 18:00:00,2022-09-17 20:00:00,0.25014
Netherlands,NLD,2022-09-17 19:00:00,2022-09-17 21:00:00,0.19455
Netherlands,NLD,2022-09-17 20:00:00,2022-09-17 22:00:00,0.11179
Netherlands,NLD,2022-09-17 21:00:00,2022-09-17 23:00:00,0.1509
Netherlands,NLD,2022-09-17 22:00:00,2022-09-18 00:00:00,0.09514
Netherlands,NLD,2022-09-17 23:00:00,2022-09-18 01:00:00,0.08215
Netherlands,NLD,2022-09-18 00:00:00,2022-09-18 02:00:00,0.07748000000000001
Netherlands,NLD,2022-09-18 01:00:00,2022-09-18 03:00:00,0.07
Netherlands,NLD,2022-09-18 02:00:00,2022-09-18 04:00:00,0.07375
Netherlands,NLD,2022-09-18 03:00:00,2022-09-18 05:00:00,0.06991
Netherlands,NLD,2022-09-18 04:00:00,2022-09-18 06:00:00,0.09395999999999999
Netherlands,NLD,2022-09-18 05:00:00,2022-09-18 07:00:00,0.14346
Netherlands,NLD,2022-09-18 06:00:00,2022-09-18 08:00:00,0.14342
Netherlands,NLD,2022-09-18 07:00:00,2022-09-18 09:00:00,0.12979
Netherlands,NLD,2022-09-18 08:00:00,2022-09-18 10:00:00,0.17
Netherlands,NLD,2022-09-18 09:00:00,2022-09-18 11:00:00,0.09672
Netherlands,NLD,2022-09-18 10:00:00,2022-09-18 12:00:00,0.08843999999999999
Netherlands,NLD,2022-09-18 11:00:00,2022-09-18 13:00:00,0.04491
Netherlands,NLD,2022-09-18 12:00:00,2022-09-18 14:00:00,0.032240000000000005
Netherlands,NLD,2022-09-18 13:00:00,2022-09-18 15:00:00,0.0385
Netherlands,NLD,2022-09-18 14:00:00,2022-09-18 16:00:00,0.05539
Netherlands,NLD,2022-09-18 15:00:00,2022-09-18 17:00:00,0.10432
Netherlands,NLD,2022-09-18 16:00:00,2022-09-18 18:00:00,0.1956
Netherlands,NLD,2022-09-18 17:00:00,2022-09-18 19:00:00,0.23521
Netherlands,NLD,2022-09-18 18:00:00,2022-09-18 20:00:00,0.27461
Netherlands,NLD,2022-09-18 19:00:00,2022-09-18 21:00:00,0.237
Netherlands,NLD,2022-09-18 20:00:00,2022-09-18 22:00:00,0.2368
Netherlands,NLD,2022-09-18 21:00:00,2022-09-18 23:00:00,0.207
Netherlands,NLD,2022-09-18 22:00:00,2022-09-19 00:00:00,0.12516
Netherlands,NLD,2022-09-18 23:00:00,2022-09-19 01:00:00,0.1625
Netherlands,NLD,2022-09-19 00:00:00,2022-09-19 02:00:00,0.1635
Netherlands,NLD,2022-09-19 01:00:00,2022-09-19 03:00:00,0.10812000000000001
Netherlands,NLD,2022-09-19 02:00:00,2022-09-19 04:00:00,0.11117
Netherlands,NLD,2022-09-19 03:00:00,2022-09-19 05:00:00,0.1694
Netherlands,NLD,2022-09-19 04:00:00,2022-09-19 06:00:00,0.34343
Netherlands,NLD,2022-09-19 05:00:00,2022-09-19 07:00:00,0.39893
Netherlands,NLD,2022-09-19 06:00:00,2022-09-19 08:00:00,0.41537999999999997
Netherlands,NLD,2022-09-19 07:00:00,2022-09-19 09:00:00,0.34726999999999997
Netherlands,NLD,2022-09-19 08:00:00,2022-09-19 10:00:00,0.32437
Netherlands,NLD,2022-09-19 09:00:00,2022-09-19 11:00:00,0.23069
Netherlands,NLD,2022-09-19 10:00:00,2022-09-19 12:00:00,0.19078
Netherlands,NLD,2022-09-19 11:00:00,2022-09-19 13:00:00,0.15335
Netherlands,NLD,2022-09-19 12:00:00,2022-09-19 14:00:00,0.17013
Netherlands,NLD,2022-09-19 13:00:00,2022-09-19 15:00:00,0.14878
Netherlands,NLD,2022-09-19 14:00:00,2022-09-19 16:00:00,0.20343
Netherlands,NLD,2022-09-19 15:00:00,2022-09-19 17:00:00,0.35
Netherlands,NLD,2022-09-19 16:00:00,2022-09-19 18:00:00,0.40743
Netherlands,NLD,2022-09-19 17:00:00,2022-09-19 19:00:00,0.44205
Netherlands,NLD,2022-09-19 18:00:00,2022-09-19 20:00:00,0.42005000000000003
Netherlands,NLD,2022-09-19 19:00:00,2022-09-19 21:00:00,0.375
Netherlands,NLD,2022-09-19 20:00:00,2022-09-19 22:00:00,0.34268
Netherlands,NLD,2022-09-19 21:00:00,2022-09-19 23:00:00,0.29669
Netherlands,NLD,2022-09-19 22:00:00,2022-09-20 00:00:00,0.26177
Netherlands,NLD,2022-09-19 23:00:00,2022-09-20 01:00:00,0.2601
Netherlands,NLD,2022-09-20 00:00:00,2022-09-20 02:00:00,0.27764999999999995
Netherlands,NLD,2022-09-20 01:00:00,2022-09-20 03:00:00,0.26247000000000004
Netherlands,NLD,2022-09-20 02:00:00,2022-09-20 04:00:00,0.2601
Netherlands,NLD,2022-09-20 03:00:00,2022-09-20 05:00:00,0.2783
Netherlands,NLD,2022-09-20 04:00:00,2022-09-20 06:00:00,0.375
Netherlands,NLD,2022-09-20 05:00:00,2022-09-20 07:00:00,0.433
Netherlands,NLD,2022-09-20 06:00:00,2022-09-20 08:00:00,0.42661
Netherlands,NLD,2022-09-20 07:00:00,2022-09-20 09:00:00,0.36685
Netherlands,NLD,2022-09-20 08:00:00,2022-09-20 10:00:00,0.35
Netherlands,NLD,2022-09-20 09:00:00,2022-09-20 11:00:00,0.32516
Netherlands,NLD,2022-09-20 10:00:00,2022-09-20 12:00:00,0.3
Netherlands,NLD,2022-09-20 11:00:00,2022-09-20 13:00:00,0.28252999999999995
Netherlands,NLD,2022-09-20 12:00:00,2022-09-20 14:00:00,0.285
Netherlands,NLD,2022-09-20 13:00:00,2022-09-20 15:00:00,0.31286
Netherlands,NLD,2022-09-20 14:00:00,2022-09-20 16:00:00,0.34693
Netherlands,NLD,2022-09-20 15:00:00,2022-09-20 17:00:00,0.40275
Netherlands,NLD,2022-09-20 16:00:00,2022-09-20 18:00:00,0.46905
Netherlands,NLD,2022-09-20 17:00:00,2022-09-20 19:00:00,0.49198000000000003
Netherlands,NLD,2022-09-20 18:00:00,2022-09-20 20:00:00,0.47428
Netherlands,NLD,2022-09-20 19:00:00,2022-09-20 21:00:00,0.4299
Netherlands,NLD,2022-09-20 20:00:00,2022-09-20 22:00:00,0.3882
Netherlands,NLD,2022-09-20 21:00:00,2022-09-20 23:00:00,0.3499
Netherlands,NLD,2022-09-20 22:00:00,2022-09-21 00:00:00,0.3103
Netherlands,NLD,2022-09-20 23:00:00,2022-09-21 01:00:00,0.29957999999999996
Netherlands,NLD,2022-09-21 00:00:00,2022-09-21 02:00:00,0.29954000000000003
Netherlands,NLD,2022-09-21 01:00:00,2022-09-21 03:00:00,0.29957999999999996
Netherlands,NLD,2022-09-21 02:00:00,2022-09-21 04:00:00,0.29728
Netherlands,NLD,2022-09-21 03:00:00,2022-09-21 05:00:00,0.30998000000000003
Netherlands,NLD,2022-09-21 04:00:00,2022-09-21 06:00:00,0.3102
Netherlands,NLD,2022-09-21 05:00:00,2022-09-21 07:00:00,0.53475
Netherlands,NLD,2022-09-21 06:00:00,2022-09-21 08:00:00,0.45985000000000004
Netherlands,NLD,2022-09-21 07:00:00,2022-09-21 09:00:00,0.30995
Netherlands,NLD,2022-09-21 08:00:00,2022-09-21 10:00:00,0.31989999999999996
Netherlands,NLD,2022-09-21 09:00:00,2022-09-21 11:00:00,0.28954
Netherlands,NLD,2022-09-21 10:00:00,2022-09-21 12:00:00,0.263
Netherlands,NLD,2022-09-21 11:00:00,2022-09-21 13:00:00,0.2499
Netherlands,NLD,2022-09-21 12:00:00,2022-09-21 14:00:00,0.26
Netherlands,NLD,2022-09-21 13:00:00,2022-09-21 15:00:00,0.27
Netherlands,NLD,2022-09-21 14:00:00,2022-09-21 16:00:00,0.3015
Netherlands,NLD,2022-09-21 15:00:00,2022-09-21 17:00:00,0.32894999999999996
Netherlands,NLD,2022-09-21 16:00:00,2022-09-21 18:00:00,0.47
Netherlands,NLD,2022-09-21 17:00:00,2022-09-21 19:00:00,0.57451
Netherlands,NLD,2022-09-21 18:00:00,2022-09-21 20:00:00,0.49052999999999997
Netherlands,NLD,2022-09-21 19:00:00,2022-09-21 21:00:00,0.40366
Netherlands,NLD,2022-09-21 20:00:00,2022-09-21 22:00:00,0.37
Netherlands,NLD,2022-09-21 21:00:00,2022-09-21 23:00:00,0.34939
Netherlands,NLD,2022-09-21 22:00:00,2022-09-22 00:00:00,0.37307
Netherlands,NLD,2022-09-21 23:00:00,2022-09-22 01:00:00,0.33941000000000004
Netherlands,NLD,2022-09-22 00:00:00,2022-09-22 02:00:00,0.33008
Netherlands,NLD,2022-09-22 01:00:00,2022-09-22 03:00:00,0.31094
Netherlands,NLD,2022-09-22 02:00:00,2022-09-22 04:00:00,0.3222
Netherlands,NLD,2022-09-22 03:00:00,2022-09-22 05:00:00,0.36
Netherlands,NLD,2022-09-22 04:00:00,2022-09-22 06:00:00,0.43510000000000004
Netherlands,NLD,2022-09-22 05:00:00,2022-09-22 07:00:00,0.53603
Netherlands,NLD,2022-09-22 06:00:00,2022-09-22 08:00:00,0.4988
Netherlands,NLD,2022-09-22 07:00:00,2022-09-22 09:00:00,0.38788
Netherlands,NLD,2022-09-22 08:00:00,2022-09-22 10:00:00,0.33368000000000003
Netherlands,NLD,2022-09-22 09:00:00,2022-09-22 11:00:00,0.32662
Netherlands,NLD,2022-09-22 10:00:00,2022-09-22 12:00:00,0.26730000000000004
Netherlands,NLD,2022-09-22 11:00:00,2022-09-22 13:00:00,0.23294
Netherlands,NLD,2022-09-22 12:00:00,2022-09-22 14:00:00,0.28336
Netherlands,NLD,2022-09-22 13:00:00,2022-09-22 15:00:00,0.28951
Netherlands,NLD,2022-09-22 14:00:00,2022-09-22 16:00:00,0.37692000000000003
Netherlands,NLD,2022-09-22 15:00:00,2022-09-22 17:00:00,0.43774
Netherlands,NLD,2022-09-22 16:00:00,2022-09-22 18:00:00,0.4693
Netherlands,NLD,2022-09-22 17:00:00,2022-09-22 19:00:00,0.6
Netherlands,NLD,2022-09-22 18:00:00,2022-09-22 20:00:00,0.51
Netherlands,NLD,2022-09-22 19:00:00,2022-09-22 21:00:00,0.41838
Netherlands,NLD,2022-09-22 20:00:00,2022-09-22 22:00:00,0.39633999999999997
Netherlands,NLD,2022-09-22 21:00:00,2022-09-22 23:00:00,0.37868999999999997
Netherlands,NLD,2022-09-22 22:00:00,2022-09-23 00:00:00,0.35256
Netherlands,NLD,2022-09-22 23:00:00,2022-09-23 01:00:00,0.32342000000000004
Netherlands,NLD,2022-09-23 00:00:00,2022-09-23 02:00:00,0.31257999999999997
Netherlands,NLD,2022-09-23 01:00:00,2022-09-23 03:00:00,0.30048
Netherlands,NLD,2022-09-23 02:00:00,2022-09-23 04:00:00,0.30312
Netherlands,NLD,2022-09-23 03:00:00,2022-09-23 05:00:00,0.32456999999999997
Netherlands,NLD,2022-09-23 04:00:00,2022-09-23 06:00:00,0.41066
Netherlands,NLD,2022-09-23 05:00:00,2022-09-23 07:00:00,0.45529000000000003
Netherlands,NLD,2022-09-23 06:00:00,2022-09-23 08:00:00,0.42457
Netherlands,NLD,2022-09-23 07:00:00,2022-09-23 09:00:00,0.35808
Netherlands,NLD,2022-09-23 08:00:00,2022-09-23 10:00:00,0.36885
Netherlands,NLD,2022-09-23 09:00:00,2022-09-23 11:00:00,0.35
Netherlands,NLD,2022-09-23 10:00:00,2022-09-23 12:00:00,0.31816
Netherlands,NLD,2022-09-23 11:00:00,2022-09-23 13:00:00,0.30751999999999996
Netherlands,NLD,2022-09-23 12:00:00,2022-09-23 14:00:00,0.338
Netherlands,NLD,2022-09-23 13:00:00,2022-09-23 15:00:00,0.35412
Netherlands,NLD,2022-09-23 14:00:00,2022-09-23 16:00:00,0.38497000000000003
Netherlands,NLD,2022-09-23 15:00:00,2022-09-23 17:00:00,0.42208999999999997
Netherlands,NLD,2022-09-23 16:00:00,2022-09-23 18:00:00,0.46013
Netherlands,NLD,2022-09-23 17:00:00,2022-09-23 19:00:00,0.475
Netherlands,NLD,2022-09-23 18:00:00,2022-09-23 20:00:00,0.43757999999999997
Netherlands,NLD,2022-09-23 19:00:00,2022-09-23 21:00:00,0.39146
Netherlands,NLD,2022-09-23 20:00:00,2022-09-23 22:00:00,0.38680000000000003
Netherlands,NLD,2022-09-23 21:00:00,2022-09-23 23:00:00,0.35804
Netherlands,NLD,2022-09-23 22:00:00,2022-09-24 00:00:00,0.37794
Netherlands,NLD,2022-09-23 23:00:00,2022-09-24 01:00:00,0.34412
Netherlands,NLD,2022-09-24 00:00:00,2022-09-24 02:00:00,0.31203
Netherlands,NLD,2022-09-24 01:00:00,2022-09-24 03:00:00,0.30723
Netherlands,NLD,2022-09-24 02:00:00,2022-09-24 04:00:00,0.30629
Netherlands,NLD,2022-09-24 03:00:00,2022-09-24 05:00:00,0.31436000000000003
Netherlands,NLD,2022-09-24 04:00:00,2022-09-24 06:00:00,0.3452
Netherlands,NLD,2022-09-24 05:00:00,2022-09-24 07:00:00,0.37178
Netherlands,NLD,2022-09-24 06:00:00,2022-09-24 08:00:00,0.37066000000000004
Netherlands,NLD,2022-09-24 07:00:00,2022-09-24 09:00:00,0.37515
Netherlands,NLD,2022-09-24 08:00:00,2022-09-24 10:00:00,0.36993
Netherlands,NLD,2022-09-24 09:00:00,2022-09-24 11:00:00,0.36349000000000004
Netherlands,NLD,2022-09-24 10:00:00,2022-09-24 12:00:00,0.33
Netherlands,NLD,2022-09-24 11:00:00,2022-09-24 13:00:00,0.29829
Netherlands,NLD,2022-09-24 12:00:00,2022-09-24 14:00:00,0.299
Netherlands,NLD,2022-09-24 13:00:00,2022-09-24 15:00:00,0.31711
Netherlands,NLD,2022-09-24 14:00:00,2022-09-24 16:00:00,0.357
Netherlands,NLD,2022-09-24 15:00:00,2022-09-24 17:00:00,0.37447
Netherlands,NLD,2022-09-24 16:00:00,2022-09-24 18:00:00,0.3857
Netherlands,NLD,2022-09-24 17:00:00,2022-09-24 19:00:00,0.43395
Netherlands,NLD,2022-09-24 18:00:00,2022-09-24 20:00:00,0.40768
Netherlands,NLD,2022-09-24 19:00:00,2022-09-24 21:00:00,0.37155
Netherlands,NLD,2022-09-24 20:00:00,2022-09-24 22:00:00,0.36273
Netherlands,NLD,2022-09-24 21:00:00,2022-09-24 23:00:00,0.31497
Netherlands,NLD,2022-09-24 22:00:00,2022-09-25 00:00:00,0.26866
Netherlands,NLD,2022-09-24 23:00:00,2022-09-25 01:00:00,0.23
Netherlands,NLD,2022-09-25 00:00:00,2022-09-25 02:00:00,0.21524000000000001
Netherlands,NLD,2022-09-25 01:00:00,2022-09-25 03:00:00,0.21516
Netherlands,NLD,2022-09-25 02:00:00,2022-09-25 04:00:00,0.19440000000000002
Netherlands,NLD,2022-09-25 03:00:00,2022-09-25 05:00:00,0.1976
Netherlands,NLD,2022-09-25 04:00:00,2022-09-25 06:00:00,0.22813999999999998
Netherlands,NLD,2022-09-25 05:00:00,2022-09-25 07:00:00,0.2399
Netherlands,NLD,2022-09-25 06:00:00,2022-09-25 08:00:00,0.27874
Netherlands,NLD,2022-09-25 07:00:00,2022-09-25 09:00:00,0.28714999999999996
Netherlands,NLD,2022-09-25 08:00:00,2022-09-25 10:00:00,0.2099
Netherlands,NLD,2022-09-25 09:00:00,2022-09-25 11:00:00,0.145
Netherlands,NLD,2022-09-25 10:00:00,2022-09-25 12:00:00,0.145
Netherlands,NLD,2022-09-25 11:00:00,2022-09-25 13:00:00,0.11
Netherlands,NLD,2022-09-25 12:00:00,2022-09-25 14:00:00,0.135
Netherlands,NLD,2022-09-25 13:00:00,2022-09-25 15:00:00,0.15280000000000002
Netherlands,NLD,2022-09-25 14:00:00,2022-09-25 16:00:00,0.174
Netherlands,NLD,2022-09-25 15:00:00,2022-09-25 17:00:00,0.32813
Netherlands,NLD,2022-09-25 16:00:00,2022-09-25 18:00:00,0.38009
Netherlands,NLD,2022-09-25 17:00:00,2022-09-25 19:00:00,0.41214
Netherlands,NLD,2022-09-25 18:00:00,2022-09-25 20:00:00,0.39399
Netherlands,NLD,2022-09-25 19:00:00,2022-09-25 21:00:00,0.36997
Netherlands,NLD,2022-09-25 20:00:00,2022-09-25 22:00:00,0.34817000000000004
Netherlands,NLD,2022-09-25 21:00:00,2022-09-25 23:00:00,0.29443
Netherlands,NLD,2022-09-25 22:00:00,2022-09-26 00:00:00,0.24877000000000002
Netherlands,NLD,2022-09-25 23:00:00,2022-09-26 01:00:00,0.17984999999999998
Netherlands,NLD,2022-09-26 00:00:00,2022-09-26 02:00:00,0.15684
Netherlands,NLD,2022-09-26 01:00:00,2022-09-26 03:00:00,0.11818000000000001
Netherlands,NLD,2022-09-26 02:00:00,2022-09-26 04:00:00,0.09040000000000001
Netherlands,NLD,2022-09-26 03:00:00,2022-09-26 05:00:00,0.1428
Netherlands,NLD,2022-09-26 04:00:00,2022-09-26 06:00:00,0.224
Netherlands,NLD,2022-09-26 05:00:00,2022-09-26 07:00:00,0.29762
Netherlands,NLD,2022-09-26 06:00:00,2022-09-26 08:00:00,0.29278
Netherlands,NLD,2022-09-26 07:00:00,2022-09-26 09:00:00,0.2699
Netherlands,NLD,2022-09-26 08:00:00,2022-09-26 10:00:00,0.25106
Netherlands,NLD,2022-09-26 09:00:00,2022-09-26 11:00:00,0.234
Netherlands,NLD,2022-09-26 10:00:00,2022-09-26 12:00:00,0.22469999999999998
Netherlands,NLD,2022-09-26 11:00:00,2022-09-26 13:00:00,0.20015
Netherlands,NLD,2022-09-26 12:00:00,2022-09-26 14:00:00,0.1693
Netherlands,NLD,2022-09-26 13:00:00,2022-09-26 15:00:00,0.16524
Netherlands,NLD,2022-09-26 14:00:00,2022-09-26 16:00:00,0.24
Netherlands,NLD,2022-09-26 15:00:00,2022-09-26 17:00:00,0.31455
Netherlands,NLD,2022-09-26 16:00:00,2022-09-26 18:00:00,0.38913
Netherlands,NLD,2022-09-26 17:00:00,2022-09-26 19:00:00,0.41770999999999997
Netherlands,NLD,2022-09-26 18:00:00,2022-09-26 20:00:00,0.39658
Netherlands,NLD,2022-09-26 19:00:00,2022-09-26 21:00:00,0.3297
Netherlands,NLD,2022-09-26 20:00:00,2022-09-26 22:00:00,0.29899000000000003
Netherlands,NLD,2022-09-26 21:00:00,2022-09-26 23:00:00,0.26391000000000003
Netherlands,NLD,2022-09-26 22:00:00,2022-09-27 00:00:00,0.19094999999999998
Netherlands,NLD,2022-09-26 23:00:00,2022-09-27 01:00:00,0.18024
Netherlands,NLD,2022-09-27 00:00:00,2022-09-27 02:00:00,0.1698
Netherlands,NLD,2022-09-27 01:00:00,2022-09-27 03:00:00,0.15130000000000002
Netherlands,NLD,2022-09-27 02:00:00,2022-09-27 04:00:00,0.16735
Netherlands,NLD,2022-09-27 03:00:00,2022-09-27 05:00:00,0.17869
Netherlands,NLD,2022-09-27 04:00:00,2022-09-27 06:00:00,0.27716
Netherlands,NLD,2022-09-27 05:00:00,2022-09-27 07:00:00,0.40738
Netherlands,NLD,2022-09-27 06:00:00,2022-09-27 08:00:00,0.41931999999999997
Netherlands,NLD,2022-09-27 07:00:00,2022-09-27 09:00:00,0.27162000000000003
Netherlands,NLD,2022-09-27 08:00:00,2022-09-27 10:00:00,0.21361000000000002
Netherlands,NLD,2022-09-27 09:00:00,2022-09-27 11:00:00,0.21564
Netherlands,NLD,2022-09-27 10:00:00,2022-09-27 12:00:00,0.2371
Netherlands,NLD,2022-09-27 11:00:00,2022-09-27 13:00:00,0.25054
Netherlands,NLD,2022-09-27 12:00:00,2022-09-27 14:00:00,0.2796
Netherlands,NLD,2022-09-27 13:00:00,2022-09-27 15:00:00,0.29291
Netherlands,NLD,2022-09-27 14:00:00,2022-09-27 16:00:00,0.30811
Netherlands,NLD,2022-09-27 15:00:00,2022-09-27 17:00:00,0.36547
Netherlands,NLD,2022-09-27 16:00:00,2022-09-27 18:00:00,0.38322
Netherlands,NLD,2022-09-27 17:00:00,2022-09-27 19:00:00,0.42179
Netherlands,NLD,2022-09-27 18:00:00,2022-09-27 20:00:00,0.40263
Netherlands,NLD,2022-09-27 19:00:00,2022-09-27 21:00:00,0.35143
Netherlands,NLD,2022-09-27 20:00:00,2022-09-27 22:00:00,0.33369
Netherlands,NLD,2022-09-27 21:00:00,2022-09-27 23:00:00,0.31971
Netherlands,NLD,2022-09-27 22:00:00,2022-09-28 00:00:00,0.30642
Netherlands,NLD,2022-09-27 23:00:00,2022-09-28 01:00:00,0.27577999999999997
Netherlands,NLD,2022-09-28 00:00:00,2022-09-28 02:00:00,0.24594
Netherlands,NLD,2022-09-28 01:00:00,2022-09-28 03:00:00,0.24298
Netherlands,NLD,2022-09-28 02:00:00,2022-09-28 04:00:00,0.27376999999999996
Netherlands,NLD,2022-09-28 03:00:00,2022-09-28 05:00:00,0.30713
Netherlands,NLD,2022-09-28 04:00:00,2022-09-28 06:00:00,0.38317
Netherlands,NLD,2022-09-28 05:00:00,2022-09-28 07:00:00,0.47263
Netherlands,NLD,2022-09-28 06:00:00,2022-09-28 08:00:00,0.50038
Netherlands,NLD,2022-09-28 07:00:00,2022-09-28 09:00:00,0.3999
Netherlands,NLD,2022-09-28 08:00:00,2022-09-28 10:00:00,0.3862
Netherlands,NLD,2022-09-28 09:00:00,2022-09-28 11:00:00,0.38157
Netherlands,NLD,2022-09-28 10:00:00,2022-09-28 12:00:00,0.32581
Netherlands,NLD,2022-09-28 11:00:00,2022-09-28 13:00:00,0.32424000000000003
Netherlands,NLD,2022-09-28 12:00:00,2022-09-28 14:00:00,0.29992
Netherlands,NLD,2022-09-28 13:00:00,2022-09-28 15:00:00,0.35
Netherlands,NLD,2022-09-28 14:00:00,2022-09-28 16:00:00,0.38498000000000004
Netherlands,NLD,2022-09-28 15:00:00,2022-09-28 17:00:00,0.43559
Netherlands,NLD,2022-09-28 16:00:00,2022-09-28 18:00:00,0.50712
Netherlands,NLD,2022-09-28 17:00:00,2022-09-28 19:00:00,0.64042
Netherlands,NLD,2022-09-28 18:00:00,2022-09-28 20:00:00,0.51
Netherlands,NLD,2022-09-28 19:00:00,2022-09-28 21:00:00,0.41999000000000003
Netherlands,NLD,2022-09-28 20:00:00,2022-09-28 22:00:00,0.37261
Netherlands,NLD,2022-09-28 21:00:00,2022-09-28 23:00:00,0.3618
Netherlands,NLD,2022-09-28 22:00:00,2022-09-29 00:00:00,0.35145
Netherlands,NLD,2022-09-28 23:00:00,2022-09-29 01:00:00,0.33651
Netherlands,NLD,2022-09-29 00:00:00,2022-09-29 02:00:00,0.32614
Netherlands,NLD,2022-09-29 01:00:00,2022-09-29 03:00:00,0.31518999999999997
Netherlands,NLD,2022-09-29 02:00:00,2022-09-29 04:00:00,0.32
Netherlands,NLD,2022-09-29 03:00:00,2022-09-29 05:00:00,0.34552999999999995
Netherlands,NLD,2022-09-29 04:00:00,2022-09-29 06:00:00,0.44007
Netherlands,NLD,2022-09-29 05:00:00,2022-09-29 07:00:00,0.5699299999999999
Netherlands,NLD,2022-09-29 06:00:00,2022-09-29 08:00:00,0.5834400000000001
Netherlands,NLD,2022-09-29 07:00:00,2022-09-29 09:00:00,0.40708
Netherlands,NLD,2022-09-29 08:00:00,2022-09-29 10:00:00,0.37175
Netherlands,NLD,2022-09-29 09:00:00,2022-09-29 11:00:00,0.3521
Netherlands,NLD,2022-09-29 10:00:00,2022-09-29 12:00:00,0.33049
Netherlands,NLD,2022-09-29 11:00:00,2022-09-29 13:00:00,0.34425
Netherlands,NLD,2022-09-29 12:00:00,2022-09-29 14:00:00,0.3353
Netherlands,NLD,2022-09-29 13:00:00,2022-09-29 15:00:00,0.35
Netherlands,NLD,2022-09-29 14:00:00,2022-09-29 16:00:00,0.36645
Netherlands,NLD,2022-09-29 15:00:00,2022-09-29 17:00:00,0.44501
Netherlands,NLD,2022-09-29 16:00:00,2022-09-29 18:00:00,0.52319
Netherlands,NLD,2022-09-29 17:00:00,2022-09-29 19:00:00,0.605
Netherlands,NLD,2022-09-29 18:00:00,2022-09-29 20:00:00,0.52
Netherlands,NLD,2022-09-29 19:00:00,2022-09-29 21:00:00,0.42499000000000003
Netherlands,NLD,2022-09-29 20:00:00,2022-09-29 22:00:00,0.39703
Netherlands,NLD,2022-09-29 21:00:00,2022-09-29 23:00:00,0.37445999999999996
Netherlands,NLD,2022-09-29 22:00:00,2022-09-30 00:00:00,0.34944
Netherlands,NLD,2022-09-29 23:00:00,2022-09-30 01:00:00,0.3361
Netherlands,NLD,2022-09-30 00:00:00,2022-09-30 02:00:00,0.32503
Netherlands,NLD,2022-09-30 01:00:00,2022-09-30 03:00:00,0.32242000000000004
Netherlands,NLD,2022-09-30 02:00:00,2022-09-30 04:00:00,0.32480000000000003
Netherlands,NLD,2022-09-30 03:00:00,2022-09-30 05:00:00,0.34843999999999997
Netherlands,NLD,2022-09-30 04:00:00,2022-09-30 06:00:00,0.42999
Netherlands,NLD,2022-09-30 05:00:00,2022-09-30 07:00:00,0.524
Netherlands,NLD,2022-09-30 06:00:00,2022-09-30 08:00:00,0.52826
Netherlands,NLD,2022-09-30 07:00:00,2022-09-30 09:00:00,0.35033
Netherlands,NLD,2022-09-30 08:00:00,2022-09-30 10:00:00,0.3421
Netherlands,NLD,2022-09-30 09:00:00,2022-09-30 11:00:00,0.26779000000000003
Netherlands,NLD,2022-09-30 10:00:00,2022-09-30 12:00:00,0.16756000000000001
Netherlands,NLD,2022-09-30 11:00:00,2022-09-30 13:00:00,0.2299
Netherlands,NLD,2022-09-30 12:00:00,2022-09-30 14:00:00,0.15905000000000002
Netherlands,NLD,2022-09-30 13:00:00,2022-09-30 15:00:00,0.14855000000000002
Netherlands,NLD,2022-09-30 14:00:00,2022-09-30 16:00:00,0.2
Netherlands,NLD,2022-09-30 15:00:00,2022-09-30 17:00:00,0.30482
Netherlands,NLD,2022-09-30 16:00:00,2022-09-30 18:00:00,0.35279000000000005
Netherlands,NLD,2022-09-30 17:00:00,2022-09-30 19:00:00,0.33909
Netherlands,NLD,2022-09-30 18:00:00,2022-09-30 20:00:00,0.29270999999999997
Netherlands,NLD,2022-09-30 19:00:00,2022-09-30 21:00:00,0.19244
Netherlands,NLD,2022-09-30 20:00:00,2022-09-30 22:00:00,0.164
Netherlands,NLD,2022-09-30 21:00:00,2022-09-30 23:00:00,0.09195
Netherlands,NLD,2022-09-30 22:00:00,2022-10-01 00:00:00,0.09975
Netherlands,NLD,2022-09-30 23:00:00,2022-10-01 01:00:00,0.06359000000000001
Netherlands,NLD,2022-10-01 00:00:00,2022-10-01 02:00:00,0.05
Netherlands,NLD,2022-10-01 01:00:00,2022-10-01 03:00:00,0.02148
Netherlands,NLD,2022-10-01 02:00:00,2022-10-01 04:00:00,0.01691
Netherlands,NLD,2022-10-01 03:00:00,2022-10-01 05:00:00,0.01503
Netherlands,NLD,2022-10-01 04:00:00,2022-10-01 06:00:00,0.01502
Netherlands,NLD,2022-10-01 05:00:00,2022-10-01 07:00:00,0.20531
Netherlands,NLD,2022-10-01 06:00:00,2022-10-01 08:00:00,0.21
Netherlands,NLD,2022-10-01 07:00:00,2022-10-01 09:00:00,0.217
Netherlands,NLD,2022-10-01 08:00:00,2022-10-01 10:00:00,0.11292
Netherlands,NLD,2022-10-01 09:00:00,2022-10-01 11:00:00,0.10676999999999999
Netherlands,NLD,2022-10-01 10:00:00,2022-10-01 12:00:00,0.09
Netherlands,NLD,2022-10-01 11:00:00,2022-10-01 13:00:00,0.07404000000000001
Netherlands,NLD,2022-10-01 12:00:00,2022-10-01 14:00:00,0.05994
Netherlands,NLD,2022-10-01 13:00:00,2022-10-01 15:00:00,0.05792
Netherlands,NLD,2022-10-01 14:00:00,2022-10-01 16:00:00,0.06982
Netherlands,NLD,2022-10-01 15:00:00,2022-10-01 17:00:00,0.1378
Netherlands,NLD,2022-10-01 16:00:00,2022-10-01 18:00:00,0.22682
Netherlands,NLD,2022-10-01 17:00:00,2022-10-01 19:00:00,0.26988
Netherlands,NLD,2022-10-01 18:00:00,2022-10-01 20:00:00,0.27
Netherlands,NLD,2022-10-01 19:00:00,2022-10-01 21:00:00,0.226
Netherlands,NLD,2022-10-01 20:00:00,2022-10-01 22:00:00,0.187
Netherlands,NLD,2022-10-01 21:00:00,2022-10-01 23:00:00,0.1623
Netherlands,NLD,2022-10-01 22:00:00,2022-10-02 00:00:00,0.1013
Netherlands,NLD,2022-10-01 23:00:00,2022-10-02 01:00:00,0.05895
Netherlands,NLD,2022-10-02 00:00:00,2022-10-02 02:00:00,0.10884
Netherlands,NLD,2022-10-02 01:00:00,2022-10-02 03:00:00,0.12154999999999999
Netherlands,NLD,2022-10-02 02:00:00,2022-10-02 04:00:00,0.092
Netherlands,NLD,2022-10-02 03:00:00,2022-10-02 05:00:00,0.10452
Netherlands,NLD,2022-10-02 04:00:00,2022-10-02 06:00:00,0.11868000000000001
Netherlands,NLD,2022-10-02 05:00:00,2022-10-02 07:00:00,0.21180000000000002
Netherlands,NLD,2022-10-02 06:00:00,2022-10-02 08:00:00,0.2006
Netherlands,NLD,2022-10-02 07:00:00,2022-10-02 09:00:00,0.2585
Netherlands,NLD,2022-10-02 08:00:00,2022-10-02 10:00:00,0.2251
Netherlands,NLD,2022-10-02 09:00:00,2022-10-02 11:00:00,0.15349000000000002
Netherlands,NLD,2022-10-02 10:00:00,2022-10-02 12:00:00,0.2199
Netherlands,NLD,2022-10-02 11:00:00,2022-10-02 13:00:00,0.13967
Netherlands,NLD,2022-10-02 12:00:00,2022-10-02 14:00:00,0.07543000000000001
Netherlands,NLD,2022-10-02 13:00:00,2022-10-02 15:00:00,0.13256
Netherlands,NLD,2022-10-02 14:00:00,2022-10-02 16:00:00,0.2361
Netherlands,NLD,2022-10-02 15:00:00,2022-10-02 17:00:00,0.237
Netherlands,NLD,2022-10-02 16:00:00,2022-10-02 18:00:00,0.28
Netherlands,NLD,2022-10-02 17:00:00,2022-10-02 19:00:00,0.357
Netherlands,NLD,2022-10-02 18:00:00,2022-10-02 20:00:00,0.35058999999999996
Netherlands,NLD,2022-10-02 19:00:00,2022-10-02 21:00:00,0.29388
Netherlands,NLD,2022-10-02 20:00:00,2022-10-02 22:00:00,0.25681
Netherlands,NLD,2022-10-02 21:00:00,2022-10-02 23:00:00,0.216
Netherlands,NLD,2022-10-02 22:00:00,2022-10-03 00:00:00,0.29163
Netherlands,NLD,2022-10-02 23:00:00,2022-10-03 01:00:00,0.29166000000000003
Netherlands,NLD,2022-10-03 00:00:00,2022-10-03 02:00:00,0.29455000000000003
Netherlands,NLD,2022-10-03 01:00:00,2022-10-03 03:00:00,0.29625
Netherlands,NLD,2022-10-03 02:00:00,2022-10-03 04:00:00,0.29
Netherlands,NLD,2022-10-03 03:00:00,2022-10-03 05:00:00,0.27992
Netherlands,NLD,2022-10-03 04:00:00,2022-10-03 06:00:00,0.27
Netherlands,NLD,2022-10-03 05:00:00,2022-10-03 07:00:00,0.37989999999999996
Netherlands,NLD,2022-10-03 06:00:00,2022-10-03 08:00:00,0.37989999999999996
Netherlands,NLD,2022-10-03 07:00:00,2022-10-03 09:00:00,0.575
Netherlands,NLD,2022-10-03 08:00:00,2022-10-03 10:00:00,0.32539999999999997
Netherlands,NLD,2022-10-03 09:00:00,2022-10-03 11:00:00,0.377
Netherlands,NLD,2022-10-03 10:00:00,2022-10-03 12:00:00,0.2479
Netherlands,NLD,2022-10-03 11:00:00,2022-10-03 13:00:00,0.31
Netherlands,NLD,2022-10-03 12:00:00,2022-10-03 14:00:00,0.206
Netherlands,NLD,2022-10-03 13:00:00,2022-10-03 15:00:00,0.2368
Netherlands,NLD,2022-10-03 14:00:00,2022-10-03 16:00:00,0.2501
Netherlands,NLD,2022-10-03 15:00:00,2022-10-03 17:00:00,0.34698
Netherlands,NLD,2022-10-03 16:00:00,2022-10-03 18:00:00,0.39111
Netherlands,NLD,2022-10-03 17:00:00,2022-10-03 19:00:00,0.46893
Netherlands,NLD,2022-10-03 18:00:00,2022-10-03 20:00:00,0.37985
Netherlands,NLD,2022-10-03 19:00:00,2022-10-03 21:00:00,0.32130000000000003
Netherlands,NLD,2022-10-03 20:00:00,2022-10-03 22:00:00,0.31842000000000004
Netherlands,NLD,2022-10-03 21:00:00,2022-10-03 23:00:00,0.2843
Netherlands,NLD,2022-10-03 22:00:00,2022-10-04 00:00:00,0.21774000000000002
Netherlands,NLD,2022-10-03 23:00:00,2022-10-04 01:00:00,0.19526
Netherlands,NLD,2022-10-04 00:00:00,2022-10-04 02:00:00,0.2033
Netherlands,NLD,2022-10-04 01:00:00,2022-10-04 03:00:00,0.1691
Netherlands,NLD,2022-10-04 02:00:00,2022-10-04 04:00:00,0.18769
Netherlands,NLD,2022-10-04 03:00:00,2022-10-04 05:00:00,0.19691999999999998
Netherlands,NLD,2022-10-04 04:00:00,2022-10-04 06:00:00,0.32997000000000004
Netherlands,NLD,2022-10-04 05:00:00,2022-10-04 07:00:00,0.4275
Netherlands,NLD,2022-10-04 06:00:00,2022-10-04 08:00:00,0.49739
Netherlands,NLD,2022-10-04 07:00:00,2022-10-04 09:00:00,0.25422
Netherlands,NLD,2022-10-04 08:00:00,2022-10-04 10:00:00,0.21516
Netherlands,NLD,2022-10-04 09:00:00,2022-10-04 11:00:00,0.18039
Netherlands,NLD,2022-10-04 10:00:00,2022-10-04 12:00:00,0.15431999999999998
Netherlands,NLD,2022-10-04 11:00:00,2022-10-04 13:00:00,0.1494
Netherlands,NLD,2022-10-04 12:00:00,2022-10-04 14:00:00,0.139
Netherlands,NLD,2022-10-04 13:00:00,2022-10-04 15:00:00,0.14408
Netherlands,NLD,2022-10-04 14:00:00,2022-10-04 16:00:00,0.1726
Netherlands,NLD,2022-10-04 15:00:00,2022-10-04 17:00:00,0.21602000000000002
Netherlands,NLD,2022-10-04 16:00:00,2022-10-04 18:00:00,0.37703
Netherlands,NLD,2022-10-04 17:00:00,2022-10-04 19:00:00,0.36485
Netherlands,NLD,2022-10-04 18:00:00,2022-10-04 20:00:00,0.29072000000000003
Netherlands,NLD,2022-10-04 19:00:00,2022-10-04 21:00:00,0.20237
Netherlands,NLD,2022-10-04 20:00:00,2022-10-04 22:00:00,0.16337000000000002
Netherlands,NLD,2022-10-04 21:00:00,2022-10-04 23:00:00,0.13369999999999999
Netherlands,NLD,2022-10-04 22:00:00,2022-10-05 00:00:00,0.19999
Netherlands,NLD,2022-10-04 23:00:00,2022-10-05 01:00:00,0.149
Netherlands,NLD,2022-10-05 00:00:00,2022-10-05 02:00:00,0.13802
Netherlands,NLD,2022-10-05 01:00:00,2022-10-05 03:00:00,0.09569
Netherlands,NLD,2022-10-05 02:00:00,2022-10-05 04:00:00,0.11464
Netherlands,NLD,2022-10-05 03:00:00,2022-10-05 05:00:00,0.08836
Netherlands,NLD,2022-10-05 04:00:00,2022-10-05 06:00:00,0.178
Netherlands,NLD,2022-10-05 05:00:00,2022-10-05 07:00:00,0.22
Netherlands,NLD,2022-10-05 06:00:00,2022-10-05 08:00:00,0.225
Netherlands,NLD,2022-10-05 07:00:00,2022-10-05 09:00:00,0.20887999999999998
Netherlands,NLD,2022-10-05 08:00:00,2022-10-05 10:00:00,0.10723
Netherlands,NLD,2022-10-05 09:00:00,2022-10-05 11:00:00,0.05484000000000001
Netherlands,NLD,2022-10-05 10:00:00,2022-10-05 12:00:00,0.03623
Netherlands,NLD,2022-10-05 11:00:00,2022-10-05 13:00:00,0.00103
Netherlands,NLD,2022-10-05 12:00:00,2022-10-05 14:00:00,0.00325
Netherlands,NLD,2022-10-05 13:00:00,2022-10-05 15:00:00,0.01246
Netherlands,NLD,2022-10-05 14:00:00,2022-10-05 16:00:00,0.07490000000000001
Netherlands,NLD,2022-10-05 15:00:00,2022-10-05 17:00:00,0.194
Netherlands,NLD,2022-10-05 16:00:00,2022-10-05 18:00:00,0.20959999999999998
Netherlands,NLD,2022-10-05 17:00:00,2022-10-05 19:00:00,0.2656
Netherlands,NLD,2022-10-05 18:00:00,2022-10-05 20:00:00,0.231
Netherlands,NLD,2022-10-05 19:00:00,2022-10-05 21:00:00,0.23155
Netherlands,NLD,2022-10-05 20:00:00,2022-10-05 22:00:00,0.2251
Netherlands,NLD,2022-10-05 21:00:00,2022-10-05 23:00:00,0.09322
Netherlands,NLD,2022-10-05 22:00:00,2022-10-06 00:00:00,0.01509
Netherlands,NLD,2022-10-05 23:00:00,2022-10-06 01:00:00,0.0
Netherlands,NLD,2022-10-06 00:00:00,2022-10-06 02:00:00,8.999999999999999e-05
Netherlands,NLD,2022-10-06 01:00:00,2022-10-06 03:00:00,8e-05
Netherlands,NLD,2022-10-06 02:00:00,2022-10-06 04:00:00,0.0
Netherlands,NLD,2022-10-06 03:00:00,2022-10-06 05:00:00,0.05757
Netherlands,NLD,2022-10-06 04:00:00,2022-10-06 06:00:00,0.10526
Netherlands,NLD,2022-10-06 05:00:00,2022-10-06 07:00:00,0.2337
Netherlands,NLD,2022-10-06 06:00:00,2022-10-06 08:00:00,0.2399
Netherlands,NLD,2022-10-06 07:00:00,2022-10-06 09:00:00,0.1999
Netherlands,NLD,2022-10-06 08:00:00,2022-10-06 10:00:00,0.141
Netherlands,NLD,2022-10-06 09:00:00,2022-10-06 11:00:00,0.0
Netherlands,NLD,2022-10-06 10:00:00,2022-10-06 12:00:00,0.0
Netherlands,NLD,2022-10-06 11:00:00,2022-10-06 13:00:00,-0.0046
Netherlands,NLD,2022-10-06 12:00:00,2022-10-06 14:00:00,-0.00883
Netherlands,NLD,2022-10-06 13:00:00,2022-10-06 15:00:00,0.02721
Netherlands,NLD,2022-10-06 14:00:00,2022-10-06 16:00:00,0.06609999999999999
Netherlands,NLD,2022-10-06 15:00:00,2022-10-06 17:00:00,0.14119
Netherlands,NLD,2022-10-06 16:00:00,2022-10-06 18:00:00,0.2655
Netherlands,NLD,2022-10-06 17:00:00,2022-10-06 19:00:00,0.29433
Netherlands,NLD,2022-10-06 18:00:00,2022-10-06 20:00:00,0.1899
Netherlands,NLD,2022-10-06 19:00:00,2022-10-06 21:00:00,0.18
Netherlands,NLD,2022-10-06 20:00:00,2022-10-06 22:00:00,0.17
Netherlands,NLD,2022-10-06 21:00:00,2022-10-06 23:00:00,0.1643
Netherlands,NLD,2022-10-06 22:00:00,2022-10-07 00:00:00,0.15
Netherlands,NLD,2022-10-06 23:00:00,2022-10-07 01:00:00,0.1199
Netherlands,NLD,2022-10-07 00:00:00,2022-10-07 02:00:00,0.104
Netherlands,NLD,2022-10-07 01:00:00,2022-10-07 03:00:00,0.1463
Netherlands,NLD,2022-10-07 02:00:00,2022-10-07 04:00:00,0.151
Netherlands,NLD,2022-10-07 03:00:00,2022-10-07 05:00:00,0.12
Netherlands,NLD,2022-10-07 04:00:00,2022-10-07 06:00:00,0.1551
Netherlands,NLD,2022-10-07 05:00:00,2022-10-07 07:00:00,0.22994
Netherlands,NLD,2022-10-07 06:00:00,2022-10-07 08:00:00,0.26911
Netherlands,NLD,2022-10-07 07:00:00,2022-10-07 09:00:00,0.18896000000000002
Netherlands,NLD,2022-10-07 08:00:00,2022-10-07 10:00:00,0.1714
Netherlands,NLD,2022-10-07 09:00:00,2022-10-07 11:00:00,0.101
Netherlands,NLD,2022-10-07 10:00:00,2022-10-07 12:00:00,0.01365
Netherlands,NLD,2022-10-07 11:00:00,2022-10-07 13:00:00,0.01374
Netherlands,NLD,2022-10-07 12:00:00,2022-10-07 14:00:00,0.05
Netherlands,NLD,2022-10-07 13:00:00,2022-10-07 15:00:00,0.08702
Netherlands,NLD,2022-10-07 14:00:00,2022-10-07 16:00:00,0.1376
Netherlands,NLD,2022-10-07 15:00:00,2022-10-07 17:00:00,0.14612999999999998
Netherlands,NLD,2022-10-07 16:00:00,2022-10-07 18:00:00,0.2652
Netherlands,NLD,2022-10-07 17:00:00,2022-10-07 19:00:00,0.29671
Netherlands,NLD,2022-10-07 18:00:00,2022-10-07 20:00:00,0.1989
Netherlands,NLD,2022-10-07 19:00:00,2022-10-07 21:00:00,0.1374
Netherlands,NLD,2022-10-07 20:00:00,2022-10-07 22:00:00,0.15747
Netherlands,NLD,2022-10-07 21:00:00,2022-10-07 23:00:00,0.12990000000000002
Netherlands,NLD,2022-10-07 22:00:00,2022-10-08 00:00:00,0.12493000000000001
Netherlands,NLD,2022-10-07 23:00:00,2022-10-08 01:00:00,0.1404
Netherlands,NLD,2022-10-08 00:00:00,2022-10-08 02:00:00,0.12340000000000001
Netherlands,NLD,2022-10-08 01:00:00,2022-10-08 03:00:00,0.12738
Netherlands,NLD,2022-10-08 02:00:00,2022-10-08 04:00:00,0.14730000000000001
Netherlands,NLD,2022-10-08 03:00:00,2022-10-08 05:00:00,0.13413999999999998
Netherlands,NLD,2022-10-08 04:00:00,2022-10-08 06:00:00,0.12470999999999999
Netherlands,NLD,2022-10-08 05:00:00,2022-10-08 07:00:00,0.16009
Netherlands,NLD,2022-10-08 06:00:00,2022-10-08 08:00:00,0.16981
Netherlands,NLD,2022-10-08 07:00:00,2022-10-08 09:00:00,0.16288
Netherlands,NLD,2022-10-08 08:00:00,2022-10-08 10:00:00,0.12443000000000001
Netherlands,NLD,2022-10-08 09:00:00,2022-10-08 11:00:00,0.04572
Netherlands,NLD,2022-10-08 10:00:00,2022-10-08 12:00:00,0.03657
Netherlands,NLD,2022-10-08 11:00:00,2022-10-08 13:00:00,0.035
Netherlands,NLD,2022-10-08 12:00:00,2022-10-08 14:00:00,0.02994
Netherlands,NLD,2022-10-08 13:00:00,2022-10-08 15:00:00,0.05411
Netherlands,NLD,2022-10-08 14:00:00,2022-10-08 16:00:00,0.1678
Netherlands,NLD,2022-10-08 15:00:00,2022-10-08 17:00:00,0.1899
Netherlands,NLD,2022-10-08 16:00:00,2022-10-08 18:00:00,0.24993
Netherlands,NLD,2022-10-08 17:00:00,2022-10-08 19:00:00,0.3207
Netherlands,NLD,2022-10-08 18:00:00,2022-10-08 20:00:00,0.26480000000000004
Netherlands,NLD,2022-10-08 19:00:00,2022-10-08 21:00:00,0.24374
Netherlands,NLD,2022-10-08 20:00:00,2022-10-08 22:00:00,0.23381
Netherlands,NLD,2022-10-08 21:00:00,2022-10-08 23:00:00,0.22091
Netherlands,NLD,2022-10-08 22:00:00,2022-10-09 00:00:00,0.21613
Netherlands,NLD,2022-10-08 23:00:00,2022-10-09 01:00:00,0.19502
Netherlands,NLD,2022-10-09 00:00:00,2022-10-09 02:00:00,0.1901
Netherlands,NLD,2022-10-09 01:00:00,2022-10-09 03:00:00,0.1621
Netherlands,NLD,2022-10-09 02:00:00,2022-10-09 04:00:00,0.14195
Netherlands,NLD,2022-10-09 03:00:00,2022-10-09 05:00:00,0.14712
Netherlands,NLD,2022-10-09 04:00:00,2022-10-09 06:00:00,0.153
Netherlands,NLD,2022-10-09 05:00:00,2022-10-09 07:00:00,0.19568000000000002
Netherlands,NLD,2022-10-09 06:00:00,2022-10-09 08:00:00,0.19669999999999999
Netherlands,NLD,2022-10-09 07:00:00,2022-10-09 09:00:00,0.15084999999999998
Netherlands,NLD,2022-10-09 08:00:00,2022-10-09 10:00:00,0.116
Netherlands,NLD,2022-10-09 09:00:00,2022-10-09 11:00:00,0.088
Netherlands,NLD,2022-10-09 10:00:00,2022-10-09 12:00:00,0.0932
Netherlands,NLD,2022-10-09 11:00:00,2022-10-09 13:00:00,0.05
Netherlands,NLD,2022-10-09 12:00:00,2022-10-09 14:00:00,0.06096
Netherlands,NLD,2022-10-09 13:00:00,2022-10-09 15:00:00,0.07911
Netherlands,NLD,2022-10-09 14:00:00,2022-10-09 16:00:00,0.13319999999999999
Netherlands,NLD,2022-10-09 15:00:00,2022-10-09 17:00:00,0.18308000000000002
Netherlands,NLD,2022-10-09 16:00:00,2022-10-09 18:00:00,0.19884000000000002
Netherlands,NLD,2022-10-09 17:00:00,2022-10-09 19:00:00,0.26933999999999997
Netherlands,NLD,2022-10-09 18:00:00,2022-10-09 20:00:00,0.1999
Netherlands,NLD,2022-10-09 19:00:00,2022-10-09 21:00:00,0.1564
Netherlands,NLD,2022-10-09 20:00:00,2022-10-09 22:00:00,0.14
Netherlands,NLD,2022-10-09 21:00:00,2022-10-09 23:00:00,0.126
Netherlands,NLD,2022-10-09 22:00:00,2022-10-10 00:00:00,0.12
Netherlands,NLD,2022-10-09 23:00:00,2022-10-10 01:00:00,0.136
Netherlands,NLD,2022-10-10 00:00:00,2022-10-10 02:00:00,0.15775
Netherlands,NLD,2022-10-10 01:00:00,2022-10-10 03:00:00,0.08612
Netherlands,NLD,2022-10-10 02:00:00,2022-10-10 04:00:00,0.09065999999999999
Netherlands,NLD,2022-10-10 03:00:00,2022-10-10 05:00:00,0.1414
Netherlands,NLD,2022-10-10 04:00:00,2022-10-10 06:00:00,0.16866
Netherlands,NLD,2022-10-10 05:00:00,2022-10-10 07:00:00,0.22726
Netherlands,NLD,2022-10-10 06:00:00,2022-10-10 08:00:00,0.26626
Netherlands,NLD,2022-10-10 07:00:00,2022-10-10 09:00:00,0.2332
Netherlands,NLD,2022-10-10 08:00:00,2022-10-10 10:00:00,0.20556
Netherlands,NLD,2022-10-10 09:00:00,2022-10-10 11:00:00,0.15887
Netherlands,NLD,2022-10-10 10:00:00,2022-10-10 12:00:00,0.13762
Netherlands,NLD,2022-10-10 11:00:00,2022-10-10 13:00:00,0.13482
Netherlands,NLD,2022-10-10 12:00:00,2022-10-10 14:00:00,0.13407
Netherlands,NLD,2022-10-10 13:00:00,2022-10-10 15:00:00,0.14923
Netherlands,NLD,2022-10-10 14:00:00,2022-10-10 16:00:00,0.15886
Netherlands,NLD,2022-10-10 15:00:00,2022-10-10 17:00:00,0.21245
Netherlands,NLD,2022-10-10 16:00:00,2022-10-10 18:00:00,0.24781
Netherlands,NLD,2022-10-10 17:00:00,2022-10-10 19:00:00,0.258
Netherlands,NLD,2022-10-10 18:00:00,2022-10-10 20:00:00,0.23285
Netherlands,NLD,2022-10-10 19:00:00,2022-10-10 21:00:00,0.2049
Netherlands,NLD,2022-10-10 20:00:00,2022-10-10 22:00:00,0.18
Netherlands,NLD,2022-10-10 21:00:00,2022-10-10 23:00:00,0.15934
Netherlands,NLD,2022-10-10 22:00:00,2022-10-11 00:00:00,0.158
Netherlands,NLD,2022-10-10 23:00:00,2022-10-11 01:00:00,0.1743
Netherlands,NLD,2022-10-11 00:00:00,2022-10-11 02:00:00,0.1743
Netherlands,NLD,2022-10-11 01:00:00,2022-10-11 03:00:00,0.17154
Netherlands,NLD,2022-10-11 02:00:00,2022-10-11 04:00:00,0.17
Netherlands,NLD,2022-10-11 03:00:00,2022-10-11 05:00:00,0.16558
Netherlands,NLD,2022-10-11 04:00:00,2022-10-11 06:00:00,0.25096
Netherlands,NLD,2022-10-11 05:00:00,2022-10-11 07:00:00,0.29991
Netherlands,NLD,2022-10-11 06:00:00,2022-10-11 08:00:00,0.34916
Netherlands,NLD,2022-10-11 07:00:00,2022-10-11 09:00:00,0.30087
Netherlands,NLD,2022-10-11 08:00:00,2022-10-11 10:00:00,0.25872
Netherlands,NLD,2022-10-11 09:00:00,2022-10-11 11:00:00,0.22987
Netherlands,NLD,2022-10-11 10:00:00,2022-10-11 12:00:00,0.18656999999999999
Netherlands,NLD,2022-10-11 11:00:00,2022-10-11 13:00:00,0.18317
Netherlands,NLD,2022-10-11 12:00:00,2022-10-11 14:00:00,0.20725
Netherlands,NLD,2022-10-11 13:00:00,2022-10-11 15:00:00,0.2076
Netherlands,NLD,2022-10-11 14:00:00,2022-10-11 16:00:00,0.25683999999999996
Netherlands,NLD,2022-10-11 15:00:00,2022-10-11 17:00:00,0.32389999999999997
Netherlands,NLD,2022-10-11 16:00:00,2022-10-11 18:00:00,0.44272
Netherlands,NLD,2022-10-11 17:00:00,2022-10-11 19:00:00,0.48475
Netherlands,NLD,2022-10-11 18:00:00,2022-10-11 20:00:00,0.3339
Netherlands,NLD,2022-10-11 19:00:00,2022-10-11 21:00:00,0.29502
Netherlands,NLD,2022-10-11 20:00:00,2022-10-11 22:00:00,0.26203
Netherlands,NLD,2022-10-11 21:00:00,2022-10-11 23:00:00,0.25854000000000005
Netherlands,NLD,2022-10-11 22:00:00,2022-10-12 00:00:00,0.23657
Netherlands,NLD,2022-10-11 23:00:00,2022-10-12 01:00:00,0.22221000000000002
Netherlands,NLD,2022-10-12 00:00:00,2022-10-12 02:00:00,0.20756
Netherlands,NLD,2022-10-12 01:00:00,2022-10-12 03:00:00,0.19899
Netherlands,NLD,2022-10-12 02:00:00,2022-10-12 04:00:00,0.2199
Netherlands,NLD,2022-10-12 03:00:00,2022-10-12 05:00:00,0.2
Netherlands,NLD,2022-10-12 04:00:00,2022-10-12 06:00:00,0.22240000000000001
Netherlands,NLD,2022-10-12 05:00:00,2022-10-12 07:00:00,0.3399
Netherlands,NLD,2022-10-12 06:00:00,2022-10-12 08:00:00,0.421
Netherlands,NLD,2022-10-12 07:00:00,2022-10-12 09:00:00,0.22269999999999998
Netherlands,NLD,2022-10-12 08:00:00,2022-10-12 10:00:00,0.2189
Netherlands,NLD,2022-10-12 09:00:00,2022-10-12 11:00:00,0.1685
Netherlands,NLD,2022-10-12 10:00:00,2022-10-12 12:00:00,0.16516999999999998
Netherlands,NLD,2022-10-12 11:00:00,2022-10-12 13:00:00,0.194
Netherlands,NLD,2022-10-12 12:00:00,2022-10-12 14:00:00,0.20912999999999998
Netherlands,NLD,2022-10-12 13:00:00,2022-10-12 15:00:00,0.22479
Netherlands,NLD,2022-10-12 14:00:00,2022-10-12 16:00:00,0.2171
Netherlands,NLD,2022-10-12 15:00:00,2022-10-12 17:00:00,0.29508999999999996
Netherlands,NLD,2022-10-12 16:00:00,2022-10-12 18:00:00,0.37839999999999996
Netherlands,NLD,2022-10-12 17:00:00,2022-10-12 19:00:00,0.47997
Netherlands,NLD,2022-10-12 18:00:00,2022-10-12 20:00:00,0.32432
Netherlands,NLD,2022-10-12 19:00:00,2022-10-12 21:00:00,0.27302
Netherlands,NLD,2022-10-12 20:00:00,2022-10-12 22:00:00,0.24303999999999998
Netherlands,NLD,2022-10-12 21:00:00,2022-10-12 23:00:00,0.22857
Netherlands,NLD,2022-10-12 22:00:00,2022-10-13 00:00:00,0.21866
Netherlands,NLD,2022-10-12 23:00:00,2022-10-13 01:00:00,0.21
Netherlands,NLD,2022-10-13 00:00:00,2022-10-13 02:00:00,0.1938
Netherlands,NLD,2022-10-13 01:00:00,2022-10-13 03:00:00,0.18296
Netherlands,NLD,2022-10-13 02:00:00,2022-10-13 04:00:00,0.19502
Netherlands,NLD,2022-10-13 03:00:00,2022-10-13 05:00:00,0.21846000000000002
Netherlands,NLD,2022-10-13 04:00:00,2022-10-13 06:00:00,0.24
Netherlands,NLD,2022-10-13 05:00:00,2022-10-13 07:00:00,0.2099
Netherlands,NLD,2022-10-13 06:00:00,2022-10-13 08:00:00,0.32989999999999997
Netherlands,NLD,2022-10-13 07:00:00,2022-10-13 09:00:00,0.30156
Netherlands,NLD,2022-10-13 08:00:00,2022-10-13 10:00:00,0.2749
Netherlands,NLD,2022-10-13 09:00:00,2022-10-13 11:00:00,0.2777
Netherlands,NLD,2022-10-13 10:00:00,2022-10-13 12:00:00,0.2627
Netherlands,NLD,2022-10-13 11:00:00,2022-10-13 13:00:00,0.25499
Netherlands,NLD,2022-10-13 12:00:00,2022-10-13 14:00:00,0.255
Netherlands,NLD,2022-10-13 13:00:00,2022-10-13 15:00:00,0.26358
Netherlands,NLD,2022-10-13 14:00:00,2022-10-13 16:00:00,0.26665
Netherlands,NLD,2022-10-13 15:00:00,2022-10-13 17:00:00,0.29235
Netherlands,NLD,2022-10-13 16:00:00,2022-10-13 18:00:00,0.31964
Netherlands,NLD,2022-10-13 17:00:00,2022-10-13 19:00:00,0.34370999999999996
Netherlands,NLD,2022-10-13 18:00:00,2022-10-13 20:00:00,0.2901
Netherlands,NLD,2022-10-13 19:00:00,2022-10-13 21:00:00,0.2251
Netherlands,NLD,2022-10-13 20:00:00,2022-10-13 22:00:00,0.2251
Netherlands,NLD,2022-10-13 21:00:00,2022-10-13 23:00:00,0.20113
Netherlands,NLD,2022-10-13 22:00:00,2022-10-14 00:00:00,0.23132
Netherlands,NLD,2022-10-13 23:00:00,2022-10-14 01:00:00,0.2196
Netherlands,NLD,2022-10-14 00:00:00,2022-10-14 02:00:00,0.21212
Netherlands,NLD,2022-10-14 01:00:00,2022-10-14 03:00:00,0.21162
Netherlands,NLD,2022-10-14 02:00:00,2022-10-14 04:00:00,0.21891999999999998
Netherlands,NLD,2022-10-14 03:00:00,2022-10-14 05:00:00,0.22949
Netherlands,NLD,2022-10-14 04:00:00,2022-10-14 06:00:00,0.2538
Netherlands,NLD,2022-10-14 05:00:00,2022-10-14 07:00:00,0.35
Netherlands,NLD,2022-10-14 06:00:00,2022-10-14 08:00:00,0.25
Netherlands,NLD,2022-10-14 07:00:00,2022-10-14 09:00:00,0.32738999999999996
Netherlands,NLD,2022-10-14 08:00:00,2022-10-14 10:00:00,0.29725999999999997
Netherlands,NLD,2022-10-14 09:00:00,2022-10-14 11:00:00,0.2524
Netherlands,NLD,2022-10-14 10:00:00,2022-10-14 12:00:00,0.26200999999999997
Netherlands,NLD,2022-10-14 11:00:00,2022-10-14 13:00:00,0.23837
Netherlands,NLD,2022-10-14 12:00:00,2022-10-14 14:00:00,0.22141999999999998
Netherlands,NLD,2022-10-14 13:00:00,2022-10-14 15:00:00,0.24269
Netherlands,NLD,2022-10-14 14:00:00,2022-10-14 16:00:00,0.2586
Netherlands,NLD,2022-10-14 15:00:00,2022-10-14 17:00:00,0.274
Netherlands,NLD,2022-10-14 16:00:00,2022-10-14 18:00:00,0.29
Netherlands,NLD,2022-10-14 17:00:00,2022-10-14 19:00:00,0.2993
Netherlands,NLD,2022-10-14 18:00:00,2022-10-14 20:00:00,0.26699
Netherlands,NLD,2022-10-14 19:00:00,2022-10-14 21:00:00,0.21794
Netherlands,NLD,2022-10-14 20:00:00,2022-10-14 22:00:00,0.22003
Netherlands,NLD,2022-10-14 21:00:00,2022-10-14 23:00:00,0.193
Netherlands,NLD,2022-10-14 22:00:00,2022-10-15 00:00:00,0.19175999999999999
Netherlands,NLD,2022-10-14 23:00:00,2022-10-15 01:00:00,0.174
Netherlands,NLD,2022-10-15 00:00:00,2022-10-15 02:00:00,0.1638
Netherlands,NLD,2022-10-15 01:00:00,2022-10-15 03:00:00,0.14474
Netherlands,NLD,2022-10-15 02:00:00,2022-10-15 04:00:00,0.1399
Netherlands,NLD,2022-10-15 03:00:00,2022-10-15 05:00:00,0.13336
Netherlands,NLD,2022-10-15 04:00:00,2022-10-15 06:00:00,0.14749
Netherlands,NLD,2022-10-15 05:00:00,2022-10-15 07:00:00,0.1598
Netherlands,NLD,2022-10-15 06:00:00,2022-10-15 08:00:00,0.18681999999999999
Netherlands,NLD,2022-10-15 07:00:00,2022-10-15 09:00:00,0.19933
Netherlands,NLD,2022-10-15 08:00:00,2022-10-15 10:00:00,0.18509
Netherlands,NLD,2022-10-15 09:00:00,2022-10-15 11:00:00,0.16
Netherlands,NLD,2022-10-15 10:00:00,2022-10-15 12:00:00,0.14490999999999998
Netherlands,NLD,2022-10-15 11:00:00,2022-10-15 13:00:00,0.13657
Netherlands,NLD,2022-10-15 12:00:00,2022-10-15 14:00:00,0.1178
Netherlands,NLD,2022-10-15 13:00:00,2022-10-15 15:00:00,0.12
Netherlands,NLD,2022-10-15 14:00:00,2022-10-15 16:00:00,0.13316
Netherlands,NLD,2022-10-15 15:00:00,2022-10-15 17:00:00,0.16879
Netherlands,NLD,2022-10-15 16:00:00,2022-10-15 18:00:00,0.18649000000000002
Netherlands,NLD,2022-10-15 17:00:00,2022-10-15 19:00:00,0.19083
Netherlands,NLD,2022-10-15 18:00:00,2022-10-15 20:00:00,0.15137
Netherlands,NLD,2022-10-15 19:00:00,2022-10-15 21:00:00,0.13591999999999999
Netherlands,NLD,2022-10-15 20:00:00,2022-10-15 22:00:00,0.13903000000000001
Netherlands,NLD,2022-10-15 21:00:00,2022-10-15 23:00:00,0.12976
Netherlands,NLD,2022-10-15 22:00:00,2022-10-16 00:00:00,0.09209999999999999
Netherlands,NLD,2022-10-15 23:00:00,2022-10-16 01:00:00,0.07099
Netherlands,NLD,2022-10-16 00:00:00,2022-10-16 02:00:00,0.07204
Netherlands,NLD,2022-10-16 01:00:00,2022-10-16 03:00:00,0.06875
Netherlands,NLD,2022-10-16 02:00:00,2022-10-16 04:00:00,0.07912000000000001
Netherlands,NLD,2022-10-16 03:00:00,2022-10-16 05:00:00,0.0731
Netherlands,NLD,2022-10-16 04:00:00,2022-10-16 06:00:00,0.07217
Netherlands,NLD,2022-10-16 05:00:00,2022-10-16 07:00:00,0.07595
Netherlands,NLD,2022-10-16 06:00:00,2022-10-16 08:00:00,0.12
Netherlands,NLD,2022-10-16 07:00:00,2022-10-16 09:00:00,0.10006
Netherlands,NLD,2022-10-16 08:00:00,2022-10-16 10:00:00,0.09026999999999999
Netherlands,NLD,2022-10-16 09:00:00,2022-10-16 11:00:00,0.08502
Netherlands,NLD,2022-10-16 10:00:00,2022-10-16 12:00:00,0.05101
Netherlands,NLD,2022-10-16 11:00:00,2022-10-16 13:00:00,0.01449
Netherlands,NLD,2022-10-16 12:00:00,2022-10-16 14:00:00,0.0839
Netherlands,NLD,2022-10-16 13:00:00,2022-10-16 15:00:00,0.1147
Netherlands,NLD,2022-10-16 14:00:00,2022-10-16 16:00:00,0.0989
Netherlands,NLD,2022-10-16 15:00:00,2022-10-16 17:00:00,0.16724
Netherlands,NLD,2022-10-16 16:00:00,2022-10-16 18:00:00,0.19613
Netherlands,NLD,2022-10-16 17:00:00,2022-10-16 19:00:00,0.22362
Netherlands,NLD,2022-10-16 18:00:00,2022-10-16 20:00:00,0.17707
Netherlands,NLD,2022-10-16 19:00:00,2022-10-16 21:00:00,0.14496
Netherlands,NLD,2022-10-16 20:00:00,2022-10-16 22:00:00,0.14004
Netherlands,NLD,2022-10-16 21:00:00,2022-10-16 23:00:00,0.13455
Netherlands,NLD,2022-10-16 22:00:00,2022-10-17 00:00:00,0.12831
Netherlands,NLD,2022-10-16 23:00:00,2022-10-17 01:00:00,0.11441
Netherlands,NLD,2022-10-17 00:00:00,2022-10-17 02:00:00,0.10565000000000001
Netherlands,NLD,2022-10-17 01:00:00,2022-10-17 03:00:00,0.08964
Netherlands,NLD,2022-10-17 02:00:00,2022-10-17 04:00:00,0.07823000000000001
Netherlands,NLD,2022-10-17 03:00:00,2022-10-17 05:00:00,0.10133
Netherlands,NLD,2022-10-17 04:00:00,2022-10-17 06:00:00,0.12301000000000001
Netherlands,NLD,2022-10-17 05:00:00,2022-10-17 07:00:00,0.15416999999999997
Netherlands,NLD,2022-10-17 06:00:00,2022-10-17 08:00:00,0.18242
Netherlands,NLD,2022-10-17 07:00:00,2022-10-17 09:00:00,0.1611
Netherlands,NLD,2022-10-17 08:00:00,2022-10-17 10:00:00,0.1368
Netherlands,NLD,2022-10-17 09:00:00,2022-10-17 11:00:00,0.13745
Netherlands,NLD,2022-10-17 10:00:00,2022-10-17 12:00:00,0.12301999999999999
Netherlands,NLD,2022-10-17 11:00:00,2022-10-17 13:00:00,0.13207
Netherlands,NLD,2022-10-17 12:00:00,2022-10-17 14:00:00,0.13727
Netherlands,NLD,2022-10-17 13:00:00,2022-10-17 15:00:00,0.14032
Netherlands,NLD,2022-10-17 14:00:00,2022-10-17 16:00:00,0.16877
Netherlands,NLD,2022-10-17 15:00:00,2022-10-17 17:00:00,0.22116
Netherlands,NLD,2022-10-17 16:00:00,2022-10-17 18:00:00,0.26325
Netherlands,NLD,2022-10-17 17:00:00,2022-10-17 19:00:00,0.26816
Netherlands,NLD,2022-10-17 18:00:00,2022-10-17 20:00:00,0.19
Netherlands,NLD,2022-10-17 19:00:00,2022-10-17 21:00:00,0.16425
Netherlands,NLD,2022-10-17 20:00:00,2022-10-17 22:00:00,0.17291
Netherlands,NLD,2022-10-17 21:00:00,2022-10-17 23:00:00,0.14502
Netherlands,NLD,2022-10-17 22:00:00,2022-10-18 00:00:00,0.14164
Netherlands,NLD,2022-10-17 23:00:00,2022-10-18 01:00:00,0.13571
Netherlands,NLD,2022-10-18 00:00:00,2022-10-18 02:00:00,0.14035
Netherlands,NLD,2022-10-18 01:00:00,2022-10-18 03:00:00,0.13995
Netherlands,NLD,2022-10-18 02:00:00,2022-10-18 04:00:00,0.14059
Netherlands,NLD,2022-10-18 03:00:00,2022-10-18 05:00:00,0.14403
Netherlands,NLD,2022-10-18 04:00:00,2022-10-18 06:00:00,0.15009999999999998
Netherlands,NLD,2022-10-18 05:00:00,2022-10-18 07:00:00,0.18074
Netherlands,NLD,2022-10-18 06:00:00,2022-10-18 08:00:00,0.2321
Netherlands,NLD,2022-10-18 07:00:00,2022-10-18 09:00:00,0.20335
Netherlands,NLD,2022-10-18 08:00:00,2022-10-18 10:00:00,0.19351
Netherlands,NLD,2022-10-18 09:00:00,2022-10-18 11:00:00,0.17928
Netherlands,NLD,2022-10-18 10:00:00,2022-10-18 12:00:00,0.12588
Netherlands,NLD,2022-10-18 11:00:00,2022-10-18 13:00:00,0.13855
Netherlands,NLD,2022-10-18 12:00:00,2022-10-18 14:00:00,0.12201000000000001
Netherlands,NLD,2022-10-18 13:00:00,2022-10-18 15:00:00,0.1397
Netherlands,NLD,2022-10-18 14:00:00,2022-10-18 16:00:00,0.14
Netherlands,NLD,2022-10-18 15:00:00,2022-10-18 17:00:00,0.19851
Netherlands,NLD,2022-10-18 16:00:00,2022-10-18 18:00:00,0.2301
Netherlands,NLD,2022-10-18 17:00:00,2022-10-18 19:00:00,0.24785
Netherlands,NLD,2022-10-18 18:00:00,2022-10-18 20:00:00,0.19858
Netherlands,NLD,2022-10-18 19:00:00,2022-10-18 21:00:00,0.16568
Netherlands,NLD,2022-10-18 20:00:00,2022-10-18 22:00:00,0.14499
Netherlands,NLD,2022-10-18 21:00:00,2022-10-18 23:00:00,0.1536
Netherlands,NLD,2022-10-18 22:00:00,2022-10-19 00:00:00,0.129
Netherlands,NLD,2022-10-18 23:00:00,2022-10-19 01:00:00,0.12518
Netherlands,NLD,2022-10-19 00:00:00,2022-10-19 02:00:00,0.12142
Netherlands,NLD,2022-10-19 01:00:00,2022-10-19 03:00:00,0.12167
Netherlands,NLD,2022-10-19 02:00:00,2022-10-19 04:00:00,0.12062
Netherlands,NLD,2022-10-19 03:00:00,2022-10-19 05:00:00,0.13058
Netherlands,NLD,2022-10-19 04:00:00,2022-10-19 06:00:00,0.14071
Netherlands,NLD,2022-10-19 05:00:00,2022-10-19 07:00:00,0.18009999999999998
Netherlands,NLD,2022-10-19 06:00:00,2022-10-19 08:00:00,0.19321000000000002
Netherlands,NLD,2022-10-19 07:00:00,2022-10-19 09:00:00,0.14
Netherlands,NLD,2022-10-19 08:00:00,2022-10-19 10:00:00,0.1166
Netherlands,NLD,2022-10-19 09:00:00,2022-10-19 11:00:00,0.116
Netherlands,NLD,2022-10-19 10:00:00,2022-10-19 12:00:00,0.122
Netherlands,NLD,2022-10-19 11:00:00,2022-10-19 13:00:00,0.0885
Netherlands,NLD,2022-10-19 12:00:00,2022-10-19 14:00:00,0.1118
Netherlands,NLD,2022-10-19 13:00:00,2022-10-19 15:00:00,0.08
Netherlands,NLD,2022-10-19 14:00:00,2022-10-19 16:00:00,0.11613
Netherlands,NLD,2022-10-19 15:00:00,2022-10-19 17:00:00,0.17423
Netherlands,NLD,2022-10-19 16:00:00,2022-10-19 18:00:00,0.1401
Netherlands,NLD,2022-10-19 17:00:00,2022-10-19 19:00:00,0.1383
Netherlands,NLD,2022-10-19 18:00:00,2022-10-19 20:00:00,0.12090000000000001
Netherlands,NLD,2022-10-19 19:00:00,2022-10-19 21:00:00,0.12591
Netherlands,NLD,2022-10-19 20:00:00,2022-10-19 22:00:00,0.12601
Netherlands,NLD,2022-10-19 21:00:00,2022-10-19 23:00:00,0.12799
Netherlands,NLD,2022-10-19 22:00:00,2022-10-20 00:00:00,0.0745
Netherlands,NLD,2022-10-19 23:00:00,2022-10-20 01:00:00,0.038829999999999996
Netherlands,NLD,2022-10-20 00:00:00,2022-10-20 02:00:00,0.07224
Netherlands,NLD,2022-10-20 01:00:00,2022-10-20 03:00:00,0.049
Netherlands,NLD,2022-10-20 02:00:00,2022-10-20 04:00:00,0.0456
Netherlands,NLD,2022-10-20 03:00:00,2022-10-20 05:00:00,0.05701
Netherlands,NLD,2022-10-20 04:00:00,2022-10-20 06:00:00,0.1
Netherlands,NLD,2022-10-20 05:00:00,2022-10-20 07:00:00,0.152
Netherlands,NLD,2022-10-20 06:00:00,2022-10-20 08:00:00,0.19581
Netherlands,NLD,2022-10-20 07:00:00,2022-10-20 09:00:00,0.16765
Netherlands,NLD,2022-10-20 08:00:00,2022-10-20 10:00:00,0.16693
Netherlands,NLD,2022-10-20 09:00:00,2022-10-20 11:00:00,0.14998
Netherlands,NLD,2022-10-20 10:00:00,2022-10-20 12:00:00,0.13219999999999998
Netherlands,NLD,2022-10-20 11:00:00,2022-10-20 13:00:00,0.12966
Netherlands,NLD,2022-10-20 12:00:00,2022-10-20 14:00:00,0.12798
Netherlands,NLD,2022-10-20 13:00:00,2022-10-20 15:00:00,0.12894
Netherlands,NLD,2022-10-20 14:00:00,2022-10-20 16:00:00,0.1401
Netherlands,NLD,2022-10-20 15:00:00,2022-10-20 17:00:00,0.16828
Netherlands,NLD,2022-10-20 16:00:00,2022-10-20 18:00:00,0.17732
Netherlands,NLD,2022-10-20 17:00:00,2022-10-20 19:00:00,0.18308000000000002
Netherlands,NLD,2022-10-20 18:00:00,2022-10-20 20:00:00,0.16465000000000002
Netherlands,NLD,2022-10-20 19:00:00,2022-10-20 21:00:00,0.13898
Netherlands,NLD,2022-10-20 20:00:00,2022-10-20 22:00:00,0.12941999999999998
Netherlands,NLD,2022-10-20 21:00:00,2022-10-20 23:00:00,0.12411
Netherlands,NLD,2022-10-20 22:00:00,2022-10-21 00:00:00,0.13172999999999999
Netherlands,NLD,2022-10-20 23:00:00,2022-10-21 01:00:00,0.11862
Netherlands,NLD,2022-10-21 00:00:00,2022-10-21 02:00:00,0.11336
Netherlands,NLD,2022-10-21 01:00:00,2022-10-21 03:00:00,0.11101000000000001
Netherlands,NLD,2022-10-21 02:00:00,2022-10-21 04:00:00,0.11945
Netherlands,NLD,2022-10-21 03:00:00,2022-10-21 05:00:00,0.13288
Netherlands,NLD,2022-10-21 04:00:00,2022-10-21 06:00:00,0.1399
Netherlands,NLD,2022-10-21 05:00:00,2022-10-21 07:00:00,0.17497
Netherlands,NLD,2022-10-21 06:00:00,2022-10-21 08:00:00,0.19277
Netherlands,NLD,2022-10-21 07:00:00,2022-10-21 09:00:00,0.19347999999999999
Netherlands,NLD,2022-10-21 08:00:00,2022-10-21 10:00:00,0.18009999999999998
Netherlands,NLD,2022-10-21 09:00:00,2022-10-21 11:00:00,0.177
Netherlands,NLD,2022-10-21 10:00:00,2022-10-21 12:00:00,0.13808
Netherlands,NLD,2022-10-21 11:00:00,2022-10-21 13:00:00,0.12990000000000002
Netherlands,NLD,2022-10-21 12:00:00,2022-10-21 14:00:00,0.11944
Netherlands,NLD,2022-10-21 13:00:00,2022-10-21 15:00:00,0.12517
Netherlands,NLD,2022-10-21 14:00:00,2022-10-21 16:00:00,0.1467
Netherlands,NLD,2022-10-21 15:00:00,2022-10-21 17:00:00,0.19605
Netherlands,NLD,2022-10-21 16:00:00,2022-10-21 18:00:00,0.19696
Netherlands,NLD,2022-10-21 17:00:00,2022-10-21 19:00:00,0.15737
Netherlands,NLD,2022-10-21 18:00:00,2022-10-21 20:00:00,0.12966
Netherlands,NLD,2022-10-21 19:00:00,2022-10-21 21:00:00,0.14203
Netherlands,NLD,2022-10-21 20:00:00,2022-10-21 22:00:00,0.15159999999999998
Netherlands,NLD,2022-10-21 21:00:00,2022-10-21 23:00:00,0.1426
Netherlands,NLD,2022-10-21 22:00:00,2022-10-22 00:00:00,0.14285
Netherlands,NLD,2022-10-21 23:00:00,2022-10-22 01:00:00,0.12478
Netherlands,NLD,2022-10-22 00:00:00,2022-10-22 02:00:00,0.12903
Netherlands,NLD,2022-10-22 01:00:00,2022-10-22 03:00:00,0.11678
Netherlands,NLD,2022-10-22 02:00:00,2022-10-22 04:00:00,0.1182
Netherlands,NLD,2022-10-22 03:00:00,2022-10-22 05:00:00,0.11828
Netherlands,NLD,2022-10-22 04:00:00,2022-10-22 06:00:00,0.1201
Netherlands,NLD,2022-10-22 05:00:00,2022-10-22 07:00:00,0.13244
Netherlands,NLD,2022-10-22 06:00:00,2022-10-22 08:00:00,0.12185
Netherlands,NLD,2022-10-22 07:00:00,2022-10-22 09:00:00,0.14136
Netherlands,NLD,2022-10-22 08:00:00,2022-10-22 10:00:00,0.13074000000000002
Netherlands,NLD,2022-10-22 09:00:00,2022-10-22 11:00:00,0.12285
Netherlands,NLD,2022-10-22 10:00:00,2022-10-22 12:00:00,0.12
Netherlands,NLD,2022-10-22 11:00:00,2022-10-22 13:00:00,0.11244
Netherlands,NLD,2022-10-22 12:00:00,2022-10-22 14:00:00,0.10428
Netherlands,NLD,2022-10-22 13:00:00,2022-10-22 15:00:00,0.114
Netherlands,NLD,2022-10-22 14:00:00,2022-10-22 16:00:00,0.12409999999999999
Netherlands,NLD,2022-10-22 15:00:00,2022-10-22 17:00:00,0.15722999999999998
Netherlands,NLD,2022-10-22 16:00:00,2022-10-22 18:00:00,0.17887
Netherlands,NLD,2022-10-22 17:00:00,2022-10-22 19:00:00,0.18312
Netherlands,NLD,2022-10-22 18:00:00,2022-10-22 20:00:00,0.16373
Netherlands,NLD,2022-10-22 19:00:00,2022-10-22 21:00:00,0.143
Netherlands,NLD,2022-10-22 20:00:00,2022-10-22 22:00:00,0.13701
Netherlands,NLD,2022-10-22 21:00:00,2022-10-22 23:00:00,0.13241999999999998
Netherlands,NLD,2022-10-22 22:00:00,2022-10-23 00:00:00,0.11066
Netherlands,NLD,2022-10-22 23:00:00,2022-10-23 01:00:00,0.09915
Netherlands,NLD,2022-10-23 00:00:00,2022-10-23 02:00:00,0.09354000000000001
Netherlands,NLD,2022-10-23 01:00:00,2022-10-23 03:00:00,0.09
Netherlands,NLD,2022-10-23 02:00:00,2022-10-23 04:00:00,0.09645000000000001
Netherlands,NLD,2022-10-23 03:00:00,2022-10-23 05:00:00,0.08934
Netherlands,NLD,2022-10-23 04:00:00,2022-10-23 06:00:00,0.10479999999999999
Netherlands,NLD,2022-10-23 05:00:00,2022-10-23 07:00:00,0.11
Netherlands,NLD,2022-10-23 06:00:00,2022-10-23 08:00:00,0.11866
Netherlands,NLD,2022-10-23 07:00:00,2022-10-23 09:00:00,0.11420999999999999
Netherlands,NLD,2022-10-23 08:00:00,2022-10-23 10:00:00,0.096
Netherlands,NLD,2022-10-23 09:00:00,2022-10-23 11:00:00,0.09319
Netherlands,NLD,2022-10-23 10:00:00,2022-10-23 12:00:00,0.08339
Netherlands,NLD,2022-10-23 11:00:00,2022-10-23 13:00:00,0.07617
Netherlands,NLD,2022-10-23 12:00:00,2022-10-23 14:00:00,0.07831
Netherlands,NLD,2022-10-23 13:00:00,2022-10-23 15:00:00,0.07842
Netherlands,NLD,2022-10-23 14:00:00,2022-10-23 16:00:00,0.08837
Netherlands,NLD,2022-10-23 15:00:00,2022-10-23 17:00:00,0.10031
Netherlands,NLD,2022-10-23 16:00:00,2022-10-23 18:00:00,0.10901999999999999
Netherlands,NLD,2022-10-23 17:00:00,2022-10-23 19:00:00,0.11549
Netherlands,NLD,2022-10-23 18:00:00,2022-10-23 20:00:00,0.1013
Netherlands,NLD,2022-10-23 19:00:00,2022-10-23 21:00:00,0.08449
Netherlands,NLD,2022-10-23 20:00:00,2022-10-23 22:00:00,0.07843000000000001
Netherlands,NLD,2022-10-23 21:00:00,2022-10-23 23:00:00,0.07181
Netherlands,NLD,2022-10-23 22:00:00,2022-10-24 00:00:00,0.05235
Netherlands,NLD,2022-10-23 23:00:00,2022-10-24 01:00:00,0.04982
Netherlands,NLD,2022-10-24 00:00:00,2022-10-24 02:00:00,0.038079999999999996
Netherlands,NLD,2022-10-24 01:00:00,2022-10-24 03:00:00,0.02488
Netherlands,NLD,2022-10-24 02:00:00,2022-10-24 04:00:00,0.03602
Netherlands,NLD,2022-10-24 03:00:00,2022-10-24 05:00:00,0.0482
Netherlands,NLD,2022-10-24 04:00:00,2022-10-24 06:00:00,0.05857
Netherlands,NLD,2022-10-24 05:00:00,2022-10-24 07:00:00,0.09638
Netherlands,NLD,2022-10-24 06:00:00,2022-10-24 08:00:00,0.1221
Netherlands,NLD,2022-10-24 07:00:00,2022-10-24 09:00:00,0.10890999999999999
Netherlands,NLD,2022-10-24 08:00:00,2022-10-24 10:00:00,0.09992
Netherlands,NLD,2022-10-24 09:00:00,2022-10-24 11:00:00,0.075
Netherlands,NLD,2022-10-24 10:00:00,2022-10-24 12:00:00,0.06
Netherlands,NLD,2022-10-24 11:00:00,2022-10-24 13:00:00,0.066
Netherlands,NLD,2022-10-24 12:00:00,2022-10-24 14:00:00,0.06812
Netherlands,NLD,2022-10-24 13:00:00,2022-10-24 15:00:00,0.07608
Netherlands,NLD,2022-10-24 14:00:00,2022-10-24 16:00:00,0.0825
Netherlands,NLD,2022-10-24 15:00:00,2022-10-24 17:00:00,0.1077
Netherlands,NLD,2022-10-24 16:00:00,2022-10-24 18:00:00,0.11622
Netherlands,NLD,2022-10-24 17:00:00,2022-10-24 19:00:00,0.12599
Netherlands,NLD,2022-10-24 18:00:00,2022-10-24 20:00:00,0.10689
Netherlands,NLD,2022-10-24 19:00:00,2022-10-24 21:00:00,0.08646
Netherlands,NLD,2022-10-24 20:00:00,2022-10-24 22:00:00,0.08567
Netherlands,NLD,2022-10-24 21:00:00,2022-10-24 23:00:00,0.07790000000000001
Netherlands,NLD,2022-10-24 22:00:00,2022-10-25 00:00:00,0.05687
Netherlands,NLD,2022-10-24 23:00:00,2022-10-25 01:00:00,0.05054
Netherlands,NLD,2022-10-25 00:00:00,2022-10-25 02:00:00,0.05649
Netherlands,NLD,2022-10-25 01:00:00,2022-10-25 03:00:00,0.05619
Netherlands,NLD,2022-10-25 02:00:00,2022-10-25 04:00:00,0.0674
Netherlands,NLD,2022-10-25 03:00:00,2022-10-25 05:00:00,0.07067
Netherlands,NLD,2022-10-25 04:00:00,2022-10-25 06:00:00,0.081
Netherlands,NLD,2022-10-25 05:00:00,2022-10-25 07:00:00,0.08684
Netherlands,NLD,2022-10-25 06:00:00,2022-10-25 08:00:00,0.108
Netherlands,NLD,2022-10-25 07:00:00,2022-10-25 09:00:00,0.12344
Netherlands,NLD,2022-10-25 08:00:00,2022-10-25 10:00:00,0.09761
Netherlands,NLD,2022-10-25 09:00:00,2022-10-25 11:00:00,0.095
Netherlands,NLD,2022-10-25 10:00:00,2022-10-25 12:00:00,0.09137
Netherlands,NLD,2022-10-25 11:00:00,2022-10-25 13:00:00,0.07417
Netherlands,NLD,2022-10-25 12:00:00,2022-10-25 14:00:00,0.07327
Netherlands,NLD,2022-10-25 13:00:00,2022-10-25 15:00:00,0.08
Netherlands,NLD,2022-10-25 14:00:00,2022-10-25 16:00:00,0.10169
Netherlands,NLD,2022-10-25 15:00:00,2022-10-25 17:00:00,0.15263
Netherlands,NLD,2022-10-25 16:00:00,2022-10-25 18:00:00,0.17855000000000001
Netherlands,NLD,2022-10-25 17:00:00,2022-10-25 19:00:00,0.18477000000000002
Netherlands,NLD,2022-10-25 18:00:00,2022-10-25 20:00:00,0.1499
Netherlands,NLD,2022-10-25 19:00:00,2022-10-25 21:00:00,0.11686
Netherlands,NLD,2022-10-25 20:00:00,2022-10-25 22:00:00,0.10529999999999999
Netherlands,NLD,2022-10-25 21:00:00,2022-10-25 23:00:00,0.11233
Netherlands,NLD,2022-10-25 22:00:00,2022-10-26 00:00:00,0.08678
Netherlands,NLD,2022-10-25 23:00:00,2022-10-26 01:00:00,0.08765
Netherlands,NLD,2022-10-26 00:00:00,2022-10-26 02:00:00,0.0849
Netherlands,NLD,2022-10-26 01:00:00,2022-10-26 03:00:00,0.077
Netherlands,NLD,2022-10-26 02:00:00,2022-10-26 04:00:00,0.0756
Netherlands,NLD,2022-10-26 03:00:00,2022-10-26 05:00:00,0.07402
Netherlands,NLD,2022-10-26 04:00:00,2022-10-26 06:00:00,0.08005
Netherlands,NLD,2022-10-26 05:00:00,2022-10-26 07:00:00,0.09
Netherlands,NLD,2022-10-26 06:00:00,2022-10-26 08:00:00,0.15205000000000002
Netherlands,NLD,2022-10-26 07:00:00,2022-10-26 09:00:00,0.13604
Netherlands,NLD,2022-10-26 08:00:00,2022-10-26 10:00:00,0.12355
Netherlands,NLD,2022-10-26 09:00:00,2022-10-26 11:00:00,0.08019
Netherlands,NLD,2022-10-26 10:00:00,2022-10-26 12:00:00,0.08
Netherlands,NLD,2022-10-26 11:00:00,2022-10-26 13:00:00,0.0872
Netherlands,NLD,2022-10-26 12:00:00,2022-10-26 14:00:00,0.07892
Netherlands,NLD,2022-10-26 13:00:00,2022-10-26 15:00:00,0.08676
Netherlands,NLD,2022-10-26 14:00:00,2022-10-26 16:00:00,0.045
Netherlands,NLD,2022-10-26 15:00:00,2022-10-26 17:00:00,0.13424
Netherlands,NLD,2022-10-26 16:00:00,2022-10-26 18:00:00,0.12
Netherlands,NLD,2022-10-26 17:00:00,2022-10-26 19:00:00,0.10990000000000001
Netherlands,NLD,2022-10-26 18:00:00,2022-10-26 20:00:00,0.101
Netherlands,NLD,2022-10-26 19:00:00,2022-10-26 21:00:00,0.088
Netherlands,NLD,2022-10-26 20:00:00,2022-10-26 22:00:00,0.09
Netherlands,NLD,2022-10-26 21:00:00,2022-10-26 23:00:00,0.0853
Netherlands,NLD,2022-10-26 22:00:00,2022-10-27 00:00:00,0.09048
Netherlands,NLD,2022-10-26 23:00:00,2022-10-27 01:00:00,0.09547
Netherlands,NLD,2022-10-27 00:00:00,2022-10-27 02:00:00,0.09733
Netherlands,NLD,2022-10-27 01:00:00,2022-10-27 03:00:00,0.09440000000000001
Netherlands,NLD,2022-10-27 02:00:00,2022-10-27 04:00:00,0.09669
Netherlands,NLD,2022-10-27 03:00:00,2022-10-27 05:00:00,0.11061
Netherlands,NLD,2022-10-27 04:00:00,2022-10-27 06:00:00,0.12498999999999999
Netherlands,NLD,2022-10-27 05:00:00,2022-10-27 07:00:00,0.16113
Netherlands,NLD,2022-10-27 06:00:00,2022-10-27 08:00:00,0.17725
Netherlands,NLD,2022-10-27 07:00:00,2022-10-27 09:00:00,0.1427
Netherlands,NLD,2022-10-27 08:00:00,2022-10-27 10:00:00,0.12554
Netherlands,NLD,2022-10-27 09:00:00,2022-10-27 11:00:00,0.11832
Netherlands,NLD,2022-10-27 10:00:00,2022-10-27 12:00:00,0.10206
Netherlands,NLD,2022-10-27 11:00:00,2022-10-27 13:00:00,0.09770000000000001
Netherlands,NLD,2022-10-27 12:00:00,2022-10-27 14:00:00,0.10323
Netherlands,NLD,2022-10-27 13:00:00,2022-10-27 15:00:00,0.11929000000000001
Netherlands,NLD,2022-10-27 14:00:00,2022-10-27 16:00:00,0.14056
Netherlands,NLD,2022-10-27 15:00:00,2022-10-27 17:00:00,0.15956
Netherlands,NLD,2022-10-27 16:00:00,2022-10-27 18:00:00,0.15791
Netherlands,NLD,2022-10-27 17:00:00,2022-10-27 19:00:00,0.14493999999999999
Netherlands,NLD,2022-10-27 18:00:00,2022-10-27 20:00:00,0.13182
Netherlands,NLD,2022-10-27 19:00:00,2022-10-27 21:00:00,0.128
Netherlands,NLD,2022-10-27 20:00:00,2022-10-27 22:00:00,0.12048
Netherlands,NLD,2022-10-27 21:00:00,2022-10-27 23:00:00,0.09829
Netherlands,NLD,2022-10-27 22:00:00,2022-10-28 00:00:00,0.08691
Netherlands,NLD,2022-10-27 23:00:00,2022-10-28 01:00:00,0.0861
Netherlands,NLD,2022-10-28 00:00:00,2022-10-28 02:00:00,0.08643
Netherlands,NLD,2022-10-28 01:00:00,2022-10-28 03:00:00,0.08794
Netherlands,NLD,2022-10-28 02:00:00,2022-10-28 04:00:00,0.08732
Netherlands,NLD,2022-10-28 03:00:00,2022-10-28 05:00:00,0.09226999999999999
Netherlands,NLD,2022-10-28 04:00:00,2022-10-28 06:00:00,0.11448
Netherlands,NLD,2022-10-28 05:00:00,2022-10-28 07:00:00,0.12743000000000002
Netherlands,NLD,2022-10-28 06:00:00,2022-10-28 08:00:00,0.13297
Netherlands,NLD,2022-10-28 07:00:00,2022-10-28 09:00:00,0.11984
Netherlands,NLD,2022-10-28 08:00:00,2022-10-28 10:00:00,0.10920999999999999
Netherlands,NLD,2022-10-28 09:00:00,2022-10-28 11:00:00,0.09868
Netherlands,NLD,2022-10-28 10:00:00,2022-10-28 12:00:00,0.0943
Netherlands,NLD,2022-10-28 11:00:00,2022-10-28 13:00:00,0.0832
Netherlands,NLD,2022-10-28 12:00:00,2022-10-28 14:00:00,0.08415
Netherlands,NLD,2022-10-28 13:00:00,2022-10-28 15:00:00,0.0765
Netherlands,NLD,2022-10-28 14:00:00,2022-10-28 16:00:00,0.09126999999999999
Netherlands,NLD,2022-10-28 15:00:00,2022-10-28 17:00:00,0.1199
Netherlands,NLD,2022-10-28 16:00:00,2022-10-28 18:00:00,0.12908
Netherlands,NLD,2022-10-28 17:00:00,2022-10-28 19:00:00,0.12698
Netherlands,NLD,2022-10-28 18:00:00,2022-10-28 20:00:00,0.11170999999999999
Netherlands,NLD,2022-10-28 19:00:00,2022-10-28 21:00:00,0.10081999999999999
Netherlands,NLD,2022-10-28 20:00:00,2022-10-28 22:00:00,0.1008
Netherlands,NLD,2022-10-28 21:00:00,2022-10-28 23:00:00,0.09203
Netherlands,NLD,2022-10-28 22:00:00,2022-10-29 00:00:00,0.09337999999999999
Netherlands,NLD,2022-10-28 23:00:00,2022-10-29 01:00:00,0.09276999999999999
Netherlands,NLD,2022-10-29 00:00:00,2022-10-29 02:00:00,0.09040999999999999
Netherlands,NLD,2022-10-29 01:00:00,2022-10-29 03:00:00,0.08798
Netherlands,NLD,2022-10-29 02:00:00,2022-10-29 04:00:00,0.087
Netherlands,NLD,2022-10-29 03:00:00,2022-10-29 05:00:00,0.08660999999999999
Netherlands,NLD,2022-10-29 04:00:00,2022-10-29 06:00:00,0.08843999999999999
Netherlands,NLD,2022-10-29 05:00:00,2022-10-29 07:00:00,0.10074
Netherlands,NLD,2022-10-29 06:00:00,2022-10-29 08:00:00,0.11504
Netherlands,NLD,2022-10-29 07:00:00,2022-10-29 09:00:00,0.109
Netherlands,NLD,2022-10-29 08:00:00,2022-10-29 10:00:00,0.09548000000000001
Netherlands,NLD,2022-10-29 09:00:00,2022-10-29 11:00:00,0.087
Netherlands,NLD,2022-10-29 10:00:00,2022-10-29 12:00:00,0.08214
Netherlands,NLD,2022-10-29 11:00:00,2022-10-29 13:00:00,0.08042
Netherlands,NLD,2022-10-29 12:00:00,2022-10-29 14:00:00,0.08273
Netherlands,NLD,2022-10-29 13:00:00,2022-10-29 15:00:00,0.08616
Netherlands,NLD,2022-10-29 14:00:00,2022-10-29 16:00:00,0.086
Netherlands,NLD,2022-10-29 15:00:00,2022-10-29 17:00:00,0.11381999999999999
Netherlands,NLD,2022-10-29 16:00:00,2022-10-29 18:00:00,0.13099
Netherlands,NLD,2022-10-29 17:00:00,2022-10-29 19:00:00,0.12991
Netherlands,NLD,2022-10-29 18:00:00,2022-10-29 20:00:00,0.11377
Netherlands,NLD,2022-10-29 19:00:00,2022-10-29 21:00:00,0.10990000000000001
Netherlands,NLD,2022-10-29 20:00:00,2022-10-29 22:00:00,0.10326
Netherlands,NLD,2022-10-29 21:00:00,2022-10-29 23:00:00,0.09749
Netherlands,NLD,2022-10-29 22:00:00,2022-10-30 00:00:00,0.10301
Netherlands,NLD,2022-10-29 23:00:00,2022-10-30 01:00:00,0.10049
Netherlands,NLD,2022-10-30 00:00:00,2022-10-30 02:00:00,0.10021
Netherlands,NLD,2022-10-30 01:00:00,2022-10-30 02:00:00,0.09992
Netherlands,NLD,2022-10-30 02:00:00,2022-10-30 03:00:00,0.09833
Netherlands,NLD,2022-10-30 03:00:00,2022-10-30 04:00:00,0.09847
Netherlands,NLD,2022-10-30 04:00:00,2022-10-30 05:00:00,0.09898
Netherlands,NLD,2022-10-30 05:00:00,2022-10-30 06:00:00,0.10055
Netherlands,NLD,2022-10-30 06:00:00,2022-10-30 07:00:00,0.11004000000000001
Netherlands,NLD,2022-10-30 07:00:00,2022-10-30 08:00:00,0.11331999999999999
Netherlands,NLD,2022-10-30 08:00:00,2022-10-30 09:00:00,0.10418000000000001
Netherlands,NLD,2022-10-30 09:00:00,2022-10-30 10:00:00,0.09781000000000001
Netherlands,NLD,2022-10-30 10:00:00,2022-10-30 11:00:00,0.10003000000000001
Netherlands,NLD,2022-10-30 11:00:00,2022-10-30 12:00:00,0.1
Netherlands,NLD,2022-10-30 12:00:00,2022-10-30 13:00:00,0.1
Netherlands,NLD,2022-10-30 13:00:00,2022-10-30 14:00:00,0.10943000000000001
Netherlands,NLD,2022-10-30 14:00:00,2022-10-30 15:00:00,0.12461
Netherlands,NLD,2022-10-30 15:00:00,2022-10-30 16:00:00,0.14003
Netherlands,NLD,2022-10-30 16:00:00,2022-10-30 17:00:00,0.156
Netherlands,NLD,2022-10-30 17:00:00,2022-10-30 18:00:00,0.17038
Netherlands,NLD,2022-10-30 18:00:00,2022-10-30 19:00:00,0.165
Netherlands,NLD,2022-10-30 19:00:00,2022-10-30 20:00:00,0.14752
Netherlands,NLD,2022-10-30 20:00:00,2022-10-30 21:00:00,0.13886
Netherlands,NLD,2022-10-30 21:00:00,2022-10-30 22:00:00,0.127
Netherlands,NLD,2022-10-30 22:00:00,2022-10-30 23:00:00,0.10926000000000001
Netherlands,NLD,2022-10-30 23:00:00,2022-10-31 00:00:00,0.12447
Netherlands,NLD,2022-10-31 00:00:00,2022-10-31 01:00:00,0.11909
Netherlands,NLD,2022-10-31 01:00:00,2022-10-31 02:00:00,0.11631999999999999
Netherlands,NLD,2022-10-31 02:00:00,2022-10-31 03:00:00,0.1146
Netherlands,NLD,2022-10-31 03:00:00,2022-10-31 04:00:00,0.11506999999999999
Netherlands,NLD,2022-10-31 04:00:00,2022-10-31 05:00:00,0.12354000000000001
Netherlands,NLD,2022-10-31 05:00:00,2022-10-31 06:00:00,0.14542
Netherlands,NLD,2022-10-31 06:00:00,2022-10-31 07:00:00,0.1664
Netherlands,NLD,2022-10-31 07:00:00,2022-10-31 08:00:00,0.168
Netherlands,NLD,2022-10-31 08:00:00,2022-10-31 09:00:00,0.15330000000000002
Netherlands,NLD,2022-10-31 09:00:00,2022-10-31 10:00:00,0.14335
Netherlands,NLD,2022-10-31 10:00:00,2022-10-31 11:00:00,0.14195
Netherlands,NLD,2022-10-31 11:00:00,2022-10-31 12:00:00,0.14196
Netherlands,NLD,2022-10-31 12:00:00,2022-10-31 13:00:00,0.14596
Netherlands,NLD,2022-10-31 13:00:00,2022-10-31 14:00:00,0.155
Netherlands,NLD,2022-10-31 14:00:00,2022-10-31 15:00:00,0.16915
Netherlands,NLD,2022-10-31 15:00:00,2022-10-31 16:00:00,0.17336000000000001
Netherlands,NLD,2022-10-31 16:00:00,2022-10-31 17:00:00,0.192
Netherlands,NLD,2022-10-31 17:00:00,2022-10-31 18:00:00,0.18286000000000002
Netherlands,NLD,2022-10-31 18:00:00,2022-10-31 19:00:00,0.16796
Netherlands,NLD,2022-10-31 19:00:00,2022-10-31 20:00:00,0.14717
Netherlands,NLD,2022-10-31 20:00:00,2022-10-31 21:00:00,0.13678
Netherlands,NLD,2022-10-31 21:00:00,2022-10-31 22:00:00,0.1199
Netherlands,NLD,2022-10-31 22:00:00,2022-10-31 23:00:00,0.1
Netherlands,NLD,2022-10-31 23:00:00,2022-11-01 00:00:00,0.085
Netherlands,NLD,2022-11-01 00:00:00,2022-11-01 01:00:00,0.07592
Netherlands,NLD,2022-11-01 01:00:00,2022-11-01 02:00:00,0.05526
Netherlands,NLD,2022-11-01 02:00:00,2022-11-01 03:00:00,0.03789
Netherlands,NLD,2022-11-01 03:00:00,2022-11-01 04:00:00,0.04096
Netherlands,NLD,2022-11-01 04:00:00,2022-11-01 05:00:00,0.0554
Netherlands,NLD,2022-11-01 05:00:00,2022-11-01 06:00:00,0.0633
Netherlands,NLD,2022-11-01 06:00:00,2022-11-01 07:00:00,0.07979
Netherlands,NLD,2022-11-01 07:00:00,2022-11-01 08:00:00,0.08806
Netherlands,NLD,2022-11-01 08:00:00,2022-11-01 09:00:00,0.06765
Netherlands,NLD,2022-11-01 09:00:00,2022-11-01 10:00:00,0.05751
Netherlands,NLD,2022-11-01 10:00:00,2022-11-01 11:00:00,0.048909999999999995
Netherlands,NLD,2022-11-01 11:00:00,2022-11-01 12:00:00,0.03517
Netherlands,NLD,2022-11-01 12:00:00,2022-11-01 13:00:00,0.04124
Netherlands,NLD,2022-11-01 13:00:00,2022-11-01 14:00:00,0.06889
Netherlands,NLD,2022-11-01 14:00:00,2022-11-01 15:00:00,0.08
Netherlands,NLD,2022-11-01 15:00:00,2022-11-01 16:00:00,0.08684
Netherlands,NLD,2022-11-01 16:00:00,2022-11-01 17:00:00,0.11170000000000001
Netherlands,NLD,2022-11-01 17:00:00,2022-11-01 18:00:00,0.12379000000000001
Netherlands,NLD,2022-11-01 18:00:00,2022-11-01 19:00:00,0.10636
Netherlands,NLD,2022-11-01 19:00:00,2022-11-01 20:00:00,0.0901
Netherlands,NLD,2022-11-01 20:00:00,2022-11-01 21:00:00,0.07859999999999999
Netherlands,NLD,2022-11-01 21:00:00,2022-11-01 22:00:00,0.0751
Netherlands,NLD,2022-11-01 22:00:00,2022-11-01 23:00:00,0.03666
Netherlands,NLD,2022-11-01 23:00:00,2022-11-02 00:00:00,0.039490000000000004
Netherlands,NLD,2022-11-02 00:00:00,2022-11-02 01:00:00,0.02434
Netherlands,NLD,2022-11-02 01:00:00,2022-11-02 02:00:00,0.0096
Netherlands,NLD,2022-11-02 02:00:00,2022-11-02 03:00:00,0.007
Netherlands,NLD,2022-11-02 03:00:00,2022-11-02 04:00:00,0.01785
Netherlands,NLD,2022-11-02 04:00:00,2022-11-02 05:00:00,0.03639
Netherlands,NLD,2022-11-02 05:00:00,2022-11-02 06:00:00,0.07866
Netherlands,NLD,2022-11-02 06:00:00,2022-11-02 07:00:00,0.10457
Netherlands,NLD,2022-11-02 07:00:00,2022-11-02 08:00:00,0.12344
Netherlands,NLD,2022-11-02 08:00:00,2022-11-02 09:00:00,0.09551000000000001
Netherlands,NLD,2022-11-02 09:00:00,2022-11-02 10:00:00,0.06642
Netherlands,NLD,2022-11-02 10:00:00,2022-11-02 11:00:00,0.05
Netherlands,NLD,2022-11-02 11:00:00,2022-11-02 12:00:00,0.046729999999999994
Netherlands,NLD,2022-11-02 12:00:00,2022-11-02 13:00:00,0.057159999999999996
Netherlands,NLD,2022-11-02 13:00:00,2022-11-02 14:00:00,0.07592
Netherlands,NLD,2022-11-02 14:00:00,2022-11-02 15:00:00,0.09379000000000001
Netherlands,NLD,2022-11-02 15:00:00,2022-11-02 16:00:00,0.0999
Netherlands,NLD,2022-11-02 16:00:00,2022-11-02 17:00:00,0.14553
Netherlands,NLD,2022-11-02 17:00:00,2022-11-02 18:00:00,0.1382
Netherlands,NLD,2022-11-02 18:00:00,2022-11-02 19:00:00,0.10475
Netherlands,NLD,2022-11-02 19:00:00,2022-11-02 20:00:00,0.09265000000000001
Netherlands,NLD,2022-11-02 20:00:00,2022-11-02 21:00:00,0.08646
Netherlands,NLD,2022-11-02 21:00:00,2022-11-02 22:00:00,0.0885
Netherlands,NLD,2022-11-02 22:00:00,2022-11-02 23:00:00,0.079
Netherlands,NLD,2022-11-02 23:00:00,2022-11-03 00:00:00,0.06688
Netherlands,NLD,2022-11-03 00:00:00,2022-11-03 01:00:00,0.0523
Netherlands,NLD,2022-11-03 01:00:00,2022-11-03 02:00:00,0.030260000000000002
Netherlands,NLD,2022-11-03 02:00:00,2022-11-03 03:00:00,0.03892
Netherlands,NLD,2022-11-03 03:00:00,2022-11-03 04:00:00,0.03349
Netherlands,NLD,2022-11-03 04:00:00,2022-11-03 05:00:00,0.06358
Netherlands,NLD,2022-11-03 05:00:00,2022-11-03 06:00:00,0.08438
Netherlands,NLD,2022-11-03 06:00:00,2022-11-03 07:00:00,0.0997
Netherlands,NLD,2022-11-03 07:00:00,2022-11-03 08:00:00,0.10790000000000001
Netherlands,NLD,2022-11-03 08:00:00,2022-11-03 09:00:00,0.10551
Netherlands,NLD,2022-11-03 09:00:00,2022-11-03 10:00:00,0.09415000000000001
Netherlands,NLD,2022-11-03 10:00:00,2022-11-03 11:00:00,0.10595
Netherlands,NLD,2022-11-03 11:00:00,2022-11-03 12:00:00,0.10396
Netherlands,NLD,2022-11-03 12:00:00,2022-11-03 13:00:00,0.12887
Netherlands,NLD,2022-11-03 13:00:00,2022-11-03 14:00:00,0.1105
Netherlands,NLD,2022-11-03 14:00:00,2022-11-03 15:00:00,0.1354
Netherlands,NLD,2022-11-03 15:00:00,2022-11-03 16:00:00,0.13101
Netherlands,NLD,2022-11-03 16:00:00,2022-11-03 17:00:00,0.13432
Netherlands,NLD,2022-11-03 17:00:00,2022-11-03 18:00:00,0.14442
Netherlands,NLD,2022-11-03 18:00:00,2022-11-03 19:00:00,0.12844
Netherlands,NLD,2022-11-03 19:00:00,2022-11-03 20:00:00,0.1261
Netherlands,NLD,2022-11-03 20:00:00,2022-11-03 21:00:00,0.11566
Netherlands,NLD,2022-11-03 21:00:00,2022-11-03 22:00:00,0.12532
Netherlands,NLD,2022-11-03 22:00:00,2022-11-03 23:00:00,0.11354
Netherlands,NLD,2022-11-03 23:00:00,2022-11-04 00:00:00,0.155
Netherlands,NLD,2022-11-04 00:00:00,2022-11-04 01:00:00,0.11487
Netherlands,NLD,2022-11-04 01:00:00,2022-11-04 02:00:00,0.1419
Netherlands,NLD,2022-11-04 02:00:00,2022-11-04 03:00:00,0.13594
Netherlands,NLD,2022-11-04 03:00:00,2022-11-04 04:00:00,0.1161
Netherlands,NLD,2022-11-04 04:00:00,2022-11-04 05:00:00,0.13074000000000002
Netherlands,NLD,2022-11-04 05:00:00,2022-11-04 06:00:00,0.17479
Netherlands,NLD,2022-11-04 06:00:00,2022-11-04 07:00:00,0.20605
Netherlands,NLD,2022-11-04 07:00:00,2022-11-04 08:00:00,0.21515
Netherlands,NLD,2022-11-04 08:00:00,2022-11-04 09:00:00,0.2099
Netherlands,NLD,2022-11-04 09:00:00,2022-11-04 10:00:00,0.20496
Netherlands,NLD,2022-11-04 10:00:00,2022-11-04 11:00:00,0.18
Netherlands,NLD,2022-11-04 11:00:00,2022-11-04 12:00:00,0.1716
Netherlands,NLD,2022-11-04 12:00:00,2022-11-04 13:00:00,0.18900999999999998
Netherlands,NLD,2022-11-04 13:00:00,2022-11-04 14:00:00,0.15330000000000002
Netherlands,NLD,2022-11-04 14:00:00,2022-11-04 15:00:00,0.183
Netherlands,NLD,2022-11-04 15:00:00,2022-11-04 16:00:00,0.1755
Netherlands,NLD,2022-11-04 16:00:00,2022-11-04 17:00:00,0.23999
Netherlands,NLD,2022-11-04 17:00:00,2022-11-04 18:00:00,0.24055
Netherlands,NLD,2022-11-04 18:00:00,2022-11-04 19:00:00,0.21774000000000002
Netherlands,NLD,2022-11-04 19:00:00,2022-11-04 20:00:00,0.19558
Netherlands,NLD,2022-11-04 20:00:00,2022-11-04 21:00:00,0.187
Netherlands,NLD,2022-11-04 21:00:00,2022-11-04 22:00:00,0.17980000000000002
Netherlands,NLD,2022-11-04 22:00:00,2022-11-04 23:00:00,0.17244
Netherlands,NLD,2022-11-04 23:00:00,2022-11-05 00:00:00,0.15059
Netherlands,NLD,2022-11-05 00:00:00,2022-11-05 01:00:00,0.14718
Netherlands,NLD,2022-11-05 01:00:00,2022-11-05 02:00:00,0.13636
Netherlands,NLD,2022-11-05 02:00:00,2022-11-05 03:00:00,0.13065000000000002
Netherlands,NLD,2022-11-05 03:00:00,2022-11-05 04:00:00,0.13065000000000002
Netherlands,NLD,2022-11-05 04:00:00,2022-11-05 05:00:00,0.135
Netherlands,NLD,2022-11-05 05:00:00,2022-11-05 06:00:00,0.1414
Netherlands,NLD,2022-11-05 06:00:00,2022-11-05 07:00:00,0.1422
Netherlands,NLD,2022-11-05 07:00:00,2022-11-05 08:00:00,0.14282
Netherlands,NLD,2022-11-05 08:00:00,2022-11-05 09:00:00,0.14435
Netherlands,NLD,2022-11-05 09:00:00,2022-11-05 10:00:00,0.13712
Netherlands,NLD,2022-11-05 10:00:00,2022-11-05 11:00:00,0.12840000000000001
Netherlands,NLD,2022-11-05 11:00:00,2022-11-05 12:00:00,0.12556
Netherlands,NLD,2022-11-05 12:00:00,2022-11-05 13:00:00,0.115
Netherlands,NLD,2022-11-05 13:00:00,2022-11-05 14:00:00,0.12656
Netherlands,NLD,2022-11-05 14:00:00,2022-11-05 15:00:00,0.13803
Netherlands,NLD,2022-11-05 15:00:00,2022-11-05 16:00:00,0.151
Netherlands,NLD,2022-11-05 16:00:00,2022-11-05 17:00:00,0.16695
Netherlands,NLD,2022-11-05 17:00:00,2022-11-05 18:00:00,0.17
Netherlands,NLD,2022-11-05 18:00:00,2022-11-05 19:00:00,0.16329
Netherlands,NLD,2022-11-05 19:00:00,2022-11-05 20:00:00,0.12662
Netherlands,NLD,2022-11-05 20:00:00,2022-11-05 21:00:00,0.11511
Netherlands,NLD,2022-11-05 21:00:00,2022-11-05 22:00:00,0.10556
Netherlands,NLD,2022-11-05 22:00:00,2022-11-05 23:00:00,0.08896
Netherlands,NLD,2022-11-05 23:00:00,2022-11-06 00:00:00,0.061
Netherlands,NLD,2022-11-06 00:00:00,2022-11-06 01:00:00,0.039630000000000006
Netherlands,NLD,2022-11-06 01:00:00,2022-11-06 02:00:00,0.04907
Netherlands,NLD,2022-11-06 02:00:00,2022-11-06 03:00:00,0.03728
Netherlands,NLD,2022-11-06 03:00:00,2022-11-06 04:00:00,0.06876
Netherlands,NLD,2022-11-06 04:00:00,2022-11-06 05:00:00,0.04076
Netherlands,NLD,2022-11-06 05:00:00,2022-11-06 06:00:00,0.0636
Netherlands,NLD,2022-11-06 06:00:00,2022-11-06 07:00:00,0.045
Netherlands,NLD,2022-11-06 07:00:00,2022-11-06 08:00:00,0.04938
Netherlands,NLD,2022-11-06 08:00:00,2022-11-06 09:00:00,0.0649
Netherlands,NLD,2022-11-06 09:00:00,2022-11-06 10:00:00,0.0717
Netherlands,NLD,2022-11-06 10:00:00,2022-11-06 11:00:00,0.07778
Netherlands,NLD,2022-11-06 11:00:00,2022-11-06 12:00:00,0.1227
Netherlands,NLD,2022-11-06 12:00:00,2022-11-06 13:00:00,0.07484
Netherlands,NLD,2022-11-06 13:00:00,2022-11-06 14:00:00,0.09046
Netherlands,NLD,2022-11-06 14:00:00,2022-11-06 15:00:00,0.09059
Netherlands,NLD,2022-11-06 15:00:00,2022-11-06 16:00:00,0.09633
Netherlands,NLD,2022-11-06 16:00:00,2022-11-06 17:00:00,0.16
Netherlands,NLD,2022-11-06 17:00:00,2022-11-06 18:00:00,0.1499
Netherlands,NLD,2022-11-06 18:00:00,2022-11-06 19:00:00,0.15
Netherlands,NLD,2022-11-06 19:00:00,2022-11-06 20:00:00,0.1227
Netherlands,NLD,2022-11-06 20:00:00,2022-11-06 21:00:00,0.11352
Netherlands,NLD,2022-11-06 21:00:00,2022-11-06 22:00:00,0.09773
Netherlands,NLD,2022-11-06 22:00:00,2022-11-06 23:00:00,0.06893
Netherlands,NLD,2022-11-06 23:00:00,2022-11-07 00:00:00,8.999999999999999e-05
Netherlands,NLD,2022-11-07 00:00:00,2022-11-07 01:00:00,8.999999999999999e-05
Netherlands,NLD,2022-11-07 01:00:00,2022-11-07 02:00:00,8.999999999999999e-05
Netherlands,NLD,2022-11-07 02:00:00,2022-11-07 03:00:00,0.0003
Netherlands,NLD,2022-11-07 03:00:00,2022-11-07 04:00:00,0.005
Netherlands,NLD,2022-11-07 04:00:00,2022-11-07 05:00:00,0.00907
Netherlands,NLD,2022-11-07 05:00:00,2022-11-07 06:00:00,0.05432
Netherlands,NLD,2022-11-07 06:00:00,2022-11-07 07:00:00,0.09952
Netherlands,NLD,2022-11-07 07:00:00,2022-11-07 08:00:00,0.13269999999999998
Netherlands,NLD,2022-11-07 08:00:00,2022-11-07 09:00:00,0.1499
Netherlands,NLD,2022-11-07 09:00:00,2022-11-07 10:00:00,0.1455
Netherlands,NLD,2022-11-07 10:00:00,2022-11-07 11:00:00,0.1399
Netherlands,NLD,2022-11-07 11:00:00,2022-11-07 12:00:00,0.13169999999999998
Netherlands,NLD,2022-11-07 12:00:00,2022-11-07 13:00:00,0.1455
Netherlands,NLD,2022-11-07 13:00:00,2022-11-07 14:00:00,0.142
Netherlands,NLD,2022-11-07 14:00:00,2022-11-07 15:00:00,0.15161000000000002
Netherlands,NLD,2022-11-07 15:00:00,2022-11-07 16:00:00,0.15
Netherlands,NLD,2022-11-07 16:00:00,2022-11-07 17:00:00,0.16056
Netherlands,NLD,2022-11-07 17:00:00,2022-11-07 18:00:00,0.15738999999999997
Netherlands,NLD,2022-11-07 18:00:00,2022-11-07 19:00:00,0.13569
Netherlands,NLD,2022-11-07 19:00:00,2022-11-07 20:00:00,0.1253
Netherlands,NLD,2022-11-07 20:00:00,2022-11-07 21:00:00,0.08433
Netherlands,NLD,2022-11-07 21:00:00,2022-11-07 22:00:00,0.07706
Netherlands,NLD,2022-11-07 22:00:00,2022-11-07 23:00:00,0.05436
Netherlands,NLD,2022-11-07 23:00:00,2022-11-08 00:00:00,0.04264
Netherlands,NLD,2022-11-08 00:00:00,2022-11-08 01:00:00,0.02996
Netherlands,NLD,2022-11-08 01:00:00,2022-11-08 02:00:00,0.0277
Netherlands,NLD,2022-11-08 02:00:00,2022-11-08 03:00:00,0.02621
Netherlands,NLD,2022-11-08 03:00:00,2022-11-08 04:00:00,0.03096
Netherlands,NLD,2022-11-08 04:00:00,2022-11-08 05:00:00,0.03425
Netherlands,NLD,2022-11-08 05:00:00,2022-11-08 06:00:00,0.068
Netherlands,NLD,2022-11-08 06:00:00,2022-11-08 07:00:00,0.12827000000000002
Netherlands,NLD,2022-11-08 07:00:00,2022-11-08 08:00:00,0.13552
Netherlands,NLD,2022-11-08 08:00:00,2022-11-08 09:00:00,0.1001
Netherlands,NLD,2022-11-08 09:00:00,2022-11-08 10:00:00,0.0814
Netherlands,NLD,2022-11-08 10:00:00,2022-11-08 11:00:00,0.07927
Netherlands,NLD,2022-11-08 11:00:00,2022-11-08 12:00:00,0.07535
Netherlands,NLD,2022-11-08 12:00:00,2022-11-08 13:00:00,0.09123
Netherlands,NLD,2022-11-08 13:00:00,2022-11-08 14:00:00,0.09345999999999999
Netherlands,NLD,2022-11-08 14:00:00,2022-11-08 15:00:00,0.12103
Netherlands,NLD,2022-11-08 15:00:00,2022-11-08 16:00:00,0.12067
Netherlands,NLD,2022-11-08 16:00:00,2022-11-08 17:00:00,0.13951
Netherlands,NLD,2022-11-08 17:00:00,2022-11-08 18:00:00,0.15772999999999998
Netherlands,NLD,2022-11-08 18:00:00,2022-11-08 19:00:00,0.126
Netherlands,NLD,2022-11-08 19:00:00,2022-11-08 20:00:00,0.118
Netherlands,NLD,2022-11-08 20:00:00,2022-11-08 21:00:00,0.1217
Netherlands,NLD,2022-11-08 21:00:00,2022-11-08 22:00:00,0.112
Netherlands,NLD,2022-11-08 22:00:00,2022-11-08 23:00:00,0.098
Netherlands,NLD,2022-11-08 23:00:00,2022-11-09 00:00:00,0.07889
Netherlands,NLD,2022-11-09 00:00:00,2022-11-09 01:00:00,0.035
Netherlands,NLD,2022-11-09 01:00:00,2022-11-09 02:00:00,0.01882
Netherlands,NLD,2022-11-09 02:00:00,2022-11-09 03:00:00,0.01805
Netherlands,NLD,2022-11-09 03:00:00,2022-11-09 04:00:00,0.028
Netherlands,NLD,2022-11-09 04:00:00,2022-11-09 05:00:00,0.07216
Netherlands,NLD,2022-11-09 05:00:00,2022-11-09 06:00:00,0.11555
Netherlands,NLD,2022-11-09 06:00:00,2022-11-09 07:00:00,0.1472
Netherlands,NLD,2022-11-09 07:00:00,2022-11-09 08:00:00,0.15990000000000001
Netherlands,NLD,2022-11-09 08:00:00,2022-11-09 09:00:00,0.1472
Netherlands,NLD,2022-11-09 09:00:00,2022-11-09 10:00:00,0.12913
Netherlands,NLD,2022-11-09 10:00:00,2022-11-09 11:00:00,0.1128
Netherlands,NLD,2022-11-09 11:00:00,2022-11-09 12:00:00,0.1072
Netherlands,NLD,2022-11-09 12:00:00,2022-11-09 13:00:00,0.11819
Netherlands,NLD,2022-11-09 13:00:00,2022-11-09 14:00:00,0.1434
Netherlands,NLD,2022-11-09 14:00:00,2022-11-09 15:00:00,0.14906999999999998
Netherlands,NLD,2022-11-09 15:00:00,2022-11-09 16:00:00,0.15906
Netherlands,NLD,2022-11-09 16:00:00,2022-11-09 17:00:00,0.19294
Netherlands,NLD,2022-11-09 17:00:00,2022-11-09 18:00:00,0.2004
Netherlands,NLD,2022-11-09 18:00:00,2022-11-09 19:00:00,0.17096
Netherlands,NLD,2022-11-09 19:00:00,2022-11-09 20:00:00,0.14909999999999998
Netherlands,NLD,2022-11-09 20:00:00,2022-11-09 21:00:00,0.14069
Netherlands,NLD,2022-11-09 21:00:00,2022-11-09 22:00:00,0.12850999999999999
Netherlands,NLD,2022-11-09 22:00:00,2022-11-09 23:00:00,0.1272
Netherlands,NLD,2022-11-09 23:00:00,2022-11-10 00:00:00,0.1125
Netherlands,NLD,2022-11-10 00:00:00,2022-11-10 01:00:00,0.10839
Netherlands,NLD,2022-11-10 01:00:00,2022-11-10 02:00:00,0.094
Netherlands,NLD,2022-11-10 02:00:00,2022-11-10 03:00:00,0.09359999999999999
Netherlands,NLD,2022-11-10 03:00:00,2022-11-10 04:00:00,0.09845000000000001
Netherlands,NLD,2022-11-10 04:00:00,2022-11-10 05:00:00,0.105
Netherlands,NLD,2022-11-10 05:00:00,2022-11-10 06:00:00,0.15127000000000002
Netherlands,NLD,2022-11-10 06:00:00,2022-11-10 07:00:00,0.18184999999999998
Netherlands,NLD,2022-11-10 07:00:00,2022-11-10 08:00:00,0.19912
Netherlands,NLD,2022-11-10 08:00:00,2022-11-10 09:00:00,0.15516
Netherlands,NLD,2022-11-10 09:00:00,2022-11-10 10:00:00,0.10577
Netherlands,NLD,2022-11-10 10:00:00,2022-11-10 11:00:00,0.08749
Netherlands,NLD,2022-11-10 11:00:00,2022-11-10 12:00:00,0.08072
Netherlands,NLD,2022-11-10 12:00:00,2022-11-10 13:00:00,0.08831
Netherlands,NLD,2022-11-10 13:00:00,2022-11-10 14:00:00,0.11292
Netherlands,NLD,2022-11-10 14:00:00,2022-11-10 15:00:00,0.15292
Netherlands,NLD,2022-11-10 15:00:00,2022-11-10 16:00:00,0.18330000000000002
Netherlands,NLD,2022-11-10 16:00:00,2022-11-10 17:00:00,0.19563999999999998
Netherlands,NLD,2022-11-10 17:00:00,2022-11-10 18:00:00,0.19755
Netherlands,NLD,2022-11-10 18:00:00,2022-11-10 19:00:00,0.17516
Netherlands,NLD,2022-11-10 19:00:00,2022-11-10 20:00:00,0.13523
Netherlands,NLD,2022-11-10 20:00:00,2022-11-10 21:00:00,0.10401
Netherlands,NLD,2022-11-10 21:00:00,2022-11-10 22:00:00,0.12462999999999999
Netherlands,NLD,2022-11-10 22:00:00,2022-11-10 23:00:00,0.08012000000000001
Netherlands,NLD,2022-11-10 23:00:00,2022-11-11 00:00:00,0.02761
Netherlands,NLD,2022-11-11 00:00:00,2022-11-11 01:00:00,0.02791
Netherlands,NLD,2022-11-11 01:00:00,2022-11-11 02:00:00,0.02209
Netherlands,NLD,2022-11-11 02:00:00,2022-11-11 03:00:00,0.0432
Netherlands,NLD,2022-11-11 03:00:00,2022-11-11 04:00:00,4e-05
Netherlands,NLD,2022-11-11 04:00:00,2022-11-11 05:00:00,0.01114
Netherlands,NLD,2022-11-11 05:00:00,2022-11-11 06:00:00,0.10504000000000001
Netherlands,NLD,2022-11-11 06:00:00,2022-11-11 07:00:00,0.13481
Netherlands,NLD,2022-11-11 07:00:00,2022-11-11 08:00:00,0.15023
Netherlands,NLD,2022-11-11 08:00:00,2022-11-11 09:00:00,0.12552
Netherlands,NLD,2022-11-11 09:00:00,2022-11-11 10:00:00,0.11131999999999999
Netherlands,NLD,2022-11-11 10:00:00,2022-11-11 11:00:00,0.10346
Netherlands,NLD,2022-11-11 11:00:00,2022-11-11 12:00:00,0.09490000000000001
Netherlands,NLD,2022-11-11 12:00:00,2022-11-11 13:00:00,0.1056
Netherlands,NLD,2022-11-11 13:00:00,2022-11-11 14:00:00,0.13297
Netherlands,NLD,2022-11-11 14:00:00,2022-11-11 15:00:00,0.1778
Netherlands,NLD,2022-11-11 15:00:00,2022-11-11 16:00:00,0.18788
Netherlands,NLD,2022-11-11 16:00:00,2022-11-11 17:00:00,0.21187999999999999
Netherlands,NLD,2022-11-11 17:00:00,2022-11-11 18:00:00,0.20737
Netherlands,NLD,2022-11-11 18:00:00,2022-11-11 19:00:00,0.17812
Netherlands,NLD,2022-11-11 19:00:00,2022-11-11 20:00:00,0.15728
Netherlands,NLD,2022-11-11 20:00:00,2022-11-11 21:00:00,0.13434000000000001
Netherlands,NLD,2022-11-11 21:00:00,2022-11-11 22:00:00,0.12745
Netherlands,NLD,2022-11-11 22:00:00,2022-11-11 23:00:00,0.12140999999999999
Netherlands,NLD,2022-11-11 23:00:00,2022-11-12 00:00:00,0.1378
Netherlands,NLD,2022-11-12 00:00:00,2022-11-12 01:00:00,0.13421
Netherlands,NLD,2022-11-12 01:00:00,2022-11-12 02:00:00,0.13001
Netherlands,NLD,2022-11-12 02:00:00,2022-11-12 03:00:00,0.1268
Netherlands,NLD,2022-11-12 03:00:00,2022-11-12 04:00:00,0.12944
Netherlands,NLD,2022-11-12 04:00:00,2022-11-12 05:00:00,0.12968000000000002
Netherlands,NLD,2022-11-12 05:00:00,2022-11-12 06:00:00,0.158
Netherlands,NLD,2022-11-12 06:00:00,2022-11-12 07:00:00,0.1725
Netherlands,NLD,2022-11-12 07:00:00,2022-11-12 08:00:00,0.1741
Netherlands,NLD,2022-11-12 08:00:00,2022-11-12 09:00:00,0.16693
Netherlands,NLD,2022-11-12 09:00:00,2022-11-12 10:00:00,0.14185
Netherlands,NLD,2022-11-12 10:00:00,2022-11-12 11:00:00,0.1303
Netherlands,NLD,2022-11-12 11:00:00,2022-11-12 12:00:00,0.13378
Netherlands,NLD,2022-11-12 12:00:00,2022-11-12 13:00:00,0.13782
Netherlands,NLD,2022-11-12 13:00:00,2022-11-12 14:00:00,0.14987999999999999
Netherlands,NLD,2022-11-12 14:00:00,2022-11-12 15:00:00,0.20001
Netherlands,NLD,2022-11-12 15:00:00,2022-11-12 16:00:00,0.1899
Netherlands,NLD,2022-11-12 16:00:00,2022-11-12 17:00:00,0.2407
Netherlands,NLD,2022-11-12 17:00:00,2022-11-12 18:00:00,0.238
Netherlands,NLD,2022-11-12 18:00:00,2022-11-12 19:00:00,0.19971
Netherlands,NLD,2022-11-12 19:00:00,2022-11-12 20:00:00,0.17807
Netherlands,NLD,2022-11-12 20:00:00,2022-11-12 21:00:00,0.1676
Netherlands,NLD,2022-11-12 21:00:00,2022-11-12 22:00:00,0.16127
Netherlands,NLD,2022-11-12 22:00:00,2022-11-12 23:00:00,0.15869999999999998
Netherlands,NLD,2022-11-12 23:00:00,2022-11-13 00:00:00,0.1688
Netherlands,NLD,2022-11-13 00:00:00,2022-11-13 01:00:00,0.15221
Netherlands,NLD,2022-11-13 01:00:00,2022-11-13 02:00:00,0.143
Netherlands,NLD,2022-11-13 02:00:00,2022-11-13 03:00:00,0.127
Netherlands,NLD,2022-11-13 03:00:00,2022-11-13 04:00:00,0.13407
Netherlands,NLD,2022-11-13 04:00:00,2022-11-13 05:00:00,0.13529
Netherlands,NLD,2022-11-13 05:00:00,2022-11-13 06:00:00,0.13529
Netherlands,NLD,2022-11-13 06:00:00,2022-11-13 07:00:00,0.15075
Netherlands,NLD,2022-11-13 07:00:00,2022-11-13 08:00:00,0.15596000000000002
Netherlands,NLD,2022-11-13 08:00:00,2022-11-13 09:00:00,0.13157
Netherlands,NLD,2022-11-13 09:00:00,2022-11-13 10:00:00,0.12031
Netherlands,NLD,2022-11-13 10:00:00,2022-11-13 11:00:00,0.133
Netherlands,NLD,2022-11-13 11:00:00,2022-11-13 12:00:00,0.13013
Netherlands,NLD,2022-11-13 12:00:00,2022-11-13 13:00:00,0.125
Netherlands,NLD,2022-11-13 13:00:00,2022-11-13 14:00:00,0.13746
Netherlands,NLD,2022-11-13 14:00:00,2022-11-13 15:00:00,0.14145
Netherlands,NLD,2022-11-13 15:00:00,2022-11-13 16:00:00,0.14912999999999998
Netherlands,NLD,2022-11-13 16:00:00,2022-11-13 17:00:00,0.1989
Netherlands,NLD,2022-11-13 17:00:00,2022-11-13 18:00:00,0.19797
Netherlands,NLD,2022-11-13 18:00:00,2022-11-13 19:00:00,0.1731
Netherlands,NLD,2022-11-13 19:00:00,2022-11-13 20:00:00,0.15872
Netherlands,NLD,2022-11-13 20:00:00,2022-11-13 21:00:00,0.15
Netherlands,NLD,2022-11-13 21:00:00,2022-11-13 22:00:00,0.142
Netherlands,NLD,2022-11-13 22:00:00,2022-11-13 23:00:00,0.133
Netherlands,NLD,2022-11-13 23:00:00,2022-11-14 00:00:00,0.10454000000000001
Netherlands,NLD,2022-11-14 00:00:00,2022-11-14 01:00:00,0.10411
Netherlands,NLD,2022-11-14 01:00:00,2022-11-14 02:00:00,0.1191
Netherlands,NLD,2022-11-14 02:00:00,2022-11-14 03:00:00,0.108
Netherlands,NLD,2022-11-14 03:00:00,2022-11-14 04:00:00,0.11955
Netherlands,NLD,2022-11-14 04:00:00,2022-11-14 05:00:00,0.11999
Netherlands,NLD,2022-11-14 05:00:00,2022-11-14 06:00:00,0.1672
Netherlands,NLD,2022-11-14 06:00:00,2022-11-14 07:00:00,0.21661000000000002
Netherlands,NLD,2022-11-14 07:00:00,2022-11-14 08:00:00,0.22469999999999998
Netherlands,NLD,2022-11-14 08:00:00,2022-11-14 09:00:00,0.19257
Netherlands,NLD,2022-11-14 09:00:00,2022-11-14 10:00:00,0.1747
Netherlands,NLD,2022-11-14 10:00:00,2022-11-14 11:00:00,0.16812
Netherlands,NLD,2022-11-14 11:00:00,2022-11-14 12:00:00,0.15866
Netherlands,NLD,2022-11-14 12:00:00,2022-11-14 13:00:00,0.1751
Netherlands,NLD,2022-11-14 13:00:00,2022-11-14 14:00:00,0.20732
Netherlands,NLD,2022-11-14 14:00:00,2022-11-14 15:00:00,0.21284999999999998
Netherlands,NLD,2022-11-14 15:00:00,2022-11-14 16:00:00,0.21315
Netherlands,NLD,2022-11-14 16:00:00,2022-11-14 17:00:00,0.25418
Netherlands,NLD,2022-11-14 17:00:00,2022-11-14 18:00:00,0.27038999999999996
Netherlands,NLD,2022-11-14 18:00:00,2022-11-14 19:00:00,0.19794
Netherlands,NLD,2022-11-14 19:00:00,2022-11-14 20:00:00,0.1753
Netherlands,NLD,2022-11-14 20:00:00,2022-11-14 21:00:00,0.168
Netherlands,NLD,2022-11-14 21:00:00,2022-11-14 22:00:00,0.15791
Netherlands,NLD,2022-11-14 22:00:00,2022-11-14 23:00:00,0.15
Netherlands,NLD,2022-11-14 23:00:00,2022-11-15 00:00:00,0.13565
Netherlands,NLD,2022-11-15 00:00:00,2022-11-15 01:00:00,0.12818000000000002
Netherlands,NLD,2022-11-15 01:00:00,2022-11-15 02:00:00,0.12899000000000002
Netherlands,NLD,2022-11-15 02:00:00,2022-11-15 03:00:00,0.10828
Netherlands,NLD,2022-11-15 03:00:00,2022-11-15 04:00:00,0.10862999999999999
Netherlands,NLD,2022-11-15 04:00:00,2022-11-15 05:00:00,0.12594
Netherlands,NLD,2022-11-15 05:00:00,2022-11-15 06:00:00,0.16405
Netherlands,NLD,2022-11-15 06:00:00,2022-11-15 07:00:00,0.21193
Netherlands,NLD,2022-11-15 07:00:00,2022-11-15 08:00:00,0.2214
Netherlands,NLD,2022-11-15 08:00:00,2022-11-15 09:00:00,0.21
Netherlands,NLD,2022-11-15 09:00:00,2022-11-15 10:00:00,0.2001
Netherlands,NLD,2022-11-15 10:00:00,2022-11-15 11:00:00,0.19868
Netherlands,NLD,2022-11-15 11:00:00,2022-11-15 12:00:00,0.18983
Netherlands,NLD,2022-11-15 12:00:00,2022-11-15 13:00:00,0.20565
Netherlands,NLD,2022-11-15 13:00:00,2022-11-15 14:00:00,0.22216
Netherlands,NLD,2022-11-15 14:00:00,2022-11-15 15:00:00,0.22299000000000002
Netherlands,NLD,2022-11-15 15:00:00,2022-11-15 16:00:00,0.21735
Netherlands,NLD,2022-11-15 16:00:00,2022-11-15 17:00:00,0.22166999999999998
Netherlands,NLD,2022-11-15 17:00:00,2022-11-15 18:00:00,0.21500999999999998
Netherlands,NLD,2022-11-15 18:00:00,2022-11-15 19:00:00,0.21493
Netherlands,NLD,2022-11-15 19:00:00,2022-11-15 20:00:00,0.17498
Netherlands,NLD,2022-11-15 20:00:00,2022-11-15 21:00:00,0.15
Netherlands,NLD,2022-11-15 21:00:00,2022-11-15 22:00:00,0.13876
Netherlands,NLD,2022-11-15 22:00:00,2022-11-15 23:00:00,0.136
Netherlands,NLD,2022-11-15 23:00:00,2022-11-16 00:00:00,0.1018
Netherlands,NLD,2022-11-16 00:00:00,2022-11-16 01:00:00,0.1004
Netherlands,NLD,2022-11-16 01:00:00,2022-11-16 02:00:00,0.14255
Netherlands,NLD,2022-11-16 02:00:00,2022-11-16 03:00:00,0.09686
Netherlands,NLD,2022-11-16 03:00:00,2022-11-16 04:00:00,0.07959000000000001
Netherlands,NLD,2022-11-16 04:00:00,2022-11-16 05:00:00,0.0911
Netherlands,NLD,2022-11-16 05:00:00,2022-11-16 06:00:00,0.12074
Netherlands,NLD,2022-11-16 06:00:00,2022-11-16 07:00:00,0.2299
Netherlands,NLD,2022-11-16 07:00:00,2022-11-16 08:00:00,0.28794
Netherlands,NLD,2022-11-16 08:00:00,2022-11-16 09:00:00,0.2154
Netherlands,NLD,2022-11-16 09:00:00,2022-11-16 10:00:00,0.17442
Netherlands,NLD,2022-11-16 10:00:00,2022-11-16 11:00:00,0.16378
Netherlands,NLD,2022-11-16 11:00:00,2022-11-16 12:00:00,0.16682
Netherlands,NLD,2022-11-16 12:00:00,2022-11-16 13:00:00,0.174
Netherlands,NLD,2022-11-16 13:00:00,2022-11-16 14:00:00,0.20107
Netherlands,NLD,2022-11-16 14:00:00,2022-11-16 15:00:00,0.22058000000000003
Netherlands,NLD,2022-11-16 15:00:00,2022-11-16 16:00:00,0.2361
Netherlands,NLD,2022-11-16 16:00:00,2022-11-16 17:00:00,0.27746
Netherlands,NLD,2022-11-16 17:00:00,2022-11-16 18:00:00,0.26486000000000004
Netherlands,NLD,2022-11-16 18:00:00,2022-11-16 19:00:00,0.20207
Netherlands,NLD,2022-11-16 19:00:00,2022-11-16 20:00:00,0.15419999999999998
Netherlands,NLD,2022-11-16 20:00:00,2022-11-16 21:00:00,0.1141
Netherlands,NLD,2022-11-16 21:00:00,2022-11-16 22:00:00,0.09948
Netherlands,NLD,2022-11-16 22:00:00,2022-11-16 23:00:00,0.06491
Netherlands,NLD,2022-11-16 23:00:00,2022-11-17 00:00:00,0.05116
Netherlands,NLD,2022-11-17 00:00:00,2022-11-17 01:00:00,0.02777
Netherlands,NLD,2022-11-17 01:00:00,2022-11-17 02:00:00,0.016329999999999997
Netherlands,NLD,2022-11-17 02:00:00,2022-11-17 03:00:00,0.0050999999999999995
Netherlands,NLD,2022-11-17 03:00:00,2022-11-17 04:00:00,0.00588
Netherlands,NLD,2022-11-17 04:00:00,2022-11-17 05:00:00,0.01106
Netherlands,NLD,2022-11-17 05:00:00,2022-11-17 06:00:00,0.09491
Netherlands,NLD,2022-11-17 06:00:00,2022-11-17 07:00:00,0.18
Netherlands,NLD,2022-11-17 07:00:00,2022-11-17 08:00:00,0.223
Netherlands,NLD,2022-11-17 08:00:00,2022-11-17 09:00:00,0.26180000000000003
Netherlands,NLD,2022-11-17 09:00:00,2022-11-17 10:00:00,0.2055
Netherlands,NLD,2022-11-17 10:00:00,2022-11-17 11:00:00,0.1799
Netherlands,NLD,2022-11-17 11:00:00,2022-11-17 12:00:00,0.1705
Netherlands,NLD,2022-11-17 12:00:00,2022-11-17 13:00:00,0.165
Netherlands,NLD,2022-11-17 13:00:00,2022-11-17 14:00:00,0.18
Netherlands,NLD,2022-11-17 14:00:00,2022-11-17 15:00:00,0.1795
Netherlands,NLD,2022-11-17 15:00:00,2022-11-17 16:00:00,0.1799
Netherlands,NLD,2022-11-17 16:00:00,2022-11-17 17:00:00,0.29473
Netherlands,NLD,2022-11-17 17:00:00,2022-11-17 18:00:00,0.3
Netherlands,NLD,2022-11-17 18:00:00,2022-11-17 19:00:00,0.232
Netherlands,NLD,2022-11-17 19:00:00,2022-11-17 20:00:00,0.195
Netherlands,NLD,2022-11-17 20:00:00,2022-11-17 21:00:00,0.14684
Netherlands,NLD,2022-11-17 21:00:00,2022-11-17 22:00:00,0.1515
Netherlands,NLD,2022-11-17 22:00:00,2022-11-17 23:00:00,0.13241999999999998
Netherlands,NLD,2022-11-17 23:00:00,2022-11-18 00:00:00,0.10718000000000001
Netherlands,NLD,2022-11-18 00:00:00,2022-11-18 01:00:00,0.11714
Netherlands,NLD,2022-11-18 01:00:00,2022-11-18 02:00:00,0.12578
Netherlands,NLD,2022-11-18 02:00:00,2022-11-18 03:00:00,0.11403
Netherlands,NLD,2022-11-18 03:00:00,2022-11-18 04:00:00,0.11826
Netherlands,NLD,2022-11-18 04:00:00,2022-11-18 05:00:00,0.12384999999999999
Netherlands,NLD,2022-11-18 05:00:00,2022-11-18 06:00:00,0.14468999999999999
Netherlands,NLD,2022-11-18 06:00:00,2022-11-18 07:00:00,0.22627
Netherlands,NLD,2022-11-18 07:00:00,2022-11-18 08:00:00,0.25
Netherlands,NLD,2022-11-18 08:00:00,2022-11-18 09:00:00,0.236
Netherlands,NLD,2022-11-18 09:00:00,2022-11-18 10:00:00,0.226
Netherlands,NLD,2022-11-18 10:00:00,2022-11-18 11:00:00,0.22643000000000002
Netherlands,NLD,2022-11-18 11:00:00,2022-11-18 12:00:00,0.19737000000000002
Netherlands,NLD,2022-11-18 12:00:00,2022-11-18 13:00:00,0.19565000000000002
Netherlands,NLD,2022-11-18 13:00:00,2022-11-18 14:00:00,0.2263
Netherlands,NLD,2022-11-18 14:00:00,2022-11-18 15:00:00,0.25
Netherlands,NLD,2022-11-18 15:00:00,2022-11-18 16:00:00,0.26130000000000003
Netherlands,NLD,2022-11-18 16:00:00,2022-11-18 17:00:00,0.3499
Netherlands,NLD,2022-11-18 17:00:00,2022-11-18 18:00:00,0.242
Netherlands,NLD,2022-11-18 18:00:00,2022-11-18 19:00:00,0.19
Netherlands,NLD,2022-11-18 19:00:00,2022-11-18 20:00:00,0.185
Netherlands,NLD,2022-11-18 20:00:00,2022-11-18 21:00:00,0.15
Netherlands,NLD,2022-11-18 21:00:00,2022-11-18 22:00:00,0.15827000000000002
Netherlands,NLD,2022-11-18 22:00:00,2022-11-18 23:00:00,0.13113
Netherlands,NLD,2022-11-18 23:00:00,2022-11-19 00:00:00,0.14682
Netherlands,NLD,2022-11-19 00:00:00,2022-11-19 01:00:00,0.1499
Netherlands,NLD,2022-11-19 01:00:00,2022-11-19 02:00:00,0.15078
Netherlands,NLD,2022-11-19 02:00:00,2022-11-19 03:00:00,0.14169
Netherlands,NLD,2022-11-19 03:00:00,2022-11-19 04:00:00,0.144
Netherlands,NLD,2022-11-19 04:00:00,2022-11-19 05:00:00,0.15
Netherlands,NLD,2022-11-19 05:00:00,2022-11-19 06:00:00,0.12741
Netherlands,NLD,2022-11-19 06:00:00,2022-11-19 07:00:00,0.17931999999999998
Netherlands,NLD,2022-11-19 07:00:00,2022-11-19 08:00:00,0.2057
Netherlands,NLD,2022-11-19 08:00:00,2022-11-19 09:00:00,0.21506999999999998
Netherlands,NLD,2022-11-19 09:00:00,2022-11-19 10:00:00,0.20394
Netherlands,NLD,2022-11-19 10:00:00,2022-11-19 11:00:00,0.20277
Netherlands,NLD,2022-11-19 11:00:00,2022-11-19 12:00:00,0.18569999999999998
Netherlands,NLD,2022-11-19 12:00:00,2022-11-19 13:00:00,0.19178
Netherlands,NLD,2022-11-19 13:00:00,2022-11-19 14:00:00,0.21334
Netherlands,NLD,2022-11-19 14:00:00,2022-11-19 15:00:00,0.22711
Netherlands,NLD,2022-11-19 15:00:00,2022-11-19 16:00:00,0.24339
Netherlands,NLD,2022-11-19 16:00:00,2022-11-19 17:00:00,0.28198
Netherlands,NLD,2022-11-19 17:00:00,2022-11-19 18:00:00,0.28729000000000005
Netherlands,NLD,2022-11-19 18:00:00,2022-11-19 19:00:00,0.2607
Netherlands,NLD,2022-11-19 19:00:00,2022-11-19 20:00:00,0.24
Netherlands,NLD,2022-11-19 20:00:00,2022-11-19 21:00:00,0.23209
Netherlands,NLD,2022-11-19 21:00:00,2022-11-19 22:00:00,0.21903999999999998
Netherlands,NLD,2022-11-19 22:00:00,2022-11-19 23:00:00,0.20485
Netherlands,NLD,2022-11-19 23:00:00,2022-11-20 00:00:00,0.20165
Netherlands,NLD,2022-11-20 00:00:00,2022-11-20 01:00:00,0.18524000000000002
Netherlands,NLD,2022-11-20 01:00:00,2022-11-20 02:00:00,0.188
Netherlands,NLD,2022-11-20 02:00:00,2022-11-20 03:00:00,0.18039
Netherlands,NLD,2022-11-20 03:00:00,2022-11-20 04:00:00,0.17061
Netherlands,NLD,2022-11-20 04:00:00,2022-11-20 05:00:00,0.17588
Netherlands,NLD,2022-11-20 05:00:00,2022-11-20 06:00:00,0.18008000000000002
Netherlands,NLD,2022-11-20 06:00:00,2022-11-20 07:00:00,0.19419
Netherlands,NLD,2022-11-20 07:00:00,2022-11-20 08:00:00,0.20003
Netherlands,NLD,2022-11-20 08:00:00,2022-11-20 09:00:00,0.21503
Netherlands,NLD,2022-11-20 09:00:00,2022-11-20 10:00:00,0.21203
Netherlands,NLD,2022-11-20 10:00:00,2022-11-20 11:00:00,0.21799000000000002
Netherlands,NLD,2022-11-20 11:00:00,2022-11-20 12:00:00,0.21005000000000001
Netherlands,NLD,2022-11-20 12:00:00,2022-11-20 13:00:00,0.19885
Netherlands,NLD,2022-11-20 13:00:00,2022-11-20 14:00:00,0.20515
Netherlands,NLD,2022-11-20 14:00:00,2022-11-20 15:00:00,0.2246
Netherlands,NLD,2022-11-20 15:00:00,2022-11-20 16:00:00,0.24195
Netherlands,NLD,2022-11-20 16:00:00,2022-11-20 17:00:00,0.26737
Netherlands,NLD,2022-11-20 17:00:00,2022-11-20 18:00:00,0.273
Netherlands,NLD,2022-11-20 18:00:00,2022-11-20 19:00:00,0.26644
Netherlands,NLD,2022-11-20 19:00:00,2022-11-20 20:00:00,0.2449
Netherlands,NLD,2022-11-20 20:00:00,2022-11-20 21:00:00,0.21509999999999999
Netherlands,NLD,2022-11-20 21:00:00,2022-11-20 22:00:00,0.21203
Netherlands,NLD,2022-11-20 22:00:00,2022-11-20 23:00:00,0.17021
Netherlands,NLD,2022-11-20 23:00:00,2022-11-21 00:00:00,0.13969
Netherlands,NLD,2022-11-21 00:00:00,2022-11-21 01:00:00,0.14052
Netherlands,NLD,2022-11-21 01:00:00,2022-11-21 02:00:00,0.15030000000000002
Netherlands,NLD,2022-11-21 02:00:00,2022-11-21 03:00:00,0.14577
Netherlands,NLD,2022-11-21 03:00:00,2022-11-21 04:00:00,0.15596000000000002
Netherlands,NLD,2022-11-21 04:00:00,2022-11-21 05:00:00,0.16776
Netherlands,NLD,2022-11-21 05:00:00,2022-11-21 06:00:00,0.26406
Netherlands,NLD,2022-11-21 06:00:00,2022-11-21 07:00:00,0.24131
Netherlands,NLD,2022-11-21 07:00:00,2022-11-21 08:00:00,0.32405
Netherlands,NLD,2022-11-21 08:00:00,2022-11-21 09:00:00,0.28566
Netherlands,NLD,2022-11-21 09:00:00,2022-11-21 10:00:00,0.26
Netherlands,NLD,2022-11-21 10:00:00,2022-11-21 11:00:00,0.2484
Netherlands,NLD,2022-11-21 11:00:00,2022-11-21 12:00:00,0.21797
Netherlands,NLD,2022-11-21 12:00:00,2022-11-21 13:00:00,0.21762
Netherlands,NLD,2022-11-21 13:00:00,2022-11-21 14:00:00,0.2147
Netherlands,NLD,2022-11-21 14:00:00,2022-11-21 15:00:00,0.246
Netherlands,NLD,2022-11-21 15:00:00,2022-11-21 16:00:00,0.2266
Netherlands,NLD,2022-11-21 16:00:00,2022-11-21 17:00:00,0.28195
Netherlands,NLD,2022-11-21 17:00:00,2022-11-21 18:00:00,0.31541
Netherlands,NLD,2022-11-21 18:00:00,2022-11-21 19:00:00,0.2211
Netherlands,NLD,2022-11-21 19:00:00,2022-11-21 20:00:00,0.25171
Netherlands,NLD,2022-11-21 20:00:00,2022-11-21 21:00:00,0.22
Netherlands,NLD,2022-11-21 21:00:00,2022-11-21 22:00:00,0.19993
Netherlands,NLD,2022-11-21 22:00:00,2022-11-21 23:00:00,0.15447
Netherlands,NLD,2022-11-21 23:00:00,2022-11-22 00:00:00,0.11242
Netherlands,NLD,2022-11-22 00:00:00,2022-11-22 01:00:00,0.11184000000000001
Netherlands,NLD,2022-11-22 01:00:00,2022-11-22 02:00:00,0.09997
Netherlands,NLD,2022-11-22 02:00:00,2022-11-22 03:00:00,0.08211
Netherlands,NLD,2022-11-22 03:00:00,2022-11-22 04:00:00,0.08765
Netherlands,NLD,2022-11-22 04:00:00,2022-11-22 05:00:00,0.09834
Netherlands,NLD,2022-11-22 05:00:00,2022-11-22 06:00:00,0.14804
Netherlands,NLD,2022-11-22 06:00:00,2022-11-22 07:00:00,0.21905000000000002
Netherlands,NLD,2022-11-22 07:00:00,2022-11-22 08:00:00,0.24897
Netherlands,NLD,2022-11-22 08:00:00,2022-11-22 09:00:00,0.2369
Netherlands,NLD,2022-11-22 09:00:00,2022-11-22 10:00:00,0.2422
Netherlands,NLD,2022-11-22 10:00:00,2022-11-22 11:00:00,0.24458000000000002
Netherlands,NLD,2022-11-22 11:00:00,2022-11-22 12:00:00,0.24531999999999998
Netherlands,NLD,2022-11-22 12:00:00,2022-11-22 13:00:00,0.25176
Netherlands,NLD,2022-11-22 13:00:00,2022-11-22 14:00:00,0.25895999999999997
Netherlands,NLD,2022-11-22 14:00:00,2022-11-22 15:00:00,0.26
Netherlands,NLD,2022-11-22 15:00:00,2022-11-22 16:00:00,0.25561
Netherlands,NLD,2022-11-22 16:00:00,2022-11-22 17:00:00,0.28496
Netherlands,NLD,2022-11-22 17:00:00,2022-11-22 18:00:00,0.2949
Netherlands,NLD,2022-11-22 18:00:00,2022-11-22 19:00:00,0.28152999999999995
Netherlands,NLD,2022-11-22 19:00:00,2022-11-22 20:00:00,0.2542
Netherlands,NLD,2022-11-22 20:00:00,2022-11-22 21:00:00,0.24653999999999998
Netherlands,NLD,2022-11-22 21:00:00,2022-11-22 22:00:00,0.215
Netherlands,NLD,2022-11-22 22:00:00,2022-11-22 23:00:00,0.1715
Netherlands,NLD,2022-11-22 23:00:00,2022-11-23 00:00:00,0.15597999999999998
Netherlands,NLD,2022-11-23 00:00:00,2022-11-23 01:00:00,0.14064
Netherlands,NLD,2022-11-23 01:00:00,2022-11-23 02:00:00,0.12552
Netherlands,NLD,2022-11-23 02:00:00,2022-11-23 03:00:00,0.12082999999999999
Netherlands,NLD,2022-11-23 03:00:00,2022-11-23 04:00:00,0.12464
Netherlands,NLD,2022-11-23 04:00:00,2022-11-23 05:00:00,0.14978
Netherlands,NLD,2022-11-23 05:00:00,2022-11-23 06:00:00,0.20904
Netherlands,NLD,2022-11-23 06:00:00,2022-11-23 07:00:00,0.25845999999999997
Netherlands,NLD,2022-11-23 07:00:00,2022-11-23 08:00:00,0.26855
Netherlands,NLD,2022-11-23 08:00:00,2022-11-23 09:00:00,0.22995
Netherlands,NLD,2022-11-23 09:00:00,2022-11-23 10:00:00,0.19741
Netherlands,NLD,2022-11-23 10:00:00,2022-11-23 11:00:00,0.17242
Netherlands,NLD,2022-11-23 11:00:00,2022-11-23 12:00:00,0.16643
Netherlands,NLD,2022-11-23 12:00:00,2022-11-23 13:00:00,0.16511
Netherlands,NLD,2022-11-23 13:00:00,2022-11-23 14:00:00,0.18008000000000002
Netherlands,NLD,2022-11-23 14:00:00,2022-11-23 15:00:00,0.18668
Netherlands,NLD,2022-11-23 15:00:00,2022-11-23 16:00:00,0.20632
Netherlands,NLD,2022-11-23 16:00:00,2022-11-23 17:00:00,0.224
Netherlands,NLD,2022-11-23 17:00:00,2022-11-23 18:00:00,0.21897
Netherlands,NLD,2022-11-23 18:00:00,2022-11-23 19:00:00,0.219
Netherlands,NLD,2022-11-23 19:00:00,2022-11-23 20:00:00,0.16363999999999998
Netherlands,NLD,2022-11-23 20:00:00,2022-11-23 21:00:00,0.14686000000000002
Netherlands,NLD,2022-11-23 21:00:00,2022-11-23 22:00:00,0.14074
Netherlands,NLD,2022-11-23 22:00:00,2022-11-23 23:00:00,0.12448000000000001
Netherlands,NLD,2022-11-23 23:00:00,2022-11-24 00:00:00,0.1407
Netherlands,NLD,2022-11-24 00:00:00,2022-11-24 01:00:00,0.11462
Netherlands,NLD,2022-11-24 01:00:00,2022-11-24 02:00:00,0.11069
Netherlands,NLD,2022-11-24 02:00:00,2022-11-24 03:00:00,0.109
Netherlands,NLD,2022-11-24 03:00:00,2022-11-24 04:00:00,0.09825
Netherlands,NLD,2022-11-24 04:00:00,2022-11-24 05:00:00,0.12990000000000002
Netherlands,NLD,2022-11-24 05:00:00,2022-11-24 06:00:00,0.20567
Netherlands,NLD,2022-11-24 06:00:00,2022-11-24 07:00:00,0.29314999999999997
Netherlands,NLD,2022-11-24 07:00:00,2022-11-24 08:00:00,0.29991
Netherlands,NLD,2022-11-24 08:00:00,2022-11-24 09:00:00,0.29494
Netherlands,NLD,2022-11-24 09:00:00,2022-11-24 10:00:00,0.29502
Netherlands,NLD,2022-11-24 10:00:00,2022-11-24 11:00:00,0.2899
Netherlands,NLD,2022-11-24 11:00:00,2022-11-24 12:00:00,0.263
Netherlands,NLD,2022-11-24 12:00:00,2022-11-24 13:00:00,0.26697000000000004
Netherlands,NLD,2022-11-24 13:00:00,2022-11-24 14:00:00,0.26
Netherlands,NLD,2022-11-24 14:00:00,2022-11-24 15:00:00,0.2999
Netherlands,NLD,2022-11-24 15:00:00,2022-11-24 16:00:00,0.263
Netherlands,NLD,2022-11-24 16:00:00,2022-11-24 17:00:00,0.32283
Netherlands,NLD,2022-11-24 17:00:00,2022-11-24 18:00:00,0.29975
Netherlands,NLD,2022-11-24 18:00:00,2022-11-24 19:00:00,0.28595
Netherlands,NLD,2022-11-24 19:00:00,2022-11-24 20:00:00,0.26156
Netherlands,NLD,2022-11-24 20:00:00,2022-11-24 21:00:00,0.22994
Netherlands,NLD,2022-11-24 21:00:00,2022-11-24 22:00:00,0.2171
Netherlands,NLD,2022-11-24 22:00:00,2022-11-24 23:00:00,0.1427
Netherlands,NLD,2022-11-24 23:00:00,2022-11-25 00:00:00,0.17379
Netherlands,NLD,2022-11-25 00:00:00,2022-11-25 01:00:00,0.17518999999999998
Netherlands,NLD,2022-11-25 01:00:00,2022-11-25 02:00:00,0.16307
Netherlands,NLD,2022-11-25 02:00:00,2022-11-25 03:00:00,0.15181999999999998
Netherlands,NLD,2022-11-25 03:00:00,2022-11-25 04:00:00,0.15337
Netherlands,NLD,2022-11-25 04:00:00,2022-11-25 05:00:00,0.18164
Netherlands,NLD,2022-11-25 05:00:00,2022-11-25 06:00:00,0.2284
Netherlands,NLD,2022-11-25 06:00:00,2022-11-25 07:00:00,0.28905000000000003
Netherlands,NLD,2022-11-25 07:00:00,2022-11-25 08:00:00,0.282
Netherlands,NLD,2022-11-25 08:00:00,2022-11-25 09:00:00,0.26330000000000003
Netherlands,NLD,2022-11-25 09:00:00,2022-11-25 10:00:00,0.2799
Netherlands,NLD,2022-11-25 10:00:00,2022-11-25 11:00:00,0.22
Netherlands,NLD,2022-11-25 11:00:00,2022-11-25 12:00:00,0.219
Netherlands,NLD,2022-11-25 12:00:00,2022-11-25 13:00:00,0.25
Netherlands,NLD,2022-11-25 13:00:00,2022-11-25 14:00:00,0.29014999999999996
Netherlands,NLD,2022-11-25 14:00:00,2022-11-25 15:00:00,0.29046
Netherlands,NLD,2022-11-25 15:00:00,2022-11-25 16:00:00,0.32736000000000004
Netherlands,NLD,2022-11-25 16:00:00,2022-11-25 17:00:00,0.3499
Netherlands,NLD,2022-11-25 17:00:00,2022-11-25 18:00:00,0.33795
Netherlands,NLD,2022-11-25 18:00:00,2022-11-25 19:00:00,0.30005000000000004
Netherlands,NLD,2022-11-25 19:00:00,2022-11-25 20:00:00,0.27063
Netherlands,NLD,2022-11-25 20:00:00,2022-11-25 21:00:00,0.26632
Netherlands,NLD,2022-11-25 21:00:00,2022-11-25 22:00:00,0.26992
Netherlands,NLD,2022-11-25 22:00:00,2022-11-25 23:00:00,0.22603
Netherlands,NLD,2022-11-25 23:00:00,2022-11-26 00:00:00,0.21277000000000001
Netherlands,NLD,2022-11-26 00:00:00,2022-11-26 01:00:00,0.2107
Netherlands,NLD,2022-11-26 01:00:00,2022-11-26 02:00:00,0.2001
Netherlands,NLD,2022-11-26 02:00:00,2022-11-26 03:00:00,0.2
Netherlands,NLD,2022-11-26 03:00:00,2022-11-26 04:00:00,0.19799
Netherlands,NLD,2022-11-26 04:00:00,2022-11-26 05:00:00,0.21194
Netherlands,NLD,2022-11-26 05:00:00,2022-11-26 06:00:00,0.21494
Netherlands,NLD,2022-11-26 06:00:00,2022-11-26 07:00:00,0.22807
Netherlands,NLD,2022-11-26 07:00:00,2022-11-26 08:00:00,0.26496
Netherlands,NLD,2022-11-26 08:00:00,2022-11-26 09:00:00,0.27988999999999997
Netherlands,NLD,2022-11-26 09:00:00,2022-11-26 10:00:00,0.25783
Netherlands,NLD,2022-11-26 10:00:00,2022-11-26 11:00:00,0.2533
Netherlands,NLD,2022-11-26 11:00:00,2022-11-26 12:00:00,0.24999000000000002
Netherlands,NLD,2022-11-26 12:00:00,2022-11-26 13:00:00,0.23741
Netherlands,NLD,2022-11-26 13:00:00,2022-11-26 14:00:00,0.25761
Netherlands,NLD,2022-11-26 14:00:00,2022-11-26 15:00:00,0.26402
Netherlands,NLD,2022-11-26 15:00:00,2022-11-26 16:00:00,0.2882
Netherlands,NLD,2022-11-26 16:00:00,2022-11-26 17:00:00,0.31592000000000003
Netherlands,NLD,2022-11-26 17:00:00,2022-11-26 18:00:00,0.30610000000000004
Netherlands,NLD,2022-11-26 18:00:00,2022-11-26 19:00:00,0.27008
Netherlands,NLD,2022-11-26 19:00:00,2022-11-26 20:00:00,0.23222
Netherlands,NLD,2022-11-26 20:00:00,2022-11-26 21:00:00,0.21337
Netherlands,NLD,2022-11-26 21:00:00,2022-11-26 22:00:00,0.2
Netherlands,NLD,2022-11-26 22:00:00,2022-11-26 23:00:00,0.17369
Netherlands,NLD,2022-11-26 23:00:00,2022-11-27 00:00:00,0.14488
Netherlands,NLD,2022-11-27 00:00:00,2022-11-27 01:00:00,0.135
Netherlands,NLD,2022-11-27 01:00:00,2022-11-27 02:00:00,0.12201000000000001
Netherlands,NLD,2022-11-27 02:00:00,2022-11-27 03:00:00,0.0994
Netherlands,NLD,2022-11-27 03:00:00,2022-11-27 04:00:00,0.0994
Netherlands,NLD,2022-11-27 04:00:00,2022-11-27 05:00:00,0.10564
Netherlands,NLD,2022-11-27 05:00:00,2022-11-27 06:00:00,0.12896000000000002
Netherlands,NLD,2022-11-27 06:00:00,2022-11-27 07:00:00,0.13676
Netherlands,NLD,2022-11-27 07:00:00,2022-11-27 08:00:00,0.1401
Netherlands,NLD,2022-11-27 08:00:00,2022-11-27 09:00:00,0.15990000000000001
Netherlands,NLD,2022-11-27 09:00:00,2022-11-27 10:00:00,0.19846
Netherlands,NLD,2022-11-27 10:00:00,2022-11-27 11:00:00,0.24359999999999998
Netherlands,NLD,2022-11-27 11:00:00,2022-11-27 12:00:00,0.244
Netherlands,NLD,2022-11-27 12:00:00,2022-11-27 13:00:00,0.25695999999999997
Netherlands,NLD,2022-11-27 13:00:00,2022-11-27 14:00:00,0.26106999999999997
Netherlands,NLD,2022-11-27 14:00:00,2022-11-27 15:00:00,0.26314
Netherlands,NLD,2022-11-27 15:00:00,2022-11-27 16:00:00,0.25
Netherlands,NLD,2022-11-27 16:00:00,2022-11-27 17:00:00,0.2899
Netherlands,NLD,2022-11-27 17:00:00,2022-11-27 18:00:00,0.33592
Netherlands,NLD,2022-11-27 18:00:00,2022-11-27 19:00:00,0.29444
Netherlands,NLD,2022-11-27 19:00:00,2022-11-27 20:00:00,0.26789999999999997
Netherlands,NLD,2022-11-27 20:00:00,2022-11-27 21:00:00,0.29296
Netherlands,NLD,2022-11-27 21:00:00,2022-11-27 22:00:00,0.2799
Netherlands,NLD,2022-11-27 22:00:00,2022-11-27 23:00:00,0.1999
Netherlands,NLD,2022-11-27 23:00:00,2022-11-28 00:00:00,0.32
Netherlands,NLD,2022-11-28 00:00:00,2022-11-28 01:00:00,0.2285
Netherlands,NLD,2022-11-28 01:00:00,2022-11-28 02:00:00,0.2099
Netherlands,NLD,2022-11-28 02:00:00,2022-11-28 03:00:00,0.2459
Netherlands,NLD,2022-11-28 03:00:00,2022-11-28 04:00:00,0.22504
Netherlands,NLD,2022-11-28 04:00:00,2022-11-28 05:00:00,0.2694
Netherlands,NLD,2022-11-28 05:00:00,2022-11-28 06:00:00,0.24669999999999997
Netherlands,NLD,2022-11-28 06:00:00,2022-11-28 07:00:00,0.275
Netherlands,NLD,2022-11-28 07:00:00,2022-11-28 08:00:00,0.35
Netherlands,NLD,2022-11-28 08:00:00,2022-11-28 09:00:00,0.36769999999999997
Netherlands,NLD,2022-11-28 09:00:00,2022-11-28 10:00:00,0.37
Netherlands,NLD,2022-11-28 10:00:00,2022-11-28 11:00:00,0.36591
Netherlands,NLD,2022-11-28 11:00:00,2022-11-28 12:00:00,0.36010000000000003
Netherlands,NLD,2022-11-28 12:00:00,2022-11-28 13:00:00,0.36719999999999997
Netherlands,NLD,2022-11-28 13:00:00,2022-11-28 14:00:00,0.38391000000000003
Netherlands,NLD,2022-11-28 14:00:00,2022-11-28 15:00:00,0.39791000000000004
Netherlands,NLD,2022-11-28 15:00:00,2022-11-28 16:00:00,0.39285000000000003
Netherlands,NLD,2022-11-28 16:00:00,2022-11-28 17:00:00,0.41558
Netherlands,NLD,2022-11-28 17:00:00,2022-11-28 18:00:00,0.40062000000000003
Netherlands,NLD,2022-11-28 18:00:00,2022-11-28 19:00:00,0.38001
Netherlands,NLD,2022-11-28 19:00:00,2022-11-28 20:00:00,0.33546
Netherlands,NLD,2022-11-28 20:00:00,2022-11-28 21:00:00,0.312
Netherlands,NLD,2022-11-28 21:00:00,2022-11-28 22:00:00,0.29498
Netherlands,NLD,2022-11-28 22:00:00,2022-11-28 23:00:00,0.26262
Netherlands,NLD,2022-11-28 23:00:00,2022-11-29 00:00:00,0.27181
Netherlands,NLD,2022-11-29 00:00:00,2022-11-29 01:00:00,0.25182
Netherlands,NLD,2022-11-29 01:00:00,2022-11-29 02:00:00,0.23107
Netherlands,NLD,2022-11-29 02:00:00,2022-11-29 03:00:00,0.22627
Netherlands,NLD,2022-11-29 03:00:00,2022-11-29 04:00:00,0.2352
Netherlands,NLD,2022-11-29 04:00:00,2022-11-29 05:00:00,0.26839999999999997
Netherlands,NLD,2022-11-29 05:00:00,2022-11-29 06:00:00,0.25382
Netherlands,NLD,2022-11-29 06:00:00,2022-11-29 07:00:00,0.39622
Netherlands,NLD,2022-11-29 07:00:00,2022-11-29 08:00:00,0.44492000000000004
Netherlands,NLD,2022-11-29 08:00:00,2022-11-29 09:00:00,0.44532
Netherlands,NLD,2022-11-29 09:00:00,2022-11-29 10:00:00,0.44589999999999996
Netherlands,NLD,2022-11-29 10:00:00,2022-11-29 11:00:00,0.43560000000000004
Netherlands,NLD,2022-11-29 11:00:00,2022-11-29 12:00:00,0.41805000000000003
Netherlands,NLD,2022-11-29 12:00:00,2022-11-29 13:00:00,0.42425999999999997
Netherlands,NLD,2022-11-29 13:00:00,2022-11-29 14:00:00,0.44638
Netherlands,NLD,2022-11-29 14:00:00,2022-11-29 15:00:00,0.4507
Netherlands,NLD,2022-11-29 15:00:00,2022-11-29 16:00:00,0.46004
Netherlands,NLD,2022-11-29 16:00:00,2022-11-29 17:00:00,0.5011
Netherlands,NLD,2022-11-29 17:00:00,2022-11-29 18:00:00,0.48686
Netherlands,NLD,2022-11-29 18:00:00,2022-11-29 19:00:00,0.46382
Netherlands,NLD,2022-11-29 19:00:00,2022-11-29 20:00:00,0.4
Netherlands,NLD,2022-11-29 20:00:00,2022-11-29 21:00:00,0.3349
Netherlands,NLD,2022-11-29 21:00:00,2022-11-29 22:00:00,0.29766000000000004
Netherlands,NLD,2022-11-29 22:00:00,2022-11-29 23:00:00,0.25486000000000003
Netherlands,NLD,2022-11-29 23:00:00,2022-11-30 00:00:00,0.2891
Netherlands,NLD,2022-11-30 00:00:00,2022-11-30 01:00:00,0.27957
Netherlands,NLD,2022-11-30 01:00:00,2022-11-30 02:00:00,0.26503
Netherlands,NLD,2022-11-30 02:00:00,2022-11-30 03:00:00,0.26074
Netherlands,NLD,2022-11-30 03:00:00,2022-11-30 04:00:00,0.26763
Netherlands,NLD,2022-11-30 04:00:00,2022-11-30 05:00:00,0.29
Netherlands,NLD,2022-11-30 05:00:00,2022-11-30 06:00:00,0.32500999999999997
Netherlands,NLD,2022-11-30 06:00:00,2022-11-30 07:00:00,0.43443
Netherlands,NLD,2022-11-30 07:00:00,2022-11-30 08:00:00,0.4781
Netherlands,NLD,2022-11-30 08:00:00,2022-11-30 09:00:00,0.4786
Netherlands,NLD,2022-11-30 09:00:00,2022-11-30 10:00:00,0.47470999999999997
Netherlands,NLD,2022-11-30 10:00:00,2022-11-30 11:00:00,0.48252
Netherlands,NLD,2022-11-30 11:00:00,2022-11-30 12:00:00,0.44999
Netherlands,NLD,2022-11-30 12:00:00,2022-11-30 13:00:00,0.45047000000000004
Netherlands,NLD,2022-11-30 13:00:00,2022-11-30 14:00:00,0.46424
Netherlands,NLD,2022-11-30 14:00:00,2022-11-30 15:00:00,0.45876
Netherlands,NLD,2022-11-30 15:00:00,2022-11-30 16:00:00,0.4784
Netherlands,NLD,2022-11-30 16:00:00,2022-11-30 17:00:00,0.50355
Netherlands,NLD,2022-11-30 17:00:00,2022-11-30 18:00:00,0.4952
Netherlands,NLD,2022-11-30 18:00:00,2022-11-30 19:00:00,0.46514
Netherlands,NLD,2022-11-30 19:00:00,2022-11-30 20:00:00,0.41476999999999997
Netherlands,NLD,2022-11-30 20:00:00,2022-11-30 21:00:00,0.34417000000000003
Netherlands,NLD,2022-11-30 21:00:00,2022-11-30 22:00:00,0.31683
Netherlands,NLD,2022-11-30 22:00:00,2022-11-30 23:00:00,0.27435000000000004
Netherlands,NLD,2022-11-30 23:00:00,2022-12-01 00:00:00,0.2911
Netherlands,NLD,2022-12-01 00:00:00,2022-12-01 01:00:00,0.2913
Netherlands,NLD,2022-12-01 01:00:00,2022-12-01 02:00:00,0.28452999999999995
Netherlands,NLD,2022-12-01 02:00:00,2022-12-01 03:00:00,0.27456
Netherlands,NLD,2022-12-01 03:00:00,2022-12-01 04:00:00,0.27172
Netherlands,NLD,2022-12-01 04:00:00,2022-12-01 05:00:00,0.28249
Netherlands,NLD,2022-12-01 05:00:00,2022-12-01 06:00:00,0.2911
Netherlands,NLD,2022-12-01 06:00:00,2022-12-01 07:00:00,0.37535
Netherlands,NLD,2022-12-01 07:00:00,2022-12-01 08:00:00,0.43362
Netherlands,NLD,2022-12-01 08:00:00,2022-12-01 09:00:00,0.432
Netherlands,NLD,2022-12-01 09:00:00,2022-12-01 10:00:00,0.381
Netherlands,NLD,2022-12-01 10:00:00,2022-12-01 11:00:00,0.36085
Netherlands,NLD,2022-12-01 11:00:00,2022-12-01 12:00:00,0.34066
Netherlands,NLD,2022-12-01 12:00:00,2022-12-01 13:00:00,0.3501
Netherlands,NLD,2022-12-01 13:00:00,2022-12-01 14:00:00,0.38139
Netherlands,NLD,2022-12-01 14:00:00,2022-12-01 15:00:00,0.412
Netherlands,NLD,2022-12-01 15:00:00,2022-12-01 16:00:00,0.452
Netherlands,NLD,2022-12-01 16:00:00,2022-12-01 17:00:00,0.48407
Netherlands,NLD,2022-12-01 17:00:00,2022-12-01 18:00:00,0.46979000000000004
Netherlands,NLD,2022-12-01 18:00:00,2022-12-01 19:00:00,0.45788999999999996
Netherlands,NLD,2022-12-01 19:00:00,2022-12-01 20:00:00,0.408
Netherlands,NLD,2022-12-01 20:00:00,2022-12-01 21:00:00,0.2999
Netherlands,NLD,2022-12-01 21:00:00,2022-12-01 22:00:00,0.31914
Netherlands,NLD,2022-12-01 22:00:00,2022-12-01 23:00:00,0.3048
Netherlands,NLD,2022-12-01 23:00:00,2022-12-02 00:00:00,0.30856
Netherlands,NLD,2022-12-02 00:00:00,2022-12-02 01:00:00,0.29627
Netherlands,NLD,2022-12-02 01:00:00,2022-12-02 02:00:00,0.2998
Netherlands,NLD,2022-12-02 02:00:00,2022-12-02 03:00:00,0.29885
Netherlands,NLD,2022-12-02 03:00:00,2022-12-02 04:00:00,0.30072000000000004
Netherlands,NLD,2022-12-02 04:00:00,2022-12-02 05:00:00,0.30228
Netherlands,NLD,2022-12-02 05:00:00,2022-12-02 06:00:00,0.35724
Netherlands,NLD,2022-12-02 06:00:00,2022-12-02 07:00:00,0.39176
Netherlands,NLD,2022-12-02 07:00:00,2022-12-02 08:00:00,0.43471
Netherlands,NLD,2022-12-02 08:00:00,2022-12-02 09:00:00,0.404
Netherlands,NLD,2022-12-02 09:00:00,2022-12-02 10:00:00,0.41670999999999997
Netherlands,NLD,2022-12-02 10:00:00,2022-12-02 11:00:00,0.38693
Netherlands,NLD,2022-12-02 11:00:00,2022-12-02 12:00:00,0.38330000000000003
Netherlands,NLD,2022-12-02 12:00:00,2022-12-02 13:00:00,0.375
Netherlands,NLD,2022-12-02 13:00:00,2022-12-02 14:00:00,0.34482
Netherlands,NLD,2022-12-02 14:00:00,2022-12-02 15:00:00,0.288
Netherlands,NLD,2022-12-02 15:00:00,2022-12-02 16:00:00,0.30186
Netherlands,NLD,2022-12-02 16:00:00,2022-12-02 17:00:00,0.34372
Netherlands,NLD,2022-12-02 17:00:00,2022-12-02 18:00:00,0.33309
Netherlands,NLD,2022-12-02 18:00:00,2022-12-02 19:00:00,0.348
Netherlands,NLD,2022-12-02 19:00:00,2022-12-02 20:00:00,0.296
Netherlands,NLD,2022-12-02 20:00:00,2022-12-02 21:00:00,0.33853
Netherlands,NLD,2022-12-02 21:00:00,2022-12-02 22:00:00,0.30495999999999995
Netherlands,NLD,2022-12-02 22:00:00,2022-12-02 23:00:00,0.332
Netherlands,NLD,2022-12-02 23:00:00,2022-12-03 00:00:00,0.3599
Netherlands,NLD,2022-12-03 00:00:00,2022-12-03 01:00:00,0.323
Netherlands,NLD,2022-12-03 01:00:00,2022-12-03 02:00:00,0.30010000000000003
Netherlands,NLD,2022-12-03 02:00:00,2022-12-03 03:00:00,0.257
Netherlands,NLD,2022-12-03 03:00:00,2022-12-03 04:00:00,0.25047
Netherlands,NLD,2022-12-03 04:00:00,2022-12-03 05:00:00,0.257
Netherlands,NLD,2022-12-03 05:00:00,2022-12-03 06:00:00,0.2999
Netherlands,NLD,2022-12-03 06:00:00,2022-12-03 07:00:00,0.276
Netherlands,NLD,2022-12-03 07:00:00,2022-12-03 08:00:00,0.25736000000000003
Netherlands,NLD,2022-12-03 08:00:00,2022-12-03 09:00:00,0.27676
Netherlands,NLD,2022-12-03 09:00:00,2022-12-03 10:00:00,0.2985
Netherlands,NLD,2022-12-03 10:00:00,2022-12-03 11:00:00,0.30307999999999996
Netherlands,NLD,2022-12-03 11:00:00,2022-12-03 12:00:00,0.29008999999999996
Netherlands,NLD,2022-12-03 12:00:00,2022-12-03 13:00:00,0.28739
Netherlands,NLD,2022-12-03 13:00:00,2022-12-03 14:00:00,0.31591
Netherlands,NLD,2022-12-03 14:00:00,2022-12-03 15:00:00,0.31591
Netherlands,NLD,2022-12-03 15:00:00,2022-12-03 16:00:00,0.33092
Netherlands,NLD,2022-12-03 16:00:00,2022-12-03 17:00:00,0.35873
Netherlands,NLD,2022-12-03 17:00:00,2022-12-03 18:00:00,0.341
Netherlands,NLD,2022-12-03 18:00:00,2022-12-03 19:00:00,0.3127
Netherlands,NLD,2022-12-03 19:00:00,2022-12-03 20:00:00,0.2999
Netherlands,NLD,2022-12-03 20:00:00,2022-12-03 21:00:00,0.2899
Netherlands,NLD,2022-12-03 21:00:00,2022-12-03 22:00:00,0.3
Netherlands,NLD,2022-12-03 22:00:00,2022-12-03 23:00:00,0.30010000000000003
Netherlands,NLD,2022-12-03 23:00:00,2022-12-04 00:00:00,0.31
Netherlands,NLD,2022-12-04 00:00:00,2022-12-04 01:00:00,0.2999
Netherlands,NLD,2022-12-04 01:00:00,2022-12-04 02:00:00,0.286
Netherlands,NLD,2022-12-04 02:00:00,2022-12-04 03:00:00,0.2592
Netherlands,NLD,2022-12-04 03:00:00,2022-12-04 04:00:00,0.276
Netherlands,NLD,2022-12-04 04:00:00,2022-12-04 05:00:00,0.25472
Netherlands,NLD,2022-12-04 05:00:00,2022-12-04 06:00:00,0.2738
Netherlands,NLD,2022-12-04 06:00:00,2022-12-04 07:00:00,0.2938
Netherlands,NLD,2022-12-04 07:00:00,2022-12-04 08:00:00,0.3005
Netherlands,NLD,2022-12-04 08:00:00,2022-12-04 09:00:00,0.29319
Netherlands,NLD,2022-12-04 09:00:00,2022-12-04 10:00:00,0.31
Netherlands,NLD,2022-12-04 10:00:00,2022-12-04 11:00:00,0.30689
Netherlands,NLD,2022-12-04 11:00:00,2022-12-04 12:00:00,0.33356
Netherlands,NLD,2022-12-04 12:00:00,2022-12-04 13:00:00,0.30184
Netherlands,NLD,2022-12-04 13:00:00,2022-12-04 14:00:00,0.30639
Netherlands,NLD,2022-12-04 14:00:00,2022-12-04 15:00:00,0.30824
Netherlands,NLD,2022-12-04 15:00:00,2022-12-04 16:00:00,0.32524000000000003
Netherlands,NLD,2022-12-04 16:00:00,2022-12-04 17:00:00,0.39138
Netherlands,NLD,2022-12-04 17:00:00,2022-12-04 18:00:00,0.3966
Netherlands,NLD,2022-12-04 18:00:00,2022-12-04 19:00:00,0.36193000000000003
Netherlands,NLD,2022-12-04 19:00:00,2022-12-04 20:00:00,0.2994
Netherlands,NLD,2022-12-04 20:00:00,2022-12-04 21:00:00,0.3058
Netherlands,NLD,2022-12-04 21:00:00,2022-12-04 22:00:00,0.29910000000000003
Netherlands,NLD,2022-12-04 22:00:00,2022-12-04 23:00:00,0.25989999999999996
Netherlands,NLD,2022-12-04 23:00:00,2022-12-05 00:00:00,0.279
Netherlands,NLD,2022-12-05 00:00:00,2022-12-05 01:00:00,0.299
Netherlands,NLD,2022-12-05 01:00:00,2022-12-05 02:00:00,0.27
Netherlands,NLD,2022-12-05 02:00:00,2022-12-05 03:00:00,0.25680000000000003
Netherlands,NLD,2022-12-05 03:00:00,2022-12-05 04:00:00,0.26259
Netherlands,NLD,2022-12-05 04:00:00,2022-12-05 05:00:00,0.25246
Netherlands,NLD,2022-12-05 05:00:00,2022-12-05 06:00:00,0.2988
Netherlands,NLD,2022-12-05 06:00:00,2022-12-05 07:00:00,0.33308
Netherlands,NLD,2022-12-05 07:00:00,2022-12-05 08:00:00,0.357
Netherlands,NLD,2022-12-05 08:00:00,2022-12-05 09:00:00,0.3768
Netherlands,NLD,2022-12-05 09:00:00,2022-12-05 10:00:00,0.37739999999999996
Netherlands,NLD,2022-12-05 10:00:00,2022-12-05 11:00:00,0.40475
Netherlands,NLD,2022-12-05 11:00:00,2022-12-05 12:00:00,0.40491000000000005
Netherlands,NLD,2022-12-05 12:00:00,2022-12-05 13:00:00,0.39296
Netherlands,NLD,2022-12-05 13:00:00,2022-12-05 14:00:00,0.41346
Netherlands,NLD,2022-12-05 14:00:00,2022-12-05 15:00:00,0.42991
Netherlands,NLD,2022-12-05 15:00:00,2022-12-05 16:00:00,0.43069999999999997
Netherlands,NLD,2022-12-05 16:00:00,2022-12-05 17:00:00,0.44498000000000004
Netherlands,NLD,2022-12-05 17:00:00,2022-12-05 18:00:00,0.406
Netherlands,NLD,2022-12-05 18:00:00,2022-12-05 19:00:00,0.3978
Netherlands,NLD,2022-12-05 19:00:00,2022-12-05 20:00:00,0.39
Netherlands,NLD,2022-12-05 20:00:00,2022-12-05 21:00:00,0.33311
Netherlands,NLD,2022-12-05 21:00:00,2022-12-05 22:00:00,0.32456
Netherlands,NLD,2022-12-05 22:00:00,2022-12-05 23:00:00,0.29422000000000004
Netherlands,NLD,2022-12-05 23:00:00,2022-12-06 00:00:00,0.2723
Netherlands,NLD,2022-12-06 00:00:00,2022-12-06 01:00:00,0.262
Netherlands,NLD,2022-12-06 01:00:00,2022-12-06 02:00:00,0.2698
Netherlands,NLD,2022-12-06 02:00:00,2022-12-06 03:00:00,0.26711
Netherlands,NLD,2022-12-06 03:00:00,2022-12-06 04:00:00,0.28737999999999997
Netherlands,NLD,2022-12-06 04:00:00,2022-12-06 05:00:00,0.30923
Netherlands,NLD,2022-12-06 05:00:00,2022-12-06 06:00:00,0.32330000000000003
Netherlands,NLD,2022-12-06 06:00:00,2022-12-06 07:00:00,0.3599
Netherlands,NLD,2022-12-06 07:00:00,2022-12-06 08:00:00,0.416
Netherlands,NLD,2022-12-06 08:00:00,2022-12-06 09:00:00,0.45994999999999997
Netherlands,NLD,2022-12-06 09:00:00,2022-12-06 10:00:00,0.43989999999999996
Netherlands,NLD,2022-12-06 10:00:00,2022-12-06 11:00:00,0.3932
Netherlands,NLD,2022-12-06 11:00:00,2022-12-06 12:00:00,0.3345
Netherlands,NLD,2022-12-06 12:00:00,2022-12-06 13:00:00,0.345
Netherlands,NLD,2022-12-06 13:00:00,2022-12-06 14:00:00,0.39997000000000005
Netherlands,NLD,2022-12-06 14:00:00,2022-12-06 15:00:00,0.3999
Netherlands,NLD,2022-12-06 15:00:00,2022-12-06 16:00:00,0.4001
Netherlands,NLD,2022-12-06 16:00:00,2022-12-06 17:00:00,0.4794
Netherlands,NLD,2022-12-06 17:00:00,2022-12-06 18:00:00,0.41884
Netherlands,NLD,2022-12-06 18:00:00,2022-12-06 19:00:00,0.35
Netherlands,NLD,2022-12-06 19:00:00,2022-12-06 20:00:00,0.29619
Netherlands,NLD,2022-12-06 20:00:00,2022-12-06 21:00:00,0.30926
Netherlands,NLD,2022-12-06 21:00:00,2022-12-06 22:00:00,0.29992
Netherlands,NLD,2022-12-06 22:00:00,2022-12-06 23:00:00,0.27661
Netherlands,NLD,2022-12-06 23:00:00,2022-12-07 00:00:00,0.3197
Netherlands,NLD,2022-12-07 00:00:00,2022-12-07 01:00:00,0.29369999999999996
Netherlands,NLD,2022-12-07 01:00:00,2022-12-07 02:00:00,0.259
Netherlands,NLD,2022-12-07 02:00:00,2022-12-07 03:00:00,0.2401
Netherlands,NLD,2022-12-07 03:00:00,2022-12-07 04:00:00,0.254
Netherlands,NLD,2022-12-07 04:00:00,2022-12-07 05:00:00,0.26319
Netherlands,NLD,2022-12-07 05:00:00,2022-12-07 06:00:00,0.255
Netherlands,NLD,2022-12-07 06:00:00,2022-12-07 07:00:00,0.34726
Netherlands,NLD,2022-12-07 07:00:00,2022-12-07 08:00:00,0.375
Netherlands,NLD,2022-12-07 08:00:00,2022-12-07 09:00:00,0.4158
Netherlands,NLD,2022-12-07 09:00:00,2022-12-07 10:00:00,0.3996
Netherlands,NLD,2022-12-07 10:00:00,2022-12-07 11:00:00,0.36216000000000004
Netherlands,NLD,2022-12-07 11:00:00,2022-12-07 12:00:00,0.30060000000000003
Netherlands,NLD,2022-12-07 12:00:00,2022-12-07 13:00:00,0.342
Netherlands,NLD,2022-12-07 13:00:00,2022-12-07 14:00:00,0.4001
Netherlands,NLD,2022-12-07 14:00:00,2022-12-07 15:00:00,0.43674
Netherlands,NLD,2022-12-07 15:00:00,2022-12-07 16:00:00,0.45407
Netherlands,NLD,2022-12-07 16:00:00,2022-12-07 17:00:00,0.49955
Netherlands,NLD,2022-12-07 17:00:00,2022-12-07 18:00:00,0.3389
Netherlands,NLD,2022-12-07 18:00:00,2022-12-07 19:00:00,0.3654
Netherlands,NLD,2022-12-07 19:00:00,2022-12-07 20:00:00,0.3659
Netherlands,NLD,2022-12-07 20:00:00,2022-12-07 21:00:00,0.2901
Netherlands,NLD,2022-12-07 21:00:00,2022-12-07 22:00:00,0.29884
Netherlands,NLD,2022-12-07 22:00:00,2022-12-07 23:00:00,0.2796
Netherlands,NLD,2022-12-07 23:00:00,2022-12-08 00:00:00,0.29099
Netherlands,NLD,2022-12-08 00:00:00,2022-12-08 01:00:00,0.2844
Netherlands,NLD,2022-12-08 01:00:00,2022-12-08 02:00:00,0.27311
Netherlands,NLD,2022-12-08 02:00:00,2022-12-08 03:00:00,0.27272
Netherlands,NLD,2022-12-08 03:00:00,2022-12-08 04:00:00,0.27712
Netherlands,NLD,2022-12-08 04:00:00,2022-12-08 05:00:00,0.30021
Netherlands,NLD,2022-12-08 05:00:00,2022-12-08 06:00:00,0.31405
Netherlands,NLD,2022-12-08 06:00:00,2022-12-08 07:00:00,0.3599
Netherlands,NLD,2022-12-08 07:00:00,2022-12-08 08:00:00,0.42
Netherlands,NLD,2022-12-08 08:00:00,2022-12-08 09:00:00,0.4555
Netherlands,NLD,2022-12-08 09:00:00,2022-12-08 10:00:00,0.41548
Netherlands,NLD,2022-12-08 10:00:00,2022-12-08 11:00:00,0.3999
Netherlands,NLD,2022-12-08 11:00:00,2022-12-08 12:00:00,0.368
Netherlands,NLD,2022-12-08 12:00:00,2022-12-08 13:00:00,0.39233999999999997
Netherlands,NLD,2022-12-08 13:00:00,2022-12-08 14:00:00,0.4501
Netherlands,NLD,2022-12-08 14:00:00,2022-12-08 15:00:00,0.45699
Netherlands,NLD,2022-12-08 15:00:00,2022-12-08 16:00:00,0.46292
Netherlands,NLD,2022-12-08 16:00:00,2022-12-08 17:00:00,0.49821
Netherlands,NLD,2022-12-08 17:00:00,2022-12-08 18:00:00,0.3999
Netherlands,NLD,2022-12-08 18:00:00,2022-12-08 19:00:00,0.3865
Netherlands,NLD,2022-12-08 19:00:00,2022-12-08 20:00:00,0.4
Netherlands,NLD,2022-12-08 20:00:00,2022-12-08 21:00:00,0.34238999999999997
Netherlands,NLD,2022-12-08 21:00:00,2022-12-08 22:00:00,0.32621
Netherlands,NLD,2022-12-08 22:00:00,2022-12-08 23:00:00,0.30261
Netherlands,NLD,2022-12-08 23:00:00,2022-12-09 00:00:00,0.327
Netherlands,NLD,2022-12-09 00:00:00,2022-12-09 01:00:00,0.30674
Netherlands,NLD,2022-12-09 01:00:00,2022-12-09 02:00:00,0.303
Netherlands,NLD,2022-12-09 02:00:00,2022-12-09 03:00:00,0.29849000000000003
Netherlands,NLD,2022-12-09 03:00:00,2022-12-09 04:00:00,0.30234
Netherlands,NLD,2022-12-09 04:00:00,2022-12-09 05:00:00,0.31647000000000003
Netherlands,NLD,2022-12-09 05:00:00,2022-12-09 06:00:00,0.33807
Netherlands,NLD,2022-12-09 06:00:00,2022-12-09 07:00:00,0.4562
Netherlands,NLD,2022-12-09 07:00:00,2022-12-09 08:00:00,0.50299
Netherlands,NLD,2022-12-09 08:00:00,2022-12-09 09:00:00,0.49301
Netherlands,NLD,2022-12-09 09:00:00,2022-12-09 10:00:00,0.48424
Netherlands,NLD,2022-12-09 10:00:00,2022-12-09 11:00:00,0.48816000000000004
Netherlands,NLD,2022-12-09 11:00:00,2022-12-09 12:00:00,0.4811
Netherlands,NLD,2022-12-09 12:00:00,2022-12-09 13:00:00,0.47
Netherlands,NLD,2022-12-09 13:00:00,2022-12-09 14:00:00,0.47644
Netherlands,NLD,2022-12-09 14:00:00,2022-12-09 15:00:00,0.48301
Netherlands,NLD,2022-12-09 15:00:00,2022-12-09 16:00:00,0.47639
Netherlands,NLD,2022-12-09 16:00:00,2022-12-09 17:00:00,0.50791
Netherlands,NLD,2022-12-09 17:00:00,2022-12-09 18:00:00,0.48160000000000003
Netherlands,NLD,2022-12-09 18:00:00,2022-12-09 19:00:00,0.46120999999999995
Netherlands,NLD,2022-12-09 19:00:00,2022-12-09 20:00:00,0.44523
Netherlands,NLD,2022-12-09 20:00:00,2022-12-09 21:00:00,0.37639
Netherlands,NLD,2022-12-09 21:00:00,2022-12-09 22:00:00,0.33804
Netherlands,NLD,2022-12-09 22:00:00,2022-12-09 23:00:00,0.32136000000000003
Netherlands,NLD,2022-12-09 23:00:00,2022-12-10 00:00:00,0.3128
Netherlands,NLD,2022-12-10 00:00:00,2022-12-10 01:00:00,0.306
Netherlands,NLD,2022-12-10 01:00:00,2022-12-10 02:00:00,0.2928
Netherlands,NLD,2022-12-10 02:00:00,2022-12-10 03:00:00,0.28726
Netherlands,NLD,2022-12-10 03:00:00,2022-12-10 04:00:00,0.2849
Netherlands,NLD,2022-12-10 04:00:00,2022-12-10 05:00:00,0.28902
Netherlands,NLD,2022-12-10 05:00:00,2022-12-10 06:00:00,0.29669999999999996
Netherlands,NLD,2022-12-10 06:00:00,2022-12-10 07:00:00,0.3152
Netherlands,NLD,2022-12-10 07:00:00,2022-12-10 08:00:00,0.3465
Netherlands,NLD,2022-12-10 08:00:00,2022-12-10 09:00:00,0.39661
Netherlands,NLD,2022-12-10 09:00:00,2022-12-10 10:00:00,0.41933
Netherlands,NLD,2022-12-10 10:00:00,2022-12-10 11:00:00,0.41237999999999997
Netherlands,NLD,2022-12-10 11:00:00,2022-12-10 12:00:00,0.3981
Netherlands,NLD,2022-12-10 12:00:00,2022-12-10 13:00:00,0.37589999999999996
Netherlands,NLD,2022-12-10 13:00:00,2022-12-10 14:00:00,0.37707
Netherlands,NLD,2022-12-10 14:00:00,2022-12-10 15:00:00,0.3935
Netherlands,NLD,2022-12-10 15:00:00,2022-12-10 16:00:00,0.42058999999999996
Netherlands,NLD,2022-12-10 16:00:00,2022-12-10 17:00:00,0.44992000000000004
Netherlands,NLD,2022-12-10 17:00:00,2022-12-10 18:00:00,0.4427
Netherlands,NLD,2022-12-10 18:00:00,2022-12-10 19:00:00,0.42334
Netherlands,NLD,2022-12-10 19:00:00,2022-12-10 20:00:00,0.36267
Netherlands,NLD,2022-12-10 20:00:00,2022-12-10 21:00:00,0.32543
Netherlands,NLD,2022-12-10 21:00:00,2022-12-10 22:00:00,0.31239
Netherlands,NLD,2022-12-10 22:00:00,2022-12-10 23:00:00,0.29470999999999997
Netherlands,NLD,2022-12-10 23:00:00,2022-12-11 00:00:00,0.30458999999999997
Netherlands,NLD,2022-12-11 00:00:00,2022-12-11 01:00:00,0.30248
Netherlands,NLD,2022-12-11 01:00:00,2022-12-11 02:00:00,0.29766000000000004
Netherlands,NLD,2022-12-11 02:00:00,2022-12-11 03:00:00,0.28147000000000005
Netherlands,NLD,2022-12-11 03:00:00,2022-12-11 04:00:00,0.27729000000000004
Netherlands,NLD,2022-12-11 04:00:00,2022-12-11 05:00:00,0.274
Netherlands,NLD,2022-12-11 05:00:00,2022-12-11 06:00:00,0.28125
Netherlands,NLD,2022-12-11 06:00:00,2022-12-11 07:00:00,0.282
Netherlands,NLD,2022-12-11 07:00:00,2022-12-11 08:00:00,0.29461000000000004
Netherlands,NLD,2022-12-11 08:00:00,2022-12-11 09:00:00,0.3205
Netherlands,NLD,2022-12-11 09:00:00,2022-12-11 10:00:00,0.31765
Netherlands,NLD,2022-12-11 10:00:00,2022-12-11 11:00:00,0.34508
Netherlands,NLD,2022-12-11 11:00:00,2022-12-11 12:00:00,0.34725
Netherlands,NLD,2022-12-11 12:00:00,2022-12-11 13:00:00,0.32474000000000003
Netherlands,NLD,2022-12-11 13:00:00,2022-12-11 14:00:00,0.32827999999999996
Netherlands,NLD,2022-12-11 14:00:00,2022-12-11 15:00:00,0.33651
Netherlands,NLD,2022-12-11 15:00:00,2022-12-11 16:00:00,0.36160000000000003
Netherlands,NLD,2022-12-11 16:00:00,2022-12-11 17:00:00,0.41394
Netherlands,NLD,2022-12-11 17:00:00,2022-12-11 18:00:00,0.43037000000000003
Netherlands,NLD,2022-12-11 18:00:00,2022-12-11 19:00:00,0.41006
Netherlands,NLD,2022-12-11 19:00:00,2022-12-11 20:00:00,0.37989999999999996
Netherlands,NLD,2022-12-11 20:00:00,2022-12-11 21:00:00,0.33535000000000004
Netherlands,NLD,2022-12-11 21:00:00,2022-12-11 22:00:00,0.32480000000000003
Netherlands,NLD,2022-12-11 22:00:00,2022-12-11 23:00:00,0.30702999999999997
Netherlands,NLD,2022-12-11 23:00:00,2022-12-12 00:00:00,0.28247000000000005
Netherlands,NLD,2022-12-12 00:00:00,2022-12-12 01:00:00,0.27948
Netherlands,NLD,2022-12-12 01:00:00,2022-12-12 02:00:00,0.27676
Netherlands,NLD,2022-12-12 02:00:00,2022-12-12 03:00:00,0.27197000000000005
Netherlands,NLD,2022-12-12 03:00:00,2022-12-12 04:00:00,0.27
Netherlands,NLD,2022-12-12 04:00:00,2022-12-12 05:00:00,0.2856
Netherlands,NLD,2022-12-12 05:00:00,2022-12-12 06:00:00,0.35276
Netherlands,NLD,2022-12-12 06:00:00,2022-12-12 07:00:00,0.505
Netherlands,NLD,2022-12-12 07:00:00,2022-12-12 08:00:00,0.56062
Netherlands,NLD,2022-12-12 08:00:00,2022-12-12 09:00:00,0.5139900000000001
Netherlands,NLD,2022-12-12 09:00:00,2022-12-12 10:00:00,0.5036700000000001
Netherlands,NLD,2022-12-12 10:00:00,2022-12-12 11:00:00,0.46772
Netherlands,NLD,2022-12-12 11:00:00,2022-12-12 12:00:00,0.46052
Netherlands,NLD,2022-12-12 12:00:00,2022-12-12 13:00:00,0.44
Netherlands,NLD,2022-12-12 13:00:00,2022-12-12 14:00:00,0.49388
Netherlands,NLD,2022-12-12 14:00:00,2022-12-12 15:00:00,0.53573
Netherlands,NLD,2022-12-12 15:00:00,2022-12-12 16:00:00,0.5585399999999999
Netherlands,NLD,2022-12-12 16:00:00,2022-12-12 17:00:00,0.59316
Netherlands,NLD,2022-12-12 17:00:00,2022-12-12 18:00:00,0.54671
Netherlands,NLD,2022-12-12 18:00:00,2022-12-12 19:00:00,0.50184
Netherlands,NLD,2022-12-12 19:00:00,2022-12-12 20:00:00,0.48863
Netherlands,NLD,2022-12-12 20:00:00,2022-12-12 21:00:00,0.4089
Netherlands,NLD,2022-12-12 21:00:00,2022-12-12 22:00:00,0.35925999999999997
Netherlands,NLD,2022-12-12 22:00:00,2022-12-12 23:00:00,0.3053
Netherlands,NLD,2022-12-12 23:00:00,2022-12-13 00:00:00,0.30569999999999997
Netherlands,NLD,2022-12-13 00:00:00,2022-12-13 01:00:00,0.28752
Netherlands,NLD,2022-12-13 01:00:00,2022-12-13 02:00:00,0.28469
Netherlands,NLD,2022-12-13 02:00:00,2022-12-13 03:00:00,0.27582999999999996
Netherlands,NLD,2022-12-13 03:00:00,2022-12-13 04:00:00,0.2823
Netherlands,NLD,2022-12-13 04:00:00,2022-12-13 05:00:00,0.31607
Netherlands,NLD,2022-12-13 05:00:00,2022-12-13 06:00:00,0.36889999999999995
Netherlands,NLD,2022-12-13 06:00:00,2022-12-13 07:00:00,0.4997
Netherlands,NLD,2022-12-13 07:00:00,2022-12-13 08:00:00,0.57176
Netherlands,NLD,2022-12-13 08:00:00,2022-12-13 09:00:00,0.55329
Netherlands,NLD,2022-12-13 09:00:00,2022-12-13 10:00:00,0.48627
Netherlands,NLD,2022-12-13 10:00:00,2022-12-13 11:00:00,0.44889999999999997
Netherlands,NLD,2022-12-13 11:00:00,2022-12-13 12:00:00,0.45998
Netherlands,NLD,2022-12-13 12:00:00,2022-12-13 13:00:00,0.50603
Netherlands,NLD,2022-12-13 13:00:00,2022-12-13 14:00:00,0.55271
Netherlands,NLD,2022-12-13 14:00:00,2022-12-13 15:00:00,0.57025
Netherlands,NLD,2022-12-13 15:00:00,2022-12-13 16:00:00,0.59
Netherlands,NLD,2022-12-13 16:00:00,2022-12-13 17:00:00,0.66501
Netherlands,NLD,2022-12-13 17:00:00,2022-12-13 18:00:00,0.5601499999999999
Netherlands,NLD,2022-12-13 18:00:00,2022-12-13 19:00:00,0.5165700000000001
Netherlands,NLD,2022-12-13 19:00:00,2022-12-13 20:00:00,0.3999
Netherlands,NLD,2022-12-13 20:00:00,2022-12-13 21:00:00,0.34144
Netherlands,NLD,2022-12-13 21:00:00,2022-12-13 22:00:00,0.30169
Netherlands,NLD,2022-12-13 22:00:00,2022-12-13 23:00:00,0.28308
Netherlands,NLD,2022-12-13 23:00:00,2022-12-14 00:00:00,0.2703
Netherlands,NLD,2022-12-14 00:00:00,2022-12-14 01:00:00,0.27205
Netherlands,NLD,2022-12-14 01:00:00,2022-12-14 02:00:00,0.27082999999999996
Netherlands,NLD,2022-12-14 02:00:00,2022-12-14 03:00:00,0.278
Netherlands,NLD,2022-12-14 03:00:00,2022-12-14 04:00:00,0.2809
Netherlands,NLD,2022-12-14 04:00:00,2022-12-14 05:00:00,0.30989999999999995
Netherlands,NLD,2022-12-14 05:00:00,2022-12-14 06:00:00,0.36882
Netherlands,NLD,2022-12-14 06:00:00,2022-12-14 07:00:00,0.49497
Netherlands,NLD,2022-12-14 07:00:00,2022-12-14 08:00:00,0.53999
Netherlands,NLD,2022-12-14 08:00:00,2022-12-14 09:00:00,0.56972
Netherlands,NLD,2022-12-14 09:00:00,2022-12-14 10:00:00,0.5651799999999999
Netherlands,NLD,2022-12-14 10:00:00,2022-12-14 11:00:00,0.56801
Netherlands,NLD,2022-12-14 11:00:00,2022-12-14 12:00:00,0.45823
Netherlands,NLD,2022-12-14 12:00:00,2022-12-14 13:00:00,0.45158
Netherlands,NLD,2022-12-14 13:00:00,2022-12-14 14:00:00,0.51495
Netherlands,NLD,2022-12-14 14:00:00,2022-12-14 15:00:00,0.5285299999999999
Netherlands,NLD,2022-12-14 15:00:00,2022-12-14 16:00:00,0.545
Netherlands,NLD,2022-12-14 16:00:00,2022-12-14 17:00:00,0.59
Netherlands,NLD,2022-12-14 17:00:00,2022-12-14 18:00:00,0.557
Netherlands,NLD,2022-12-14 18:00:00,2022-12-14 19:00:00,0.5205700000000001
Netherlands,NLD,2022-12-14 19:00:00,2022-12-14 20:00:00,0.4879
Netherlands,NLD,2022-12-14 20:00:00,2022-12-14 21:00:00,0.39667
Netherlands,NLD,2022-12-14 21:00:00,2022-12-14 22:00:00,0.35172000000000003
Netherlands,NLD,2022-12-14 22:00:00,2022-12-14 23:00:00,0.31966
Netherlands,NLD,2022-12-14 23:00:00,2022-12-15 00:00:00,0.29270999999999997
Netherlands,NLD,2022-12-15 00:00:00,2022-12-15 01:00:00,0.285
Netherlands,NLD,2022-12-15 01:00:00,2022-12-15 02:00:00,0.2708
Netherlands,NLD,2022-12-15 02:00:00,2022-12-15 03:00:00,0.2698
Netherlands,NLD,2022-12-15 03:00:00,2022-12-15 04:00:00,0.27414
Netherlands,NLD,2022-12-15 04:00:00,2022-12-15 05:00:00,0.285
Netherlands,NLD,2022-12-15 05:00:00,2022-12-15 06:00:00,0.31665
Netherlands,NLD,2022-12-15 06:00:00,2022-12-15 07:00:00,0.37994
Netherlands,NLD,2022-12-15 07:00:00,2022-12-15 08:00:00,0.49002999999999997
Netherlands,NLD,2022-12-15 08:00:00,2022-12-15 09:00:00,0.48966000000000004
Netherlands,NLD,2022-12-15 09:00:00,2022-12-15 10:00:00,0.47455
Netherlands,NLD,2022-12-15 10:00:00,2022-12-15 11:00:00,0.42146
Netherlands,NLD,2022-12-15 11:00:00,2022-12-15 12:00:00,0.3618
Netherlands,NLD,2022-12-15 12:00:00,2022-12-15 13:00:00,0.34373000000000004
Netherlands,NLD,2022-12-15 13:00:00,2022-12-15 14:00:00,0.45505
Netherlands,NLD,2022-12-15 14:00:00,2022-12-15 15:00:00,0.46993
Netherlands,NLD,2022-12-15 15:00:00,2022-12-15 16:00:00,0.48502999999999996
Netherlands,NLD,2022-12-15 16:00:00,2022-12-15 17:00:00,0.5
Netherlands,NLD,2022-12-15 17:00:00,2022-12-15 18:00:00,0.49991
Netherlands,NLD,2022-12-15 18:00:00,2022-12-15 19:00:00,0.48552999999999996
Netherlands,NLD,2022-12-15 19:00:00,2022-12-15 20:00:00,0.43989999999999996
Netherlands,NLD,2022-12-15 20:00:00,2022-12-15 21:00:00,0.36772000000000005
Netherlands,NLD,2022-12-15 21:00:00,2022-12-15 22:00:00,0.31566000000000005
Netherlands,NLD,2022-12-15 22:00:00,2022-12-15 23:00:00,0.29627
Netherlands,NLD,2022-12-15 23:00:00,2022-12-16 00:00:00,0.2963
Netherlands,NLD,2022-12-16 00:00:00,2022-12-16 01:00:00,0.28792
Netherlands,NLD,2022-12-16 01:00:00,2022-12-16 02:00:00,0.27964999999999995
Netherlands,NLD,2022-12-16 02:00:00,2022-12-16 03:00:00,0.2701
Netherlands,NLD,2022-12-16 03:00:00,2022-12-16 04:00:00,0.256
Netherlands,NLD,2022-12-16 04:00:00,2022-12-16 05:00:00,0.2726
Netherlands,NLD,2022-12-16 05:00:00,2022-12-16 06:00:00,0.31932
Netherlands,NLD,2022-12-16 06:00:00,2022-12-16 07:00:00,0.44089999999999996
Netherlands,NLD,2022-12-16 07:00:00,2022-12-16 08:00:00,0.54349
Netherlands,NLD,2022-12-16 08:00:00,2022-12-16 09:00:00,0.56164
Netherlands,NLD,2022-12-16 09:00:00,2022-12-16 10:00:00,0.5434500000000001
Netherlands,NLD,2022-12-16 10:00:00,2022-12-16 11:00:00,0.5170800000000001
Netherlands,NLD,2022-12-16 11:00:00,2022-12-16 12:00:00,0.453
Netherlands,NLD,2022-12-16 12:00:00,2022-12-16 13:00:00,0.42405000000000004
Netherlands,NLD,2022-12-16 13:00:00,2022-12-16 14:00:00,0.45289999999999997
Netherlands,NLD,2022-12-16 14:00:00,2022-12-16 15:00:00,0.46514
Netherlands,NLD,2022-12-16 15:00:00,2022-12-16 16:00:00,0.47855000000000003
Netherlands,NLD,2022-12-16 16:00:00,2022-12-16 17:00:00,0.505
Netherlands,NLD,2022-12-16 17:00:00,2022-12-16 18:00:00,0.49017
Netherlands,NLD,2022-12-16 18:00:00,2022-12-16 19:00:00,0.46779000000000004
Netherlands,NLD,2022-12-16 19:00:00,2022-12-16 20:00:00,0.39291000000000004
Netherlands,NLD,2022-12-16 20:00:00,2022-12-16 21:00:00,0.33415
Netherlands,NLD,2022-12-16 21:00:00,2022-12-16 22:00:00,0.30675
Netherlands,NLD,2022-12-16 22:00:00,2022-12-16 23:00:00,0.28
Netherlands,NLD,2022-12-16 23:00:00,2022-12-17 00:00:00,0.2839
Netherlands,NLD,2022-12-17 00:00:00,2022-12-17 01:00:00,0.27108
Netherlands,NLD,2022-12-17 01:00:00,2022-12-17 02:00:00,0.25995
Netherlands,NLD,2022-12-17 02:00:00,2022-12-17 03:00:00,0.24559999999999998
Netherlands,NLD,2022-12-17 03:00:00,2022-12-17 04:00:00,0.23619
Netherlands,NLD,2022-12-17 04:00:00,2022-12-17 05:00:00,0.23736000000000002
Netherlands,NLD,2022-12-17 05:00:00,2022-12-17 06:00:00,0.23751
Netherlands,NLD,2022-12-17 06:00:00,2022-12-17 07:00:00,0.25049
Netherlands,NLD,2022-12-17 07:00:00,2022-12-17 08:00:00,0.29
Netherlands,NLD,2022-12-17 08:00:00,2022-12-17 09:00:00,0.29981
Netherlands,NLD,2022-12-17 09:00:00,2022-12-17 10:00:00,0.30213
Netherlands,NLD,2022-12-17 10:00:00,2022-12-17 11:00:00,0.2657
Netherlands,NLD,2022-12-17 11:00:00,2022-12-17 12:00:00,0.27007
Netherlands,NLD,2022-12-17 12:00:00,2022-12-17 13:00:00,0.24994999999999998
Netherlands,NLD,2022-12-17 13:00:00,2022-12-17 14:00:00,0.26662
Netherlands,NLD,2022-12-17 14:00:00,2022-12-17 15:00:00,0.2835
Netherlands,NLD,2022-12-17 15:00:00,2022-12-17 16:00:00,0.30513
Netherlands,NLD,2022-12-17 16:00:00,2022-12-17 17:00:00,0.33542
Netherlands,NLD,2022-12-17 17:00:00,2022-12-17 18:00:00,0.31
Netherlands,NLD,2022-12-17 18:00:00,2022-12-17 19:00:00,0.25
Netherlands,NLD,2022-12-17 19:00:00,2022-12-17 20:00:00,0.24
Netherlands,NLD,2022-12-17 20:00:00,2022-12-17 21:00:00,0.242
Netherlands,NLD,2022-12-17 21:00:00,2022-12-17 22:00:00,0.24509999999999998
Netherlands,NLD,2022-12-17 22:00:00,2022-12-17 23:00:00,0.26239999999999997
Netherlands,NLD,2022-12-17 23:00:00,2022-12-18 00:00:00,0.3845
Netherlands,NLD,2022-12-18 00:00:00,2022-12-18 01:00:00,0.3029
Netherlands,NLD,2022-12-18 01:00:00,2022-12-18 02:00:00,0.25989999999999996
Netherlands,NLD,2022-12-18 02:00:00,2022-12-18 03:00:00,0.2383
Netherlands,NLD,2022-12-18 03:00:00,2022-12-18 04:00:00,0.235
Netherlands,NLD,2022-12-18 04:00:00,2022-12-18 05:00:00,0.24330000000000002
Netherlands,NLD,2022-12-18 05:00:00,2022-12-18 06:00:00,0.2022
Netherlands,NLD,2022-12-18 06:00:00,2022-12-18 07:00:00,0.1999
Netherlands,NLD,2022-12-18 07:00:00,2022-12-18 08:00:00,0.2211
Netherlands,NLD,2022-12-18 08:00:00,2022-12-18 09:00:00,0.25
Netherlands,NLD,2022-12-18 09:00:00,2022-12-18 10:00:00,0.24584
Netherlands,NLD,2022-12-18 10:00:00,2022-12-18 11:00:00,0.21612
Netherlands,NLD,2022-12-18 11:00:00,2022-12-18 12:00:00,0.20133
Netherlands,NLD,2022-12-18 12:00:00,2022-12-18 13:00:00,0.22443000000000002
Netherlands,NLD,2022-12-18 13:00:00,2022-12-18 14:00:00,0.2295
Netherlands,NLD,2022-12-18 14:00:00,2022-12-18 15:00:00,0.23986000000000002
Netherlands,NLD,2022-12-18 15:00:00,2022-12-18 16:00:00,0.25
Netherlands,NLD,2022-12-18 16:00:00,2022-12-18 17:00:00,0.3147
Netherlands,NLD,2022-12-18 17:00:00,2022-12-18 18:00:00,0.313
Netherlands,NLD,2022-12-18 18:00:00,2022-12-18 19:00:00,0.2299
Netherlands,NLD,2022-12-18 19:00:00,2022-12-18 20:00:00,0.198
Netherlands,NLD,2022-12-18 20:00:00,2022-12-18 21:00:00,0.16308
Netherlands,NLD,2022-12-18 21:00:00,2022-12-18 22:00:00,0.14778
Netherlands,NLD,2022-12-18 22:00:00,2022-12-18 23:00:00,0.12
Netherlands,NLD,2022-12-18 23:00:00,2022-12-19 00:00:00,0.1205
Netherlands,NLD,2022-12-19 00:00:00,2022-12-19 01:00:00,0.10617
Netherlands,NLD,2022-12-19 01:00:00,2022-12-19 02:00:00,0.09262000000000001
Netherlands,NLD,2022-12-19 02:00:00,2022-12-19 03:00:00,0.07619
Netherlands,NLD,2022-12-19 03:00:00,2022-12-19 04:00:00,0.07765999999999999
Netherlands,NLD,2022-12-19 04:00:00,2022-12-19 05:00:00,0.10911
Netherlands,NLD,2022-12-19 05:00:00,2022-12-19 06:00:00,0.17536000000000002
Netherlands,NLD,2022-12-19 06:00:00,2022-12-19 07:00:00,0.24003
Netherlands,NLD,2022-12-19 07:00:00,2022-12-19 08:00:00,0.24997999999999998
Netherlands,NLD,2022-12-19 08:00:00,2022-12-19 09:00:00,0.2532
Netherlands,NLD,2022-12-19 09:00:00,2022-12-19 10:00:00,0.24885
Netherlands,NLD,2022-12-19 10:00:00,2022-12-19 11:00:00,0.24705000000000002
Netherlands,NLD,2022-12-19 11:00:00,2022-12-19 12:00:00,0.24869999999999998
Netherlands,NLD,2022-12-19 12:00:00,2022-12-19 13:00:00,0.24580000000000002
Netherlands,NLD,2022-12-19 13:00:00,2022-12-19 14:00:00,0.24943
Netherlands,NLD,2022-12-19 14:00:00,2022-12-19 15:00:00,0.24881
Netherlands,NLD,2022-12-19 15:00:00,2022-12-19 16:00:00,0.24903999999999998
Netherlands,NLD,2022-12-19 16:00:00,2022-12-19 17:00:00,0.25707
Netherlands,NLD,2022-12-19 17:00:00,2022-12-19 18:00:00,0.25614
Netherlands,NLD,2022-12-19 18:00:00,2022-12-19 19:00:00,0.23462
Netherlands,NLD,2022-12-19 19:00:00,2022-12-19 20:00:00,0.20633
Netherlands,NLD,2022-12-19 20:00:00,2022-12-19 21:00:00,0.17465
Netherlands,NLD,2022-12-19 21:00:00,2022-12-19 22:00:00,0.16633
Netherlands,NLD,2022-12-19 22:00:00,2022-12-19 23:00:00,0.13737
Netherlands,NLD,2022-12-19 23:00:00,2022-12-20 00:00:00,0.10819
Netherlands,NLD,2022-12-20 00:00:00,2022-12-20 01:00:00,0.09240999999999999
Netherlands,NLD,2022-12-20 01:00:00,2022-12-20 02:00:00,0.09245
Netherlands,NLD,2022-12-20 02:00:00,2022-12-20 03:00:00,0.07635
Netherlands,NLD,2022-12-20 03:00:00,2022-12-20 04:00:00,0.08194
Netherlands,NLD,2022-12-20 04:00:00,2022-12-20 05:00:00,0.09967000000000001
Netherlands,NLD,2022-12-20 05:00:00,2022-12-20 06:00:00,0.14999
Netherlands,NLD,2022-12-20 06:00:00,2022-12-20 07:00:00,0.2
Netherlands,NLD,2022-12-20 07:00:00,2022-12-20 08:00:00,0.22390000000000002
Netherlands,NLD,2022-12-20 08:00:00,2022-12-20 09:00:00,0.24641
Netherlands,NLD,2022-12-20 09:00:00,2022-12-20 10:00:00,0.23445
Netherlands,NLD,2022-12-20 10:00:00,2022-12-20 11:00:00,0.2379
Netherlands,NLD,2022-12-20 11:00:00,2022-12-20 12:00:00,0.22471000000000002
Netherlands,NLD,2022-12-20 12:00:00,2022-12-20 13:00:00,0.21714
Netherlands,NLD,2022-12-20 13:00:00,2022-12-20 14:00:00,0.23348
Netherlands,NLD,2022-12-20 14:00:00,2022-12-20 15:00:00,0.23939
Netherlands,NLD,2022-12-20 15:00:00,2022-12-20 16:00:00,0.233
Netherlands,NLD,2022-12-20 16:00:00,2022-12-20 17:00:00,0.327
Netherlands,NLD,2022-12-20 17:00:00,2022-12-20 18:00:00,0.2953
Netherlands,NLD,2022-12-20 18:00:00,2022-12-20 19:00:00,0.25989999999999996
Netherlands,NLD,2022-12-20 19:00:00,2022-12-20 20:00:00,0.25865
Netherlands,NLD,2022-12-20 20:00:00,2022-12-20 21:00:00,0.22949
Netherlands,NLD,2022-12-20 21:00:00,2022-12-20 22:00:00,0.22944
Netherlands,NLD,2022-12-20 22:00:00,2022-12-20 23:00:00,0.1999
Netherlands,NLD,2022-12-20 23:00:00,2022-12-21 00:00:00,0.20395
Netherlands,NLD,2022-12-21 00:00:00,2022-12-21 01:00:00,0.19177000000000002
Netherlands,NLD,2022-12-21 01:00:00,2022-12-21 02:00:00,0.179
Netherlands,NLD,2022-12-21 02:00:00,2022-12-21 03:00:00,0.16793
Netherlands,NLD,2022-12-21 03:00:00,2022-12-21 04:00:00,0.16896
Netherlands,NLD,2022-12-21 04:00:00,2022-12-21 05:00:00,0.18
Netherlands,NLD,2022-12-21 05:00:00,2022-12-21 06:00:00,0.21862
Netherlands,NLD,2022-12-21 06:00:00,2022-12-21 07:00:00,0.25316
Netherlands,NLD,2022-12-21 07:00:00,2022-12-21 08:00:00,0.273
Netherlands,NLD,2022-12-21 08:00:00,2022-12-21 09:00:00,0.26983999999999997
Netherlands,NLD,2022-12-21 09:00:00,2022-12-21 10:00:00,0.25171
Netherlands,NLD,2022-12-21 10:00:00,2022-12-21 11:00:00,0.24787
Netherlands,NLD,2022-12-21 11:00:00,2022-12-21 12:00:00,0.23845
Netherlands,NLD,2022-12-21 12:00:00,2022-12-21 13:00:00,0.23286
Netherlands,NLD,2022-12-21 13:00:00,2022-12-21 14:00:00,0.24102
Netherlands,NLD,2022-12-21 14:00:00,2022-12-21 15:00:00,0.22896
Netherlands,NLD,2022-12-21 15:00:00,2022-12-21 16:00:00,0.22549
Netherlands,NLD,2022-12-21 16:00:00,2022-12-21 17:00:00,0.24619
Netherlands,NLD,2022-12-21 17:00:00,2022-12-21 18:00:00,0.2352
Netherlands,NLD,2022-12-21 18:00:00,2022-12-21 19:00:00,0.22596
Netherlands,NLD,2022-12-21 19:00:00,2022-12-21 20:00:00,0.22547999999999999
Netherlands,NLD,2022-12-21 20:00:00,2022-12-21 21:00:00,0.2099
Netherlands,NLD,2022-12-21 21:00:00,2022-12-21 22:00:00,0.22157
Netherlands,NLD,2022-12-21 22:00:00,2022-12-21 23:00:00,0.2086
Netherlands,NLD,2022-12-21 23:00:00,2022-12-22 00:00:00,0.1589
Netherlands,NLD,2022-12-22 00:00:00,2022-12-22 01:00:00,0.14612
Netherlands,NLD,2022-12-22 01:00:00,2022-12-22 02:00:00,0.14019
Netherlands,NLD,2022-12-22 02:00:00,2022-12-22 03:00:00,0.14367
Netherlands,NLD,2022-12-22 03:00:00,2022-12-22 04:00:00,0.12822
Netherlands,NLD,2022-12-22 04:00:00,2022-12-22 05:00:00,0.15591999999999998
Netherlands,NLD,2022-12-22 05:00:00,2022-12-22 06:00:00,0.18805000000000002
Netherlands,NLD,2022-12-22 06:00:00,2022-12-22 07:00:00,0.22487000000000001
Netherlands,NLD,2022-12-22 07:00:00,2022-12-22 08:00:00,0.2246
Netherlands,NLD,2022-12-22 08:00:00,2022-12-22 09:00:00,0.22816999999999998
Netherlands,NLD,2022-12-22 09:00:00,2022-12-22 10:00:00,0.22790000000000002
Netherlands,NLD,2022-12-22 10:00:00,2022-12-22 11:00:00,0.22453
Netherlands,NLD,2022-12-22 11:00:00,2022-12-22 12:00:00,0.22429
Netherlands,NLD,2022-12-22 12:00:00,2022-12-22 13:00:00,0.21699000000000002
Netherlands,NLD,2022-12-22 13:00:00,2022-12-22 14:00:00,0.2152
Netherlands,NLD,2022-12-22 14:00:00,2022-12-22 15:00:00,0.21735
Netherlands,NLD,2022-12-22 15:00:00,2022-12-22 16:00:00,0.22024000000000002
Netherlands,NLD,2022-12-22 16:00:00,2022-12-22 17:00:00,0.3003
Netherlands,NLD,2022-12-22 17:00:00,2022-12-22 18:00:00,0.2499
Netherlands,NLD,2022-12-22 18:00:00,2022-12-22 19:00:00,0.22205000000000003
Netherlands,NLD,2022-12-22 19:00:00,2022-12-22 20:00:00,0.24297
Netherlands,NLD,2022-12-22 20:00:00,2022-12-22 21:00:00,0.2044
Netherlands,NLD,2022-12-22 21:00:00,2022-12-22 22:00:00,0.2001
Netherlands,NLD,2022-12-22 22:00:00,2022-12-22 23:00:00,0.21
Netherlands,NLD,2022-12-22 23:00:00,2022-12-23 00:00:00,0.14872
Netherlands,NLD,2022-12-23 00:00:00,2022-12-23 01:00:00,0.14872
Netherlands,NLD,2022-12-23 01:00:00,2022-12-23 02:00:00,0.14639
Netherlands,NLD,2022-12-23 02:00:00,2022-12-23 03:00:00,0.13787
Netherlands,NLD,2022-12-23 03:00:00,2022-12-23 04:00:00,0.141
Netherlands,NLD,2022-12-23 04:00:00,2022-12-23 05:00:00,0.14855000000000002
Netherlands,NLD,2022-12-23 05:00:00,2022-12-23 06:00:00,0.16945
Netherlands,NLD,2022-12-23 06:00:00,2022-12-23 07:00:00,0.18919
Netherlands,NLD,2022-12-23 07:00:00,2022-12-23 08:00:00,0.217
Netherlands,NLD,2022-12-23 08:00:00,2022-12-23 09:00:00,0.22219999999999998
Netherlands,NLD,2022-12-23 09:00:00,2022-12-23 10:00:00,0.22509
Netherlands,NLD,2022-12-23 10:00:00,2022-12-23 11:00:00,0.22646
Netherlands,NLD,2022-12-23 11:00:00,2022-12-23 12:00:00,0.21938
Netherlands,NLD,2022-12-23 12:00:00,2022-12-23 13:00:00,0.21996000000000002
Netherlands,NLD,2022-12-23 13:00:00,2022-12-23 14:00:00,0.21778999999999998
Netherlands,NLD,2022-12-23 14:00:00,2022-12-23 15:00:00,0.21046
Netherlands,NLD,2022-12-23 15:00:00,2022-12-23 16:00:00,0.21330000000000002
Netherlands,NLD,2022-12-23 16:00:00,2022-12-23 17:00:00,0.21228999999999998
Netherlands,NLD,2022-12-23 17:00:00,2022-12-23 18:00:00,0.20993
Netherlands,NLD,2022-12-23 18:00:00,2022-12-23 19:00:00,0.19844
Netherlands,NLD,2022-12-23 19:00:00,2022-12-23 20:00:00,0.18134
Netherlands,NLD,2022-12-23 20:00:00,2022-12-23 21:00:00,0.15208000000000002
Netherlands,NLD,2022-12-23 21:00:00,2022-12-23 22:00:00,0.14874
Netherlands,NLD,2022-12-23 22:00:00,2022-12-23 23:00:00,0.1199
Netherlands,NLD,2022-12-23 23:00:00,2022-12-24 00:00:00,0.08120000000000001
Netherlands,NLD,2022-12-24 00:00:00,2022-12-24 01:00:00,0.0504
Netherlands,NLD,2022-12-24 01:00:00,2022-12-24 02:00:00,0.05
Netherlands,NLD,2022-12-24 02:00:00,2022-12-24 03:00:00,0.03252
Netherlands,NLD,2022-12-24 03:00:00,2022-12-24 04:00:00,0.036
Netherlands,NLD,2022-12-24 04:00:00,2022-12-24 05:00:00,0.048479999999999995
Netherlands,NLD,2022-12-24 05:00:00,2022-12-24 06:00:00,0.05753
Netherlands,NLD,2022-12-24 06:00:00,2022-12-24 07:00:00,0.09820000000000001
Netherlands,NLD,2022-12-24 07:00:00,2022-12-24 08:00:00,0.1222
Netherlands,NLD,2022-12-24 08:00:00,2022-12-24 09:00:00,0.14587
Netherlands,NLD,2022-12-24 09:00:00,2022-12-24 10:00:00,0.153
Netherlands,NLD,2022-12-24 10:00:00,2022-12-24 11:00:00,0.14502
Netherlands,NLD,2022-12-24 11:00:00,2022-12-24 12:00:00,0.1386
Netherlands,NLD,2022-12-24 12:00:00,2022-12-24 13:00:00,0.14827
Netherlands,NLD,2022-12-24 13:00:00,2022-12-24 14:00:00,0.15109999999999998
Netherlands,NLD,2022-12-24 14:00:00,2022-12-24 15:00:00,0.16033
Netherlands,NLD,2022-12-24 15:00:00,2022-12-24 16:00:00,0.16305
Netherlands,NLD,2022-12-24 16:00:00,2022-12-24 17:00:00,0.17627
Netherlands,NLD,2022-12-24 17:00:00,2022-12-24 18:00:00,0.17509
Netherlands,NLD,2022-12-24 18:00:00,2022-12-24 19:00:00,0.15838
Netherlands,NLD,2022-12-24 19:00:00,2022-12-24 20:00:00,0.12966999999999998
Netherlands,NLD,2022-12-24 20:00:00,2022-12-24 21:00:00,0.12
Netherlands,NLD,2022-12-24 21:00:00,2022-12-24 22:00:00,0.1167
Netherlands,NLD,2022-12-24 22:00:00,2022-12-24 23:00:00,0.11078
Netherlands,NLD,2022-12-24 23:00:00,2022-12-25 00:00:00,0.12028
Netherlands,NLD,2022-12-25 00:00:00,2022-12-25 01:00:00,0.11211
Netherlands,NLD,2022-12-25 01:00:00,2022-12-25 02:00:00,0.10665000000000001
Netherlands,NLD,2022-12-25 02:00:00,2022-12-25 03:00:00,0.09084
Netherlands,NLD,2022-12-25 03:00:00,2022-12-25 04:00:00,0.0857
Netherlands,NLD,2022-12-25 04:00:00,2022-12-25 05:00:00,0.08565
Netherlands,NLD,2022-12-25 05:00:00,2022-12-25 06:00:00,0.08564
Netherlands,NLD,2022-12-25 06:00:00,2022-12-25 07:00:00,0.0927
Netherlands,NLD,2022-12-25 07:00:00,2022-12-25 08:00:00,0.11009999999999999
Netherlands,NLD,2022-12-25 08:00:00,2022-12-25 09:00:00,0.11328
Netherlands,NLD,2022-12-25 09:00:00,2022-12-25 10:00:00,0.13061
Netherlands,NLD,2022-12-25 10:00:00,2022-12-25 11:00:00,0.15
Netherlands,NLD,2022-12-25 11:00:00,2022-12-25 12:00:00,0.1723
Netherlands,NLD,2022-12-25 12:00:00,2022-12-25 13:00:00,0.09559999999999999
Netherlands,NLD,2022-12-25 13:00:00,2022-12-25 14:00:00,0.1692
Netherlands,NLD,2022-12-25 14:00:00,2022-12-25 15:00:00,0.11008
Netherlands,NLD,2022-12-25 15:00:00,2022-12-25 16:00:00,0.12
Netherlands,NLD,2022-12-25 16:00:00,2022-12-25 17:00:00,0.14992
Netherlands,NLD,2022-12-25 17:00:00,2022-12-25 18:00:00,0.16259
Netherlands,NLD,2022-12-25 18:00:00,2022-12-25 19:00:00,0.1762
Netherlands,NLD,2022-12-25 19:00:00,2022-12-25 20:00:00,0.14
Netherlands,NLD,2022-12-25 20:00:00,2022-12-25 21:00:00,0.13
Netherlands,NLD,2022-12-25 21:00:00,2022-12-25 22:00:00,0.1092
Netherlands,NLD,2022-12-25 22:00:00,2022-12-25 23:00:00,0.1
Netherlands,NLD,2022-12-25 23:00:00,2022-12-26 00:00:00,0.0503
Netherlands,NLD,2022-12-26 00:00:00,2022-12-26 01:00:00,0.03698
Netherlands,NLD,2022-12-26 01:00:00,2022-12-26 02:00:00,0.03786
Netherlands,NLD,2022-12-26 02:00:00,2022-12-26 03:00:00,0.0213
Netherlands,NLD,2022-12-26 03:00:00,2022-12-26 04:00:00,0.0179
Netherlands,NLD,2022-12-26 04:00:00,2022-12-26 05:00:00,0.016329999999999997
Netherlands,NLD,2022-12-26 05:00:00,2022-12-26 06:00:00,0.01811
Netherlands,NLD,2022-12-26 06:00:00,2022-12-26 07:00:00,0.023289999999999998
Netherlands,NLD,2022-12-26 07:00:00,2022-12-26 08:00:00,0.03868
Netherlands,NLD,2022-12-26 08:00:00,2022-12-26 09:00:00,0.05357
Netherlands,NLD,2022-12-26 09:00:00,2022-12-26 10:00:00,0.0593
Netherlands,NLD,2022-12-26 10:00:00,2022-12-26 11:00:00,0.059
Netherlands,NLD,2022-12-26 11:00:00,2022-12-26 12:00:00,0.0549
Netherlands,NLD,2022-12-26 12:00:00,2022-12-26 13:00:00,0.1
Netherlands,NLD,2022-12-26 13:00:00,2022-12-26 14:00:00,0.11009000000000001
Netherlands,NLD,2022-12-26 14:00:00,2022-12-26 15:00:00,0.12990000000000002
Netherlands,NLD,2022-12-26 15:00:00,2022-12-26 16:00:00,0.132
Netherlands,NLD,2022-12-26 16:00:00,2022-12-26 17:00:00,0.17682
Netherlands,NLD,2022-12-26 17:00:00,2022-12-26 18:00:00,0.1712
Netherlands,NLD,2022-12-26 18:00:00,2022-12-26 19:00:00,0.124
Netherlands,NLD,2022-12-26 19:00:00,2022-12-26 20:00:00,0.12
Netherlands,NLD,2022-12-26 20:00:00,2022-12-26 21:00:00,0.12654
Netherlands,NLD,2022-12-26 21:00:00,2022-12-26 22:00:00,0.11519
Netherlands,NLD,2022-12-26 22:00:00,2022-12-26 23:00:00,0.07490000000000001
Netherlands,NLD,2022-12-26 23:00:00,2022-12-27 00:00:00,0.042
Netherlands,NLD,2022-12-27 00:00:00,2022-12-27 01:00:00,0.013859999999999999
Netherlands,NLD,2022-12-27 01:00:00,2022-12-27 02:00:00,0.00951
Netherlands,NLD,2022-12-27 02:00:00,2022-12-27 03:00:00,0.00793
Netherlands,NLD,2022-12-27 03:00:00,2022-12-27 04:00:00,0.033
Netherlands,NLD,2022-12-27 04:00:00,2022-12-27 05:00:00,0.05
Netherlands,NLD,2022-12-27 05:00:00,2022-12-27 06:00:00,0.12
Netherlands,NLD,2022-12-27 06:00:00,2022-12-27 07:00:00,0.211
Netherlands,NLD,2022-12-27 07:00:00,2022-12-27 08:00:00,0.198
Netherlands,NLD,2022-12-27 08:00:00,2022-12-27 09:00:00,0.24780000000000002
Netherlands,NLD,2022-12-27 09:00:00,2022-12-27 10:00:00,0.23563
Netherlands,NLD,2022-12-27 10:00:00,2022-12-27 11:00:00,0.1792
Netherlands,NLD,2022-12-27 11:00:00,2022-12-27 12:00:00,0.17055
Netherlands,NLD,2022-12-27 12:00:00,2022-12-27 13:00:00,0.1301
Netherlands,NLD,2022-12-27 13:00:00,2022-12-27 14:00:00,0.13908
Netherlands,NLD,2022-12-27 14:00:00,2022-12-27 15:00:00,0.14332
Netherlands,NLD,2022-12-27 15:00:00,2022-12-27 16:00:00,0.14757
Netherlands,NLD,2022-12-27 16:00:00,2022-12-27 17:00:00,0.15869
Netherlands,NLD,2022-12-27 17:00:00,2022-12-27 18:00:00,0.16469
Netherlands,NLD,2022-12-27 18:00:00,2022-12-27 19:00:00,0.15703999999999999
Netherlands,NLD,2022-12-27 19:00:00,2022-12-27 20:00:00,0.14756
Netherlands,NLD,2022-12-27 20:00:00,2022-12-27 21:00:00,0.1288
Netherlands,NLD,2022-12-27 21:00:00,2022-12-27 22:00:00,0.10784
Netherlands,NLD,2022-12-27 22:00:00,2022-12-27 23:00:00,0.08694
Netherlands,NLD,2022-12-27 23:00:00,2022-12-28 00:00:00,0.04028
Netherlands,NLD,2022-12-28 00:00:00,2022-12-28 01:00:00,0.03313
Netherlands,NLD,2022-12-28 01:00:00,2022-12-28 02:00:00,0.00983
Netherlands,NLD,2022-12-28 02:00:00,2022-12-28 03:00:00,-0.00135
Netherlands,NLD,2022-12-28 03:00:00,2022-12-28 04:00:00,-0.00065
Netherlands,NLD,2022-12-28 04:00:00,2022-12-28 05:00:00,0.00078
Netherlands,NLD,2022-12-28 05:00:00,2022-12-28 06:00:00,0.01729
Netherlands,NLD,2022-12-28 06:00:00,2022-12-28 07:00:00,0.06985
Netherlands,NLD,2022-12-28 07:00:00,2022-12-28 08:00:00,0.11
Netherlands,NLD,2022-12-28 08:00:00,2022-12-28 09:00:00,0.12
Netherlands,NLD,2022-12-28 09:00:00,2022-12-28 10:00:00,0.118
Netherlands,NLD,2022-12-28 10:00:00,2022-12-28 11:00:00,0.12
Netherlands,NLD,2022-12-28 11:00:00,2022-12-28 12:00:00,0.12
Netherlands,NLD,2022-12-28 12:00:00,2022-12-28 13:00:00,0.1
Netherlands,NLD,2022-12-28 13:00:00,2022-12-28 14:00:00,0.07490000000000001
Netherlands,NLD,2022-12-28 14:00:00,2022-12-28 15:00:00,0.1
Netherlands,NLD,2022-12-28 15:00:00,2022-12-28 16:00:00,0.11426
Netherlands,NLD,2022-12-28 16:00:00,2022-12-28 17:00:00,0.12126
Netherlands,NLD,2022-12-28 17:00:00,2022-12-28 18:00:00,0.1199
Netherlands,NLD,2022-12-28 18:00:00,2022-12-28 19:00:00,0.09514
Netherlands,NLD,2022-12-28 19:00:00,2022-12-28 20:00:00,0.09135
Netherlands,NLD,2022-12-28 20:00:00,2022-12-28 21:00:00,0.06818
Netherlands,NLD,2022-12-28 21:00:00,2022-12-28 22:00:00,0.04254
Netherlands,NLD,2022-12-28 22:00:00,2022-12-28 23:00:00,0.02148
Netherlands,NLD,2022-12-28 23:00:00,2022-12-29 00:00:00,-0.0008100000000000001
Netherlands,NLD,2022-12-29 00:00:00,2022-12-29 01:00:00,-0.00085
Netherlands,NLD,2022-12-29 01:00:00,2022-12-29 02:00:00,-0.0015
Netherlands,NLD,2022-12-29 02:00:00,2022-12-29 03:00:00,-0.00254
Netherlands,NLD,2022-12-29 03:00:00,2022-12-29 04:00:00,-0.00196
Netherlands,NLD,2022-12-29 04:00:00,2022-12-29 05:00:00,-0.0008900000000000001
Netherlands,NLD,2022-12-29 05:00:00,2022-12-29 06:00:00,-0.0005899999999999999
Netherlands,NLD,2022-12-29 06:00:00,2022-12-29 07:00:00,8.999999999999999e-05
Netherlands,NLD,2022-12-29 07:00:00,2022-12-29 08:00:00,0.03997
Netherlands,NLD,2022-12-29 08:00:00,2022-12-29 09:00:00,0.096
Netherlands,NLD,2022-12-29 09:00:00,2022-12-29 10:00:00,0.10923000000000001
Netherlands,NLD,2022-12-29 10:00:00,2022-12-29 11:00:00,0.10903
Netherlands,NLD,2022-12-29 11:00:00,2022-12-29 12:00:00,0.1013
Netherlands,NLD,2022-12-29 12:00:00,2022-12-29 13:00:00,0.096
Netherlands,NLD,2022-12-29 13:00:00,2022-12-29 14:00:00,0.0999
Netherlands,NLD,2022-12-29 14:00:00,2022-12-29 15:00:00,0.11
Netherlands,NLD,2022-12-29 15:00:00,2022-12-29 16:00:00,0.10990000000000001
Netherlands,NLD,2022-12-29 16:00:00,2022-12-29 17:00:00,0.1201
Netherlands,NLD,2022-12-29 17:00:00,2022-12-29 18:00:00,0.12243000000000001
Netherlands,NLD,2022-12-29 18:00:00,2022-12-29 19:00:00,0.12007
Netherlands,NLD,2022-12-29 19:00:00,2022-12-29 20:00:00,0.12
Netherlands,NLD,2022-12-29 20:00:00,2022-12-29 21:00:00,0.10468000000000001
Netherlands,NLD,2022-12-29 21:00:00,2022-12-29 22:00:00,0.08434
Netherlands,NLD,2022-12-29 22:00:00,2022-12-29 23:00:00,0.03664
Netherlands,NLD,2022-12-29 23:00:00,2022-12-30 00:00:00,0.01302
Netherlands,NLD,2022-12-30 00:00:00,2022-12-30 01:00:00,0.00509
Netherlands,NLD,2022-12-30 01:00:00,2022-12-30 02:00:00,0.00309
Netherlands,NLD,2022-12-30 02:00:00,2022-12-30 03:00:00,0.00065
Netherlands,NLD,2022-12-30 03:00:00,2022-12-30 04:00:00,0.00057
Netherlands,NLD,2022-12-30 04:00:00,2022-12-30 05:00:00,0.00488
Netherlands,NLD,2022-12-30 05:00:00,2022-12-30 06:00:00,0.01089
Netherlands,NLD,2022-12-30 06:00:00,2022-12-30 07:00:00,0.02391
Netherlands,NLD,2022-12-30 07:00:00,2022-12-30 08:00:00,0.027899999999999998
Netherlands,NLD,2022-12-30 08:00:00,2022-12-30 09:00:00,0.02922
Netherlands,NLD,2022-12-30 09:00:00,2022-12-30 10:00:00,0.026199999999999998
Netherlands,NLD,2022-12-30 10:00:00,2022-12-30 11:00:00,0.02486
Netherlands,NLD,2022-12-30 11:00:00,2022-12-30 12:00:00,0.01795
Netherlands,NLD,2022-12-30 12:00:00,2022-12-30 13:00:00,0.020030000000000003
Netherlands,NLD,2022-12-30 13:00:00,2022-12-30 14:00:00,0.02574
Netherlands,NLD,2022-12-30 14:00:00,2022-12-30 15:00:00,0.02829
Netherlands,NLD,2022-12-30 15:00:00,2022-12-30 16:00:00,0.02137
Netherlands,NLD,2022-12-30 16:00:00,2022-12-30 17:00:00,0.03105
Netherlands,NLD,2022-12-30 17:00:00,2022-12-30 18:00:00,0.025
Netherlands,NLD,2022-12-30 18:00:00,2022-12-30 19:00:00,0.02414
Netherlands,NLD,2022-12-30 19:00:00,2022-12-30 20:00:00,0.02793
Netherlands,NLD,2022-12-30 20:00:00,2022-12-30 21:00:00,0.00069
Netherlands,NLD,2022-12-30 21:00:00,2022-12-30 22:00:00,0.0004
Netherlands,NLD,2022-12-30 22:00:00,2022-12-30 23:00:00,0.00017
Netherlands,NLD,2022-12-30 23:00:00,2022-12-31 00:00:00,0.005
Netherlands,NLD,2022-12-31 00:00:00,2022-12-31 01:00:00,0.00085
Netherlands,NLD,2022-12-31 01:00:00,2022-12-31 02:00:00,0.00037
Netherlands,NLD,2022-12-31 02:00:00,2022-12-31 03:00:00,0.00017
Netherlands,NLD,2022-12-31 03:00:00,2022-12-31 04:00:00,8.999999999999999e-05
Netherlands,NLD,2022-12-31 04:00:00,2022-12-31 05:00:00,0.0
Netherlands,NLD,2022-12-31 05:00:00,2022-12-31 06:00:00,0.0
Netherlands,NLD,2022-12-31 06:00:00,2022-12-31 07:00:00,-2.9999999999999997e-05
Netherlands,NLD,2022-12-31 07:00:00,2022-12-31 08:00:00,0.00066
Netherlands,NLD,2022-12-31 08:00:00,2022-12-31 09:00:00,0.00207
Netherlands,NLD,2022-12-31 09:00:00,2022-12-31 10:00:00,0.0010400000000000001
Netherlands,NLD,2022-12-31 10:00:00,2022-12-31 11:00:00,0.00679
Netherlands,NLD,2022-12-31 11:00:00,2022-12-31 12:00:00,0.01007
Netherlands,NLD,2022-12-31 12:00:00,2022-12-31 13:00:00,0.01059
Netherlands,NLD,2022-12-31 13:00:00,2022-12-31 14:00:00,0.016989999999999998
Netherlands,NLD,2022-12-31 14:00:00,2022-12-31 15:00:00,0.06711
Netherlands,NLD,2022-12-31 15:00:00,2022-12-31 16:00:00,0.04994
Netherlands,NLD,2022-12-31 16:00:00,2022-12-31 17:00:00,0.095
Netherlands,NLD,2022-12-31 17:00:00,2022-12-31 18:00:00,0.08234999999999999
Netherlands,NLD,2022-12-31 18:00:00,2022-12-31 19:00:00,0.06701
Netherlands,NLD,2022-12-31 19:00:00,2022-12-31 20:00:00,0.0405
Netherlands,NLD,2022-12-31 20:00:00,2022-12-31 21:00:00,0.01489
Netherlands,NLD,2022-12-31 21:00:00,2022-12-31 22:00:00,0.00994
Netherlands,NLD,2022-12-31 22:00:00,2022-12-31 23:00:00,0.00161
Netherlands,NLD,2022-12-31 23:00:00,2023-01-01 00:00:00,-0.00361
