Country,ISO3 Code,Datetime (UTC),Datetime (Local),Price (EUR/kWhe)
Netherlands,NLD,2023-01-01 00:00:00,2023-01-01 01:00:00,-0.00146
Netherlands,NLD,2023-01-01 01:00:00,2023-01-01 02:00:00,-0.00152
Netherlands,NLD,2023-01-01 02:00:00,2023-01-01 03:00:00,-0.005
Netherlands,NLD,2023-01-01 03:00:00,2023-01-01 04:00:00,-0.0046
Netherlands,NLD,2023-01-01 04:00:00,2023-01-01 05:00:00,-0.00405
Netherlands,NLD,2023-01-01 05:00:00,2023-01-01 06:00:00,-0.0036
Netherlands,NLD,2023-01-01 06:00:00,2023-01-01 07:00:00,0.0
Netherlands,NLD,2023-01-01 07:00:00,2023-01-01 08:00:00,0.0
Netherlands,NLD,2023-01-01 08:00:00,2023-01-01 09:00:00,0.0
Netherlands,NLD,2023-01-01 09:00:00,2023-01-01 10:00:00,0.00099
Netherlands,NLD,2023-01-01 10:00:00,2023-01-01 11:00:00,0.00058
Netherlands,NLD,2023-01-01 11:00:00,2023-01-01 12:00:00,4e-05
Netherlands,NLD,2023-01-01 12:00:00,2023-01-01 13:00:00,0.0
Netherlands,NLD,2023-01-01 13:00:00,2023-01-01 14:00:00,0.00085
Netherlands,NLD,2023-01-01 14:00:00,2023-01-01 15:00:00,0.023530000000000002
Netherlands,NLD,2023-01-01 15:00:00,2023-01-01 16:00:00,0.036539999999999996
Netherlands,NLD,2023-01-01 16:00:00,2023-01-01 17:00:00,0.04603
Netherlands,NLD,2023-01-01 17:00:00,2023-01-01 18:00:00,0.0999
Netherlands,NLD,2023-01-01 18:00:00,2023-01-01 19:00:00,0.054950000000000006
Netherlands,NLD,2023-01-01 19:00:00,2023-01-01 20:00:00,0.062
Netherlands,NLD,2023-01-01 20:00:00,2023-01-01 21:00:00,0.05293
Netherlands,NLD,2023-01-01 21:00:00,2023-01-01 22:00:00,0.04596
Netherlands,NLD,2023-01-01 22:00:00,2023-01-01 23:00:00,0.035
Netherlands,NLD,2023-01-01 23:00:00,2023-01-02 00:00:00,0.10990000000000001
Netherlands,NLD,2023-01-02 00:00:00,2023-01-02 01:00:00,0.09490000000000001
Netherlands,NLD,2023-01-02 01:00:00,2023-01-02 02:00:00,0.05293
Netherlands,NLD,2023-01-02 02:00:00,2023-01-02 03:00:00,0.04416
Netherlands,NLD,2023-01-02 03:00:00,2023-01-02 04:00:00,0.05008
Netherlands,NLD,2023-01-02 04:00:00,2023-01-02 05:00:00,0.07709
Netherlands,NLD,2023-01-02 05:00:00,2023-01-02 06:00:00,0.10507999999999999
Netherlands,NLD,2023-01-02 06:00:00,2023-01-02 07:00:00,0.14064
Netherlands,NLD,2023-01-02 07:00:00,2023-01-02 08:00:00,0.16244
Netherlands,NLD,2023-01-02 08:00:00,2023-01-02 09:00:00,0.18
Netherlands,NLD,2023-01-02 09:00:00,2023-01-02 10:00:00,0.14561000000000002
Netherlands,NLD,2023-01-02 10:00:00,2023-01-02 11:00:00,0.14335
Netherlands,NLD,2023-01-02 11:00:00,2023-01-02 12:00:00,0.14438
Netherlands,NLD,2023-01-02 12:00:00,2023-01-02 13:00:00,0.14376
Netherlands,NLD,2023-01-02 13:00:00,2023-01-02 14:00:00,0.1482
Netherlands,NLD,2023-01-02 14:00:00,2023-01-02 15:00:00,0.15534
Netherlands,NLD,2023-01-02 15:00:00,2023-01-02 16:00:00,0.164
Netherlands,NLD,2023-01-02 16:00:00,2023-01-02 17:00:00,0.18568
Netherlands,NLD,2023-01-02 17:00:00,2023-01-02 18:00:00,0.17474
Netherlands,NLD,2023-01-02 18:00:00,2023-01-02 19:00:00,0.1699
Netherlands,NLD,2023-01-02 19:00:00,2023-01-02 20:00:00,0.153
Netherlands,NLD,2023-01-02 20:00:00,2023-01-02 21:00:00,0.14167
Netherlands,NLD,2023-01-02 21:00:00,2023-01-02 22:00:00,0.13491
Netherlands,NLD,2023-01-02 22:00:00,2023-01-02 23:00:00,0.12422
Netherlands,NLD,2023-01-02 23:00:00,2023-01-03 00:00:00,0.13001
Netherlands,NLD,2023-01-03 00:00:00,2023-01-03 01:00:00,0.12
Netherlands,NLD,2023-01-03 01:00:00,2023-01-03 02:00:00,0.11876
Netherlands,NLD,2023-01-03 02:00:00,2023-01-03 03:00:00,0.115
Netherlands,NLD,2023-01-03 03:00:00,2023-01-03 04:00:00,0.11363
Netherlands,NLD,2023-01-03 04:00:00,2023-01-03 05:00:00,0.11627
Netherlands,NLD,2023-01-03 05:00:00,2023-01-03 06:00:00,0.13892
Netherlands,NLD,2023-01-03 06:00:00,2023-01-03 07:00:00,0.15991999999999998
Netherlands,NLD,2023-01-03 07:00:00,2023-01-03 08:00:00,0.16917
Netherlands,NLD,2023-01-03 08:00:00,2023-01-03 09:00:00,0.17118
Netherlands,NLD,2023-01-03 09:00:00,2023-01-03 10:00:00,0.16857
Netherlands,NLD,2023-01-03 10:00:00,2023-01-03 11:00:00,0.16949
Netherlands,NLD,2023-01-03 11:00:00,2023-01-03 12:00:00,0.1645
Netherlands,NLD,2023-01-03 12:00:00,2023-01-03 13:00:00,0.16091
Netherlands,NLD,2023-01-03 13:00:00,2023-01-03 14:00:00,0.16306
Netherlands,NLD,2023-01-03 14:00:00,2023-01-03 15:00:00,0.16679
Netherlands,NLD,2023-01-03 15:00:00,2023-01-03 16:00:00,0.16657
Netherlands,NLD,2023-01-03 16:00:00,2023-01-03 17:00:00,0.17082
Netherlands,NLD,2023-01-03 17:00:00,2023-01-03 18:00:00,0.16895
Netherlands,NLD,2023-01-03 18:00:00,2023-01-03 19:00:00,0.16099000000000002
Netherlands,NLD,2023-01-03 19:00:00,2023-01-03 20:00:00,0.14962
Netherlands,NLD,2023-01-03 20:00:00,2023-01-03 21:00:00,0.13063
Netherlands,NLD,2023-01-03 21:00:00,2023-01-03 22:00:00,0.11442000000000001
Netherlands,NLD,2023-01-03 22:00:00,2023-01-03 23:00:00,0.09248
Netherlands,NLD,2023-01-03 23:00:00,2023-01-04 00:00:00,0.08006999999999999
Netherlands,NLD,2023-01-04 00:00:00,2023-01-04 01:00:00,0.06844
Netherlands,NLD,2023-01-04 01:00:00,2023-01-04 02:00:00,0.03792
Netherlands,NLD,2023-01-04 02:00:00,2023-01-04 03:00:00,0.0
Netherlands,NLD,2023-01-04 03:00:00,2023-01-04 04:00:00,0.0
Netherlands,NLD,2023-01-04 04:00:00,2023-01-04 05:00:00,0.00633
Netherlands,NLD,2023-01-04 05:00:00,2023-01-04 06:00:00,0.0549
Netherlands,NLD,2023-01-04 06:00:00,2023-01-04 07:00:00,0.08532
Netherlands,NLD,2023-01-04 07:00:00,2023-01-04 08:00:00,0.15
Netherlands,NLD,2023-01-04 08:00:00,2023-01-04 09:00:00,0.146
Netherlands,NLD,2023-01-04 09:00:00,2023-01-04 10:00:00,0.13119
Netherlands,NLD,2023-01-04 10:00:00,2023-01-04 11:00:00,0.13053
Netherlands,NLD,2023-01-04 11:00:00,2023-01-04 12:00:00,0.12787
Netherlands,NLD,2023-01-04 12:00:00,2023-01-04 13:00:00,0.11907999999999999
Netherlands,NLD,2023-01-04 13:00:00,2023-01-04 14:00:00,0.11655
Netherlands,NLD,2023-01-04 14:00:00,2023-01-04 15:00:00,0.12799
Netherlands,NLD,2023-01-04 15:00:00,2023-01-04 16:00:00,0.13125
Netherlands,NLD,2023-01-04 16:00:00,2023-01-04 17:00:00,0.1502
Netherlands,NLD,2023-01-04 17:00:00,2023-01-04 18:00:00,0.1375
Netherlands,NLD,2023-01-04 18:00:00,2023-01-04 19:00:00,0.12949000000000002
Netherlands,NLD,2023-01-04 19:00:00,2023-01-04 20:00:00,0.12240000000000001
Netherlands,NLD,2023-01-04 20:00:00,2023-01-04 21:00:00,0.12938999999999998
Netherlands,NLD,2023-01-04 21:00:00,2023-01-04 22:00:00,0.10895999999999999
Netherlands,NLD,2023-01-04 22:00:00,2023-01-04 23:00:00,0.106
Netherlands,NLD,2023-01-04 23:00:00,2023-01-05 00:00:00,0.0054
Netherlands,NLD,2023-01-05 00:00:00,2023-01-05 01:00:00,0.00363
Netherlands,NLD,2023-01-05 01:00:00,2023-01-05 02:00:00,0.004900000000000001
Netherlands,NLD,2023-01-05 02:00:00,2023-01-05 03:00:00,0.0
Netherlands,NLD,2023-01-05 03:00:00,2023-01-05 04:00:00,0.00687
Netherlands,NLD,2023-01-05 04:00:00,2023-01-05 05:00:00,0.01632
Netherlands,NLD,2023-01-05 05:00:00,2023-01-05 06:00:00,0.0678
Netherlands,NLD,2023-01-05 06:00:00,2023-01-05 07:00:00,0.1199
Netherlands,NLD,2023-01-05 07:00:00,2023-01-05 08:00:00,0.179
Netherlands,NLD,2023-01-05 08:00:00,2023-01-05 09:00:00,0.17104
Netherlands,NLD,2023-01-05 09:00:00,2023-01-05 10:00:00,0.16947
Netherlands,NLD,2023-01-05 10:00:00,2023-01-05 11:00:00,0.154
Netherlands,NLD,2023-01-05 11:00:00,2023-01-05 12:00:00,0.146
Netherlands,NLD,2023-01-05 12:00:00,2023-01-05 13:00:00,0.1451
Netherlands,NLD,2023-01-05 13:00:00,2023-01-05 14:00:00,0.15103
Netherlands,NLD,2023-01-05 14:00:00,2023-01-05 15:00:00,0.15947999999999998
Netherlands,NLD,2023-01-05 15:00:00,2023-01-05 16:00:00,0.17273
Netherlands,NLD,2023-01-05 16:00:00,2023-01-05 17:00:00,0.2221
Netherlands,NLD,2023-01-05 17:00:00,2023-01-05 18:00:00,0.19466999999999998
Netherlands,NLD,2023-01-05 18:00:00,2023-01-05 19:00:00,0.17798
Netherlands,NLD,2023-01-05 19:00:00,2023-01-05 20:00:00,0.16399
Netherlands,NLD,2023-01-05 20:00:00,2023-01-05 21:00:00,0.152
Netherlands,NLD,2023-01-05 21:00:00,2023-01-05 22:00:00,0.14464
Netherlands,NLD,2023-01-05 22:00:00,2023-01-05 23:00:00,0.127
Netherlands,NLD,2023-01-05 23:00:00,2023-01-06 00:00:00,0.10721
Netherlands,NLD,2023-01-06 00:00:00,2023-01-06 01:00:00,0.1011
Netherlands,NLD,2023-01-06 01:00:00,2023-01-06 02:00:00,0.09673000000000001
Netherlands,NLD,2023-01-06 02:00:00,2023-01-06 03:00:00,0.08142
Netherlands,NLD,2023-01-06 03:00:00,2023-01-06 04:00:00,0.07445
Netherlands,NLD,2023-01-06 04:00:00,2023-01-06 05:00:00,0.07831999999999999
Netherlands,NLD,2023-01-06 05:00:00,2023-01-06 06:00:00,0.09689
Netherlands,NLD,2023-01-06 06:00:00,2023-01-06 07:00:00,0.10701999999999999
Netherlands,NLD,2023-01-06 07:00:00,2023-01-06 08:00:00,0.12294
Netherlands,NLD,2023-01-06 08:00:00,2023-01-06 09:00:00,0.1664
Netherlands,NLD,2023-01-06 09:00:00,2023-01-06 10:00:00,0.1824
Netherlands,NLD,2023-01-06 10:00:00,2023-01-06 11:00:00,0.16366999999999998
Netherlands,NLD,2023-01-06 11:00:00,2023-01-06 12:00:00,0.1402
Netherlands,NLD,2023-01-06 12:00:00,2023-01-06 13:00:00,0.135
Netherlands,NLD,2023-01-06 13:00:00,2023-01-06 14:00:00,0.158
Netherlands,NLD,2023-01-06 14:00:00,2023-01-06 15:00:00,0.1704
Netherlands,NLD,2023-01-06 15:00:00,2023-01-06 16:00:00,0.1401
Netherlands,NLD,2023-01-06 16:00:00,2023-01-06 17:00:00,0.15593
Netherlands,NLD,2023-01-06 17:00:00,2023-01-06 18:00:00,0.1635
Netherlands,NLD,2023-01-06 18:00:00,2023-01-06 19:00:00,0.14674
Netherlands,NLD,2023-01-06 19:00:00,2023-01-06 20:00:00,0.13939
Netherlands,NLD,2023-01-06 20:00:00,2023-01-06 21:00:00,0.13184
Netherlands,NLD,2023-01-06 21:00:00,2023-01-06 22:00:00,0.12994
Netherlands,NLD,2023-01-06 22:00:00,2023-01-06 23:00:00,0.12131
Netherlands,NLD,2023-01-06 23:00:00,2023-01-07 00:00:00,0.09728
Netherlands,NLD,2023-01-07 00:00:00,2023-01-07 01:00:00,0.09816
Netherlands,NLD,2023-01-07 01:00:00,2023-01-07 02:00:00,0.09495999999999999
Netherlands,NLD,2023-01-07 02:00:00,2023-01-07 03:00:00,0.08386
Netherlands,NLD,2023-01-07 03:00:00,2023-01-07 04:00:00,0.07665999999999999
Netherlands,NLD,2023-01-07 04:00:00,2023-01-07 05:00:00,0.06988
Netherlands,NLD,2023-01-07 05:00:00,2023-01-07 06:00:00,0.07648999999999999
Netherlands,NLD,2023-01-07 06:00:00,2023-01-07 07:00:00,0.09253
Netherlands,NLD,2023-01-07 07:00:00,2023-01-07 08:00:00,0.10994
Netherlands,NLD,2023-01-07 08:00:00,2023-01-07 09:00:00,0.11287
Netherlands,NLD,2023-01-07 09:00:00,2023-01-07 10:00:00,0.10069
Netherlands,NLD,2023-01-07 10:00:00,2023-01-07 11:00:00,0.08832
Netherlands,NLD,2023-01-07 11:00:00,2023-01-07 12:00:00,0.0879
Netherlands,NLD,2023-01-07 12:00:00,2023-01-07 13:00:00,0.07429000000000001
Netherlands,NLD,2023-01-07 13:00:00,2023-01-07 14:00:00,0.09
Netherlands,NLD,2023-01-07 14:00:00,2023-01-07 15:00:00,0.0869
Netherlands,NLD,2023-01-07 15:00:00,2023-01-07 16:00:00,0.09431
Netherlands,NLD,2023-01-07 16:00:00,2023-01-07 17:00:00,0.09831999999999999
Netherlands,NLD,2023-01-07 17:00:00,2023-01-07 18:00:00,0.10096
Netherlands,NLD,2023-01-07 18:00:00,2023-01-07 19:00:00,0.096
Netherlands,NLD,2023-01-07 19:00:00,2023-01-07 20:00:00,0.0891
Netherlands,NLD,2023-01-07 20:00:00,2023-01-07 21:00:00,0.06298
Netherlands,NLD,2023-01-07 21:00:00,2023-01-07 22:00:00,0.0512
Netherlands,NLD,2023-01-07 22:00:00,2023-01-07 23:00:00,0.03879
Netherlands,NLD,2023-01-07 23:00:00,2023-01-08 00:00:00,0.011550000000000001
Netherlands,NLD,2023-01-08 00:00:00,2023-01-08 01:00:00,0.00907
Netherlands,NLD,2023-01-08 01:00:00,2023-01-08 02:00:00,0.0091
Netherlands,NLD,2023-01-08 02:00:00,2023-01-08 03:00:00,0.00346
Netherlands,NLD,2023-01-08 03:00:00,2023-01-08 04:00:00,0.0028
Netherlands,NLD,2023-01-08 04:00:00,2023-01-08 05:00:00,0.00508
Netherlands,NLD,2023-01-08 05:00:00,2023-01-08 06:00:00,0.00902
Netherlands,NLD,2023-01-08 06:00:00,2023-01-08 07:00:00,0.01647
Netherlands,NLD,2023-01-08 07:00:00,2023-01-08 08:00:00,0.05023
Netherlands,NLD,2023-01-08 08:00:00,2023-01-08 09:00:00,0.08302
Netherlands,NLD,2023-01-08 09:00:00,2023-01-08 10:00:00,0.09387999999999999
Netherlands,NLD,2023-01-08 10:00:00,2023-01-08 11:00:00,0.10387
Netherlands,NLD,2023-01-08 11:00:00,2023-01-08 12:00:00,0.10169
Netherlands,NLD,2023-01-08 12:00:00,2023-01-08 13:00:00,0.099
Netherlands,NLD,2023-01-08 13:00:00,2023-01-08 14:00:00,0.10429000000000001
Netherlands,NLD,2023-01-08 14:00:00,2023-01-08 15:00:00,0.10333
Netherlands,NLD,2023-01-08 15:00:00,2023-01-08 16:00:00,0.10843000000000001
Netherlands,NLD,2023-01-08 16:00:00,2023-01-08 17:00:00,0.11871999999999999
Netherlands,NLD,2023-01-08 17:00:00,2023-01-08 18:00:00,0.12276000000000001
Netherlands,NLD,2023-01-08 18:00:00,2023-01-08 19:00:00,0.10944
Netherlands,NLD,2023-01-08 19:00:00,2023-01-08 20:00:00,0.10441
Netherlands,NLD,2023-01-08 20:00:00,2023-01-08 21:00:00,0.09865
Netherlands,NLD,2023-01-08 21:00:00,2023-01-08 22:00:00,0.09938
Netherlands,NLD,2023-01-08 22:00:00,2023-01-08 23:00:00,0.08134000000000001
Netherlands,NLD,2023-01-08 23:00:00,2023-01-09 00:00:00,0.07513
Netherlands,NLD,2023-01-09 00:00:00,2023-01-09 01:00:00,0.06437999999999999
Netherlands,NLD,2023-01-09 01:00:00,2023-01-09 02:00:00,0.06028
Netherlands,NLD,2023-01-09 02:00:00,2023-01-09 03:00:00,0.039409999999999994
Netherlands,NLD,2023-01-09 03:00:00,2023-01-09 04:00:00,0.04312
Netherlands,NLD,2023-01-09 04:00:00,2023-01-09 05:00:00,0.06906999999999999
Netherlands,NLD,2023-01-09 05:00:00,2023-01-09 06:00:00,0.10712999999999999
Netherlands,NLD,2023-01-09 06:00:00,2023-01-09 07:00:00,0.16
Netherlands,NLD,2023-01-09 07:00:00,2023-01-09 08:00:00,0.18
Netherlands,NLD,2023-01-09 08:00:00,2023-01-09 09:00:00,0.17715999999999998
Netherlands,NLD,2023-01-09 09:00:00,2023-01-09 10:00:00,0.15913
Netherlands,NLD,2023-01-09 10:00:00,2023-01-09 11:00:00,0.16078
Netherlands,NLD,2023-01-09 11:00:00,2023-01-09 12:00:00,0.141
Netherlands,NLD,2023-01-09 12:00:00,2023-01-09 13:00:00,0.14207
Netherlands,NLD,2023-01-09 13:00:00,2023-01-09 14:00:00,0.13897
Netherlands,NLD,2023-01-09 14:00:00,2023-01-09 15:00:00,0.15123
Netherlands,NLD,2023-01-09 15:00:00,2023-01-09 16:00:00,0.16204
Netherlands,NLD,2023-01-09 16:00:00,2023-01-09 17:00:00,0.17427
Netherlands,NLD,2023-01-09 17:00:00,2023-01-09 18:00:00,0.18218
Netherlands,NLD,2023-01-09 18:00:00,2023-01-09 19:00:00,0.17024
Netherlands,NLD,2023-01-09 19:00:00,2023-01-09 20:00:00,0.16050999999999999
Netherlands,NLD,2023-01-09 20:00:00,2023-01-09 21:00:00,0.13893
Netherlands,NLD,2023-01-09 21:00:00,2023-01-09 22:00:00,0.132
Netherlands,NLD,2023-01-09 22:00:00,2023-01-09 23:00:00,0.10831
Netherlands,NLD,2023-01-09 23:00:00,2023-01-10 00:00:00,0.10601000000000001
Netherlands,NLD,2023-01-10 00:00:00,2023-01-10 01:00:00,0.09672
Netherlands,NLD,2023-01-10 01:00:00,2023-01-10 02:00:00,0.09515000000000001
Netherlands,NLD,2023-01-10 02:00:00,2023-01-10 03:00:00,0.09033
Netherlands,NLD,2023-01-10 03:00:00,2023-01-10 04:00:00,0.09561
Netherlands,NLD,2023-01-10 04:00:00,2023-01-10 05:00:00,0.10859999999999999
Netherlands,NLD,2023-01-10 05:00:00,2023-01-10 06:00:00,0.13813
Netherlands,NLD,2023-01-10 06:00:00,2023-01-10 07:00:00,0.156
Netherlands,NLD,2023-01-10 07:00:00,2023-01-10 08:00:00,0.22
Netherlands,NLD,2023-01-10 08:00:00,2023-01-10 09:00:00,0.222
Netherlands,NLD,2023-01-10 09:00:00,2023-01-10 10:00:00,0.16352
Netherlands,NLD,2023-01-10 10:00:00,2023-01-10 11:00:00,0.14759999999999998
Netherlands,NLD,2023-01-10 11:00:00,2023-01-10 12:00:00,0.14125
Netherlands,NLD,2023-01-10 12:00:00,2023-01-10 13:00:00,0.14168
Netherlands,NLD,2023-01-10 13:00:00,2023-01-10 14:00:00,0.14540999999999998
Netherlands,NLD,2023-01-10 14:00:00,2023-01-10 15:00:00,0.14592
Netherlands,NLD,2023-01-10 15:00:00,2023-01-10 16:00:00,0.14011
Netherlands,NLD,2023-01-10 16:00:00,2023-01-10 17:00:00,0.1479
Netherlands,NLD,2023-01-10 17:00:00,2023-01-10 18:00:00,0.14474
Netherlands,NLD,2023-01-10 18:00:00,2023-01-10 19:00:00,0.1301
Netherlands,NLD,2023-01-10 19:00:00,2023-01-10 20:00:00,0.12281
Netherlands,NLD,2023-01-10 20:00:00,2023-01-10 21:00:00,0.1019
Netherlands,NLD,2023-01-10 21:00:00,2023-01-10 22:00:00,0.082
Netherlands,NLD,2023-01-10 22:00:00,2023-01-10 23:00:00,0.04296
Netherlands,NLD,2023-01-10 23:00:00,2023-01-11 00:00:00,0.005
Netherlands,NLD,2023-01-11 00:00:00,2023-01-11 01:00:00,0.0
Netherlands,NLD,2023-01-11 01:00:00,2023-01-11 02:00:00,-0.00033
Netherlands,NLD,2023-01-11 02:00:00,2023-01-11 03:00:00,-0.00023
Netherlands,NLD,2023-01-11 03:00:00,2023-01-11 04:00:00,0.0
Netherlands,NLD,2023-01-11 04:00:00,2023-01-11 05:00:00,0.00259
Netherlands,NLD,2023-01-11 05:00:00,2023-01-11 06:00:00,0.05731
Netherlands,NLD,2023-01-11 06:00:00,2023-01-11 07:00:00,0.09111
Netherlands,NLD,2023-01-11 07:00:00,2023-01-11 08:00:00,0.16358
Netherlands,NLD,2023-01-11 08:00:00,2023-01-11 09:00:00,0.1556
Netherlands,NLD,2023-01-11 09:00:00,2023-01-11 10:00:00,0.13178
Netherlands,NLD,2023-01-11 10:00:00,2023-01-11 11:00:00,0.1306
Netherlands,NLD,2023-01-11 11:00:00,2023-01-11 12:00:00,0.11782
Netherlands,NLD,2023-01-11 12:00:00,2023-01-11 13:00:00,0.11054
Netherlands,NLD,2023-01-11 13:00:00,2023-01-11 14:00:00,0.11574
Netherlands,NLD,2023-01-11 14:00:00,2023-01-11 15:00:00,0.11883
Netherlands,NLD,2023-01-11 15:00:00,2023-01-11 16:00:00,0.12081
Netherlands,NLD,2023-01-11 16:00:00,2023-01-11 17:00:00,0.13379
Netherlands,NLD,2023-01-11 17:00:00,2023-01-11 18:00:00,0.13387000000000002
Netherlands,NLD,2023-01-11 18:00:00,2023-01-11 19:00:00,0.12990000000000002
Netherlands,NLD,2023-01-11 19:00:00,2023-01-11 20:00:00,0.11853
Netherlands,NLD,2023-01-11 20:00:00,2023-01-11 21:00:00,0.09487000000000001
Netherlands,NLD,2023-01-11 21:00:00,2023-01-11 22:00:00,0.09203
Netherlands,NLD,2023-01-11 22:00:00,2023-01-11 23:00:00,0.06923
Netherlands,NLD,2023-01-11 23:00:00,2023-01-12 00:00:00,0.02174
Netherlands,NLD,2023-01-12 00:00:00,2023-01-12 01:00:00,0.00592
Netherlands,NLD,2023-01-12 01:00:00,2023-01-12 02:00:00,0.00566
Netherlands,NLD,2023-01-12 02:00:00,2023-01-12 03:00:00,0.0001
Netherlands,NLD,2023-01-12 03:00:00,2023-01-12 04:00:00,0.00273
Netherlands,NLD,2023-01-12 04:00:00,2023-01-12 05:00:00,0.02555
Netherlands,NLD,2023-01-12 05:00:00,2023-01-12 06:00:00,0.08572
Netherlands,NLD,2023-01-12 06:00:00,2023-01-12 07:00:00,0.11535
Netherlands,NLD,2023-01-12 07:00:00,2023-01-12 08:00:00,0.1386
Netherlands,NLD,2023-01-12 08:00:00,2023-01-12 09:00:00,0.1566
Netherlands,NLD,2023-01-12 09:00:00,2023-01-12 10:00:00,0.11
Netherlands,NLD,2023-01-12 10:00:00,2023-01-12 11:00:00,0.11192
Netherlands,NLD,2023-01-12 11:00:00,2023-01-12 12:00:00,0.1067
Netherlands,NLD,2023-01-12 12:00:00,2023-01-12 13:00:00,0.10287
Netherlands,NLD,2023-01-12 13:00:00,2023-01-12 14:00:00,0.11023999999999999
Netherlands,NLD,2023-01-12 14:00:00,2023-01-12 15:00:00,0.10865999999999999
Netherlands,NLD,2023-01-12 15:00:00,2023-01-12 16:00:00,0.10790999999999999
Netherlands,NLD,2023-01-12 16:00:00,2023-01-12 17:00:00,0.13
Netherlands,NLD,2023-01-12 17:00:00,2023-01-12 18:00:00,0.1445
Netherlands,NLD,2023-01-12 18:00:00,2023-01-12 19:00:00,0.13
Netherlands,NLD,2023-01-12 19:00:00,2023-01-12 20:00:00,0.13113999999999998
Netherlands,NLD,2023-01-12 20:00:00,2023-01-12 21:00:00,0.086
Netherlands,NLD,2023-01-12 21:00:00,2023-01-12 22:00:00,0.0741
Netherlands,NLD,2023-01-12 22:00:00,2023-01-12 23:00:00,0.040409999999999995
Netherlands,NLD,2023-01-12 23:00:00,2023-01-13 00:00:00,0.032920000000000005
Netherlands,NLD,2023-01-13 00:00:00,2023-01-13 01:00:00,0.0172
Netherlands,NLD,2023-01-13 01:00:00,2023-01-13 02:00:00,0.01043
Netherlands,NLD,2023-01-13 02:00:00,2023-01-13 03:00:00,0.00265
Netherlands,NLD,2023-01-13 03:00:00,2023-01-13 04:00:00,0.00335
Netherlands,NLD,2023-01-13 04:00:00,2023-01-13 05:00:00,0.0257
Netherlands,NLD,2023-01-13 05:00:00,2023-01-13 06:00:00,0.0555
Netherlands,NLD,2023-01-13 06:00:00,2023-01-13 07:00:00,0.08865
Netherlands,NLD,2023-01-13 07:00:00,2023-01-13 08:00:00,0.11243
Netherlands,NLD,2023-01-13 08:00:00,2023-01-13 09:00:00,0.10707
Netherlands,NLD,2023-01-13 09:00:00,2023-01-13 10:00:00,0.09709999999999999
Netherlands,NLD,2023-01-13 10:00:00,2023-01-13 11:00:00,0.08903
Netherlands,NLD,2023-01-13 11:00:00,2023-01-13 12:00:00,0.07676999999999999
Netherlands,NLD,2023-01-13 12:00:00,2023-01-13 13:00:00,0.07024
Netherlands,NLD,2023-01-13 13:00:00,2023-01-13 14:00:00,0.07423
Netherlands,NLD,2023-01-13 14:00:00,2023-01-13 15:00:00,0.08059999999999999
Netherlands,NLD,2023-01-13 15:00:00,2023-01-13 16:00:00,0.08758
Netherlands,NLD,2023-01-13 16:00:00,2023-01-13 17:00:00,0.14183
Netherlands,NLD,2023-01-13 17:00:00,2023-01-13 18:00:00,0.155
Netherlands,NLD,2023-01-13 18:00:00,2023-01-13 19:00:00,0.1442
Netherlands,NLD,2023-01-13 19:00:00,2023-01-13 20:00:00,0.12176999999999999
Netherlands,NLD,2023-01-13 20:00:00,2023-01-13 21:00:00,0.1254
Netherlands,NLD,2023-01-13 21:00:00,2023-01-13 22:00:00,0.12
Netherlands,NLD,2023-01-13 22:00:00,2023-01-13 23:00:00,0.09729
Netherlands,NLD,2023-01-13 23:00:00,2023-01-14 00:00:00,0.135
Netherlands,NLD,2023-01-14 00:00:00,2023-01-14 01:00:00,0.1172
Netherlands,NLD,2023-01-14 01:00:00,2023-01-14 02:00:00,0.09867000000000001
Netherlands,NLD,2023-01-14 02:00:00,2023-01-14 03:00:00,0.05745
Netherlands,NLD,2023-01-14 03:00:00,2023-01-14 04:00:00,0.040850000000000004
Netherlands,NLD,2023-01-14 04:00:00,2023-01-14 05:00:00,0.04102
Netherlands,NLD,2023-01-14 05:00:00,2023-01-14 06:00:00,0.0451
Netherlands,NLD,2023-01-14 06:00:00,2023-01-14 07:00:00,0.0549
Netherlands,NLD,2023-01-14 07:00:00,2023-01-14 08:00:00,0.07715000000000001
Netherlands,NLD,2023-01-14 08:00:00,2023-01-14 09:00:00,0.1001
Netherlands,NLD,2023-01-14 09:00:00,2023-01-14 10:00:00,0.09673000000000001
Netherlands,NLD,2023-01-14 10:00:00,2023-01-14 11:00:00,0.0992
Netherlands,NLD,2023-01-14 11:00:00,2023-01-14 12:00:00,0.10497
Netherlands,NLD,2023-01-14 12:00:00,2023-01-14 13:00:00,0.09386
Netherlands,NLD,2023-01-14 13:00:00,2023-01-14 14:00:00,0.09384999999999999
Netherlands,NLD,2023-01-14 14:00:00,2023-01-14 15:00:00,0.1
Netherlands,NLD,2023-01-14 15:00:00,2023-01-14 16:00:00,0.1
Netherlands,NLD,2023-01-14 16:00:00,2023-01-14 17:00:00,0.13426
Netherlands,NLD,2023-01-14 17:00:00,2023-01-14 18:00:00,0.1442
Netherlands,NLD,2023-01-14 18:00:00,2023-01-14 19:00:00,0.127
Netherlands,NLD,2023-01-14 19:00:00,2023-01-14 20:00:00,0.14351
Netherlands,NLD,2023-01-14 20:00:00,2023-01-14 21:00:00,0.09937
Netherlands,NLD,2023-01-14 21:00:00,2023-01-14 22:00:00,0.09342
Netherlands,NLD,2023-01-14 22:00:00,2023-01-14 23:00:00,0.0691
Netherlands,NLD,2023-01-14 23:00:00,2023-01-15 00:00:00,0.06001
Netherlands,NLD,2023-01-15 00:00:00,2023-01-15 01:00:00,0.0294
Netherlands,NLD,2023-01-15 01:00:00,2023-01-15 02:00:00,0.02793
Netherlands,NLD,2023-01-15 02:00:00,2023-01-15 03:00:00,0.00694
Netherlands,NLD,2023-01-15 03:00:00,2023-01-15 04:00:00,0.0029300000000000003
Netherlands,NLD,2023-01-15 04:00:00,2023-01-15 05:00:00,0.00405
Netherlands,NLD,2023-01-15 05:00:00,2023-01-15 06:00:00,0.00158
Netherlands,NLD,2023-01-15 06:00:00,2023-01-15 07:00:00,0.00181
Netherlands,NLD,2023-01-15 07:00:00,2023-01-15 08:00:00,0.0112
Netherlands,NLD,2023-01-15 08:00:00,2023-01-15 09:00:00,0.037399999999999996
Netherlands,NLD,2023-01-15 09:00:00,2023-01-15 10:00:00,0.03886
Netherlands,NLD,2023-01-15 10:00:00,2023-01-15 11:00:00,0.07490000000000001
Netherlands,NLD,2023-01-15 11:00:00,2023-01-15 12:00:00,0.08
Netherlands,NLD,2023-01-15 12:00:00,2023-01-15 13:00:00,0.06501
Netherlands,NLD,2023-01-15 13:00:00,2023-01-15 14:00:00,0.08015
Netherlands,NLD,2023-01-15 14:00:00,2023-01-15 15:00:00,0.08602
Netherlands,NLD,2023-01-15 15:00:00,2023-01-15 16:00:00,0.095
Netherlands,NLD,2023-01-15 16:00:00,2023-01-15 17:00:00,0.13964
Netherlands,NLD,2023-01-15 17:00:00,2023-01-15 18:00:00,0.1746
Netherlands,NLD,2023-01-15 18:00:00,2023-01-15 19:00:00,0.1977
Netherlands,NLD,2023-01-15 19:00:00,2023-01-15 20:00:00,0.1999
Netherlands,NLD,2023-01-15 20:00:00,2023-01-15 21:00:00,0.16834
Netherlands,NLD,2023-01-15 21:00:00,2023-01-15 22:00:00,0.16
Netherlands,NLD,2023-01-15 22:00:00,2023-01-15 23:00:00,0.133
Netherlands,NLD,2023-01-15 23:00:00,2023-01-16 00:00:00,0.06001
Netherlands,NLD,2023-01-16 00:00:00,2023-01-16 01:00:00,0.06001
Netherlands,NLD,2023-01-16 01:00:00,2023-01-16 02:00:00,0.06272
Netherlands,NLD,2023-01-16 02:00:00,2023-01-16 03:00:00,0.056100000000000004
Netherlands,NLD,2023-01-16 03:00:00,2023-01-16 04:00:00,0.0633
Netherlands,NLD,2023-01-16 04:00:00,2023-01-16 05:00:00,0.087
Netherlands,NLD,2023-01-16 05:00:00,2023-01-16 06:00:00,0.15463
Netherlands,NLD,2023-01-16 06:00:00,2023-01-16 07:00:00,0.17511000000000002
Netherlands,NLD,2023-01-16 07:00:00,2023-01-16 08:00:00,0.18599000000000002
Netherlands,NLD,2023-01-16 08:00:00,2023-01-16 09:00:00,0.17
Netherlands,NLD,2023-01-16 09:00:00,2023-01-16 10:00:00,0.2001
Netherlands,NLD,2023-01-16 10:00:00,2023-01-16 11:00:00,0.1656
Netherlands,NLD,2023-01-16 11:00:00,2023-01-16 12:00:00,0.14859
Netherlands,NLD,2023-01-16 12:00:00,2023-01-16 13:00:00,0.14547
Netherlands,NLD,2023-01-16 13:00:00,2023-01-16 14:00:00,0.1461
Netherlands,NLD,2023-01-16 14:00:00,2023-01-16 15:00:00,0.1499
Netherlands,NLD,2023-01-16 15:00:00,2023-01-16 16:00:00,0.15145
Netherlands,NLD,2023-01-16 16:00:00,2023-01-16 17:00:00,0.16679
Netherlands,NLD,2023-01-16 17:00:00,2023-01-16 18:00:00,0.17371999999999999
Netherlands,NLD,2023-01-16 18:00:00,2023-01-16 19:00:00,0.1505
Netherlands,NLD,2023-01-16 19:00:00,2023-01-16 20:00:00,0.1459
Netherlands,NLD,2023-01-16 20:00:00,2023-01-16 21:00:00,0.13197
Netherlands,NLD,2023-01-16 21:00:00,2023-01-16 22:00:00,0.12731
Netherlands,NLD,2023-01-16 22:00:00,2023-01-16 23:00:00,0.12
Netherlands,NLD,2023-01-16 23:00:00,2023-01-17 00:00:00,0.10119
Netherlands,NLD,2023-01-17 00:00:00,2023-01-17 01:00:00,0.09545000000000001
Netherlands,NLD,2023-01-17 01:00:00,2023-01-17 02:00:00,0.09798
Netherlands,NLD,2023-01-17 02:00:00,2023-01-17 03:00:00,0.1
Netherlands,NLD,2023-01-17 03:00:00,2023-01-17 04:00:00,0.10109
Netherlands,NLD,2023-01-17 04:00:00,2023-01-17 05:00:00,0.11355
Netherlands,NLD,2023-01-17 05:00:00,2023-01-17 06:00:00,0.13105
Netherlands,NLD,2023-01-17 06:00:00,2023-01-17 07:00:00,0.1408
Netherlands,NLD,2023-01-17 07:00:00,2023-01-17 08:00:00,0.2
Netherlands,NLD,2023-01-17 08:00:00,2023-01-17 09:00:00,0.2328
Netherlands,NLD,2023-01-17 09:00:00,2023-01-17 10:00:00,0.12891999999999998
Netherlands,NLD,2023-01-17 10:00:00,2023-01-17 11:00:00,0.12
Netherlands,NLD,2023-01-17 11:00:00,2023-01-17 12:00:00,0.11595
Netherlands,NLD,2023-01-17 12:00:00,2023-01-17 13:00:00,0.1129
Netherlands,NLD,2023-01-17 13:00:00,2023-01-17 14:00:00,0.11593
Netherlands,NLD,2023-01-17 14:00:00,2023-01-17 15:00:00,0.14772
Netherlands,NLD,2023-01-17 15:00:00,2023-01-17 16:00:00,0.171
Netherlands,NLD,2023-01-17 16:00:00,2023-01-17 17:00:00,0.18472999999999998
Netherlands,NLD,2023-01-17 17:00:00,2023-01-17 18:00:00,0.16219
Netherlands,NLD,2023-01-17 18:00:00,2023-01-17 19:00:00,0.15009999999999998
Netherlands,NLD,2023-01-17 19:00:00,2023-01-17 20:00:00,0.14443
Netherlands,NLD,2023-01-17 20:00:00,2023-01-17 21:00:00,0.14141
Netherlands,NLD,2023-01-17 21:00:00,2023-01-17 22:00:00,0.1328
Netherlands,NLD,2023-01-17 22:00:00,2023-01-17 23:00:00,0.13140000000000002
Netherlands,NLD,2023-01-17 23:00:00,2023-01-18 00:00:00,0.1198
Netherlands,NLD,2023-01-18 00:00:00,2023-01-18 01:00:00,0.1201
Netherlands,NLD,2023-01-18 01:00:00,2023-01-18 02:00:00,0.12390000000000001
Netherlands,NLD,2023-01-18 02:00:00,2023-01-18 03:00:00,0.12287000000000001
Netherlands,NLD,2023-01-18 03:00:00,2023-01-18 04:00:00,0.12048
Netherlands,NLD,2023-01-18 04:00:00,2023-01-18 05:00:00,0.12190999999999999
Netherlands,NLD,2023-01-18 05:00:00,2023-01-18 06:00:00,0.13038999999999998
Netherlands,NLD,2023-01-18 06:00:00,2023-01-18 07:00:00,0.1664
Netherlands,NLD,2023-01-18 07:00:00,2023-01-18 08:00:00,0.1815
Netherlands,NLD,2023-01-18 08:00:00,2023-01-18 09:00:00,0.17656
Netherlands,NLD,2023-01-18 09:00:00,2023-01-18 10:00:00,0.14
Netherlands,NLD,2023-01-18 10:00:00,2023-01-18 11:00:00,0.12304999999999999
Netherlands,NLD,2023-01-18 11:00:00,2023-01-18 12:00:00,0.11931
Netherlands,NLD,2023-01-18 12:00:00,2023-01-18 13:00:00,0.11575
Netherlands,NLD,2023-01-18 13:00:00,2023-01-18 14:00:00,0.11708
Netherlands,NLD,2023-01-18 14:00:00,2023-01-18 15:00:00,0.14
Netherlands,NLD,2023-01-18 15:00:00,2023-01-18 16:00:00,0.14797
Netherlands,NLD,2023-01-18 16:00:00,2023-01-18 17:00:00,0.16
Netherlands,NLD,2023-01-18 17:00:00,2023-01-18 18:00:00,0.12708
Netherlands,NLD,2023-01-18 18:00:00,2023-01-18 19:00:00,0.12307
Netherlands,NLD,2023-01-18 19:00:00,2023-01-18 20:00:00,0.11709
Netherlands,NLD,2023-01-18 20:00:00,2023-01-18 21:00:00,0.1199
Netherlands,NLD,2023-01-18 21:00:00,2023-01-18 22:00:00,0.11751
Netherlands,NLD,2023-01-18 22:00:00,2023-01-18 23:00:00,0.11145999999999999
Netherlands,NLD,2023-01-18 23:00:00,2023-01-19 00:00:00,0.11153
Netherlands,NLD,2023-01-19 00:00:00,2023-01-19 01:00:00,0.10698
Netherlands,NLD,2023-01-19 01:00:00,2023-01-19 02:00:00,0.10497
Netherlands,NLD,2023-01-19 02:00:00,2023-01-19 03:00:00,0.10172
Netherlands,NLD,2023-01-19 03:00:00,2023-01-19 04:00:00,0.10723
Netherlands,NLD,2023-01-19 04:00:00,2023-01-19 05:00:00,0.11462
Netherlands,NLD,2023-01-19 05:00:00,2023-01-19 06:00:00,0.11894
Netherlands,NLD,2023-01-19 06:00:00,2023-01-19 07:00:00,0.15990000000000001
Netherlands,NLD,2023-01-19 07:00:00,2023-01-19 08:00:00,0.164
Netherlands,NLD,2023-01-19 08:00:00,2023-01-19 09:00:00,0.17169
Netherlands,NLD,2023-01-19 09:00:00,2023-01-19 10:00:00,0.139
Netherlands,NLD,2023-01-19 10:00:00,2023-01-19 11:00:00,0.13635
Netherlands,NLD,2023-01-19 11:00:00,2023-01-19 12:00:00,0.1296
Netherlands,NLD,2023-01-19 12:00:00,2023-01-19 13:00:00,0.15487
Netherlands,NLD,2023-01-19 13:00:00,2023-01-19 14:00:00,0.16049000000000002
Netherlands,NLD,2023-01-19 14:00:00,2023-01-19 15:00:00,0.17596
Netherlands,NLD,2023-01-19 15:00:00,2023-01-19 16:00:00,0.18628999999999998
Netherlands,NLD,2023-01-19 16:00:00,2023-01-19 17:00:00,0.20394
Netherlands,NLD,2023-01-19 17:00:00,2023-01-19 18:00:00,0.19757
Netherlands,NLD,2023-01-19 18:00:00,2023-01-19 19:00:00,0.17143
Netherlands,NLD,2023-01-19 19:00:00,2023-01-19 20:00:00,0.15
Netherlands,NLD,2023-01-19 20:00:00,2023-01-19 21:00:00,0.14841
Netherlands,NLD,2023-01-19 21:00:00,2023-01-19 22:00:00,0.14934
Netherlands,NLD,2023-01-19 22:00:00,2023-01-19 23:00:00,0.139
Netherlands,NLD,2023-01-19 23:00:00,2023-01-20 00:00:00,0.1499
Netherlands,NLD,2023-01-20 00:00:00,2023-01-20 01:00:00,0.1445
Netherlands,NLD,2023-01-20 01:00:00,2023-01-20 02:00:00,0.14244
Netherlands,NLD,2023-01-20 02:00:00,2023-01-20 03:00:00,0.1428
Netherlands,NLD,2023-01-20 03:00:00,2023-01-20 04:00:00,0.14498
Netherlands,NLD,2023-01-20 04:00:00,2023-01-20 05:00:00,0.15001
Netherlands,NLD,2023-01-20 05:00:00,2023-01-20 06:00:00,0.1699
Netherlands,NLD,2023-01-20 06:00:00,2023-01-20 07:00:00,0.20807
Netherlands,NLD,2023-01-20 07:00:00,2023-01-20 08:00:00,0.23506
Netherlands,NLD,2023-01-20 08:00:00,2023-01-20 09:00:00,0.22169999999999998
Netherlands,NLD,2023-01-20 09:00:00,2023-01-20 10:00:00,0.20977
Netherlands,NLD,2023-01-20 10:00:00,2023-01-20 11:00:00,0.19942
Netherlands,NLD,2023-01-20 11:00:00,2023-01-20 12:00:00,0.18749000000000002
Netherlands,NLD,2023-01-20 12:00:00,2023-01-20 13:00:00,0.18162
Netherlands,NLD,2023-01-20 13:00:00,2023-01-20 14:00:00,0.17959999999999998
Netherlands,NLD,2023-01-20 14:00:00,2023-01-20 15:00:00,0.192
Netherlands,NLD,2023-01-20 15:00:00,2023-01-20 16:00:00,0.2
Netherlands,NLD,2023-01-20 16:00:00,2023-01-20 17:00:00,0.20822
Netherlands,NLD,2023-01-20 17:00:00,2023-01-20 18:00:00,0.2084
Netherlands,NLD,2023-01-20 18:00:00,2023-01-20 19:00:00,0.18368
Netherlands,NLD,2023-01-20 19:00:00,2023-01-20 20:00:00,0.15139
Netherlands,NLD,2023-01-20 20:00:00,2023-01-20 21:00:00,0.15530000000000002
Netherlands,NLD,2023-01-20 21:00:00,2023-01-20 22:00:00,0.15365
Netherlands,NLD,2023-01-20 22:00:00,2023-01-20 23:00:00,0.14755000000000001
Netherlands,NLD,2023-01-20 23:00:00,2023-01-21 00:00:00,0.1522
Netherlands,NLD,2023-01-21 00:00:00,2023-01-21 01:00:00,0.14786000000000002
Netherlands,NLD,2023-01-21 01:00:00,2023-01-21 02:00:00,0.14221999999999999
Netherlands,NLD,2023-01-21 02:00:00,2023-01-21 03:00:00,0.13588
Netherlands,NLD,2023-01-21 03:00:00,2023-01-21 04:00:00,0.13291
Netherlands,NLD,2023-01-21 04:00:00,2023-01-21 05:00:00,0.13484000000000002
Netherlands,NLD,2023-01-21 05:00:00,2023-01-21 06:00:00,0.1315
Netherlands,NLD,2023-01-21 06:00:00,2023-01-21 07:00:00,0.14077
Netherlands,NLD,2023-01-21 07:00:00,2023-01-21 08:00:00,0.15525999999999998
Netherlands,NLD,2023-01-21 08:00:00,2023-01-21 09:00:00,0.17184
Netherlands,NLD,2023-01-21 09:00:00,2023-01-21 10:00:00,0.17001
Netherlands,NLD,2023-01-21 10:00:00,2023-01-21 11:00:00,0.15694
Netherlands,NLD,2023-01-21 11:00:00,2023-01-21 12:00:00,0.14790999999999999
Netherlands,NLD,2023-01-21 12:00:00,2023-01-21 13:00:00,0.13702
Netherlands,NLD,2023-01-21 13:00:00,2023-01-21 14:00:00,0.13658
Netherlands,NLD,2023-01-21 14:00:00,2023-01-21 15:00:00,0.1359
Netherlands,NLD,2023-01-21 15:00:00,2023-01-21 16:00:00,0.14422
Netherlands,NLD,2023-01-21 16:00:00,2023-01-21 17:00:00,0.17392
Netherlands,NLD,2023-01-21 17:00:00,2023-01-21 18:00:00,0.17962
Netherlands,NLD,2023-01-21 18:00:00,2023-01-21 19:00:00,0.15941
Netherlands,NLD,2023-01-21 19:00:00,2023-01-21 20:00:00,0.16588
Netherlands,NLD,2023-01-21 20:00:00,2023-01-21 21:00:00,0.14774
Netherlands,NLD,2023-01-21 21:00:00,2023-01-21 22:00:00,0.14386000000000002
Netherlands,NLD,2023-01-21 22:00:00,2023-01-21 23:00:00,0.13258
Netherlands,NLD,2023-01-21 23:00:00,2023-01-22 00:00:00,0.14
Netherlands,NLD,2023-01-22 00:00:00,2023-01-22 01:00:00,0.12294
Netherlands,NLD,2023-01-22 01:00:00,2023-01-22 02:00:00,0.127
Netherlands,NLD,2023-01-22 02:00:00,2023-01-22 03:00:00,0.13099
Netherlands,NLD,2023-01-22 03:00:00,2023-01-22 04:00:00,0.12212
Netherlands,NLD,2023-01-22 04:00:00,2023-01-22 05:00:00,0.12168000000000001
Netherlands,NLD,2023-01-22 05:00:00,2023-01-22 06:00:00,0.13238999999999998
Netherlands,NLD,2023-01-22 06:00:00,2023-01-22 07:00:00,0.1276
Netherlands,NLD,2023-01-22 07:00:00,2023-01-22 08:00:00,0.1399
Netherlands,NLD,2023-01-22 08:00:00,2023-01-22 09:00:00,0.15071
Netherlands,NLD,2023-01-22 09:00:00,2023-01-22 10:00:00,0.1464
Netherlands,NLD,2023-01-22 10:00:00,2023-01-22 11:00:00,0.15309999999999999
Netherlands,NLD,2023-01-22 11:00:00,2023-01-22 12:00:00,0.1463
Netherlands,NLD,2023-01-22 12:00:00,2023-01-22 13:00:00,0.15
Netherlands,NLD,2023-01-22 13:00:00,2023-01-22 14:00:00,0.1549
Netherlands,NLD,2023-01-22 14:00:00,2023-01-22 15:00:00,0.15749000000000002
Netherlands,NLD,2023-01-22 15:00:00,2023-01-22 16:00:00,0.17103
Netherlands,NLD,2023-01-22 16:00:00,2023-01-22 17:00:00,0.19199000000000002
Netherlands,NLD,2023-01-22 17:00:00,2023-01-22 18:00:00,0.20366
Netherlands,NLD,2023-01-22 18:00:00,2023-01-22 19:00:00,0.19758
Netherlands,NLD,2023-01-22 19:00:00,2023-01-22 20:00:00,0.17087
Netherlands,NLD,2023-01-22 20:00:00,2023-01-22 21:00:00,0.1664
Netherlands,NLD,2023-01-22 21:00:00,2023-01-22 22:00:00,0.15725
Netherlands,NLD,2023-01-22 22:00:00,2023-01-22 23:00:00,0.14830000000000002
Netherlands,NLD,2023-01-22 23:00:00,2023-01-23 00:00:00,0.14924
Netherlands,NLD,2023-01-23 00:00:00,2023-01-23 01:00:00,0.149
Netherlands,NLD,2023-01-23 01:00:00,2023-01-23 02:00:00,0.1484
Netherlands,NLD,2023-01-23 02:00:00,2023-01-23 03:00:00,0.14759
Netherlands,NLD,2023-01-23 03:00:00,2023-01-23 04:00:00,0.14830000000000002
Netherlands,NLD,2023-01-23 04:00:00,2023-01-23 05:00:00,0.1449
Netherlands,NLD,2023-01-23 05:00:00,2023-01-23 06:00:00,0.1899
Netherlands,NLD,2023-01-23 06:00:00,2023-01-23 07:00:00,0.22654
Netherlands,NLD,2023-01-23 07:00:00,2023-01-23 08:00:00,0.25791000000000003
Netherlands,NLD,2023-01-23 08:00:00,2023-01-23 09:00:00,0.2702
Netherlands,NLD,2023-01-23 09:00:00,2023-01-23 10:00:00,0.2499
Netherlands,NLD,2023-01-23 10:00:00,2023-01-23 11:00:00,0.2302
Netherlands,NLD,2023-01-23 11:00:00,2023-01-23 12:00:00,0.22093000000000002
Netherlands,NLD,2023-01-23 12:00:00,2023-01-23 13:00:00,0.21916
Netherlands,NLD,2023-01-23 13:00:00,2023-01-23 14:00:00,0.21966999999999998
Netherlands,NLD,2023-01-23 14:00:00,2023-01-23 15:00:00,0.21899000000000002
Netherlands,NLD,2023-01-23 15:00:00,2023-01-23 16:00:00,0.22458
Netherlands,NLD,2023-01-23 16:00:00,2023-01-23 17:00:00,0.2489
Netherlands,NLD,2023-01-23 17:00:00,2023-01-23 18:00:00,0.24806999999999998
Netherlands,NLD,2023-01-23 18:00:00,2023-01-23 19:00:00,0.22319
Netherlands,NLD,2023-01-23 19:00:00,2023-01-23 20:00:00,0.20138999999999999
Netherlands,NLD,2023-01-23 20:00:00,2023-01-23 21:00:00,0.18395
Netherlands,NLD,2023-01-23 21:00:00,2023-01-23 22:00:00,0.1676
Netherlands,NLD,2023-01-23 22:00:00,2023-01-23 23:00:00,0.15700999999999998
Netherlands,NLD,2023-01-23 23:00:00,2023-01-24 00:00:00,0.16485
Netherlands,NLD,2023-01-24 00:00:00,2023-01-24 01:00:00,0.16005
Netherlands,NLD,2023-01-24 01:00:00,2023-01-24 02:00:00,0.1459
Netherlands,NLD,2023-01-24 02:00:00,2023-01-24 03:00:00,0.1424
Netherlands,NLD,2023-01-24 03:00:00,2023-01-24 04:00:00,0.15362
Netherlands,NLD,2023-01-24 04:00:00,2023-01-24 05:00:00,0.15669999999999998
Netherlands,NLD,2023-01-24 05:00:00,2023-01-24 06:00:00,0.18361000000000002
Netherlands,NLD,2023-01-24 06:00:00,2023-01-24 07:00:00,0.21006
Netherlands,NLD,2023-01-24 07:00:00,2023-01-24 08:00:00,0.2511
Netherlands,NLD,2023-01-24 08:00:00,2023-01-24 09:00:00,0.25643
Netherlands,NLD,2023-01-24 09:00:00,2023-01-24 10:00:00,0.23865999999999998
Netherlands,NLD,2023-01-24 10:00:00,2023-01-24 11:00:00,0.22996
Netherlands,NLD,2023-01-24 11:00:00,2023-01-24 12:00:00,0.21785
Netherlands,NLD,2023-01-24 12:00:00,2023-01-24 13:00:00,0.20599
Netherlands,NLD,2023-01-24 13:00:00,2023-01-24 14:00:00,0.21528
Netherlands,NLD,2023-01-24 14:00:00,2023-01-24 15:00:00,0.21797999999999998
Netherlands,NLD,2023-01-24 15:00:00,2023-01-24 16:00:00,0.22458
Netherlands,NLD,2023-01-24 16:00:00,2023-01-24 17:00:00,0.25
Netherlands,NLD,2023-01-24 17:00:00,2023-01-24 18:00:00,0.25
Netherlands,NLD,2023-01-24 18:00:00,2023-01-24 19:00:00,0.23113999999999998
Netherlands,NLD,2023-01-24 19:00:00,2023-01-24 20:00:00,0.20729
Netherlands,NLD,2023-01-24 20:00:00,2023-01-24 21:00:00,0.18275
Netherlands,NLD,2023-01-24 21:00:00,2023-01-24 22:00:00,0.1499
Netherlands,NLD,2023-01-24 22:00:00,2023-01-24 23:00:00,0.14734
Netherlands,NLD,2023-01-24 23:00:00,2023-01-25 00:00:00,0.1382
Netherlands,NLD,2023-01-25 00:00:00,2023-01-25 01:00:00,0.14618
Netherlands,NLD,2023-01-25 01:00:00,2023-01-25 02:00:00,0.14526
Netherlands,NLD,2023-01-25 02:00:00,2023-01-25 03:00:00,0.1467
Netherlands,NLD,2023-01-25 03:00:00,2023-01-25 04:00:00,0.1468
Netherlands,NLD,2023-01-25 04:00:00,2023-01-25 05:00:00,0.1509
Netherlands,NLD,2023-01-25 05:00:00,2023-01-25 06:00:00,0.16
Netherlands,NLD,2023-01-25 06:00:00,2023-01-25 07:00:00,0.19546
Netherlands,NLD,2023-01-25 07:00:00,2023-01-25 08:00:00,0.22504
Netherlands,NLD,2023-01-25 08:00:00,2023-01-25 09:00:00,0.225
Netherlands,NLD,2023-01-25 09:00:00,2023-01-25 10:00:00,0.21242
Netherlands,NLD,2023-01-25 10:00:00,2023-01-25 11:00:00,0.20098
Netherlands,NLD,2023-01-25 11:00:00,2023-01-25 12:00:00,0.19319999999999998
Netherlands,NLD,2023-01-25 12:00:00,2023-01-25 13:00:00,0.18519999999999998
Netherlands,NLD,2023-01-25 13:00:00,2023-01-25 14:00:00,0.19080000000000003
Netherlands,NLD,2023-01-25 14:00:00,2023-01-25 15:00:00,0.1973
Netherlands,NLD,2023-01-25 15:00:00,2023-01-25 16:00:00,0.19919
Netherlands,NLD,2023-01-25 16:00:00,2023-01-25 17:00:00,0.20635
Netherlands,NLD,2023-01-25 17:00:00,2023-01-25 18:00:00,0.2001
Netherlands,NLD,2023-01-25 18:00:00,2023-01-25 19:00:00,0.17041
Netherlands,NLD,2023-01-25 19:00:00,2023-01-25 20:00:00,0.15
Netherlands,NLD,2023-01-25 20:00:00,2023-01-25 21:00:00,0.1443
Netherlands,NLD,2023-01-25 21:00:00,2023-01-25 22:00:00,0.14508000000000001
Netherlands,NLD,2023-01-25 22:00:00,2023-01-25 23:00:00,0.135
Netherlands,NLD,2023-01-25 23:00:00,2023-01-26 00:00:00,0.15
Netherlands,NLD,2023-01-26 00:00:00,2023-01-26 01:00:00,0.12938
Netherlands,NLD,2023-01-26 01:00:00,2023-01-26 02:00:00,0.12847999999999998
Netherlands,NLD,2023-01-26 02:00:00,2023-01-26 03:00:00,0.12661
Netherlands,NLD,2023-01-26 03:00:00,2023-01-26 04:00:00,0.12894
Netherlands,NLD,2023-01-26 04:00:00,2023-01-26 05:00:00,0.124
Netherlands,NLD,2023-01-26 05:00:00,2023-01-26 06:00:00,0.16038999999999998
Netherlands,NLD,2023-01-26 06:00:00,2023-01-26 07:00:00,0.18249
Netherlands,NLD,2023-01-26 07:00:00,2023-01-26 08:00:00,0.19895
Netherlands,NLD,2023-01-26 08:00:00,2023-01-26 09:00:00,0.19906000000000001
Netherlands,NLD,2023-01-26 09:00:00,2023-01-26 10:00:00,0.19238
Netherlands,NLD,2023-01-26 10:00:00,2023-01-26 11:00:00,0.1401
Netherlands,NLD,2023-01-26 11:00:00,2023-01-26 12:00:00,0.13644
Netherlands,NLD,2023-01-26 12:00:00,2023-01-26 13:00:00,0.13
Netherlands,NLD,2023-01-26 13:00:00,2023-01-26 14:00:00,0.12796
Netherlands,NLD,2023-01-26 14:00:00,2023-01-26 15:00:00,0.13548
Netherlands,NLD,2023-01-26 15:00:00,2023-01-26 16:00:00,0.153
Netherlands,NLD,2023-01-26 16:00:00,2023-01-26 17:00:00,0.18619999999999998
Netherlands,NLD,2023-01-26 17:00:00,2023-01-26 18:00:00,0.15
Netherlands,NLD,2023-01-26 18:00:00,2023-01-26 19:00:00,0.13391999999999998
Netherlands,NLD,2023-01-26 19:00:00,2023-01-26 20:00:00,0.12849000000000002
Netherlands,NLD,2023-01-26 20:00:00,2023-01-26 21:00:00,0.1494
Netherlands,NLD,2023-01-26 21:00:00,2023-01-26 22:00:00,0.13
Netherlands,NLD,2023-01-26 22:00:00,2023-01-26 23:00:00,0.13
Netherlands,NLD,2023-01-26 23:00:00,2023-01-27 00:00:00,0.12412000000000001
Netherlands,NLD,2023-01-27 00:00:00,2023-01-27 01:00:00,0.11461
Netherlands,NLD,2023-01-27 01:00:00,2023-01-27 02:00:00,0.11974
Netherlands,NLD,2023-01-27 02:00:00,2023-01-27 03:00:00,0.116
Netherlands,NLD,2023-01-27 03:00:00,2023-01-27 04:00:00,0.12408
Netherlands,NLD,2023-01-27 04:00:00,2023-01-27 05:00:00,0.12726
Netherlands,NLD,2023-01-27 05:00:00,2023-01-27 06:00:00,0.1497
Netherlands,NLD,2023-01-27 06:00:00,2023-01-27 07:00:00,0.1761
Netherlands,NLD,2023-01-27 07:00:00,2023-01-27 08:00:00,0.195
Netherlands,NLD,2023-01-27 08:00:00,2023-01-27 09:00:00,0.19919
Netherlands,NLD,2023-01-27 09:00:00,2023-01-27 10:00:00,0.195
Netherlands,NLD,2023-01-27 10:00:00,2023-01-27 11:00:00,0.19
Netherlands,NLD,2023-01-27 11:00:00,2023-01-27 12:00:00,0.18306
Netherlands,NLD,2023-01-27 12:00:00,2023-01-27 13:00:00,0.18
Netherlands,NLD,2023-01-27 13:00:00,2023-01-27 14:00:00,0.1815
Netherlands,NLD,2023-01-27 14:00:00,2023-01-27 15:00:00,0.185
Netherlands,NLD,2023-01-27 15:00:00,2023-01-27 16:00:00,0.188
Netherlands,NLD,2023-01-27 16:00:00,2023-01-27 17:00:00,0.19805
Netherlands,NLD,2023-01-27 17:00:00,2023-01-27 18:00:00,0.2007
Netherlands,NLD,2023-01-27 18:00:00,2023-01-27 19:00:00,0.19369999999999998
Netherlands,NLD,2023-01-27 19:00:00,2023-01-27 20:00:00,0.18112999999999999
Netherlands,NLD,2023-01-27 20:00:00,2023-01-27 21:00:00,0.16186
Netherlands,NLD,2023-01-27 21:00:00,2023-01-27 22:00:00,0.14532
Netherlands,NLD,2023-01-27 22:00:00,2023-01-27 23:00:00,0.146
Netherlands,NLD,2023-01-27 23:00:00,2023-01-28 00:00:00,0.1399
Netherlands,NLD,2023-01-28 00:00:00,2023-01-28 01:00:00,0.135
Netherlands,NLD,2023-01-28 01:00:00,2023-01-28 02:00:00,0.13332
Netherlands,NLD,2023-01-28 02:00:00,2023-01-28 03:00:00,0.12947
Netherlands,NLD,2023-01-28 03:00:00,2023-01-28 04:00:00,0.12522
Netherlands,NLD,2023-01-28 04:00:00,2023-01-28 05:00:00,0.12282
Netherlands,NLD,2023-01-28 05:00:00,2023-01-28 06:00:00,0.1288
Netherlands,NLD,2023-01-28 06:00:00,2023-01-28 07:00:00,0.13626
Netherlands,NLD,2023-01-28 07:00:00,2023-01-28 08:00:00,0.14543
Netherlands,NLD,2023-01-28 08:00:00,2023-01-28 09:00:00,0.16013999999999998
Netherlands,NLD,2023-01-28 09:00:00,2023-01-28 10:00:00,0.16155
Netherlands,NLD,2023-01-28 10:00:00,2023-01-28 11:00:00,0.15392
Netherlands,NLD,2023-01-28 11:00:00,2023-01-28 12:00:00,0.126
Netherlands,NLD,2023-01-28 12:00:00,2023-01-28 13:00:00,0.1199
Netherlands,NLD,2023-01-28 13:00:00,2023-01-28 14:00:00,0.12990000000000002
Netherlands,NLD,2023-01-28 14:00:00,2023-01-28 15:00:00,0.123
Netherlands,NLD,2023-01-28 15:00:00,2023-01-28 16:00:00,0.15427000000000002
Netherlands,NLD,2023-01-28 16:00:00,2023-01-28 17:00:00,0.16493
Netherlands,NLD,2023-01-28 17:00:00,2023-01-28 18:00:00,0.168
Netherlands,NLD,2023-01-28 18:00:00,2023-01-28 19:00:00,0.15
Netherlands,NLD,2023-01-28 19:00:00,2023-01-28 20:00:00,0.13894
Netherlands,NLD,2023-01-28 20:00:00,2023-01-28 21:00:00,0.14384
Netherlands,NLD,2023-01-28 21:00:00,2023-01-28 22:00:00,0.1396
Netherlands,NLD,2023-01-28 22:00:00,2023-01-28 23:00:00,0.12409999999999999
Netherlands,NLD,2023-01-28 23:00:00,2023-01-29 00:00:00,0.1504
Netherlands,NLD,2023-01-29 00:00:00,2023-01-29 01:00:00,0.13903000000000001
Netherlands,NLD,2023-01-29 01:00:00,2023-01-29 02:00:00,0.1194
Netherlands,NLD,2023-01-29 02:00:00,2023-01-29 03:00:00,0.12522
Netherlands,NLD,2023-01-29 03:00:00,2023-01-29 04:00:00,0.12376000000000001
Netherlands,NLD,2023-01-29 04:00:00,2023-01-29 05:00:00,0.12358
Netherlands,NLD,2023-01-29 05:00:00,2023-01-29 06:00:00,0.12584
Netherlands,NLD,2023-01-29 06:00:00,2023-01-29 07:00:00,0.13322
Netherlands,NLD,2023-01-29 07:00:00,2023-01-29 08:00:00,0.14787
Netherlands,NLD,2023-01-29 08:00:00,2023-01-29 09:00:00,0.1499
Netherlands,NLD,2023-01-29 09:00:00,2023-01-29 10:00:00,0.15480000000000002
Netherlands,NLD,2023-01-29 10:00:00,2023-01-29 11:00:00,0.122
Netherlands,NLD,2023-01-29 11:00:00,2023-01-29 12:00:00,0.132
Netherlands,NLD,2023-01-29 12:00:00,2023-01-29 13:00:00,0.12079999999999999
Netherlands,NLD,2023-01-29 13:00:00,2023-01-29 14:00:00,0.12127
Netherlands,NLD,2023-01-29 14:00:00,2023-01-29 15:00:00,0.12537
Netherlands,NLD,2023-01-29 15:00:00,2023-01-29 16:00:00,0.13
Netherlands,NLD,2023-01-29 16:00:00,2023-01-29 17:00:00,0.15580000000000002
Netherlands,NLD,2023-01-29 17:00:00,2023-01-29 18:00:00,0.1499
Netherlands,NLD,2023-01-29 18:00:00,2023-01-29 19:00:00,0.118
Netherlands,NLD,2023-01-29 19:00:00,2023-01-29 20:00:00,0.12
Netherlands,NLD,2023-01-29 20:00:00,2023-01-29 21:00:00,0.10161
Netherlands,NLD,2023-01-29 21:00:00,2023-01-29 22:00:00,0.098
Netherlands,NLD,2023-01-29 22:00:00,2023-01-29 23:00:00,0.07311
Netherlands,NLD,2023-01-29 23:00:00,2023-01-30 00:00:00,0.04967
Netherlands,NLD,2023-01-30 00:00:00,2023-01-30 01:00:00,0.009460000000000001
Netherlands,NLD,2023-01-30 01:00:00,2023-01-30 02:00:00,0.00507
Netherlands,NLD,2023-01-30 02:00:00,2023-01-30 03:00:00,0.0020299999999999997
Netherlands,NLD,2023-01-30 03:00:00,2023-01-30 04:00:00,0.00903
Netherlands,NLD,2023-01-30 04:00:00,2023-01-30 05:00:00,0.0375
Netherlands,NLD,2023-01-30 05:00:00,2023-01-30 06:00:00,0.08876
Netherlands,NLD,2023-01-30 06:00:00,2023-01-30 07:00:00,0.15
Netherlands,NLD,2023-01-30 07:00:00,2023-01-30 08:00:00,0.182
Netherlands,NLD,2023-01-30 08:00:00,2023-01-30 09:00:00,0.142
Netherlands,NLD,2023-01-30 09:00:00,2023-01-30 10:00:00,0.10349
Netherlands,NLD,2023-01-30 10:00:00,2023-01-30 11:00:00,0.08823
Netherlands,NLD,2023-01-30 11:00:00,2023-01-30 12:00:00,0.0849
Netherlands,NLD,2023-01-30 12:00:00,2023-01-30 13:00:00,0.08338
Netherlands,NLD,2023-01-30 13:00:00,2023-01-30 14:00:00,0.08755
Netherlands,NLD,2023-01-30 14:00:00,2023-01-30 15:00:00,0.09992
Netherlands,NLD,2023-01-30 15:00:00,2023-01-30 16:00:00,0.12
Netherlands,NLD,2023-01-30 16:00:00,2023-01-30 17:00:00,0.1675
Netherlands,NLD,2023-01-30 17:00:00,2023-01-30 18:00:00,0.18
Netherlands,NLD,2023-01-30 18:00:00,2023-01-30 19:00:00,0.18
Netherlands,NLD,2023-01-30 19:00:00,2023-01-30 20:00:00,0.171
Netherlands,NLD,2023-01-30 20:00:00,2023-01-30 21:00:00,0.15
Netherlands,NLD,2023-01-30 21:00:00,2023-01-30 22:00:00,0.1499
Netherlands,NLD,2023-01-30 22:00:00,2023-01-30 23:00:00,0.1373
Netherlands,NLD,2023-01-30 23:00:00,2023-01-31 00:00:00,0.15180000000000002
Netherlands,NLD,2023-01-31 00:00:00,2023-01-31 01:00:00,0.10662999999999999
Netherlands,NLD,2023-01-31 01:00:00,2023-01-31 02:00:00,0.10862999999999999
Netherlands,NLD,2023-01-31 02:00:00,2023-01-31 03:00:00,0.10296999999999999
Netherlands,NLD,2023-01-31 03:00:00,2023-01-31 04:00:00,0.10579999999999999
Netherlands,NLD,2023-01-31 04:00:00,2023-01-31 05:00:00,0.10990000000000001
Netherlands,NLD,2023-01-31 05:00:00,2023-01-31 06:00:00,0.14135
Netherlands,NLD,2023-01-31 06:00:00,2023-01-31 07:00:00,0.17144
Netherlands,NLD,2023-01-31 07:00:00,2023-01-31 08:00:00,0.18280000000000002
Netherlands,NLD,2023-01-31 08:00:00,2023-01-31 09:00:00,0.1705
Netherlands,NLD,2023-01-31 09:00:00,2023-01-31 10:00:00,0.1653
Netherlands,NLD,2023-01-31 10:00:00,2023-01-31 11:00:00,0.146
Netherlands,NLD,2023-01-31 11:00:00,2023-01-31 12:00:00,0.11867
Netherlands,NLD,2023-01-31 12:00:00,2023-01-31 13:00:00,0.11306000000000001
Netherlands,NLD,2023-01-31 13:00:00,2023-01-31 14:00:00,0.11359
Netherlands,NLD,2023-01-31 14:00:00,2023-01-31 15:00:00,0.125
Netherlands,NLD,2023-01-31 15:00:00,2023-01-31 16:00:00,0.1414
Netherlands,NLD,2023-01-31 16:00:00,2023-01-31 17:00:00,0.16637000000000002
Netherlands,NLD,2023-01-31 17:00:00,2023-01-31 18:00:00,0.2
Netherlands,NLD,2023-01-31 18:00:00,2023-01-31 19:00:00,0.14793
Netherlands,NLD,2023-01-31 19:00:00,2023-01-31 20:00:00,0.1243
Netherlands,NLD,2023-01-31 20:00:00,2023-01-31 21:00:00,0.1276
Netherlands,NLD,2023-01-31 21:00:00,2023-01-31 22:00:00,0.1227
Netherlands,NLD,2023-01-31 22:00:00,2023-01-31 23:00:00,0.08752
Netherlands,NLD,2023-01-31 23:00:00,2023-02-01 00:00:00,0.08503
Netherlands,NLD,2023-02-01 00:00:00,2023-02-01 01:00:00,0.08002
Netherlands,NLD,2023-02-01 01:00:00,2023-02-01 02:00:00,0.07167
Netherlands,NLD,2023-02-01 02:00:00,2023-02-01 03:00:00,0.07105
Netherlands,NLD,2023-02-01 03:00:00,2023-02-01 04:00:00,0.07920999999999999
Netherlands,NLD,2023-02-01 04:00:00,2023-02-01 05:00:00,0.08393
Netherlands,NLD,2023-02-01 05:00:00,2023-02-01 06:00:00,0.0995
Netherlands,NLD,2023-02-01 06:00:00,2023-02-01 07:00:00,0.13
Netherlands,NLD,2023-02-01 07:00:00,2023-02-01 08:00:00,0.16369999999999998
Netherlands,NLD,2023-02-01 08:00:00,2023-02-01 09:00:00,0.1201
Netherlands,NLD,2023-02-01 09:00:00,2023-02-01 10:00:00,0.10851000000000001
Netherlands,NLD,2023-02-01 10:00:00,2023-02-01 11:00:00,0.10481
Netherlands,NLD,2023-02-01 11:00:00,2023-02-01 12:00:00,0.10263
Netherlands,NLD,2023-02-01 12:00:00,2023-02-01 13:00:00,0.10179
Netherlands,NLD,2023-02-01 13:00:00,2023-02-01 14:00:00,0.10158
Netherlands,NLD,2023-02-01 14:00:00,2023-02-01 15:00:00,0.10182
Netherlands,NLD,2023-02-01 15:00:00,2023-02-01 16:00:00,0.13
Netherlands,NLD,2023-02-01 16:00:00,2023-02-01 17:00:00,0.16762
Netherlands,NLD,2023-02-01 17:00:00,2023-02-01 18:00:00,0.17969
Netherlands,NLD,2023-02-01 18:00:00,2023-02-01 19:00:00,0.126
Netherlands,NLD,2023-02-01 19:00:00,2023-02-01 20:00:00,0.10088
Netherlands,NLD,2023-02-01 20:00:00,2023-02-01 21:00:00,0.117
Netherlands,NLD,2023-02-01 21:00:00,2023-02-01 22:00:00,0.0999
Netherlands,NLD,2023-02-01 22:00:00,2023-02-01 23:00:00,0.09490000000000001
Netherlands,NLD,2023-02-01 23:00:00,2023-02-02 00:00:00,0.08345999999999999
Netherlands,NLD,2023-02-02 00:00:00,2023-02-02 01:00:00,0.08996
Netherlands,NLD,2023-02-02 01:00:00,2023-02-02 02:00:00,0.08557
Netherlands,NLD,2023-02-02 02:00:00,2023-02-02 03:00:00,0.08827
Netherlands,NLD,2023-02-02 03:00:00,2023-02-02 04:00:00,0.09440000000000001
Netherlands,NLD,2023-02-02 04:00:00,2023-02-02 05:00:00,0.09992
Netherlands,NLD,2023-02-02 05:00:00,2023-02-02 06:00:00,0.11662
Netherlands,NLD,2023-02-02 06:00:00,2023-02-02 07:00:00,0.14096
Netherlands,NLD,2023-02-02 07:00:00,2023-02-02 08:00:00,0.17013
Netherlands,NLD,2023-02-02 08:00:00,2023-02-02 09:00:00,0.1782
Netherlands,NLD,2023-02-02 09:00:00,2023-02-02 10:00:00,0.17009
Netherlands,NLD,2023-02-02 10:00:00,2023-02-02 11:00:00,0.16721
Netherlands,NLD,2023-02-02 11:00:00,2023-02-02 12:00:00,0.15686000000000003
Netherlands,NLD,2023-02-02 12:00:00,2023-02-02 13:00:00,0.15274000000000001
Netherlands,NLD,2023-02-02 13:00:00,2023-02-02 14:00:00,0.16144
Netherlands,NLD,2023-02-02 14:00:00,2023-02-02 15:00:00,0.16338999999999998
Netherlands,NLD,2023-02-02 15:00:00,2023-02-02 16:00:00,0.16728
Netherlands,NLD,2023-02-02 16:00:00,2023-02-02 17:00:00,0.17817
Netherlands,NLD,2023-02-02 17:00:00,2023-02-02 18:00:00,0.18312
Netherlands,NLD,2023-02-02 18:00:00,2023-02-02 19:00:00,0.16741
Netherlands,NLD,2023-02-02 19:00:00,2023-02-02 20:00:00,0.14686000000000002
Netherlands,NLD,2023-02-02 20:00:00,2023-02-02 21:00:00,0.14354
Netherlands,NLD,2023-02-02 21:00:00,2023-02-02 22:00:00,0.13015000000000002
Netherlands,NLD,2023-02-02 22:00:00,2023-02-02 23:00:00,0.10629999999999999
Netherlands,NLD,2023-02-02 23:00:00,2023-02-03 00:00:00,0.11009999999999999
Netherlands,NLD,2023-02-03 00:00:00,2023-02-03 01:00:00,0.10299
Netherlands,NLD,2023-02-03 01:00:00,2023-02-03 02:00:00,0.09655
Netherlands,NLD,2023-02-03 02:00:00,2023-02-03 03:00:00,0.0901
Netherlands,NLD,2023-02-03 03:00:00,2023-02-03 04:00:00,0.0824
Netherlands,NLD,2023-02-03 04:00:00,2023-02-03 05:00:00,0.08902
Netherlands,NLD,2023-02-03 05:00:00,2023-02-03 06:00:00,0.10323
Netherlands,NLD,2023-02-03 06:00:00,2023-02-03 07:00:00,0.14712
Netherlands,NLD,2023-02-03 07:00:00,2023-02-03 08:00:00,0.17332
Netherlands,NLD,2023-02-03 08:00:00,2023-02-03 09:00:00,0.16659000000000002
Netherlands,NLD,2023-02-03 09:00:00,2023-02-03 10:00:00,0.1399
Netherlands,NLD,2023-02-03 10:00:00,2023-02-03 11:00:00,0.113
Netherlands,NLD,2023-02-03 11:00:00,2023-02-03 12:00:00,0.13
Netherlands,NLD,2023-02-03 12:00:00,2023-02-03 13:00:00,0.13119999999999998
Netherlands,NLD,2023-02-03 13:00:00,2023-02-03 14:00:00,0.14338
Netherlands,NLD,2023-02-03 14:00:00,2023-02-03 15:00:00,0.15
Netherlands,NLD,2023-02-03 15:00:00,2023-02-03 16:00:00,0.1499
Netherlands,NLD,2023-02-03 16:00:00,2023-02-03 17:00:00,0.184
Netherlands,NLD,2023-02-03 17:00:00,2023-02-03 18:00:00,0.19440000000000002
Netherlands,NLD,2023-02-03 18:00:00,2023-02-03 19:00:00,0.18
Netherlands,NLD,2023-02-03 19:00:00,2023-02-03 20:00:00,0.1667
Netherlands,NLD,2023-02-03 20:00:00,2023-02-03 21:00:00,0.181
Netherlands,NLD,2023-02-03 21:00:00,2023-02-03 22:00:00,0.1439
Netherlands,NLD,2023-02-03 22:00:00,2023-02-03 23:00:00,0.15300999999999998
Netherlands,NLD,2023-02-03 23:00:00,2023-02-04 00:00:00,0.15253
Netherlands,NLD,2023-02-04 00:00:00,2023-02-04 01:00:00,0.15990000000000001
Netherlands,NLD,2023-02-04 01:00:00,2023-02-04 02:00:00,0.12468000000000001
Netherlands,NLD,2023-02-04 02:00:00,2023-02-04 03:00:00,0.1245
Netherlands,NLD,2023-02-04 03:00:00,2023-02-04 04:00:00,0.12728
Netherlands,NLD,2023-02-04 04:00:00,2023-02-04 05:00:00,0.13129
Netherlands,NLD,2023-02-04 05:00:00,2023-02-04 06:00:00,0.13961
Netherlands,NLD,2023-02-04 06:00:00,2023-02-04 07:00:00,0.15631
Netherlands,NLD,2023-02-04 07:00:00,2023-02-04 08:00:00,0.16419
Netherlands,NLD,2023-02-04 08:00:00,2023-02-04 09:00:00,0.16983
Netherlands,NLD,2023-02-04 09:00:00,2023-02-04 10:00:00,0.16411
Netherlands,NLD,2023-02-04 10:00:00,2023-02-04 11:00:00,0.15638999999999997
Netherlands,NLD,2023-02-04 11:00:00,2023-02-04 12:00:00,0.14884
Netherlands,NLD,2023-02-04 12:00:00,2023-02-04 13:00:00,0.13337000000000002
Netherlands,NLD,2023-02-04 13:00:00,2023-02-04 14:00:00,0.13409000000000001
Netherlands,NLD,2023-02-04 14:00:00,2023-02-04 15:00:00,0.14161
Netherlands,NLD,2023-02-04 15:00:00,2023-02-04 16:00:00,0.15536000000000003
Netherlands,NLD,2023-02-04 16:00:00,2023-02-04 17:00:00,0.17029
Netherlands,NLD,2023-02-04 17:00:00,2023-02-04 18:00:00,0.18416
Netherlands,NLD,2023-02-04 18:00:00,2023-02-04 19:00:00,0.17996
Netherlands,NLD,2023-02-04 19:00:00,2023-02-04 20:00:00,0.16788
Netherlands,NLD,2023-02-04 20:00:00,2023-02-04 21:00:00,0.15813
Netherlands,NLD,2023-02-04 21:00:00,2023-02-04 22:00:00,0.15238
Netherlands,NLD,2023-02-04 22:00:00,2023-02-04 23:00:00,0.13663
Netherlands,NLD,2023-02-04 23:00:00,2023-02-05 00:00:00,0.14692
Netherlands,NLD,2023-02-05 00:00:00,2023-02-05 01:00:00,0.14111
Netherlands,NLD,2023-02-05 01:00:00,2023-02-05 02:00:00,0.14856
Netherlands,NLD,2023-02-05 02:00:00,2023-02-05 03:00:00,0.13061
Netherlands,NLD,2023-02-05 03:00:00,2023-02-05 04:00:00,0.1159
Netherlands,NLD,2023-02-05 04:00:00,2023-02-05 05:00:00,0.11323
Netherlands,NLD,2023-02-05 05:00:00,2023-02-05 06:00:00,0.11416
Netherlands,NLD,2023-02-05 06:00:00,2023-02-05 07:00:00,0.11558
Netherlands,NLD,2023-02-05 07:00:00,2023-02-05 08:00:00,0.11009999999999999
Netherlands,NLD,2023-02-05 08:00:00,2023-02-05 09:00:00,0.11184999999999999
Netherlands,NLD,2023-02-05 09:00:00,2023-02-05 10:00:00,0.10854000000000001
Netherlands,NLD,2023-02-05 10:00:00,2023-02-05 11:00:00,0.10707
Netherlands,NLD,2023-02-05 11:00:00,2023-02-05 12:00:00,0.10162
Netherlands,NLD,2023-02-05 12:00:00,2023-02-05 13:00:00,0.10069
Netherlands,NLD,2023-02-05 13:00:00,2023-02-05 14:00:00,0.10381
Netherlands,NLD,2023-02-05 14:00:00,2023-02-05 15:00:00,0.11525
Netherlands,NLD,2023-02-05 15:00:00,2023-02-05 16:00:00,0.12513
Netherlands,NLD,2023-02-05 16:00:00,2023-02-05 17:00:00,0.14756
Netherlands,NLD,2023-02-05 17:00:00,2023-02-05 18:00:00,0.17149
Netherlands,NLD,2023-02-05 18:00:00,2023-02-05 19:00:00,0.18533000000000002
Netherlands,NLD,2023-02-05 19:00:00,2023-02-05 20:00:00,0.17203
Netherlands,NLD,2023-02-05 20:00:00,2023-02-05 21:00:00,0.15367
Netherlands,NLD,2023-02-05 21:00:00,2023-02-05 22:00:00,0.15577000000000002
Netherlands,NLD,2023-02-05 22:00:00,2023-02-05 23:00:00,0.14418
Netherlands,NLD,2023-02-05 23:00:00,2023-02-06 00:00:00,0.145
Netherlands,NLD,2023-02-06 00:00:00,2023-02-06 01:00:00,0.14373
Netherlands,NLD,2023-02-06 01:00:00,2023-02-06 02:00:00,0.14543999999999999
Netherlands,NLD,2023-02-06 02:00:00,2023-02-06 03:00:00,0.14213
Netherlands,NLD,2023-02-06 03:00:00,2023-02-06 04:00:00,0.1401
Netherlands,NLD,2023-02-06 04:00:00,2023-02-06 05:00:00,0.14893
Netherlands,NLD,2023-02-06 05:00:00,2023-02-06 06:00:00,0.17567
Netherlands,NLD,2023-02-06 06:00:00,2023-02-06 07:00:00,0.20065
Netherlands,NLD,2023-02-06 07:00:00,2023-02-06 08:00:00,0.21339
Netherlands,NLD,2023-02-06 08:00:00,2023-02-06 09:00:00,0.20063
Netherlands,NLD,2023-02-06 09:00:00,2023-02-06 10:00:00,0.18508000000000002
Netherlands,NLD,2023-02-06 10:00:00,2023-02-06 11:00:00,0.16354
Netherlands,NLD,2023-02-06 11:00:00,2023-02-06 12:00:00,0.1298
Netherlands,NLD,2023-02-06 12:00:00,2023-02-06 13:00:00,0.12955
Netherlands,NLD,2023-02-06 13:00:00,2023-02-06 14:00:00,0.13548
Netherlands,NLD,2023-02-06 14:00:00,2023-02-06 15:00:00,0.14959999999999998
Netherlands,NLD,2023-02-06 15:00:00,2023-02-06 16:00:00,0.18180000000000002
Netherlands,NLD,2023-02-06 16:00:00,2023-02-06 17:00:00,0.19894
Netherlands,NLD,2023-02-06 17:00:00,2023-02-06 18:00:00,0.2135
Netherlands,NLD,2023-02-06 18:00:00,2023-02-06 19:00:00,0.20538
Netherlands,NLD,2023-02-06 19:00:00,2023-02-06 20:00:00,0.18621000000000001
Netherlands,NLD,2023-02-06 20:00:00,2023-02-06 21:00:00,0.16648
Netherlands,NLD,2023-02-06 21:00:00,2023-02-06 22:00:00,0.1525
Netherlands,NLD,2023-02-06 22:00:00,2023-02-06 23:00:00,0.154
Netherlands,NLD,2023-02-06 23:00:00,2023-02-07 00:00:00,0.14572
Netherlands,NLD,2023-02-07 00:00:00,2023-02-07 01:00:00,0.14212
Netherlands,NLD,2023-02-07 01:00:00,2023-02-07 02:00:00,0.14031
Netherlands,NLD,2023-02-07 02:00:00,2023-02-07 03:00:00,0.13936
Netherlands,NLD,2023-02-07 03:00:00,2023-02-07 04:00:00,0.1416
Netherlands,NLD,2023-02-07 04:00:00,2023-02-07 05:00:00,0.14343999999999998
Netherlands,NLD,2023-02-07 05:00:00,2023-02-07 06:00:00,0.17054
Netherlands,NLD,2023-02-07 06:00:00,2023-02-07 07:00:00,0.19803
Netherlands,NLD,2023-02-07 07:00:00,2023-02-07 08:00:00,0.21416
Netherlands,NLD,2023-02-07 08:00:00,2023-02-07 09:00:00,0.19185
Netherlands,NLD,2023-02-07 09:00:00,2023-02-07 10:00:00,0.16838
Netherlands,NLD,2023-02-07 10:00:00,2023-02-07 11:00:00,0.12576
Netherlands,NLD,2023-02-07 11:00:00,2023-02-07 12:00:00,0.12357
Netherlands,NLD,2023-02-07 12:00:00,2023-02-07 13:00:00,0.1256
Netherlands,NLD,2023-02-07 13:00:00,2023-02-07 14:00:00,0.13993
Netherlands,NLD,2023-02-07 14:00:00,2023-02-07 15:00:00,0.17181
Netherlands,NLD,2023-02-07 15:00:00,2023-02-07 16:00:00,0.18997999999999998
Netherlands,NLD,2023-02-07 16:00:00,2023-02-07 17:00:00,0.22225999999999999
Netherlands,NLD,2023-02-07 17:00:00,2023-02-07 18:00:00,0.24559999999999998
Netherlands,NLD,2023-02-07 18:00:00,2023-02-07 19:00:00,0.229
Netherlands,NLD,2023-02-07 19:00:00,2023-02-07 20:00:00,0.19903
Netherlands,NLD,2023-02-07 20:00:00,2023-02-07 21:00:00,0.18818000000000001
Netherlands,NLD,2023-02-07 21:00:00,2023-02-07 22:00:00,0.17334
Netherlands,NLD,2023-02-07 22:00:00,2023-02-07 23:00:00,0.16307
Netherlands,NLD,2023-02-07 23:00:00,2023-02-08 00:00:00,0.16004
Netherlands,NLD,2023-02-08 00:00:00,2023-02-08 01:00:00,0.15515
Netherlands,NLD,2023-02-08 01:00:00,2023-02-08 02:00:00,0.15
Netherlands,NLD,2023-02-08 02:00:00,2023-02-08 03:00:00,0.14797
Netherlands,NLD,2023-02-08 03:00:00,2023-02-08 04:00:00,0.14597
Netherlands,NLD,2023-02-08 04:00:00,2023-02-08 05:00:00,0.14909999999999998
Netherlands,NLD,2023-02-08 05:00:00,2023-02-08 06:00:00,0.17568999999999999
Netherlands,NLD,2023-02-08 06:00:00,2023-02-08 07:00:00,0.19663999999999998
Netherlands,NLD,2023-02-08 07:00:00,2023-02-08 08:00:00,0.21619
Netherlands,NLD,2023-02-08 08:00:00,2023-02-08 09:00:00,0.176
Netherlands,NLD,2023-02-08 09:00:00,2023-02-08 10:00:00,0.128
Netherlands,NLD,2023-02-08 10:00:00,2023-02-08 11:00:00,0.116
Netherlands,NLD,2023-02-08 11:00:00,2023-02-08 12:00:00,0.11561
Netherlands,NLD,2023-02-08 12:00:00,2023-02-08 13:00:00,0.11488
Netherlands,NLD,2023-02-08 13:00:00,2023-02-08 14:00:00,0.11424
Netherlands,NLD,2023-02-08 14:00:00,2023-02-08 15:00:00,0.12539
Netherlands,NLD,2023-02-08 15:00:00,2023-02-08 16:00:00,0.15678
Netherlands,NLD,2023-02-08 16:00:00,2023-02-08 17:00:00,0.18399000000000001
Netherlands,NLD,2023-02-08 17:00:00,2023-02-08 18:00:00,0.19244999999999998
Netherlands,NLD,2023-02-08 18:00:00,2023-02-08 19:00:00,0.153
Netherlands,NLD,2023-02-08 19:00:00,2023-02-08 20:00:00,0.145
Netherlands,NLD,2023-02-08 20:00:00,2023-02-08 21:00:00,0.1636
Netherlands,NLD,2023-02-08 21:00:00,2023-02-08 22:00:00,0.1706
Netherlands,NLD,2023-02-08 22:00:00,2023-02-08 23:00:00,0.14984999999999998
Netherlands,NLD,2023-02-08 23:00:00,2023-02-09 00:00:00,0.13411
Netherlands,NLD,2023-02-09 00:00:00,2023-02-09 01:00:00,0.12885
Netherlands,NLD,2023-02-09 01:00:00,2023-02-09 02:00:00,0.12819999999999998
Netherlands,NLD,2023-02-09 02:00:00,2023-02-09 03:00:00,0.12448999999999999
Netherlands,NLD,2023-02-09 03:00:00,2023-02-09 04:00:00,0.11571
Netherlands,NLD,2023-02-09 04:00:00,2023-02-09 05:00:00,0.12448999999999999
Netherlands,NLD,2023-02-09 05:00:00,2023-02-09 06:00:00,0.14657
Netherlands,NLD,2023-02-09 06:00:00,2023-02-09 07:00:00,0.16784000000000002
Netherlands,NLD,2023-02-09 07:00:00,2023-02-09 08:00:00,0.18199
Netherlands,NLD,2023-02-09 08:00:00,2023-02-09 09:00:00,0.137
Netherlands,NLD,2023-02-09 09:00:00,2023-02-09 10:00:00,0.125
Netherlands,NLD,2023-02-09 10:00:00,2023-02-09 11:00:00,0.1118
Netherlands,NLD,2023-02-09 11:00:00,2023-02-09 12:00:00,0.12543
Netherlands,NLD,2023-02-09 12:00:00,2023-02-09 13:00:00,0.12508
Netherlands,NLD,2023-02-09 13:00:00,2023-02-09 14:00:00,0.13559000000000002
Netherlands,NLD,2023-02-09 14:00:00,2023-02-09 15:00:00,0.16044999999999998
Netherlands,NLD,2023-02-09 15:00:00,2023-02-09 16:00:00,0.16504
Netherlands,NLD,2023-02-09 16:00:00,2023-02-09 17:00:00,0.17325
Netherlands,NLD,2023-02-09 17:00:00,2023-02-09 18:00:00,0.198
Netherlands,NLD,2023-02-09 18:00:00,2023-02-09 19:00:00,0.16151
Netherlands,NLD,2023-02-09 19:00:00,2023-02-09 20:00:00,0.15
Netherlands,NLD,2023-02-09 20:00:00,2023-02-09 21:00:00,0.14393999999999998
Netherlands,NLD,2023-02-09 21:00:00,2023-02-09 22:00:00,0.13269
Netherlands,NLD,2023-02-09 22:00:00,2023-02-09 23:00:00,0.1288
Netherlands,NLD,2023-02-09 23:00:00,2023-02-10 00:00:00,0.123
Netherlands,NLD,2023-02-10 00:00:00,2023-02-10 01:00:00,0.1195
Netherlands,NLD,2023-02-10 01:00:00,2023-02-10 02:00:00,0.12124
Netherlands,NLD,2023-02-10 02:00:00,2023-02-10 03:00:00,0.12287000000000001
Netherlands,NLD,2023-02-10 03:00:00,2023-02-10 04:00:00,0.12459
Netherlands,NLD,2023-02-10 04:00:00,2023-02-10 05:00:00,0.13006
Netherlands,NLD,2023-02-10 05:00:00,2023-02-10 06:00:00,0.15189
Netherlands,NLD,2023-02-10 06:00:00,2023-02-10 07:00:00,0.18556
Netherlands,NLD,2023-02-10 07:00:00,2023-02-10 08:00:00,0.202
Netherlands,NLD,2023-02-10 08:00:00,2023-02-10 09:00:00,0.16581
Netherlands,NLD,2023-02-10 09:00:00,2023-02-10 10:00:00,0.142
Netherlands,NLD,2023-02-10 10:00:00,2023-02-10 11:00:00,0.13863999999999999
Netherlands,NLD,2023-02-10 11:00:00,2023-02-10 12:00:00,0.11918000000000001
Netherlands,NLD,2023-02-10 12:00:00,2023-02-10 13:00:00,0.1197
Netherlands,NLD,2023-02-10 13:00:00,2023-02-10 14:00:00,0.11442000000000001
Netherlands,NLD,2023-02-10 14:00:00,2023-02-10 15:00:00,0.12844999999999998
Netherlands,NLD,2023-02-10 15:00:00,2023-02-10 16:00:00,0.128
Netherlands,NLD,2023-02-10 16:00:00,2023-02-10 17:00:00,0.16265000000000002
Netherlands,NLD,2023-02-10 17:00:00,2023-02-10 18:00:00,0.1621
Netherlands,NLD,2023-02-10 18:00:00,2023-02-10 19:00:00,0.12716
Netherlands,NLD,2023-02-10 19:00:00,2023-02-10 20:00:00,0.11129
Netherlands,NLD,2023-02-10 20:00:00,2023-02-10 21:00:00,0.09490000000000001
Netherlands,NLD,2023-02-10 21:00:00,2023-02-10 22:00:00,0.1
Netherlands,NLD,2023-02-10 22:00:00,2023-02-10 23:00:00,0.1
Netherlands,NLD,2023-02-10 23:00:00,2023-02-11 00:00:00,0.1206
Netherlands,NLD,2023-02-11 00:00:00,2023-02-11 01:00:00,0.1199
Netherlands,NLD,2023-02-11 01:00:00,2023-02-11 02:00:00,0.11824
Netherlands,NLD,2023-02-11 02:00:00,2023-02-11 03:00:00,0.11828
Netherlands,NLD,2023-02-11 03:00:00,2023-02-11 04:00:00,0.11195000000000001
Netherlands,NLD,2023-02-11 04:00:00,2023-02-11 05:00:00,0.10274
Netherlands,NLD,2023-02-11 05:00:00,2023-02-11 06:00:00,0.11998
Netherlands,NLD,2023-02-11 06:00:00,2023-02-11 07:00:00,0.1273
Netherlands,NLD,2023-02-11 07:00:00,2023-02-11 08:00:00,0.15009999999999998
Netherlands,NLD,2023-02-11 08:00:00,2023-02-11 09:00:00,0.14994
Netherlands,NLD,2023-02-11 09:00:00,2023-02-11 10:00:00,0.1301
Netherlands,NLD,2023-02-11 10:00:00,2023-02-11 11:00:00,0.1306
Netherlands,NLD,2023-02-11 11:00:00,2023-02-11 12:00:00,0.1343
Netherlands,NLD,2023-02-11 12:00:00,2023-02-11 13:00:00,0.122
Netherlands,NLD,2023-02-11 13:00:00,2023-02-11 14:00:00,0.14
Netherlands,NLD,2023-02-11 14:00:00,2023-02-11 15:00:00,0.144
Netherlands,NLD,2023-02-11 15:00:00,2023-02-11 16:00:00,0.1411
Netherlands,NLD,2023-02-11 16:00:00,2023-02-11 17:00:00,0.15385
Netherlands,NLD,2023-02-11 17:00:00,2023-02-11 18:00:00,0.1824
Netherlands,NLD,2023-02-11 18:00:00,2023-02-11 19:00:00,0.1835
Netherlands,NLD,2023-02-11 19:00:00,2023-02-11 20:00:00,0.17294
Netherlands,NLD,2023-02-11 20:00:00,2023-02-11 21:00:00,0.14476
Netherlands,NLD,2023-02-11 21:00:00,2023-02-11 22:00:00,0.14754
Netherlands,NLD,2023-02-11 22:00:00,2023-02-11 23:00:00,0.138
Netherlands,NLD,2023-02-11 23:00:00,2023-02-12 00:00:00,0.15946000000000002
Netherlands,NLD,2023-02-12 00:00:00,2023-02-12 01:00:00,0.1499
Netherlands,NLD,2023-02-12 01:00:00,2023-02-12 02:00:00,0.1321
Netherlands,NLD,2023-02-12 02:00:00,2023-02-12 03:00:00,0.12785
Netherlands,NLD,2023-02-12 03:00:00,2023-02-12 04:00:00,0.12401999999999999
Netherlands,NLD,2023-02-12 04:00:00,2023-02-12 05:00:00,0.12840000000000001
Netherlands,NLD,2023-02-12 05:00:00,2023-02-12 06:00:00,0.1288
Netherlands,NLD,2023-02-12 06:00:00,2023-02-12 07:00:00,0.14867
Netherlands,NLD,2023-02-12 07:00:00,2023-02-12 08:00:00,0.1494
Netherlands,NLD,2023-02-12 08:00:00,2023-02-12 09:00:00,0.15693000000000001
Netherlands,NLD,2023-02-12 09:00:00,2023-02-12 10:00:00,0.14556
Netherlands,NLD,2023-02-12 10:00:00,2023-02-12 11:00:00,0.14007
Netherlands,NLD,2023-02-12 11:00:00,2023-02-12 12:00:00,0.12988999999999998
Netherlands,NLD,2023-02-12 12:00:00,2023-02-12 13:00:00,0.12
Netherlands,NLD,2023-02-12 13:00:00,2023-02-12 14:00:00,0.12
Netherlands,NLD,2023-02-12 14:00:00,2023-02-12 15:00:00,0.12462999999999999
Netherlands,NLD,2023-02-12 15:00:00,2023-02-12 16:00:00,0.13516
Netherlands,NLD,2023-02-12 16:00:00,2023-02-12 17:00:00,0.15854
Netherlands,NLD,2023-02-12 17:00:00,2023-02-12 18:00:00,0.18566
Netherlands,NLD,2023-02-12 18:00:00,2023-02-12 19:00:00,0.16732
Netherlands,NLD,2023-02-12 19:00:00,2023-02-12 20:00:00,0.15638
Netherlands,NLD,2023-02-12 20:00:00,2023-02-12 21:00:00,0.14232
Netherlands,NLD,2023-02-12 21:00:00,2023-02-12 22:00:00,0.15139
Netherlands,NLD,2023-02-12 22:00:00,2023-02-12 23:00:00,0.13140000000000002
Netherlands,NLD,2023-02-12 23:00:00,2023-02-13 00:00:00,0.13863999999999999
Netherlands,NLD,2023-02-13 00:00:00,2023-02-13 01:00:00,0.1353
Netherlands,NLD,2023-02-13 01:00:00,2023-02-13 02:00:00,0.13404
Netherlands,NLD,2023-02-13 02:00:00,2023-02-13 03:00:00,0.12904
Netherlands,NLD,2023-02-13 03:00:00,2023-02-13 04:00:00,0.13084
Netherlands,NLD,2023-02-13 04:00:00,2023-02-13 05:00:00,0.13737
Netherlands,NLD,2023-02-13 05:00:00,2023-02-13 06:00:00,0.16319
Netherlands,NLD,2023-02-13 06:00:00,2023-02-13 07:00:00,0.19608
Netherlands,NLD,2023-02-13 07:00:00,2023-02-13 08:00:00,0.2022
Netherlands,NLD,2023-02-13 08:00:00,2023-02-13 09:00:00,0.19619999999999999
Netherlands,NLD,2023-02-13 09:00:00,2023-02-13 10:00:00,0.17335
Netherlands,NLD,2023-02-13 10:00:00,2023-02-13 11:00:00,0.141
Netherlands,NLD,2023-02-13 11:00:00,2023-02-13 12:00:00,0.1231
Netherlands,NLD,2023-02-13 12:00:00,2023-02-13 13:00:00,0.12
Netherlands,NLD,2023-02-13 13:00:00,2023-02-13 14:00:00,0.12
Netherlands,NLD,2023-02-13 14:00:00,2023-02-13 15:00:00,0.121
Netherlands,NLD,2023-02-13 15:00:00,2023-02-13 16:00:00,0.15023
Netherlands,NLD,2023-02-13 16:00:00,2023-02-13 17:00:00,0.18806
Netherlands,NLD,2023-02-13 17:00:00,2023-02-13 18:00:00,0.22180000000000002
Netherlands,NLD,2023-02-13 18:00:00,2023-02-13 19:00:00,0.2066
Netherlands,NLD,2023-02-13 19:00:00,2023-02-13 20:00:00,0.18786000000000003
Netherlands,NLD,2023-02-13 20:00:00,2023-02-13 21:00:00,0.16892
Netherlands,NLD,2023-02-13 21:00:00,2023-02-13 22:00:00,0.16097
Netherlands,NLD,2023-02-13 22:00:00,2023-02-13 23:00:00,0.15012
Netherlands,NLD,2023-02-13 23:00:00,2023-02-14 00:00:00,0.13562000000000002
Netherlands,NLD,2023-02-14 00:00:00,2023-02-14 01:00:00,0.13232
Netherlands,NLD,2023-02-14 01:00:00,2023-02-14 02:00:00,0.13216
Netherlands,NLD,2023-02-14 02:00:00,2023-02-14 03:00:00,0.13212000000000002
Netherlands,NLD,2023-02-14 03:00:00,2023-02-14 04:00:00,0.13232
Netherlands,NLD,2023-02-14 04:00:00,2023-02-14 05:00:00,0.14193
Netherlands,NLD,2023-02-14 05:00:00,2023-02-14 06:00:00,0.15669999999999998
Netherlands,NLD,2023-02-14 06:00:00,2023-02-14 07:00:00,0.19999
Netherlands,NLD,2023-02-14 07:00:00,2023-02-14 08:00:00,0.20698
Netherlands,NLD,2023-02-14 08:00:00,2023-02-14 09:00:00,0.18059999999999998
Netherlands,NLD,2023-02-14 09:00:00,2023-02-14 10:00:00,0.12569
Netherlands,NLD,2023-02-14 10:00:00,2023-02-14 11:00:00,0.12518
Netherlands,NLD,2023-02-14 11:00:00,2023-02-14 12:00:00,0.13
Netherlands,NLD,2023-02-14 12:00:00,2023-02-14 13:00:00,0.12298
Netherlands,NLD,2023-02-14 13:00:00,2023-02-14 14:00:00,0.12604
Netherlands,NLD,2023-02-14 14:00:00,2023-02-14 15:00:00,0.12143000000000001
Netherlands,NLD,2023-02-14 15:00:00,2023-02-14 16:00:00,0.14697
Netherlands,NLD,2023-02-14 16:00:00,2023-02-14 17:00:00,0.18080000000000002
Netherlands,NLD,2023-02-14 17:00:00,2023-02-14 18:00:00,0.19999
Netherlands,NLD,2023-02-14 18:00:00,2023-02-14 19:00:00,0.19297
Netherlands,NLD,2023-02-14 19:00:00,2023-02-14 20:00:00,0.17581
Netherlands,NLD,2023-02-14 20:00:00,2023-02-14 21:00:00,0.16009
Netherlands,NLD,2023-02-14 21:00:00,2023-02-14 22:00:00,0.15103
Netherlands,NLD,2023-02-14 22:00:00,2023-02-14 23:00:00,0.14173
Netherlands,NLD,2023-02-14 23:00:00,2023-02-15 00:00:00,0.13474
Netherlands,NLD,2023-02-15 00:00:00,2023-02-15 01:00:00,0.13094999999999998
Netherlands,NLD,2023-02-15 01:00:00,2023-02-15 02:00:00,0.13
Netherlands,NLD,2023-02-15 02:00:00,2023-02-15 03:00:00,0.13001
Netherlands,NLD,2023-02-15 03:00:00,2023-02-15 04:00:00,0.1258
Netherlands,NLD,2023-02-15 04:00:00,2023-02-15 05:00:00,0.13240000000000002
Netherlands,NLD,2023-02-15 05:00:00,2023-02-15 06:00:00,0.1328
Netherlands,NLD,2023-02-15 06:00:00,2023-02-15 07:00:00,0.185
Netherlands,NLD,2023-02-15 07:00:00,2023-02-15 08:00:00,0.18875999999999998
Netherlands,NLD,2023-02-15 08:00:00,2023-02-15 09:00:00,0.17122
Netherlands,NLD,2023-02-15 09:00:00,2023-02-15 10:00:00,0.14635
Netherlands,NLD,2023-02-15 10:00:00,2023-02-15 11:00:00,0.12465000000000001
Netherlands,NLD,2023-02-15 11:00:00,2023-02-15 12:00:00,0.11728
Netherlands,NLD,2023-02-15 12:00:00,2023-02-15 13:00:00,0.1166
Netherlands,NLD,2023-02-15 13:00:00,2023-02-15 14:00:00,0.12047
Netherlands,NLD,2023-02-15 14:00:00,2023-02-15 15:00:00,0.12
Netherlands,NLD,2023-02-15 15:00:00,2023-02-15 16:00:00,0.14278
Netherlands,NLD,2023-02-15 16:00:00,2023-02-15 17:00:00,0.15922999999999998
Netherlands,NLD,2023-02-15 17:00:00,2023-02-15 18:00:00,0.17421999999999999
Netherlands,NLD,2023-02-15 18:00:00,2023-02-15 19:00:00,0.15921000000000002
Netherlands,NLD,2023-02-15 19:00:00,2023-02-15 20:00:00,0.1201
Netherlands,NLD,2023-02-15 20:00:00,2023-02-15 21:00:00,0.1194
Netherlands,NLD,2023-02-15 21:00:00,2023-02-15 22:00:00,0.1167
Netherlands,NLD,2023-02-15 22:00:00,2023-02-15 23:00:00,0.1051
Netherlands,NLD,2023-02-15 23:00:00,2023-02-16 00:00:00,0.09101999999999999
Netherlands,NLD,2023-02-16 00:00:00,2023-02-16 01:00:00,0.10207
Netherlands,NLD,2023-02-16 01:00:00,2023-02-16 02:00:00,0.10790000000000001
Netherlands,NLD,2023-02-16 02:00:00,2023-02-16 03:00:00,0.10203
Netherlands,NLD,2023-02-16 03:00:00,2023-02-16 04:00:00,0.10679000000000001
Netherlands,NLD,2023-02-16 04:00:00,2023-02-16 05:00:00,0.1177
Netherlands,NLD,2023-02-16 05:00:00,2023-02-16 06:00:00,0.1399
Netherlands,NLD,2023-02-16 06:00:00,2023-02-16 07:00:00,0.16661
Netherlands,NLD,2023-02-16 07:00:00,2023-02-16 08:00:00,0.17541
Netherlands,NLD,2023-02-16 08:00:00,2023-02-16 09:00:00,0.16813
Netherlands,NLD,2023-02-16 09:00:00,2023-02-16 10:00:00,0.15438
Netherlands,NLD,2023-02-16 10:00:00,2023-02-16 11:00:00,0.14215
Netherlands,NLD,2023-02-16 11:00:00,2023-02-16 12:00:00,0.12777
Netherlands,NLD,2023-02-16 12:00:00,2023-02-16 13:00:00,0.12027
Netherlands,NLD,2023-02-16 13:00:00,2023-02-16 14:00:00,0.12793000000000002
Netherlands,NLD,2023-02-16 14:00:00,2023-02-16 15:00:00,0.13495
Netherlands,NLD,2023-02-16 15:00:00,2023-02-16 16:00:00,0.14096
Netherlands,NLD,2023-02-16 16:00:00,2023-02-16 17:00:00,0.166
Netherlands,NLD,2023-02-16 17:00:00,2023-02-16 18:00:00,0.16653
Netherlands,NLD,2023-02-16 18:00:00,2023-02-16 19:00:00,0.15465
Netherlands,NLD,2023-02-16 19:00:00,2023-02-16 20:00:00,0.12990000000000002
Netherlands,NLD,2023-02-16 20:00:00,2023-02-16 21:00:00,0.13113999999999998
Netherlands,NLD,2023-02-16 21:00:00,2023-02-16 22:00:00,0.1245
Netherlands,NLD,2023-02-16 22:00:00,2023-02-16 23:00:00,0.11161
Netherlands,NLD,2023-02-16 23:00:00,2023-02-17 00:00:00,0.10409
Netherlands,NLD,2023-02-17 00:00:00,2023-02-17 01:00:00,0.09852
Netherlands,NLD,2023-02-17 01:00:00,2023-02-17 02:00:00,0.09273999999999999
Netherlands,NLD,2023-02-17 02:00:00,2023-02-17 03:00:00,0.08631
Netherlands,NLD,2023-02-17 03:00:00,2023-02-17 04:00:00,0.08127
Netherlands,NLD,2023-02-17 04:00:00,2023-02-17 05:00:00,0.08595
Netherlands,NLD,2023-02-17 05:00:00,2023-02-17 06:00:00,0.1
Netherlands,NLD,2023-02-17 06:00:00,2023-02-17 07:00:00,0.1201
Netherlands,NLD,2023-02-17 07:00:00,2023-02-17 08:00:00,0.12990000000000002
Netherlands,NLD,2023-02-17 08:00:00,2023-02-17 09:00:00,0.1138
Netherlands,NLD,2023-02-17 09:00:00,2023-02-17 10:00:00,0.10940000000000001
Netherlands,NLD,2023-02-17 10:00:00,2023-02-17 11:00:00,0.10940000000000001
Netherlands,NLD,2023-02-17 11:00:00,2023-02-17 12:00:00,0.10565999999999999
Netherlands,NLD,2023-02-17 12:00:00,2023-02-17 13:00:00,0.08941
Netherlands,NLD,2023-02-17 13:00:00,2023-02-17 14:00:00,0.08256000000000001
Netherlands,NLD,2023-02-17 14:00:00,2023-02-17 15:00:00,0.095
Netherlands,NLD,2023-02-17 15:00:00,2023-02-17 16:00:00,0.1
Netherlands,NLD,2023-02-17 16:00:00,2023-02-17 17:00:00,0.115
Netherlands,NLD,2023-02-17 17:00:00,2023-02-17 18:00:00,0.13
Netherlands,NLD,2023-02-17 18:00:00,2023-02-17 19:00:00,0.12556
Netherlands,NLD,2023-02-17 19:00:00,2023-02-17 20:00:00,0.12
Netherlands,NLD,2023-02-17 20:00:00,2023-02-17 21:00:00,0.10940000000000001
Netherlands,NLD,2023-02-17 21:00:00,2023-02-17 22:00:00,0.117
Netherlands,NLD,2023-02-17 22:00:00,2023-02-17 23:00:00,0.10179
Netherlands,NLD,2023-02-17 23:00:00,2023-02-18 00:00:00,0.11
Netherlands,NLD,2023-02-18 00:00:00,2023-02-18 01:00:00,0.0701
Netherlands,NLD,2023-02-18 01:00:00,2023-02-18 02:00:00,0.06
Netherlands,NLD,2023-02-18 02:00:00,2023-02-18 03:00:00,0.05933
Netherlands,NLD,2023-02-18 03:00:00,2023-02-18 04:00:00,0.06714
Netherlands,NLD,2023-02-18 04:00:00,2023-02-18 05:00:00,0.0701
Netherlands,NLD,2023-02-18 05:00:00,2023-02-18 06:00:00,0.08226
Netherlands,NLD,2023-02-18 06:00:00,2023-02-18 07:00:00,0.09114
Netherlands,NLD,2023-02-18 07:00:00,2023-02-18 08:00:00,0.10966
Netherlands,NLD,2023-02-18 08:00:00,2023-02-18 09:00:00,0.1182
Netherlands,NLD,2023-02-18 09:00:00,2023-02-18 10:00:00,0.10823
Netherlands,NLD,2023-02-18 10:00:00,2023-02-18 11:00:00,0.10327
Netherlands,NLD,2023-02-18 11:00:00,2023-02-18 12:00:00,0.09475
Netherlands,NLD,2023-02-18 12:00:00,2023-02-18 13:00:00,0.08301
Netherlands,NLD,2023-02-18 13:00:00,2023-02-18 14:00:00,0.08637
Netherlands,NLD,2023-02-18 14:00:00,2023-02-18 15:00:00,0.09668
Netherlands,NLD,2023-02-18 15:00:00,2023-02-18 16:00:00,0.11
Netherlands,NLD,2023-02-18 16:00:00,2023-02-18 17:00:00,0.12869999999999998
Netherlands,NLD,2023-02-18 17:00:00,2023-02-18 18:00:00,0.14687
Netherlands,NLD,2023-02-18 18:00:00,2023-02-18 19:00:00,0.15046
Netherlands,NLD,2023-02-18 19:00:00,2023-02-18 20:00:00,0.13529
Netherlands,NLD,2023-02-18 20:00:00,2023-02-18 21:00:00,0.12054999999999999
Netherlands,NLD,2023-02-18 21:00:00,2023-02-18 22:00:00,0.117
Netherlands,NLD,2023-02-18 22:00:00,2023-02-18 23:00:00,0.11368
Netherlands,NLD,2023-02-18 23:00:00,2023-02-19 00:00:00,0.11081999999999999
Netherlands,NLD,2023-02-19 00:00:00,2023-02-19 01:00:00,0.10537
Netherlands,NLD,2023-02-19 01:00:00,2023-02-19 02:00:00,0.10063
Netherlands,NLD,2023-02-19 02:00:00,2023-02-19 03:00:00,0.093
Netherlands,NLD,2023-02-19 03:00:00,2023-02-19 04:00:00,0.09255
Netherlands,NLD,2023-02-19 04:00:00,2023-02-19 05:00:00,0.09778
Netherlands,NLD,2023-02-19 05:00:00,2023-02-19 06:00:00,0.10132
Netherlands,NLD,2023-02-19 06:00:00,2023-02-19 07:00:00,0.10995999999999999
Netherlands,NLD,2023-02-19 07:00:00,2023-02-19 08:00:00,0.11533
Netherlands,NLD,2023-02-19 08:00:00,2023-02-19 09:00:00,0.11844
Netherlands,NLD,2023-02-19 09:00:00,2023-02-19 10:00:00,0.11608
Netherlands,NLD,2023-02-19 10:00:00,2023-02-19 11:00:00,0.11370000000000001
Netherlands,NLD,2023-02-19 11:00:00,2023-02-19 12:00:00,0.11275
Netherlands,NLD,2023-02-19 12:00:00,2023-02-19 13:00:00,0.1157
Netherlands,NLD,2023-02-19 13:00:00,2023-02-19 14:00:00,0.1141
Netherlands,NLD,2023-02-19 14:00:00,2023-02-19 15:00:00,0.10765999999999999
Netherlands,NLD,2023-02-19 15:00:00,2023-02-19 16:00:00,0.12
Netherlands,NLD,2023-02-19 16:00:00,2023-02-19 17:00:00,0.141
Netherlands,NLD,2023-02-19 17:00:00,2023-02-19 18:00:00,0.1585
Netherlands,NLD,2023-02-19 18:00:00,2023-02-19 19:00:00,0.15818000000000002
Netherlands,NLD,2023-02-19 19:00:00,2023-02-19 20:00:00,0.14267
Netherlands,NLD,2023-02-19 20:00:00,2023-02-19 21:00:00,0.13416999999999998
Netherlands,NLD,2023-02-19 21:00:00,2023-02-19 22:00:00,0.12813999999999998
Netherlands,NLD,2023-02-19 22:00:00,2023-02-19 23:00:00,0.1006
Netherlands,NLD,2023-02-19 23:00:00,2023-02-20 00:00:00,0.07887000000000001
Netherlands,NLD,2023-02-20 00:00:00,2023-02-20 01:00:00,0.0649
Netherlands,NLD,2023-02-20 01:00:00,2023-02-20 02:00:00,0.04886
Netherlands,NLD,2023-02-20 02:00:00,2023-02-20 03:00:00,0.034
Netherlands,NLD,2023-02-20 03:00:00,2023-02-20 04:00:00,0.02913
Netherlands,NLD,2023-02-20 04:00:00,2023-02-20 05:00:00,0.03824
Netherlands,NLD,2023-02-20 05:00:00,2023-02-20 06:00:00,0.0723
Netherlands,NLD,2023-02-20 06:00:00,2023-02-20 07:00:00,0.1
Netherlands,NLD,2023-02-20 07:00:00,2023-02-20 08:00:00,0.11
Netherlands,NLD,2023-02-20 08:00:00,2023-02-20 09:00:00,0.1119
Netherlands,NLD,2023-02-20 09:00:00,2023-02-20 10:00:00,0.10638
Netherlands,NLD,2023-02-20 10:00:00,2023-02-20 11:00:00,0.094
Netherlands,NLD,2023-02-20 11:00:00,2023-02-20 12:00:00,0.10277
Netherlands,NLD,2023-02-20 12:00:00,2023-02-20 13:00:00,0.0849
Netherlands,NLD,2023-02-20 13:00:00,2023-02-20 14:00:00,0.099
Netherlands,NLD,2023-02-20 14:00:00,2023-02-20 15:00:00,0.109
Netherlands,NLD,2023-02-20 15:00:00,2023-02-20 16:00:00,0.0911
Netherlands,NLD,2023-02-20 16:00:00,2023-02-20 17:00:00,0.129
Netherlands,NLD,2023-02-20 17:00:00,2023-02-20 18:00:00,0.1731
Netherlands,NLD,2023-02-20 18:00:00,2023-02-20 19:00:00,0.146
Netherlands,NLD,2023-02-20 19:00:00,2023-02-20 20:00:00,0.1484
Netherlands,NLD,2023-02-20 20:00:00,2023-02-20 21:00:00,0.13
Netherlands,NLD,2023-02-20 21:00:00,2023-02-20 22:00:00,0.1254
Netherlands,NLD,2023-02-20 22:00:00,2023-02-20 23:00:00,0.1088
Netherlands,NLD,2023-02-20 23:00:00,2023-02-21 00:00:00,0.106
Netherlands,NLD,2023-02-21 00:00:00,2023-02-21 01:00:00,0.108
Netherlands,NLD,2023-02-21 01:00:00,2023-02-21 02:00:00,0.09323999999999999
Netherlands,NLD,2023-02-21 02:00:00,2023-02-21 03:00:00,0.1215
Netherlands,NLD,2023-02-21 03:00:00,2023-02-21 04:00:00,0.1083
Netherlands,NLD,2023-02-21 04:00:00,2023-02-21 05:00:00,0.0999
Netherlands,NLD,2023-02-21 05:00:00,2023-02-21 06:00:00,0.13369999999999999
Netherlands,NLD,2023-02-21 06:00:00,2023-02-21 07:00:00,0.14687999999999998
Netherlands,NLD,2023-02-21 07:00:00,2023-02-21 08:00:00,0.15208000000000002
Netherlands,NLD,2023-02-21 08:00:00,2023-02-21 09:00:00,0.16793
Netherlands,NLD,2023-02-21 09:00:00,2023-02-21 10:00:00,0.15
Netherlands,NLD,2023-02-21 10:00:00,2023-02-21 11:00:00,0.12852000000000002
Netherlands,NLD,2023-02-21 11:00:00,2023-02-21 12:00:00,0.12294
Netherlands,NLD,2023-02-21 12:00:00,2023-02-21 13:00:00,0.12016
Netherlands,NLD,2023-02-21 13:00:00,2023-02-21 14:00:00,0.12479000000000001
Netherlands,NLD,2023-02-21 14:00:00,2023-02-21 15:00:00,0.13056
Netherlands,NLD,2023-02-21 15:00:00,2023-02-21 16:00:00,0.14898
Netherlands,NLD,2023-02-21 16:00:00,2023-02-21 17:00:00,0.16485
Netherlands,NLD,2023-02-21 17:00:00,2023-02-21 18:00:00,0.17812999999999998
Netherlands,NLD,2023-02-21 18:00:00,2023-02-21 19:00:00,0.1771
Netherlands,NLD,2023-02-21 19:00:00,2023-02-21 20:00:00,0.17
Netherlands,NLD,2023-02-21 20:00:00,2023-02-21 21:00:00,0.15880000000000002
Netherlands,NLD,2023-02-21 21:00:00,2023-02-21 22:00:00,0.15319999999999998
Netherlands,NLD,2023-02-21 22:00:00,2023-02-21 23:00:00,0.14258
Netherlands,NLD,2023-02-21 23:00:00,2023-02-22 00:00:00,0.1399
Netherlands,NLD,2023-02-22 00:00:00,2023-02-22 01:00:00,0.1252
Netherlands,NLD,2023-02-22 01:00:00,2023-02-22 02:00:00,0.1253
Netherlands,NLD,2023-02-22 02:00:00,2023-02-22 03:00:00,0.11728
Netherlands,NLD,2023-02-22 03:00:00,2023-02-22 04:00:00,0.11731
Netherlands,NLD,2023-02-22 04:00:00,2023-02-22 05:00:00,0.1164
Netherlands,NLD,2023-02-22 05:00:00,2023-02-22 06:00:00,0.148
Netherlands,NLD,2023-02-22 06:00:00,2023-02-22 07:00:00,0.17313
Netherlands,NLD,2023-02-22 07:00:00,2023-02-22 08:00:00,0.17634
Netherlands,NLD,2023-02-22 08:00:00,2023-02-22 09:00:00,0.16455
Netherlands,NLD,2023-02-22 09:00:00,2023-02-22 10:00:00,0.15124
Netherlands,NLD,2023-02-22 10:00:00,2023-02-22 11:00:00,0.12395999999999999
Netherlands,NLD,2023-02-22 11:00:00,2023-02-22 12:00:00,0.11867
Netherlands,NLD,2023-02-22 12:00:00,2023-02-22 13:00:00,0.126
Netherlands,NLD,2023-02-22 13:00:00,2023-02-22 14:00:00,0.136
Netherlands,NLD,2023-02-22 14:00:00,2023-02-22 15:00:00,0.1509
Netherlands,NLD,2023-02-22 15:00:00,2023-02-22 16:00:00,0.15694999999999998
Netherlands,NLD,2023-02-22 16:00:00,2023-02-22 17:00:00,0.16501
Netherlands,NLD,2023-02-22 17:00:00,2023-02-22 18:00:00,0.175
Netherlands,NLD,2023-02-22 18:00:00,2023-02-22 19:00:00,0.17273
Netherlands,NLD,2023-02-22 19:00:00,2023-02-22 20:00:00,0.16206
Netherlands,NLD,2023-02-22 20:00:00,2023-02-22 21:00:00,0.15402000000000002
Netherlands,NLD,2023-02-22 21:00:00,2023-02-22 22:00:00,0.14484
Netherlands,NLD,2023-02-22 22:00:00,2023-02-22 23:00:00,0.13445
Netherlands,NLD,2023-02-22 23:00:00,2023-02-23 00:00:00,0.13466999999999998
Netherlands,NLD,2023-02-23 00:00:00,2023-02-23 01:00:00,0.13138999999999998
Netherlands,NLD,2023-02-23 01:00:00,2023-02-23 02:00:00,0.12899000000000002
Netherlands,NLD,2023-02-23 02:00:00,2023-02-23 03:00:00,0.12478
Netherlands,NLD,2023-02-23 03:00:00,2023-02-23 04:00:00,0.12518
Netherlands,NLD,2023-02-23 04:00:00,2023-02-23 05:00:00,0.12993000000000002
Netherlands,NLD,2023-02-23 05:00:00,2023-02-23 06:00:00,0.15397999999999998
Netherlands,NLD,2023-02-23 06:00:00,2023-02-23 07:00:00,0.17
Netherlands,NLD,2023-02-23 07:00:00,2023-02-23 08:00:00,0.17806
Netherlands,NLD,2023-02-23 08:00:00,2023-02-23 09:00:00,0.16396
Netherlands,NLD,2023-02-23 09:00:00,2023-02-23 10:00:00,0.1399
Netherlands,NLD,2023-02-23 10:00:00,2023-02-23 11:00:00,0.13
Netherlands,NLD,2023-02-23 11:00:00,2023-02-23 12:00:00,0.13175
Netherlands,NLD,2023-02-23 12:00:00,2023-02-23 13:00:00,0.12423000000000001
Netherlands,NLD,2023-02-23 13:00:00,2023-02-23 14:00:00,0.12897
Netherlands,NLD,2023-02-23 14:00:00,2023-02-23 15:00:00,0.118
Netherlands,NLD,2023-02-23 15:00:00,2023-02-23 16:00:00,0.12755
Netherlands,NLD,2023-02-23 16:00:00,2023-02-23 17:00:00,0.15189
Netherlands,NLD,2023-02-23 17:00:00,2023-02-23 18:00:00,0.16522
Netherlands,NLD,2023-02-23 18:00:00,2023-02-23 19:00:00,0.165
Netherlands,NLD,2023-02-23 19:00:00,2023-02-23 20:00:00,0.1499
Netherlands,NLD,2023-02-23 20:00:00,2023-02-23 21:00:00,0.15114
Netherlands,NLD,2023-02-23 21:00:00,2023-02-23 22:00:00,0.1415
Netherlands,NLD,2023-02-23 22:00:00,2023-02-23 23:00:00,0.13294
Netherlands,NLD,2023-02-23 23:00:00,2023-02-24 00:00:00,0.13365000000000002
Netherlands,NLD,2023-02-24 00:00:00,2023-02-24 01:00:00,0.153
Netherlands,NLD,2023-02-24 01:00:00,2023-02-24 02:00:00,0.1258
Netherlands,NLD,2023-02-24 02:00:00,2023-02-24 03:00:00,0.12896000000000002
Netherlands,NLD,2023-02-24 03:00:00,2023-02-24 04:00:00,0.11755
Netherlands,NLD,2023-02-24 04:00:00,2023-02-24 05:00:00,0.11062000000000001
Netherlands,NLD,2023-02-24 05:00:00,2023-02-24 06:00:00,0.12
Netherlands,NLD,2023-02-24 06:00:00,2023-02-24 07:00:00,0.144
Netherlands,NLD,2023-02-24 07:00:00,2023-02-24 08:00:00,0.171
Netherlands,NLD,2023-02-24 08:00:00,2023-02-24 09:00:00,0.1686
Netherlands,NLD,2023-02-24 09:00:00,2023-02-24 10:00:00,0.15009999999999998
Netherlands,NLD,2023-02-24 10:00:00,2023-02-24 11:00:00,0.13574
Netherlands,NLD,2023-02-24 11:00:00,2023-02-24 12:00:00,0.12596
Netherlands,NLD,2023-02-24 12:00:00,2023-02-24 13:00:00,0.12
Netherlands,NLD,2023-02-24 13:00:00,2023-02-24 14:00:00,0.10864
Netherlands,NLD,2023-02-24 14:00:00,2023-02-24 15:00:00,0.10990000000000001
Netherlands,NLD,2023-02-24 15:00:00,2023-02-24 16:00:00,0.11320000000000001
Netherlands,NLD,2023-02-24 16:00:00,2023-02-24 17:00:00,0.12486
Netherlands,NLD,2023-02-24 17:00:00,2023-02-24 18:00:00,0.15009999999999998
Netherlands,NLD,2023-02-24 18:00:00,2023-02-24 19:00:00,0.1151
Netherlands,NLD,2023-02-24 19:00:00,2023-02-24 20:00:00,0.12990000000000002
Netherlands,NLD,2023-02-24 20:00:00,2023-02-24 21:00:00,0.10491
Netherlands,NLD,2023-02-24 21:00:00,2023-02-24 22:00:00,0.10746
Netherlands,NLD,2023-02-24 22:00:00,2023-02-24 23:00:00,0.08395
Netherlands,NLD,2023-02-24 23:00:00,2023-02-25 00:00:00,0.11502
Netherlands,NLD,2023-02-25 00:00:00,2023-02-25 01:00:00,0.10690999999999999
Netherlands,NLD,2023-02-25 01:00:00,2023-02-25 02:00:00,0.10314
Netherlands,NLD,2023-02-25 02:00:00,2023-02-25 03:00:00,0.09703
Netherlands,NLD,2023-02-25 03:00:00,2023-02-25 04:00:00,0.087
Netherlands,NLD,2023-02-25 04:00:00,2023-02-25 05:00:00,0.09541
Netherlands,NLD,2023-02-25 05:00:00,2023-02-25 06:00:00,0.1001
Netherlands,NLD,2023-02-25 06:00:00,2023-02-25 07:00:00,0.0953
Netherlands,NLD,2023-02-25 07:00:00,2023-02-25 08:00:00,0.1199
Netherlands,NLD,2023-02-25 08:00:00,2023-02-25 09:00:00,0.10507
Netherlands,NLD,2023-02-25 09:00:00,2023-02-25 10:00:00,0.07440000000000001
Netherlands,NLD,2023-02-25 10:00:00,2023-02-25 11:00:00,0.0549
Netherlands,NLD,2023-02-25 11:00:00,2023-02-25 12:00:00,0.04735
Netherlands,NLD,2023-02-25 12:00:00,2023-02-25 13:00:00,0.03505
Netherlands,NLD,2023-02-25 13:00:00,2023-02-25 14:00:00,0.05235
Netherlands,NLD,2023-02-25 14:00:00,2023-02-25 15:00:00,0.0849
Netherlands,NLD,2023-02-25 15:00:00,2023-02-25 16:00:00,0.09390000000000001
Netherlands,NLD,2023-02-25 16:00:00,2023-02-25 17:00:00,0.1248
Netherlands,NLD,2023-02-25 17:00:00,2023-02-25 18:00:00,0.172
Netherlands,NLD,2023-02-25 18:00:00,2023-02-25 19:00:00,0.1866
Netherlands,NLD,2023-02-25 19:00:00,2023-02-25 20:00:00,0.17
Netherlands,NLD,2023-02-25 20:00:00,2023-02-25 21:00:00,0.16691999999999999
Netherlands,NLD,2023-02-25 21:00:00,2023-02-25 22:00:00,0.1492
Netherlands,NLD,2023-02-25 22:00:00,2023-02-25 23:00:00,0.1256
Netherlands,NLD,2023-02-25 23:00:00,2023-02-26 00:00:00,0.1401
Netherlands,NLD,2023-02-26 00:00:00,2023-02-26 01:00:00,0.1162
Netherlands,NLD,2023-02-26 01:00:00,2023-02-26 02:00:00,0.1199
Netherlands,NLD,2023-02-26 02:00:00,2023-02-26 03:00:00,0.10778
Netherlands,NLD,2023-02-26 03:00:00,2023-02-26 04:00:00,0.10826000000000001
Netherlands,NLD,2023-02-26 04:00:00,2023-02-26 05:00:00,0.1057
Netherlands,NLD,2023-02-26 05:00:00,2023-02-26 06:00:00,0.10704000000000001
Netherlands,NLD,2023-02-26 06:00:00,2023-02-26 07:00:00,0.10990000000000001
Netherlands,NLD,2023-02-26 07:00:00,2023-02-26 08:00:00,0.11527
Netherlands,NLD,2023-02-26 08:00:00,2023-02-26 09:00:00,0.11392000000000001
Netherlands,NLD,2023-02-26 09:00:00,2023-02-26 10:00:00,0.0969
Netherlands,NLD,2023-02-26 10:00:00,2023-02-26 11:00:00,0.09233
Netherlands,NLD,2023-02-26 11:00:00,2023-02-26 12:00:00,0.08414
Netherlands,NLD,2023-02-26 12:00:00,2023-02-26 13:00:00,0.054630000000000005
Netherlands,NLD,2023-02-26 13:00:00,2023-02-26 14:00:00,0.0549
Netherlands,NLD,2023-02-26 14:00:00,2023-02-26 15:00:00,0.085
Netherlands,NLD,2023-02-26 15:00:00,2023-02-26 16:00:00,0.09892000000000001
Netherlands,NLD,2023-02-26 16:00:00,2023-02-26 17:00:00,0.12990000000000002
Netherlands,NLD,2023-02-26 17:00:00,2023-02-26 18:00:00,0.15369999999999998
Netherlands,NLD,2023-02-26 18:00:00,2023-02-26 19:00:00,0.15691
Netherlands,NLD,2023-02-26 19:00:00,2023-02-26 20:00:00,0.15364
Netherlands,NLD,2023-02-26 20:00:00,2023-02-26 21:00:00,0.14164
Netherlands,NLD,2023-02-26 21:00:00,2023-02-26 22:00:00,0.13829
Netherlands,NLD,2023-02-26 22:00:00,2023-02-26 23:00:00,0.13298
Netherlands,NLD,2023-02-26 23:00:00,2023-02-27 00:00:00,0.12283
Netherlands,NLD,2023-02-27 00:00:00,2023-02-27 01:00:00,0.133
Netherlands,NLD,2023-02-27 01:00:00,2023-02-27 02:00:00,0.13291999999999998
Netherlands,NLD,2023-02-27 02:00:00,2023-02-27 03:00:00,0.12503
Netherlands,NLD,2023-02-27 03:00:00,2023-02-27 04:00:00,0.12007
Netherlands,NLD,2023-02-27 04:00:00,2023-02-27 05:00:00,0.13983
Netherlands,NLD,2023-02-27 05:00:00,2023-02-27 06:00:00,0.15230000000000002
Netherlands,NLD,2023-02-27 06:00:00,2023-02-27 07:00:00,0.18666
Netherlands,NLD,2023-02-27 07:00:00,2023-02-27 08:00:00,0.19025
Netherlands,NLD,2023-02-27 08:00:00,2023-02-27 09:00:00,0.16994
Netherlands,NLD,2023-02-27 09:00:00,2023-02-27 10:00:00,0.12800999999999998
Netherlands,NLD,2023-02-27 10:00:00,2023-02-27 11:00:00,0.10998999999999999
Netherlands,NLD,2023-02-27 11:00:00,2023-02-27 12:00:00,0.11
Netherlands,NLD,2023-02-27 12:00:00,2023-02-27 13:00:00,0.10101
Netherlands,NLD,2023-02-27 13:00:00,2023-02-27 14:00:00,0.10464
Netherlands,NLD,2023-02-27 14:00:00,2023-02-27 15:00:00,0.1
Netherlands,NLD,2023-02-27 15:00:00,2023-02-27 16:00:00,0.11636
Netherlands,NLD,2023-02-27 16:00:00,2023-02-27 17:00:00,0.13165000000000002
Netherlands,NLD,2023-02-27 17:00:00,2023-02-27 18:00:00,0.188
Netherlands,NLD,2023-02-27 18:00:00,2023-02-27 19:00:00,0.1745
Netherlands,NLD,2023-02-27 19:00:00,2023-02-27 20:00:00,0.17449
Netherlands,NLD,2023-02-27 20:00:00,2023-02-27 21:00:00,0.1603
Netherlands,NLD,2023-02-27 21:00:00,2023-02-27 22:00:00,0.15346
Netherlands,NLD,2023-02-27 22:00:00,2023-02-27 23:00:00,0.14946
Netherlands,NLD,2023-02-27 23:00:00,2023-02-28 00:00:00,0.134
Netherlands,NLD,2023-02-28 00:00:00,2023-02-28 01:00:00,0.12481999999999999
Netherlands,NLD,2023-02-28 01:00:00,2023-02-28 02:00:00,0.12383
Netherlands,NLD,2023-02-28 02:00:00,2023-02-28 03:00:00,0.12459
Netherlands,NLD,2023-02-28 03:00:00,2023-02-28 04:00:00,0.1201
Netherlands,NLD,2023-02-28 04:00:00,2023-02-28 05:00:00,0.129
Netherlands,NLD,2023-02-28 05:00:00,2023-02-28 06:00:00,0.16194
Netherlands,NLD,2023-02-28 06:00:00,2023-02-28 07:00:00,0.1776
Netherlands,NLD,2023-02-28 07:00:00,2023-02-28 08:00:00,0.18928
Netherlands,NLD,2023-02-28 08:00:00,2023-02-28 09:00:00,0.163
Netherlands,NLD,2023-02-28 09:00:00,2023-02-28 10:00:00,0.12093000000000001
Netherlands,NLD,2023-02-28 10:00:00,2023-02-28 11:00:00,0.11797
Netherlands,NLD,2023-02-28 11:00:00,2023-02-28 12:00:00,0.11671
Netherlands,NLD,2023-02-28 12:00:00,2023-02-28 13:00:00,0.11633
Netherlands,NLD,2023-02-28 13:00:00,2023-02-28 14:00:00,0.11675
Netherlands,NLD,2023-02-28 14:00:00,2023-02-28 15:00:00,0.13
Netherlands,NLD,2023-02-28 15:00:00,2023-02-28 16:00:00,0.132
Netherlands,NLD,2023-02-28 16:00:00,2023-02-28 17:00:00,0.17313
Netherlands,NLD,2023-02-28 17:00:00,2023-02-28 18:00:00,0.19387000000000001
Netherlands,NLD,2023-02-28 18:00:00,2023-02-28 19:00:00,0.19246000000000002
Netherlands,NLD,2023-02-28 19:00:00,2023-02-28 20:00:00,0.17473
Netherlands,NLD,2023-02-28 20:00:00,2023-02-28 21:00:00,0.15388
Netherlands,NLD,2023-02-28 21:00:00,2023-02-28 22:00:00,0.15049
Netherlands,NLD,2023-02-28 22:00:00,2023-02-28 23:00:00,0.12990000000000002
Netherlands,NLD,2023-02-28 23:00:00,2023-03-01 00:00:00,0.12523
Netherlands,NLD,2023-03-01 00:00:00,2023-03-01 01:00:00,0.1199
Netherlands,NLD,2023-03-01 01:00:00,2023-03-01 02:00:00,0.12495999999999999
Netherlands,NLD,2023-03-01 02:00:00,2023-03-01 03:00:00,0.11631
Netherlands,NLD,2023-03-01 03:00:00,2023-03-01 04:00:00,0.13
Netherlands,NLD,2023-03-01 04:00:00,2023-03-01 05:00:00,0.136
Netherlands,NLD,2023-03-01 05:00:00,2023-03-01 06:00:00,0.16
Netherlands,NLD,2023-03-01 06:00:00,2023-03-01 07:00:00,0.18071
Netherlands,NLD,2023-03-01 07:00:00,2023-03-01 08:00:00,0.18603
Netherlands,NLD,2023-03-01 08:00:00,2023-03-01 09:00:00,0.1529
Netherlands,NLD,2023-03-01 09:00:00,2023-03-01 10:00:00,0.1166
Netherlands,NLD,2023-03-01 10:00:00,2023-03-01 11:00:00,0.1166
Netherlands,NLD,2023-03-01 11:00:00,2023-03-01 12:00:00,0.11395999999999999
Netherlands,NLD,2023-03-01 12:00:00,2023-03-01 13:00:00,0.10772
Netherlands,NLD,2023-03-01 13:00:00,2023-03-01 14:00:00,0.108
Netherlands,NLD,2023-03-01 14:00:00,2023-03-01 15:00:00,0.11986
Netherlands,NLD,2023-03-01 15:00:00,2023-03-01 16:00:00,0.12758
Netherlands,NLD,2023-03-01 16:00:00,2023-03-01 17:00:00,0.14432
Netherlands,NLD,2023-03-01 17:00:00,2023-03-01 18:00:00,0.18218
Netherlands,NLD,2023-03-01 18:00:00,2023-03-01 19:00:00,0.17643999999999999
Netherlands,NLD,2023-03-01 19:00:00,2023-03-01 20:00:00,0.15384
Netherlands,NLD,2023-03-01 20:00:00,2023-03-01 21:00:00,0.14065
Netherlands,NLD,2023-03-01 21:00:00,2023-03-01 22:00:00,0.13
Netherlands,NLD,2023-03-01 22:00:00,2023-03-01 23:00:00,0.1255
Netherlands,NLD,2023-03-01 23:00:00,2023-03-02 00:00:00,0.11179
Netherlands,NLD,2023-03-02 00:00:00,2023-03-02 01:00:00,0.11109999999999999
Netherlands,NLD,2023-03-02 01:00:00,2023-03-02 02:00:00,0.114
Netherlands,NLD,2023-03-02 02:00:00,2023-03-02 03:00:00,0.1301
Netherlands,NLD,2023-03-02 03:00:00,2023-03-02 04:00:00,0.12
Netherlands,NLD,2023-03-02 04:00:00,2023-03-02 05:00:00,0.126
Netherlands,NLD,2023-03-02 05:00:00,2023-03-02 06:00:00,0.146
Netherlands,NLD,2023-03-02 06:00:00,2023-03-02 07:00:00,0.17869
Netherlands,NLD,2023-03-02 07:00:00,2023-03-02 08:00:00,0.18956
Netherlands,NLD,2023-03-02 08:00:00,2023-03-02 09:00:00,0.14144
Netherlands,NLD,2023-03-02 09:00:00,2023-03-02 10:00:00,0.1071
Netherlands,NLD,2023-03-02 10:00:00,2023-03-02 11:00:00,0.1164
Netherlands,NLD,2023-03-02 11:00:00,2023-03-02 12:00:00,0.10506
Netherlands,NLD,2023-03-02 12:00:00,2023-03-02 13:00:00,0.10205
Netherlands,NLD,2023-03-02 13:00:00,2023-03-02 14:00:00,0.09483
Netherlands,NLD,2023-03-02 14:00:00,2023-03-02 15:00:00,0.11605
Netherlands,NLD,2023-03-02 15:00:00,2023-03-02 16:00:00,0.12
Netherlands,NLD,2023-03-02 16:00:00,2023-03-02 17:00:00,0.16581
Netherlands,NLD,2023-03-02 17:00:00,2023-03-02 18:00:00,0.1845
Netherlands,NLD,2023-03-02 18:00:00,2023-03-02 19:00:00,0.15944
Netherlands,NLD,2023-03-02 19:00:00,2023-03-02 20:00:00,0.15208000000000002
Netherlands,NLD,2023-03-02 20:00:00,2023-03-02 21:00:00,0.15756
Netherlands,NLD,2023-03-02 21:00:00,2023-03-02 22:00:00,0.14490999999999998
Netherlands,NLD,2023-03-02 22:00:00,2023-03-02 23:00:00,0.1399
Netherlands,NLD,2023-03-02 23:00:00,2023-03-03 00:00:00,0.13931
Netherlands,NLD,2023-03-03 00:00:00,2023-03-03 01:00:00,0.12802000000000002
Netherlands,NLD,2023-03-03 01:00:00,2023-03-03 02:00:00,0.12879
Netherlands,NLD,2023-03-03 02:00:00,2023-03-03 03:00:00,0.10990000000000001
Netherlands,NLD,2023-03-03 03:00:00,2023-03-03 04:00:00,0.11040000000000001
Netherlands,NLD,2023-03-03 04:00:00,2023-03-03 05:00:00,0.12221
Netherlands,NLD,2023-03-03 05:00:00,2023-03-03 06:00:00,0.16219
Netherlands,NLD,2023-03-03 06:00:00,2023-03-03 07:00:00,0.18703
Netherlands,NLD,2023-03-03 07:00:00,2023-03-03 08:00:00,0.1982
Netherlands,NLD,2023-03-03 08:00:00,2023-03-03 09:00:00,0.16366999999999998
Netherlands,NLD,2023-03-03 09:00:00,2023-03-03 10:00:00,0.13112000000000001
Netherlands,NLD,2023-03-03 10:00:00,2023-03-03 11:00:00,0.13
Netherlands,NLD,2023-03-03 11:00:00,2023-03-03 12:00:00,0.11258
Netherlands,NLD,2023-03-03 12:00:00,2023-03-03 13:00:00,0.11269
Netherlands,NLD,2023-03-03 13:00:00,2023-03-03 14:00:00,0.11464
Netherlands,NLD,2023-03-03 14:00:00,2023-03-03 15:00:00,0.10783
Netherlands,NLD,2023-03-03 15:00:00,2023-03-03 16:00:00,0.132
Netherlands,NLD,2023-03-03 16:00:00,2023-03-03 17:00:00,0.15599000000000002
Netherlands,NLD,2023-03-03 17:00:00,2023-03-03 18:00:00,0.165
Netherlands,NLD,2023-03-03 18:00:00,2023-03-03 19:00:00,0.132
Netherlands,NLD,2023-03-03 19:00:00,2023-03-03 20:00:00,0.12672
Netherlands,NLD,2023-03-03 20:00:00,2023-03-03 21:00:00,0.12625
Netherlands,NLD,2023-03-03 21:00:00,2023-03-03 22:00:00,0.12168000000000001
Netherlands,NLD,2023-03-03 22:00:00,2023-03-03 23:00:00,0.1145
Netherlands,NLD,2023-03-03 23:00:00,2023-03-04 00:00:00,0.11606999999999999
Netherlands,NLD,2023-03-04 00:00:00,2023-03-04 01:00:00,0.12390999999999999
Netherlands,NLD,2023-03-04 01:00:00,2023-03-04 02:00:00,0.12658
Netherlands,NLD,2023-03-04 02:00:00,2023-03-04 03:00:00,0.12593000000000001
Netherlands,NLD,2023-03-04 03:00:00,2023-03-04 04:00:00,0.128
Netherlands,NLD,2023-03-04 04:00:00,2023-03-04 05:00:00,0.10019
Netherlands,NLD,2023-03-04 05:00:00,2023-03-04 06:00:00,0.1157
Netherlands,NLD,2023-03-04 06:00:00,2023-03-04 07:00:00,0.11209999999999999
Netherlands,NLD,2023-03-04 07:00:00,2023-03-04 08:00:00,0.12
Netherlands,NLD,2023-03-04 08:00:00,2023-03-04 09:00:00,0.1201
Netherlands,NLD,2023-03-04 09:00:00,2023-03-04 10:00:00,0.134
Netherlands,NLD,2023-03-04 10:00:00,2023-03-04 11:00:00,0.1199
Netherlands,NLD,2023-03-04 11:00:00,2023-03-04 12:00:00,0.117
Netherlands,NLD,2023-03-04 12:00:00,2023-03-04 13:00:00,0.111
Netherlands,NLD,2023-03-04 13:00:00,2023-03-04 14:00:00,0.10595
Netherlands,NLD,2023-03-04 14:00:00,2023-03-04 15:00:00,0.10859999999999999
Netherlands,NLD,2023-03-04 15:00:00,2023-03-04 16:00:00,0.11159999999999999
Netherlands,NLD,2023-03-04 16:00:00,2023-03-04 17:00:00,0.14
Netherlands,NLD,2023-03-04 17:00:00,2023-03-04 18:00:00,0.15965000000000001
Netherlands,NLD,2023-03-04 18:00:00,2023-03-04 19:00:00,0.1514
Netherlands,NLD,2023-03-04 19:00:00,2023-03-04 20:00:00,0.13140000000000002
Netherlands,NLD,2023-03-04 20:00:00,2023-03-04 21:00:00,0.13996
Netherlands,NLD,2023-03-04 21:00:00,2023-03-04 22:00:00,0.13147
Netherlands,NLD,2023-03-04 22:00:00,2023-03-04 23:00:00,0.11383
Netherlands,NLD,2023-03-04 23:00:00,2023-03-05 00:00:00,0.1199
Netherlands,NLD,2023-03-05 00:00:00,2023-03-05 01:00:00,0.10840000000000001
Netherlands,NLD,2023-03-05 01:00:00,2023-03-05 02:00:00,0.11
Netherlands,NLD,2023-03-05 02:00:00,2023-03-05 03:00:00,0.10743000000000001
Netherlands,NLD,2023-03-05 03:00:00,2023-03-05 04:00:00,0.10654000000000001
Netherlands,NLD,2023-03-05 04:00:00,2023-03-05 05:00:00,0.10653
Netherlands,NLD,2023-03-05 05:00:00,2023-03-05 06:00:00,0.1085
Netherlands,NLD,2023-03-05 06:00:00,2023-03-05 07:00:00,0.10928
Netherlands,NLD,2023-03-05 07:00:00,2023-03-05 08:00:00,0.11622
Netherlands,NLD,2023-03-05 08:00:00,2023-03-05 09:00:00,0.11993999999999999
Netherlands,NLD,2023-03-05 09:00:00,2023-03-05 10:00:00,0.11
Netherlands,NLD,2023-03-05 10:00:00,2023-03-05 11:00:00,0.10754999999999999
Netherlands,NLD,2023-03-05 11:00:00,2023-03-05 12:00:00,0.10735
Netherlands,NLD,2023-03-05 12:00:00,2023-03-05 13:00:00,0.10862000000000001
Netherlands,NLD,2023-03-05 13:00:00,2023-03-05 14:00:00,0.1097
Netherlands,NLD,2023-03-05 14:00:00,2023-03-05 15:00:00,0.11155
Netherlands,NLD,2023-03-05 15:00:00,2023-03-05 16:00:00,0.12012
Netherlands,NLD,2023-03-05 16:00:00,2023-03-05 17:00:00,0.14514
Netherlands,NLD,2023-03-05 17:00:00,2023-03-05 18:00:00,0.16666999999999998
Netherlands,NLD,2023-03-05 18:00:00,2023-03-05 19:00:00,0.17013999999999999
Netherlands,NLD,2023-03-05 19:00:00,2023-03-05 20:00:00,0.15255000000000002
Netherlands,NLD,2023-03-05 20:00:00,2023-03-05 21:00:00,0.14978
Netherlands,NLD,2023-03-05 21:00:00,2023-03-05 22:00:00,0.1415
Netherlands,NLD,2023-03-05 22:00:00,2023-03-05 23:00:00,0.12548
Netherlands,NLD,2023-03-05 23:00:00,2023-03-06 00:00:00,0.1345
Netherlands,NLD,2023-03-06 00:00:00,2023-03-06 01:00:00,0.12244
Netherlands,NLD,2023-03-06 01:00:00,2023-03-06 02:00:00,0.11996
Netherlands,NLD,2023-03-06 02:00:00,2023-03-06 03:00:00,0.12111
Netherlands,NLD,2023-03-06 03:00:00,2023-03-06 04:00:00,0.12240999999999999
Netherlands,NLD,2023-03-06 04:00:00,2023-03-06 05:00:00,0.13559000000000002
Netherlands,NLD,2023-03-06 05:00:00,2023-03-06 06:00:00,0.1598
Netherlands,NLD,2023-03-06 06:00:00,2023-03-06 07:00:00,0.185
Netherlands,NLD,2023-03-06 07:00:00,2023-03-06 08:00:00,0.21709
Netherlands,NLD,2023-03-06 08:00:00,2023-03-06 09:00:00,0.18635
Netherlands,NLD,2023-03-06 09:00:00,2023-03-06 10:00:00,0.17026
Netherlands,NLD,2023-03-06 10:00:00,2023-03-06 11:00:00,0.16084
Netherlands,NLD,2023-03-06 11:00:00,2023-03-06 12:00:00,0.1499
Netherlands,NLD,2023-03-06 12:00:00,2023-03-06 13:00:00,0.14493
Netherlands,NLD,2023-03-06 13:00:00,2023-03-06 14:00:00,0.12
Netherlands,NLD,2023-03-06 14:00:00,2023-03-06 15:00:00,0.11612
Netherlands,NLD,2023-03-06 15:00:00,2023-03-06 16:00:00,0.10764
Netherlands,NLD,2023-03-06 16:00:00,2023-03-06 17:00:00,0.135
Netherlands,NLD,2023-03-06 17:00:00,2023-03-06 18:00:00,0.16
Netherlands,NLD,2023-03-06 18:00:00,2023-03-06 19:00:00,0.15030000000000002
Netherlands,NLD,2023-03-06 19:00:00,2023-03-06 20:00:00,0.12
Netherlands,NLD,2023-03-06 20:00:00,2023-03-06 21:00:00,0.11572
Netherlands,NLD,2023-03-06 21:00:00,2023-03-06 22:00:00,0.12
Netherlands,NLD,2023-03-06 22:00:00,2023-03-06 23:00:00,0.11493
Netherlands,NLD,2023-03-06 23:00:00,2023-03-07 00:00:00,0.1001
Netherlands,NLD,2023-03-07 00:00:00,2023-03-07 01:00:00,0.10449
Netherlands,NLD,2023-03-07 01:00:00,2023-03-07 02:00:00,0.1
Netherlands,NLD,2023-03-07 02:00:00,2023-03-07 03:00:00,0.0999
Netherlands,NLD,2023-03-07 03:00:00,2023-03-07 04:00:00,0.10909999999999999
Netherlands,NLD,2023-03-07 04:00:00,2023-03-07 05:00:00,0.09887
Netherlands,NLD,2023-03-07 05:00:00,2023-03-07 06:00:00,0.1055
Netherlands,NLD,2023-03-07 06:00:00,2023-03-07 07:00:00,0.11009999999999999
Netherlands,NLD,2023-03-07 07:00:00,2023-03-07 08:00:00,0.12990000000000002
Netherlands,NLD,2023-03-07 08:00:00,2023-03-07 09:00:00,0.17476
Netherlands,NLD,2023-03-07 09:00:00,2023-03-07 10:00:00,0.15324000000000002
Netherlands,NLD,2023-03-07 10:00:00,2023-03-07 11:00:00,0.132
Netherlands,NLD,2023-03-07 11:00:00,2023-03-07 12:00:00,0.10990000000000001
Netherlands,NLD,2023-03-07 12:00:00,2023-03-07 13:00:00,0.11
Netherlands,NLD,2023-03-07 13:00:00,2023-03-07 14:00:00,0.106
Netherlands,NLD,2023-03-07 14:00:00,2023-03-07 15:00:00,0.10382
Netherlands,NLD,2023-03-07 15:00:00,2023-03-07 16:00:00,0.11127
Netherlands,NLD,2023-03-07 16:00:00,2023-03-07 17:00:00,0.14422
Netherlands,NLD,2023-03-07 17:00:00,2023-03-07 18:00:00,0.1659
Netherlands,NLD,2023-03-07 18:00:00,2023-03-07 19:00:00,0.14391
Netherlands,NLD,2023-03-07 19:00:00,2023-03-07 20:00:00,0.15502000000000002
Netherlands,NLD,2023-03-07 20:00:00,2023-03-07 21:00:00,0.13913
Netherlands,NLD,2023-03-07 21:00:00,2023-03-07 22:00:00,0.12789
Netherlands,NLD,2023-03-07 22:00:00,2023-03-07 23:00:00,0.12114
Netherlands,NLD,2023-03-07 23:00:00,2023-03-08 00:00:00,0.11701
Netherlands,NLD,2023-03-08 00:00:00,2023-03-08 01:00:00,0.11449
Netherlands,NLD,2023-03-08 01:00:00,2023-03-08 02:00:00,0.11433
Netherlands,NLD,2023-03-08 02:00:00,2023-03-08 03:00:00,0.111
Netherlands,NLD,2023-03-08 03:00:00,2023-03-08 04:00:00,0.111
Netherlands,NLD,2023-03-08 04:00:00,2023-03-08 05:00:00,0.11823
Netherlands,NLD,2023-03-08 05:00:00,2023-03-08 06:00:00,0.14068
Netherlands,NLD,2023-03-08 06:00:00,2023-03-08 07:00:00,0.15853
Netherlands,NLD,2023-03-08 07:00:00,2023-03-08 08:00:00,0.1731
Netherlands,NLD,2023-03-08 08:00:00,2023-03-08 09:00:00,0.16299
Netherlands,NLD,2023-03-08 09:00:00,2023-03-08 10:00:00,0.15299000000000001
Netherlands,NLD,2023-03-08 10:00:00,2023-03-08 11:00:00,0.14418
Netherlands,NLD,2023-03-08 11:00:00,2023-03-08 12:00:00,0.13719
Netherlands,NLD,2023-03-08 12:00:00,2023-03-08 13:00:00,0.13508
Netherlands,NLD,2023-03-08 13:00:00,2023-03-08 14:00:00,0.13742
Netherlands,NLD,2023-03-08 14:00:00,2023-03-08 15:00:00,0.14108
Netherlands,NLD,2023-03-08 15:00:00,2023-03-08 16:00:00,0.14447
Netherlands,NLD,2023-03-08 16:00:00,2023-03-08 17:00:00,0.15300999999999998
Netherlands,NLD,2023-03-08 17:00:00,2023-03-08 18:00:00,0.16688999999999998
Netherlands,NLD,2023-03-08 18:00:00,2023-03-08 19:00:00,0.17002
Netherlands,NLD,2023-03-08 19:00:00,2023-03-08 20:00:00,0.15377000000000002
Netherlands,NLD,2023-03-08 20:00:00,2023-03-08 21:00:00,0.13438999999999998
Netherlands,NLD,2023-03-08 21:00:00,2023-03-08 22:00:00,0.12865000000000001
Netherlands,NLD,2023-03-08 22:00:00,2023-03-08 23:00:00,0.119
Netherlands,NLD,2023-03-08 23:00:00,2023-03-09 00:00:00,0.11366
Netherlands,NLD,2023-03-09 00:00:00,2023-03-09 01:00:00,0.11139
Netherlands,NLD,2023-03-09 01:00:00,2023-03-09 02:00:00,0.11102
Netherlands,NLD,2023-03-09 02:00:00,2023-03-09 03:00:00,0.10937999999999999
Netherlands,NLD,2023-03-09 03:00:00,2023-03-09 04:00:00,0.11122
Netherlands,NLD,2023-03-09 04:00:00,2023-03-09 05:00:00,0.11302
Netherlands,NLD,2023-03-09 05:00:00,2023-03-09 06:00:00,0.13738999999999998
Netherlands,NLD,2023-03-09 06:00:00,2023-03-09 07:00:00,0.14987999999999999
Netherlands,NLD,2023-03-09 07:00:00,2023-03-09 08:00:00,0.15899000000000002
Netherlands,NLD,2023-03-09 08:00:00,2023-03-09 09:00:00,0.15095
Netherlands,NLD,2023-03-09 09:00:00,2023-03-09 10:00:00,0.14234
Netherlands,NLD,2023-03-09 10:00:00,2023-03-09 11:00:00,0.1318
Netherlands,NLD,2023-03-09 11:00:00,2023-03-09 12:00:00,0.122
Netherlands,NLD,2023-03-09 12:00:00,2023-03-09 13:00:00,0.11644
Netherlands,NLD,2023-03-09 13:00:00,2023-03-09 14:00:00,0.11616
Netherlands,NLD,2023-03-09 14:00:00,2023-03-09 15:00:00,0.11635
Netherlands,NLD,2023-03-09 15:00:00,2023-03-09 16:00:00,0.118
Netherlands,NLD,2023-03-09 16:00:00,2023-03-09 17:00:00,0.1354
Netherlands,NLD,2023-03-09 17:00:00,2023-03-09 18:00:00,0.14692
Netherlands,NLD,2023-03-09 18:00:00,2023-03-09 19:00:00,0.14465
Netherlands,NLD,2023-03-09 19:00:00,2023-03-09 20:00:00,0.13456
Netherlands,NLD,2023-03-09 20:00:00,2023-03-09 21:00:00,0.12484
Netherlands,NLD,2023-03-09 21:00:00,2023-03-09 22:00:00,0.12382
Netherlands,NLD,2023-03-09 22:00:00,2023-03-09 23:00:00,0.1097
Netherlands,NLD,2023-03-09 23:00:00,2023-03-10 00:00:00,0.10289
Netherlands,NLD,2023-03-10 00:00:00,2023-03-10 01:00:00,0.10068
Netherlands,NLD,2023-03-10 01:00:00,2023-03-10 02:00:00,0.09906000000000001
Netherlands,NLD,2023-03-10 02:00:00,2023-03-10 03:00:00,0.09884
Netherlands,NLD,2023-03-10 03:00:00,2023-03-10 04:00:00,0.09909
Netherlands,NLD,2023-03-10 04:00:00,2023-03-10 05:00:00,0.105
Netherlands,NLD,2023-03-10 05:00:00,2023-03-10 06:00:00,0.11981
Netherlands,NLD,2023-03-10 06:00:00,2023-03-10 07:00:00,0.1369
Netherlands,NLD,2023-03-10 07:00:00,2023-03-10 08:00:00,0.14091
Netherlands,NLD,2023-03-10 08:00:00,2023-03-10 09:00:00,0.13661
Netherlands,NLD,2023-03-10 09:00:00,2023-03-10 10:00:00,0.13188999999999998
Netherlands,NLD,2023-03-10 10:00:00,2023-03-10 11:00:00,0.1251
Netherlands,NLD,2023-03-10 11:00:00,2023-03-10 12:00:00,0.11641
Netherlands,NLD,2023-03-10 12:00:00,2023-03-10 13:00:00,0.11283
Netherlands,NLD,2023-03-10 13:00:00,2023-03-10 14:00:00,0.11472
Netherlands,NLD,2023-03-10 14:00:00,2023-03-10 15:00:00,0.11222
Netherlands,NLD,2023-03-10 15:00:00,2023-03-10 16:00:00,0.10948999999999999
Netherlands,NLD,2023-03-10 16:00:00,2023-03-10 17:00:00,0.12894999999999998
Netherlands,NLD,2023-03-10 17:00:00,2023-03-10 18:00:00,0.13501
Netherlands,NLD,2023-03-10 18:00:00,2023-03-10 19:00:00,0.12897
Netherlands,NLD,2023-03-10 19:00:00,2023-03-10 20:00:00,0.11
Netherlands,NLD,2023-03-10 20:00:00,2023-03-10 21:00:00,0.10895999999999999
Netherlands,NLD,2023-03-10 21:00:00,2023-03-10 22:00:00,0.11
Netherlands,NLD,2023-03-10 22:00:00,2023-03-10 23:00:00,0.102
Netherlands,NLD,2023-03-10 23:00:00,2023-03-11 00:00:00,0.10936
Netherlands,NLD,2023-03-11 00:00:00,2023-03-11 01:00:00,0.108
Netherlands,NLD,2023-03-11 01:00:00,2023-03-11 02:00:00,0.107
Netherlands,NLD,2023-03-11 02:00:00,2023-03-11 03:00:00,0.10901999999999999
Netherlands,NLD,2023-03-11 03:00:00,2023-03-11 04:00:00,0.109
Netherlands,NLD,2023-03-11 04:00:00,2023-03-11 05:00:00,0.11497
Netherlands,NLD,2023-03-11 05:00:00,2023-03-11 06:00:00,0.1461
Netherlands,NLD,2023-03-11 06:00:00,2023-03-11 07:00:00,0.14535
Netherlands,NLD,2023-03-11 07:00:00,2023-03-11 08:00:00,0.11999
Netherlands,NLD,2023-03-11 08:00:00,2023-03-11 09:00:00,0.11044
Netherlands,NLD,2023-03-11 09:00:00,2023-03-11 10:00:00,0.09917000000000001
Netherlands,NLD,2023-03-11 10:00:00,2023-03-11 11:00:00,0.0871
Netherlands,NLD,2023-03-11 11:00:00,2023-03-11 12:00:00,0.07866
Netherlands,NLD,2023-03-11 12:00:00,2023-03-11 13:00:00,0.06
Netherlands,NLD,2023-03-11 13:00:00,2023-03-11 14:00:00,0.06038
Netherlands,NLD,2023-03-11 14:00:00,2023-03-11 15:00:00,0.08595
Netherlands,NLD,2023-03-11 15:00:00,2023-03-11 16:00:00,0.10809999999999999
Netherlands,NLD,2023-03-11 16:00:00,2023-03-11 17:00:00,0.13002
Netherlands,NLD,2023-03-11 17:00:00,2023-03-11 18:00:00,0.14495
Netherlands,NLD,2023-03-11 18:00:00,2023-03-11 19:00:00,0.19518000000000002
Netherlands,NLD,2023-03-11 19:00:00,2023-03-11 20:00:00,0.13154
Netherlands,NLD,2023-03-11 20:00:00,2023-03-11 21:00:00,0.11996
Netherlands,NLD,2023-03-11 21:00:00,2023-03-11 22:00:00,0.12408
Netherlands,NLD,2023-03-11 22:00:00,2023-03-11 23:00:00,0.1153
Netherlands,NLD,2023-03-11 23:00:00,2023-03-12 00:00:00,0.12088
Netherlands,NLD,2023-03-12 00:00:00,2023-03-12 01:00:00,0.10105
Netherlands,NLD,2023-03-12 01:00:00,2023-03-12 02:00:00,0.101
Netherlands,NLD,2023-03-12 02:00:00,2023-03-12 03:00:00,0.09029999999999999
Netherlands,NLD,2023-03-12 03:00:00,2023-03-12 04:00:00,0.0917
Netherlands,NLD,2023-03-12 04:00:00,2023-03-12 05:00:00,0.09198
Netherlands,NLD,2023-03-12 05:00:00,2023-03-12 06:00:00,0.09054999999999999
Netherlands,NLD,2023-03-12 06:00:00,2023-03-12 07:00:00,0.08878
Netherlands,NLD,2023-03-12 07:00:00,2023-03-12 08:00:00,0.09022
Netherlands,NLD,2023-03-12 08:00:00,2023-03-12 09:00:00,0.09370999999999999
Netherlands,NLD,2023-03-12 09:00:00,2023-03-12 10:00:00,0.09198
Netherlands,NLD,2023-03-12 10:00:00,2023-03-12 11:00:00,0.08779
Netherlands,NLD,2023-03-12 11:00:00,2023-03-12 12:00:00,0.07973000000000001
Netherlands,NLD,2023-03-12 12:00:00,2023-03-12 13:00:00,0.06896
Netherlands,NLD,2023-03-12 13:00:00,2023-03-12 14:00:00,0.07
Netherlands,NLD,2023-03-12 14:00:00,2023-03-12 15:00:00,0.07490000000000001
Netherlands,NLD,2023-03-12 15:00:00,2023-03-12 16:00:00,0.08505
Netherlands,NLD,2023-03-12 16:00:00,2023-03-12 17:00:00,0.10095
Netherlands,NLD,2023-03-12 17:00:00,2023-03-12 18:00:00,0.12005
Netherlands,NLD,2023-03-12 18:00:00,2023-03-12 19:00:00,0.14104
Netherlands,NLD,2023-03-12 19:00:00,2023-03-12 20:00:00,0.12997
Netherlands,NLD,2023-03-12 20:00:00,2023-03-12 21:00:00,0.10431
Netherlands,NLD,2023-03-12 21:00:00,2023-03-12 22:00:00,0.09490000000000001
Netherlands,NLD,2023-03-12 22:00:00,2023-03-12 23:00:00,0.08078
Netherlands,NLD,2023-03-12 23:00:00,2023-03-13 00:00:00,0.04636
Netherlands,NLD,2023-03-13 00:00:00,2023-03-13 01:00:00,0.037329999999999995
Netherlands,NLD,2023-03-13 01:00:00,2023-03-13 02:00:00,0.0334
Netherlands,NLD,2023-03-13 02:00:00,2023-03-13 03:00:00,0.016890000000000002
Netherlands,NLD,2023-03-13 03:00:00,2023-03-13 04:00:00,0.00751
Netherlands,NLD,2023-03-13 04:00:00,2023-03-13 05:00:00,0.016890000000000002
Netherlands,NLD,2023-03-13 05:00:00,2023-03-13 06:00:00,0.03849
Netherlands,NLD,2023-03-13 06:00:00,2023-03-13 07:00:00,0.07770999999999999
Netherlands,NLD,2023-03-13 07:00:00,2023-03-13 08:00:00,0.09443
Netherlands,NLD,2023-03-13 08:00:00,2023-03-13 09:00:00,0.08997
Netherlands,NLD,2023-03-13 09:00:00,2023-03-13 10:00:00,0.0648
Netherlands,NLD,2023-03-13 10:00:00,2023-03-13 11:00:00,0.023329999999999997
Netherlands,NLD,2023-03-13 11:00:00,2023-03-13 12:00:00,0.00106
Netherlands,NLD,2023-03-13 12:00:00,2023-03-13 13:00:00,-0.00098
Netherlands,NLD,2023-03-13 13:00:00,2023-03-13 14:00:00,-0.00046
Netherlands,NLD,2023-03-13 14:00:00,2023-03-13 15:00:00,0.00026000000000000003
Netherlands,NLD,2023-03-13 15:00:00,2023-03-13 16:00:00,0.00903
Netherlands,NLD,2023-03-13 16:00:00,2023-03-13 17:00:00,0.054990000000000004
Netherlands,NLD,2023-03-13 17:00:00,2023-03-13 18:00:00,0.09143000000000001
Netherlands,NLD,2023-03-13 18:00:00,2023-03-13 19:00:00,0.1
Netherlands,NLD,2023-03-13 19:00:00,2023-03-13 20:00:00,0.08353000000000001
Netherlands,NLD,2023-03-13 20:00:00,2023-03-13 21:00:00,0.07208
Netherlands,NLD,2023-03-13 21:00:00,2023-03-13 22:00:00,0.03545
Netherlands,NLD,2023-03-13 22:00:00,2023-03-13 23:00:00,0.02332
Netherlands,NLD,2023-03-13 23:00:00,2023-03-14 00:00:00,0.00957
Netherlands,NLD,2023-03-14 00:00:00,2023-03-14 01:00:00,0.0044800000000000005
Netherlands,NLD,2023-03-14 01:00:00,2023-03-14 02:00:00,0.00404
Netherlands,NLD,2023-03-14 02:00:00,2023-03-14 03:00:00,0.00195
Netherlands,NLD,2023-03-14 03:00:00,2023-03-14 04:00:00,0.00364
Netherlands,NLD,2023-03-14 04:00:00,2023-03-14 05:00:00,0.009800000000000001
Netherlands,NLD,2023-03-14 05:00:00,2023-03-14 06:00:00,0.04293
Netherlands,NLD,2023-03-14 06:00:00,2023-03-14 07:00:00,0.09436
Netherlands,NLD,2023-03-14 07:00:00,2023-03-14 08:00:00,0.10011
Netherlands,NLD,2023-03-14 08:00:00,2023-03-14 09:00:00,0.10886
Netherlands,NLD,2023-03-14 09:00:00,2023-03-14 10:00:00,0.08283
Netherlands,NLD,2023-03-14 10:00:00,2023-03-14 11:00:00,0.060950000000000004
Netherlands,NLD,2023-03-14 11:00:00,2023-03-14 12:00:00,0.046479999999999994
Netherlands,NLD,2023-03-14 12:00:00,2023-03-14 13:00:00,0.056420000000000005
Netherlands,NLD,2023-03-14 13:00:00,2023-03-14 14:00:00,0.06551
Netherlands,NLD,2023-03-14 14:00:00,2023-03-14 15:00:00,0.05982
Netherlands,NLD,2023-03-14 15:00:00,2023-03-14 16:00:00,0.07883
Netherlands,NLD,2023-03-14 16:00:00,2023-03-14 17:00:00,0.13155
Netherlands,NLD,2023-03-14 17:00:00,2023-03-14 18:00:00,0.162
Netherlands,NLD,2023-03-14 18:00:00,2023-03-14 19:00:00,0.203
Netherlands,NLD,2023-03-14 19:00:00,2023-03-14 20:00:00,0.19945
Netherlands,NLD,2023-03-14 20:00:00,2023-03-14 21:00:00,0.1512
Netherlands,NLD,2023-03-14 21:00:00,2023-03-14 22:00:00,0.1335
Netherlands,NLD,2023-03-14 22:00:00,2023-03-14 23:00:00,0.1446
Netherlands,NLD,2023-03-14 23:00:00,2023-03-15 00:00:00,0.15580000000000002
Netherlands,NLD,2023-03-15 00:00:00,2023-03-15 01:00:00,0.1142
Netherlands,NLD,2023-03-15 01:00:00,2023-03-15 02:00:00,0.1159
Netherlands,NLD,2023-03-15 02:00:00,2023-03-15 03:00:00,0.10821
Netherlands,NLD,2023-03-15 03:00:00,2023-03-15 04:00:00,0.10854000000000001
Netherlands,NLD,2023-03-15 04:00:00,2023-03-15 05:00:00,0.12345
Netherlands,NLD,2023-03-15 05:00:00,2023-03-15 06:00:00,0.1436
Netherlands,NLD,2023-03-15 06:00:00,2023-03-15 07:00:00,0.2
Netherlands,NLD,2023-03-15 07:00:00,2023-03-15 08:00:00,0.219
Netherlands,NLD,2023-03-15 08:00:00,2023-03-15 09:00:00,0.14593
Netherlands,NLD,2023-03-15 09:00:00,2023-03-15 10:00:00,0.1107
Netherlands,NLD,2023-03-15 10:00:00,2023-03-15 11:00:00,0.07794
Netherlands,NLD,2023-03-15 11:00:00,2023-03-15 12:00:00,0.07490000000000001
Netherlands,NLD,2023-03-15 12:00:00,2023-03-15 13:00:00,0.06271
Netherlands,NLD,2023-03-15 13:00:00,2023-03-15 14:00:00,0.07490000000000001
Netherlands,NLD,2023-03-15 14:00:00,2023-03-15 15:00:00,0.1001
Netherlands,NLD,2023-03-15 15:00:00,2023-03-15 16:00:00,0.11451
Netherlands,NLD,2023-03-15 16:00:00,2023-03-15 17:00:00,0.15080000000000002
Netherlands,NLD,2023-03-15 17:00:00,2023-03-15 18:00:00,0.18230000000000002
Netherlands,NLD,2023-03-15 18:00:00,2023-03-15 19:00:00,0.19911
Netherlands,NLD,2023-03-15 19:00:00,2023-03-15 20:00:00,0.16534000000000001
Netherlands,NLD,2023-03-15 20:00:00,2023-03-15 21:00:00,0.14736000000000002
Netherlands,NLD,2023-03-15 21:00:00,2023-03-15 22:00:00,0.13935
Netherlands,NLD,2023-03-15 22:00:00,2023-03-15 23:00:00,0.12763
Netherlands,NLD,2023-03-15 23:00:00,2023-03-16 00:00:00,0.11739
Netherlands,NLD,2023-03-16 00:00:00,2023-03-16 01:00:00,0.1072
Netherlands,NLD,2023-03-16 01:00:00,2023-03-16 02:00:00,0.1038
Netherlands,NLD,2023-03-16 02:00:00,2023-03-16 03:00:00,0.1
Netherlands,NLD,2023-03-16 03:00:00,2023-03-16 04:00:00,0.09806999999999999
Netherlands,NLD,2023-03-16 04:00:00,2023-03-16 05:00:00,0.1036
Netherlands,NLD,2023-03-16 05:00:00,2023-03-16 06:00:00,0.11056999999999999
Netherlands,NLD,2023-03-16 06:00:00,2023-03-16 07:00:00,0.14235
Netherlands,NLD,2023-03-16 07:00:00,2023-03-16 08:00:00,0.13803
Netherlands,NLD,2023-03-16 08:00:00,2023-03-16 09:00:00,0.11712
Netherlands,NLD,2023-03-16 09:00:00,2023-03-16 10:00:00,0.1032
Netherlands,NLD,2023-03-16 10:00:00,2023-03-16 11:00:00,0.09151000000000001
Netherlands,NLD,2023-03-16 11:00:00,2023-03-16 12:00:00,0.08541
Netherlands,NLD,2023-03-16 12:00:00,2023-03-16 13:00:00,0.07851000000000001
Netherlands,NLD,2023-03-16 13:00:00,2023-03-16 14:00:00,0.08047
Netherlands,NLD,2023-03-16 14:00:00,2023-03-16 15:00:00,0.0849
Netherlands,NLD,2023-03-16 15:00:00,2023-03-16 16:00:00,0.09545999999999999
Netherlands,NLD,2023-03-16 16:00:00,2023-03-16 17:00:00,0.11923
Netherlands,NLD,2023-03-16 17:00:00,2023-03-16 18:00:00,0.13188
Netherlands,NLD,2023-03-16 18:00:00,2023-03-16 19:00:00,0.13002
Netherlands,NLD,2023-03-16 19:00:00,2023-03-16 20:00:00,0.1025
Netherlands,NLD,2023-03-16 20:00:00,2023-03-16 21:00:00,0.1018
Netherlands,NLD,2023-03-16 21:00:00,2023-03-16 22:00:00,0.0882
Netherlands,NLD,2023-03-16 22:00:00,2023-03-16 23:00:00,0.08170000000000001
Netherlands,NLD,2023-03-16 23:00:00,2023-03-17 00:00:00,0.09
Netherlands,NLD,2023-03-17 00:00:00,2023-03-17 01:00:00,0.09
Netherlands,NLD,2023-03-17 01:00:00,2023-03-17 02:00:00,0.08935
Netherlands,NLD,2023-03-17 02:00:00,2023-03-17 03:00:00,0.07554999999999999
Netherlands,NLD,2023-03-17 03:00:00,2023-03-17 04:00:00,0.079
Netherlands,NLD,2023-03-17 04:00:00,2023-03-17 05:00:00,0.08159000000000001
Netherlands,NLD,2023-03-17 05:00:00,2023-03-17 06:00:00,0.11924
Netherlands,NLD,2023-03-17 06:00:00,2023-03-17 07:00:00,0.1406
Netherlands,NLD,2023-03-17 07:00:00,2023-03-17 08:00:00,0.134
Netherlands,NLD,2023-03-17 08:00:00,2023-03-17 09:00:00,0.1039
Netherlands,NLD,2023-03-17 09:00:00,2023-03-17 10:00:00,0.09770000000000001
Netherlands,NLD,2023-03-17 10:00:00,2023-03-17 11:00:00,0.09240000000000001
Netherlands,NLD,2023-03-17 11:00:00,2023-03-17 12:00:00,0.07815000000000001
Netherlands,NLD,2023-03-17 12:00:00,2023-03-17 13:00:00,0.09063
Netherlands,NLD,2023-03-17 13:00:00,2023-03-17 14:00:00,0.08951
Netherlands,NLD,2023-03-17 14:00:00,2023-03-17 15:00:00,0.09903
Netherlands,NLD,2023-03-17 15:00:00,2023-03-17 16:00:00,0.10954000000000001
Netherlands,NLD,2023-03-17 16:00:00,2023-03-17 17:00:00,0.12676
Netherlands,NLD,2023-03-17 17:00:00,2023-03-17 18:00:00,0.1399
Netherlands,NLD,2023-03-17 18:00:00,2023-03-17 19:00:00,0.16371
Netherlands,NLD,2023-03-17 19:00:00,2023-03-17 20:00:00,0.1399
Netherlands,NLD,2023-03-17 20:00:00,2023-03-17 21:00:00,0.12919
Netherlands,NLD,2023-03-17 21:00:00,2023-03-17 22:00:00,0.1199
Netherlands,NLD,2023-03-17 22:00:00,2023-03-17 23:00:00,0.12875
Netherlands,NLD,2023-03-17 23:00:00,2023-03-18 00:00:00,0.12016
Netherlands,NLD,2023-03-18 00:00:00,2023-03-18 01:00:00,0.1191
Netherlands,NLD,2023-03-18 01:00:00,2023-03-18 02:00:00,0.1
Netherlands,NLD,2023-03-18 02:00:00,2023-03-18 03:00:00,0.095
Netherlands,NLD,2023-03-18 03:00:00,2023-03-18 04:00:00,0.09618
Netherlands,NLD,2023-03-18 04:00:00,2023-03-18 05:00:00,0.0998
Netherlands,NLD,2023-03-18 05:00:00,2023-03-18 06:00:00,0.1035
Netherlands,NLD,2023-03-18 06:00:00,2023-03-18 07:00:00,0.10543000000000001
Netherlands,NLD,2023-03-18 07:00:00,2023-03-18 08:00:00,0.10076
Netherlands,NLD,2023-03-18 08:00:00,2023-03-18 09:00:00,0.10265
Netherlands,NLD,2023-03-18 09:00:00,2023-03-18 10:00:00,0.09702
Netherlands,NLD,2023-03-18 10:00:00,2023-03-18 11:00:00,0.09115000000000001
Netherlands,NLD,2023-03-18 11:00:00,2023-03-18 12:00:00,0.08406
Netherlands,NLD,2023-03-18 12:00:00,2023-03-18 13:00:00,0.08042
Netherlands,NLD,2023-03-18 13:00:00,2023-03-18 14:00:00,0.08752
Netherlands,NLD,2023-03-18 14:00:00,2023-03-18 15:00:00,0.09208
Netherlands,NLD,2023-03-18 15:00:00,2023-03-18 16:00:00,0.10443000000000001
Netherlands,NLD,2023-03-18 16:00:00,2023-03-18 17:00:00,0.13074000000000002
Netherlands,NLD,2023-03-18 17:00:00,2023-03-18 18:00:00,0.15694999999999998
Netherlands,NLD,2023-03-18 18:00:00,2023-03-18 19:00:00,0.16954
Netherlands,NLD,2023-03-18 19:00:00,2023-03-18 20:00:00,0.14415
Netherlands,NLD,2023-03-18 20:00:00,2023-03-18 21:00:00,0.13291999999999998
Netherlands,NLD,2023-03-18 21:00:00,2023-03-18 22:00:00,0.12994999999999998
Netherlands,NLD,2023-03-18 22:00:00,2023-03-18 23:00:00,0.11846
Netherlands,NLD,2023-03-18 23:00:00,2023-03-19 00:00:00,0.11003
Netherlands,NLD,2023-03-19 00:00:00,2023-03-19 01:00:00,0.106
Netherlands,NLD,2023-03-19 01:00:00,2023-03-19 02:00:00,0.0996
Netherlands,NLD,2023-03-19 02:00:00,2023-03-19 03:00:00,0.09918
Netherlands,NLD,2023-03-19 03:00:00,2023-03-19 04:00:00,0.09874
Netherlands,NLD,2023-03-19 04:00:00,2023-03-19 05:00:00,0.10336
Netherlands,NLD,2023-03-19 05:00:00,2023-03-19 06:00:00,0.1
Netherlands,NLD,2023-03-19 06:00:00,2023-03-19 07:00:00,0.10245
Netherlands,NLD,2023-03-19 07:00:00,2023-03-19 08:00:00,0.10144
Netherlands,NLD,2023-03-19 08:00:00,2023-03-19 09:00:00,0.10226
Netherlands,NLD,2023-03-19 09:00:00,2023-03-19 10:00:00,0.10056
Netherlands,NLD,2023-03-19 10:00:00,2023-03-19 11:00:00,0.09929
Netherlands,NLD,2023-03-19 11:00:00,2023-03-19 12:00:00,0.09745999999999999
Netherlands,NLD,2023-03-19 12:00:00,2023-03-19 13:00:00,0.09404000000000001
Netherlands,NLD,2023-03-19 13:00:00,2023-03-19 14:00:00,0.09501000000000001
Netherlands,NLD,2023-03-19 14:00:00,2023-03-19 15:00:00,0.09867000000000001
Netherlands,NLD,2023-03-19 15:00:00,2023-03-19 16:00:00,0.10609
Netherlands,NLD,2023-03-19 16:00:00,2023-03-19 17:00:00,0.13462000000000002
Netherlands,NLD,2023-03-19 17:00:00,2023-03-19 18:00:00,0.145
Netherlands,NLD,2023-03-19 18:00:00,2023-03-19 19:00:00,0.15291
Netherlands,NLD,2023-03-19 19:00:00,2023-03-19 20:00:00,0.14471
Netherlands,NLD,2023-03-19 20:00:00,2023-03-19 21:00:00,0.13527
Netherlands,NLD,2023-03-19 21:00:00,2023-03-19 22:00:00,0.13290000000000002
Netherlands,NLD,2023-03-19 22:00:00,2023-03-19 23:00:00,0.13
Netherlands,NLD,2023-03-19 23:00:00,2023-03-20 00:00:00,0.124
Netherlands,NLD,2023-03-20 00:00:00,2023-03-20 01:00:00,0.11494
Netherlands,NLD,2023-03-20 01:00:00,2023-03-20 02:00:00,0.11306000000000001
Netherlands,NLD,2023-03-20 02:00:00,2023-03-20 03:00:00,0.11018
Netherlands,NLD,2023-03-20 03:00:00,2023-03-20 04:00:00,0.11025
Netherlands,NLD,2023-03-20 04:00:00,2023-03-20 05:00:00,0.1164
Netherlands,NLD,2023-03-20 05:00:00,2023-03-20 06:00:00,0.13577
Netherlands,NLD,2023-03-20 06:00:00,2023-03-20 07:00:00,0.14843
Netherlands,NLD,2023-03-20 07:00:00,2023-03-20 08:00:00,0.14851
Netherlands,NLD,2023-03-20 08:00:00,2023-03-20 09:00:00,0.13756000000000002
Netherlands,NLD,2023-03-20 09:00:00,2023-03-20 10:00:00,0.12275
Netherlands,NLD,2023-03-20 10:00:00,2023-03-20 11:00:00,0.11579
Netherlands,NLD,2023-03-20 11:00:00,2023-03-20 12:00:00,0.10457999999999999
Netherlands,NLD,2023-03-20 12:00:00,2023-03-20 13:00:00,0.09994
Netherlands,NLD,2023-03-20 13:00:00,2023-03-20 14:00:00,0.10169
Netherlands,NLD,2023-03-20 14:00:00,2023-03-20 15:00:00,0.10472
Netherlands,NLD,2023-03-20 15:00:00,2023-03-20 16:00:00,0.11381999999999999
Netherlands,NLD,2023-03-20 16:00:00,2023-03-20 17:00:00,0.13282
Netherlands,NLD,2023-03-20 17:00:00,2023-03-20 18:00:00,0.15096
Netherlands,NLD,2023-03-20 18:00:00,2023-03-20 19:00:00,0.16547
Netherlands,NLD,2023-03-20 19:00:00,2023-03-20 20:00:00,0.15236000000000002
Netherlands,NLD,2023-03-20 20:00:00,2023-03-20 21:00:00,0.13549
Netherlands,NLD,2023-03-20 21:00:00,2023-03-20 22:00:00,0.1275
Netherlands,NLD,2023-03-20 22:00:00,2023-03-20 23:00:00,0.11704
Netherlands,NLD,2023-03-20 23:00:00,2023-03-21 00:00:00,0.12079000000000001
Netherlands,NLD,2023-03-21 00:00:00,2023-03-21 01:00:00,0.11228
Netherlands,NLD,2023-03-21 01:00:00,2023-03-21 02:00:00,0.11156
Netherlands,NLD,2023-03-21 02:00:00,2023-03-21 03:00:00,0.10865000000000001
Netherlands,NLD,2023-03-21 03:00:00,2023-03-21 04:00:00,0.11
Netherlands,NLD,2023-03-21 04:00:00,2023-03-21 05:00:00,0.11821
Netherlands,NLD,2023-03-21 05:00:00,2023-03-21 06:00:00,0.12979
Netherlands,NLD,2023-03-21 06:00:00,2023-03-21 07:00:00,0.14547
Netherlands,NLD,2023-03-21 07:00:00,2023-03-21 08:00:00,0.14343
Netherlands,NLD,2023-03-21 08:00:00,2023-03-21 09:00:00,0.1285
Netherlands,NLD,2023-03-21 09:00:00,2023-03-21 10:00:00,0.115
Netherlands,NLD,2023-03-21 10:00:00,2023-03-21 11:00:00,0.10667
Netherlands,NLD,2023-03-21 11:00:00,2023-03-21 12:00:00,0.10191
Netherlands,NLD,2023-03-21 12:00:00,2023-03-21 13:00:00,0.09948
Netherlands,NLD,2023-03-21 13:00:00,2023-03-21 14:00:00,0.09609000000000001
Netherlands,NLD,2023-03-21 14:00:00,2023-03-21 15:00:00,0.09825
Netherlands,NLD,2023-03-21 15:00:00,2023-03-21 16:00:00,0.10112
Netherlands,NLD,2023-03-21 16:00:00,2023-03-21 17:00:00,0.11294
Netherlands,NLD,2023-03-21 17:00:00,2023-03-21 18:00:00,0.13204
Netherlands,NLD,2023-03-21 18:00:00,2023-03-21 19:00:00,0.14326
Netherlands,NLD,2023-03-21 19:00:00,2023-03-21 20:00:00,0.11234000000000001
Netherlands,NLD,2023-03-21 20:00:00,2023-03-21 21:00:00,0.101
Netherlands,NLD,2023-03-21 21:00:00,2023-03-21 22:00:00,0.09218000000000001
Netherlands,NLD,2023-03-21 22:00:00,2023-03-21 23:00:00,0.09036
Netherlands,NLD,2023-03-21 23:00:00,2023-03-22 00:00:00,0.07706
Netherlands,NLD,2023-03-22 00:00:00,2023-03-22 01:00:00,0.07318999999999999
Netherlands,NLD,2023-03-22 01:00:00,2023-03-22 02:00:00,0.07339
Netherlands,NLD,2023-03-22 02:00:00,2023-03-22 03:00:00,0.06881
Netherlands,NLD,2023-03-22 03:00:00,2023-03-22 04:00:00,0.06648
Netherlands,NLD,2023-03-22 04:00:00,2023-03-22 05:00:00,0.07191
Netherlands,NLD,2023-03-22 05:00:00,2023-03-22 06:00:00,0.08448
Netherlands,NLD,2023-03-22 06:00:00,2023-03-22 07:00:00,0.10254
Netherlands,NLD,2023-03-22 07:00:00,2023-03-22 08:00:00,0.10754000000000001
Netherlands,NLD,2023-03-22 08:00:00,2023-03-22 09:00:00,0.09259999999999999
Netherlands,NLD,2023-03-22 09:00:00,2023-03-22 10:00:00,0.07876000000000001
Netherlands,NLD,2023-03-22 10:00:00,2023-03-22 11:00:00,0.08152
Netherlands,NLD,2023-03-22 11:00:00,2023-03-22 12:00:00,0.07304000000000001
Netherlands,NLD,2023-03-22 12:00:00,2023-03-22 13:00:00,0.0711
Netherlands,NLD,2023-03-22 13:00:00,2023-03-22 14:00:00,0.07856999999999999
Netherlands,NLD,2023-03-22 14:00:00,2023-03-22 15:00:00,0.06995
Netherlands,NLD,2023-03-22 15:00:00,2023-03-22 16:00:00,0.08184000000000001
Netherlands,NLD,2023-03-22 16:00:00,2023-03-22 17:00:00,0.10062
Netherlands,NLD,2023-03-22 17:00:00,2023-03-22 18:00:00,0.11871999999999999
Netherlands,NLD,2023-03-22 18:00:00,2023-03-22 19:00:00,0.13978
Netherlands,NLD,2023-03-22 19:00:00,2023-03-22 20:00:00,0.12514
Netherlands,NLD,2023-03-22 20:00:00,2023-03-22 21:00:00,0.10837000000000001
Netherlands,NLD,2023-03-22 21:00:00,2023-03-22 22:00:00,0.0999
Netherlands,NLD,2023-03-22 22:00:00,2023-03-22 23:00:00,0.08351
Netherlands,NLD,2023-03-22 23:00:00,2023-03-23 00:00:00,0.06793
Netherlands,NLD,2023-03-23 00:00:00,2023-03-23 01:00:00,0.06593
Netherlands,NLD,2023-03-23 01:00:00,2023-03-23 02:00:00,0.055659999999999994
Netherlands,NLD,2023-03-23 02:00:00,2023-03-23 03:00:00,0.04665
Netherlands,NLD,2023-03-23 03:00:00,2023-03-23 04:00:00,0.03246
Netherlands,NLD,2023-03-23 04:00:00,2023-03-23 05:00:00,0.05579
Netherlands,NLD,2023-03-23 05:00:00,2023-03-23 06:00:00,0.08058
Netherlands,NLD,2023-03-23 06:00:00,2023-03-23 07:00:00,0.09222
Netherlands,NLD,2023-03-23 07:00:00,2023-03-23 08:00:00,0.095
Netherlands,NLD,2023-03-23 08:00:00,2023-03-23 09:00:00,0.07490000000000001
Netherlands,NLD,2023-03-23 09:00:00,2023-03-23 10:00:00,0.0414
Netherlands,NLD,2023-03-23 10:00:00,2023-03-23 11:00:00,0.03503
Netherlands,NLD,2023-03-23 11:00:00,2023-03-23 12:00:00,0.03537
Netherlands,NLD,2023-03-23 12:00:00,2023-03-23 13:00:00,0.03641
Netherlands,NLD,2023-03-23 13:00:00,2023-03-23 14:00:00,0.0509
Netherlands,NLD,2023-03-23 14:00:00,2023-03-23 15:00:00,0.054
Netherlands,NLD,2023-03-23 15:00:00,2023-03-23 16:00:00,0.08939
Netherlands,NLD,2023-03-23 16:00:00,2023-03-23 17:00:00,0.11946999999999999
Netherlands,NLD,2023-03-23 17:00:00,2023-03-23 18:00:00,0.13686
Netherlands,NLD,2023-03-23 18:00:00,2023-03-23 19:00:00,0.14437
Netherlands,NLD,2023-03-23 19:00:00,2023-03-23 20:00:00,0.12204000000000001
Netherlands,NLD,2023-03-23 20:00:00,2023-03-23 21:00:00,0.09203
Netherlands,NLD,2023-03-23 21:00:00,2023-03-23 22:00:00,0.08885
Netherlands,NLD,2023-03-23 22:00:00,2023-03-23 23:00:00,0.07754000000000001
Netherlands,NLD,2023-03-23 23:00:00,2023-03-24 00:00:00,0.054979999999999994
Netherlands,NLD,2023-03-24 00:00:00,2023-03-24 01:00:00,0.0438
Netherlands,NLD,2023-03-24 01:00:00,2023-03-24 02:00:00,0.040670000000000005
Netherlands,NLD,2023-03-24 02:00:00,2023-03-24 03:00:00,0.039920000000000004
Netherlands,NLD,2023-03-24 03:00:00,2023-03-24 04:00:00,0.03507
Netherlands,NLD,2023-03-24 04:00:00,2023-03-24 05:00:00,0.04019
Netherlands,NLD,2023-03-24 05:00:00,2023-03-24 06:00:00,0.062439999999999996
Netherlands,NLD,2023-03-24 06:00:00,2023-03-24 07:00:00,0.08123000000000001
Netherlands,NLD,2023-03-24 07:00:00,2023-03-24 08:00:00,0.08123000000000001
Netherlands,NLD,2023-03-24 08:00:00,2023-03-24 09:00:00,0.06236
Netherlands,NLD,2023-03-24 09:00:00,2023-03-24 10:00:00,0.0213
Netherlands,NLD,2023-03-24 10:00:00,2023-03-24 11:00:00,0.0
Netherlands,NLD,2023-03-24 11:00:00,2023-03-24 12:00:00,-0.01
Netherlands,NLD,2023-03-24 12:00:00,2023-03-24 13:00:00,-0.0114
Netherlands,NLD,2023-03-24 13:00:00,2023-03-24 14:00:00,-0.00466
Netherlands,NLD,2023-03-24 14:00:00,2023-03-24 15:00:00,0.004900000000000001
Netherlands,NLD,2023-03-24 15:00:00,2023-03-24 16:00:00,0.02932
Netherlands,NLD,2023-03-24 16:00:00,2023-03-24 17:00:00,0.07943
Netherlands,NLD,2023-03-24 17:00:00,2023-03-24 18:00:00,0.1008
Netherlands,NLD,2023-03-24 18:00:00,2023-03-24 19:00:00,0.11623
Netherlands,NLD,2023-03-24 19:00:00,2023-03-24 20:00:00,0.09670000000000001
Netherlands,NLD,2023-03-24 20:00:00,2023-03-24 21:00:00,0.08247
Netherlands,NLD,2023-03-24 21:00:00,2023-03-24 22:00:00,0.0762
Netherlands,NLD,2023-03-24 22:00:00,2023-03-24 23:00:00,0.0649
Netherlands,NLD,2023-03-24 23:00:00,2023-03-25 00:00:00,0.015300000000000001
Netherlands,NLD,2023-03-25 00:00:00,2023-03-25 01:00:00,0.0001
Netherlands,NLD,2023-03-25 01:00:00,2023-03-25 02:00:00,-0.003
Netherlands,NLD,2023-03-25 02:00:00,2023-03-25 03:00:00,-0.00020999999999999998
Netherlands,NLD,2023-03-25 03:00:00,2023-03-25 04:00:00,-0.00115
Netherlands,NLD,2023-03-25 04:00:00,2023-03-25 05:00:00,-0.00199
Netherlands,NLD,2023-03-25 05:00:00,2023-03-25 06:00:00,-0.00237
Netherlands,NLD,2023-03-25 06:00:00,2023-03-25 07:00:00,0.0
Netherlands,NLD,2023-03-25 07:00:00,2023-03-25 08:00:00,0.0
Netherlands,NLD,2023-03-25 08:00:00,2023-03-25 09:00:00,-0.00394
Netherlands,NLD,2023-03-25 09:00:00,2023-03-25 10:00:00,-0.00799
Netherlands,NLD,2023-03-25 10:00:00,2023-03-25 11:00:00,-0.00218
Netherlands,NLD,2023-03-25 11:00:00,2023-03-25 12:00:00,-0.00667
Netherlands,NLD,2023-03-25 12:00:00,2023-03-25 13:00:00,-0.009710000000000002
Netherlands,NLD,2023-03-25 13:00:00,2023-03-25 14:00:00,-0.009529999999999999
Netherlands,NLD,2023-03-25 14:00:00,2023-03-25 15:00:00,-0.00175
Netherlands,NLD,2023-03-25 15:00:00,2023-03-25 16:00:00,-0.00101
Netherlands,NLD,2023-03-25 16:00:00,2023-03-25 17:00:00,0.031920000000000004
Netherlands,NLD,2023-03-25 17:00:00,2023-03-25 18:00:00,0.075
Netherlands,NLD,2023-03-25 18:00:00,2023-03-25 19:00:00,0.09998
Netherlands,NLD,2023-03-25 19:00:00,2023-03-25 20:00:00,0.0999
Netherlands,NLD,2023-03-25 20:00:00,2023-03-25 21:00:00,0.09755
Netherlands,NLD,2023-03-25 21:00:00,2023-03-25 22:00:00,0.098
Netherlands,NLD,2023-03-25 22:00:00,2023-03-25 23:00:00,0.09759999999999999
Netherlands,NLD,2023-03-25 23:00:00,2023-03-26 00:00:00,0.09456999999999999
Netherlands,NLD,2023-03-26 00:00:00,2023-03-26 01:00:00,0.08
Netherlands,NLD,2023-03-26 01:00:00,2023-03-26 03:00:00,0.0849
Netherlands,NLD,2023-03-26 02:00:00,2023-03-26 04:00:00,0.07362
Netherlands,NLD,2023-03-26 03:00:00,2023-03-26 05:00:00,0.07365000000000001
Netherlands,NLD,2023-03-26 04:00:00,2023-03-26 06:00:00,0.06349
Netherlands,NLD,2023-03-26 05:00:00,2023-03-26 07:00:00,0.07309
Netherlands,NLD,2023-03-26 06:00:00,2023-03-26 08:00:00,0.07834999999999999
Netherlands,NLD,2023-03-26 07:00:00,2023-03-26 09:00:00,0.08469
Netherlands,NLD,2023-03-26 08:00:00,2023-03-26 10:00:00,0.0887
Netherlands,NLD,2023-03-26 09:00:00,2023-03-26 11:00:00,0.0849
Netherlands,NLD,2023-03-26 10:00:00,2023-03-26 12:00:00,0.07490000000000001
Netherlands,NLD,2023-03-26 11:00:00,2023-03-26 13:00:00,0.06167
Netherlands,NLD,2023-03-26 12:00:00,2023-03-26 14:00:00,0.05046
Netherlands,NLD,2023-03-26 13:00:00,2023-03-26 15:00:00,0.04557
Netherlands,NLD,2023-03-26 14:00:00,2023-03-26 16:00:00,0.048350000000000004
Netherlands,NLD,2023-03-26 15:00:00,2023-03-26 17:00:00,0.07709
Netherlands,NLD,2023-03-26 16:00:00,2023-03-26 18:00:00,0.10665000000000001
Netherlands,NLD,2023-03-26 17:00:00,2023-03-26 19:00:00,0.11785999999999999
Netherlands,NLD,2023-03-26 18:00:00,2023-03-26 20:00:00,0.11259000000000001
Netherlands,NLD,2023-03-26 19:00:00,2023-03-26 21:00:00,0.10463
Netherlands,NLD,2023-03-26 20:00:00,2023-03-26 22:00:00,0.09942000000000001
Netherlands,NLD,2023-03-26 21:00:00,2023-03-26 23:00:00,0.09464
Netherlands,NLD,2023-03-26 22:00:00,2023-03-27 00:00:00,0.096
Netherlands,NLD,2023-03-26 23:00:00,2023-03-27 01:00:00,0.09171
Netherlands,NLD,2023-03-27 00:00:00,2023-03-27 02:00:00,0.08748
Netherlands,NLD,2023-03-27 01:00:00,2023-03-27 03:00:00,0.08399
Netherlands,NLD,2023-03-27 02:00:00,2023-03-27 04:00:00,0.0849
Netherlands,NLD,2023-03-27 03:00:00,2023-03-27 05:00:00,0.08659
Netherlands,NLD,2023-03-27 04:00:00,2023-03-27 06:00:00,0.115
Netherlands,NLD,2023-03-27 05:00:00,2023-03-27 07:00:00,0.14299
Netherlands,NLD,2023-03-27 06:00:00,2023-03-27 08:00:00,0.14937999999999999
Netherlands,NLD,2023-03-27 07:00:00,2023-03-27 09:00:00,0.085
Netherlands,NLD,2023-03-27 08:00:00,2023-03-27 10:00:00,0.0601
Netherlands,NLD,2023-03-27 09:00:00,2023-03-27 11:00:00,0.05075
Netherlands,NLD,2023-03-27 10:00:00,2023-03-27 12:00:00,0.0
Netherlands,NLD,2023-03-27 11:00:00,2023-03-27 13:00:00,0.0
Netherlands,NLD,2023-03-27 12:00:00,2023-03-27 14:00:00,-0.01002
Netherlands,NLD,2023-03-27 13:00:00,2023-03-27 15:00:00,-0.02002
Netherlands,NLD,2023-03-27 14:00:00,2023-03-27 16:00:00,0.0
Netherlands,NLD,2023-03-27 15:00:00,2023-03-27 17:00:00,0.06398
Netherlands,NLD,2023-03-27 16:00:00,2023-03-27 18:00:00,0.1004
Netherlands,NLD,2023-03-27 17:00:00,2023-03-27 19:00:00,0.13591
Netherlands,NLD,2023-03-27 18:00:00,2023-03-27 20:00:00,0.189
Netherlands,NLD,2023-03-27 19:00:00,2023-03-27 21:00:00,0.1447
Netherlands,NLD,2023-03-27 20:00:00,2023-03-27 22:00:00,0.11358
Netherlands,NLD,2023-03-27 21:00:00,2023-03-27 23:00:00,0.0948
Netherlands,NLD,2023-03-27 22:00:00,2023-03-28 00:00:00,0.0999
Netherlands,NLD,2023-03-27 23:00:00,2023-03-28 01:00:00,0.1045
Netherlands,NLD,2023-03-28 00:00:00,2023-03-28 02:00:00,0.1001
Netherlands,NLD,2023-03-28 01:00:00,2023-03-28 03:00:00,0.09609999999999999
Netherlands,NLD,2023-03-28 02:00:00,2023-03-28 04:00:00,0.09540000000000001
Netherlands,NLD,2023-03-28 03:00:00,2023-03-28 05:00:00,0.10077
Netherlands,NLD,2023-03-28 04:00:00,2023-03-28 06:00:00,0.13004
Netherlands,NLD,2023-03-28 05:00:00,2023-03-28 07:00:00,0.16007
Netherlands,NLD,2023-03-28 06:00:00,2023-03-28 08:00:00,0.15977000000000002
Netherlands,NLD,2023-03-28 07:00:00,2023-03-28 09:00:00,0.12521
Netherlands,NLD,2023-03-28 08:00:00,2023-03-28 10:00:00,0.10428
Netherlands,NLD,2023-03-28 09:00:00,2023-03-28 11:00:00,0.09489
Netherlands,NLD,2023-03-28 10:00:00,2023-03-28 12:00:00,0.09129999999999999
Netherlands,NLD,2023-03-28 11:00:00,2023-03-28 13:00:00,0.08687
Netherlands,NLD,2023-03-28 12:00:00,2023-03-28 14:00:00,0.09
Netherlands,NLD,2023-03-28 13:00:00,2023-03-28 15:00:00,0.09431999999999999
Netherlands,NLD,2023-03-28 14:00:00,2023-03-28 16:00:00,0.09608
Netherlands,NLD,2023-03-28 15:00:00,2023-03-28 17:00:00,0.10859
Netherlands,NLD,2023-03-28 16:00:00,2023-03-28 18:00:00,0.13687
Netherlands,NLD,2023-03-28 17:00:00,2023-03-28 19:00:00,0.16097999999999998
Netherlands,NLD,2023-03-28 18:00:00,2023-03-28 20:00:00,0.13594
Netherlands,NLD,2023-03-28 19:00:00,2023-03-28 21:00:00,0.132
Netherlands,NLD,2023-03-28 20:00:00,2023-03-28 22:00:00,0.12501
Netherlands,NLD,2023-03-28 21:00:00,2023-03-28 23:00:00,0.11039
Netherlands,NLD,2023-03-28 22:00:00,2023-03-29 00:00:00,0.09665
Netherlands,NLD,2023-03-28 23:00:00,2023-03-29 01:00:00,0.095
Netherlands,NLD,2023-03-29 00:00:00,2023-03-29 02:00:00,0.09540000000000001
Netherlands,NLD,2023-03-29 01:00:00,2023-03-29 03:00:00,0.09804
Netherlands,NLD,2023-03-29 02:00:00,2023-03-29 04:00:00,0.098
Netherlands,NLD,2023-03-29 03:00:00,2023-03-29 05:00:00,0.0992
Netherlands,NLD,2023-03-29 04:00:00,2023-03-29 06:00:00,0.11704
Netherlands,NLD,2023-03-29 05:00:00,2023-03-29 07:00:00,0.14413
Netherlands,NLD,2023-03-29 06:00:00,2023-03-29 08:00:00,0.152
Netherlands,NLD,2023-03-29 07:00:00,2023-03-29 09:00:00,0.14417
Netherlands,NLD,2023-03-29 08:00:00,2023-03-29 10:00:00,0.13
Netherlands,NLD,2023-03-29 09:00:00,2023-03-29 11:00:00,0.119
Netherlands,NLD,2023-03-29 10:00:00,2023-03-29 12:00:00,0.11098000000000001
Netherlands,NLD,2023-03-29 11:00:00,2023-03-29 13:00:00,0.1056
Netherlands,NLD,2023-03-29 12:00:00,2023-03-29 14:00:00,0.10155
Netherlands,NLD,2023-03-29 13:00:00,2023-03-29 15:00:00,0.10493999999999999
Netherlands,NLD,2023-03-29 14:00:00,2023-03-29 16:00:00,0.10590000000000001
Netherlands,NLD,2023-03-29 15:00:00,2023-03-29 17:00:00,0.12579
Netherlands,NLD,2023-03-29 16:00:00,2023-03-29 18:00:00,0.14318999999999998
Netherlands,NLD,2023-03-29 17:00:00,2023-03-29 19:00:00,0.14983000000000002
Netherlands,NLD,2023-03-29 18:00:00,2023-03-29 20:00:00,0.13226
Netherlands,NLD,2023-03-29 19:00:00,2023-03-29 21:00:00,0.11492000000000001
Netherlands,NLD,2023-03-29 20:00:00,2023-03-29 22:00:00,0.10990000000000001
Netherlands,NLD,2023-03-29 21:00:00,2023-03-29 23:00:00,0.0948
Netherlands,NLD,2023-03-29 22:00:00,2023-03-30 00:00:00,0.08971
Netherlands,NLD,2023-03-29 23:00:00,2023-03-30 01:00:00,0.08229
Netherlands,NLD,2023-03-30 00:00:00,2023-03-30 02:00:00,0.08078
Netherlands,NLD,2023-03-30 01:00:00,2023-03-30 03:00:00,0.07876999999999999
Netherlands,NLD,2023-03-30 02:00:00,2023-03-30 04:00:00,0.07791
Netherlands,NLD,2023-03-30 03:00:00,2023-03-30 05:00:00,0.0768
Netherlands,NLD,2023-03-30 04:00:00,2023-03-30 06:00:00,0.08864
Netherlands,NLD,2023-03-30 05:00:00,2023-03-30 07:00:00,0.11888
Netherlands,NLD,2023-03-30 06:00:00,2023-03-30 08:00:00,0.1293
Netherlands,NLD,2023-03-30 07:00:00,2023-03-30 09:00:00,0.11
Netherlands,NLD,2023-03-30 08:00:00,2023-03-30 10:00:00,0.09065999999999999
Netherlands,NLD,2023-03-30 09:00:00,2023-03-30 11:00:00,0.07993
Netherlands,NLD,2023-03-30 10:00:00,2023-03-30 12:00:00,0.06455
Netherlands,NLD,2023-03-30 11:00:00,2023-03-30 13:00:00,0.02531
Netherlands,NLD,2023-03-30 12:00:00,2023-03-30 14:00:00,0.0050999999999999995
Netherlands,NLD,2023-03-30 13:00:00,2023-03-30 15:00:00,0.00853
Netherlands,NLD,2023-03-30 14:00:00,2023-03-30 16:00:00,0.038259999999999995
Netherlands,NLD,2023-03-30 15:00:00,2023-03-30 17:00:00,0.07244
Netherlands,NLD,2023-03-30 16:00:00,2023-03-30 18:00:00,0.09755
Netherlands,NLD,2023-03-30 17:00:00,2023-03-30 19:00:00,0.1197
Netherlands,NLD,2023-03-30 18:00:00,2023-03-30 20:00:00,0.11937
Netherlands,NLD,2023-03-30 19:00:00,2023-03-30 21:00:00,0.10328
Netherlands,NLD,2023-03-30 20:00:00,2023-03-30 22:00:00,0.10006999999999999
Netherlands,NLD,2023-03-30 21:00:00,2023-03-30 23:00:00,0.09076000000000001
Netherlands,NLD,2023-03-30 22:00:00,2023-03-31 00:00:00,0.06513
Netherlands,NLD,2023-03-30 23:00:00,2023-03-31 01:00:00,0.0649
Netherlands,NLD,2023-03-31 00:00:00,2023-03-31 02:00:00,0.0571
Netherlands,NLD,2023-03-31 01:00:00,2023-03-31 03:00:00,0.04862
Netherlands,NLD,2023-03-31 02:00:00,2023-03-31 04:00:00,0.0649
Netherlands,NLD,2023-03-31 03:00:00,2023-03-31 05:00:00,0.07396
Netherlands,NLD,2023-03-31 04:00:00,2023-03-31 06:00:00,0.10922
Netherlands,NLD,2023-03-31 05:00:00,2023-03-31 07:00:00,0.12137
Netherlands,NLD,2023-03-31 06:00:00,2023-03-31 08:00:00,0.12455
Netherlands,NLD,2023-03-31 07:00:00,2023-03-31 09:00:00,0.132
Netherlands,NLD,2023-03-31 08:00:00,2023-03-31 10:00:00,0.10518000000000001
Netherlands,NLD,2023-03-31 09:00:00,2023-03-31 11:00:00,0.10568000000000001
Netherlands,NLD,2023-03-31 10:00:00,2023-03-31 12:00:00,0.08947
Netherlands,NLD,2023-03-31 11:00:00,2023-03-31 13:00:00,0.07694
Netherlands,NLD,2023-03-31 12:00:00,2023-03-31 14:00:00,0.0813
Netherlands,NLD,2023-03-31 13:00:00,2023-03-31 15:00:00,0.07817
Netherlands,NLD,2023-03-31 14:00:00,2023-03-31 16:00:00,0.07764
Netherlands,NLD,2023-03-31 15:00:00,2023-03-31 17:00:00,0.09905
Netherlands,NLD,2023-03-31 16:00:00,2023-03-31 18:00:00,0.11261
Netherlands,NLD,2023-03-31 17:00:00,2023-03-31 19:00:00,0.11453
Netherlands,NLD,2023-03-31 18:00:00,2023-03-31 20:00:00,0.10967
Netherlands,NLD,2023-03-31 19:00:00,2023-03-31 21:00:00,0.09883
Netherlands,NLD,2023-03-31 20:00:00,2023-03-31 22:00:00,0.08673
Netherlands,NLD,2023-03-31 21:00:00,2023-03-31 23:00:00,0.08
Netherlands,NLD,2023-03-31 22:00:00,2023-04-01 00:00:00,0.08219
Netherlands,NLD,2023-03-31 23:00:00,2023-04-01 01:00:00,0.0639
Netherlands,NLD,2023-04-01 00:00:00,2023-04-01 02:00:00,0.053840000000000006
Netherlands,NLD,2023-04-01 01:00:00,2023-04-01 03:00:00,0.05399
Netherlands,NLD,2023-04-01 02:00:00,2023-04-01 04:00:00,0.055009999999999996
Netherlands,NLD,2023-04-01 03:00:00,2023-04-01 05:00:00,0.07
Netherlands,NLD,2023-04-01 04:00:00,2023-04-01 06:00:00,0.08058
Netherlands,NLD,2023-04-01 05:00:00,2023-04-01 07:00:00,0.085
Netherlands,NLD,2023-04-01 06:00:00,2023-04-01 08:00:00,0.09
Netherlands,NLD,2023-04-01 07:00:00,2023-04-01 09:00:00,0.0867
Netherlands,NLD,2023-04-01 08:00:00,2023-04-01 10:00:00,0.0862
Netherlands,NLD,2023-04-01 09:00:00,2023-04-01 11:00:00,0.08437
Netherlands,NLD,2023-04-01 10:00:00,2023-04-01 12:00:00,0.08
Netherlands,NLD,2023-04-01 11:00:00,2023-04-01 13:00:00,0.0549
Netherlands,NLD,2023-04-01 12:00:00,2023-04-01 14:00:00,0.04324
Netherlands,NLD,2023-04-01 13:00:00,2023-04-01 15:00:00,0.042
Netherlands,NLD,2023-04-01 14:00:00,2023-04-01 16:00:00,0.07
Netherlands,NLD,2023-04-01 15:00:00,2023-04-01 17:00:00,0.0849
Netherlands,NLD,2023-04-01 16:00:00,2023-04-01 18:00:00,0.0993
Netherlands,NLD,2023-04-01 17:00:00,2023-04-01 19:00:00,0.09765
Netherlands,NLD,2023-04-01 18:00:00,2023-04-01 20:00:00,0.11095000000000001
Netherlands,NLD,2023-04-01 19:00:00,2023-04-01 21:00:00,0.09115999999999999
Netherlands,NLD,2023-04-01 20:00:00,2023-04-01 22:00:00,0.08177
Netherlands,NLD,2023-04-01 21:00:00,2023-04-01 23:00:00,0.0689
Netherlands,NLD,2023-04-01 22:00:00,2023-04-02 00:00:00,0.081
Netherlands,NLD,2023-04-01 23:00:00,2023-04-02 01:00:00,0.0699
Netherlands,NLD,2023-04-02 00:00:00,2023-04-02 02:00:00,0.05851
Netherlands,NLD,2023-04-02 01:00:00,2023-04-02 03:00:00,0.06046
Netherlands,NLD,2023-04-02 02:00:00,2023-04-02 04:00:00,0.05851
Netherlands,NLD,2023-04-02 03:00:00,2023-04-02 05:00:00,0.06046
Netherlands,NLD,2023-04-02 04:00:00,2023-04-02 06:00:00,0.05872
Netherlands,NLD,2023-04-02 05:00:00,2023-04-02 07:00:00,0.07008
Netherlands,NLD,2023-04-02 06:00:00,2023-04-02 08:00:00,0.07554999999999999
Netherlands,NLD,2023-04-02 07:00:00,2023-04-02 09:00:00,0.06609000000000001
Netherlands,NLD,2023-04-02 08:00:00,2023-04-02 10:00:00,0.04001
Netherlands,NLD,2023-04-02 09:00:00,2023-04-02 11:00:00,0.0233
Netherlands,NLD,2023-04-02 10:00:00,2023-04-02 12:00:00,-0.001
Netherlands,NLD,2023-04-02 11:00:00,2023-04-02 13:00:00,-0.0039900000000000005
Netherlands,NLD,2023-04-02 12:00:00,2023-04-02 14:00:00,-0.0039900000000000005
Netherlands,NLD,2023-04-02 13:00:00,2023-04-02 15:00:00,0.0
Netherlands,NLD,2023-04-02 14:00:00,2023-04-02 16:00:00,0.0128
Netherlands,NLD,2023-04-02 15:00:00,2023-04-02 17:00:00,0.04174
Netherlands,NLD,2023-04-02 16:00:00,2023-04-02 18:00:00,0.10041
Netherlands,NLD,2023-04-02 17:00:00,2023-04-02 19:00:00,0.13
Netherlands,NLD,2023-04-02 18:00:00,2023-04-02 20:00:00,0.13212000000000002
Netherlands,NLD,2023-04-02 19:00:00,2023-04-02 21:00:00,0.12165000000000001
Netherlands,NLD,2023-04-02 20:00:00,2023-04-02 22:00:00,0.11555
Netherlands,NLD,2023-04-02 21:00:00,2023-04-02 23:00:00,0.10912000000000001
Netherlands,NLD,2023-04-02 22:00:00,2023-04-03 00:00:00,0.11522
Netherlands,NLD,2023-04-02 23:00:00,2023-04-03 01:00:00,0.11272
Netherlands,NLD,2023-04-03 00:00:00,2023-04-03 02:00:00,0.11389
Netherlands,NLD,2023-04-03 01:00:00,2023-04-03 03:00:00,0.10853
Netherlands,NLD,2023-04-03 02:00:00,2023-04-03 04:00:00,0.10043
Netherlands,NLD,2023-04-03 03:00:00,2023-04-03 05:00:00,0.11006999999999999
Netherlands,NLD,2023-04-03 04:00:00,2023-04-03 06:00:00,0.13963
Netherlands,NLD,2023-04-03 05:00:00,2023-04-03 07:00:00,0.16899
Netherlands,NLD,2023-04-03 06:00:00,2023-04-03 08:00:00,0.17984
Netherlands,NLD,2023-04-03 07:00:00,2023-04-03 09:00:00,0.14
Netherlands,NLD,2023-04-03 08:00:00,2023-04-03 10:00:00,0.09218000000000001
Netherlands,NLD,2023-04-03 09:00:00,2023-04-03 11:00:00,0.06814
Netherlands,NLD,2023-04-03 10:00:00,2023-04-03 12:00:00,0.07161
Netherlands,NLD,2023-04-03 11:00:00,2023-04-03 13:00:00,0.0492
Netherlands,NLD,2023-04-03 12:00:00,2023-04-03 14:00:00,0.07158
Netherlands,NLD,2023-04-03 13:00:00,2023-04-03 15:00:00,0.07891
Netherlands,NLD,2023-04-03 14:00:00,2023-04-03 16:00:00,0.082
Netherlands,NLD,2023-04-03 15:00:00,2023-04-03 17:00:00,0.10035
Netherlands,NLD,2023-04-03 16:00:00,2023-04-03 18:00:00,0.13377
Netherlands,NLD,2023-04-03 17:00:00,2023-04-03 19:00:00,0.15811
Netherlands,NLD,2023-04-03 18:00:00,2023-04-03 20:00:00,0.16588999999999998
Netherlands,NLD,2023-04-03 19:00:00,2023-04-03 21:00:00,0.14879
Netherlands,NLD,2023-04-03 20:00:00,2023-04-03 22:00:00,0.13207
Netherlands,NLD,2023-04-03 21:00:00,2023-04-03 23:00:00,0.11312
Netherlands,NLD,2023-04-03 22:00:00,2023-04-04 00:00:00,0.11084999999999999
Netherlands,NLD,2023-04-03 23:00:00,2023-04-04 01:00:00,0.11014
Netherlands,NLD,2023-04-04 00:00:00,2023-04-04 02:00:00,0.11583
Netherlands,NLD,2023-04-04 01:00:00,2023-04-04 03:00:00,0.11561
Netherlands,NLD,2023-04-04 02:00:00,2023-04-04 04:00:00,0.11671
Netherlands,NLD,2023-04-04 03:00:00,2023-04-04 05:00:00,0.12190999999999999
Netherlands,NLD,2023-04-04 04:00:00,2023-04-04 06:00:00,0.14535
Netherlands,NLD,2023-04-04 05:00:00,2023-04-04 07:00:00,0.18056999999999998
Netherlands,NLD,2023-04-04 06:00:00,2023-04-04 08:00:00,0.19061
Netherlands,NLD,2023-04-04 07:00:00,2023-04-04 09:00:00,0.15827000000000002
Netherlands,NLD,2023-04-04 08:00:00,2023-04-04 10:00:00,0.10779000000000001
Netherlands,NLD,2023-04-04 09:00:00,2023-04-04 11:00:00,0.11202
Netherlands,NLD,2023-04-04 10:00:00,2023-04-04 12:00:00,0.10294
Netherlands,NLD,2023-04-04 11:00:00,2023-04-04 13:00:00,0.1072
Netherlands,NLD,2023-04-04 12:00:00,2023-04-04 14:00:00,0.10731
Netherlands,NLD,2023-04-04 13:00:00,2023-04-04 15:00:00,0.10870999999999999
Netherlands,NLD,2023-04-04 14:00:00,2023-04-04 16:00:00,0.11273000000000001
Netherlands,NLD,2023-04-04 15:00:00,2023-04-04 17:00:00,0.122
Netherlands,NLD,2023-04-04 16:00:00,2023-04-04 18:00:00,0.14709999999999998
Netherlands,NLD,2023-04-04 17:00:00,2023-04-04 19:00:00,0.18
Netherlands,NLD,2023-04-04 18:00:00,2023-04-04 20:00:00,0.17732
Netherlands,NLD,2023-04-04 19:00:00,2023-04-04 21:00:00,0.15603999999999998
Netherlands,NLD,2023-04-04 20:00:00,2023-04-04 22:00:00,0.14139
Netherlands,NLD,2023-04-04 21:00:00,2023-04-04 23:00:00,0.12990000000000002
Netherlands,NLD,2023-04-04 22:00:00,2023-04-05 00:00:00,0.12734
Netherlands,NLD,2023-04-04 23:00:00,2023-04-05 01:00:00,0.11813
Netherlands,NLD,2023-04-05 00:00:00,2023-04-05 02:00:00,0.11954000000000001
Netherlands,NLD,2023-04-05 01:00:00,2023-04-05 03:00:00,0.11818000000000001
Netherlands,NLD,2023-04-05 02:00:00,2023-04-05 04:00:00,0.1248
Netherlands,NLD,2023-04-05 03:00:00,2023-04-05 05:00:00,0.13429
Netherlands,NLD,2023-04-05 04:00:00,2023-04-05 06:00:00,0.16599
Netherlands,NLD,2023-04-05 05:00:00,2023-04-05 07:00:00,0.20792
Netherlands,NLD,2023-04-05 06:00:00,2023-04-05 08:00:00,0.18075
Netherlands,NLD,2023-04-05 07:00:00,2023-04-05 09:00:00,0.14453
Netherlands,NLD,2023-04-05 08:00:00,2023-04-05 10:00:00,0.112
Netherlands,NLD,2023-04-05 09:00:00,2023-04-05 11:00:00,0.11389
Netherlands,NLD,2023-04-05 10:00:00,2023-04-05 12:00:00,0.11117
Netherlands,NLD,2023-04-05 11:00:00,2023-04-05 13:00:00,0.10966
Netherlands,NLD,2023-04-05 12:00:00,2023-04-05 14:00:00,0.11104
Netherlands,NLD,2023-04-05 13:00:00,2023-04-05 15:00:00,0.11095999999999999
Netherlands,NLD,2023-04-05 14:00:00,2023-04-05 16:00:00,0.11629
Netherlands,NLD,2023-04-05 15:00:00,2023-04-05 17:00:00,0.1356
Netherlands,NLD,2023-04-05 16:00:00,2023-04-05 18:00:00,0.15652000000000002
Netherlands,NLD,2023-04-05 17:00:00,2023-04-05 19:00:00,0.19956000000000002
Netherlands,NLD,2023-04-05 18:00:00,2023-04-05 20:00:00,0.19168000000000002
Netherlands,NLD,2023-04-05 19:00:00,2023-04-05 21:00:00,0.16498
Netherlands,NLD,2023-04-05 20:00:00,2023-04-05 22:00:00,0.15139
Netherlands,NLD,2023-04-05 21:00:00,2023-04-05 23:00:00,0.13913
Netherlands,NLD,2023-04-05 22:00:00,2023-04-06 00:00:00,0.13554
Netherlands,NLD,2023-04-05 23:00:00,2023-04-06 01:00:00,0.12412000000000001
Netherlands,NLD,2023-04-06 00:00:00,2023-04-06 02:00:00,0.12
Netherlands,NLD,2023-04-06 01:00:00,2023-04-06 03:00:00,0.11533
Netherlands,NLD,2023-04-06 02:00:00,2023-04-06 04:00:00,0.11485
Netherlands,NLD,2023-04-06 03:00:00,2023-04-06 05:00:00,0.12491
Netherlands,NLD,2023-04-06 04:00:00,2023-04-06 06:00:00,0.14251
Netherlands,NLD,2023-04-06 05:00:00,2023-04-06 07:00:00,0.16163
Netherlands,NLD,2023-04-06 06:00:00,2023-04-06 08:00:00,0.15952000000000002
Netherlands,NLD,2023-04-06 07:00:00,2023-04-06 09:00:00,0.12993000000000002
Netherlands,NLD,2023-04-06 08:00:00,2023-04-06 10:00:00,0.12601
Netherlands,NLD,2023-04-06 09:00:00,2023-04-06 11:00:00,0.11702
Netherlands,NLD,2023-04-06 10:00:00,2023-04-06 12:00:00,0.10936
Netherlands,NLD,2023-04-06 11:00:00,2023-04-06 13:00:00,0.10844
Netherlands,NLD,2023-04-06 12:00:00,2023-04-06 14:00:00,0.10689
Netherlands,NLD,2023-04-06 13:00:00,2023-04-06 15:00:00,0.10812999999999999
Netherlands,NLD,2023-04-06 14:00:00,2023-04-06 16:00:00,0.10987000000000001
Netherlands,NLD,2023-04-06 15:00:00,2023-04-06 17:00:00,0.12117
Netherlands,NLD,2023-04-06 16:00:00,2023-04-06 18:00:00,0.14
Netherlands,NLD,2023-04-06 17:00:00,2023-04-06 19:00:00,0.15023
Netherlands,NLD,2023-04-06 18:00:00,2023-04-06 20:00:00,0.14424
Netherlands,NLD,2023-04-06 19:00:00,2023-04-06 21:00:00,0.152
Netherlands,NLD,2023-04-06 20:00:00,2023-04-06 22:00:00,0.1398
Netherlands,NLD,2023-04-06 21:00:00,2023-04-06 23:00:00,0.12329999999999999
Netherlands,NLD,2023-04-06 22:00:00,2023-04-07 00:00:00,0.1296
Netherlands,NLD,2023-04-06 23:00:00,2023-04-07 01:00:00,0.1245
Netherlands,NLD,2023-04-07 00:00:00,2023-04-07 02:00:00,0.11495
Netherlands,NLD,2023-04-07 01:00:00,2023-04-07 03:00:00,0.10859999999999999
Netherlands,NLD,2023-04-07 02:00:00,2023-04-07 04:00:00,0.1092
Netherlands,NLD,2023-04-07 03:00:00,2023-04-07 05:00:00,0.11768
Netherlands,NLD,2023-04-07 04:00:00,2023-04-07 06:00:00,0.11006999999999999
Netherlands,NLD,2023-04-07 05:00:00,2023-04-07 07:00:00,0.118
Netherlands,NLD,2023-04-07 06:00:00,2023-04-07 08:00:00,0.15999000000000002
Netherlands,NLD,2023-04-07 07:00:00,2023-04-07 09:00:00,0.15
Netherlands,NLD,2023-04-07 08:00:00,2023-04-07 10:00:00,0.14917
Netherlands,NLD,2023-04-07 09:00:00,2023-04-07 11:00:00,0.13197
Netherlands,NLD,2023-04-07 10:00:00,2023-04-07 12:00:00,0.1199
Netherlands,NLD,2023-04-07 11:00:00,2023-04-07 13:00:00,0.11059999999999999
Netherlands,NLD,2023-04-07 12:00:00,2023-04-07 14:00:00,0.1072
Netherlands,NLD,2023-04-07 13:00:00,2023-04-07 15:00:00,0.10442
Netherlands,NLD,2023-04-07 14:00:00,2023-04-07 16:00:00,0.11040000000000001
Netherlands,NLD,2023-04-07 15:00:00,2023-04-07 17:00:00,0.116
Netherlands,NLD,2023-04-07 16:00:00,2023-04-07 18:00:00,0.12778
Netherlands,NLD,2023-04-07 17:00:00,2023-04-07 19:00:00,0.14587999999999998
Netherlands,NLD,2023-04-07 18:00:00,2023-04-07 20:00:00,0.15947999999999998
Netherlands,NLD,2023-04-07 19:00:00,2023-04-07 21:00:00,0.14681
Netherlands,NLD,2023-04-07 20:00:00,2023-04-07 22:00:00,0.13632
Netherlands,NLD,2023-04-07 21:00:00,2023-04-07 23:00:00,0.12607
Netherlands,NLD,2023-04-07 22:00:00,2023-04-08 00:00:00,0.1199
Netherlands,NLD,2023-04-07 23:00:00,2023-04-08 01:00:00,0.11151000000000001
Netherlands,NLD,2023-04-08 00:00:00,2023-04-08 02:00:00,0.11265
Netherlands,NLD,2023-04-08 01:00:00,2023-04-08 03:00:00,0.11075
Netherlands,NLD,2023-04-08 02:00:00,2023-04-08 04:00:00,0.11078
Netherlands,NLD,2023-04-08 03:00:00,2023-04-08 05:00:00,0.11216
Netherlands,NLD,2023-04-08 04:00:00,2023-04-08 06:00:00,0.11256000000000001
Netherlands,NLD,2023-04-08 05:00:00,2023-04-08 07:00:00,0.12935
Netherlands,NLD,2023-04-08 06:00:00,2023-04-08 08:00:00,0.13075
Netherlands,NLD,2023-04-08 07:00:00,2023-04-08 09:00:00,0.12559
Netherlands,NLD,2023-04-08 08:00:00,2023-04-08 10:00:00,0.10807
Netherlands,NLD,2023-04-08 09:00:00,2023-04-08 11:00:00,0.10427
Netherlands,NLD,2023-04-08 10:00:00,2023-04-08 12:00:00,0.0886
Netherlands,NLD,2023-04-08 11:00:00,2023-04-08 13:00:00,0.077
Netherlands,NLD,2023-04-08 12:00:00,2023-04-08 14:00:00,0.0701
Netherlands,NLD,2023-04-08 13:00:00,2023-04-08 15:00:00,0.08339
Netherlands,NLD,2023-04-08 14:00:00,2023-04-08 16:00:00,0.09598000000000001
Netherlands,NLD,2023-04-08 15:00:00,2023-04-08 17:00:00,0.10447
Netherlands,NLD,2023-04-08 16:00:00,2023-04-08 18:00:00,0.11747
Netherlands,NLD,2023-04-08 17:00:00,2023-04-08 19:00:00,0.13501
Netherlands,NLD,2023-04-08 18:00:00,2023-04-08 20:00:00,0.13997
Netherlands,NLD,2023-04-08 19:00:00,2023-04-08 21:00:00,0.13731000000000002
Netherlands,NLD,2023-04-08 20:00:00,2023-04-08 22:00:00,0.1349
Netherlands,NLD,2023-04-08 21:00:00,2023-04-08 23:00:00,0.12698
Netherlands,NLD,2023-04-08 22:00:00,2023-04-09 00:00:00,0.12799
Netherlands,NLD,2023-04-08 23:00:00,2023-04-09 01:00:00,0.11785999999999999
Netherlands,NLD,2023-04-09 00:00:00,2023-04-09 02:00:00,0.11982999999999999
Netherlands,NLD,2023-04-09 01:00:00,2023-04-09 03:00:00,0.11799
Netherlands,NLD,2023-04-09 02:00:00,2023-04-09 04:00:00,0.11824
Netherlands,NLD,2023-04-09 03:00:00,2023-04-09 05:00:00,0.11785999999999999
Netherlands,NLD,2023-04-09 04:00:00,2023-04-09 06:00:00,0.12
Netherlands,NLD,2023-04-09 05:00:00,2023-04-09 07:00:00,0.1189
Netherlands,NLD,2023-04-09 06:00:00,2023-04-09 08:00:00,0.12298
Netherlands,NLD,2023-04-09 07:00:00,2023-04-09 09:00:00,0.11220999999999999
Netherlands,NLD,2023-04-09 08:00:00,2023-04-09 10:00:00,0.1
Netherlands,NLD,2023-04-09 09:00:00,2023-04-09 11:00:00,0.087
Netherlands,NLD,2023-04-09 10:00:00,2023-04-09 12:00:00,0.08195999999999999
Netherlands,NLD,2023-04-09 11:00:00,2023-04-09 13:00:00,0.06001
Netherlands,NLD,2023-04-09 12:00:00,2023-04-09 14:00:00,0.055
Netherlands,NLD,2023-04-09 13:00:00,2023-04-09 15:00:00,0.056
Netherlands,NLD,2023-04-09 14:00:00,2023-04-09 16:00:00,0.074
Netherlands,NLD,2023-04-09 15:00:00,2023-04-09 17:00:00,0.08635
Netherlands,NLD,2023-04-09 16:00:00,2023-04-09 18:00:00,0.1152
Netherlands,NLD,2023-04-09 17:00:00,2023-04-09 19:00:00,0.12997
Netherlands,NLD,2023-04-09 18:00:00,2023-04-09 20:00:00,0.13346
Netherlands,NLD,2023-04-09 19:00:00,2023-04-09 21:00:00,0.12639
Netherlands,NLD,2023-04-09 20:00:00,2023-04-09 22:00:00,0.115
Netherlands,NLD,2023-04-09 21:00:00,2023-04-09 23:00:00,0.10694
Netherlands,NLD,2023-04-09 22:00:00,2023-04-10 00:00:00,0.09820999999999999
Netherlands,NLD,2023-04-09 23:00:00,2023-04-10 01:00:00,0.08184999999999999
Netherlands,NLD,2023-04-10 00:00:00,2023-04-10 02:00:00,0.07814
Netherlands,NLD,2023-04-10 01:00:00,2023-04-10 03:00:00,0.0719
Netherlands,NLD,2023-04-10 02:00:00,2023-04-10 04:00:00,0.07
Netherlands,NLD,2023-04-10 03:00:00,2023-04-10 05:00:00,0.07296
Netherlands,NLD,2023-04-10 04:00:00,2023-04-10 06:00:00,0.08
Netherlands,NLD,2023-04-10 05:00:00,2023-04-10 07:00:00,0.07765000000000001
Netherlands,NLD,2023-04-10 06:00:00,2023-04-10 08:00:00,0.06949
Netherlands,NLD,2023-04-10 07:00:00,2023-04-10 09:00:00,0.0549
Netherlands,NLD,2023-04-10 08:00:00,2023-04-10 10:00:00,0.024579999999999998
Netherlands,NLD,2023-04-10 09:00:00,2023-04-10 11:00:00,0.0002
Netherlands,NLD,2023-04-10 10:00:00,2023-04-10 12:00:00,-0.00101
Netherlands,NLD,2023-04-10 11:00:00,2023-04-10 13:00:00,-0.00784
Netherlands,NLD,2023-04-10 12:00:00,2023-04-10 14:00:00,-0.00733
Netherlands,NLD,2023-04-10 13:00:00,2023-04-10 15:00:00,-0.0031
Netherlands,NLD,2023-04-10 14:00:00,2023-04-10 16:00:00,-2e-05
Netherlands,NLD,2023-04-10 15:00:00,2023-04-10 17:00:00,0.02022
Netherlands,NLD,2023-04-10 16:00:00,2023-04-10 18:00:00,0.05128
Netherlands,NLD,2023-04-10 17:00:00,2023-04-10 19:00:00,0.08
Netherlands,NLD,2023-04-10 18:00:00,2023-04-10 20:00:00,0.08159999999999999
Netherlands,NLD,2023-04-10 19:00:00,2023-04-10 21:00:00,0.07490000000000001
Netherlands,NLD,2023-04-10 20:00:00,2023-04-10 22:00:00,0.06864
Netherlands,NLD,2023-04-10 21:00:00,2023-04-10 23:00:00,0.045
Netherlands,NLD,2023-04-10 22:00:00,2023-04-11 00:00:00,0.01308
Netherlands,NLD,2023-04-10 23:00:00,2023-04-11 01:00:00,0.00116
Netherlands,NLD,2023-04-11 00:00:00,2023-04-11 02:00:00,0.00076
Netherlands,NLD,2023-04-11 01:00:00,2023-04-11 03:00:00,0.00109
Netherlands,NLD,2023-04-11 02:00:00,2023-04-11 04:00:00,0.0060999999999999995
Netherlands,NLD,2023-04-11 03:00:00,2023-04-11 05:00:00,0.03451
Netherlands,NLD,2023-04-11 04:00:00,2023-04-11 06:00:00,0.09418000000000001
Netherlands,NLD,2023-04-11 05:00:00,2023-04-11 07:00:00,0.11598
Netherlands,NLD,2023-04-11 06:00:00,2023-04-11 08:00:00,0.12326000000000001
Netherlands,NLD,2023-04-11 07:00:00,2023-04-11 09:00:00,0.0938
Netherlands,NLD,2023-04-11 08:00:00,2023-04-11 10:00:00,0.05425
Netherlands,NLD,2023-04-11 09:00:00,2023-04-11 11:00:00,0.00903
Netherlands,NLD,2023-04-11 10:00:00,2023-04-11 12:00:00,-0.016
Netherlands,NLD,2023-04-11 11:00:00,2023-04-11 13:00:00,-0.018
Netherlands,NLD,2023-04-11 12:00:00,2023-04-11 14:00:00,-0.03
Netherlands,NLD,2023-04-11 13:00:00,2023-04-11 15:00:00,-0.0046
Netherlands,NLD,2023-04-11 14:00:00,2023-04-11 16:00:00,0.00661
Netherlands,NLD,2023-04-11 15:00:00,2023-04-11 17:00:00,0.08220000000000001
Netherlands,NLD,2023-04-11 16:00:00,2023-04-11 18:00:00,0.1308
Netherlands,NLD,2023-04-11 17:00:00,2023-04-11 19:00:00,0.16246000000000002
Netherlands,NLD,2023-04-11 18:00:00,2023-04-11 20:00:00,0.16538
Netherlands,NLD,2023-04-11 19:00:00,2023-04-11 21:00:00,0.14139
Netherlands,NLD,2023-04-11 20:00:00,2023-04-11 22:00:00,0.1308
Netherlands,NLD,2023-04-11 21:00:00,2023-04-11 23:00:00,0.111
Netherlands,NLD,2023-04-11 22:00:00,2023-04-12 00:00:00,0.0953
Netherlands,NLD,2023-04-11 23:00:00,2023-04-12 01:00:00,0.0772
Netherlands,NLD,2023-04-12 00:00:00,2023-04-12 02:00:00,0.05906
Netherlands,NLD,2023-04-12 01:00:00,2023-04-12 03:00:00,0.04632
Netherlands,NLD,2023-04-12 02:00:00,2023-04-12 04:00:00,0.0455
Netherlands,NLD,2023-04-12 03:00:00,2023-04-12 05:00:00,0.08029
Netherlands,NLD,2023-04-12 04:00:00,2023-04-12 06:00:00,0.10645
Netherlands,NLD,2023-04-12 05:00:00,2023-04-12 07:00:00,0.12334999999999999
Netherlands,NLD,2023-04-12 06:00:00,2023-04-12 08:00:00,0.13641
Netherlands,NLD,2023-04-12 07:00:00,2023-04-12 09:00:00,0.13199
Netherlands,NLD,2023-04-12 08:00:00,2023-04-12 10:00:00,0.12
Netherlands,NLD,2023-04-12 09:00:00,2023-04-12 11:00:00,0.11156
Netherlands,NLD,2023-04-12 10:00:00,2023-04-12 12:00:00,0.1006
Netherlands,NLD,2023-04-12 11:00:00,2023-04-12 13:00:00,0.09736
Netherlands,NLD,2023-04-12 12:00:00,2023-04-12 14:00:00,0.09762
Netherlands,NLD,2023-04-12 13:00:00,2023-04-12 15:00:00,0.09706999999999999
Netherlands,NLD,2023-04-12 14:00:00,2023-04-12 16:00:00,0.10034
Netherlands,NLD,2023-04-12 15:00:00,2023-04-12 17:00:00,0.1093
Netherlands,NLD,2023-04-12 16:00:00,2023-04-12 18:00:00,0.10662
Netherlands,NLD,2023-04-12 17:00:00,2023-04-12 19:00:00,0.11153
Netherlands,NLD,2023-04-12 18:00:00,2023-04-12 20:00:00,0.125
Netherlands,NLD,2023-04-12 19:00:00,2023-04-12 21:00:00,0.11211
Netherlands,NLD,2023-04-12 20:00:00,2023-04-12 22:00:00,0.1093
Netherlands,NLD,2023-04-12 21:00:00,2023-04-12 23:00:00,0.09795000000000001
Netherlands,NLD,2023-04-12 22:00:00,2023-04-13 00:00:00,0.09723000000000001
Netherlands,NLD,2023-04-12 23:00:00,2023-04-13 01:00:00,0.08509
Netherlands,NLD,2023-04-13 00:00:00,2023-04-13 02:00:00,0.07948999999999999
Netherlands,NLD,2023-04-13 01:00:00,2023-04-13 03:00:00,0.07286
Netherlands,NLD,2023-04-13 02:00:00,2023-04-13 04:00:00,0.07112
Netherlands,NLD,2023-04-13 03:00:00,2023-04-13 05:00:00,0.0825
Netherlands,NLD,2023-04-13 04:00:00,2023-04-13 06:00:00,0.10206
Netherlands,NLD,2023-04-13 05:00:00,2023-04-13 07:00:00,0.11504
Netherlands,NLD,2023-04-13 06:00:00,2023-04-13 08:00:00,0.12215000000000001
Netherlands,NLD,2023-04-13 07:00:00,2023-04-13 09:00:00,0.10539
Netherlands,NLD,2023-04-13 08:00:00,2023-04-13 10:00:00,0.0834
Netherlands,NLD,2023-04-13 09:00:00,2023-04-13 11:00:00,0.0349
Netherlands,NLD,2023-04-13 10:00:00,2023-04-13 12:00:00,-0.0045
Netherlands,NLD,2023-04-13 11:00:00,2023-04-13 13:00:00,-0.05
Netherlands,NLD,2023-04-13 12:00:00,2023-04-13 14:00:00,-0.05007
Netherlands,NLD,2023-04-13 13:00:00,2023-04-13 15:00:00,-0.05
Netherlands,NLD,2023-04-13 14:00:00,2023-04-13 16:00:00,-0.0009
Netherlands,NLD,2023-04-13 15:00:00,2023-04-13 17:00:00,0.10809999999999999
Netherlands,NLD,2023-04-13 16:00:00,2023-04-13 18:00:00,0.1281
Netherlands,NLD,2023-04-13 17:00:00,2023-04-13 19:00:00,0.151
Netherlands,NLD,2023-04-13 18:00:00,2023-04-13 20:00:00,0.15519999999999998
Netherlands,NLD,2023-04-13 19:00:00,2023-04-13 21:00:00,0.152
Netherlands,NLD,2023-04-13 20:00:00,2023-04-13 22:00:00,0.13404
Netherlands,NLD,2023-04-13 21:00:00,2023-04-13 23:00:00,0.1201
Netherlands,NLD,2023-04-13 22:00:00,2023-04-14 00:00:00,0.11809
Netherlands,NLD,2023-04-13 23:00:00,2023-04-14 01:00:00,0.1128
Netherlands,NLD,2023-04-14 00:00:00,2023-04-14 02:00:00,0.11654
Netherlands,NLD,2023-04-14 01:00:00,2023-04-14 03:00:00,0.1128
Netherlands,NLD,2023-04-14 02:00:00,2023-04-14 04:00:00,0.11314
Netherlands,NLD,2023-04-14 03:00:00,2023-04-14 05:00:00,0.1274
Netherlands,NLD,2023-04-14 04:00:00,2023-04-14 06:00:00,0.14474
Netherlands,NLD,2023-04-14 05:00:00,2023-04-14 07:00:00,0.17174
Netherlands,NLD,2023-04-14 06:00:00,2023-04-14 08:00:00,0.17615999999999998
Netherlands,NLD,2023-04-14 07:00:00,2023-04-14 09:00:00,0.14994
Netherlands,NLD,2023-04-14 08:00:00,2023-04-14 10:00:00,0.1077
Netherlands,NLD,2023-04-14 09:00:00,2023-04-14 11:00:00,0.1095
Netherlands,NLD,2023-04-14 10:00:00,2023-04-14 12:00:00,0.1047
Netherlands,NLD,2023-04-14 11:00:00,2023-04-14 13:00:00,0.10112
Netherlands,NLD,2023-04-14 12:00:00,2023-04-14 14:00:00,0.1026
Netherlands,NLD,2023-04-14 13:00:00,2023-04-14 15:00:00,0.09440000000000001
Netherlands,NLD,2023-04-14 14:00:00,2023-04-14 16:00:00,0.10516
Netherlands,NLD,2023-04-14 15:00:00,2023-04-14 17:00:00,0.1134
Netherlands,NLD,2023-04-14 16:00:00,2023-04-14 18:00:00,0.13816
Netherlands,NLD,2023-04-14 17:00:00,2023-04-14 19:00:00,0.15169
Netherlands,NLD,2023-04-14 18:00:00,2023-04-14 20:00:00,0.15242
Netherlands,NLD,2023-04-14 19:00:00,2023-04-14 21:00:00,0.151
Netherlands,NLD,2023-04-14 20:00:00,2023-04-14 22:00:00,0.13473
Netherlands,NLD,2023-04-14 21:00:00,2023-04-14 23:00:00,0.12029000000000001
Netherlands,NLD,2023-04-14 22:00:00,2023-04-15 00:00:00,0.12390000000000001
Netherlands,NLD,2023-04-14 23:00:00,2023-04-15 01:00:00,0.112
Netherlands,NLD,2023-04-15 00:00:00,2023-04-15 02:00:00,0.11438
Netherlands,NLD,2023-04-15 01:00:00,2023-04-15 03:00:00,0.108
Netherlands,NLD,2023-04-15 02:00:00,2023-04-15 04:00:00,0.10514
Netherlands,NLD,2023-04-15 03:00:00,2023-04-15 05:00:00,0.10355
Netherlands,NLD,2023-04-15 04:00:00,2023-04-15 06:00:00,0.10556
Netherlands,NLD,2023-04-15 05:00:00,2023-04-15 07:00:00,0.10485
Netherlands,NLD,2023-04-15 06:00:00,2023-04-15 08:00:00,0.10621
Netherlands,NLD,2023-04-15 07:00:00,2023-04-15 09:00:00,0.1011
Netherlands,NLD,2023-04-15 08:00:00,2023-04-15 10:00:00,0.09492
Netherlands,NLD,2023-04-15 09:00:00,2023-04-15 11:00:00,0.09394
Netherlands,NLD,2023-04-15 10:00:00,2023-04-15 12:00:00,0.07764
Netherlands,NLD,2023-04-15 11:00:00,2023-04-15 13:00:00,0.015
Netherlands,NLD,2023-04-15 12:00:00,2023-04-15 14:00:00,0.00092
Netherlands,NLD,2023-04-15 13:00:00,2023-04-15 15:00:00,0.061
Netherlands,NLD,2023-04-15 14:00:00,2023-04-15 16:00:00,0.07229000000000001
Netherlands,NLD,2023-04-15 15:00:00,2023-04-15 17:00:00,0.09881000000000001
Netherlands,NLD,2023-04-15 16:00:00,2023-04-15 18:00:00,0.11266
Netherlands,NLD,2023-04-15 17:00:00,2023-04-15 19:00:00,0.13279
Netherlands,NLD,2023-04-15 18:00:00,2023-04-15 20:00:00,0.13451
Netherlands,NLD,2023-04-15 19:00:00,2023-04-15 21:00:00,0.1278
Netherlands,NLD,2023-04-15 20:00:00,2023-04-15 22:00:00,0.12771
Netherlands,NLD,2023-04-15 21:00:00,2023-04-15 23:00:00,0.1193
Netherlands,NLD,2023-04-15 22:00:00,2023-04-16 00:00:00,0.11155
Netherlands,NLD,2023-04-15 23:00:00,2023-04-16 01:00:00,0.10349
Netherlands,NLD,2023-04-16 00:00:00,2023-04-16 02:00:00,0.10268000000000001
Netherlands,NLD,2023-04-16 01:00:00,2023-04-16 03:00:00,0.10109
Netherlands,NLD,2023-04-16 02:00:00,2023-04-16 04:00:00,0.10263
Netherlands,NLD,2023-04-16 03:00:00,2023-04-16 05:00:00,0.1035
Netherlands,NLD,2023-04-16 04:00:00,2023-04-16 06:00:00,0.1035
Netherlands,NLD,2023-04-16 05:00:00,2023-04-16 07:00:00,0.10337
Netherlands,NLD,2023-04-16 06:00:00,2023-04-16 08:00:00,0.11043
Netherlands,NLD,2023-04-16 07:00:00,2023-04-16 09:00:00,0.11468
Netherlands,NLD,2023-04-16 08:00:00,2023-04-16 10:00:00,0.11104
Netherlands,NLD,2023-04-16 09:00:00,2023-04-16 11:00:00,0.10783
Netherlands,NLD,2023-04-16 10:00:00,2023-04-16 12:00:00,0.10405
Netherlands,NLD,2023-04-16 11:00:00,2023-04-16 13:00:00,0.09816
Netherlands,NLD,2023-04-16 12:00:00,2023-04-16 14:00:00,0.09473999999999999
Netherlands,NLD,2023-04-16 13:00:00,2023-04-16 15:00:00,0.09426999999999999
Netherlands,NLD,2023-04-16 14:00:00,2023-04-16 16:00:00,0.09606
Netherlands,NLD,2023-04-16 15:00:00,2023-04-16 17:00:00,0.101
Netherlands,NLD,2023-04-16 16:00:00,2023-04-16 18:00:00,0.11520999999999999
Netherlands,NLD,2023-04-16 17:00:00,2023-04-16 19:00:00,0.13288
Netherlands,NLD,2023-04-16 18:00:00,2023-04-16 20:00:00,0.14
Netherlands,NLD,2023-04-16 19:00:00,2023-04-16 21:00:00,0.135
Netherlands,NLD,2023-04-16 20:00:00,2023-04-16 22:00:00,0.12997
Netherlands,NLD,2023-04-16 21:00:00,2023-04-16 23:00:00,0.12535
Netherlands,NLD,2023-04-16 22:00:00,2023-04-17 00:00:00,0.11475
Netherlands,NLD,2023-04-16 23:00:00,2023-04-17 01:00:00,0.11114
Netherlands,NLD,2023-04-17 00:00:00,2023-04-17 02:00:00,0.10895999999999999
Netherlands,NLD,2023-04-17 01:00:00,2023-04-17 03:00:00,0.11009999999999999
Netherlands,NLD,2023-04-17 02:00:00,2023-04-17 04:00:00,0.11
Netherlands,NLD,2023-04-17 03:00:00,2023-04-17 05:00:00,0.11491
Netherlands,NLD,2023-04-17 04:00:00,2023-04-17 06:00:00,0.14078
Netherlands,NLD,2023-04-17 05:00:00,2023-04-17 07:00:00,0.17837999999999998
Netherlands,NLD,2023-04-17 06:00:00,2023-04-17 08:00:00,0.19929
Netherlands,NLD,2023-04-17 07:00:00,2023-04-17 09:00:00,0.16262000000000001
Netherlands,NLD,2023-04-17 08:00:00,2023-04-17 10:00:00,0.13561
Netherlands,NLD,2023-04-17 09:00:00,2023-04-17 11:00:00,0.1176
Netherlands,NLD,2023-04-17 10:00:00,2023-04-17 12:00:00,0.10513
Netherlands,NLD,2023-04-17 11:00:00,2023-04-17 13:00:00,0.10092
Netherlands,NLD,2023-04-17 12:00:00,2023-04-17 14:00:00,0.09698999999999999
Netherlands,NLD,2023-04-17 13:00:00,2023-04-17 15:00:00,0.09275
Netherlands,NLD,2023-04-17 14:00:00,2023-04-17 16:00:00,0.09676
Netherlands,NLD,2023-04-17 15:00:00,2023-04-17 17:00:00,0.10099
Netherlands,NLD,2023-04-17 16:00:00,2023-04-17 18:00:00,0.12233
Netherlands,NLD,2023-04-17 17:00:00,2023-04-17 19:00:00,0.14361000000000002
Netherlands,NLD,2023-04-17 18:00:00,2023-04-17 20:00:00,0.14278
Netherlands,NLD,2023-04-17 19:00:00,2023-04-17 21:00:00,0.13425
Netherlands,NLD,2023-04-17 20:00:00,2023-04-17 22:00:00,0.12282
Netherlands,NLD,2023-04-17 21:00:00,2023-04-17 23:00:00,0.10916
Netherlands,NLD,2023-04-17 22:00:00,2023-04-18 00:00:00,0.10531
Netherlands,NLD,2023-04-17 23:00:00,2023-04-18 01:00:00,0.10207
Netherlands,NLD,2023-04-18 00:00:00,2023-04-18 02:00:00,0.1011
Netherlands,NLD,2023-04-18 01:00:00,2023-04-18 03:00:00,0.10129
Netherlands,NLD,2023-04-18 02:00:00,2023-04-18 04:00:00,0.10055
Netherlands,NLD,2023-04-18 03:00:00,2023-04-18 05:00:00,0.10127
Netherlands,NLD,2023-04-18 04:00:00,2023-04-18 06:00:00,0.127
Netherlands,NLD,2023-04-18 05:00:00,2023-04-18 07:00:00,0.14027
Netherlands,NLD,2023-04-18 06:00:00,2023-04-18 08:00:00,0.15488
Netherlands,NLD,2023-04-18 07:00:00,2023-04-18 09:00:00,0.13399
Netherlands,NLD,2023-04-18 08:00:00,2023-04-18 10:00:00,0.10621
Netherlands,NLD,2023-04-18 09:00:00,2023-04-18 11:00:00,0.09959
Netherlands,NLD,2023-04-18 10:00:00,2023-04-18 12:00:00,0.09008
Netherlands,NLD,2023-04-18 11:00:00,2023-04-18 13:00:00,0.084
Netherlands,NLD,2023-04-18 12:00:00,2023-04-18 14:00:00,0.07879000000000001
Netherlands,NLD,2023-04-18 13:00:00,2023-04-18 15:00:00,0.07795
Netherlands,NLD,2023-04-18 14:00:00,2023-04-18 16:00:00,0.0795
Netherlands,NLD,2023-04-18 15:00:00,2023-04-18 17:00:00,0.09441
Netherlands,NLD,2023-04-18 16:00:00,2023-04-18 18:00:00,0.10821
Netherlands,NLD,2023-04-18 17:00:00,2023-04-18 19:00:00,0.13046000000000002
Netherlands,NLD,2023-04-18 18:00:00,2023-04-18 20:00:00,0.1399
Netherlands,NLD,2023-04-18 19:00:00,2023-04-18 21:00:00,0.13428
Netherlands,NLD,2023-04-18 20:00:00,2023-04-18 22:00:00,0.10579999999999999
Netherlands,NLD,2023-04-18 21:00:00,2023-04-18 23:00:00,0.0969
Netherlands,NLD,2023-04-18 22:00:00,2023-04-19 00:00:00,0.1022
Netherlands,NLD,2023-04-18 23:00:00,2023-04-19 01:00:00,0.09754
Netherlands,NLD,2023-04-19 00:00:00,2023-04-19 02:00:00,0.09992
Netherlands,NLD,2023-04-19 01:00:00,2023-04-19 03:00:00,0.09895
Netherlands,NLD,2023-04-19 02:00:00,2023-04-19 04:00:00,0.10133
Netherlands,NLD,2023-04-19 03:00:00,2023-04-19 05:00:00,0.10587
Netherlands,NLD,2023-04-19 04:00:00,2023-04-19 06:00:00,0.13
Netherlands,NLD,2023-04-19 05:00:00,2023-04-19 07:00:00,0.13894
Netherlands,NLD,2023-04-19 06:00:00,2023-04-19 08:00:00,0.137
Netherlands,NLD,2023-04-19 07:00:00,2023-04-19 09:00:00,0.1041
Netherlands,NLD,2023-04-19 08:00:00,2023-04-19 10:00:00,0.07
Netherlands,NLD,2023-04-19 09:00:00,2023-04-19 11:00:00,-0.0039
Netherlands,NLD,2023-04-19 10:00:00,2023-04-19 12:00:00,-0.09479000000000001
Netherlands,NLD,2023-04-19 11:00:00,2023-04-19 13:00:00,-0.19419999999999998
Netherlands,NLD,2023-04-19 12:00:00,2023-04-19 14:00:00,-0.19541
Netherlands,NLD,2023-04-19 13:00:00,2023-04-19 15:00:00,-0.15
Netherlands,NLD,2023-04-19 14:00:00,2023-04-19 16:00:00,-0.03
Netherlands,NLD,2023-04-19 15:00:00,2023-04-19 17:00:00,0.06656000000000001
Netherlands,NLD,2023-04-19 16:00:00,2023-04-19 18:00:00,0.09097
Netherlands,NLD,2023-04-19 17:00:00,2023-04-19 19:00:00,0.12011
Netherlands,NLD,2023-04-19 18:00:00,2023-04-19 20:00:00,0.12838
Netherlands,NLD,2023-04-19 19:00:00,2023-04-19 21:00:00,0.12282
Netherlands,NLD,2023-04-19 20:00:00,2023-04-19 22:00:00,0.10990000000000001
Netherlands,NLD,2023-04-19 21:00:00,2023-04-19 23:00:00,0.10166
Netherlands,NLD,2023-04-19 22:00:00,2023-04-20 00:00:00,0.10019
Netherlands,NLD,2023-04-19 23:00:00,2023-04-20 01:00:00,0.09434999999999999
Netherlands,NLD,2023-04-20 00:00:00,2023-04-20 02:00:00,0.09676
Netherlands,NLD,2023-04-20 01:00:00,2023-04-20 03:00:00,0.09498000000000001
Netherlands,NLD,2023-04-20 02:00:00,2023-04-20 04:00:00,0.09718
Netherlands,NLD,2023-04-20 03:00:00,2023-04-20 05:00:00,0.10278
Netherlands,NLD,2023-04-20 04:00:00,2023-04-20 06:00:00,0.12797
Netherlands,NLD,2023-04-20 05:00:00,2023-04-20 07:00:00,0.14448
Netherlands,NLD,2023-04-20 06:00:00,2023-04-20 08:00:00,0.1447
Netherlands,NLD,2023-04-20 07:00:00,2023-04-20 09:00:00,0.13004
Netherlands,NLD,2023-04-20 08:00:00,2023-04-20 10:00:00,0.1022
Netherlands,NLD,2023-04-20 09:00:00,2023-04-20 11:00:00,0.09694
Netherlands,NLD,2023-04-20 10:00:00,2023-04-20 12:00:00,0.09423000000000001
Netherlands,NLD,2023-04-20 11:00:00,2023-04-20 13:00:00,0.08961
Netherlands,NLD,2023-04-20 12:00:00,2023-04-20 14:00:00,0.08871
Netherlands,NLD,2023-04-20 13:00:00,2023-04-20 15:00:00,0.08668000000000001
Netherlands,NLD,2023-04-20 14:00:00,2023-04-20 16:00:00,0.09209
Netherlands,NLD,2023-04-20 15:00:00,2023-04-20 17:00:00,0.10376
Netherlands,NLD,2023-04-20 16:00:00,2023-04-20 18:00:00,0.12899000000000002
Netherlands,NLD,2023-04-20 17:00:00,2023-04-20 19:00:00,0.14246
Netherlands,NLD,2023-04-20 18:00:00,2023-04-20 20:00:00,0.14706
Netherlands,NLD,2023-04-20 19:00:00,2023-04-20 21:00:00,0.13924
Netherlands,NLD,2023-04-20 20:00:00,2023-04-20 22:00:00,0.125
Netherlands,NLD,2023-04-20 21:00:00,2023-04-20 23:00:00,0.11586
Netherlands,NLD,2023-04-20 22:00:00,2023-04-21 00:00:00,0.10490000000000001
Netherlands,NLD,2023-04-20 23:00:00,2023-04-21 01:00:00,0.09492
Netherlands,NLD,2023-04-21 00:00:00,2023-04-21 02:00:00,0.09908
Netherlands,NLD,2023-04-21 01:00:00,2023-04-21 03:00:00,0.098
Netherlands,NLD,2023-04-21 02:00:00,2023-04-21 04:00:00,0.09259999999999999
Netherlands,NLD,2023-04-21 03:00:00,2023-04-21 05:00:00,0.09837
Netherlands,NLD,2023-04-21 04:00:00,2023-04-21 06:00:00,0.11120999999999999
Netherlands,NLD,2023-04-21 05:00:00,2023-04-21 07:00:00,0.13261
Netherlands,NLD,2023-04-21 06:00:00,2023-04-21 08:00:00,0.1347
Netherlands,NLD,2023-04-21 07:00:00,2023-04-21 09:00:00,0.10625
Netherlands,NLD,2023-04-21 08:00:00,2023-04-21 10:00:00,0.10316
Netherlands,NLD,2023-04-21 09:00:00,2023-04-21 11:00:00,0.08639
Netherlands,NLD,2023-04-21 10:00:00,2023-04-21 12:00:00,0.055170000000000004
Netherlands,NLD,2023-04-21 11:00:00,2023-04-21 13:00:00,0.044899999999999995
Netherlands,NLD,2023-04-21 12:00:00,2023-04-21 14:00:00,0.05
Netherlands,NLD,2023-04-21 13:00:00,2023-04-21 15:00:00,0.06
Netherlands,NLD,2023-04-21 14:00:00,2023-04-21 16:00:00,0.07723000000000001
Netherlands,NLD,2023-04-21 15:00:00,2023-04-21 17:00:00,0.098
Netherlands,NLD,2023-04-21 16:00:00,2023-04-21 18:00:00,0.123
Netherlands,NLD,2023-04-21 17:00:00,2023-04-21 19:00:00,0.14061
Netherlands,NLD,2023-04-21 18:00:00,2023-04-21 20:00:00,0.14395
Netherlands,NLD,2023-04-21 19:00:00,2023-04-21 21:00:00,0.14267
Netherlands,NLD,2023-04-21 20:00:00,2023-04-21 22:00:00,0.1201
Netherlands,NLD,2023-04-21 21:00:00,2023-04-21 23:00:00,0.1105
Netherlands,NLD,2023-04-21 22:00:00,2023-04-22 00:00:00,0.1025
Netherlands,NLD,2023-04-21 23:00:00,2023-04-22 01:00:00,0.09548000000000001
Netherlands,NLD,2023-04-22 00:00:00,2023-04-22 02:00:00,0.09634000000000001
Netherlands,NLD,2023-04-22 01:00:00,2023-04-22 03:00:00,0.09343000000000001
Netherlands,NLD,2023-04-22 02:00:00,2023-04-22 04:00:00,0.09137999999999999
Netherlands,NLD,2023-04-22 03:00:00,2023-04-22 05:00:00,0.09609000000000001
Netherlands,NLD,2023-04-22 04:00:00,2023-04-22 06:00:00,0.09981999999999999
Netherlands,NLD,2023-04-22 05:00:00,2023-04-22 07:00:00,0.10894
Netherlands,NLD,2023-04-22 06:00:00,2023-04-22 08:00:00,0.11664
Netherlands,NLD,2023-04-22 07:00:00,2023-04-22 09:00:00,0.086
Netherlands,NLD,2023-04-22 08:00:00,2023-04-22 10:00:00,0.07467
Netherlands,NLD,2023-04-22 09:00:00,2023-04-22 11:00:00,0.04506
Netherlands,NLD,2023-04-22 10:00:00,2023-04-22 12:00:00,0.026199999999999998
Netherlands,NLD,2023-04-22 11:00:00,2023-04-22 13:00:00,0.016
Netherlands,NLD,2023-04-22 12:00:00,2023-04-22 14:00:00,0.06993
Netherlands,NLD,2023-04-22 13:00:00,2023-04-22 15:00:00,0.089
Netherlands,NLD,2023-04-22 14:00:00,2023-04-22 16:00:00,0.09059
Netherlands,NLD,2023-04-22 15:00:00,2023-04-22 17:00:00,0.095
Netherlands,NLD,2023-04-22 16:00:00,2023-04-22 18:00:00,0.11297
Netherlands,NLD,2023-04-22 17:00:00,2023-04-22 19:00:00,0.13194999999999998
Netherlands,NLD,2023-04-22 18:00:00,2023-04-22 20:00:00,0.1305
Netherlands,NLD,2023-04-22 19:00:00,2023-04-22 21:00:00,0.127
Netherlands,NLD,2023-04-22 20:00:00,2023-04-22 22:00:00,0.12104000000000001
Netherlands,NLD,2023-04-22 21:00:00,2023-04-22 23:00:00,0.1025
Netherlands,NLD,2023-04-22 22:00:00,2023-04-23 00:00:00,0.11087000000000001
Netherlands,NLD,2023-04-22 23:00:00,2023-04-23 01:00:00,0.09766
Netherlands,NLD,2023-04-23 00:00:00,2023-04-23 02:00:00,0.09498999999999999
Netherlands,NLD,2023-04-23 01:00:00,2023-04-23 03:00:00,0.08940000000000001
Netherlands,NLD,2023-04-23 02:00:00,2023-04-23 04:00:00,0.08664
Netherlands,NLD,2023-04-23 03:00:00,2023-04-23 05:00:00,0.08877
Netherlands,NLD,2023-04-23 04:00:00,2023-04-23 06:00:00,0.08990000000000001
Netherlands,NLD,2023-04-23 05:00:00,2023-04-23 07:00:00,0.09381999999999999
Netherlands,NLD,2023-04-23 06:00:00,2023-04-23 08:00:00,0.09345999999999999
Netherlands,NLD,2023-04-23 07:00:00,2023-04-23 09:00:00,0.09038
Netherlands,NLD,2023-04-23 08:00:00,2023-04-23 10:00:00,0.07928
Netherlands,NLD,2023-04-23 09:00:00,2023-04-23 11:00:00,0.048159999999999994
Netherlands,NLD,2023-04-23 10:00:00,2023-04-23 12:00:00,0.03548
Netherlands,NLD,2023-04-23 11:00:00,2023-04-23 13:00:00,0.01001
Netherlands,NLD,2023-04-23 12:00:00,2023-04-23 14:00:00,0.00488
Netherlands,NLD,2023-04-23 13:00:00,2023-04-23 15:00:00,0.03471
Netherlands,NLD,2023-04-23 14:00:00,2023-04-23 16:00:00,0.06414
Netherlands,NLD,2023-04-23 15:00:00,2023-04-23 17:00:00,0.10026
Netherlands,NLD,2023-04-23 16:00:00,2023-04-23 18:00:00,0.12381
Netherlands,NLD,2023-04-23 17:00:00,2023-04-23 19:00:00,0.1409
Netherlands,NLD,2023-04-23 18:00:00,2023-04-23 20:00:00,0.14036
Netherlands,NLD,2023-04-23 19:00:00,2023-04-23 21:00:00,0.12502
Netherlands,NLD,2023-04-23 20:00:00,2023-04-23 22:00:00,0.11695
Netherlands,NLD,2023-04-23 21:00:00,2023-04-23 23:00:00,0.10965000000000001
Netherlands,NLD,2023-04-23 22:00:00,2023-04-24 00:00:00,0.0877
Netherlands,NLD,2023-04-23 23:00:00,2023-04-24 01:00:00,0.08358
Netherlands,NLD,2023-04-24 00:00:00,2023-04-24 02:00:00,0.08209000000000001
Netherlands,NLD,2023-04-24 01:00:00,2023-04-24 03:00:00,0.07640000000000001
Netherlands,NLD,2023-04-24 02:00:00,2023-04-24 04:00:00,0.07508
Netherlands,NLD,2023-04-24 03:00:00,2023-04-24 05:00:00,0.08655
Netherlands,NLD,2023-04-24 04:00:00,2023-04-24 06:00:00,0.1146
Netherlands,NLD,2023-04-24 05:00:00,2023-04-24 07:00:00,0.1338
Netherlands,NLD,2023-04-24 06:00:00,2023-04-24 08:00:00,0.135
Netherlands,NLD,2023-04-24 07:00:00,2023-04-24 09:00:00,0.12692
Netherlands,NLD,2023-04-24 08:00:00,2023-04-24 10:00:00,0.11081
Netherlands,NLD,2023-04-24 09:00:00,2023-04-24 11:00:00,0.10801000000000001
Netherlands,NLD,2023-04-24 10:00:00,2023-04-24 12:00:00,0.09806999999999999
Netherlands,NLD,2023-04-24 11:00:00,2023-04-24 13:00:00,0.09490000000000001
Netherlands,NLD,2023-04-24 12:00:00,2023-04-24 14:00:00,0.08699
Netherlands,NLD,2023-04-24 13:00:00,2023-04-24 15:00:00,0.0849
Netherlands,NLD,2023-04-24 14:00:00,2023-04-24 16:00:00,0.08621
Netherlands,NLD,2023-04-24 15:00:00,2023-04-24 17:00:00,0.0978
Netherlands,NLD,2023-04-24 16:00:00,2023-04-24 18:00:00,0.11741
Netherlands,NLD,2023-04-24 17:00:00,2023-04-24 19:00:00,0.13457
Netherlands,NLD,2023-04-24 18:00:00,2023-04-24 20:00:00,0.13597
Netherlands,NLD,2023-04-24 19:00:00,2023-04-24 21:00:00,0.12906
Netherlands,NLD,2023-04-24 20:00:00,2023-04-24 22:00:00,0.1108
Netherlands,NLD,2023-04-24 21:00:00,2023-04-24 23:00:00,0.1009
Netherlands,NLD,2023-04-24 22:00:00,2023-04-25 00:00:00,0.1
Netherlands,NLD,2023-04-24 23:00:00,2023-04-25 01:00:00,0.0986
Netherlands,NLD,2023-04-25 00:00:00,2023-04-25 02:00:00,0.0993
Netherlands,NLD,2023-04-25 01:00:00,2023-04-25 03:00:00,0.09212000000000001
Netherlands,NLD,2023-04-25 02:00:00,2023-04-25 04:00:00,0.09179999999999999
Netherlands,NLD,2023-04-25 03:00:00,2023-04-25 05:00:00,0.09736
Netherlands,NLD,2023-04-25 04:00:00,2023-04-25 06:00:00,0.1216
Netherlands,NLD,2023-04-25 05:00:00,2023-04-25 07:00:00,0.1341
Netherlands,NLD,2023-04-25 06:00:00,2023-04-25 08:00:00,0.13493
Netherlands,NLD,2023-04-25 07:00:00,2023-04-25 09:00:00,0.0991
Netherlands,NLD,2023-04-25 08:00:00,2023-04-25 10:00:00,0.07562
Netherlands,NLD,2023-04-25 09:00:00,2023-04-25 11:00:00,0.06428
Netherlands,NLD,2023-04-25 10:00:00,2023-04-25 12:00:00,0.0349
Netherlands,NLD,2023-04-25 11:00:00,2023-04-25 13:00:00,0.0249
Netherlands,NLD,2023-04-25 12:00:00,2023-04-25 14:00:00,0.01388
Netherlands,NLD,2023-04-25 13:00:00,2023-04-25 15:00:00,0.014240000000000001
Netherlands,NLD,2023-04-25 14:00:00,2023-04-25 16:00:00,0.0501
Netherlands,NLD,2023-04-25 15:00:00,2023-04-25 17:00:00,0.06841
Netherlands,NLD,2023-04-25 16:00:00,2023-04-25 18:00:00,0.09196
Netherlands,NLD,2023-04-25 17:00:00,2023-04-25 19:00:00,0.12703
Netherlands,NLD,2023-04-25 18:00:00,2023-04-25 20:00:00,0.14416
Netherlands,NLD,2023-04-25 19:00:00,2023-04-25 21:00:00,0.14198
Netherlands,NLD,2023-04-25 20:00:00,2023-04-25 22:00:00,0.135
Netherlands,NLD,2023-04-25 21:00:00,2023-04-25 23:00:00,0.12797
Netherlands,NLD,2023-04-25 22:00:00,2023-04-26 00:00:00,0.0985
Netherlands,NLD,2023-04-25 23:00:00,2023-04-26 01:00:00,0.0901
Netherlands,NLD,2023-04-26 00:00:00,2023-04-26 02:00:00,0.095
Netherlands,NLD,2023-04-26 01:00:00,2023-04-26 03:00:00,0.09248999999999999
Netherlands,NLD,2023-04-26 02:00:00,2023-04-26 04:00:00,0.09333
Netherlands,NLD,2023-04-26 03:00:00,2023-04-26 05:00:00,0.0992
Netherlands,NLD,2023-04-26 04:00:00,2023-04-26 06:00:00,0.12516
Netherlands,NLD,2023-04-26 05:00:00,2023-04-26 07:00:00,0.13991
Netherlands,NLD,2023-04-26 06:00:00,2023-04-26 08:00:00,0.135
Netherlands,NLD,2023-04-26 07:00:00,2023-04-26 09:00:00,0.106
Netherlands,NLD,2023-04-26 08:00:00,2023-04-26 10:00:00,0.09823
Netherlands,NLD,2023-04-26 09:00:00,2023-04-26 11:00:00,0.0992
Netherlands,NLD,2023-04-26 10:00:00,2023-04-26 12:00:00,0.09003
Netherlands,NLD,2023-04-26 11:00:00,2023-04-26 13:00:00,0.09454000000000001
Netherlands,NLD,2023-04-26 12:00:00,2023-04-26 14:00:00,0.088
Netherlands,NLD,2023-04-26 13:00:00,2023-04-26 15:00:00,0.09284999999999999
Netherlands,NLD,2023-04-26 14:00:00,2023-04-26 16:00:00,0.09820000000000001
Netherlands,NLD,2023-04-26 15:00:00,2023-04-26 17:00:00,0.11
Netherlands,NLD,2023-04-26 16:00:00,2023-04-26 18:00:00,0.12508
Netherlands,NLD,2023-04-26 17:00:00,2023-04-26 19:00:00,0.14811000000000002
Netherlands,NLD,2023-04-26 18:00:00,2023-04-26 20:00:00,0.15497
Netherlands,NLD,2023-04-26 19:00:00,2023-04-26 21:00:00,0.14603
Netherlands,NLD,2023-04-26 20:00:00,2023-04-26 22:00:00,0.12442
Netherlands,NLD,2023-04-26 21:00:00,2023-04-26 23:00:00,0.12057999999999999
Netherlands,NLD,2023-04-26 22:00:00,2023-04-27 00:00:00,0.10712
Netherlands,NLD,2023-04-26 23:00:00,2023-04-27 01:00:00,0.10047
Netherlands,NLD,2023-04-27 00:00:00,2023-04-27 02:00:00,0.09792000000000001
Netherlands,NLD,2023-04-27 01:00:00,2023-04-27 03:00:00,0.0964
Netherlands,NLD,2023-04-27 02:00:00,2023-04-27 04:00:00,0.09737
Netherlands,NLD,2023-04-27 03:00:00,2023-04-27 05:00:00,0.10709
Netherlands,NLD,2023-04-27 04:00:00,2023-04-27 06:00:00,0.11686
Netherlands,NLD,2023-04-27 05:00:00,2023-04-27 07:00:00,0.14275
Netherlands,NLD,2023-04-27 06:00:00,2023-04-27 08:00:00,0.13497
Netherlands,NLD,2023-04-27 07:00:00,2023-04-27 09:00:00,0.10275
Netherlands,NLD,2023-04-27 08:00:00,2023-04-27 10:00:00,0.0906
Netherlands,NLD,2023-04-27 09:00:00,2023-04-27 11:00:00,0.045
Netherlands,NLD,2023-04-27 10:00:00,2023-04-27 12:00:00,0.0501
Netherlands,NLD,2023-04-27 11:00:00,2023-04-27 13:00:00,0.05
Netherlands,NLD,2023-04-27 12:00:00,2023-04-27 14:00:00,0.044899999999999995
Netherlands,NLD,2023-04-27 13:00:00,2023-04-27 15:00:00,0.06
Netherlands,NLD,2023-04-27 14:00:00,2023-04-27 16:00:00,0.07968
Netherlands,NLD,2023-04-27 15:00:00,2023-04-27 17:00:00,0.0969
Netherlands,NLD,2023-04-27 16:00:00,2023-04-27 18:00:00,0.10926999999999999
Netherlands,NLD,2023-04-27 17:00:00,2023-04-27 19:00:00,0.11391
Netherlands,NLD,2023-04-27 18:00:00,2023-04-27 20:00:00,0.12
Netherlands,NLD,2023-04-27 19:00:00,2023-04-27 21:00:00,0.115
Netherlands,NLD,2023-04-27 20:00:00,2023-04-27 22:00:00,0.1038
Netherlands,NLD,2023-04-27 21:00:00,2023-04-27 23:00:00,0.0968
Netherlands,NLD,2023-04-27 22:00:00,2023-04-28 00:00:00,0.10203
Netherlands,NLD,2023-04-27 23:00:00,2023-04-28 01:00:00,0.09297
Netherlands,NLD,2023-04-28 00:00:00,2023-04-28 02:00:00,0.09035
Netherlands,NLD,2023-04-28 01:00:00,2023-04-28 03:00:00,0.09178
Netherlands,NLD,2023-04-28 02:00:00,2023-04-28 04:00:00,0.09282
Netherlands,NLD,2023-04-28 03:00:00,2023-04-28 05:00:00,0.09584999999999999
Netherlands,NLD,2023-04-28 04:00:00,2023-04-28 06:00:00,0.11325
Netherlands,NLD,2023-04-28 05:00:00,2023-04-28 07:00:00,0.12381
Netherlands,NLD,2023-04-28 06:00:00,2023-04-28 08:00:00,0.12673
Netherlands,NLD,2023-04-28 07:00:00,2023-04-28 09:00:00,0.12063
Netherlands,NLD,2023-04-28 08:00:00,2023-04-28 10:00:00,0.11313
Netherlands,NLD,2023-04-28 09:00:00,2023-04-28 11:00:00,0.10612
Netherlands,NLD,2023-04-28 10:00:00,2023-04-28 12:00:00,0.102
Netherlands,NLD,2023-04-28 11:00:00,2023-04-28 13:00:00,0.09304000000000001
Netherlands,NLD,2023-04-28 12:00:00,2023-04-28 14:00:00,0.09014
Netherlands,NLD,2023-04-28 13:00:00,2023-04-28 15:00:00,0.08826
Netherlands,NLD,2023-04-28 14:00:00,2023-04-28 16:00:00,0.0906
Netherlands,NLD,2023-04-28 15:00:00,2023-04-28 17:00:00,0.09945
Netherlands,NLD,2023-04-28 16:00:00,2023-04-28 18:00:00,0.11542
Netherlands,NLD,2023-04-28 17:00:00,2023-04-28 19:00:00,0.12004000000000001
Netherlands,NLD,2023-04-28 18:00:00,2023-04-28 20:00:00,0.12543
Netherlands,NLD,2023-04-28 19:00:00,2023-04-28 21:00:00,0.12434
Netherlands,NLD,2023-04-28 20:00:00,2023-04-28 22:00:00,0.11671
Netherlands,NLD,2023-04-28 21:00:00,2023-04-28 23:00:00,0.10548
Netherlands,NLD,2023-04-28 22:00:00,2023-04-29 00:00:00,0.11559
Netherlands,NLD,2023-04-28 23:00:00,2023-04-29 01:00:00,0.10856
Netherlands,NLD,2023-04-29 00:00:00,2023-04-29 02:00:00,0.1061
Netherlands,NLD,2023-04-29 01:00:00,2023-04-29 03:00:00,0.105
Netherlands,NLD,2023-04-29 02:00:00,2023-04-29 04:00:00,0.10124
Netherlands,NLD,2023-04-29 03:00:00,2023-04-29 05:00:00,0.10275
Netherlands,NLD,2023-04-29 04:00:00,2023-04-29 06:00:00,0.10324
Netherlands,NLD,2023-04-29 05:00:00,2023-04-29 07:00:00,0.10940000000000001
Netherlands,NLD,2023-04-29 06:00:00,2023-04-29 08:00:00,0.11564
Netherlands,NLD,2023-04-29 07:00:00,2023-04-29 09:00:00,0.10661
Netherlands,NLD,2023-04-29 08:00:00,2023-04-29 10:00:00,0.10359
Netherlands,NLD,2023-04-29 09:00:00,2023-04-29 11:00:00,0.09287000000000001
Netherlands,NLD,2023-04-29 10:00:00,2023-04-29 12:00:00,0.08223
Netherlands,NLD,2023-04-29 11:00:00,2023-04-29 13:00:00,0.07529000000000001
Netherlands,NLD,2023-04-29 12:00:00,2023-04-29 14:00:00,0.06620000000000001
Netherlands,NLD,2023-04-29 13:00:00,2023-04-29 15:00:00,0.06905
Netherlands,NLD,2023-04-29 14:00:00,2023-04-29 16:00:00,0.08
Netherlands,NLD,2023-04-29 15:00:00,2023-04-29 17:00:00,0.085
Netherlands,NLD,2023-04-29 16:00:00,2023-04-29 18:00:00,0.1001
Netherlands,NLD,2023-04-29 17:00:00,2023-04-29 19:00:00,0.11818000000000001
Netherlands,NLD,2023-04-29 18:00:00,2023-04-29 20:00:00,0.11912
Netherlands,NLD,2023-04-29 19:00:00,2023-04-29 21:00:00,0.12
Netherlands,NLD,2023-04-29 20:00:00,2023-04-29 22:00:00,0.11556999999999999
Netherlands,NLD,2023-04-29 21:00:00,2023-04-29 23:00:00,0.11
Netherlands,NLD,2023-04-29 22:00:00,2023-04-30 00:00:00,0.09928000000000001
Netherlands,NLD,2023-04-29 23:00:00,2023-04-30 01:00:00,0.09109
Netherlands,NLD,2023-04-30 00:00:00,2023-04-30 02:00:00,0.08838
Netherlands,NLD,2023-04-30 01:00:00,2023-04-30 03:00:00,0.0868
Netherlands,NLD,2023-04-30 02:00:00,2023-04-30 04:00:00,0.08645
Netherlands,NLD,2023-04-30 03:00:00,2023-04-30 05:00:00,0.08827
Netherlands,NLD,2023-04-30 04:00:00,2023-04-30 06:00:00,0.08584
Netherlands,NLD,2023-04-30 05:00:00,2023-04-30 07:00:00,0.082
Netherlands,NLD,2023-04-30 06:00:00,2023-04-30 08:00:00,0.075
Netherlands,NLD,2023-04-30 07:00:00,2023-04-30 09:00:00,0.05
Netherlands,NLD,2023-04-30 08:00:00,2023-04-30 10:00:00,0.0277
Netherlands,NLD,2023-04-30 09:00:00,2023-04-30 11:00:00,-0.04111
Netherlands,NLD,2023-04-30 10:00:00,2023-04-30 12:00:00,-0.0996
Netherlands,NLD,2023-04-30 11:00:00,2023-04-30 13:00:00,-0.059
Netherlands,NLD,2023-04-30 12:00:00,2023-04-30 14:00:00,-0.0349
Netherlands,NLD,2023-04-30 13:00:00,2023-04-30 15:00:00,0.00064
Netherlands,NLD,2023-04-30 14:00:00,2023-04-30 16:00:00,0.014
Netherlands,NLD,2023-04-30 15:00:00,2023-04-30 17:00:00,0.07057
Netherlands,NLD,2023-04-30 16:00:00,2023-04-30 18:00:00,0.10596
Netherlands,NLD,2023-04-30 17:00:00,2023-04-30 19:00:00,0.11975
Netherlands,NLD,2023-04-30 18:00:00,2023-04-30 20:00:00,0.12501
Netherlands,NLD,2023-04-30 19:00:00,2023-04-30 21:00:00,0.1222
Netherlands,NLD,2023-04-30 20:00:00,2023-04-30 22:00:00,0.11712
Netherlands,NLD,2023-04-30 21:00:00,2023-04-30 23:00:00,0.10870999999999999
Netherlands,NLD,2023-04-30 22:00:00,2023-05-01 00:00:00,0.10990000000000001
Netherlands,NLD,2023-04-30 23:00:00,2023-05-01 01:00:00,0.0999
Netherlands,NLD,2023-05-01 00:00:00,2023-05-01 02:00:00,0.09548999999999999
Netherlands,NLD,2023-05-01 01:00:00,2023-05-01 03:00:00,0.0925
Netherlands,NLD,2023-05-01 02:00:00,2023-05-01 04:00:00,0.0885
Netherlands,NLD,2023-05-01 03:00:00,2023-05-01 05:00:00,0.088
Netherlands,NLD,2023-05-01 04:00:00,2023-05-01 06:00:00,0.0877
Netherlands,NLD,2023-05-01 05:00:00,2023-05-01 07:00:00,0.098
Netherlands,NLD,2023-05-01 06:00:00,2023-05-01 08:00:00,0.09618
Netherlands,NLD,2023-05-01 07:00:00,2023-05-01 09:00:00,0.1012
Netherlands,NLD,2023-05-01 08:00:00,2023-05-01 10:00:00,0.09068999999999999
Netherlands,NLD,2023-05-01 09:00:00,2023-05-01 11:00:00,0.06799
Netherlands,NLD,2023-05-01 10:00:00,2023-05-01 12:00:00,0.054630000000000005
Netherlands,NLD,2023-05-01 11:00:00,2023-05-01 13:00:00,0.03469
Netherlands,NLD,2023-05-01 12:00:00,2023-05-01 14:00:00,0.03
Netherlands,NLD,2023-05-01 13:00:00,2023-05-01 15:00:00,0.04119
Netherlands,NLD,2023-05-01 14:00:00,2023-05-01 16:00:00,0.07625
Netherlands,NLD,2023-05-01 15:00:00,2023-05-01 17:00:00,0.08995
Netherlands,NLD,2023-05-01 16:00:00,2023-05-01 18:00:00,0.11386
Netherlands,NLD,2023-05-01 17:00:00,2023-05-01 19:00:00,0.12311
Netherlands,NLD,2023-05-01 18:00:00,2023-05-01 20:00:00,0.12822
Netherlands,NLD,2023-05-01 19:00:00,2023-05-01 21:00:00,0.12172
Netherlands,NLD,2023-05-01 20:00:00,2023-05-01 22:00:00,0.1179
Netherlands,NLD,2023-05-01 21:00:00,2023-05-01 23:00:00,0.11104
Netherlands,NLD,2023-05-01 22:00:00,2023-05-02 00:00:00,0.09848
Netherlands,NLD,2023-05-01 23:00:00,2023-05-02 01:00:00,0.0856
Netherlands,NLD,2023-05-02 00:00:00,2023-05-02 02:00:00,0.0833
Netherlands,NLD,2023-05-02 01:00:00,2023-05-02 03:00:00,0.0809
Netherlands,NLD,2023-05-02 02:00:00,2023-05-02 04:00:00,0.08122
Netherlands,NLD,2023-05-02 03:00:00,2023-05-02 05:00:00,0.09039
Netherlands,NLD,2023-05-02 04:00:00,2023-05-02 06:00:00,0.11106
Netherlands,NLD,2023-05-02 05:00:00,2023-05-02 07:00:00,0.12742
Netherlands,NLD,2023-05-02 06:00:00,2023-05-02 08:00:00,0.13515
Netherlands,NLD,2023-05-02 07:00:00,2023-05-02 09:00:00,0.12298999999999999
Netherlands,NLD,2023-05-02 08:00:00,2023-05-02 10:00:00,0.11571
Netherlands,NLD,2023-05-02 09:00:00,2023-05-02 11:00:00,0.10895999999999999
Netherlands,NLD,2023-05-02 10:00:00,2023-05-02 12:00:00,0.09845999999999999
Netherlands,NLD,2023-05-02 11:00:00,2023-05-02 13:00:00,0.09276000000000001
Netherlands,NLD,2023-05-02 12:00:00,2023-05-02 14:00:00,0.08632
Netherlands,NLD,2023-05-02 13:00:00,2023-05-02 15:00:00,0.08197
Netherlands,NLD,2023-05-02 14:00:00,2023-05-02 16:00:00,0.0872
Netherlands,NLD,2023-05-02 15:00:00,2023-05-02 17:00:00,0.09443
Netherlands,NLD,2023-05-02 16:00:00,2023-05-02 18:00:00,0.11738
Netherlands,NLD,2023-05-02 17:00:00,2023-05-02 19:00:00,0.13
Netherlands,NLD,2023-05-02 18:00:00,2023-05-02 20:00:00,0.14286000000000001
Netherlands,NLD,2023-05-02 19:00:00,2023-05-02 21:00:00,0.13369
Netherlands,NLD,2023-05-02 20:00:00,2023-05-02 22:00:00,0.12401999999999999
Netherlands,NLD,2023-05-02 21:00:00,2023-05-02 23:00:00,0.11613
Netherlands,NLD,2023-05-02 22:00:00,2023-05-03 00:00:00,0.10765000000000001
Netherlands,NLD,2023-05-02 23:00:00,2023-05-03 01:00:00,0.10263
Netherlands,NLD,2023-05-03 00:00:00,2023-05-03 02:00:00,0.10097
Netherlands,NLD,2023-05-03 01:00:00,2023-05-03 03:00:00,0.0978
Netherlands,NLD,2023-05-03 02:00:00,2023-05-03 04:00:00,0.09737
Netherlands,NLD,2023-05-03 03:00:00,2023-05-03 05:00:00,0.11009000000000001
Netherlands,NLD,2023-05-03 04:00:00,2023-05-03 06:00:00,0.12384999999999999
Netherlands,NLD,2023-05-03 05:00:00,2023-05-03 07:00:00,0.13246
Netherlands,NLD,2023-05-03 06:00:00,2023-05-03 08:00:00,0.1251
Netherlands,NLD,2023-05-03 07:00:00,2023-05-03 09:00:00,0.11009999999999999
Netherlands,NLD,2023-05-03 08:00:00,2023-05-03 10:00:00,0.09115999999999999
Netherlands,NLD,2023-05-03 09:00:00,2023-05-03 11:00:00,0.08416
Netherlands,NLD,2023-05-03 10:00:00,2023-05-03 12:00:00,0.07742
Netherlands,NLD,2023-05-03 11:00:00,2023-05-03 13:00:00,0.036
Netherlands,NLD,2023-05-03 12:00:00,2023-05-03 14:00:00,0.024300000000000002
Netherlands,NLD,2023-05-03 13:00:00,2023-05-03 15:00:00,0.05
Netherlands,NLD,2023-05-03 14:00:00,2023-05-03 16:00:00,0.08129
Netherlands,NLD,2023-05-03 15:00:00,2023-05-03 17:00:00,0.09692
Netherlands,NLD,2023-05-03 16:00:00,2023-05-03 18:00:00,0.10490000000000001
Netherlands,NLD,2023-05-03 17:00:00,2023-05-03 19:00:00,0.1231
Netherlands,NLD,2023-05-03 18:00:00,2023-05-03 20:00:00,0.14773
Netherlands,NLD,2023-05-03 19:00:00,2023-05-03 21:00:00,0.12890000000000001
Netherlands,NLD,2023-05-03 20:00:00,2023-05-03 22:00:00,0.11682
Netherlands,NLD,2023-05-03 21:00:00,2023-05-03 23:00:00,0.10159
Netherlands,NLD,2023-05-03 22:00:00,2023-05-04 00:00:00,0.09918
Netherlands,NLD,2023-05-03 23:00:00,2023-05-04 01:00:00,0.09434999999999999
Netherlands,NLD,2023-05-04 00:00:00,2023-05-04 02:00:00,0.093
Netherlands,NLD,2023-05-04 01:00:00,2023-05-04 03:00:00,0.09378
Netherlands,NLD,2023-05-04 02:00:00,2023-05-04 04:00:00,0.09416
Netherlands,NLD,2023-05-04 03:00:00,2023-05-04 05:00:00,0.10533
Netherlands,NLD,2023-05-04 04:00:00,2023-05-04 06:00:00,0.1095
Netherlands,NLD,2023-05-04 05:00:00,2023-05-04 07:00:00,0.12897999999999998
Netherlands,NLD,2023-05-04 06:00:00,2023-05-04 08:00:00,0.1199
Netherlands,NLD,2023-05-04 07:00:00,2023-05-04 09:00:00,0.10442
Netherlands,NLD,2023-05-04 08:00:00,2023-05-04 10:00:00,0.09
Netherlands,NLD,2023-05-04 09:00:00,2023-05-04 11:00:00,0.07959999999999999
Netherlands,NLD,2023-05-04 10:00:00,2023-05-04 12:00:00,0.07006
Netherlands,NLD,2023-05-04 11:00:00,2023-05-04 13:00:00,0.05972
Netherlands,NLD,2023-05-04 12:00:00,2023-05-04 14:00:00,0.05669
Netherlands,NLD,2023-05-04 13:00:00,2023-05-04 15:00:00,0.057
Netherlands,NLD,2023-05-04 14:00:00,2023-05-04 16:00:00,0.07865000000000001
Netherlands,NLD,2023-05-04 15:00:00,2023-05-04 17:00:00,0.09429000000000001
Netherlands,NLD,2023-05-04 16:00:00,2023-05-04 18:00:00,0.11131999999999999
Netherlands,NLD,2023-05-04 17:00:00,2023-05-04 19:00:00,0.11853
Netherlands,NLD,2023-05-04 18:00:00,2023-05-04 20:00:00,0.12049
Netherlands,NLD,2023-05-04 19:00:00,2023-05-04 21:00:00,0.11474
Netherlands,NLD,2023-05-04 20:00:00,2023-05-04 22:00:00,0.10512
Netherlands,NLD,2023-05-04 21:00:00,2023-05-04 23:00:00,0.09436
Netherlands,NLD,2023-05-04 22:00:00,2023-05-05 00:00:00,0.0915
Netherlands,NLD,2023-05-04 23:00:00,2023-05-05 01:00:00,0.0818
Netherlands,NLD,2023-05-05 00:00:00,2023-05-05 02:00:00,0.07848999999999999
Netherlands,NLD,2023-05-05 01:00:00,2023-05-05 03:00:00,0.07951000000000001
Netherlands,NLD,2023-05-05 02:00:00,2023-05-05 04:00:00,0.07848999999999999
Netherlands,NLD,2023-05-05 03:00:00,2023-05-05 05:00:00,0.08752
Netherlands,NLD,2023-05-05 04:00:00,2023-05-05 06:00:00,0.10122
Netherlands,NLD,2023-05-05 05:00:00,2023-05-05 07:00:00,0.11375
Netherlands,NLD,2023-05-05 06:00:00,2023-05-05 08:00:00,0.10901000000000001
Netherlands,NLD,2023-05-05 07:00:00,2023-05-05 09:00:00,0.09079999999999999
Netherlands,NLD,2023-05-05 08:00:00,2023-05-05 10:00:00,0.08406999999999999
Netherlands,NLD,2023-05-05 09:00:00,2023-05-05 11:00:00,0.0717
Netherlands,NLD,2023-05-05 10:00:00,2023-05-05 12:00:00,0.07203
Netherlands,NLD,2023-05-05 11:00:00,2023-05-05 13:00:00,0.07736
Netherlands,NLD,2023-05-05 12:00:00,2023-05-05 14:00:00,0.07890000000000001
Netherlands,NLD,2023-05-05 13:00:00,2023-05-05 15:00:00,0.08108
Netherlands,NLD,2023-05-05 14:00:00,2023-05-05 16:00:00,0.09115999999999999
Netherlands,NLD,2023-05-05 15:00:00,2023-05-05 17:00:00,0.09987
Netherlands,NLD,2023-05-05 16:00:00,2023-05-05 18:00:00,0.1128
Netherlands,NLD,2023-05-05 17:00:00,2023-05-05 19:00:00,0.12054000000000001
Netherlands,NLD,2023-05-05 18:00:00,2023-05-05 20:00:00,0.12875999999999999
Netherlands,NLD,2023-05-05 19:00:00,2023-05-05 21:00:00,0.12631
Netherlands,NLD,2023-05-05 20:00:00,2023-05-05 22:00:00,0.11556
Netherlands,NLD,2023-05-05 21:00:00,2023-05-05 23:00:00,0.12405
Netherlands,NLD,2023-05-05 22:00:00,2023-05-06 00:00:00,0.10671
Netherlands,NLD,2023-05-05 23:00:00,2023-05-06 01:00:00,0.09962
Netherlands,NLD,2023-05-06 00:00:00,2023-05-06 02:00:00,0.09570999999999999
Netherlands,NLD,2023-05-06 01:00:00,2023-05-06 03:00:00,0.0917
Netherlands,NLD,2023-05-06 02:00:00,2023-05-06 04:00:00,0.08993000000000001
Netherlands,NLD,2023-05-06 03:00:00,2023-05-06 05:00:00,0.0917
Netherlands,NLD,2023-05-06 04:00:00,2023-05-06 06:00:00,0.09720000000000001
Netherlands,NLD,2023-05-06 05:00:00,2023-05-06 07:00:00,0.09902
Netherlands,NLD,2023-05-06 06:00:00,2023-05-06 08:00:00,0.09512999999999999
Netherlands,NLD,2023-05-06 07:00:00,2023-05-06 09:00:00,0.09328
Netherlands,NLD,2023-05-06 08:00:00,2023-05-06 10:00:00,0.08253
Netherlands,NLD,2023-05-06 09:00:00,2023-05-06 11:00:00,0.07442
Netherlands,NLD,2023-05-06 10:00:00,2023-05-06 12:00:00,0.07036
Netherlands,NLD,2023-05-06 11:00:00,2023-05-06 13:00:00,0.055689999999999996
Netherlands,NLD,2023-05-06 12:00:00,2023-05-06 14:00:00,0.05
Netherlands,NLD,2023-05-06 13:00:00,2023-05-06 15:00:00,0.06316
Netherlands,NLD,2023-05-06 14:00:00,2023-05-06 16:00:00,0.07464
Netherlands,NLD,2023-05-06 15:00:00,2023-05-06 17:00:00,0.09029999999999999
Netherlands,NLD,2023-05-06 16:00:00,2023-05-06 18:00:00,0.1027
Netherlands,NLD,2023-05-06 17:00:00,2023-05-06 19:00:00,0.10805
Netherlands,NLD,2023-05-06 18:00:00,2023-05-06 20:00:00,0.11536
Netherlands,NLD,2023-05-06 19:00:00,2023-05-06 21:00:00,0.10870999999999999
Netherlands,NLD,2023-05-06 20:00:00,2023-05-06 22:00:00,0.10312
Netherlands,NLD,2023-05-06 21:00:00,2023-05-06 23:00:00,0.09237999999999999
Netherlands,NLD,2023-05-06 22:00:00,2023-05-07 00:00:00,0.12371
Netherlands,NLD,2023-05-06 23:00:00,2023-05-07 01:00:00,0.112
Netherlands,NLD,2023-05-07 00:00:00,2023-05-07 02:00:00,0.10761
Netherlands,NLD,2023-05-07 01:00:00,2023-05-07 03:00:00,0.08627
Netherlands,NLD,2023-05-07 02:00:00,2023-05-07 04:00:00,0.08569
Netherlands,NLD,2023-05-07 03:00:00,2023-05-07 05:00:00,0.08685
Netherlands,NLD,2023-05-07 04:00:00,2023-05-07 06:00:00,0.0901
Netherlands,NLD,2023-05-07 05:00:00,2023-05-07 07:00:00,0.0841
Netherlands,NLD,2023-05-07 06:00:00,2023-05-07 08:00:00,0.08029
Netherlands,NLD,2023-05-07 07:00:00,2023-05-07 09:00:00,0.07881999999999999
Netherlands,NLD,2023-05-07 08:00:00,2023-05-07 10:00:00,0.06706999999999999
Netherlands,NLD,2023-05-07 09:00:00,2023-05-07 11:00:00,0.05436
Netherlands,NLD,2023-05-07 10:00:00,2023-05-07 12:00:00,0.05225
Netherlands,NLD,2023-05-07 11:00:00,2023-05-07 13:00:00,0.055
Netherlands,NLD,2023-05-07 12:00:00,2023-05-07 14:00:00,0.045
Netherlands,NLD,2023-05-07 13:00:00,2023-05-07 15:00:00,0.04
Netherlands,NLD,2023-05-07 14:00:00,2023-05-07 16:00:00,0.06037
Netherlands,NLD,2023-05-07 15:00:00,2023-05-07 17:00:00,0.08234
Netherlands,NLD,2023-05-07 16:00:00,2023-05-07 18:00:00,0.09899
Netherlands,NLD,2023-05-07 17:00:00,2023-05-07 19:00:00,0.12394
Netherlands,NLD,2023-05-07 18:00:00,2023-05-07 20:00:00,0.11009999999999999
Netherlands,NLD,2023-05-07 19:00:00,2023-05-07 21:00:00,0.12
Netherlands,NLD,2023-05-07 20:00:00,2023-05-07 22:00:00,0.12398999999999999
Netherlands,NLD,2023-05-07 21:00:00,2023-05-07 23:00:00,0.1
Netherlands,NLD,2023-05-07 22:00:00,2023-05-08 00:00:00,0.1181
Netherlands,NLD,2023-05-07 23:00:00,2023-05-08 01:00:00,0.1
Netherlands,NLD,2023-05-08 00:00:00,2023-05-08 02:00:00,0.09559000000000001
Netherlands,NLD,2023-05-08 01:00:00,2023-05-08 03:00:00,0.08599
Netherlands,NLD,2023-05-08 02:00:00,2023-05-08 04:00:00,0.08435
Netherlands,NLD,2023-05-08 03:00:00,2023-05-08 05:00:00,0.09090999999999999
Netherlands,NLD,2023-05-08 04:00:00,2023-05-08 06:00:00,0.10329
Netherlands,NLD,2023-05-08 05:00:00,2023-05-08 07:00:00,0.11787
Netherlands,NLD,2023-05-08 06:00:00,2023-05-08 08:00:00,0.11097
Netherlands,NLD,2023-05-08 07:00:00,2023-05-08 09:00:00,0.10001
Netherlands,NLD,2023-05-08 08:00:00,2023-05-08 10:00:00,0.09259
Netherlands,NLD,2023-05-08 09:00:00,2023-05-08 11:00:00,0.08585
Netherlands,NLD,2023-05-08 10:00:00,2023-05-08 12:00:00,0.08059999999999999
Netherlands,NLD,2023-05-08 11:00:00,2023-05-08 13:00:00,0.0701
Netherlands,NLD,2023-05-08 12:00:00,2023-05-08 14:00:00,0.07063
Netherlands,NLD,2023-05-08 13:00:00,2023-05-08 15:00:00,0.078
Netherlands,NLD,2023-05-08 14:00:00,2023-05-08 16:00:00,0.08401
Netherlands,NLD,2023-05-08 15:00:00,2023-05-08 17:00:00,0.09705
Netherlands,NLD,2023-05-08 16:00:00,2023-05-08 18:00:00,0.10981999999999999
Netherlands,NLD,2023-05-08 17:00:00,2023-05-08 19:00:00,0.13191
Netherlands,NLD,2023-05-08 18:00:00,2023-05-08 20:00:00,0.12937
Netherlands,NLD,2023-05-08 19:00:00,2023-05-08 21:00:00,0.12199
Netherlands,NLD,2023-05-08 20:00:00,2023-05-08 22:00:00,0.11988
Netherlands,NLD,2023-05-08 21:00:00,2023-05-08 23:00:00,0.114
Netherlands,NLD,2023-05-08 22:00:00,2023-05-09 00:00:00,0.09595999999999999
Netherlands,NLD,2023-05-08 23:00:00,2023-05-09 01:00:00,0.08752
Netherlands,NLD,2023-05-09 00:00:00,2023-05-09 02:00:00,0.0846
Netherlands,NLD,2023-05-09 01:00:00,2023-05-09 03:00:00,0.08417
Netherlands,NLD,2023-05-09 02:00:00,2023-05-09 04:00:00,0.08525
Netherlands,NLD,2023-05-09 03:00:00,2023-05-09 05:00:00,0.09245
Netherlands,NLD,2023-05-09 04:00:00,2023-05-09 06:00:00,0.11158
Netherlands,NLD,2023-05-09 05:00:00,2023-05-09 07:00:00,0.121
Netherlands,NLD,2023-05-09 06:00:00,2023-05-09 08:00:00,0.11788
Netherlands,NLD,2023-05-09 07:00:00,2023-05-09 09:00:00,0.11313
Netherlands,NLD,2023-05-09 08:00:00,2023-05-09 10:00:00,0.1199
Netherlands,NLD,2023-05-09 09:00:00,2023-05-09 11:00:00,0.11334000000000001
Netherlands,NLD,2023-05-09 10:00:00,2023-05-09 12:00:00,0.13153
Netherlands,NLD,2023-05-09 11:00:00,2023-05-09 13:00:00,0.1128
Netherlands,NLD,2023-05-09 12:00:00,2023-05-09 14:00:00,0.0978
Netherlands,NLD,2023-05-09 13:00:00,2023-05-09 15:00:00,0.08170000000000001
Netherlands,NLD,2023-05-09 14:00:00,2023-05-09 16:00:00,0.08444
Netherlands,NLD,2023-05-09 15:00:00,2023-05-09 17:00:00,0.10006
Netherlands,NLD,2023-05-09 16:00:00,2023-05-09 18:00:00,0.11634
Netherlands,NLD,2023-05-09 17:00:00,2023-05-09 19:00:00,0.12154999999999999
Netherlands,NLD,2023-05-09 18:00:00,2023-05-09 20:00:00,0.11984
Netherlands,NLD,2023-05-09 19:00:00,2023-05-09 21:00:00,0.111
Netherlands,NLD,2023-05-09 20:00:00,2023-05-09 22:00:00,0.10467
Netherlands,NLD,2023-05-09 21:00:00,2023-05-09 23:00:00,0.08993000000000001
Netherlands,NLD,2023-05-09 22:00:00,2023-05-10 00:00:00,0.09481999999999999
Netherlands,NLD,2023-05-09 23:00:00,2023-05-10 01:00:00,0.09006
Netherlands,NLD,2023-05-10 00:00:00,2023-05-10 02:00:00,0.08838
Netherlands,NLD,2023-05-10 01:00:00,2023-05-10 03:00:00,0.08619
Netherlands,NLD,2023-05-10 02:00:00,2023-05-10 04:00:00,0.08794
Netherlands,NLD,2023-05-10 03:00:00,2023-05-10 05:00:00,0.08959
Netherlands,NLD,2023-05-10 04:00:00,2023-05-10 06:00:00,0.10643000000000001
Netherlands,NLD,2023-05-10 05:00:00,2023-05-10 07:00:00,0.11953
Netherlands,NLD,2023-05-10 06:00:00,2023-05-10 08:00:00,0.13305
Netherlands,NLD,2023-05-10 07:00:00,2023-05-10 09:00:00,0.11023999999999999
Netherlands,NLD,2023-05-10 08:00:00,2023-05-10 10:00:00,0.10582
Netherlands,NLD,2023-05-10 09:00:00,2023-05-10 11:00:00,0.10106
Netherlands,NLD,2023-05-10 10:00:00,2023-05-10 12:00:00,0.097
Netherlands,NLD,2023-05-10 11:00:00,2023-05-10 13:00:00,0.09295
Netherlands,NLD,2023-05-10 12:00:00,2023-05-10 14:00:00,0.09176000000000001
Netherlands,NLD,2023-05-10 13:00:00,2023-05-10 15:00:00,0.09486
Netherlands,NLD,2023-05-10 14:00:00,2023-05-10 16:00:00,0.10481
Netherlands,NLD,2023-05-10 15:00:00,2023-05-10 17:00:00,0.1012
Netherlands,NLD,2023-05-10 16:00:00,2023-05-10 18:00:00,0.12
Netherlands,NLD,2023-05-10 17:00:00,2023-05-10 19:00:00,0.13573
Netherlands,NLD,2023-05-10 18:00:00,2023-05-10 20:00:00,0.14742
Netherlands,NLD,2023-05-10 19:00:00,2023-05-10 21:00:00,0.13415000000000002
Netherlands,NLD,2023-05-10 20:00:00,2023-05-10 22:00:00,0.11773
Netherlands,NLD,2023-05-10 21:00:00,2023-05-10 23:00:00,0.10990000000000001
Netherlands,NLD,2023-05-10 22:00:00,2023-05-11 00:00:00,0.1
Netherlands,NLD,2023-05-10 23:00:00,2023-05-11 01:00:00,0.09694
Netherlands,NLD,2023-05-11 00:00:00,2023-05-11 02:00:00,0.096
Netherlands,NLD,2023-05-11 01:00:00,2023-05-11 03:00:00,0.09587999999999999
Netherlands,NLD,2023-05-11 02:00:00,2023-05-11 04:00:00,0.09306
Netherlands,NLD,2023-05-11 03:00:00,2023-05-11 05:00:00,0.10318000000000001
Netherlands,NLD,2023-05-11 04:00:00,2023-05-11 06:00:00,0.11
Netherlands,NLD,2023-05-11 05:00:00,2023-05-11 07:00:00,0.12990000000000002
Netherlands,NLD,2023-05-11 06:00:00,2023-05-11 08:00:00,0.148
Netherlands,NLD,2023-05-11 07:00:00,2023-05-11 09:00:00,0.13405
Netherlands,NLD,2023-05-11 08:00:00,2023-05-11 10:00:00,0.11320000000000001
Netherlands,NLD,2023-05-11 09:00:00,2023-05-11 11:00:00,0.11503000000000001
Netherlands,NLD,2023-05-11 10:00:00,2023-05-11 12:00:00,0.10453
Netherlands,NLD,2023-05-11 11:00:00,2023-05-11 13:00:00,0.09537000000000001
Netherlands,NLD,2023-05-11 12:00:00,2023-05-11 14:00:00,0.09570999999999999
Netherlands,NLD,2023-05-11 13:00:00,2023-05-11 15:00:00,0.0852
Netherlands,NLD,2023-05-11 14:00:00,2023-05-11 16:00:00,0.07636
Netherlands,NLD,2023-05-11 15:00:00,2023-05-11 17:00:00,0.11031999999999999
Netherlands,NLD,2023-05-11 16:00:00,2023-05-11 18:00:00,0.12319
Netherlands,NLD,2023-05-11 17:00:00,2023-05-11 19:00:00,0.147
Netherlands,NLD,2023-05-11 18:00:00,2023-05-11 20:00:00,0.1328
Netherlands,NLD,2023-05-11 19:00:00,2023-05-11 21:00:00,0.1184
Netherlands,NLD,2023-05-11 20:00:00,2023-05-11 22:00:00,0.11399
Netherlands,NLD,2023-05-11 21:00:00,2023-05-11 23:00:00,0.10166
Netherlands,NLD,2023-05-11 22:00:00,2023-05-12 00:00:00,0.09853
Netherlands,NLD,2023-05-11 23:00:00,2023-05-12 01:00:00,0.09054999999999999
Netherlands,NLD,2023-05-12 00:00:00,2023-05-12 02:00:00,0.08984
Netherlands,NLD,2023-05-12 01:00:00,2023-05-12 03:00:00,0.09
Netherlands,NLD,2023-05-12 02:00:00,2023-05-12 04:00:00,0.09079999999999999
Netherlands,NLD,2023-05-12 03:00:00,2023-05-12 05:00:00,0.09868
Netherlands,NLD,2023-05-12 04:00:00,2023-05-12 06:00:00,0.10873000000000001
Netherlands,NLD,2023-05-12 05:00:00,2023-05-12 07:00:00,0.12696
Netherlands,NLD,2023-05-12 06:00:00,2023-05-12 08:00:00,0.13754
Netherlands,NLD,2023-05-12 07:00:00,2023-05-12 09:00:00,0.1133
Netherlands,NLD,2023-05-12 08:00:00,2023-05-12 10:00:00,0.1016
Netherlands,NLD,2023-05-12 09:00:00,2023-05-12 11:00:00,0.09758
Netherlands,NLD,2023-05-12 10:00:00,2023-05-12 12:00:00,0.07497
Netherlands,NLD,2023-05-12 11:00:00,2023-05-12 13:00:00,0.06409999999999999
Netherlands,NLD,2023-05-12 12:00:00,2023-05-12 14:00:00,0.06251
Netherlands,NLD,2023-05-12 13:00:00,2023-05-12 15:00:00,0.06955
Netherlands,NLD,2023-05-12 14:00:00,2023-05-12 16:00:00,0.08093
Netherlands,NLD,2023-05-12 15:00:00,2023-05-12 17:00:00,0.09369
Netherlands,NLD,2023-05-12 16:00:00,2023-05-12 18:00:00,0.10662999999999999
Netherlands,NLD,2023-05-12 17:00:00,2023-05-12 19:00:00,0.11962
Netherlands,NLD,2023-05-12 18:00:00,2023-05-12 20:00:00,0.12212
Netherlands,NLD,2023-05-12 19:00:00,2023-05-12 21:00:00,0.1158
Netherlands,NLD,2023-05-12 20:00:00,2023-05-12 22:00:00,0.10119
Netherlands,NLD,2023-05-12 21:00:00,2023-05-12 23:00:00,0.09781999999999999
Netherlands,NLD,2023-05-12 22:00:00,2023-05-13 00:00:00,0.10491
Netherlands,NLD,2023-05-12 23:00:00,2023-05-13 01:00:00,0.09829
Netherlands,NLD,2023-05-13 00:00:00,2023-05-13 02:00:00,0.09484000000000001
Netherlands,NLD,2023-05-13 01:00:00,2023-05-13 03:00:00,0.09614
Netherlands,NLD,2023-05-13 02:00:00,2023-05-13 04:00:00,0.09654
Netherlands,NLD,2023-05-13 03:00:00,2023-05-13 05:00:00,0.09783
Netherlands,NLD,2023-05-13 04:00:00,2023-05-13 06:00:00,0.09490000000000001
Netherlands,NLD,2023-05-13 05:00:00,2023-05-13 07:00:00,0.09079000000000001
Netherlands,NLD,2023-05-13 06:00:00,2023-05-13 08:00:00,0.09447
Netherlands,NLD,2023-05-13 07:00:00,2023-05-13 09:00:00,0.08907999999999999
Netherlands,NLD,2023-05-13 08:00:00,2023-05-13 10:00:00,0.065
Netherlands,NLD,2023-05-13 09:00:00,2023-05-13 11:00:00,0.0
Netherlands,NLD,2023-05-13 10:00:00,2023-05-13 12:00:00,-0.04899
Netherlands,NLD,2023-05-13 11:00:00,2023-05-13 13:00:00,-0.09993
Netherlands,NLD,2023-05-13 12:00:00,2023-05-13 14:00:00,-0.04
Netherlands,NLD,2023-05-13 13:00:00,2023-05-13 15:00:00,-0.00226
Netherlands,NLD,2023-05-13 14:00:00,2023-05-13 16:00:00,0.027719999999999998
Netherlands,NLD,2023-05-13 15:00:00,2023-05-13 17:00:00,0.07453
Netherlands,NLD,2023-05-13 16:00:00,2023-05-13 18:00:00,0.0837
Netherlands,NLD,2023-05-13 17:00:00,2023-05-13 19:00:00,0.10943000000000001
Netherlands,NLD,2023-05-13 18:00:00,2023-05-13 20:00:00,0.1186
Netherlands,NLD,2023-05-13 19:00:00,2023-05-13 21:00:00,0.11348
Netherlands,NLD,2023-05-13 20:00:00,2023-05-13 22:00:00,0.10995999999999999
Netherlands,NLD,2023-05-13 21:00:00,2023-05-13 23:00:00,0.10497
Netherlands,NLD,2023-05-13 22:00:00,2023-05-14 00:00:00,0.10237
Netherlands,NLD,2023-05-13 23:00:00,2023-05-14 01:00:00,0.09818
Netherlands,NLD,2023-05-14 00:00:00,2023-05-14 02:00:00,0.0943
Netherlands,NLD,2023-05-14 01:00:00,2023-05-14 03:00:00,0.08537
Netherlands,NLD,2023-05-14 02:00:00,2023-05-14 04:00:00,0.08642
Netherlands,NLD,2023-05-14 03:00:00,2023-05-14 05:00:00,0.09322
Netherlands,NLD,2023-05-14 04:00:00,2023-05-14 06:00:00,0.08133
Netherlands,NLD,2023-05-14 05:00:00,2023-05-14 07:00:00,0.07387
Netherlands,NLD,2023-05-14 06:00:00,2023-05-14 08:00:00,0.07569
Netherlands,NLD,2023-05-14 07:00:00,2023-05-14 09:00:00,0.0549
Netherlands,NLD,2023-05-14 08:00:00,2023-05-14 10:00:00,0.02509
Netherlands,NLD,2023-05-14 09:00:00,2023-05-14 11:00:00,0.013890000000000001
Netherlands,NLD,2023-05-14 10:00:00,2023-05-14 12:00:00,0.009699999999999999
Netherlands,NLD,2023-05-14 11:00:00,2023-05-14 13:00:00,0.00185
Netherlands,NLD,2023-05-14 12:00:00,2023-05-14 14:00:00,0.00016
Netherlands,NLD,2023-05-14 13:00:00,2023-05-14 15:00:00,0.0017800000000000001
Netherlands,NLD,2023-05-14 14:00:00,2023-05-14 16:00:00,0.02866
Netherlands,NLD,2023-05-14 15:00:00,2023-05-14 17:00:00,0.081
Netherlands,NLD,2023-05-14 16:00:00,2023-05-14 18:00:00,0.10118
Netherlands,NLD,2023-05-14 17:00:00,2023-05-14 19:00:00,0.116
Netherlands,NLD,2023-05-14 18:00:00,2023-05-14 20:00:00,0.12662
Netherlands,NLD,2023-05-14 19:00:00,2023-05-14 21:00:00,0.12799
Netherlands,NLD,2023-05-14 20:00:00,2023-05-14 22:00:00,0.11914
Netherlands,NLD,2023-05-14 21:00:00,2023-05-14 23:00:00,0.10758
Netherlands,NLD,2023-05-14 22:00:00,2023-05-15 00:00:00,0.11715
Netherlands,NLD,2023-05-14 23:00:00,2023-05-15 01:00:00,0.10575
Netherlands,NLD,2023-05-15 00:00:00,2023-05-15 02:00:00,0.10138
Netherlands,NLD,2023-05-15 01:00:00,2023-05-15 03:00:00,0.10525
Netherlands,NLD,2023-05-15 02:00:00,2023-05-15 04:00:00,0.10412
Netherlands,NLD,2023-05-15 03:00:00,2023-05-15 05:00:00,0.11992
Netherlands,NLD,2023-05-15 04:00:00,2023-05-15 06:00:00,0.10990000000000001
Netherlands,NLD,2023-05-15 05:00:00,2023-05-15 07:00:00,0.14286000000000001
Netherlands,NLD,2023-05-15 06:00:00,2023-05-15 08:00:00,0.13994
Netherlands,NLD,2023-05-15 07:00:00,2023-05-15 09:00:00,0.1237
Netherlands,NLD,2023-05-15 08:00:00,2023-05-15 10:00:00,0.10028000000000001
Netherlands,NLD,2023-05-15 09:00:00,2023-05-15 11:00:00,0.09404000000000001
Netherlands,NLD,2023-05-15 10:00:00,2023-05-15 12:00:00,0.08903
Netherlands,NLD,2023-05-15 11:00:00,2023-05-15 13:00:00,0.09021
Netherlands,NLD,2023-05-15 12:00:00,2023-05-15 14:00:00,0.08855
Netherlands,NLD,2023-05-15 13:00:00,2023-05-15 15:00:00,0.08766
Netherlands,NLD,2023-05-15 14:00:00,2023-05-15 16:00:00,0.08795
Netherlands,NLD,2023-05-15 15:00:00,2023-05-15 17:00:00,0.0901
Netherlands,NLD,2023-05-15 16:00:00,2023-05-15 18:00:00,0.09
Netherlands,NLD,2023-05-15 17:00:00,2023-05-15 19:00:00,0.10993
Netherlands,NLD,2023-05-15 18:00:00,2023-05-15 20:00:00,0.12919999999999998
Netherlands,NLD,2023-05-15 19:00:00,2023-05-15 21:00:00,0.12232
Netherlands,NLD,2023-05-15 20:00:00,2023-05-15 22:00:00,0.10990000000000001
Netherlands,NLD,2023-05-15 21:00:00,2023-05-15 23:00:00,0.09389
Netherlands,NLD,2023-05-15 22:00:00,2023-05-16 00:00:00,0.07895999999999999
Netherlands,NLD,2023-05-15 23:00:00,2023-05-16 01:00:00,0.0731
Netherlands,NLD,2023-05-16 00:00:00,2023-05-16 02:00:00,0.07001
Netherlands,NLD,2023-05-16 01:00:00,2023-05-16 03:00:00,0.06356
Netherlands,NLD,2023-05-16 02:00:00,2023-05-16 04:00:00,0.0659
Netherlands,NLD,2023-05-16 03:00:00,2023-05-16 05:00:00,0.07415999999999999
Netherlands,NLD,2023-05-16 04:00:00,2023-05-16 06:00:00,0.09818
Netherlands,NLD,2023-05-16 05:00:00,2023-05-16 07:00:00,0.11497
Netherlands,NLD,2023-05-16 06:00:00,2023-05-16 08:00:00,0.11954000000000001
Netherlands,NLD,2023-05-16 07:00:00,2023-05-16 09:00:00,0.09620000000000001
Netherlands,NLD,2023-05-16 08:00:00,2023-05-16 10:00:00,0.0819
Netherlands,NLD,2023-05-16 09:00:00,2023-05-16 11:00:00,0.07077
Netherlands,NLD,2023-05-16 10:00:00,2023-05-16 12:00:00,0.040659999999999995
Netherlands,NLD,2023-05-16 11:00:00,2023-05-16 13:00:00,0.03907
Netherlands,NLD,2023-05-16 12:00:00,2023-05-16 14:00:00,0.01494
Netherlands,NLD,2023-05-16 13:00:00,2023-05-16 15:00:00,0.01105
Netherlands,NLD,2023-05-16 14:00:00,2023-05-16 16:00:00,0.04278
Netherlands,NLD,2023-05-16 15:00:00,2023-05-16 17:00:00,0.07246
Netherlands,NLD,2023-05-16 16:00:00,2023-05-16 18:00:00,0.08719
Netherlands,NLD,2023-05-16 17:00:00,2023-05-16 19:00:00,0.10491
Netherlands,NLD,2023-05-16 18:00:00,2023-05-16 20:00:00,0.11764
Netherlands,NLD,2023-05-16 19:00:00,2023-05-16 21:00:00,0.12005
Netherlands,NLD,2023-05-16 20:00:00,2023-05-16 22:00:00,0.113
Netherlands,NLD,2023-05-16 21:00:00,2023-05-16 23:00:00,0.09723000000000001
Netherlands,NLD,2023-05-16 22:00:00,2023-05-17 00:00:00,0.09490000000000001
Netherlands,NLD,2023-05-16 23:00:00,2023-05-17 01:00:00,0.0836
Netherlands,NLD,2023-05-17 00:00:00,2023-05-17 02:00:00,0.07878
Netherlands,NLD,2023-05-17 01:00:00,2023-05-17 03:00:00,0.07
Netherlands,NLD,2023-05-17 02:00:00,2023-05-17 04:00:00,0.07252
Netherlands,NLD,2023-05-17 03:00:00,2023-05-17 05:00:00,0.07983
Netherlands,NLD,2023-05-17 04:00:00,2023-05-17 06:00:00,0.10518999999999999
Netherlands,NLD,2023-05-17 05:00:00,2023-05-17 07:00:00,0.11337
Netherlands,NLD,2023-05-17 06:00:00,2023-05-17 08:00:00,0.10554999999999999
Netherlands,NLD,2023-05-17 07:00:00,2023-05-17 09:00:00,0.08305
Netherlands,NLD,2023-05-17 08:00:00,2023-05-17 10:00:00,0.07232999999999999
Netherlands,NLD,2023-05-17 09:00:00,2023-05-17 11:00:00,0.04
Netherlands,NLD,2023-05-17 10:00:00,2023-05-17 12:00:00,0.0
Netherlands,NLD,2023-05-17 11:00:00,2023-05-17 13:00:00,0.0
Netherlands,NLD,2023-05-17 12:00:00,2023-05-17 14:00:00,-0.00391
Netherlands,NLD,2023-05-17 13:00:00,2023-05-17 15:00:00,0.00601
Netherlands,NLD,2023-05-17 14:00:00,2023-05-17 16:00:00,0.03467
Netherlands,NLD,2023-05-17 15:00:00,2023-05-17 17:00:00,0.07909000000000001
Netherlands,NLD,2023-05-17 16:00:00,2023-05-17 18:00:00,0.10159
Netherlands,NLD,2023-05-17 17:00:00,2023-05-17 19:00:00,0.10990000000000001
Netherlands,NLD,2023-05-17 18:00:00,2023-05-17 20:00:00,0.13291
Netherlands,NLD,2023-05-17 19:00:00,2023-05-17 21:00:00,0.12815000000000001
Netherlands,NLD,2023-05-17 20:00:00,2023-05-17 22:00:00,0.111
Netherlands,NLD,2023-05-17 21:00:00,2023-05-17 23:00:00,0.10249
Netherlands,NLD,2023-05-17 22:00:00,2023-05-18 00:00:00,0.10059
Netherlands,NLD,2023-05-17 23:00:00,2023-05-18 01:00:00,0.09490000000000001
Netherlands,NLD,2023-05-18 00:00:00,2023-05-18 02:00:00,0.08924
Netherlands,NLD,2023-05-18 01:00:00,2023-05-18 03:00:00,0.08892
Netherlands,NLD,2023-05-18 02:00:00,2023-05-18 04:00:00,0.09437999999999999
Netherlands,NLD,2023-05-18 03:00:00,2023-05-18 05:00:00,0.0984
Netherlands,NLD,2023-05-18 04:00:00,2023-05-18 06:00:00,0.09838
Netherlands,NLD,2023-05-18 05:00:00,2023-05-18 07:00:00,0.09490000000000001
Netherlands,NLD,2023-05-18 06:00:00,2023-05-18 08:00:00,0.09048
Netherlands,NLD,2023-05-18 07:00:00,2023-05-18 09:00:00,0.08145000000000001
Netherlands,NLD,2023-05-18 08:00:00,2023-05-18 10:00:00,0.07264
Netherlands,NLD,2023-05-18 09:00:00,2023-05-18 11:00:00,0.06503
Netherlands,NLD,2023-05-18 10:00:00,2023-05-18 12:00:00,0.06287
Netherlands,NLD,2023-05-18 11:00:00,2023-05-18 13:00:00,0.04352
Netherlands,NLD,2023-05-18 12:00:00,2023-05-18 14:00:00,0.02941
Netherlands,NLD,2023-05-18 13:00:00,2023-05-18 15:00:00,0.04308
Netherlands,NLD,2023-05-18 14:00:00,2023-05-18 16:00:00,0.07156
Netherlands,NLD,2023-05-18 15:00:00,2023-05-18 17:00:00,0.08455
Netherlands,NLD,2023-05-18 16:00:00,2023-05-18 18:00:00,0.10266
Netherlands,NLD,2023-05-18 17:00:00,2023-05-18 19:00:00,0.11544
Netherlands,NLD,2023-05-18 18:00:00,2023-05-18 20:00:00,0.12581
Netherlands,NLD,2023-05-18 19:00:00,2023-05-18 21:00:00,0.11689
Netherlands,NLD,2023-05-18 20:00:00,2023-05-18 22:00:00,0.10961
Netherlands,NLD,2023-05-18 21:00:00,2023-05-18 23:00:00,0.09876
Netherlands,NLD,2023-05-18 22:00:00,2023-05-19 00:00:00,0.09301999999999999
Netherlands,NLD,2023-05-18 23:00:00,2023-05-19 01:00:00,0.0832
Netherlands,NLD,2023-05-19 00:00:00,2023-05-19 02:00:00,0.08023000000000001
Netherlands,NLD,2023-05-19 01:00:00,2023-05-19 03:00:00,0.07703
Netherlands,NLD,2023-05-19 02:00:00,2023-05-19 04:00:00,0.0832
Netherlands,NLD,2023-05-19 03:00:00,2023-05-19 05:00:00,0.09792000000000001
Netherlands,NLD,2023-05-19 04:00:00,2023-05-19 06:00:00,0.10775
Netherlands,NLD,2023-05-19 05:00:00,2023-05-19 07:00:00,0.10931999999999999
Netherlands,NLD,2023-05-19 06:00:00,2023-05-19 08:00:00,0.106
Netherlands,NLD,2023-05-19 07:00:00,2023-05-19 09:00:00,0.09329000000000001
Netherlands,NLD,2023-05-19 08:00:00,2023-05-19 10:00:00,0.06943
Netherlands,NLD,2023-05-19 09:00:00,2023-05-19 11:00:00,0.0592
Netherlands,NLD,2023-05-19 10:00:00,2023-05-19 12:00:00,0.05717
Netherlands,NLD,2023-05-19 11:00:00,2023-05-19 13:00:00,0.05779
Netherlands,NLD,2023-05-19 12:00:00,2023-05-19 14:00:00,0.05793
Netherlands,NLD,2023-05-19 13:00:00,2023-05-19 15:00:00,0.06362
Netherlands,NLD,2023-05-19 14:00:00,2023-05-19 16:00:00,0.07012
Netherlands,NLD,2023-05-19 15:00:00,2023-05-19 17:00:00,0.0853
Netherlands,NLD,2023-05-19 16:00:00,2023-05-19 18:00:00,0.10095
Netherlands,NLD,2023-05-19 17:00:00,2023-05-19 19:00:00,0.11420999999999999
Netherlands,NLD,2023-05-19 18:00:00,2023-05-19 20:00:00,0.11451
Netherlands,NLD,2023-05-19 19:00:00,2023-05-19 21:00:00,0.10422
Netherlands,NLD,2023-05-19 20:00:00,2023-05-19 22:00:00,0.09979
Netherlands,NLD,2023-05-19 21:00:00,2023-05-19 23:00:00,0.08578
Netherlands,NLD,2023-05-19 22:00:00,2023-05-20 00:00:00,0.07873999999999999
Netherlands,NLD,2023-05-19 23:00:00,2023-05-20 01:00:00,0.074
Netherlands,NLD,2023-05-20 00:00:00,2023-05-20 02:00:00,0.06806999999999999
Netherlands,NLD,2023-05-20 01:00:00,2023-05-20 03:00:00,0.06533
Netherlands,NLD,2023-05-20 02:00:00,2023-05-20 04:00:00,0.06465
Netherlands,NLD,2023-05-20 03:00:00,2023-05-20 05:00:00,0.0649
Netherlands,NLD,2023-05-20 04:00:00,2023-05-20 06:00:00,0.062079999999999996
Netherlands,NLD,2023-05-20 05:00:00,2023-05-20 07:00:00,0.06246
Netherlands,NLD,2023-05-20 06:00:00,2023-05-20 08:00:00,0.05976
Netherlands,NLD,2023-05-20 07:00:00,2023-05-20 09:00:00,0.04004
Netherlands,NLD,2023-05-20 08:00:00,2023-05-20 10:00:00,0.0019399999999999999
Netherlands,NLD,2023-05-20 09:00:00,2023-05-20 11:00:00,-0.00391
Netherlands,NLD,2023-05-20 10:00:00,2023-05-20 12:00:00,-0.01283
Netherlands,NLD,2023-05-20 11:00:00,2023-05-20 13:00:00,-0.009439999999999999
Netherlands,NLD,2023-05-20 12:00:00,2023-05-20 14:00:00,-0.00017
Netherlands,NLD,2023-05-20 13:00:00,2023-05-20 15:00:00,0.0
Netherlands,NLD,2023-05-20 14:00:00,2023-05-20 16:00:00,0.00132
Netherlands,NLD,2023-05-20 15:00:00,2023-05-20 17:00:00,0.02594
Netherlands,NLD,2023-05-20 16:00:00,2023-05-20 18:00:00,0.05368
Netherlands,NLD,2023-05-20 17:00:00,2023-05-20 19:00:00,0.07844
Netherlands,NLD,2023-05-20 18:00:00,2023-05-20 20:00:00,0.08769
Netherlands,NLD,2023-05-20 19:00:00,2023-05-20 21:00:00,0.08106000000000001
Netherlands,NLD,2023-05-20 20:00:00,2023-05-20 22:00:00,0.07859999999999999
Netherlands,NLD,2023-05-20 21:00:00,2023-05-20 23:00:00,0.07302
Netherlands,NLD,2023-05-20 22:00:00,2023-05-21 00:00:00,0.0522
Netherlands,NLD,2023-05-20 23:00:00,2023-05-21 01:00:00,0.04004
Netherlands,NLD,2023-05-21 00:00:00,2023-05-21 02:00:00,0.03388
Netherlands,NLD,2023-05-21 01:00:00,2023-05-21 03:00:00,0.02877
Netherlands,NLD,2023-05-21 02:00:00,2023-05-21 04:00:00,0.02996
Netherlands,NLD,2023-05-21 03:00:00,2023-05-21 05:00:00,0.02825
Netherlands,NLD,2023-05-21 04:00:00,2023-05-21 06:00:00,0.030789999999999998
Netherlands,NLD,2023-05-21 05:00:00,2023-05-21 07:00:00,0.02755
Netherlands,NLD,2023-05-21 06:00:00,2023-05-21 08:00:00,0.02
Netherlands,NLD,2023-05-21 07:00:00,2023-05-21 09:00:00,0.00214
Netherlands,NLD,2023-05-21 08:00:00,2023-05-21 10:00:00,0.0
Netherlands,NLD,2023-05-21 09:00:00,2023-05-21 11:00:00,-0.0039
Netherlands,NLD,2023-05-21 10:00:00,2023-05-21 12:00:00,-0.076
Netherlands,NLD,2023-05-21 11:00:00,2023-05-21 13:00:00,-0.05
Netherlands,NLD,2023-05-21 12:00:00,2023-05-21 14:00:00,-0.05832
Netherlands,NLD,2023-05-21 13:00:00,2023-05-21 15:00:00,-0.025670000000000002
Netherlands,NLD,2023-05-21 14:00:00,2023-05-21 16:00:00,-0.00041
Netherlands,NLD,2023-05-21 15:00:00,2023-05-21 17:00:00,0.00222
Netherlands,NLD,2023-05-21 16:00:00,2023-05-21 18:00:00,0.04134
Netherlands,NLD,2023-05-21 17:00:00,2023-05-21 19:00:00,0.08549
Netherlands,NLD,2023-05-21 18:00:00,2023-05-21 20:00:00,0.09087
Netherlands,NLD,2023-05-21 19:00:00,2023-05-21 21:00:00,0.091
Netherlands,NLD,2023-05-21 20:00:00,2023-05-21 22:00:00,0.08993999999999999
Netherlands,NLD,2023-05-21 21:00:00,2023-05-21 23:00:00,0.0835
Netherlands,NLD,2023-05-21 22:00:00,2023-05-22 00:00:00,0.08829000000000001
Netherlands,NLD,2023-05-21 23:00:00,2023-05-22 01:00:00,0.08006
Netherlands,NLD,2023-05-22 00:00:00,2023-05-22 02:00:00,0.07831
Netherlands,NLD,2023-05-22 01:00:00,2023-05-22 03:00:00,0.0778
Netherlands,NLD,2023-05-22 02:00:00,2023-05-22 04:00:00,0.081
Netherlands,NLD,2023-05-22 03:00:00,2023-05-22 05:00:00,0.09788
Netherlands,NLD,2023-05-22 04:00:00,2023-05-22 06:00:00,0.11026000000000001
Netherlands,NLD,2023-05-22 05:00:00,2023-05-22 07:00:00,0.11831
Netherlands,NLD,2023-05-22 06:00:00,2023-05-22 08:00:00,0.11342
Netherlands,NLD,2023-05-22 07:00:00,2023-05-22 09:00:00,0.10231
Netherlands,NLD,2023-05-22 08:00:00,2023-05-22 10:00:00,0.08697
Netherlands,NLD,2023-05-22 09:00:00,2023-05-22 11:00:00,0.07424
Netherlands,NLD,2023-05-22 10:00:00,2023-05-22 12:00:00,0.05733
Netherlands,NLD,2023-05-22 11:00:00,2023-05-22 13:00:00,0.05597
Netherlands,NLD,2023-05-22 12:00:00,2023-05-22 14:00:00,0.0676
Netherlands,NLD,2023-05-22 13:00:00,2023-05-22 15:00:00,0.06825
Netherlands,NLD,2023-05-22 14:00:00,2023-05-22 16:00:00,0.0708
Netherlands,NLD,2023-05-22 15:00:00,2023-05-22 17:00:00,0.0787
Netherlands,NLD,2023-05-22 16:00:00,2023-05-22 18:00:00,0.09
Netherlands,NLD,2023-05-22 17:00:00,2023-05-22 19:00:00,0.10542
Netherlands,NLD,2023-05-22 18:00:00,2023-05-22 20:00:00,0.119
Netherlands,NLD,2023-05-22 19:00:00,2023-05-22 21:00:00,0.1128
Netherlands,NLD,2023-05-22 20:00:00,2023-05-22 22:00:00,0.10424
Netherlands,NLD,2023-05-22 21:00:00,2023-05-22 23:00:00,0.08448
Netherlands,NLD,2023-05-22 22:00:00,2023-05-23 00:00:00,0.09114
Netherlands,NLD,2023-05-22 23:00:00,2023-05-23 01:00:00,0.07765999999999999
Netherlands,NLD,2023-05-23 00:00:00,2023-05-23 02:00:00,0.07601999999999999
Netherlands,NLD,2023-05-23 01:00:00,2023-05-23 03:00:00,0.06831999999999999
Netherlands,NLD,2023-05-23 02:00:00,2023-05-23 04:00:00,0.06697
Netherlands,NLD,2023-05-23 03:00:00,2023-05-23 05:00:00,0.07578
Netherlands,NLD,2023-05-23 04:00:00,2023-05-23 06:00:00,0.0975
Netherlands,NLD,2023-05-23 05:00:00,2023-05-23 07:00:00,0.10414
Netherlands,NLD,2023-05-23 06:00:00,2023-05-23 08:00:00,0.101
Netherlands,NLD,2023-05-23 07:00:00,2023-05-23 09:00:00,0.09
Netherlands,NLD,2023-05-23 08:00:00,2023-05-23 10:00:00,0.0616
Netherlands,NLD,2023-05-23 09:00:00,2023-05-23 11:00:00,0.025
Netherlands,NLD,2023-05-23 10:00:00,2023-05-23 12:00:00,0.0070999999999999995
Netherlands,NLD,2023-05-23 11:00:00,2023-05-23 13:00:00,-0.010039999999999999
Netherlands,NLD,2023-05-23 12:00:00,2023-05-23 14:00:00,-0.02
Netherlands,NLD,2023-05-23 13:00:00,2023-05-23 15:00:00,-0.01508
Netherlands,NLD,2023-05-23 14:00:00,2023-05-23 16:00:00,-0.01
Netherlands,NLD,2023-05-23 15:00:00,2023-05-23 17:00:00,0.05654
Netherlands,NLD,2023-05-23 16:00:00,2023-05-23 18:00:00,0.0718
Netherlands,NLD,2023-05-23 17:00:00,2023-05-23 19:00:00,0.09587999999999999
Netherlands,NLD,2023-05-23 18:00:00,2023-05-23 20:00:00,0.10158
Netherlands,NLD,2023-05-23 19:00:00,2023-05-23 21:00:00,0.1032
Netherlands,NLD,2023-05-23 20:00:00,2023-05-23 22:00:00,0.10021
Netherlands,NLD,2023-05-23 21:00:00,2023-05-23 23:00:00,0.09378
Netherlands,NLD,2023-05-23 22:00:00,2023-05-24 00:00:00,0.083
Netherlands,NLD,2023-05-23 23:00:00,2023-05-24 01:00:00,0.07609
Netherlands,NLD,2023-05-24 00:00:00,2023-05-24 02:00:00,0.07513
Netherlands,NLD,2023-05-24 01:00:00,2023-05-24 03:00:00,0.07601999999999999
Netherlands,NLD,2023-05-24 02:00:00,2023-05-24 04:00:00,0.07644
Netherlands,NLD,2023-05-24 03:00:00,2023-05-24 05:00:00,0.08553
Netherlands,NLD,2023-05-24 04:00:00,2023-05-24 06:00:00,0.10558
Netherlands,NLD,2023-05-24 05:00:00,2023-05-24 07:00:00,0.12147
Netherlands,NLD,2023-05-24 06:00:00,2023-05-24 08:00:00,0.10966
Netherlands,NLD,2023-05-24 07:00:00,2023-05-24 09:00:00,0.09770000000000001
Netherlands,NLD,2023-05-24 08:00:00,2023-05-24 10:00:00,0.08592
Netherlands,NLD,2023-05-24 09:00:00,2023-05-24 11:00:00,0.081
Netherlands,NLD,2023-05-24 10:00:00,2023-05-24 12:00:00,0.08058
Netherlands,NLD,2023-05-24 11:00:00,2023-05-24 13:00:00,0.07108
Netherlands,NLD,2023-05-24 12:00:00,2023-05-24 14:00:00,0.07521
Netherlands,NLD,2023-05-24 13:00:00,2023-05-24 15:00:00,0.0676
Netherlands,NLD,2023-05-24 14:00:00,2023-05-24 16:00:00,0.08
Netherlands,NLD,2023-05-24 15:00:00,2023-05-24 17:00:00,0.07897
Netherlands,NLD,2023-05-24 16:00:00,2023-05-24 18:00:00,0.10997
Netherlands,NLD,2023-05-24 17:00:00,2023-05-24 19:00:00,0.136
Netherlands,NLD,2023-05-24 18:00:00,2023-05-24 20:00:00,0.142
Netherlands,NLD,2023-05-24 19:00:00,2023-05-24 21:00:00,0.1484
Netherlands,NLD,2023-05-24 20:00:00,2023-05-24 22:00:00,0.11464
Netherlands,NLD,2023-05-24 21:00:00,2023-05-24 23:00:00,0.10296
Netherlands,NLD,2023-05-24 22:00:00,2023-05-25 00:00:00,0.1021
Netherlands,NLD,2023-05-24 23:00:00,2023-05-25 01:00:00,0.08978
Netherlands,NLD,2023-05-25 00:00:00,2023-05-25 02:00:00,0.082
Netherlands,NLD,2023-05-25 01:00:00,2023-05-25 03:00:00,0.08727
Netherlands,NLD,2023-05-25 02:00:00,2023-05-25 04:00:00,0.0768
Netherlands,NLD,2023-05-25 03:00:00,2023-05-25 05:00:00,0.08009999999999999
Netherlands,NLD,2023-05-25 04:00:00,2023-05-25 06:00:00,0.1012
Netherlands,NLD,2023-05-25 05:00:00,2023-05-25 07:00:00,0.11949
Netherlands,NLD,2023-05-25 06:00:00,2023-05-25 08:00:00,0.104
Netherlands,NLD,2023-05-25 07:00:00,2023-05-25 09:00:00,0.08335
Netherlands,NLD,2023-05-25 08:00:00,2023-05-25 10:00:00,0.07085
Netherlands,NLD,2023-05-25 09:00:00,2023-05-25 11:00:00,0.045
Netherlands,NLD,2023-05-25 10:00:00,2023-05-25 12:00:00,0.03276
Netherlands,NLD,2023-05-25 11:00:00,2023-05-25 13:00:00,0.013
Netherlands,NLD,2023-05-25 12:00:00,2023-05-25 14:00:00,-0.00391
Netherlands,NLD,2023-05-25 13:00:00,2023-05-25 15:00:00,-0.00013000000000000002
Netherlands,NLD,2023-05-25 14:00:00,2023-05-25 16:00:00,-0.0039
Netherlands,NLD,2023-05-25 15:00:00,2023-05-25 17:00:00,0.0549
Netherlands,NLD,2023-05-25 16:00:00,2023-05-25 18:00:00,0.08492
Netherlands,NLD,2023-05-25 17:00:00,2023-05-25 19:00:00,0.10711
Netherlands,NLD,2023-05-25 18:00:00,2023-05-25 20:00:00,0.12171
Netherlands,NLD,2023-05-25 19:00:00,2023-05-25 21:00:00,0.10712999999999999
Netherlands,NLD,2023-05-25 20:00:00,2023-05-25 22:00:00,0.10047
Netherlands,NLD,2023-05-25 21:00:00,2023-05-25 23:00:00,0.09094
Netherlands,NLD,2023-05-25 22:00:00,2023-05-26 00:00:00,0.08811
Netherlands,NLD,2023-05-25 23:00:00,2023-05-26 01:00:00,0.07640000000000001
Netherlands,NLD,2023-05-26 00:00:00,2023-05-26 02:00:00,0.07453
Netherlands,NLD,2023-05-26 01:00:00,2023-05-26 03:00:00,0.074
Netherlands,NLD,2023-05-26 02:00:00,2023-05-26 04:00:00,0.07769
Netherlands,NLD,2023-05-26 03:00:00,2023-05-26 05:00:00,0.08744
Netherlands,NLD,2023-05-26 04:00:00,2023-05-26 06:00:00,0.10242
Netherlands,NLD,2023-05-26 05:00:00,2023-05-26 07:00:00,0.10306
Netherlands,NLD,2023-05-26 06:00:00,2023-05-26 08:00:00,0.095
Netherlands,NLD,2023-05-26 07:00:00,2023-05-26 09:00:00,0.07490000000000001
Netherlands,NLD,2023-05-26 08:00:00,2023-05-26 10:00:00,0.03854
Netherlands,NLD,2023-05-26 09:00:00,2023-05-26 11:00:00,0.004019999999999999
Netherlands,NLD,2023-05-26 10:00:00,2023-05-26 12:00:00,-0.00391
Netherlands,NLD,2023-05-26 11:00:00,2023-05-26 13:00:00,-0.02534
Netherlands,NLD,2023-05-26 12:00:00,2023-05-26 14:00:00,-0.019899999999999998
Netherlands,NLD,2023-05-26 13:00:00,2023-05-26 15:00:00,-0.01001
Netherlands,NLD,2023-05-26 14:00:00,2023-05-26 16:00:00,-0.0039
Netherlands,NLD,2023-05-26 15:00:00,2023-05-26 17:00:00,0.044899999999999995
Netherlands,NLD,2023-05-26 16:00:00,2023-05-26 18:00:00,0.0809
Netherlands,NLD,2023-05-26 17:00:00,2023-05-26 19:00:00,0.08048999999999999
Netherlands,NLD,2023-05-26 18:00:00,2023-05-26 20:00:00,0.11398
Netherlands,NLD,2023-05-26 19:00:00,2023-05-26 21:00:00,0.10945999999999999
Netherlands,NLD,2023-05-26 20:00:00,2023-05-26 22:00:00,0.0995
Netherlands,NLD,2023-05-26 21:00:00,2023-05-26 23:00:00,0.0925
Netherlands,NLD,2023-05-26 22:00:00,2023-05-27 00:00:00,0.08972
Netherlands,NLD,2023-05-26 23:00:00,2023-05-27 01:00:00,0.08351
Netherlands,NLD,2023-05-27 00:00:00,2023-05-27 02:00:00,0.08473
Netherlands,NLD,2023-05-27 01:00:00,2023-05-27 03:00:00,0.086
Netherlands,NLD,2023-05-27 02:00:00,2023-05-27 04:00:00,0.08982
Netherlands,NLD,2023-05-27 03:00:00,2023-05-27 05:00:00,0.08862
Netherlands,NLD,2023-05-27 04:00:00,2023-05-27 06:00:00,0.08270000000000001
Netherlands,NLD,2023-05-27 05:00:00,2023-05-27 07:00:00,0.08299
Netherlands,NLD,2023-05-27 06:00:00,2023-05-27 08:00:00,0.07261
Netherlands,NLD,2023-05-27 07:00:00,2023-05-27 09:00:00,0.055060000000000005
Netherlands,NLD,2023-05-27 08:00:00,2023-05-27 10:00:00,0.016370000000000003
Netherlands,NLD,2023-05-27 09:00:00,2023-05-27 11:00:00,0.00145
Netherlands,NLD,2023-05-27 10:00:00,2023-05-27 12:00:00,0.0
Netherlands,NLD,2023-05-27 11:00:00,2023-05-27 13:00:00,-0.01316
Netherlands,NLD,2023-05-27 12:00:00,2023-05-27 14:00:00,-0.026359999999999998
Netherlands,NLD,2023-05-27 13:00:00,2023-05-27 15:00:00,-0.2
Netherlands,NLD,2023-05-27 14:00:00,2023-05-27 16:00:00,0.00226
Netherlands,NLD,2023-05-27 15:00:00,2023-05-27 17:00:00,0.05508
Netherlands,NLD,2023-05-27 16:00:00,2023-05-27 18:00:00,0.08485
Netherlands,NLD,2023-05-27 17:00:00,2023-05-27 19:00:00,0.09067
Netherlands,NLD,2023-05-27 18:00:00,2023-05-27 20:00:00,0.10497
Netherlands,NLD,2023-05-27 19:00:00,2023-05-27 21:00:00,0.11245000000000001
Netherlands,NLD,2023-05-27 20:00:00,2023-05-27 22:00:00,0.09996
Netherlands,NLD,2023-05-27 21:00:00,2023-05-27 23:00:00,0.09470999999999999
Netherlands,NLD,2023-05-27 22:00:00,2023-05-28 00:00:00,0.08709
Netherlands,NLD,2023-05-27 23:00:00,2023-05-28 01:00:00,0.084
Netherlands,NLD,2023-05-28 00:00:00,2023-05-28 02:00:00,0.08192
Netherlands,NLD,2023-05-28 01:00:00,2023-05-28 03:00:00,0.07787000000000001
Netherlands,NLD,2023-05-28 02:00:00,2023-05-28 04:00:00,0.07786
Netherlands,NLD,2023-05-28 03:00:00,2023-05-28 05:00:00,0.07647
Netherlands,NLD,2023-05-28 04:00:00,2023-05-28 06:00:00,0.07182
Netherlands,NLD,2023-05-28 05:00:00,2023-05-28 07:00:00,0.06497
Netherlands,NLD,2023-05-28 06:00:00,2023-05-28 08:00:00,0.037700000000000004
Netherlands,NLD,2023-05-28 07:00:00,2023-05-28 09:00:00,0.0
Netherlands,NLD,2023-05-28 08:00:00,2023-05-28 10:00:00,-0.004889999999999999
Netherlands,NLD,2023-05-28 09:00:00,2023-05-28 11:00:00,-0.027870000000000002
Netherlands,NLD,2023-05-28 10:00:00,2023-05-28 12:00:00,-0.1016
Netherlands,NLD,2023-05-28 11:00:00,2023-05-28 13:00:00,-0.23596
Netherlands,NLD,2023-05-28 12:00:00,2023-05-28 14:00:00,-0.4
Netherlands,NLD,2023-05-28 13:00:00,2023-05-28 15:00:00,-0.16255
Netherlands,NLD,2023-05-28 14:00:00,2023-05-28 16:00:00,-0.023510000000000003
Netherlands,NLD,2023-05-28 15:00:00,2023-05-28 17:00:00,-5.9999999999999995e-05
Netherlands,NLD,2023-05-28 16:00:00,2023-05-28 18:00:00,0.05
Netherlands,NLD,2023-05-28 17:00:00,2023-05-28 19:00:00,0.0729
Netherlands,NLD,2023-05-28 18:00:00,2023-05-28 20:00:00,0.08029
Netherlands,NLD,2023-05-28 19:00:00,2023-05-28 21:00:00,0.07801000000000001
Netherlands,NLD,2023-05-28 20:00:00,2023-05-28 22:00:00,0.07389
Netherlands,NLD,2023-05-28 21:00:00,2023-05-28 23:00:00,0.0695
Netherlands,NLD,2023-05-28 22:00:00,2023-05-29 00:00:00,0.05923
Netherlands,NLD,2023-05-28 23:00:00,2023-05-29 01:00:00,0.053899999999999997
Netherlands,NLD,2023-05-29 00:00:00,2023-05-29 02:00:00,0.05182
Netherlands,NLD,2023-05-29 01:00:00,2023-05-29 03:00:00,0.04819
Netherlands,NLD,2023-05-29 02:00:00,2023-05-29 04:00:00,0.053399999999999996
Netherlands,NLD,2023-05-29 03:00:00,2023-05-29 05:00:00,0.06204
Netherlands,NLD,2023-05-29 04:00:00,2023-05-29 06:00:00,0.0663
Netherlands,NLD,2023-05-29 05:00:00,2023-05-29 07:00:00,0.05871
Netherlands,NLD,2023-05-29 06:00:00,2023-05-29 08:00:00,0.029920000000000002
Netherlands,NLD,2023-05-29 07:00:00,2023-05-29 09:00:00,0.0
Netherlands,NLD,2023-05-29 08:00:00,2023-05-29 10:00:00,-0.00211
Netherlands,NLD,2023-05-29 09:00:00,2023-05-29 11:00:00,-0.04
Netherlands,NLD,2023-05-29 10:00:00,2023-05-29 12:00:00,-0.09712
Netherlands,NLD,2023-05-29 11:00:00,2023-05-29 13:00:00,-0.16169999999999998
Netherlands,NLD,2023-05-29 12:00:00,2023-05-29 14:00:00,-0.18586000000000003
Netherlands,NLD,2023-05-29 13:00:00,2023-05-29 15:00:00,-0.11
Netherlands,NLD,2023-05-29 14:00:00,2023-05-29 16:00:00,-0.019969999999999998
Netherlands,NLD,2023-05-29 15:00:00,2023-05-29 17:00:00,-0.009789999999999998
Netherlands,NLD,2023-05-29 16:00:00,2023-05-29 18:00:00,0.01726
Netherlands,NLD,2023-05-29 17:00:00,2023-05-29 19:00:00,0.07251
Netherlands,NLD,2023-05-29 18:00:00,2023-05-29 20:00:00,0.08441
Netherlands,NLD,2023-05-29 19:00:00,2023-05-29 21:00:00,0.08559
Netherlands,NLD,2023-05-29 20:00:00,2023-05-29 22:00:00,0.08065
Netherlands,NLD,2023-05-29 21:00:00,2023-05-29 23:00:00,0.0742
Netherlands,NLD,2023-05-29 22:00:00,2023-05-30 00:00:00,0.07501999999999999
Netherlands,NLD,2023-05-29 23:00:00,2023-05-30 01:00:00,0.07105
Netherlands,NLD,2023-05-30 00:00:00,2023-05-30 02:00:00,0.0689
Netherlands,NLD,2023-05-30 01:00:00,2023-05-30 03:00:00,0.06829
Netherlands,NLD,2023-05-30 02:00:00,2023-05-30 04:00:00,0.0741
Netherlands,NLD,2023-05-30 03:00:00,2023-05-30 05:00:00,0.08414
Netherlands,NLD,2023-05-30 04:00:00,2023-05-30 06:00:00,0.09519
Netherlands,NLD,2023-05-30 05:00:00,2023-05-30 07:00:00,0.11567
Netherlands,NLD,2023-05-30 06:00:00,2023-05-30 08:00:00,0.10864
Netherlands,NLD,2023-05-30 07:00:00,2023-05-30 09:00:00,0.09006
Netherlands,NLD,2023-05-30 08:00:00,2023-05-30 10:00:00,0.08237
Netherlands,NLD,2023-05-30 09:00:00,2023-05-30 11:00:00,0.0703
Netherlands,NLD,2023-05-30 10:00:00,2023-05-30 12:00:00,0.06470000000000001
Netherlands,NLD,2023-05-30 11:00:00,2023-05-30 13:00:00,0.05758
Netherlands,NLD,2023-05-30 12:00:00,2023-05-30 14:00:00,0.05657
Netherlands,NLD,2023-05-30 13:00:00,2023-05-30 15:00:00,0.06143
Netherlands,NLD,2023-05-30 14:00:00,2023-05-30 16:00:00,0.06929
Netherlands,NLD,2023-05-30 15:00:00,2023-05-30 17:00:00,0.08735
Netherlands,NLD,2023-05-30 16:00:00,2023-05-30 18:00:00,0.08935
Netherlands,NLD,2023-05-30 17:00:00,2023-05-30 19:00:00,0.12265999999999999
Netherlands,NLD,2023-05-30 18:00:00,2023-05-30 20:00:00,0.1321
Netherlands,NLD,2023-05-30 19:00:00,2023-05-30 21:00:00,0.09455
Netherlands,NLD,2023-05-30 20:00:00,2023-05-30 22:00:00,0.09717
Netherlands,NLD,2023-05-30 21:00:00,2023-05-30 23:00:00,0.08965000000000001
Netherlands,NLD,2023-05-30 22:00:00,2023-05-31 00:00:00,0.08592
Netherlands,NLD,2023-05-30 23:00:00,2023-05-31 01:00:00,0.08136
Netherlands,NLD,2023-05-31 00:00:00,2023-05-31 02:00:00,0.0742
Netherlands,NLD,2023-05-31 01:00:00,2023-05-31 03:00:00,0.07809
Netherlands,NLD,2023-05-31 02:00:00,2023-05-31 04:00:00,0.08224
Netherlands,NLD,2023-05-31 03:00:00,2023-05-31 05:00:00,0.08892
Netherlands,NLD,2023-05-31 04:00:00,2023-05-31 06:00:00,0.08398
Netherlands,NLD,2023-05-31 05:00:00,2023-05-31 07:00:00,0.1055
Netherlands,NLD,2023-05-31 06:00:00,2023-05-31 08:00:00,0.07503
Netherlands,NLD,2023-05-31 07:00:00,2023-05-31 09:00:00,0.08641
Netherlands,NLD,2023-05-31 08:00:00,2023-05-31 10:00:00,0.06692000000000001
Netherlands,NLD,2023-05-31 09:00:00,2023-05-31 11:00:00,0.0465
Netherlands,NLD,2023-05-31 10:00:00,2023-05-31 12:00:00,0.0054800000000000005
Netherlands,NLD,2023-05-31 11:00:00,2023-05-31 13:00:00,-0.0038900000000000002
Netherlands,NLD,2023-05-31 12:00:00,2023-05-31 14:00:00,-0.00127
Netherlands,NLD,2023-05-31 13:00:00,2023-05-31 15:00:00,-0.0007700000000000001
Netherlands,NLD,2023-05-31 14:00:00,2023-05-31 16:00:00,0.0202
Netherlands,NLD,2023-05-31 15:00:00,2023-05-31 17:00:00,0.05187
Netherlands,NLD,2023-05-31 16:00:00,2023-05-31 18:00:00,0.07490000000000001
Netherlands,NLD,2023-05-31 17:00:00,2023-05-31 19:00:00,0.087
Netherlands,NLD,2023-05-31 18:00:00,2023-05-31 20:00:00,0.1055
Netherlands,NLD,2023-05-31 19:00:00,2023-05-31 21:00:00,0.10308
Netherlands,NLD,2023-05-31 20:00:00,2023-05-31 22:00:00,0.09429000000000001
Netherlands,NLD,2023-05-31 21:00:00,2023-05-31 23:00:00,0.0819
Netherlands,NLD,2023-05-31 22:00:00,2023-06-01 00:00:00,0.08415
Netherlands,NLD,2023-05-31 23:00:00,2023-06-01 01:00:00,0.07429999999999999
Netherlands,NLD,2023-06-01 00:00:00,2023-06-01 02:00:00,0.0701
Netherlands,NLD,2023-06-01 01:00:00,2023-06-01 03:00:00,0.06651
Netherlands,NLD,2023-06-01 02:00:00,2023-06-01 04:00:00,0.06766
Netherlands,NLD,2023-06-01 03:00:00,2023-06-01 05:00:00,0.0798
Netherlands,NLD,2023-06-01 04:00:00,2023-06-01 06:00:00,0.09589
Netherlands,NLD,2023-06-01 05:00:00,2023-06-01 07:00:00,0.10445
Netherlands,NLD,2023-06-01 06:00:00,2023-06-01 08:00:00,0.09906999999999999
Netherlands,NLD,2023-06-01 07:00:00,2023-06-01 09:00:00,0.0873
Netherlands,NLD,2023-06-01 08:00:00,2023-06-01 10:00:00,0.06819
Netherlands,NLD,2023-06-01 09:00:00,2023-06-01 11:00:00,0.05992
Netherlands,NLD,2023-06-01 10:00:00,2023-06-01 12:00:00,0.0354
Netherlands,NLD,2023-06-01 11:00:00,2023-06-01 13:00:00,0.00934
Netherlands,NLD,2023-06-01 12:00:00,2023-06-01 14:00:00,0.00297
Netherlands,NLD,2023-06-01 13:00:00,2023-06-01 15:00:00,0.0001
Netherlands,NLD,2023-06-01 14:00:00,2023-06-01 16:00:00,0.055600000000000004
Netherlands,NLD,2023-06-01 15:00:00,2023-06-01 17:00:00,0.07199
Netherlands,NLD,2023-06-01 16:00:00,2023-06-01 18:00:00,0.0761
Netherlands,NLD,2023-06-01 17:00:00,2023-06-01 19:00:00,0.08794
Netherlands,NLD,2023-06-01 18:00:00,2023-06-01 20:00:00,0.1142
Netherlands,NLD,2023-06-01 19:00:00,2023-06-01 21:00:00,0.10343000000000001
Netherlands,NLD,2023-06-01 20:00:00,2023-06-01 22:00:00,0.09541
Netherlands,NLD,2023-06-01 21:00:00,2023-06-01 23:00:00,0.08653
Netherlands,NLD,2023-06-01 22:00:00,2023-06-02 00:00:00,0.08359
Netherlands,NLD,2023-06-01 23:00:00,2023-06-02 01:00:00,0.07940000000000001
Netherlands,NLD,2023-06-02 00:00:00,2023-06-02 02:00:00,0.0795
Netherlands,NLD,2023-06-02 01:00:00,2023-06-02 03:00:00,0.07662000000000001
Netherlands,NLD,2023-06-02 02:00:00,2023-06-02 04:00:00,0.08009999999999999
Netherlands,NLD,2023-06-02 03:00:00,2023-06-02 05:00:00,0.08874
Netherlands,NLD,2023-06-02 04:00:00,2023-06-02 06:00:00,0.1015
Netherlands,NLD,2023-06-02 05:00:00,2023-06-02 07:00:00,0.10334
Netherlands,NLD,2023-06-02 06:00:00,2023-06-02 08:00:00,0.0959
Netherlands,NLD,2023-06-02 07:00:00,2023-06-02 09:00:00,0.08437
Netherlands,NLD,2023-06-02 08:00:00,2023-06-02 10:00:00,0.07209
Netherlands,NLD,2023-06-02 09:00:00,2023-06-02 11:00:00,0.06315
Netherlands,NLD,2023-06-02 10:00:00,2023-06-02 12:00:00,0.056060000000000006
Netherlands,NLD,2023-06-02 11:00:00,2023-06-02 13:00:00,0.04261
Netherlands,NLD,2023-06-02 12:00:00,2023-06-02 14:00:00,0.03682
Netherlands,NLD,2023-06-02 13:00:00,2023-06-02 15:00:00,0.044899999999999995
Netherlands,NLD,2023-06-02 14:00:00,2023-06-02 16:00:00,0.05827
Netherlands,NLD,2023-06-02 15:00:00,2023-06-02 17:00:00,0.07662000000000001
Netherlands,NLD,2023-06-02 16:00:00,2023-06-02 18:00:00,0.0852
Netherlands,NLD,2023-06-02 17:00:00,2023-06-02 19:00:00,0.0987
Netherlands,NLD,2023-06-02 18:00:00,2023-06-02 20:00:00,0.10773999999999999
Netherlands,NLD,2023-06-02 19:00:00,2023-06-02 21:00:00,0.10109
Netherlands,NLD,2023-06-02 20:00:00,2023-06-02 22:00:00,0.09256
Netherlands,NLD,2023-06-02 21:00:00,2023-06-02 23:00:00,0.08506
Netherlands,NLD,2023-06-02 22:00:00,2023-06-03 00:00:00,0.08495
Netherlands,NLD,2023-06-02 23:00:00,2023-06-03 01:00:00,0.0803
Netherlands,NLD,2023-06-03 00:00:00,2023-06-03 02:00:00,0.07779000000000001
Netherlands,NLD,2023-06-03 01:00:00,2023-06-03 03:00:00,0.0752
Netherlands,NLD,2023-06-03 02:00:00,2023-06-03 04:00:00,0.08034999999999999
Netherlands,NLD,2023-06-03 03:00:00,2023-06-03 05:00:00,0.07851000000000001
Netherlands,NLD,2023-06-03 04:00:00,2023-06-03 06:00:00,0.07764
Netherlands,NLD,2023-06-03 05:00:00,2023-06-03 07:00:00,0.07363
Netherlands,NLD,2023-06-03 06:00:00,2023-06-03 08:00:00,0.07
Netherlands,NLD,2023-06-03 07:00:00,2023-06-03 09:00:00,0.059969999999999996
Netherlands,NLD,2023-06-03 08:00:00,2023-06-03 10:00:00,0.02736
Netherlands,NLD,2023-06-03 09:00:00,2023-06-03 11:00:00,0.005
Netherlands,NLD,2023-06-03 10:00:00,2023-06-03 12:00:00,-1e-05
Netherlands,NLD,2023-06-03 11:00:00,2023-06-03 13:00:00,-0.01
Netherlands,NLD,2023-06-03 12:00:00,2023-06-03 14:00:00,-0.01005
Netherlands,NLD,2023-06-03 13:00:00,2023-06-03 15:00:00,-0.0038
Netherlands,NLD,2023-06-03 14:00:00,2023-06-03 16:00:00,1e-05
Netherlands,NLD,2023-06-03 15:00:00,2023-06-03 17:00:00,0.04566
Netherlands,NLD,2023-06-03 16:00:00,2023-06-03 18:00:00,0.075
Netherlands,NLD,2023-06-03 17:00:00,2023-06-03 19:00:00,0.08348
Netherlands,NLD,2023-06-03 18:00:00,2023-06-03 20:00:00,0.09408
Netherlands,NLD,2023-06-03 19:00:00,2023-06-03 21:00:00,0.09368000000000001
Netherlands,NLD,2023-06-03 20:00:00,2023-06-03 22:00:00,0.08723
Netherlands,NLD,2023-06-03 21:00:00,2023-06-03 23:00:00,0.08117
Netherlands,NLD,2023-06-03 22:00:00,2023-06-04 00:00:00,0.08112
Netherlands,NLD,2023-06-03 23:00:00,2023-06-04 01:00:00,0.07490000000000001
Netherlands,NLD,2023-06-04 00:00:00,2023-06-04 02:00:00,0.07251
Netherlands,NLD,2023-06-04 01:00:00,2023-06-04 03:00:00,0.07161
Netherlands,NLD,2023-06-04 02:00:00,2023-06-04 04:00:00,0.073
Netherlands,NLD,2023-06-04 03:00:00,2023-06-04 05:00:00,0.07211
Netherlands,NLD,2023-06-04 04:00:00,2023-06-04 06:00:00,0.06897
Netherlands,NLD,2023-06-04 05:00:00,2023-06-04 07:00:00,0.06477
Netherlands,NLD,2023-06-04 06:00:00,2023-06-04 08:00:00,0.05081
Netherlands,NLD,2023-06-04 07:00:00,2023-06-04 09:00:00,0.021929999999999998
Netherlands,NLD,2023-06-04 08:00:00,2023-06-04 10:00:00,0.00511
Netherlands,NLD,2023-06-04 09:00:00,2023-06-04 11:00:00,0.0
Netherlands,NLD,2023-06-04 10:00:00,2023-06-04 12:00:00,-0.01443
Netherlands,NLD,2023-06-04 11:00:00,2023-06-04 13:00:00,-0.08154
Netherlands,NLD,2023-06-04 12:00:00,2023-06-04 14:00:00,-0.040229999999999995
Netherlands,NLD,2023-06-04 13:00:00,2023-06-04 15:00:00,-0.025
Netherlands,NLD,2023-06-04 14:00:00,2023-06-04 16:00:00,0.0
Netherlands,NLD,2023-06-04 15:00:00,2023-06-04 17:00:00,0.0345
Netherlands,NLD,2023-06-04 16:00:00,2023-06-04 18:00:00,0.07820999999999999
Netherlands,NLD,2023-06-04 17:00:00,2023-06-04 19:00:00,0.082
Netherlands,NLD,2023-06-04 18:00:00,2023-06-04 20:00:00,0.094
Netherlands,NLD,2023-06-04 19:00:00,2023-06-04 21:00:00,0.1
Netherlands,NLD,2023-06-04 20:00:00,2023-06-04 22:00:00,0.09766
Netherlands,NLD,2023-06-04 21:00:00,2023-06-04 23:00:00,0.08698
Netherlands,NLD,2023-06-04 22:00:00,2023-06-05 00:00:00,0.07870999999999999
Netherlands,NLD,2023-06-04 23:00:00,2023-06-05 01:00:00,0.0711
Netherlands,NLD,2023-06-05 00:00:00,2023-06-05 02:00:00,0.07007
Netherlands,NLD,2023-06-05 01:00:00,2023-06-05 03:00:00,0.07103
Netherlands,NLD,2023-06-05 02:00:00,2023-06-05 04:00:00,0.07407
Netherlands,NLD,2023-06-05 03:00:00,2023-06-05 05:00:00,0.077
Netherlands,NLD,2023-06-05 04:00:00,2023-06-05 06:00:00,0.0849
Netherlands,NLD,2023-06-05 05:00:00,2023-06-05 07:00:00,0.09791
Netherlands,NLD,2023-06-05 06:00:00,2023-06-05 08:00:00,0.09995
Netherlands,NLD,2023-06-05 07:00:00,2023-06-05 09:00:00,0.08355
Netherlands,NLD,2023-06-05 08:00:00,2023-06-05 10:00:00,0.075
Netherlands,NLD,2023-06-05 09:00:00,2023-06-05 11:00:00,0.07008
Netherlands,NLD,2023-06-05 10:00:00,2023-06-05 12:00:00,0.06835
Netherlands,NLD,2023-06-05 11:00:00,2023-06-05 13:00:00,0.06175
Netherlands,NLD,2023-06-05 12:00:00,2023-06-05 14:00:00,0.062
Netherlands,NLD,2023-06-05 13:00:00,2023-06-05 15:00:00,0.064
Netherlands,NLD,2023-06-05 14:00:00,2023-06-05 16:00:00,0.0653
Netherlands,NLD,2023-06-05 15:00:00,2023-06-05 17:00:00,0.08170999999999999
Netherlands,NLD,2023-06-05 16:00:00,2023-06-05 18:00:00,0.07612000000000001
Netherlands,NLD,2023-06-05 17:00:00,2023-06-05 19:00:00,0.0849
Netherlands,NLD,2023-06-05 18:00:00,2023-06-05 20:00:00,0.119
Netherlands,NLD,2023-06-05 19:00:00,2023-06-05 21:00:00,0.1205
Netherlands,NLD,2023-06-05 20:00:00,2023-06-05 22:00:00,0.10102
Netherlands,NLD,2023-06-05 21:00:00,2023-06-05 23:00:00,0.088
Netherlands,NLD,2023-06-05 22:00:00,2023-06-06 00:00:00,0.08023000000000001
Netherlands,NLD,2023-06-05 23:00:00,2023-06-06 01:00:00,0.07912000000000001
Netherlands,NLD,2023-06-06 00:00:00,2023-06-06 02:00:00,0.07862000000000001
Netherlands,NLD,2023-06-06 01:00:00,2023-06-06 03:00:00,0.081
Netherlands,NLD,2023-06-06 02:00:00,2023-06-06 04:00:00,0.065
Netherlands,NLD,2023-06-06 03:00:00,2023-06-06 05:00:00,0.07934000000000001
Netherlands,NLD,2023-06-06 04:00:00,2023-06-06 06:00:00,0.0726
Netherlands,NLD,2023-06-06 05:00:00,2023-06-06 07:00:00,0.1087
Netherlands,NLD,2023-06-06 06:00:00,2023-06-06 08:00:00,0.1118
Netherlands,NLD,2023-06-06 07:00:00,2023-06-06 09:00:00,0.09490000000000001
Netherlands,NLD,2023-06-06 08:00:00,2023-06-06 10:00:00,0.08438
Netherlands,NLD,2023-06-06 09:00:00,2023-06-06 11:00:00,0.08205
Netherlands,NLD,2023-06-06 10:00:00,2023-06-06 12:00:00,0.07436
Netherlands,NLD,2023-06-06 11:00:00,2023-06-06 13:00:00,0.0431
Netherlands,NLD,2023-06-06 12:00:00,2023-06-06 14:00:00,0.06456999999999999
Netherlands,NLD,2023-06-06 13:00:00,2023-06-06 15:00:00,0.04987
Netherlands,NLD,2023-06-06 14:00:00,2023-06-06 16:00:00,0.061840000000000006
Netherlands,NLD,2023-06-06 15:00:00,2023-06-06 17:00:00,0.07983
Netherlands,NLD,2023-06-06 16:00:00,2023-06-06 18:00:00,0.09197
Netherlands,NLD,2023-06-06 17:00:00,2023-06-06 19:00:00,0.07823999999999999
Netherlands,NLD,2023-06-06 18:00:00,2023-06-06 20:00:00,0.0849
Netherlands,NLD,2023-06-06 19:00:00,2023-06-06 21:00:00,0.11441
Netherlands,NLD,2023-06-06 20:00:00,2023-06-06 22:00:00,0.09897
Netherlands,NLD,2023-06-06 21:00:00,2023-06-06 23:00:00,0.08999
Netherlands,NLD,2023-06-06 22:00:00,2023-06-07 00:00:00,0.08965999999999999
Netherlands,NLD,2023-06-06 23:00:00,2023-06-07 01:00:00,0.07836
Netherlands,NLD,2023-06-07 00:00:00,2023-06-07 02:00:00,0.0724
Netherlands,NLD,2023-06-07 01:00:00,2023-06-07 03:00:00,0.08876
Netherlands,NLD,2023-06-07 02:00:00,2023-06-07 04:00:00,0.07986
Netherlands,NLD,2023-06-07 03:00:00,2023-06-07 05:00:00,0.08019
Netherlands,NLD,2023-06-07 04:00:00,2023-06-07 06:00:00,0.076
Netherlands,NLD,2023-06-07 05:00:00,2023-06-07 07:00:00,0.09720000000000001
Netherlands,NLD,2023-06-07 06:00:00,2023-06-07 08:00:00,0.11125
Netherlands,NLD,2023-06-07 07:00:00,2023-06-07 09:00:00,0.09422
Netherlands,NLD,2023-06-07 08:00:00,2023-06-07 10:00:00,0.0916
Netherlands,NLD,2023-06-07 09:00:00,2023-06-07 11:00:00,0.08569
Netherlands,NLD,2023-06-07 10:00:00,2023-06-07 12:00:00,0.07995000000000001
Netherlands,NLD,2023-06-07 11:00:00,2023-06-07 13:00:00,0.0703
Netherlands,NLD,2023-06-07 12:00:00,2023-06-07 14:00:00,0.0732
Netherlands,NLD,2023-06-07 13:00:00,2023-06-07 15:00:00,0.07226
Netherlands,NLD,2023-06-07 14:00:00,2023-06-07 16:00:00,0.0788
Netherlands,NLD,2023-06-07 15:00:00,2023-06-07 17:00:00,0.0757
Netherlands,NLD,2023-06-07 16:00:00,2023-06-07 18:00:00,0.097
Netherlands,NLD,2023-06-07 17:00:00,2023-06-07 19:00:00,0.09993
Netherlands,NLD,2023-06-07 18:00:00,2023-06-07 20:00:00,0.1178
Netherlands,NLD,2023-06-07 19:00:00,2023-06-07 21:00:00,0.1123
Netherlands,NLD,2023-06-07 20:00:00,2023-06-07 22:00:00,0.10489
Netherlands,NLD,2023-06-07 21:00:00,2023-06-07 23:00:00,0.09490000000000001
Netherlands,NLD,2023-06-07 22:00:00,2023-06-08 00:00:00,0.09393000000000001
Netherlands,NLD,2023-06-07 23:00:00,2023-06-08 01:00:00,0.08926
Netherlands,NLD,2023-06-08 00:00:00,2023-06-08 02:00:00,0.082
Netherlands,NLD,2023-06-08 01:00:00,2023-06-08 03:00:00,0.07292
Netherlands,NLD,2023-06-08 02:00:00,2023-06-08 04:00:00,0.07098
Netherlands,NLD,2023-06-08 03:00:00,2023-06-08 05:00:00,0.08094
Netherlands,NLD,2023-06-08 04:00:00,2023-06-08 06:00:00,0.08356
Netherlands,NLD,2023-06-08 05:00:00,2023-06-08 07:00:00,0.09090000000000001
Netherlands,NLD,2023-06-08 06:00:00,2023-06-08 08:00:00,0.09140000000000001
Netherlands,NLD,2023-06-08 07:00:00,2023-06-08 09:00:00,0.08377
Netherlands,NLD,2023-06-08 08:00:00,2023-06-08 10:00:00,0.07464
Netherlands,NLD,2023-06-08 09:00:00,2023-06-08 11:00:00,0.0685
Netherlands,NLD,2023-06-08 10:00:00,2023-06-08 12:00:00,0.06422
Netherlands,NLD,2023-06-08 11:00:00,2023-06-08 13:00:00,0.0633
Netherlands,NLD,2023-06-08 12:00:00,2023-06-08 14:00:00,0.06406
Netherlands,NLD,2023-06-08 13:00:00,2023-06-08 15:00:00,0.06793
Netherlands,NLD,2023-06-08 14:00:00,2023-06-08 16:00:00,0.07117
Netherlands,NLD,2023-06-08 15:00:00,2023-06-08 17:00:00,0.0761
Netherlands,NLD,2023-06-08 16:00:00,2023-06-08 18:00:00,0.08565
Netherlands,NLD,2023-06-08 17:00:00,2023-06-08 19:00:00,0.09994
Netherlands,NLD,2023-06-08 18:00:00,2023-06-08 20:00:00,0.11381999999999999
Netherlands,NLD,2023-06-08 19:00:00,2023-06-08 21:00:00,0.10502
Netherlands,NLD,2023-06-08 20:00:00,2023-06-08 22:00:00,0.09658
Netherlands,NLD,2023-06-08 21:00:00,2023-06-08 23:00:00,0.091
Netherlands,NLD,2023-06-08 22:00:00,2023-06-09 00:00:00,0.095
Netherlands,NLD,2023-06-08 23:00:00,2023-06-09 01:00:00,0.0897
Netherlands,NLD,2023-06-09 00:00:00,2023-06-09 02:00:00,0.07973000000000001
Netherlands,NLD,2023-06-09 01:00:00,2023-06-09 03:00:00,0.076
Netherlands,NLD,2023-06-09 02:00:00,2023-06-09 04:00:00,0.07626000000000001
Netherlands,NLD,2023-06-09 03:00:00,2023-06-09 05:00:00,0.08866
Netherlands,NLD,2023-06-09 04:00:00,2023-06-09 06:00:00,0.09975
Netherlands,NLD,2023-06-09 05:00:00,2023-06-09 07:00:00,0.10396999999999999
Netherlands,NLD,2023-06-09 06:00:00,2023-06-09 08:00:00,0.10394
Netherlands,NLD,2023-06-09 07:00:00,2023-06-09 09:00:00,0.09139
Netherlands,NLD,2023-06-09 08:00:00,2023-06-09 10:00:00,0.08226
Netherlands,NLD,2023-06-09 09:00:00,2023-06-09 11:00:00,0.07543000000000001
Netherlands,NLD,2023-06-09 10:00:00,2023-06-09 12:00:00,0.07003
Netherlands,NLD,2023-06-09 11:00:00,2023-06-09 13:00:00,0.06111
Netherlands,NLD,2023-06-09 12:00:00,2023-06-09 14:00:00,0.06406
Netherlands,NLD,2023-06-09 13:00:00,2023-06-09 15:00:00,0.06839
Netherlands,NLD,2023-06-09 14:00:00,2023-06-09 16:00:00,0.07264
Netherlands,NLD,2023-06-09 15:00:00,2023-06-09 17:00:00,0.08063
Netherlands,NLD,2023-06-09 16:00:00,2023-06-09 18:00:00,0.095
Netherlands,NLD,2023-06-09 17:00:00,2023-06-09 19:00:00,0.10412
Netherlands,NLD,2023-06-09 18:00:00,2023-06-09 20:00:00,0.10645
Netherlands,NLD,2023-06-09 19:00:00,2023-06-09 21:00:00,0.10412
Netherlands,NLD,2023-06-09 20:00:00,2023-06-09 22:00:00,0.09748
Netherlands,NLD,2023-06-09 21:00:00,2023-06-09 23:00:00,0.086
Netherlands,NLD,2023-06-09 22:00:00,2023-06-10 00:00:00,0.08903
Netherlands,NLD,2023-06-09 23:00:00,2023-06-10 01:00:00,0.0841
Netherlands,NLD,2023-06-10 00:00:00,2023-06-10 02:00:00,0.08413
Netherlands,NLD,2023-06-10 01:00:00,2023-06-10 03:00:00,0.08031999999999999
Netherlands,NLD,2023-06-10 02:00:00,2023-06-10 04:00:00,0.07744
Netherlands,NLD,2023-06-10 03:00:00,2023-06-10 05:00:00,0.07987000000000001
Netherlands,NLD,2023-06-10 04:00:00,2023-06-10 06:00:00,0.07943
Netherlands,NLD,2023-06-10 05:00:00,2023-06-10 07:00:00,0.085
Netherlands,NLD,2023-06-10 06:00:00,2023-06-10 08:00:00,0.08181000000000001
Netherlands,NLD,2023-06-10 07:00:00,2023-06-10 09:00:00,0.05971
Netherlands,NLD,2023-06-10 08:00:00,2023-06-10 10:00:00,0.010060000000000001
Netherlands,NLD,2023-06-10 09:00:00,2023-06-10 11:00:00,-0.01
Netherlands,NLD,2023-06-10 10:00:00,2023-06-10 12:00:00,-0.022010000000000002
Netherlands,NLD,2023-06-10 11:00:00,2023-06-10 13:00:00,-0.05627
Netherlands,NLD,2023-06-10 12:00:00,2023-06-10 14:00:00,-0.05005
Netherlands,NLD,2023-06-10 13:00:00,2023-06-10 15:00:00,-0.017920000000000002
Netherlands,NLD,2023-06-10 14:00:00,2023-06-10 16:00:00,-0.0035
Netherlands,NLD,2023-06-10 15:00:00,2023-06-10 17:00:00,0.0445
Netherlands,NLD,2023-06-10 16:00:00,2023-06-10 18:00:00,0.07497
Netherlands,NLD,2023-06-10 17:00:00,2023-06-10 19:00:00,0.08616
Netherlands,NLD,2023-06-10 18:00:00,2023-06-10 20:00:00,0.10740000000000001
Netherlands,NLD,2023-06-10 19:00:00,2023-06-10 21:00:00,0.11248999999999999
Netherlands,NLD,2023-06-10 20:00:00,2023-06-10 22:00:00,0.098
Netherlands,NLD,2023-06-10 21:00:00,2023-06-10 23:00:00,0.0873
Netherlands,NLD,2023-06-10 22:00:00,2023-06-11 00:00:00,0.10243000000000001
Netherlands,NLD,2023-06-10 23:00:00,2023-06-11 01:00:00,0.09
Netherlands,NLD,2023-06-11 00:00:00,2023-06-11 02:00:00,0.08990000000000001
Netherlands,NLD,2023-06-11 01:00:00,2023-06-11 03:00:00,0.077
Netherlands,NLD,2023-06-11 02:00:00,2023-06-11 04:00:00,0.073
Netherlands,NLD,2023-06-11 03:00:00,2023-06-11 05:00:00,0.073
Netherlands,NLD,2023-06-11 04:00:00,2023-06-11 06:00:00,0.0601
Netherlands,NLD,2023-06-11 05:00:00,2023-06-11 07:00:00,0.048920000000000005
Netherlands,NLD,2023-06-11 06:00:00,2023-06-11 08:00:00,0.02844
Netherlands,NLD,2023-06-11 07:00:00,2023-06-11 09:00:00,0.0159
Netherlands,NLD,2023-06-11 08:00:00,2023-06-11 10:00:00,0.0
Netherlands,NLD,2023-06-11 09:00:00,2023-06-11 11:00:00,-0.00792
Netherlands,NLD,2023-06-11 10:00:00,2023-06-11 12:00:00,-0.03995
Netherlands,NLD,2023-06-11 11:00:00,2023-06-11 13:00:00,-0.06667000000000001
Netherlands,NLD,2023-06-11 12:00:00,2023-06-11 14:00:00,-0.05689
Netherlands,NLD,2023-06-11 13:00:00,2023-06-11 15:00:00,-0.02001
Netherlands,NLD,2023-06-11 14:00:00,2023-06-11 16:00:00,-0.0001
Netherlands,NLD,2023-06-11 15:00:00,2023-06-11 17:00:00,0.02792
Netherlands,NLD,2023-06-11 16:00:00,2023-06-11 18:00:00,0.08381999999999999
Netherlands,NLD,2023-06-11 17:00:00,2023-06-11 19:00:00,0.09991
Netherlands,NLD,2023-06-11 18:00:00,2023-06-11 20:00:00,0.11059999999999999
Netherlands,NLD,2023-06-11 19:00:00,2023-06-11 21:00:00,0.1256
Netherlands,NLD,2023-06-11 20:00:00,2023-06-11 22:00:00,0.119
Netherlands,NLD,2023-06-11 21:00:00,2023-06-11 23:00:00,0.0989
Netherlands,NLD,2023-06-11 22:00:00,2023-06-12 00:00:00,0.09433
Netherlands,NLD,2023-06-11 23:00:00,2023-06-12 01:00:00,0.08508
Netherlands,NLD,2023-06-12 00:00:00,2023-06-12 02:00:00,0.08502
Netherlands,NLD,2023-06-12 01:00:00,2023-06-12 03:00:00,0.08163
Netherlands,NLD,2023-06-12 02:00:00,2023-06-12 04:00:00,0.08395
Netherlands,NLD,2023-06-12 03:00:00,2023-06-12 05:00:00,0.09508
Netherlands,NLD,2023-06-12 04:00:00,2023-06-12 06:00:00,0.1072
Netherlands,NLD,2023-06-12 05:00:00,2023-06-12 07:00:00,0.12636
Netherlands,NLD,2023-06-12 06:00:00,2023-06-12 08:00:00,0.12439
Netherlands,NLD,2023-06-12 07:00:00,2023-06-12 09:00:00,0.10601000000000001
Netherlands,NLD,2023-06-12 08:00:00,2023-06-12 10:00:00,0.08603
Netherlands,NLD,2023-06-12 09:00:00,2023-06-12 11:00:00,0.06441
Netherlands,NLD,2023-06-12 10:00:00,2023-06-12 12:00:00,0.05
Netherlands,NLD,2023-06-12 11:00:00,2023-06-12 13:00:00,0.04256
Netherlands,NLD,2023-06-12 12:00:00,2023-06-12 14:00:00,0.05037
Netherlands,NLD,2023-06-12 13:00:00,2023-06-12 15:00:00,0.07104
Netherlands,NLD,2023-06-12 14:00:00,2023-06-12 16:00:00,0.08481999999999999
Netherlands,NLD,2023-06-12 15:00:00,2023-06-12 17:00:00,0.09759999999999999
Netherlands,NLD,2023-06-12 16:00:00,2023-06-12 18:00:00,0.10968000000000001
Netherlands,NLD,2023-06-12 17:00:00,2023-06-12 19:00:00,0.13304
Netherlands,NLD,2023-06-12 18:00:00,2023-06-12 20:00:00,0.14178
Netherlands,NLD,2023-06-12 19:00:00,2023-06-12 21:00:00,0.11693
Netherlands,NLD,2023-06-12 20:00:00,2023-06-12 22:00:00,0.107
Netherlands,NLD,2023-06-12 21:00:00,2023-06-12 23:00:00,0.09809999999999999
Netherlands,NLD,2023-06-12 22:00:00,2023-06-13 00:00:00,0.08911
Netherlands,NLD,2023-06-12 23:00:00,2023-06-13 01:00:00,0.08278
Netherlands,NLD,2023-06-13 00:00:00,2023-06-13 02:00:00,0.08329
Netherlands,NLD,2023-06-13 01:00:00,2023-06-13 03:00:00,0.08275
Netherlands,NLD,2023-06-13 02:00:00,2023-06-13 04:00:00,0.08477
Netherlands,NLD,2023-06-13 03:00:00,2023-06-13 05:00:00,0.09004000000000001
Netherlands,NLD,2023-06-13 04:00:00,2023-06-13 06:00:00,0.09559999999999999
Netherlands,NLD,2023-06-13 05:00:00,2023-06-13 07:00:00,0.1172
Netherlands,NLD,2023-06-13 06:00:00,2023-06-13 08:00:00,0.12004000000000001
Netherlands,NLD,2023-06-13 07:00:00,2023-06-13 09:00:00,0.10312
Netherlands,NLD,2023-06-13 08:00:00,2023-06-13 10:00:00,0.08508
Netherlands,NLD,2023-06-13 09:00:00,2023-06-13 11:00:00,0.07499
Netherlands,NLD,2023-06-13 10:00:00,2023-06-13 12:00:00,0.04
Netherlands,NLD,2023-06-13 11:00:00,2023-06-13 13:00:00,0.03043
Netherlands,NLD,2023-06-13 12:00:00,2023-06-13 14:00:00,0.03155
Netherlands,NLD,2023-06-13 13:00:00,2023-06-13 15:00:00,0.060039999999999996
Netherlands,NLD,2023-06-13 14:00:00,2023-06-13 16:00:00,0.07307999999999999
Netherlands,NLD,2023-06-13 15:00:00,2023-06-13 17:00:00,0.0846
Netherlands,NLD,2023-06-13 16:00:00,2023-06-13 18:00:00,0.10117
Netherlands,NLD,2023-06-13 17:00:00,2023-06-13 19:00:00,0.11195000000000001
Netherlands,NLD,2023-06-13 18:00:00,2023-06-13 20:00:00,0.12018000000000001
Netherlands,NLD,2023-06-13 19:00:00,2023-06-13 21:00:00,0.11481
Netherlands,NLD,2023-06-13 20:00:00,2023-06-13 22:00:00,0.105
Netherlands,NLD,2023-06-13 21:00:00,2023-06-13 23:00:00,0.09838
Netherlands,NLD,2023-06-13 22:00:00,2023-06-14 00:00:00,0.09628
Netherlands,NLD,2023-06-13 23:00:00,2023-06-14 01:00:00,0.08868000000000001
Netherlands,NLD,2023-06-14 00:00:00,2023-06-14 02:00:00,0.08698
Netherlands,NLD,2023-06-14 01:00:00,2023-06-14 03:00:00,0.08625
Netherlands,NLD,2023-06-14 02:00:00,2023-06-14 04:00:00,0.08807999999999999
Netherlands,NLD,2023-06-14 03:00:00,2023-06-14 05:00:00,0.09766
Netherlands,NLD,2023-06-14 04:00:00,2023-06-14 06:00:00,0.10478
Netherlands,NLD,2023-06-14 05:00:00,2023-06-14 07:00:00,0.13508
Netherlands,NLD,2023-06-14 06:00:00,2023-06-14 08:00:00,0.128
Netherlands,NLD,2023-06-14 07:00:00,2023-06-14 09:00:00,0.10332
Netherlands,NLD,2023-06-14 08:00:00,2023-06-14 10:00:00,0.08766
Netherlands,NLD,2023-06-14 09:00:00,2023-06-14 11:00:00,0.07779000000000001
Netherlands,NLD,2023-06-14 10:00:00,2023-06-14 12:00:00,0.0728
Netherlands,NLD,2023-06-14 11:00:00,2023-06-14 13:00:00,0.07479999999999999
Netherlands,NLD,2023-06-14 12:00:00,2023-06-14 14:00:00,0.07723999999999999
Netherlands,NLD,2023-06-14 13:00:00,2023-06-14 15:00:00,0.07651000000000001
Netherlands,NLD,2023-06-14 14:00:00,2023-06-14 16:00:00,0.08174
Netherlands,NLD,2023-06-14 15:00:00,2023-06-14 17:00:00,0.0963
Netherlands,NLD,2023-06-14 16:00:00,2023-06-14 18:00:00,0.11461
Netherlands,NLD,2023-06-14 17:00:00,2023-06-14 19:00:00,0.13
Netherlands,NLD,2023-06-14 18:00:00,2023-06-14 20:00:00,0.1432
Netherlands,NLD,2023-06-14 19:00:00,2023-06-14 21:00:00,0.13803
Netherlands,NLD,2023-06-14 20:00:00,2023-06-14 22:00:00,0.11911
Netherlands,NLD,2023-06-14 21:00:00,2023-06-14 23:00:00,0.10840999999999999
Netherlands,NLD,2023-06-14 22:00:00,2023-06-15 00:00:00,0.10712
Netherlands,NLD,2023-06-14 23:00:00,2023-06-15 01:00:00,0.10277
Netherlands,NLD,2023-06-15 00:00:00,2023-06-15 02:00:00,0.10062
Netherlands,NLD,2023-06-15 01:00:00,2023-06-15 03:00:00,0.10038
Netherlands,NLD,2023-06-15 02:00:00,2023-06-15 04:00:00,0.10037
Netherlands,NLD,2023-06-15 03:00:00,2023-06-15 05:00:00,0.0999
Netherlands,NLD,2023-06-15 04:00:00,2023-06-15 06:00:00,0.1198
Netherlands,NLD,2023-06-15 05:00:00,2023-06-15 07:00:00,0.13594
Netherlands,NLD,2023-06-15 06:00:00,2023-06-15 08:00:00,0.14007
Netherlands,NLD,2023-06-15 07:00:00,2023-06-15 09:00:00,0.116
Netherlands,NLD,2023-06-15 08:00:00,2023-06-15 10:00:00,0.10366
Netherlands,NLD,2023-06-15 09:00:00,2023-06-15 11:00:00,0.09802
Netherlands,NLD,2023-06-15 10:00:00,2023-06-15 12:00:00,0.09223999999999999
Netherlands,NLD,2023-06-15 11:00:00,2023-06-15 13:00:00,0.09
Netherlands,NLD,2023-06-15 12:00:00,2023-06-15 14:00:00,0.09
Netherlands,NLD,2023-06-15 13:00:00,2023-06-15 15:00:00,0.09201000000000001
Netherlands,NLD,2023-06-15 14:00:00,2023-06-15 16:00:00,0.09675
Netherlands,NLD,2023-06-15 15:00:00,2023-06-15 17:00:00,0.10490000000000001
Netherlands,NLD,2023-06-15 16:00:00,2023-06-15 18:00:00,0.12539
Netherlands,NLD,2023-06-15 17:00:00,2023-06-15 19:00:00,0.155
Netherlands,NLD,2023-06-15 18:00:00,2023-06-15 20:00:00,0.17576
Netherlands,NLD,2023-06-15 19:00:00,2023-06-15 21:00:00,0.16942
Netherlands,NLD,2023-06-15 20:00:00,2023-06-15 22:00:00,0.14962999999999999
Netherlands,NLD,2023-06-15 21:00:00,2023-06-15 23:00:00,0.125
Netherlands,NLD,2023-06-15 22:00:00,2023-06-16 00:00:00,0.12616
Netherlands,NLD,2023-06-15 23:00:00,2023-06-16 01:00:00,0.12161
Netherlands,NLD,2023-06-16 00:00:00,2023-06-16 02:00:00,0.11559
Netherlands,NLD,2023-06-16 01:00:00,2023-06-16 03:00:00,0.11269
Netherlands,NLD,2023-06-16 02:00:00,2023-06-16 04:00:00,0.11308
Netherlands,NLD,2023-06-16 03:00:00,2023-06-16 05:00:00,0.11776
Netherlands,NLD,2023-06-16 04:00:00,2023-06-16 06:00:00,0.14196999999999999
Netherlands,NLD,2023-06-16 05:00:00,2023-06-16 07:00:00,0.15356
Netherlands,NLD,2023-06-16 06:00:00,2023-06-16 08:00:00,0.14559
Netherlands,NLD,2023-06-16 07:00:00,2023-06-16 09:00:00,0.12415999999999999
Netherlands,NLD,2023-06-16 08:00:00,2023-06-16 10:00:00,0.11220000000000001
Netherlands,NLD,2023-06-16 09:00:00,2023-06-16 11:00:00,0.10898999999999999
Netherlands,NLD,2023-06-16 10:00:00,2023-06-16 12:00:00,0.10735
Netherlands,NLD,2023-06-16 11:00:00,2023-06-16 13:00:00,0.09531
Netherlands,NLD,2023-06-16 12:00:00,2023-06-16 14:00:00,0.09479000000000001
Netherlands,NLD,2023-06-16 13:00:00,2023-06-16 15:00:00,0.10165
Netherlands,NLD,2023-06-16 14:00:00,2023-06-16 16:00:00,0.10845999999999999
Netherlands,NLD,2023-06-16 15:00:00,2023-06-16 17:00:00,0.11504
Netherlands,NLD,2023-06-16 16:00:00,2023-06-16 18:00:00,0.13535
Netherlands,NLD,2023-06-16 17:00:00,2023-06-16 19:00:00,0.16116999999999998
Netherlands,NLD,2023-06-16 18:00:00,2023-06-16 20:00:00,0.1751
Netherlands,NLD,2023-06-16 19:00:00,2023-06-16 21:00:00,0.17038999999999999
Netherlands,NLD,2023-06-16 20:00:00,2023-06-16 22:00:00,0.152
Netherlands,NLD,2023-06-16 21:00:00,2023-06-16 23:00:00,0.13871
Netherlands,NLD,2023-06-16 22:00:00,2023-06-17 00:00:00,0.13081
Netherlands,NLD,2023-06-16 23:00:00,2023-06-17 01:00:00,0.12279999999999999
Netherlands,NLD,2023-06-17 00:00:00,2023-06-17 02:00:00,0.12
Netherlands,NLD,2023-06-17 01:00:00,2023-06-17 03:00:00,0.11644
Netherlands,NLD,2023-06-17 02:00:00,2023-06-17 04:00:00,0.11106999999999999
Netherlands,NLD,2023-06-17 03:00:00,2023-06-17 05:00:00,0.11
Netherlands,NLD,2023-06-17 04:00:00,2023-06-17 06:00:00,0.1103
Netherlands,NLD,2023-06-17 05:00:00,2023-06-17 07:00:00,0.10804000000000001
Netherlands,NLD,2023-06-17 06:00:00,2023-06-17 08:00:00,0.101
Netherlands,NLD,2023-06-17 07:00:00,2023-06-17 09:00:00,0.09559999999999999
Netherlands,NLD,2023-06-17 08:00:00,2023-06-17 10:00:00,0.085
Netherlands,NLD,2023-06-17 09:00:00,2023-06-17 11:00:00,0.06999
Netherlands,NLD,2023-06-17 10:00:00,2023-06-17 12:00:00,0.059359999999999996
Netherlands,NLD,2023-06-17 11:00:00,2023-06-17 13:00:00,0.0484
Netherlands,NLD,2023-06-17 12:00:00,2023-06-17 14:00:00,0.039380000000000005
Netherlands,NLD,2023-06-17 13:00:00,2023-06-17 15:00:00,0.05608
Netherlands,NLD,2023-06-17 14:00:00,2023-06-17 16:00:00,0.085
Netherlands,NLD,2023-06-17 15:00:00,2023-06-17 17:00:00,0.10152
Netherlands,NLD,2023-06-17 16:00:00,2023-06-17 18:00:00,0.11531
Netherlands,NLD,2023-06-17 17:00:00,2023-06-17 19:00:00,0.13779
Netherlands,NLD,2023-06-17 18:00:00,2023-06-17 20:00:00,0.14697
Netherlands,NLD,2023-06-17 19:00:00,2023-06-17 21:00:00,0.15419999999999998
Netherlands,NLD,2023-06-17 20:00:00,2023-06-17 22:00:00,0.14607
Netherlands,NLD,2023-06-17 21:00:00,2023-06-17 23:00:00,0.13665
Netherlands,NLD,2023-06-17 22:00:00,2023-06-18 00:00:00,0.12847999999999998
Netherlands,NLD,2023-06-17 23:00:00,2023-06-18 01:00:00,0.11785
Netherlands,NLD,2023-06-18 00:00:00,2023-06-18 02:00:00,0.11044
Netherlands,NLD,2023-06-18 01:00:00,2023-06-18 03:00:00,0.10886
Netherlands,NLD,2023-06-18 02:00:00,2023-06-18 04:00:00,0.104
Netherlands,NLD,2023-06-18 03:00:00,2023-06-18 05:00:00,0.10259
Netherlands,NLD,2023-06-18 04:00:00,2023-06-18 06:00:00,0.09834
Netherlands,NLD,2023-06-18 05:00:00,2023-06-18 07:00:00,0.09206
Netherlands,NLD,2023-06-18 06:00:00,2023-06-18 08:00:00,0.085
Netherlands,NLD,2023-06-18 07:00:00,2023-06-18 09:00:00,0.07817
Netherlands,NLD,2023-06-18 08:00:00,2023-06-18 10:00:00,0.06336
Netherlands,NLD,2023-06-18 09:00:00,2023-06-18 11:00:00,0.053649999999999996
Netherlands,NLD,2023-06-18 10:00:00,2023-06-18 12:00:00,0.0458
Netherlands,NLD,2023-06-18 11:00:00,2023-06-18 13:00:00,0.02938
Netherlands,NLD,2023-06-18 12:00:00,2023-06-18 14:00:00,0.025
Netherlands,NLD,2023-06-18 13:00:00,2023-06-18 15:00:00,0.049
Netherlands,NLD,2023-06-18 14:00:00,2023-06-18 16:00:00,0.075
Netherlands,NLD,2023-06-18 15:00:00,2023-06-18 17:00:00,0.09362999999999999
Netherlands,NLD,2023-06-18 16:00:00,2023-06-18 18:00:00,0.10723
Netherlands,NLD,2023-06-18 17:00:00,2023-06-18 19:00:00,0.12990000000000002
Netherlands,NLD,2023-06-18 18:00:00,2023-06-18 20:00:00,0.13871
Netherlands,NLD,2023-06-18 19:00:00,2023-06-18 21:00:00,0.13711
Netherlands,NLD,2023-06-18 20:00:00,2023-06-18 22:00:00,0.13738
Netherlands,NLD,2023-06-18 21:00:00,2023-06-18 23:00:00,0.1176
Netherlands,NLD,2023-06-18 22:00:00,2023-06-19 00:00:00,0.09995
Netherlands,NLD,2023-06-18 23:00:00,2023-06-19 01:00:00,0.09366
Netherlands,NLD,2023-06-19 00:00:00,2023-06-19 02:00:00,0.08857
Netherlands,NLD,2023-06-19 01:00:00,2023-06-19 03:00:00,0.08965999999999999
Netherlands,NLD,2023-06-19 02:00:00,2023-06-19 04:00:00,0.0938
Netherlands,NLD,2023-06-19 03:00:00,2023-06-19 05:00:00,0.09587000000000001
Netherlands,NLD,2023-06-19 04:00:00,2023-06-19 06:00:00,0.11701
Netherlands,NLD,2023-06-19 05:00:00,2023-06-19 07:00:00,0.13385
Netherlands,NLD,2023-06-19 06:00:00,2023-06-19 08:00:00,0.13258
Netherlands,NLD,2023-06-19 07:00:00,2023-06-19 09:00:00,0.11562
Netherlands,NLD,2023-06-19 08:00:00,2023-06-19 10:00:00,0.10409
Netherlands,NLD,2023-06-19 09:00:00,2023-06-19 11:00:00,0.09724
Netherlands,NLD,2023-06-19 10:00:00,2023-06-19 12:00:00,0.0933
Netherlands,NLD,2023-06-19 11:00:00,2023-06-19 13:00:00,0.09001
Netherlands,NLD,2023-06-19 12:00:00,2023-06-19 14:00:00,0.08835
Netherlands,NLD,2023-06-19 13:00:00,2023-06-19 15:00:00,0.09420999999999999
Netherlands,NLD,2023-06-19 14:00:00,2023-06-19 16:00:00,0.09816
Netherlands,NLD,2023-06-19 15:00:00,2023-06-19 17:00:00,0.11008
Netherlands,NLD,2023-06-19 16:00:00,2023-06-19 18:00:00,0.137
Netherlands,NLD,2023-06-19 17:00:00,2023-06-19 19:00:00,0.17007
Netherlands,NLD,2023-06-19 18:00:00,2023-06-19 20:00:00,0.19777
Netherlands,NLD,2023-06-19 19:00:00,2023-06-19 21:00:00,0.17578
Netherlands,NLD,2023-06-19 20:00:00,2023-06-19 22:00:00,0.14994
Netherlands,NLD,2023-06-19 21:00:00,2023-06-19 23:00:00,0.135
Netherlands,NLD,2023-06-19 22:00:00,2023-06-20 00:00:00,0.12118999999999999
Netherlands,NLD,2023-06-19 23:00:00,2023-06-20 01:00:00,0.11062999999999999
Netherlands,NLD,2023-06-20 00:00:00,2023-06-20 02:00:00,0.10415
Netherlands,NLD,2023-06-20 01:00:00,2023-06-20 03:00:00,0.10129
Netherlands,NLD,2023-06-20 02:00:00,2023-06-20 04:00:00,0.10089000000000001
Netherlands,NLD,2023-06-20 03:00:00,2023-06-20 05:00:00,0.10107
Netherlands,NLD,2023-06-20 04:00:00,2023-06-20 06:00:00,0.12164
Netherlands,NLD,2023-06-20 05:00:00,2023-06-20 07:00:00,0.14334
Netherlands,NLD,2023-06-20 06:00:00,2023-06-20 08:00:00,0.14671
Netherlands,NLD,2023-06-20 07:00:00,2023-06-20 09:00:00,0.13094
Netherlands,NLD,2023-06-20 08:00:00,2023-06-20 10:00:00,0.11409
Netherlands,NLD,2023-06-20 09:00:00,2023-06-20 11:00:00,0.10198
Netherlands,NLD,2023-06-20 10:00:00,2023-06-20 12:00:00,0.10002
Netherlands,NLD,2023-06-20 11:00:00,2023-06-20 13:00:00,0.08990000000000001
Netherlands,NLD,2023-06-20 12:00:00,2023-06-20 14:00:00,0.09226000000000001
Netherlands,NLD,2023-06-20 13:00:00,2023-06-20 15:00:00,0.0999
Netherlands,NLD,2023-06-20 14:00:00,2023-06-20 16:00:00,0.10534
Netherlands,NLD,2023-06-20 15:00:00,2023-06-20 17:00:00,0.11863
Netherlands,NLD,2023-06-20 16:00:00,2023-06-20 18:00:00,0.14
Netherlands,NLD,2023-06-20 17:00:00,2023-06-20 19:00:00,0.16059
Netherlands,NLD,2023-06-20 18:00:00,2023-06-20 20:00:00,0.16508
Netherlands,NLD,2023-06-20 19:00:00,2023-06-20 21:00:00,0.15
Netherlands,NLD,2023-06-20 20:00:00,2023-06-20 22:00:00,0.138
Netherlands,NLD,2023-06-20 21:00:00,2023-06-20 23:00:00,0.12024
Netherlands,NLD,2023-06-20 22:00:00,2023-06-21 00:00:00,0.1197
Netherlands,NLD,2023-06-20 23:00:00,2023-06-21 01:00:00,0.11077
Netherlands,NLD,2023-06-21 00:00:00,2023-06-21 02:00:00,0.10479999999999999
Netherlands,NLD,2023-06-21 01:00:00,2023-06-21 03:00:00,0.10392
Netherlands,NLD,2023-06-21 02:00:00,2023-06-21 04:00:00,0.10376
Netherlands,NLD,2023-06-21 03:00:00,2023-06-21 05:00:00,0.10701999999999999
Netherlands,NLD,2023-06-21 04:00:00,2023-06-21 06:00:00,0.12656
Netherlands,NLD,2023-06-21 05:00:00,2023-06-21 07:00:00,0.13767
Netherlands,NLD,2023-06-21 06:00:00,2023-06-21 08:00:00,0.14455
Netherlands,NLD,2023-06-21 07:00:00,2023-06-21 09:00:00,0.12616
Netherlands,NLD,2023-06-21 08:00:00,2023-06-21 10:00:00,0.10302
Netherlands,NLD,2023-06-21 09:00:00,2023-06-21 11:00:00,0.09115999999999999
Netherlands,NLD,2023-06-21 10:00:00,2023-06-21 12:00:00,0.08912
Netherlands,NLD,2023-06-21 11:00:00,2023-06-21 13:00:00,0.0865
Netherlands,NLD,2023-06-21 12:00:00,2023-06-21 14:00:00,0.08664
Netherlands,NLD,2023-06-21 13:00:00,2023-06-21 15:00:00,0.09459999999999999
Netherlands,NLD,2023-06-21 14:00:00,2023-06-21 16:00:00,0.10016
Netherlands,NLD,2023-06-21 15:00:00,2023-06-21 17:00:00,0.11362
Netherlands,NLD,2023-06-21 16:00:00,2023-06-21 18:00:00,0.13817
Netherlands,NLD,2023-06-21 17:00:00,2023-06-21 19:00:00,0.1675
Netherlands,NLD,2023-06-21 18:00:00,2023-06-21 20:00:00,0.19024000000000002
Netherlands,NLD,2023-06-21 19:00:00,2023-06-21 21:00:00,0.18066
Netherlands,NLD,2023-06-21 20:00:00,2023-06-21 22:00:00,0.15556999999999999
Netherlands,NLD,2023-06-21 21:00:00,2023-06-21 23:00:00,0.13486
Netherlands,NLD,2023-06-21 22:00:00,2023-06-22 00:00:00,0.13291
Netherlands,NLD,2023-06-21 23:00:00,2023-06-22 01:00:00,0.12342
Netherlands,NLD,2023-06-22 00:00:00,2023-06-22 02:00:00,0.1154
Netherlands,NLD,2023-06-22 01:00:00,2023-06-22 03:00:00,0.11133
Netherlands,NLD,2023-06-22 02:00:00,2023-06-22 04:00:00,0.10701999999999999
Netherlands,NLD,2023-06-22 03:00:00,2023-06-22 05:00:00,0.11519
Netherlands,NLD,2023-06-22 04:00:00,2023-06-22 06:00:00,0.13602
Netherlands,NLD,2023-06-22 05:00:00,2023-06-22 07:00:00,0.15172
Netherlands,NLD,2023-06-22 06:00:00,2023-06-22 08:00:00,0.15343
Netherlands,NLD,2023-06-22 07:00:00,2023-06-22 09:00:00,0.13008
Netherlands,NLD,2023-06-22 08:00:00,2023-06-22 10:00:00,0.116
Netherlands,NLD,2023-06-22 09:00:00,2023-06-22 11:00:00,0.10449
Netherlands,NLD,2023-06-22 10:00:00,2023-06-22 12:00:00,0.10291
Netherlands,NLD,2023-06-22 11:00:00,2023-06-22 13:00:00,0.10679000000000001
Netherlands,NLD,2023-06-22 12:00:00,2023-06-22 14:00:00,0.10646
Netherlands,NLD,2023-06-22 13:00:00,2023-06-22 15:00:00,0.10679000000000001
Netherlands,NLD,2023-06-22 14:00:00,2023-06-22 16:00:00,0.10819
Netherlands,NLD,2023-06-22 15:00:00,2023-06-22 17:00:00,0.12577
Netherlands,NLD,2023-06-22 16:00:00,2023-06-22 18:00:00,0.1373
Netherlands,NLD,2023-06-22 17:00:00,2023-06-22 19:00:00,0.15743000000000001
Netherlands,NLD,2023-06-22 18:00:00,2023-06-22 20:00:00,0.15522999999999998
Netherlands,NLD,2023-06-22 19:00:00,2023-06-22 21:00:00,0.14718
Netherlands,NLD,2023-06-22 20:00:00,2023-06-22 22:00:00,0.13434000000000001
Netherlands,NLD,2023-06-22 21:00:00,2023-06-22 23:00:00,0.12086
Netherlands,NLD,2023-06-22 22:00:00,2023-06-23 00:00:00,0.10386
Netherlands,NLD,2023-06-22 23:00:00,2023-06-23 01:00:00,0.0952
Netherlands,NLD,2023-06-23 00:00:00,2023-06-23 02:00:00,0.09179000000000001
Netherlands,NLD,2023-06-23 01:00:00,2023-06-23 03:00:00,0.09128
Netherlands,NLD,2023-06-23 02:00:00,2023-06-23 04:00:00,0.09094
Netherlands,NLD,2023-06-23 03:00:00,2023-06-23 05:00:00,0.09456
Netherlands,NLD,2023-06-23 04:00:00,2023-06-23 06:00:00,0.11509
Netherlands,NLD,2023-06-23 05:00:00,2023-06-23 07:00:00,0.12886
Netherlands,NLD,2023-06-23 06:00:00,2023-06-23 08:00:00,0.13087000000000001
Netherlands,NLD,2023-06-23 07:00:00,2023-06-23 09:00:00,0.12165000000000001
Netherlands,NLD,2023-06-23 08:00:00,2023-06-23 10:00:00,0.10626999999999999
Netherlands,NLD,2023-06-23 09:00:00,2023-06-23 11:00:00,0.09809999999999999
Netherlands,NLD,2023-06-23 10:00:00,2023-06-23 12:00:00,0.09289
Netherlands,NLD,2023-06-23 11:00:00,2023-06-23 13:00:00,0.08671
Netherlands,NLD,2023-06-23 12:00:00,2023-06-23 14:00:00,0.07906999999999999
Netherlands,NLD,2023-06-23 13:00:00,2023-06-23 15:00:00,0.07833
Netherlands,NLD,2023-06-23 14:00:00,2023-06-23 16:00:00,0.08584
Netherlands,NLD,2023-06-23 15:00:00,2023-06-23 17:00:00,0.09623999999999999
Netherlands,NLD,2023-06-23 16:00:00,2023-06-23 18:00:00,0.10754999999999999
Netherlands,NLD,2023-06-23 17:00:00,2023-06-23 19:00:00,0.12968000000000002
Netherlands,NLD,2023-06-23 18:00:00,2023-06-23 20:00:00,0.1371
Netherlands,NLD,2023-06-23 19:00:00,2023-06-23 21:00:00,0.13499
Netherlands,NLD,2023-06-23 20:00:00,2023-06-23 22:00:00,0.13054
Netherlands,NLD,2023-06-23 21:00:00,2023-06-23 23:00:00,0.12222
Netherlands,NLD,2023-06-23 22:00:00,2023-06-24 00:00:00,0.11734
Netherlands,NLD,2023-06-23 23:00:00,2023-06-24 01:00:00,0.10972
Netherlands,NLD,2023-06-24 00:00:00,2023-06-24 02:00:00,0.10289
Netherlands,NLD,2023-06-24 01:00:00,2023-06-24 03:00:00,0.10031
Netherlands,NLD,2023-06-24 02:00:00,2023-06-24 04:00:00,0.09433
Netherlands,NLD,2023-06-24 03:00:00,2023-06-24 05:00:00,0.09251000000000001
Netherlands,NLD,2023-06-24 04:00:00,2023-06-24 06:00:00,0.09229000000000001
Netherlands,NLD,2023-06-24 05:00:00,2023-06-24 07:00:00,0.0923
Netherlands,NLD,2023-06-24 06:00:00,2023-06-24 08:00:00,0.09057
Netherlands,NLD,2023-06-24 07:00:00,2023-06-24 09:00:00,0.08169
Netherlands,NLD,2023-06-24 08:00:00,2023-06-24 10:00:00,0.057640000000000004
Netherlands,NLD,2023-06-24 09:00:00,2023-06-24 11:00:00,0.025
Netherlands,NLD,2023-06-24 10:00:00,2023-06-24 12:00:00,0.01499
Netherlands,NLD,2023-06-24 11:00:00,2023-06-24 13:00:00,0.0019
Netherlands,NLD,2023-06-24 12:00:00,2023-06-24 14:00:00,0.00031
Netherlands,NLD,2023-06-24 13:00:00,2023-06-24 15:00:00,0.01
Netherlands,NLD,2023-06-24 14:00:00,2023-06-24 16:00:00,0.0282
Netherlands,NLD,2023-06-24 15:00:00,2023-06-24 17:00:00,0.08098000000000001
Netherlands,NLD,2023-06-24 16:00:00,2023-06-24 18:00:00,0.09874
Netherlands,NLD,2023-06-24 17:00:00,2023-06-24 19:00:00,0.12701
Netherlands,NLD,2023-06-24 18:00:00,2023-06-24 20:00:00,0.13865
Netherlands,NLD,2023-06-24 19:00:00,2023-06-24 21:00:00,0.1462
Netherlands,NLD,2023-06-24 20:00:00,2023-06-24 22:00:00,0.13013999999999998
Netherlands,NLD,2023-06-24 21:00:00,2023-06-24 23:00:00,0.11831
Netherlands,NLD,2023-06-24 22:00:00,2023-06-25 00:00:00,0.12106
Netherlands,NLD,2023-06-24 23:00:00,2023-06-25 01:00:00,0.1119
Netherlands,NLD,2023-06-25 00:00:00,2023-06-25 02:00:00,0.10679999999999999
Netherlands,NLD,2023-06-25 01:00:00,2023-06-25 03:00:00,0.10547
Netherlands,NLD,2023-06-25 02:00:00,2023-06-25 04:00:00,0.10112
Netherlands,NLD,2023-06-25 03:00:00,2023-06-25 05:00:00,0.0995
Netherlands,NLD,2023-06-25 04:00:00,2023-06-25 06:00:00,0.08614
Netherlands,NLD,2023-06-25 05:00:00,2023-06-25 07:00:00,0.078
Netherlands,NLD,2023-06-25 06:00:00,2023-06-25 08:00:00,0.054
Netherlands,NLD,2023-06-25 07:00:00,2023-06-25 09:00:00,0.032549999999999996
Netherlands,NLD,2023-06-25 08:00:00,2023-06-25 10:00:00,0.009689999999999999
Netherlands,NLD,2023-06-25 09:00:00,2023-06-25 11:00:00,0.0001
Netherlands,NLD,2023-06-25 10:00:00,2023-06-25 12:00:00,0.0
Netherlands,NLD,2023-06-25 11:00:00,2023-06-25 13:00:00,-0.0001
Netherlands,NLD,2023-06-25 12:00:00,2023-06-25 14:00:00,-0.0001
Netherlands,NLD,2023-06-25 13:00:00,2023-06-25 15:00:00,0.0
Netherlands,NLD,2023-06-25 14:00:00,2023-06-25 16:00:00,0.009689999999999999
Netherlands,NLD,2023-06-25 15:00:00,2023-06-25 17:00:00,0.07105
Netherlands,NLD,2023-06-25 16:00:00,2023-06-25 18:00:00,0.10509
Netherlands,NLD,2023-06-25 17:00:00,2023-06-25 19:00:00,0.12285
Netherlands,NLD,2023-06-25 18:00:00,2023-06-25 20:00:00,0.15381
Netherlands,NLD,2023-06-25 19:00:00,2023-06-25 21:00:00,0.16344
Netherlands,NLD,2023-06-25 20:00:00,2023-06-25 22:00:00,0.14325
Netherlands,NLD,2023-06-25 21:00:00,2023-06-25 23:00:00,0.11898
Netherlands,NLD,2023-06-25 22:00:00,2023-06-26 00:00:00,0.11514
Netherlands,NLD,2023-06-25 23:00:00,2023-06-26 01:00:00,0.106
Netherlands,NLD,2023-06-26 00:00:00,2023-06-26 02:00:00,0.0933
Netherlands,NLD,2023-06-26 01:00:00,2023-06-26 03:00:00,0.08370999999999999
Netherlands,NLD,2023-06-26 02:00:00,2023-06-26 04:00:00,0.08363
Netherlands,NLD,2023-06-26 03:00:00,2023-06-26 05:00:00,0.09920999999999999
Netherlands,NLD,2023-06-26 04:00:00,2023-06-26 06:00:00,0.10497
Netherlands,NLD,2023-06-26 05:00:00,2023-06-26 07:00:00,0.13034
Netherlands,NLD,2023-06-26 06:00:00,2023-06-26 08:00:00,0.11995
Netherlands,NLD,2023-06-26 07:00:00,2023-06-26 09:00:00,0.10152
Netherlands,NLD,2023-06-26 08:00:00,2023-06-26 10:00:00,0.0879
Netherlands,NLD,2023-06-26 09:00:00,2023-06-26 11:00:00,0.0814
Netherlands,NLD,2023-06-26 10:00:00,2023-06-26 12:00:00,0.025
Netherlands,NLD,2023-06-26 11:00:00,2023-06-26 13:00:00,0.03
Netherlands,NLD,2023-06-26 12:00:00,2023-06-26 14:00:00,0.04451
Netherlands,NLD,2023-06-26 13:00:00,2023-06-26 15:00:00,0.03803
Netherlands,NLD,2023-06-26 14:00:00,2023-06-26 16:00:00,0.062369999999999995
Netherlands,NLD,2023-06-26 15:00:00,2023-06-26 17:00:00,0.08348
Netherlands,NLD,2023-06-26 16:00:00,2023-06-26 18:00:00,0.097
Netherlands,NLD,2023-06-26 17:00:00,2023-06-26 19:00:00,0.10943000000000001
Netherlands,NLD,2023-06-26 18:00:00,2023-06-26 20:00:00,0.1199
Netherlands,NLD,2023-06-26 19:00:00,2023-06-26 21:00:00,0.13
Netherlands,NLD,2023-06-26 20:00:00,2023-06-26 22:00:00,0.12954
Netherlands,NLD,2023-06-26 21:00:00,2023-06-26 23:00:00,0.11804
Netherlands,NLD,2023-06-26 22:00:00,2023-06-27 00:00:00,0.11428
Netherlands,NLD,2023-06-26 23:00:00,2023-06-27 01:00:00,0.10014
Netherlands,NLD,2023-06-27 00:00:00,2023-06-27 02:00:00,0.09303
Netherlands,NLD,2023-06-27 01:00:00,2023-06-27 03:00:00,0.09359
Netherlands,NLD,2023-06-27 02:00:00,2023-06-27 04:00:00,0.0892
Netherlands,NLD,2023-06-27 03:00:00,2023-06-27 05:00:00,0.092
Netherlands,NLD,2023-06-27 04:00:00,2023-06-27 06:00:00,0.11529
Netherlands,NLD,2023-06-27 05:00:00,2023-06-27 07:00:00,0.13
Netherlands,NLD,2023-06-27 06:00:00,2023-06-27 08:00:00,0.12704000000000001
Netherlands,NLD,2023-06-27 07:00:00,2023-06-27 09:00:00,0.10224
Netherlands,NLD,2023-06-27 08:00:00,2023-06-27 10:00:00,0.09
Netherlands,NLD,2023-06-27 09:00:00,2023-06-27 11:00:00,0.08027
Netherlands,NLD,2023-06-27 10:00:00,2023-06-27 12:00:00,0.07305
Netherlands,NLD,2023-06-27 11:00:00,2023-06-27 13:00:00,0.06346
Netherlands,NLD,2023-06-27 12:00:00,2023-06-27 14:00:00,0.06812
Netherlands,NLD,2023-06-27 13:00:00,2023-06-27 15:00:00,0.08028
Netherlands,NLD,2023-06-27 14:00:00,2023-06-27 16:00:00,0.08904999999999999
Netherlands,NLD,2023-06-27 15:00:00,2023-06-27 17:00:00,0.0964
Netherlands,NLD,2023-06-27 16:00:00,2023-06-27 18:00:00,0.11356999999999999
Netherlands,NLD,2023-06-27 17:00:00,2023-06-27 19:00:00,0.13041
Netherlands,NLD,2023-06-27 18:00:00,2023-06-27 20:00:00,0.13453
Netherlands,NLD,2023-06-27 19:00:00,2023-06-27 21:00:00,0.1303
Netherlands,NLD,2023-06-27 20:00:00,2023-06-27 22:00:00,0.12506
Netherlands,NLD,2023-06-27 21:00:00,2023-06-27 23:00:00,0.11616
Netherlands,NLD,2023-06-27 22:00:00,2023-06-28 00:00:00,0.09805
Netherlands,NLD,2023-06-27 23:00:00,2023-06-28 01:00:00,0.09058
Netherlands,NLD,2023-06-28 00:00:00,2023-06-28 02:00:00,0.08707
Netherlands,NLD,2023-06-28 01:00:00,2023-06-28 03:00:00,0.08622
Netherlands,NLD,2023-06-28 02:00:00,2023-06-28 04:00:00,0.08712
Netherlands,NLD,2023-06-28 03:00:00,2023-06-28 05:00:00,0.09395
Netherlands,NLD,2023-06-28 04:00:00,2023-06-28 06:00:00,0.1138
Netherlands,NLD,2023-06-28 05:00:00,2023-06-28 07:00:00,0.13027
Netherlands,NLD,2023-06-28 06:00:00,2023-06-28 08:00:00,0.12771
Netherlands,NLD,2023-06-28 07:00:00,2023-06-28 09:00:00,0.11365
Netherlands,NLD,2023-06-28 08:00:00,2023-06-28 10:00:00,0.10189
Netherlands,NLD,2023-06-28 09:00:00,2023-06-28 11:00:00,0.0993
Netherlands,NLD,2023-06-28 10:00:00,2023-06-28 12:00:00,0.10118
Netherlands,NLD,2023-06-28 11:00:00,2023-06-28 13:00:00,0.09742
Netherlands,NLD,2023-06-28 12:00:00,2023-06-28 14:00:00,0.09559000000000001
Netherlands,NLD,2023-06-28 13:00:00,2023-06-28 15:00:00,0.09539
Netherlands,NLD,2023-06-28 14:00:00,2023-06-28 16:00:00,0.09759999999999999
Netherlands,NLD,2023-06-28 15:00:00,2023-06-28 17:00:00,0.10708
Netherlands,NLD,2023-06-28 16:00:00,2023-06-28 18:00:00,0.12813999999999998
Netherlands,NLD,2023-06-28 17:00:00,2023-06-28 19:00:00,0.15325
Netherlands,NLD,2023-06-28 18:00:00,2023-06-28 20:00:00,0.16762
Netherlands,NLD,2023-06-28 19:00:00,2023-06-28 21:00:00,0.1591
Netherlands,NLD,2023-06-28 20:00:00,2023-06-28 22:00:00,0.14
Netherlands,NLD,2023-06-28 21:00:00,2023-06-28 23:00:00,0.1211
Netherlands,NLD,2023-06-28 22:00:00,2023-06-29 00:00:00,0.11946
Netherlands,NLD,2023-06-28 23:00:00,2023-06-29 01:00:00,0.11006
Netherlands,NLD,2023-06-29 00:00:00,2023-06-29 02:00:00,0.10172
Netherlands,NLD,2023-06-29 01:00:00,2023-06-29 03:00:00,0.09804
Netherlands,NLD,2023-06-29 02:00:00,2023-06-29 04:00:00,0.09964
Netherlands,NLD,2023-06-29 03:00:00,2023-06-29 05:00:00,0.10423
Netherlands,NLD,2023-06-29 04:00:00,2023-06-29 06:00:00,0.12106
Netherlands,NLD,2023-06-29 05:00:00,2023-06-29 07:00:00,0.13047999999999998
Netherlands,NLD,2023-06-29 06:00:00,2023-06-29 08:00:00,0.13031
Netherlands,NLD,2023-06-29 07:00:00,2023-06-29 09:00:00,0.11639000000000001
Netherlands,NLD,2023-06-29 08:00:00,2023-06-29 10:00:00,0.10595
Netherlands,NLD,2023-06-29 09:00:00,2023-06-29 11:00:00,0.0986
Netherlands,NLD,2023-06-29 10:00:00,2023-06-29 12:00:00,0.09
Netherlands,NLD,2023-06-29 11:00:00,2023-06-29 13:00:00,0.09275
Netherlands,NLD,2023-06-29 12:00:00,2023-06-29 14:00:00,0.0986
Netherlands,NLD,2023-06-29 13:00:00,2023-06-29 15:00:00,0.1
Netherlands,NLD,2023-06-29 14:00:00,2023-06-29 16:00:00,0.10112
Netherlands,NLD,2023-06-29 15:00:00,2023-06-29 17:00:00,0.11203
Netherlands,NLD,2023-06-29 16:00:00,2023-06-29 18:00:00,0.12991
Netherlands,NLD,2023-06-29 17:00:00,2023-06-29 19:00:00,0.1349
Netherlands,NLD,2023-06-29 18:00:00,2023-06-29 20:00:00,0.16566
Netherlands,NLD,2023-06-29 19:00:00,2023-06-29 21:00:00,0.15131
Netherlands,NLD,2023-06-29 20:00:00,2023-06-29 22:00:00,0.13987
Netherlands,NLD,2023-06-29 21:00:00,2023-06-29 23:00:00,0.12025
Netherlands,NLD,2023-06-29 22:00:00,2023-06-30 00:00:00,0.11553000000000001
Netherlands,NLD,2023-06-29 23:00:00,2023-06-30 01:00:00,0.1034
Netherlands,NLD,2023-06-30 00:00:00,2023-06-30 02:00:00,0.09655
Netherlands,NLD,2023-06-30 01:00:00,2023-06-30 03:00:00,0.09634000000000001
Netherlands,NLD,2023-06-30 02:00:00,2023-06-30 04:00:00,0.09475
Netherlands,NLD,2023-06-30 03:00:00,2023-06-30 05:00:00,0.10534
Netherlands,NLD,2023-06-30 04:00:00,2023-06-30 06:00:00,0.12322
Netherlands,NLD,2023-06-30 05:00:00,2023-06-30 07:00:00,0.12494
Netherlands,NLD,2023-06-30 06:00:00,2023-06-30 08:00:00,0.114
Netherlands,NLD,2023-06-30 07:00:00,2023-06-30 09:00:00,0.0849
Netherlands,NLD,2023-06-30 08:00:00,2023-06-30 10:00:00,0.09793
Netherlands,NLD,2023-06-30 09:00:00,2023-06-30 11:00:00,0.0901
Netherlands,NLD,2023-06-30 10:00:00,2023-06-30 12:00:00,0.08835
Netherlands,NLD,2023-06-30 11:00:00,2023-06-30 13:00:00,0.0901
Netherlands,NLD,2023-06-30 12:00:00,2023-06-30 14:00:00,0.08846
Netherlands,NLD,2023-06-30 13:00:00,2023-06-30 15:00:00,0.07801999999999999
Netherlands,NLD,2023-06-30 14:00:00,2023-06-30 16:00:00,0.08267000000000001
Netherlands,NLD,2023-06-30 15:00:00,2023-06-30 17:00:00,0.079
Netherlands,NLD,2023-06-30 16:00:00,2023-06-30 18:00:00,0.10199
Netherlands,NLD,2023-06-30 17:00:00,2023-06-30 19:00:00,0.11009999999999999
Netherlands,NLD,2023-06-30 18:00:00,2023-06-30 20:00:00,0.13152
Netherlands,NLD,2023-06-30 19:00:00,2023-06-30 21:00:00,0.12884
Netherlands,NLD,2023-06-30 20:00:00,2023-06-30 22:00:00,0.12124
Netherlands,NLD,2023-06-30 21:00:00,2023-06-30 23:00:00,0.10947
Netherlands,NLD,2023-06-30 22:00:00,2023-07-01 00:00:00,0.10156
Netherlands,NLD,2023-06-30 23:00:00,2023-07-01 01:00:00,0.0995
Netherlands,NLD,2023-07-01 00:00:00,2023-07-01 02:00:00,0.08328
Netherlands,NLD,2023-07-01 01:00:00,2023-07-01 03:00:00,0.06689
Netherlands,NLD,2023-07-01 02:00:00,2023-07-01 04:00:00,0.06003
Netherlands,NLD,2023-07-01 03:00:00,2023-07-01 05:00:00,0.05364
Netherlands,NLD,2023-07-01 04:00:00,2023-07-01 06:00:00,0.054270000000000006
Netherlands,NLD,2023-07-01 05:00:00,2023-07-01 07:00:00,0.055119999999999995
Netherlands,NLD,2023-07-01 06:00:00,2023-07-01 08:00:00,0.07609
Netherlands,NLD,2023-07-01 07:00:00,2023-07-01 09:00:00,0.0649
Netherlands,NLD,2023-07-01 08:00:00,2023-07-01 10:00:00,0.0443
Netherlands,NLD,2023-07-01 09:00:00,2023-07-01 11:00:00,0.02461
Netherlands,NLD,2023-07-01 10:00:00,2023-07-01 12:00:00,0.016829999999999998
Netherlands,NLD,2023-07-01 11:00:00,2023-07-01 13:00:00,0.00443
Netherlands,NLD,2023-07-01 12:00:00,2023-07-01 14:00:00,7.000000000000001e-05
Netherlands,NLD,2023-07-01 13:00:00,2023-07-01 15:00:00,0.0008900000000000001
Netherlands,NLD,2023-07-01 14:00:00,2023-07-01 16:00:00,0.01111
Netherlands,NLD,2023-07-01 15:00:00,2023-07-01 17:00:00,0.0499
Netherlands,NLD,2023-07-01 16:00:00,2023-07-01 18:00:00,0.07188
Netherlands,NLD,2023-07-01 17:00:00,2023-07-01 19:00:00,0.0787
Netherlands,NLD,2023-07-01 18:00:00,2023-07-01 20:00:00,0.087
Netherlands,NLD,2023-07-01 19:00:00,2023-07-01 21:00:00,0.09279000000000001
Netherlands,NLD,2023-07-01 20:00:00,2023-07-01 22:00:00,0.0988
Netherlands,NLD,2023-07-01 21:00:00,2023-07-01 23:00:00,0.08986
Netherlands,NLD,2023-07-01 22:00:00,2023-07-02 00:00:00,0.01645
Netherlands,NLD,2023-07-01 23:00:00,2023-07-02 01:00:00,0.00317
Netherlands,NLD,2023-07-02 00:00:00,2023-07-02 02:00:00,1e-05
Netherlands,NLD,2023-07-02 01:00:00,2023-07-02 03:00:00,0.0
Netherlands,NLD,2023-07-02 02:00:00,2023-07-02 04:00:00,-2.9999999999999997e-05
Netherlands,NLD,2023-07-02 03:00:00,2023-07-02 05:00:00,-5e-05
Netherlands,NLD,2023-07-02 04:00:00,2023-07-02 06:00:00,-5.9999999999999995e-05
Netherlands,NLD,2023-07-02 05:00:00,2023-07-02 07:00:00,-0.00051
Netherlands,NLD,2023-07-02 06:00:00,2023-07-02 08:00:00,-0.00297
Netherlands,NLD,2023-07-02 07:00:00,2023-07-02 09:00:00,-0.0169
Netherlands,NLD,2023-07-02 08:00:00,2023-07-02 10:00:00,-0.06
Netherlands,NLD,2023-07-02 09:00:00,2023-07-02 11:00:00,-0.25292
Netherlands,NLD,2023-07-02 10:00:00,2023-07-02 12:00:00,-0.44956999999999997
Netherlands,NLD,2023-07-02 11:00:00,2023-07-02 13:00:00,-0.5
Netherlands,NLD,2023-07-02 12:00:00,2023-07-02 14:00:00,-0.5
Netherlands,NLD,2023-07-02 13:00:00,2023-07-02 15:00:00,-0.5
Netherlands,NLD,2023-07-02 14:00:00,2023-07-02 16:00:00,-0.17239
Netherlands,NLD,2023-07-02 15:00:00,2023-07-02 17:00:00,-0.03518
Netherlands,NLD,2023-07-02 16:00:00,2023-07-02 18:00:00,-0.00601
Netherlands,NLD,2023-07-02 17:00:00,2023-07-02 19:00:00,0.00488
Netherlands,NLD,2023-07-02 18:00:00,2023-07-02 20:00:00,0.0691
Netherlands,NLD,2023-07-02 19:00:00,2023-07-02 21:00:00,0.08558
Netherlands,NLD,2023-07-02 20:00:00,2023-07-02 22:00:00,0.09490000000000001
Netherlands,NLD,2023-07-02 21:00:00,2023-07-02 23:00:00,0.08608
Netherlands,NLD,2023-07-02 22:00:00,2023-07-03 00:00:00,0.066
Netherlands,NLD,2023-07-02 23:00:00,2023-07-03 01:00:00,0.0435
Netherlands,NLD,2023-07-03 00:00:00,2023-07-03 02:00:00,0.02409
Netherlands,NLD,2023-07-03 01:00:00,2023-07-03 03:00:00,0.01026
Netherlands,NLD,2023-07-03 02:00:00,2023-07-03 04:00:00,0.0158
Netherlands,NLD,2023-07-03 03:00:00,2023-07-03 05:00:00,0.054
Netherlands,NLD,2023-07-03 04:00:00,2023-07-03 06:00:00,0.086
Netherlands,NLD,2023-07-03 05:00:00,2023-07-03 07:00:00,0.11089
Netherlands,NLD,2023-07-03 06:00:00,2023-07-03 08:00:00,0.10491
Netherlands,NLD,2023-07-03 07:00:00,2023-07-03 09:00:00,0.0675
Netherlands,NLD,2023-07-03 08:00:00,2023-07-03 10:00:00,0.00734
Netherlands,NLD,2023-07-03 09:00:00,2023-07-03 11:00:00,-5.9999999999999995e-05
Netherlands,NLD,2023-07-03 10:00:00,2023-07-03 12:00:00,-0.00843
Netherlands,NLD,2023-07-03 11:00:00,2023-07-03 13:00:00,-0.01
Netherlands,NLD,2023-07-03 12:00:00,2023-07-03 14:00:00,-0.01007
Netherlands,NLD,2023-07-03 13:00:00,2023-07-03 15:00:00,-0.01
Netherlands,NLD,2023-07-03 14:00:00,2023-07-03 16:00:00,-7.000000000000001e-05
Netherlands,NLD,2023-07-03 15:00:00,2023-07-03 17:00:00,0.00945
Netherlands,NLD,2023-07-03 16:00:00,2023-07-03 18:00:00,0.07995000000000001
Netherlands,NLD,2023-07-03 17:00:00,2023-07-03 19:00:00,0.11651
Netherlands,NLD,2023-07-03 18:00:00,2023-07-03 20:00:00,0.1245
Netherlands,NLD,2023-07-03 19:00:00,2023-07-03 21:00:00,0.12799
Netherlands,NLD,2023-07-03 20:00:00,2023-07-03 22:00:00,0.12129999999999999
Netherlands,NLD,2023-07-03 21:00:00,2023-07-03 23:00:00,0.1145
Netherlands,NLD,2023-07-03 22:00:00,2023-07-04 00:00:00,0.09675
Netherlands,NLD,2023-07-03 23:00:00,2023-07-04 01:00:00,0.08128
Netherlands,NLD,2023-07-04 00:00:00,2023-07-04 02:00:00,0.071
Netherlands,NLD,2023-07-04 01:00:00,2023-07-04 03:00:00,0.06444
Netherlands,NLD,2023-07-04 02:00:00,2023-07-04 04:00:00,0.07042
Netherlands,NLD,2023-07-04 03:00:00,2023-07-04 05:00:00,0.08527
Netherlands,NLD,2023-07-04 04:00:00,2023-07-04 06:00:00,0.11374
Netherlands,NLD,2023-07-04 05:00:00,2023-07-04 07:00:00,0.11997
Netherlands,NLD,2023-07-04 06:00:00,2023-07-04 08:00:00,0.11329
Netherlands,NLD,2023-07-04 07:00:00,2023-07-04 09:00:00,0.07608
Netherlands,NLD,2023-07-04 08:00:00,2023-07-04 10:00:00,0.03364
Netherlands,NLD,2023-07-04 09:00:00,2023-07-04 11:00:00,0.01008
Netherlands,NLD,2023-07-04 10:00:00,2023-07-04 12:00:00,0.0149
Netherlands,NLD,2023-07-04 11:00:00,2023-07-04 13:00:00,0.02309
Netherlands,NLD,2023-07-04 12:00:00,2023-07-04 14:00:00,0.023
Netherlands,NLD,2023-07-04 13:00:00,2023-07-04 15:00:00,0.03922
Netherlands,NLD,2023-07-04 14:00:00,2023-07-04 16:00:00,0.08429
Netherlands,NLD,2023-07-04 15:00:00,2023-07-04 17:00:00,0.09368000000000001
Netherlands,NLD,2023-07-04 16:00:00,2023-07-04 18:00:00,0.11686
Netherlands,NLD,2023-07-04 17:00:00,2023-07-04 19:00:00,0.14629
Netherlands,NLD,2023-07-04 18:00:00,2023-07-04 20:00:00,0.17087
Netherlands,NLD,2023-07-04 19:00:00,2023-07-04 21:00:00,0.16938
Netherlands,NLD,2023-07-04 20:00:00,2023-07-04 22:00:00,0.1446
Netherlands,NLD,2023-07-04 21:00:00,2023-07-04 23:00:00,0.12409
Netherlands,NLD,2023-07-04 22:00:00,2023-07-05 00:00:00,0.12294
Netherlands,NLD,2023-07-04 23:00:00,2023-07-05 01:00:00,0.10875
Netherlands,NLD,2023-07-05 00:00:00,2023-07-05 02:00:00,0.09431
Netherlands,NLD,2023-07-05 01:00:00,2023-07-05 03:00:00,0.0846
Netherlands,NLD,2023-07-05 02:00:00,2023-07-05 04:00:00,0.06756000000000001
Netherlands,NLD,2023-07-05 03:00:00,2023-07-05 05:00:00,0.0682
Netherlands,NLD,2023-07-05 04:00:00,2023-07-05 06:00:00,0.07643000000000001
Netherlands,NLD,2023-07-05 05:00:00,2023-07-05 07:00:00,0.09259
Netherlands,NLD,2023-07-05 06:00:00,2023-07-05 08:00:00,0.09834999999999999
Netherlands,NLD,2023-07-05 07:00:00,2023-07-05 09:00:00,0.0824
Netherlands,NLD,2023-07-05 08:00:00,2023-07-05 10:00:00,0.07343999999999999
Netherlands,NLD,2023-07-05 09:00:00,2023-07-05 11:00:00,0.039450000000000006
Netherlands,NLD,2023-07-05 10:00:00,2023-07-05 12:00:00,1e-05
Netherlands,NLD,2023-07-05 11:00:00,2023-07-05 13:00:00,0.0
Netherlands,NLD,2023-07-05 12:00:00,2023-07-05 14:00:00,-0.0055
Netherlands,NLD,2023-07-05 13:00:00,2023-07-05 15:00:00,-0.00475
Netherlands,NLD,2023-07-05 14:00:00,2023-07-05 16:00:00,-0.00352
Netherlands,NLD,2023-07-05 15:00:00,2023-07-05 17:00:00,0.0391
Netherlands,NLD,2023-07-05 16:00:00,2023-07-05 18:00:00,0.09223999999999999
Netherlands,NLD,2023-07-05 17:00:00,2023-07-05 19:00:00,0.10471
Netherlands,NLD,2023-07-05 18:00:00,2023-07-05 20:00:00,0.1181
Netherlands,NLD,2023-07-05 19:00:00,2023-07-05 21:00:00,0.12278
Netherlands,NLD,2023-07-05 20:00:00,2023-07-05 22:00:00,0.12171
Netherlands,NLD,2023-07-05 21:00:00,2023-07-05 23:00:00,0.11489
Netherlands,NLD,2023-07-05 22:00:00,2023-07-06 00:00:00,0.09162000000000001
Netherlands,NLD,2023-07-05 23:00:00,2023-07-06 01:00:00,0.084
Netherlands,NLD,2023-07-06 00:00:00,2023-07-06 02:00:00,0.0824
Netherlands,NLD,2023-07-06 01:00:00,2023-07-06 03:00:00,0.08305
Netherlands,NLD,2023-07-06 02:00:00,2023-07-06 04:00:00,0.08501
Netherlands,NLD,2023-07-06 03:00:00,2023-07-06 05:00:00,0.09437000000000001
Netherlands,NLD,2023-07-06 04:00:00,2023-07-06 06:00:00,0.11375
Netherlands,NLD,2023-07-06 05:00:00,2023-07-06 07:00:00,0.12617
Netherlands,NLD,2023-07-06 06:00:00,2023-07-06 08:00:00,0.12484999999999999
Netherlands,NLD,2023-07-06 07:00:00,2023-07-06 09:00:00,0.11097
Netherlands,NLD,2023-07-06 08:00:00,2023-07-06 10:00:00,0.09442
Netherlands,NLD,2023-07-06 09:00:00,2023-07-06 11:00:00,0.08638
Netherlands,NLD,2023-07-06 10:00:00,2023-07-06 12:00:00,0.05654
Netherlands,NLD,2023-07-06 11:00:00,2023-07-06 13:00:00,0.06923
Netherlands,NLD,2023-07-06 12:00:00,2023-07-06 14:00:00,0.06744
Netherlands,NLD,2023-07-06 13:00:00,2023-07-06 15:00:00,0.08405
Netherlands,NLD,2023-07-06 14:00:00,2023-07-06 16:00:00,0.0881
Netherlands,NLD,2023-07-06 15:00:00,2023-07-06 17:00:00,0.09881999999999999
Netherlands,NLD,2023-07-06 16:00:00,2023-07-06 18:00:00,0.10298
Netherlands,NLD,2023-07-06 17:00:00,2023-07-06 19:00:00,0.1194
Netherlands,NLD,2023-07-06 18:00:00,2023-07-06 20:00:00,0.17588
Netherlands,NLD,2023-07-06 19:00:00,2023-07-06 21:00:00,0.1751
Netherlands,NLD,2023-07-06 20:00:00,2023-07-06 22:00:00,0.13757
Netherlands,NLD,2023-07-06 21:00:00,2023-07-06 23:00:00,0.11898
Netherlands,NLD,2023-07-06 22:00:00,2023-07-07 00:00:00,0.114
Netherlands,NLD,2023-07-06 23:00:00,2023-07-07 01:00:00,0.10338
Netherlands,NLD,2023-07-07 00:00:00,2023-07-07 02:00:00,0.09759999999999999
Netherlands,NLD,2023-07-07 01:00:00,2023-07-07 03:00:00,0.089
Netherlands,NLD,2023-07-07 02:00:00,2023-07-07 04:00:00,0.08642
Netherlands,NLD,2023-07-07 03:00:00,2023-07-07 05:00:00,0.09093000000000001
Netherlands,NLD,2023-07-07 04:00:00,2023-07-07 06:00:00,0.0948
Netherlands,NLD,2023-07-07 05:00:00,2023-07-07 07:00:00,0.1092
Netherlands,NLD,2023-07-07 06:00:00,2023-07-07 08:00:00,0.10712999999999999
Netherlands,NLD,2023-07-07 07:00:00,2023-07-07 09:00:00,0.09179000000000001
Netherlands,NLD,2023-07-07 08:00:00,2023-07-07 10:00:00,0.084
Netherlands,NLD,2023-07-07 09:00:00,2023-07-07 11:00:00,0.07912000000000001
Netherlands,NLD,2023-07-07 10:00:00,2023-07-07 12:00:00,0.07490000000000001
Netherlands,NLD,2023-07-07 11:00:00,2023-07-07 13:00:00,0.06656999999999999
Netherlands,NLD,2023-07-07 12:00:00,2023-07-07 14:00:00,0.06498000000000001
Netherlands,NLD,2023-07-07 13:00:00,2023-07-07 15:00:00,0.06618
Netherlands,NLD,2023-07-07 14:00:00,2023-07-07 16:00:00,0.08029
Netherlands,NLD,2023-07-07 15:00:00,2023-07-07 17:00:00,0.09
Netherlands,NLD,2023-07-07 16:00:00,2023-07-07 18:00:00,0.09498999999999999
Netherlands,NLD,2023-07-07 17:00:00,2023-07-07 19:00:00,0.14198
Netherlands,NLD,2023-07-07 18:00:00,2023-07-07 20:00:00,0.16656
Netherlands,NLD,2023-07-07 19:00:00,2023-07-07 21:00:00,0.13766
Netherlands,NLD,2023-07-07 20:00:00,2023-07-07 22:00:00,0.11727
Netherlands,NLD,2023-07-07 21:00:00,2023-07-07 23:00:00,0.10156
Netherlands,NLD,2023-07-07 22:00:00,2023-07-08 00:00:00,0.10027
Netherlands,NLD,2023-07-07 23:00:00,2023-07-08 01:00:00,0.09196
Netherlands,NLD,2023-07-08 00:00:00,2023-07-08 02:00:00,0.08997
Netherlands,NLD,2023-07-08 01:00:00,2023-07-08 03:00:00,0.08659
Netherlands,NLD,2023-07-08 02:00:00,2023-07-08 04:00:00,0.08719
Netherlands,NLD,2023-07-08 03:00:00,2023-07-08 05:00:00,0.08728
Netherlands,NLD,2023-07-08 04:00:00,2023-07-08 06:00:00,0.08442
Netherlands,NLD,2023-07-08 05:00:00,2023-07-08 07:00:00,0.08523
Netherlands,NLD,2023-07-08 06:00:00,2023-07-08 08:00:00,0.08376
Netherlands,NLD,2023-07-08 07:00:00,2023-07-08 09:00:00,0.07604000000000001
Netherlands,NLD,2023-07-08 08:00:00,2023-07-08 10:00:00,0.060899999999999996
Netherlands,NLD,2023-07-08 09:00:00,2023-07-08 11:00:00,0.04632
Netherlands,NLD,2023-07-08 10:00:00,2023-07-08 12:00:00,0.030690000000000002
Netherlands,NLD,2023-07-08 11:00:00,2023-07-08 13:00:00,-0.006
Netherlands,NLD,2023-07-08 12:00:00,2023-07-08 14:00:00,0.0039700000000000004
Netherlands,NLD,2023-07-08 13:00:00,2023-07-08 15:00:00,0.04
Netherlands,NLD,2023-07-08 14:00:00,2023-07-08 16:00:00,0.060899999999999996
Netherlands,NLD,2023-07-08 15:00:00,2023-07-08 17:00:00,0.0834
Netherlands,NLD,2023-07-08 16:00:00,2023-07-08 18:00:00,0.10729999999999999
Netherlands,NLD,2023-07-08 17:00:00,2023-07-08 19:00:00,0.12099
Netherlands,NLD,2023-07-08 18:00:00,2023-07-08 20:00:00,0.12875999999999999
Netherlands,NLD,2023-07-08 19:00:00,2023-07-08 21:00:00,0.13286
Netherlands,NLD,2023-07-08 20:00:00,2023-07-08 22:00:00,0.12972
Netherlands,NLD,2023-07-08 21:00:00,2023-07-08 23:00:00,0.11592
Netherlands,NLD,2023-07-08 22:00:00,2023-07-09 00:00:00,0.10944
Netherlands,NLD,2023-07-08 23:00:00,2023-07-09 01:00:00,0.10174
Netherlands,NLD,2023-07-09 00:00:00,2023-07-09 02:00:00,0.10182
Netherlands,NLD,2023-07-09 01:00:00,2023-07-09 03:00:00,0.09545999999999999
Netherlands,NLD,2023-07-09 02:00:00,2023-07-09 04:00:00,0.09603
Netherlands,NLD,2023-07-09 03:00:00,2023-07-09 05:00:00,0.09697
Netherlands,NLD,2023-07-09 04:00:00,2023-07-09 06:00:00,0.0947
Netherlands,NLD,2023-07-09 05:00:00,2023-07-09 07:00:00,0.09122
Netherlands,NLD,2023-07-09 06:00:00,2023-07-09 08:00:00,0.08627
Netherlands,NLD,2023-07-09 07:00:00,2023-07-09 09:00:00,0.07708
Netherlands,NLD,2023-07-09 08:00:00,2023-07-09 10:00:00,0.06012
Netherlands,NLD,2023-07-09 09:00:00,2023-07-09 11:00:00,0.05009
Netherlands,NLD,2023-07-09 10:00:00,2023-07-09 12:00:00,0.045689999999999995
Netherlands,NLD,2023-07-09 11:00:00,2023-07-09 13:00:00,0.03699
Netherlands,NLD,2023-07-09 12:00:00,2023-07-09 14:00:00,0.04485
Netherlands,NLD,2023-07-09 13:00:00,2023-07-09 15:00:00,0.055159999999999994
Netherlands,NLD,2023-07-09 14:00:00,2023-07-09 16:00:00,0.07297
Netherlands,NLD,2023-07-09 15:00:00,2023-07-09 17:00:00,0.0824
Netherlands,NLD,2023-07-09 16:00:00,2023-07-09 18:00:00,0.10441
Netherlands,NLD,2023-07-09 17:00:00,2023-07-09 19:00:00,0.12221
Netherlands,NLD,2023-07-09 18:00:00,2023-07-09 20:00:00,0.132
Netherlands,NLD,2023-07-09 19:00:00,2023-07-09 21:00:00,0.1341
Netherlands,NLD,2023-07-09 20:00:00,2023-07-09 22:00:00,0.13212000000000002
Netherlands,NLD,2023-07-09 21:00:00,2023-07-09 23:00:00,0.1196
Netherlands,NLD,2023-07-09 22:00:00,2023-07-10 00:00:00,0.11248999999999999
Netherlands,NLD,2023-07-09 23:00:00,2023-07-10 01:00:00,0.102
Netherlands,NLD,2023-07-10 00:00:00,2023-07-10 02:00:00,0.0943
Netherlands,NLD,2023-07-10 01:00:00,2023-07-10 03:00:00,0.09194
Netherlands,NLD,2023-07-10 02:00:00,2023-07-10 04:00:00,0.09331
Netherlands,NLD,2023-07-10 03:00:00,2023-07-10 05:00:00,0.10512
Netherlands,NLD,2023-07-10 04:00:00,2023-07-10 06:00:00,0.12074
Netherlands,NLD,2023-07-10 05:00:00,2023-07-10 07:00:00,0.13052
Netherlands,NLD,2023-07-10 06:00:00,2023-07-10 08:00:00,0.13427
Netherlands,NLD,2023-07-10 07:00:00,2023-07-10 09:00:00,0.11795
Netherlands,NLD,2023-07-10 08:00:00,2023-07-10 10:00:00,0.10528
Netherlands,NLD,2023-07-10 09:00:00,2023-07-10 11:00:00,0.09137
Netherlands,NLD,2023-07-10 10:00:00,2023-07-10 12:00:00,0.08585
Netherlands,NLD,2023-07-10 11:00:00,2023-07-10 13:00:00,0.0714
Netherlands,NLD,2023-07-10 12:00:00,2023-07-10 14:00:00,0.05803
Netherlands,NLD,2023-07-10 13:00:00,2023-07-10 15:00:00,0.0551
Netherlands,NLD,2023-07-10 14:00:00,2023-07-10 16:00:00,0.07956
Netherlands,NLD,2023-07-10 15:00:00,2023-07-10 17:00:00,0.08972
Netherlands,NLD,2023-07-10 16:00:00,2023-07-10 18:00:00,0.12197
Netherlands,NLD,2023-07-10 17:00:00,2023-07-10 19:00:00,0.16549
Netherlands,NLD,2023-07-10 18:00:00,2023-07-10 20:00:00,0.17589
Netherlands,NLD,2023-07-10 19:00:00,2023-07-10 21:00:00,0.18006999999999998
Netherlands,NLD,2023-07-10 20:00:00,2023-07-10 22:00:00,0.16262000000000001
Netherlands,NLD,2023-07-10 21:00:00,2023-07-10 23:00:00,0.13369999999999999
Netherlands,NLD,2023-07-10 22:00:00,2023-07-11 00:00:00,0.12440999999999999
Netherlands,NLD,2023-07-10 23:00:00,2023-07-11 01:00:00,0.11524
Netherlands,NLD,2023-07-11 00:00:00,2023-07-11 02:00:00,0.10512
Netherlands,NLD,2023-07-11 01:00:00,2023-07-11 03:00:00,0.09919
Netherlands,NLD,2023-07-11 02:00:00,2023-07-11 04:00:00,0.09597
Netherlands,NLD,2023-07-11 03:00:00,2023-07-11 05:00:00,0.09816
Netherlands,NLD,2023-07-11 04:00:00,2023-07-11 06:00:00,0.0992
Netherlands,NLD,2023-07-11 05:00:00,2023-07-11 07:00:00,0.11358
Netherlands,NLD,2023-07-11 06:00:00,2023-07-11 08:00:00,0.12095
Netherlands,NLD,2023-07-11 07:00:00,2023-07-11 09:00:00,0.1051
Netherlands,NLD,2023-07-11 08:00:00,2023-07-11 10:00:00,0.09157
Netherlands,NLD,2023-07-11 09:00:00,2023-07-11 11:00:00,0.0715
Netherlands,NLD,2023-07-11 10:00:00,2023-07-11 12:00:00,0.038
Netherlands,NLD,2023-07-11 11:00:00,2023-07-11 13:00:00,0.02132
Netherlands,NLD,2023-07-11 12:00:00,2023-07-11 14:00:00,0.03
Netherlands,NLD,2023-07-11 13:00:00,2023-07-11 15:00:00,0.06
Netherlands,NLD,2023-07-11 14:00:00,2023-07-11 16:00:00,0.068
Netherlands,NLD,2023-07-11 15:00:00,2023-07-11 17:00:00,0.0945
Netherlands,NLD,2023-07-11 16:00:00,2023-07-11 18:00:00,0.114
Netherlands,NLD,2023-07-11 17:00:00,2023-07-11 19:00:00,0.14155
Netherlands,NLD,2023-07-11 18:00:00,2023-07-11 20:00:00,0.16002000000000002
Netherlands,NLD,2023-07-11 19:00:00,2023-07-11 21:00:00,0.13409000000000001
Netherlands,NLD,2023-07-11 20:00:00,2023-07-11 22:00:00,0.119
Netherlands,NLD,2023-07-11 21:00:00,2023-07-11 23:00:00,0.10303
Netherlands,NLD,2023-07-11 22:00:00,2023-07-12 00:00:00,0.09847
Netherlands,NLD,2023-07-11 23:00:00,2023-07-12 01:00:00,0.091
Netherlands,NLD,2023-07-12 00:00:00,2023-07-12 02:00:00,0.09
Netherlands,NLD,2023-07-12 01:00:00,2023-07-12 03:00:00,0.08209000000000001
Netherlands,NLD,2023-07-12 02:00:00,2023-07-12 04:00:00,0.07740000000000001
Netherlands,NLD,2023-07-12 03:00:00,2023-07-12 05:00:00,0.076
Netherlands,NLD,2023-07-12 04:00:00,2023-07-12 06:00:00,0.08821999999999999
Netherlands,NLD,2023-07-12 05:00:00,2023-07-12 07:00:00,0.1154
Netherlands,NLD,2023-07-12 06:00:00,2023-07-12 08:00:00,0.12
Netherlands,NLD,2023-07-12 07:00:00,2023-07-12 09:00:00,0.10233
Netherlands,NLD,2023-07-12 08:00:00,2023-07-12 10:00:00,0.083
Netherlands,NLD,2023-07-12 09:00:00,2023-07-12 11:00:00,0.05077
Netherlands,NLD,2023-07-12 10:00:00,2023-07-12 12:00:00,0.00852
Netherlands,NLD,2023-07-12 11:00:00,2023-07-12 13:00:00,-0.007809999999999999
Netherlands,NLD,2023-07-12 12:00:00,2023-07-12 14:00:00,-0.01
Netherlands,NLD,2023-07-12 13:00:00,2023-07-12 15:00:00,-0.00807
Netherlands,NLD,2023-07-12 14:00:00,2023-07-12 16:00:00,0.0034
Netherlands,NLD,2023-07-12 15:00:00,2023-07-12 17:00:00,0.06991
Netherlands,NLD,2023-07-12 16:00:00,2023-07-12 18:00:00,0.08472
Netherlands,NLD,2023-07-12 17:00:00,2023-07-12 19:00:00,0.10141
Netherlands,NLD,2023-07-12 18:00:00,2023-07-12 20:00:00,0.11795
Netherlands,NLD,2023-07-12 19:00:00,2023-07-12 21:00:00,0.1252
Netherlands,NLD,2023-07-12 20:00:00,2023-07-12 22:00:00,0.126
Netherlands,NLD,2023-07-12 21:00:00,2023-07-12 23:00:00,0.11392000000000001
Netherlands,NLD,2023-07-12 22:00:00,2023-07-13 00:00:00,0.10492
Netherlands,NLD,2023-07-12 23:00:00,2023-07-13 01:00:00,0.08566
Netherlands,NLD,2023-07-13 00:00:00,2023-07-13 02:00:00,0.079
Netherlands,NLD,2023-07-13 01:00:00,2023-07-13 03:00:00,0.07509
Netherlands,NLD,2023-07-13 02:00:00,2023-07-13 04:00:00,0.076
Netherlands,NLD,2023-07-13 03:00:00,2023-07-13 05:00:00,0.08851
Netherlands,NLD,2023-07-13 04:00:00,2023-07-13 06:00:00,0.10223
Netherlands,NLD,2023-07-13 05:00:00,2023-07-13 07:00:00,0.11047
Netherlands,NLD,2023-07-13 06:00:00,2023-07-13 08:00:00,0.1191
Netherlands,NLD,2023-07-13 07:00:00,2023-07-13 09:00:00,0.08998
Netherlands,NLD,2023-07-13 08:00:00,2023-07-13 10:00:00,0.0881
Netherlands,NLD,2023-07-13 09:00:00,2023-07-13 11:00:00,0.08
Netherlands,NLD,2023-07-13 10:00:00,2023-07-13 12:00:00,0.075
Netherlands,NLD,2023-07-13 11:00:00,2023-07-13 13:00:00,0.0465
Netherlands,NLD,2023-07-13 12:00:00,2023-07-13 14:00:00,0.04636
Netherlands,NLD,2023-07-13 13:00:00,2023-07-13 15:00:00,0.0469
Netherlands,NLD,2023-07-13 14:00:00,2023-07-13 16:00:00,0.07425
Netherlands,NLD,2023-07-13 15:00:00,2023-07-13 17:00:00,0.085
Netherlands,NLD,2023-07-13 16:00:00,2023-07-13 18:00:00,0.08898
Netherlands,NLD,2023-07-13 17:00:00,2023-07-13 19:00:00,0.11649
Netherlands,NLD,2023-07-13 18:00:00,2023-07-13 20:00:00,0.13
Netherlands,NLD,2023-07-13 19:00:00,2023-07-13 21:00:00,0.13722
Netherlands,NLD,2023-07-13 20:00:00,2023-07-13 22:00:00,0.12903
Netherlands,NLD,2023-07-13 21:00:00,2023-07-13 23:00:00,0.11772
Netherlands,NLD,2023-07-13 22:00:00,2023-07-14 00:00:00,0.101
Netherlands,NLD,2023-07-13 23:00:00,2023-07-14 01:00:00,0.09636
Netherlands,NLD,2023-07-14 00:00:00,2023-07-14 02:00:00,0.08455
Netherlands,NLD,2023-07-14 01:00:00,2023-07-14 03:00:00,0.07814
Netherlands,NLD,2023-07-14 02:00:00,2023-07-14 04:00:00,0.08
Netherlands,NLD,2023-07-14 03:00:00,2023-07-14 05:00:00,0.075
Netherlands,NLD,2023-07-14 04:00:00,2023-07-14 06:00:00,0.07993
Netherlands,NLD,2023-07-14 05:00:00,2023-07-14 07:00:00,0.08940000000000001
Netherlands,NLD,2023-07-14 06:00:00,2023-07-14 08:00:00,0.08495
Netherlands,NLD,2023-07-14 07:00:00,2023-07-14 09:00:00,0.08506999999999999
Netherlands,NLD,2023-07-14 08:00:00,2023-07-14 10:00:00,0.07970999999999999
Netherlands,NLD,2023-07-14 09:00:00,2023-07-14 11:00:00,0.0718
Netherlands,NLD,2023-07-14 10:00:00,2023-07-14 12:00:00,0.07379999999999999
Netherlands,NLD,2023-07-14 11:00:00,2023-07-14 13:00:00,0.0692
Netherlands,NLD,2023-07-14 12:00:00,2023-07-14 14:00:00,0.07218000000000001
Netherlands,NLD,2023-07-14 13:00:00,2023-07-14 15:00:00,0.0777
Netherlands,NLD,2023-07-14 14:00:00,2023-07-14 16:00:00,0.07755
Netherlands,NLD,2023-07-14 15:00:00,2023-07-14 17:00:00,0.07690000000000001
Netherlands,NLD,2023-07-14 16:00:00,2023-07-14 18:00:00,0.0849
Netherlands,NLD,2023-07-14 17:00:00,2023-07-14 19:00:00,0.10595
Netherlands,NLD,2023-07-14 18:00:00,2023-07-14 20:00:00,0.11
Netherlands,NLD,2023-07-14 19:00:00,2023-07-14 21:00:00,0.11
Netherlands,NLD,2023-07-14 20:00:00,2023-07-14 22:00:00,0.09473000000000001
Netherlands,NLD,2023-07-14 21:00:00,2023-07-14 23:00:00,0.07969
Netherlands,NLD,2023-07-14 22:00:00,2023-07-15 00:00:00,0.07107
Netherlands,NLD,2023-07-14 23:00:00,2023-07-15 01:00:00,0.05194
Netherlands,NLD,2023-07-15 00:00:00,2023-07-15 02:00:00,0.02915
Netherlands,NLD,2023-07-15 01:00:00,2023-07-15 03:00:00,0.01995
Netherlands,NLD,2023-07-15 02:00:00,2023-07-15 04:00:00,0.016980000000000002
Netherlands,NLD,2023-07-15 03:00:00,2023-07-15 05:00:00,0.013689999999999999
Netherlands,NLD,2023-07-15 04:00:00,2023-07-15 06:00:00,0.019899999999999998
Netherlands,NLD,2023-07-15 05:00:00,2023-07-15 07:00:00,0.022600000000000002
Netherlands,NLD,2023-07-15 06:00:00,2023-07-15 08:00:00,0.02995
Netherlands,NLD,2023-07-15 07:00:00,2023-07-15 09:00:00,0.017410000000000002
Netherlands,NLD,2023-07-15 08:00:00,2023-07-15 10:00:00,0.0046
Netherlands,NLD,2023-07-15 09:00:00,2023-07-15 11:00:00,0.0
Netherlands,NLD,2023-07-15 10:00:00,2023-07-15 12:00:00,-2e-05
Netherlands,NLD,2023-07-15 11:00:00,2023-07-15 13:00:00,-0.00016
Netherlands,NLD,2023-07-15 12:00:00,2023-07-15 14:00:00,-0.001
Netherlands,NLD,2023-07-15 13:00:00,2023-07-15 15:00:00,-0.0001
Netherlands,NLD,2023-07-15 14:00:00,2023-07-15 16:00:00,2e-05
Netherlands,NLD,2023-07-15 15:00:00,2023-07-15 17:00:00,0.005
Netherlands,NLD,2023-07-15 16:00:00,2023-07-15 18:00:00,0.06813
Netherlands,NLD,2023-07-15 17:00:00,2023-07-15 19:00:00,0.07927
Netherlands,NLD,2023-07-15 18:00:00,2023-07-15 20:00:00,0.08857999999999999
Netherlands,NLD,2023-07-15 19:00:00,2023-07-15 21:00:00,0.0838
Netherlands,NLD,2023-07-15 20:00:00,2023-07-15 22:00:00,0.08303
Netherlands,NLD,2023-07-15 21:00:00,2023-07-15 23:00:00,0.07182
Netherlands,NLD,2023-07-15 22:00:00,2023-07-16 00:00:00,0.05704
Netherlands,NLD,2023-07-15 23:00:00,2023-07-16 01:00:00,0.019690000000000003
Netherlands,NLD,2023-07-16 00:00:00,2023-07-16 02:00:00,0.00145
Netherlands,NLD,2023-07-16 01:00:00,2023-07-16 03:00:00,-7.000000000000001e-05
Netherlands,NLD,2023-07-16 02:00:00,2023-07-16 04:00:00,-0.00014000000000000001
Netherlands,NLD,2023-07-16 03:00:00,2023-07-16 05:00:00,-0.00043
Netherlands,NLD,2023-07-16 04:00:00,2023-07-16 06:00:00,-0.0040999999999999995
Netherlands,NLD,2023-07-16 05:00:00,2023-07-16 07:00:00,-0.01
Netherlands,NLD,2023-07-16 06:00:00,2023-07-16 08:00:00,-0.01005
Netherlands,NLD,2023-07-16 07:00:00,2023-07-16 09:00:00,-0.01458
Netherlands,NLD,2023-07-16 08:00:00,2023-07-16 10:00:00,-0.02
Netherlands,NLD,2023-07-16 09:00:00,2023-07-16 11:00:00,-0.027
Netherlands,NLD,2023-07-16 10:00:00,2023-07-16 12:00:00,-0.05375
Netherlands,NLD,2023-07-16 11:00:00,2023-07-16 13:00:00,-0.06543
Netherlands,NLD,2023-07-16 12:00:00,2023-07-16 14:00:00,-0.07376
Netherlands,NLD,2023-07-16 13:00:00,2023-07-16 15:00:00,-0.05107
Netherlands,NLD,2023-07-16 14:00:00,2023-07-16 16:00:00,-0.03005
Netherlands,NLD,2023-07-16 15:00:00,2023-07-16 17:00:00,-0.00844
Netherlands,NLD,2023-07-16 16:00:00,2023-07-16 18:00:00,0.02795
Netherlands,NLD,2023-07-16 17:00:00,2023-07-16 19:00:00,0.09003
Netherlands,NLD,2023-07-16 18:00:00,2023-07-16 20:00:00,0.09922
Netherlands,NLD,2023-07-16 19:00:00,2023-07-16 21:00:00,0.108
Netherlands,NLD,2023-07-16 20:00:00,2023-07-16 22:00:00,0.11384999999999999
Netherlands,NLD,2023-07-16 21:00:00,2023-07-16 23:00:00,0.10754000000000001
Netherlands,NLD,2023-07-16 22:00:00,2023-07-17 00:00:00,0.08642
Netherlands,NLD,2023-07-16 23:00:00,2023-07-17 01:00:00,0.0655
Netherlands,NLD,2023-07-17 00:00:00,2023-07-17 02:00:00,0.05328
Netherlands,NLD,2023-07-17 01:00:00,2023-07-17 03:00:00,0.05
Netherlands,NLD,2023-07-17 02:00:00,2023-07-17 04:00:00,0.05196
Netherlands,NLD,2023-07-17 03:00:00,2023-07-17 05:00:00,0.053200000000000004
Netherlands,NLD,2023-07-17 04:00:00,2023-07-17 06:00:00,0.0864
Netherlands,NLD,2023-07-17 05:00:00,2023-07-17 07:00:00,0.0772
Netherlands,NLD,2023-07-17 06:00:00,2023-07-17 08:00:00,0.1075
Netherlands,NLD,2023-07-17 07:00:00,2023-07-17 09:00:00,0.08927
Netherlands,NLD,2023-07-17 08:00:00,2023-07-17 10:00:00,0.04568
Netherlands,NLD,2023-07-17 09:00:00,2023-07-17 11:00:00,0.035
Netherlands,NLD,2023-07-17 10:00:00,2023-07-17 12:00:00,-0.052649999999999995
Netherlands,NLD,2023-07-17 11:00:00,2023-07-17 13:00:00,-0.006730000000000001
Netherlands,NLD,2023-07-17 12:00:00,2023-07-17 14:00:00,-0.01
Netherlands,NLD,2023-07-17 13:00:00,2023-07-17 15:00:00,-1e-05
Netherlands,NLD,2023-07-17 14:00:00,2023-07-17 16:00:00,0.0
Netherlands,NLD,2023-07-17 15:00:00,2023-07-17 17:00:00,0.05782
Netherlands,NLD,2023-07-17 16:00:00,2023-07-17 18:00:00,0.06609000000000001
Netherlands,NLD,2023-07-17 17:00:00,2023-07-17 19:00:00,0.09490000000000001
Netherlands,NLD,2023-07-17 18:00:00,2023-07-17 20:00:00,0.10661
Netherlands,NLD,2023-07-17 19:00:00,2023-07-17 21:00:00,0.12443000000000001
Netherlands,NLD,2023-07-17 20:00:00,2023-07-17 22:00:00,0.12528
Netherlands,NLD,2023-07-17 21:00:00,2023-07-17 23:00:00,0.11044
Netherlands,NLD,2023-07-17 22:00:00,2023-07-18 00:00:00,0.09966
Netherlands,NLD,2023-07-17 23:00:00,2023-07-18 01:00:00,0.073
Netherlands,NLD,2023-07-18 00:00:00,2023-07-18 02:00:00,0.06602
Netherlands,NLD,2023-07-18 01:00:00,2023-07-18 03:00:00,0.06947
Netherlands,NLD,2023-07-18 02:00:00,2023-07-18 04:00:00,0.07306
Netherlands,NLD,2023-07-18 03:00:00,2023-07-18 05:00:00,0.08857999999999999
Netherlands,NLD,2023-07-18 04:00:00,2023-07-18 06:00:00,0.088
Netherlands,NLD,2023-07-18 05:00:00,2023-07-18 07:00:00,0.10081999999999999
Netherlands,NLD,2023-07-18 06:00:00,2023-07-18 08:00:00,0.11
Netherlands,NLD,2023-07-18 07:00:00,2023-07-18 09:00:00,0.0854
Netherlands,NLD,2023-07-18 08:00:00,2023-07-18 10:00:00,0.07402
Netherlands,NLD,2023-07-18 09:00:00,2023-07-18 11:00:00,0.07
Netherlands,NLD,2023-07-18 10:00:00,2023-07-18 12:00:00,0.075
Netherlands,NLD,2023-07-18 11:00:00,2023-07-18 13:00:00,0.06912
Netherlands,NLD,2023-07-18 12:00:00,2023-07-18 14:00:00,0.0673
Netherlands,NLD,2023-07-18 13:00:00,2023-07-18 15:00:00,0.07
Netherlands,NLD,2023-07-18 14:00:00,2023-07-18 16:00:00,0.07440000000000001
Netherlands,NLD,2023-07-18 15:00:00,2023-07-18 17:00:00,0.09403
Netherlands,NLD,2023-07-18 16:00:00,2023-07-18 18:00:00,0.12267
Netherlands,NLD,2023-07-18 17:00:00,2023-07-18 19:00:00,0.16826
Netherlands,NLD,2023-07-18 18:00:00,2023-07-18 20:00:00,0.188
Netherlands,NLD,2023-07-18 19:00:00,2023-07-18 21:00:00,0.16421
Netherlands,NLD,2023-07-18 20:00:00,2023-07-18 22:00:00,0.13926
Netherlands,NLD,2023-07-18 21:00:00,2023-07-18 23:00:00,0.11209999999999999
Netherlands,NLD,2023-07-18 22:00:00,2023-07-19 00:00:00,0.10811
Netherlands,NLD,2023-07-18 23:00:00,2023-07-19 01:00:00,0.10104
Netherlands,NLD,2023-07-19 00:00:00,2023-07-19 02:00:00,0.09725
Netherlands,NLD,2023-07-19 01:00:00,2023-07-19 03:00:00,0.09505
Netherlands,NLD,2023-07-19 02:00:00,2023-07-19 04:00:00,0.09358
Netherlands,NLD,2023-07-19 03:00:00,2023-07-19 05:00:00,0.09490000000000001
Netherlands,NLD,2023-07-19 04:00:00,2023-07-19 06:00:00,0.09724
Netherlands,NLD,2023-07-19 05:00:00,2023-07-19 07:00:00,0.11699
Netherlands,NLD,2023-07-19 06:00:00,2023-07-19 08:00:00,0.11688
Netherlands,NLD,2023-07-19 07:00:00,2023-07-19 09:00:00,0.0999
Netherlands,NLD,2023-07-19 08:00:00,2023-07-19 10:00:00,0.08848
Netherlands,NLD,2023-07-19 09:00:00,2023-07-19 11:00:00,0.08129
Netherlands,NLD,2023-07-19 10:00:00,2023-07-19 12:00:00,0.07722
Netherlands,NLD,2023-07-19 11:00:00,2023-07-19 13:00:00,0.06928
Netherlands,NLD,2023-07-19 12:00:00,2023-07-19 14:00:00,0.06333
Netherlands,NLD,2023-07-19 13:00:00,2023-07-19 15:00:00,0.06265
Netherlands,NLD,2023-07-19 14:00:00,2023-07-19 16:00:00,0.07223
Netherlands,NLD,2023-07-19 15:00:00,2023-07-19 17:00:00,0.07654000000000001
Netherlands,NLD,2023-07-19 16:00:00,2023-07-19 18:00:00,0.09490000000000001
Netherlands,NLD,2023-07-19 17:00:00,2023-07-19 19:00:00,0.11181
Netherlands,NLD,2023-07-19 18:00:00,2023-07-19 20:00:00,0.12563
Netherlands,NLD,2023-07-19 19:00:00,2023-07-19 21:00:00,0.1227
Netherlands,NLD,2023-07-19 20:00:00,2023-07-19 22:00:00,0.11439
Netherlands,NLD,2023-07-19 21:00:00,2023-07-19 23:00:00,0.1011
Netherlands,NLD,2023-07-19 22:00:00,2023-07-20 00:00:00,0.09826
Netherlands,NLD,2023-07-19 23:00:00,2023-07-20 01:00:00,0.09445
Netherlands,NLD,2023-07-20 00:00:00,2023-07-20 02:00:00,0.0829
Netherlands,NLD,2023-07-20 01:00:00,2023-07-20 03:00:00,0.08039
Netherlands,NLD,2023-07-20 02:00:00,2023-07-20 04:00:00,0.082
Netherlands,NLD,2023-07-20 03:00:00,2023-07-20 05:00:00,0.08388
Netherlands,NLD,2023-07-20 04:00:00,2023-07-20 06:00:00,0.09583
Netherlands,NLD,2023-07-20 05:00:00,2023-07-20 07:00:00,0.10645
Netherlands,NLD,2023-07-20 06:00:00,2023-07-20 08:00:00,0.11145000000000001
Netherlands,NLD,2023-07-20 07:00:00,2023-07-20 09:00:00,0.09887
Netherlands,NLD,2023-07-20 08:00:00,2023-07-20 10:00:00,0.0863
Netherlands,NLD,2023-07-20 09:00:00,2023-07-20 11:00:00,0.07565999999999999
Netherlands,NLD,2023-07-20 10:00:00,2023-07-20 12:00:00,0.0688
Netherlands,NLD,2023-07-20 11:00:00,2023-07-20 13:00:00,0.05912
Netherlands,NLD,2023-07-20 12:00:00,2023-07-20 14:00:00,0.06412000000000001
Netherlands,NLD,2023-07-20 13:00:00,2023-07-20 15:00:00,0.07413
Netherlands,NLD,2023-07-20 14:00:00,2023-07-20 16:00:00,0.07490000000000001
Netherlands,NLD,2023-07-20 15:00:00,2023-07-20 17:00:00,0.08549
Netherlands,NLD,2023-07-20 16:00:00,2023-07-20 18:00:00,0.10197
Netherlands,NLD,2023-07-20 17:00:00,2023-07-20 19:00:00,0.12658
Netherlands,NLD,2023-07-20 18:00:00,2023-07-20 20:00:00,0.14415
Netherlands,NLD,2023-07-20 19:00:00,2023-07-20 21:00:00,0.13719
Netherlands,NLD,2023-07-20 20:00:00,2023-07-20 22:00:00,0.122
Netherlands,NLD,2023-07-20 21:00:00,2023-07-20 23:00:00,0.10966
Netherlands,NLD,2023-07-20 22:00:00,2023-07-21 00:00:00,0.0999
Netherlands,NLD,2023-07-20 23:00:00,2023-07-21 01:00:00,0.095
Netherlands,NLD,2023-07-21 00:00:00,2023-07-21 02:00:00,0.0942
Netherlands,NLD,2023-07-21 01:00:00,2023-07-21 03:00:00,0.09146
Netherlands,NLD,2023-07-21 02:00:00,2023-07-21 04:00:00,0.09259999999999999
Netherlands,NLD,2023-07-21 03:00:00,2023-07-21 05:00:00,0.09705
Netherlands,NLD,2023-07-21 04:00:00,2023-07-21 06:00:00,0.08829000000000001
Netherlands,NLD,2023-07-21 05:00:00,2023-07-21 07:00:00,0.095
Netherlands,NLD,2023-07-21 06:00:00,2023-07-21 08:00:00,0.11079
Netherlands,NLD,2023-07-21 07:00:00,2023-07-21 09:00:00,0.10309
Netherlands,NLD,2023-07-21 08:00:00,2023-07-21 10:00:00,0.088
Netherlands,NLD,2023-07-21 09:00:00,2023-07-21 11:00:00,0.08954999999999999
Netherlands,NLD,2023-07-21 10:00:00,2023-07-21 12:00:00,0.08072
Netherlands,NLD,2023-07-21 11:00:00,2023-07-21 13:00:00,0.07772
Netherlands,NLD,2023-07-21 12:00:00,2023-07-21 14:00:00,0.0746
Netherlands,NLD,2023-07-21 13:00:00,2023-07-21 15:00:00,0.07368000000000001
Netherlands,NLD,2023-07-21 14:00:00,2023-07-21 16:00:00,0.073
Netherlands,NLD,2023-07-21 15:00:00,2023-07-21 17:00:00,0.0874
Netherlands,NLD,2023-07-21 16:00:00,2023-07-21 18:00:00,0.084
Netherlands,NLD,2023-07-21 17:00:00,2023-07-21 19:00:00,0.12151
Netherlands,NLD,2023-07-21 18:00:00,2023-07-21 20:00:00,0.13
Netherlands,NLD,2023-07-21 19:00:00,2023-07-21 21:00:00,0.1217
Netherlands,NLD,2023-07-21 20:00:00,2023-07-21 22:00:00,0.10848999999999999
Netherlands,NLD,2023-07-21 21:00:00,2023-07-21 23:00:00,0.09564
Netherlands,NLD,2023-07-21 22:00:00,2023-07-22 00:00:00,0.09753
Netherlands,NLD,2023-07-21 23:00:00,2023-07-22 01:00:00,0.09842000000000001
Netherlands,NLD,2023-07-22 00:00:00,2023-07-22 02:00:00,0.093
Netherlands,NLD,2023-07-22 01:00:00,2023-07-22 03:00:00,0.09436
Netherlands,NLD,2023-07-22 02:00:00,2023-07-22 04:00:00,0.08993000000000001
Netherlands,NLD,2023-07-22 03:00:00,2023-07-22 05:00:00,0.088
Netherlands,NLD,2023-07-22 04:00:00,2023-07-22 06:00:00,0.0888
Netherlands,NLD,2023-07-22 05:00:00,2023-07-22 07:00:00,0.08618
Netherlands,NLD,2023-07-22 06:00:00,2023-07-22 08:00:00,0.08293
Netherlands,NLD,2023-07-22 07:00:00,2023-07-22 09:00:00,0.0907
Netherlands,NLD,2023-07-22 08:00:00,2023-07-22 10:00:00,0.07459
Netherlands,NLD,2023-07-22 09:00:00,2023-07-22 11:00:00,0.046560000000000004
Netherlands,NLD,2023-07-22 10:00:00,2023-07-22 12:00:00,0.04414
Netherlands,NLD,2023-07-22 11:00:00,2023-07-22 13:00:00,0.02234
Netherlands,NLD,2023-07-22 12:00:00,2023-07-22 14:00:00,0.01952
Netherlands,NLD,2023-07-22 13:00:00,2023-07-22 15:00:00,0.02905
Netherlands,NLD,2023-07-22 14:00:00,2023-07-22 16:00:00,0.04686
Netherlands,NLD,2023-07-22 15:00:00,2023-07-22 17:00:00,0.07087
Netherlands,NLD,2023-07-22 16:00:00,2023-07-22 18:00:00,0.08544
Netherlands,NLD,2023-07-22 17:00:00,2023-07-22 19:00:00,0.09978000000000001
Netherlands,NLD,2023-07-22 18:00:00,2023-07-22 20:00:00,0.10386
Netherlands,NLD,2023-07-22 19:00:00,2023-07-22 21:00:00,0.11615
Netherlands,NLD,2023-07-22 20:00:00,2023-07-22 22:00:00,0.10262
Netherlands,NLD,2023-07-22 21:00:00,2023-07-22 23:00:00,0.09731000000000001
Netherlands,NLD,2023-07-22 22:00:00,2023-07-23 00:00:00,0.08723
Netherlands,NLD,2023-07-22 23:00:00,2023-07-23 01:00:00,0.07937000000000001
Netherlands,NLD,2023-07-23 00:00:00,2023-07-23 02:00:00,0.06541
Netherlands,NLD,2023-07-23 01:00:00,2023-07-23 03:00:00,0.03322
Netherlands,NLD,2023-07-23 02:00:00,2023-07-23 04:00:00,0.01509
Netherlands,NLD,2023-07-23 03:00:00,2023-07-23 05:00:00,0.01109
Netherlands,NLD,2023-07-23 04:00:00,2023-07-23 06:00:00,0.00508
Netherlands,NLD,2023-07-23 05:00:00,2023-07-23 07:00:00,0.0028799999999999997
Netherlands,NLD,2023-07-23 06:00:00,2023-07-23 08:00:00,0.00342
Netherlands,NLD,2023-07-23 07:00:00,2023-07-23 09:00:00,8.999999999999999e-05
Netherlands,NLD,2023-07-23 08:00:00,2023-07-23 10:00:00,0.0
Netherlands,NLD,2023-07-23 09:00:00,2023-07-23 11:00:00,-2.9999999999999997e-05
Netherlands,NLD,2023-07-23 10:00:00,2023-07-23 12:00:00,-5e-05
Netherlands,NLD,2023-07-23 11:00:00,2023-07-23 13:00:00,-0.01008
Netherlands,NLD,2023-07-23 12:00:00,2023-07-23 14:00:00,-0.01701
Netherlands,NLD,2023-07-23 13:00:00,2023-07-23 15:00:00,-0.009609999999999999
Netherlands,NLD,2023-07-23 14:00:00,2023-07-23 16:00:00,-0.00419
Netherlands,NLD,2023-07-23 15:00:00,2023-07-23 17:00:00,0.0
Netherlands,NLD,2023-07-23 16:00:00,2023-07-23 18:00:00,0.027469999999999998
Netherlands,NLD,2023-07-23 17:00:00,2023-07-23 19:00:00,0.06637
Netherlands,NLD,2023-07-23 18:00:00,2023-07-23 20:00:00,0.08766
Netherlands,NLD,2023-07-23 19:00:00,2023-07-23 21:00:00,0.09367
Netherlands,NLD,2023-07-23 20:00:00,2023-07-23 22:00:00,0.10004
Netherlands,NLD,2023-07-23 21:00:00,2023-07-23 23:00:00,0.09340000000000001
Netherlands,NLD,2023-07-23 22:00:00,2023-07-24 00:00:00,0.07714
Netherlands,NLD,2023-07-23 23:00:00,2023-07-24 01:00:00,0.07002
Netherlands,NLD,2023-07-24 00:00:00,2023-07-24 02:00:00,0.06899
Netherlands,NLD,2023-07-24 01:00:00,2023-07-24 03:00:00,0.07201
Netherlands,NLD,2023-07-24 02:00:00,2023-07-24 04:00:00,0.07209
Netherlands,NLD,2023-07-24 03:00:00,2023-07-24 05:00:00,0.08710999999999999
Netherlands,NLD,2023-07-24 04:00:00,2023-07-24 06:00:00,0.09972
Netherlands,NLD,2023-07-24 05:00:00,2023-07-24 07:00:00,0.11115
Netherlands,NLD,2023-07-24 06:00:00,2023-07-24 08:00:00,0.11370000000000001
Netherlands,NLD,2023-07-24 07:00:00,2023-07-24 09:00:00,0.105
Netherlands,NLD,2023-07-24 08:00:00,2023-07-24 10:00:00,0.09994
Netherlands,NLD,2023-07-24 09:00:00,2023-07-24 11:00:00,0.09462000000000001
Netherlands,NLD,2023-07-24 10:00:00,2023-07-24 12:00:00,0.08745
Netherlands,NLD,2023-07-24 11:00:00,2023-07-24 13:00:00,0.08159000000000001
Netherlands,NLD,2023-07-24 12:00:00,2023-07-24 14:00:00,0.07489
Netherlands,NLD,2023-07-24 13:00:00,2023-07-24 15:00:00,0.0634
Netherlands,NLD,2023-07-24 14:00:00,2023-07-24 16:00:00,0.06373
Netherlands,NLD,2023-07-24 15:00:00,2023-07-24 17:00:00,0.07748000000000001
Netherlands,NLD,2023-07-24 16:00:00,2023-07-24 18:00:00,0.09523999999999999
Netherlands,NLD,2023-07-24 17:00:00,2023-07-24 19:00:00,0.10497
Netherlands,NLD,2023-07-24 18:00:00,2023-07-24 20:00:00,0.10990000000000001
Netherlands,NLD,2023-07-24 19:00:00,2023-07-24 21:00:00,0.11256999999999999
Netherlands,NLD,2023-07-24 20:00:00,2023-07-24 22:00:00,0.10424
Netherlands,NLD,2023-07-24 21:00:00,2023-07-24 23:00:00,0.10245
Netherlands,NLD,2023-07-24 22:00:00,2023-07-25 00:00:00,0.096
Netherlands,NLD,2023-07-24 23:00:00,2023-07-25 01:00:00,0.08655
Netherlands,NLD,2023-07-25 00:00:00,2023-07-25 02:00:00,0.08495
Netherlands,NLD,2023-07-25 01:00:00,2023-07-25 03:00:00,0.08469
Netherlands,NLD,2023-07-25 02:00:00,2023-07-25 04:00:00,0.08415
Netherlands,NLD,2023-07-25 03:00:00,2023-07-25 05:00:00,0.09420999999999999
Netherlands,NLD,2023-07-25 04:00:00,2023-07-25 06:00:00,0.089
Netherlands,NLD,2023-07-25 05:00:00,2023-07-25 07:00:00,0.094
Netherlands,NLD,2023-07-25 06:00:00,2023-07-25 08:00:00,0.1003
Netherlands,NLD,2023-07-25 07:00:00,2023-07-25 09:00:00,0.09490000000000001
Netherlands,NLD,2023-07-25 08:00:00,2023-07-25 10:00:00,0.08123999999999999
Netherlands,NLD,2023-07-25 09:00:00,2023-07-25 11:00:00,0.072
Netherlands,NLD,2023-07-25 10:00:00,2023-07-25 12:00:00,0.03995
Netherlands,NLD,2023-07-25 11:00:00,2023-07-25 13:00:00,0.0265
Netherlands,NLD,2023-07-25 12:00:00,2023-07-25 14:00:00,0.02579
Netherlands,NLD,2023-07-25 13:00:00,2023-07-25 15:00:00,0.041
Netherlands,NLD,2023-07-25 14:00:00,2023-07-25 16:00:00,0.07481
Netherlands,NLD,2023-07-25 15:00:00,2023-07-25 17:00:00,0.084
Netherlands,NLD,2023-07-25 16:00:00,2023-07-25 18:00:00,0.0889
Netherlands,NLD,2023-07-25 17:00:00,2023-07-25 19:00:00,0.1051
Netherlands,NLD,2023-07-25 18:00:00,2023-07-25 20:00:00,0.11928
Netherlands,NLD,2023-07-25 19:00:00,2023-07-25 21:00:00,0.11813
Netherlands,NLD,2023-07-25 20:00:00,2023-07-25 22:00:00,0.11009999999999999
Netherlands,NLD,2023-07-25 21:00:00,2023-07-25 23:00:00,0.0985
Netherlands,NLD,2023-07-25 22:00:00,2023-07-26 00:00:00,0.09795999999999999
Netherlands,NLD,2023-07-25 23:00:00,2023-07-26 01:00:00,0.08931
Netherlands,NLD,2023-07-26 00:00:00,2023-07-26 02:00:00,0.08626
Netherlands,NLD,2023-07-26 01:00:00,2023-07-26 03:00:00,0.07965000000000001
Netherlands,NLD,2023-07-26 02:00:00,2023-07-26 04:00:00,0.07964
Netherlands,NLD,2023-07-26 03:00:00,2023-07-26 05:00:00,0.08683
Netherlands,NLD,2023-07-26 04:00:00,2023-07-26 06:00:00,0.10014
Netherlands,NLD,2023-07-26 05:00:00,2023-07-26 07:00:00,0.11422
Netherlands,NLD,2023-07-26 06:00:00,2023-07-26 08:00:00,0.11993999999999999
Netherlands,NLD,2023-07-26 07:00:00,2023-07-26 09:00:00,0.1056
Netherlands,NLD,2023-07-26 08:00:00,2023-07-26 10:00:00,0.09748
Netherlands,NLD,2023-07-26 09:00:00,2023-07-26 11:00:00,0.09097
Netherlands,NLD,2023-07-26 10:00:00,2023-07-26 12:00:00,0.08459
Netherlands,NLD,2023-07-26 11:00:00,2023-07-26 13:00:00,0.072
Netherlands,NLD,2023-07-26 12:00:00,2023-07-26 14:00:00,0.06516
Netherlands,NLD,2023-07-26 13:00:00,2023-07-26 15:00:00,0.0564
Netherlands,NLD,2023-07-26 14:00:00,2023-07-26 16:00:00,0.08
Netherlands,NLD,2023-07-26 15:00:00,2023-07-26 17:00:00,0.08918999999999999
Netherlands,NLD,2023-07-26 16:00:00,2023-07-26 18:00:00,0.09512999999999999
Netherlands,NLD,2023-07-26 17:00:00,2023-07-26 19:00:00,0.11494
Netherlands,NLD,2023-07-26 18:00:00,2023-07-26 20:00:00,0.12086
Netherlands,NLD,2023-07-26 19:00:00,2023-07-26 21:00:00,0.11781
Netherlands,NLD,2023-07-26 20:00:00,2023-07-26 22:00:00,0.11062000000000001
Netherlands,NLD,2023-07-26 21:00:00,2023-07-26 23:00:00,0.097
Netherlands,NLD,2023-07-26 22:00:00,2023-07-27 00:00:00,0.09836
Netherlands,NLD,2023-07-26 23:00:00,2023-07-27 01:00:00,0.08269
Netherlands,NLD,2023-07-27 00:00:00,2023-07-27 02:00:00,0.076
Netherlands,NLD,2023-07-27 01:00:00,2023-07-27 03:00:00,0.07106
Netherlands,NLD,2023-07-27 02:00:00,2023-07-27 04:00:00,0.07058
Netherlands,NLD,2023-07-27 03:00:00,2023-07-27 05:00:00,0.07859999999999999
Netherlands,NLD,2023-07-27 04:00:00,2023-07-27 06:00:00,0.08334
Netherlands,NLD,2023-07-27 05:00:00,2023-07-27 07:00:00,0.0985
Netherlands,NLD,2023-07-27 06:00:00,2023-07-27 08:00:00,0.1043
Netherlands,NLD,2023-07-27 07:00:00,2023-07-27 09:00:00,0.09912
Netherlands,NLD,2023-07-27 08:00:00,2023-07-27 10:00:00,0.0968
Netherlands,NLD,2023-07-27 09:00:00,2023-07-27 11:00:00,0.09057
Netherlands,NLD,2023-07-27 10:00:00,2023-07-27 12:00:00,0.08645
Netherlands,NLD,2023-07-27 11:00:00,2023-07-27 13:00:00,0.08001000000000001
Netherlands,NLD,2023-07-27 12:00:00,2023-07-27 14:00:00,0.07833
Netherlands,NLD,2023-07-27 13:00:00,2023-07-27 15:00:00,0.08072
Netherlands,NLD,2023-07-27 14:00:00,2023-07-27 16:00:00,0.09148
Netherlands,NLD,2023-07-27 15:00:00,2023-07-27 17:00:00,0.105
Netherlands,NLD,2023-07-27 16:00:00,2023-07-27 18:00:00,0.11283
Netherlands,NLD,2023-07-27 17:00:00,2023-07-27 19:00:00,0.11433
Netherlands,NLD,2023-07-27 18:00:00,2023-07-27 20:00:00,0.10966
Netherlands,NLD,2023-07-27 19:00:00,2023-07-27 21:00:00,0.10796
Netherlands,NLD,2023-07-27 20:00:00,2023-07-27 22:00:00,0.10664
Netherlands,NLD,2023-07-27 21:00:00,2023-07-27 23:00:00,0.09913
Netherlands,NLD,2023-07-27 22:00:00,2023-07-28 00:00:00,0.08863
Netherlands,NLD,2023-07-27 23:00:00,2023-07-28 01:00:00,0.07959000000000001
Netherlands,NLD,2023-07-28 00:00:00,2023-07-28 02:00:00,0.07812999999999999
Netherlands,NLD,2023-07-28 01:00:00,2023-07-28 03:00:00,0.0792
Netherlands,NLD,2023-07-28 02:00:00,2023-07-28 04:00:00,0.08002
Netherlands,NLD,2023-07-28 03:00:00,2023-07-28 05:00:00,0.08953
Netherlands,NLD,2023-07-28 04:00:00,2023-07-28 06:00:00,0.09964
Netherlands,NLD,2023-07-28 05:00:00,2023-07-28 07:00:00,0.11111
Netherlands,NLD,2023-07-28 06:00:00,2023-07-28 08:00:00,0.11299
Netherlands,NLD,2023-07-28 07:00:00,2023-07-28 09:00:00,0.10787000000000001
Netherlands,NLD,2023-07-28 08:00:00,2023-07-28 10:00:00,0.09954
Netherlands,NLD,2023-07-28 09:00:00,2023-07-28 11:00:00,0.093
Netherlands,NLD,2023-07-28 10:00:00,2023-07-28 12:00:00,0.08335
Netherlands,NLD,2023-07-28 11:00:00,2023-07-28 13:00:00,0.08
Netherlands,NLD,2023-07-28 12:00:00,2023-07-28 14:00:00,0.07565000000000001
Netherlands,NLD,2023-07-28 13:00:00,2023-07-28 15:00:00,0.0761
Netherlands,NLD,2023-07-28 14:00:00,2023-07-28 16:00:00,0.08
Netherlands,NLD,2023-07-28 15:00:00,2023-07-28 17:00:00,0.09284
Netherlands,NLD,2023-07-28 16:00:00,2023-07-28 18:00:00,0.10157
Netherlands,NLD,2023-07-28 17:00:00,2023-07-28 19:00:00,0.11173000000000001
Netherlands,NLD,2023-07-28 18:00:00,2023-07-28 20:00:00,0.11266
Netherlands,NLD,2023-07-28 19:00:00,2023-07-28 21:00:00,0.12067
Netherlands,NLD,2023-07-28 20:00:00,2023-07-28 22:00:00,0.11220000000000001
Netherlands,NLD,2023-07-28 21:00:00,2023-07-28 23:00:00,0.10164
Netherlands,NLD,2023-07-28 22:00:00,2023-07-29 00:00:00,0.10309
Netherlands,NLD,2023-07-28 23:00:00,2023-07-29 01:00:00,0.0942
Netherlands,NLD,2023-07-29 00:00:00,2023-07-29 02:00:00,0.09117
Netherlands,NLD,2023-07-29 01:00:00,2023-07-29 03:00:00,0.08566
Netherlands,NLD,2023-07-29 02:00:00,2023-07-29 04:00:00,0.08897
Netherlands,NLD,2023-07-29 03:00:00,2023-07-29 05:00:00,0.08703
Netherlands,NLD,2023-07-29 04:00:00,2023-07-29 06:00:00,0.0857
Netherlands,NLD,2023-07-29 05:00:00,2023-07-29 07:00:00,0.08791
Netherlands,NLD,2023-07-29 06:00:00,2023-07-29 08:00:00,0.08579
Netherlands,NLD,2023-07-29 07:00:00,2023-07-29 09:00:00,0.08170999999999999
Netherlands,NLD,2023-07-29 08:00:00,2023-07-29 10:00:00,0.0755
Netherlands,NLD,2023-07-29 09:00:00,2023-07-29 11:00:00,0.06375
Netherlands,NLD,2023-07-29 10:00:00,2023-07-29 12:00:00,0.05824
Netherlands,NLD,2023-07-29 11:00:00,2023-07-29 13:00:00,0.04009
Netherlands,NLD,2023-07-29 12:00:00,2023-07-29 14:00:00,0.015050000000000001
Netherlands,NLD,2023-07-29 13:00:00,2023-07-29 15:00:00,0.01936
Netherlands,NLD,2023-07-29 14:00:00,2023-07-29 16:00:00,0.00999
Netherlands,NLD,2023-07-29 15:00:00,2023-07-29 17:00:00,0.05006
Netherlands,NLD,2023-07-29 16:00:00,2023-07-29 18:00:00,0.0726
Netherlands,NLD,2023-07-29 17:00:00,2023-07-29 19:00:00,0.09146
Netherlands,NLD,2023-07-29 18:00:00,2023-07-29 20:00:00,0.09985
Netherlands,NLD,2023-07-29 19:00:00,2023-07-29 21:00:00,0.10081999999999999
Netherlands,NLD,2023-07-29 20:00:00,2023-07-29 22:00:00,0.10036
Netherlands,NLD,2023-07-29 21:00:00,2023-07-29 23:00:00,0.09218000000000001
Netherlands,NLD,2023-07-29 22:00:00,2023-07-30 00:00:00,0.0845
Netherlands,NLD,2023-07-29 23:00:00,2023-07-30 01:00:00,0.07490000000000001
Netherlands,NLD,2023-07-30 00:00:00,2023-07-30 02:00:00,0.06781000000000001
Netherlands,NLD,2023-07-30 01:00:00,2023-07-30 03:00:00,0.05779
Netherlands,NLD,2023-07-30 02:00:00,2023-07-30 04:00:00,0.0516
Netherlands,NLD,2023-07-30 03:00:00,2023-07-30 05:00:00,0.0517
Netherlands,NLD,2023-07-30 04:00:00,2023-07-30 06:00:00,0.04734
Netherlands,NLD,2023-07-30 05:00:00,2023-07-30 07:00:00,0.037
Netherlands,NLD,2023-07-30 06:00:00,2023-07-30 08:00:00,0.02982
Netherlands,NLD,2023-07-30 07:00:00,2023-07-30 09:00:00,0.00848
Netherlands,NLD,2023-07-30 08:00:00,2023-07-30 10:00:00,-1e-05
Netherlands,NLD,2023-07-30 09:00:00,2023-07-30 11:00:00,-0.01602
Netherlands,NLD,2023-07-30 10:00:00,2023-07-30 12:00:00,-0.02233
Netherlands,NLD,2023-07-30 11:00:00,2023-07-30 13:00:00,-0.06841
Netherlands,NLD,2023-07-30 12:00:00,2023-07-30 14:00:00,-0.08803
Netherlands,NLD,2023-07-30 13:00:00,2023-07-30 15:00:00,-0.06106
Netherlands,NLD,2023-07-30 14:00:00,2023-07-30 16:00:00,-0.03032
Netherlands,NLD,2023-07-30 15:00:00,2023-07-30 17:00:00,-0.01112
Netherlands,NLD,2023-07-30 16:00:00,2023-07-30 18:00:00,0.004019999999999999
Netherlands,NLD,2023-07-30 17:00:00,2023-07-30 19:00:00,0.07437
Netherlands,NLD,2023-07-30 18:00:00,2023-07-30 20:00:00,0.08447
Netherlands,NLD,2023-07-30 19:00:00,2023-07-30 21:00:00,0.08683
Netherlands,NLD,2023-07-30 20:00:00,2023-07-30 22:00:00,0.08619
Netherlands,NLD,2023-07-30 21:00:00,2023-07-30 23:00:00,0.07005
Netherlands,NLD,2023-07-30 22:00:00,2023-07-31 00:00:00,0.06103
Netherlands,NLD,2023-07-30 23:00:00,2023-07-31 01:00:00,0.05051
Netherlands,NLD,2023-07-31 00:00:00,2023-07-31 02:00:00,0.044090000000000004
Netherlands,NLD,2023-07-31 01:00:00,2023-07-31 03:00:00,0.0303
Netherlands,NLD,2023-07-31 02:00:00,2023-07-31 04:00:00,0.02891
Netherlands,NLD,2023-07-31 03:00:00,2023-07-31 05:00:00,0.05031
Netherlands,NLD,2023-07-31 04:00:00,2023-07-31 06:00:00,0.07720999999999999
Netherlands,NLD,2023-07-31 05:00:00,2023-07-31 07:00:00,0.08613
Netherlands,NLD,2023-07-31 06:00:00,2023-07-31 08:00:00,0.08813
Netherlands,NLD,2023-07-31 07:00:00,2023-07-31 09:00:00,0.086
Netherlands,NLD,2023-07-31 08:00:00,2023-07-31 10:00:00,0.07418000000000001
Netherlands,NLD,2023-07-31 09:00:00,2023-07-31 11:00:00,0.06751
Netherlands,NLD,2023-07-31 10:00:00,2023-07-31 12:00:00,0.0653
Netherlands,NLD,2023-07-31 11:00:00,2023-07-31 13:00:00,0.05966
Netherlands,NLD,2023-07-31 12:00:00,2023-07-31 14:00:00,0.05917
Netherlands,NLD,2023-07-31 13:00:00,2023-07-31 15:00:00,0.06
Netherlands,NLD,2023-07-31 14:00:00,2023-07-31 16:00:00,0.06769
Netherlands,NLD,2023-07-31 15:00:00,2023-07-31 17:00:00,0.07578
Netherlands,NLD,2023-07-31 16:00:00,2023-07-31 18:00:00,0.08849
Netherlands,NLD,2023-07-31 17:00:00,2023-07-31 19:00:00,0.09743
Netherlands,NLD,2023-07-31 18:00:00,2023-07-31 20:00:00,0.09986
Netherlands,NLD,2023-07-31 19:00:00,2023-07-31 21:00:00,0.09865
Netherlands,NLD,2023-07-31 20:00:00,2023-07-31 22:00:00,0.09531
Netherlands,NLD,2023-07-31 21:00:00,2023-07-31 23:00:00,0.08771999999999999
Netherlands,NLD,2023-07-31 22:00:00,2023-08-01 00:00:00,0.06809
Netherlands,NLD,2023-07-31 23:00:00,2023-08-01 01:00:00,0.05886
Netherlands,NLD,2023-08-01 00:00:00,2023-08-01 02:00:00,0.05786
Netherlands,NLD,2023-08-01 01:00:00,2023-08-01 03:00:00,0.05694
Netherlands,NLD,2023-08-01 02:00:00,2023-08-01 04:00:00,0.0579
Netherlands,NLD,2023-08-01 03:00:00,2023-08-01 05:00:00,0.0634
Netherlands,NLD,2023-08-01 04:00:00,2023-08-01 06:00:00,0.0905
Netherlands,NLD,2023-08-01 05:00:00,2023-08-01 07:00:00,0.09418000000000001
Netherlands,NLD,2023-08-01 06:00:00,2023-08-01 08:00:00,0.09573000000000001
Netherlands,NLD,2023-08-01 07:00:00,2023-08-01 09:00:00,0.09067
Netherlands,NLD,2023-08-01 08:00:00,2023-08-01 10:00:00,0.08603
Netherlands,NLD,2023-08-01 09:00:00,2023-08-01 11:00:00,0.07089
Netherlands,NLD,2023-08-01 10:00:00,2023-08-01 12:00:00,0.06887
Netherlands,NLD,2023-08-01 11:00:00,2023-08-01 13:00:00,0.06196
Netherlands,NLD,2023-08-01 12:00:00,2023-08-01 14:00:00,0.0525
Netherlands,NLD,2023-08-01 13:00:00,2023-08-01 15:00:00,0.04765
Netherlands,NLD,2023-08-01 14:00:00,2023-08-01 16:00:00,0.053700000000000005
Netherlands,NLD,2023-08-01 15:00:00,2023-08-01 17:00:00,0.06824
Netherlands,NLD,2023-08-01 16:00:00,2023-08-01 18:00:00,0.08131999999999999
Netherlands,NLD,2023-08-01 17:00:00,2023-08-01 19:00:00,0.09608
Netherlands,NLD,2023-08-01 18:00:00,2023-08-01 20:00:00,0.10872
Netherlands,NLD,2023-08-01 19:00:00,2023-08-01 21:00:00,0.11216
Netherlands,NLD,2023-08-01 20:00:00,2023-08-01 22:00:00,0.10255
Netherlands,NLD,2023-08-01 21:00:00,2023-08-01 23:00:00,0.09278
Netherlands,NLD,2023-08-01 22:00:00,2023-08-02 00:00:00,0.08938
Netherlands,NLD,2023-08-01 23:00:00,2023-08-02 01:00:00,0.07754000000000001
Netherlands,NLD,2023-08-02 00:00:00,2023-08-02 02:00:00,0.06962
Netherlands,NLD,2023-08-02 01:00:00,2023-08-02 03:00:00,0.06713
Netherlands,NLD,2023-08-02 02:00:00,2023-08-02 04:00:00,0.06999
Netherlands,NLD,2023-08-02 03:00:00,2023-08-02 05:00:00,0.08574
Netherlands,NLD,2023-08-02 04:00:00,2023-08-02 06:00:00,0.10244
Netherlands,NLD,2023-08-02 05:00:00,2023-08-02 07:00:00,0.11195999999999999
Netherlands,NLD,2023-08-02 06:00:00,2023-08-02 08:00:00,0.09745000000000001
Netherlands,NLD,2023-08-02 07:00:00,2023-08-02 09:00:00,0.088
Netherlands,NLD,2023-08-02 08:00:00,2023-08-02 10:00:00,0.07822
Netherlands,NLD,2023-08-02 09:00:00,2023-08-02 11:00:00,0.0645
Netherlands,NLD,2023-08-02 10:00:00,2023-08-02 12:00:00,0.052020000000000004
Netherlands,NLD,2023-08-02 11:00:00,2023-08-02 13:00:00,0.03308
Netherlands,NLD,2023-08-02 12:00:00,2023-08-02 14:00:00,0.02413
Netherlands,NLD,2023-08-02 13:00:00,2023-08-02 15:00:00,0.01896
Netherlands,NLD,2023-08-02 14:00:00,2023-08-02 16:00:00,0.02829
Netherlands,NLD,2023-08-02 15:00:00,2023-08-02 17:00:00,0.05224
Netherlands,NLD,2023-08-02 16:00:00,2023-08-02 18:00:00,0.06886
Netherlands,NLD,2023-08-02 17:00:00,2023-08-02 19:00:00,0.08216
Netherlands,NLD,2023-08-02 18:00:00,2023-08-02 20:00:00,0.08070999999999999
Netherlands,NLD,2023-08-02 19:00:00,2023-08-02 21:00:00,0.0772
Netherlands,NLD,2023-08-02 20:00:00,2023-08-02 22:00:00,0.06570000000000001
Netherlands,NLD,2023-08-02 21:00:00,2023-08-02 23:00:00,0.04112
Netherlands,NLD,2023-08-02 22:00:00,2023-08-03 00:00:00,0.019969999999999998
Netherlands,NLD,2023-08-02 23:00:00,2023-08-03 01:00:00,0.00951
Netherlands,NLD,2023-08-03 00:00:00,2023-08-03 02:00:00,0.0034300000000000003
Netherlands,NLD,2023-08-03 01:00:00,2023-08-03 03:00:00,0.00561
Netherlands,NLD,2023-08-03 02:00:00,2023-08-03 04:00:00,0.0072
Netherlands,NLD,2023-08-03 03:00:00,2023-08-03 05:00:00,0.0248
Netherlands,NLD,2023-08-03 04:00:00,2023-08-03 06:00:00,0.047380000000000005
Netherlands,NLD,2023-08-03 05:00:00,2023-08-03 07:00:00,0.07
Netherlands,NLD,2023-08-03 06:00:00,2023-08-03 08:00:00,0.07005
Netherlands,NLD,2023-08-03 07:00:00,2023-08-03 09:00:00,0.0628
Netherlands,NLD,2023-08-03 08:00:00,2023-08-03 10:00:00,0.0455
Netherlands,NLD,2023-08-03 09:00:00,2023-08-03 11:00:00,0.03454
Netherlands,NLD,2023-08-03 10:00:00,2023-08-03 12:00:00,0.027010000000000003
Netherlands,NLD,2023-08-03 11:00:00,2023-08-03 13:00:00,0.02125
Netherlands,NLD,2023-08-03 12:00:00,2023-08-03 14:00:00,0.01743
Netherlands,NLD,2023-08-03 13:00:00,2023-08-03 15:00:00,0.0177
Netherlands,NLD,2023-08-03 14:00:00,2023-08-03 16:00:00,0.02194
Netherlands,NLD,2023-08-03 15:00:00,2023-08-03 17:00:00,0.0499
Netherlands,NLD,2023-08-03 16:00:00,2023-08-03 18:00:00,0.08
Netherlands,NLD,2023-08-03 17:00:00,2023-08-03 19:00:00,0.09592
Netherlands,NLD,2023-08-03 18:00:00,2023-08-03 20:00:00,0.1
Netherlands,NLD,2023-08-03 19:00:00,2023-08-03 21:00:00,0.1151
Netherlands,NLD,2023-08-03 20:00:00,2023-08-03 22:00:00,0.1135
Netherlands,NLD,2023-08-03 21:00:00,2023-08-03 23:00:00,0.09284999999999999
Netherlands,NLD,2023-08-03 22:00:00,2023-08-04 00:00:00,0.09014
Netherlands,NLD,2023-08-03 23:00:00,2023-08-04 01:00:00,0.08385
Netherlands,NLD,2023-08-04 00:00:00,2023-08-04 02:00:00,0.08092
Netherlands,NLD,2023-08-04 01:00:00,2023-08-04 03:00:00,0.07925
Netherlands,NLD,2023-08-04 02:00:00,2023-08-04 04:00:00,0.08245000000000001
Netherlands,NLD,2023-08-04 03:00:00,2023-08-04 05:00:00,0.0877
Netherlands,NLD,2023-08-04 04:00:00,2023-08-04 06:00:00,0.09925
Netherlands,NLD,2023-08-04 05:00:00,2023-08-04 07:00:00,0.11
Netherlands,NLD,2023-08-04 06:00:00,2023-08-04 08:00:00,0.11494
Netherlands,NLD,2023-08-04 07:00:00,2023-08-04 09:00:00,0.097
Netherlands,NLD,2023-08-04 08:00:00,2023-08-04 10:00:00,0.09516
Netherlands,NLD,2023-08-04 09:00:00,2023-08-04 11:00:00,0.09068000000000001
Netherlands,NLD,2023-08-04 10:00:00,2023-08-04 12:00:00,0.08692
Netherlands,NLD,2023-08-04 11:00:00,2023-08-04 13:00:00,0.08081
Netherlands,NLD,2023-08-04 12:00:00,2023-08-04 14:00:00,0.07784
Netherlands,NLD,2023-08-04 13:00:00,2023-08-04 15:00:00,0.07626999999999999
Netherlands,NLD,2023-08-04 14:00:00,2023-08-04 16:00:00,0.07709999999999999
Netherlands,NLD,2023-08-04 15:00:00,2023-08-04 17:00:00,0.08143
Netherlands,NLD,2023-08-04 16:00:00,2023-08-04 18:00:00,0.095
Netherlands,NLD,2023-08-04 17:00:00,2023-08-04 19:00:00,0.11154
Netherlands,NLD,2023-08-04 18:00:00,2023-08-04 20:00:00,0.13871
Netherlands,NLD,2023-08-04 19:00:00,2023-08-04 21:00:00,0.12677
Netherlands,NLD,2023-08-04 20:00:00,2023-08-04 22:00:00,0.10919
Netherlands,NLD,2023-08-04 21:00:00,2023-08-04 23:00:00,0.09849
Netherlands,NLD,2023-08-04 22:00:00,2023-08-05 00:00:00,0.10155
Netherlands,NLD,2023-08-04 23:00:00,2023-08-05 01:00:00,0.09490000000000001
Netherlands,NLD,2023-08-05 00:00:00,2023-08-05 02:00:00,0.09258
Netherlands,NLD,2023-08-05 01:00:00,2023-08-05 03:00:00,0.09029999999999999
Netherlands,NLD,2023-08-05 02:00:00,2023-08-05 04:00:00,0.09024
Netherlands,NLD,2023-08-05 03:00:00,2023-08-05 05:00:00,0.09054000000000001
Netherlands,NLD,2023-08-05 04:00:00,2023-08-05 06:00:00,0.09434000000000001
Netherlands,NLD,2023-08-05 05:00:00,2023-08-05 07:00:00,0.09248999999999999
Netherlands,NLD,2023-08-05 06:00:00,2023-08-05 08:00:00,0.09133
Netherlands,NLD,2023-08-05 07:00:00,2023-08-05 09:00:00,0.08854000000000001
Netherlands,NLD,2023-08-05 08:00:00,2023-08-05 10:00:00,0.08009999999999999
Netherlands,NLD,2023-08-05 09:00:00,2023-08-05 11:00:00,0.07467
Netherlands,NLD,2023-08-05 10:00:00,2023-08-05 12:00:00,0.06501
Netherlands,NLD,2023-08-05 11:00:00,2023-08-05 13:00:00,0.05891
Netherlands,NLD,2023-08-05 12:00:00,2023-08-05 14:00:00,0.05804
Netherlands,NLD,2023-08-05 13:00:00,2023-08-05 15:00:00,0.06520000000000001
Netherlands,NLD,2023-08-05 14:00:00,2023-08-05 16:00:00,0.0777
Netherlands,NLD,2023-08-05 15:00:00,2023-08-05 17:00:00,0.0953
Netherlands,NLD,2023-08-05 16:00:00,2023-08-05 18:00:00,0.103
Netherlands,NLD,2023-08-05 17:00:00,2023-08-05 19:00:00,0.10790000000000001
Netherlands,NLD,2023-08-05 18:00:00,2023-08-05 20:00:00,0.1191
Netherlands,NLD,2023-08-05 19:00:00,2023-08-05 21:00:00,0.10742
Netherlands,NLD,2023-08-05 20:00:00,2023-08-05 22:00:00,0.09837
Netherlands,NLD,2023-08-05 21:00:00,2023-08-05 23:00:00,0.08721999999999999
Netherlands,NLD,2023-08-05 22:00:00,2023-08-06 00:00:00,0.08804000000000001
Netherlands,NLD,2023-08-05 23:00:00,2023-08-06 01:00:00,0.08809
Netherlands,NLD,2023-08-06 00:00:00,2023-08-06 02:00:00,0.07906999999999999
Netherlands,NLD,2023-08-06 01:00:00,2023-08-06 03:00:00,0.07908
Netherlands,NLD,2023-08-06 02:00:00,2023-08-06 04:00:00,0.07506
Netherlands,NLD,2023-08-06 03:00:00,2023-08-06 05:00:00,0.084
Netherlands,NLD,2023-08-06 04:00:00,2023-08-06 06:00:00,0.07546
Netherlands,NLD,2023-08-06 05:00:00,2023-08-06 07:00:00,0.0665
Netherlands,NLD,2023-08-06 06:00:00,2023-08-06 08:00:00,0.0634
Netherlands,NLD,2023-08-06 07:00:00,2023-08-06 09:00:00,0.05722
Netherlands,NLD,2023-08-06 08:00:00,2023-08-06 10:00:00,0.05003
Netherlands,NLD,2023-08-06 09:00:00,2023-08-06 11:00:00,0.04385
Netherlands,NLD,2023-08-06 10:00:00,2023-08-06 12:00:00,0.0
Netherlands,NLD,2023-08-06 11:00:00,2023-08-06 13:00:00,4e-05
Netherlands,NLD,2023-08-06 12:00:00,2023-08-06 14:00:00,-0.00475
Netherlands,NLD,2023-08-06 13:00:00,2023-08-06 15:00:00,-0.00475
Netherlands,NLD,2023-08-06 14:00:00,2023-08-06 16:00:00,0.0
Netherlands,NLD,2023-08-06 15:00:00,2023-08-06 17:00:00,0.03517
Netherlands,NLD,2023-08-06 16:00:00,2023-08-06 18:00:00,0.06203
Netherlands,NLD,2023-08-06 17:00:00,2023-08-06 19:00:00,0.07261
Netherlands,NLD,2023-08-06 18:00:00,2023-08-06 20:00:00,0.07684999999999999
Netherlands,NLD,2023-08-06 19:00:00,2023-08-06 21:00:00,0.07734999999999999
Netherlands,NLD,2023-08-06 20:00:00,2023-08-06 22:00:00,0.07186
Netherlands,NLD,2023-08-06 21:00:00,2023-08-06 23:00:00,0.0726
Netherlands,NLD,2023-08-06 22:00:00,2023-08-07 00:00:00,0.054509999999999996
Netherlands,NLD,2023-08-06 23:00:00,2023-08-07 01:00:00,0.04795
Netherlands,NLD,2023-08-07 00:00:00,2023-08-07 02:00:00,0.05
Netherlands,NLD,2023-08-07 01:00:00,2023-08-07 03:00:00,0.0074800000000000005
Netherlands,NLD,2023-08-07 02:00:00,2023-08-07 04:00:00,0.03003
Netherlands,NLD,2023-08-07 03:00:00,2023-08-07 05:00:00,2.9999999999999997e-05
Netherlands,NLD,2023-08-07 04:00:00,2023-08-07 06:00:00,0.07221999999999999
Netherlands,NLD,2023-08-07 05:00:00,2023-08-07 07:00:00,0.0841
Netherlands,NLD,2023-08-07 06:00:00,2023-08-07 08:00:00,0.06405
Netherlands,NLD,2023-08-07 07:00:00,2023-08-07 09:00:00,0.02528
Netherlands,NLD,2023-08-07 08:00:00,2023-08-07 10:00:00,1e-05
Netherlands,NLD,2023-08-07 09:00:00,2023-08-07 11:00:00,-0.00475
Netherlands,NLD,2023-08-07 10:00:00,2023-08-07 12:00:00,-0.01563
Netherlands,NLD,2023-08-07 11:00:00,2023-08-07 13:00:00,-0.027059999999999997
Netherlands,NLD,2023-08-07 12:00:00,2023-08-07 14:00:00,-0.04185
Netherlands,NLD,2023-08-07 13:00:00,2023-08-07 15:00:00,-0.02002
Netherlands,NLD,2023-08-07 14:00:00,2023-08-07 16:00:00,-0.01002
Netherlands,NLD,2023-08-07 15:00:00,2023-08-07 17:00:00,-4e-05
Netherlands,NLD,2023-08-07 16:00:00,2023-08-07 18:00:00,0.011
Netherlands,NLD,2023-08-07 17:00:00,2023-08-07 19:00:00,0.07490000000000001
Netherlands,NLD,2023-08-07 18:00:00,2023-08-07 20:00:00,0.112
Netherlands,NLD,2023-08-07 19:00:00,2023-08-07 21:00:00,0.118
Netherlands,NLD,2023-08-07 20:00:00,2023-08-07 22:00:00,0.114
Netherlands,NLD,2023-08-07 21:00:00,2023-08-07 23:00:00,0.0849
Netherlands,NLD,2023-08-07 22:00:00,2023-08-08 00:00:00,0.0927
Netherlands,NLD,2023-08-07 23:00:00,2023-08-08 01:00:00,0.088
Netherlands,NLD,2023-08-08 00:00:00,2023-08-08 02:00:00,0.085
Netherlands,NLD,2023-08-08 01:00:00,2023-08-08 03:00:00,0.08
Netherlands,NLD,2023-08-08 02:00:00,2023-08-08 04:00:00,0.07576999999999999
Netherlands,NLD,2023-08-08 03:00:00,2023-08-08 05:00:00,0.06884
Netherlands,NLD,2023-08-08 04:00:00,2023-08-08 06:00:00,0.09887
Netherlands,NLD,2023-08-08 05:00:00,2023-08-08 07:00:00,0.0805
Netherlands,NLD,2023-08-08 06:00:00,2023-08-08 08:00:00,0.004900000000000001
Netherlands,NLD,2023-08-08 07:00:00,2023-08-08 09:00:00,-0.0027
Netherlands,NLD,2023-08-08 08:00:00,2023-08-08 10:00:00,-0.010029999999999999
Netherlands,NLD,2023-08-08 09:00:00,2023-08-08 11:00:00,-0.04008
Netherlands,NLD,2023-08-08 10:00:00,2023-08-08 12:00:00,-0.05158
Netherlands,NLD,2023-08-08 11:00:00,2023-08-08 13:00:00,-0.07322
Netherlands,NLD,2023-08-08 12:00:00,2023-08-08 14:00:00,-0.07922
Netherlands,NLD,2023-08-08 13:00:00,2023-08-08 15:00:00,-0.048920000000000005
Netherlands,NLD,2023-08-08 14:00:00,2023-08-08 16:00:00,-0.01071
Netherlands,NLD,2023-08-08 15:00:00,2023-08-08 17:00:00,-0.00082
Netherlands,NLD,2023-08-08 16:00:00,2023-08-08 18:00:00,0.04
Netherlands,NLD,2023-08-08 17:00:00,2023-08-08 19:00:00,0.08871
Netherlands,NLD,2023-08-08 18:00:00,2023-08-08 20:00:00,0.09534000000000001
Netherlands,NLD,2023-08-08 19:00:00,2023-08-08 21:00:00,0.10509
Netherlands,NLD,2023-08-08 20:00:00,2023-08-08 22:00:00,0.10599
Netherlands,NLD,2023-08-08 21:00:00,2023-08-08 23:00:00,0.0999
Netherlands,NLD,2023-08-08 22:00:00,2023-08-09 00:00:00,0.0857
Netherlands,NLD,2023-08-08 23:00:00,2023-08-09 01:00:00,0.079
Netherlands,NLD,2023-08-09 00:00:00,2023-08-09 02:00:00,0.0745
Netherlands,NLD,2023-08-09 01:00:00,2023-08-09 03:00:00,0.0701
Netherlands,NLD,2023-08-09 02:00:00,2023-08-09 04:00:00,0.07412
Netherlands,NLD,2023-08-09 03:00:00,2023-08-09 05:00:00,0.08395
Netherlands,NLD,2023-08-09 04:00:00,2023-08-09 06:00:00,0.09816
Netherlands,NLD,2023-08-09 05:00:00,2023-08-09 07:00:00,0.1057
Netherlands,NLD,2023-08-09 06:00:00,2023-08-09 08:00:00,0.10643999999999999
Netherlands,NLD,2023-08-09 07:00:00,2023-08-09 09:00:00,0.09959
Netherlands,NLD,2023-08-09 08:00:00,2023-08-09 10:00:00,0.07147
Netherlands,NLD,2023-08-09 09:00:00,2023-08-09 11:00:00,0.0028599999999999997
Netherlands,NLD,2023-08-09 10:00:00,2023-08-09 12:00:00,0.00094
Netherlands,NLD,2023-08-09 11:00:00,2023-08-09 13:00:00,-0.0006
Netherlands,NLD,2023-08-09 12:00:00,2023-08-09 14:00:00,0.00325
Netherlands,NLD,2023-08-09 13:00:00,2023-08-09 15:00:00,0.0001
Netherlands,NLD,2023-08-09 14:00:00,2023-08-09 16:00:00,0.004900000000000001
Netherlands,NLD,2023-08-09 15:00:00,2023-08-09 17:00:00,0.0649
Netherlands,NLD,2023-08-09 16:00:00,2023-08-09 18:00:00,0.0943
Netherlands,NLD,2023-08-09 17:00:00,2023-08-09 19:00:00,0.1144
Netherlands,NLD,2023-08-09 18:00:00,2023-08-09 20:00:00,0.13458
Netherlands,NLD,2023-08-09 19:00:00,2023-08-09 21:00:00,0.13135
Netherlands,NLD,2023-08-09 20:00:00,2023-08-09 22:00:00,0.12247
Netherlands,NLD,2023-08-09 21:00:00,2023-08-09 23:00:00,0.10096
Netherlands,NLD,2023-08-09 22:00:00,2023-08-10 00:00:00,0.09627
Netherlands,NLD,2023-08-09 23:00:00,2023-08-10 01:00:00,0.09198999999999999
Netherlands,NLD,2023-08-10 00:00:00,2023-08-10 02:00:00,0.08915000000000001
Netherlands,NLD,2023-08-10 01:00:00,2023-08-10 03:00:00,0.07998000000000001
Netherlands,NLD,2023-08-10 02:00:00,2023-08-10 04:00:00,0.08485
Netherlands,NLD,2023-08-10 03:00:00,2023-08-10 05:00:00,0.0861
Netherlands,NLD,2023-08-10 04:00:00,2023-08-10 06:00:00,0.0999
Netherlands,NLD,2023-08-10 05:00:00,2023-08-10 07:00:00,0.10332
Netherlands,NLD,2023-08-10 06:00:00,2023-08-10 08:00:00,0.1042
Netherlands,NLD,2023-08-10 07:00:00,2023-08-10 09:00:00,0.096
Netherlands,NLD,2023-08-10 08:00:00,2023-08-10 10:00:00,0.0702
Netherlands,NLD,2023-08-10 09:00:00,2023-08-10 11:00:00,0.04391
Netherlands,NLD,2023-08-10 10:00:00,2023-08-10 12:00:00,0.01825
Netherlands,NLD,2023-08-10 11:00:00,2023-08-10 13:00:00,0.01801
Netherlands,NLD,2023-08-10 12:00:00,2023-08-10 14:00:00,0.01677
Netherlands,NLD,2023-08-10 13:00:00,2023-08-10 15:00:00,0.030690000000000002
Netherlands,NLD,2023-08-10 14:00:00,2023-08-10 16:00:00,0.06615
Netherlands,NLD,2023-08-10 15:00:00,2023-08-10 17:00:00,0.0877
Netherlands,NLD,2023-08-10 16:00:00,2023-08-10 18:00:00,0.09708
Netherlands,NLD,2023-08-10 17:00:00,2023-08-10 19:00:00,0.10346
Netherlands,NLD,2023-08-10 18:00:00,2023-08-10 20:00:00,0.16491
Netherlands,NLD,2023-08-10 19:00:00,2023-08-10 21:00:00,0.14202
Netherlands,NLD,2023-08-10 20:00:00,2023-08-10 22:00:00,0.11549
Netherlands,NLD,2023-08-10 21:00:00,2023-08-10 23:00:00,0.10111
Netherlands,NLD,2023-08-10 22:00:00,2023-08-11 00:00:00,0.1113
Netherlands,NLD,2023-08-10 23:00:00,2023-08-11 01:00:00,0.10626999999999999
Netherlands,NLD,2023-08-11 00:00:00,2023-08-11 02:00:00,0.10286
Netherlands,NLD,2023-08-11 01:00:00,2023-08-11 03:00:00,0.09834999999999999
Netherlands,NLD,2023-08-11 02:00:00,2023-08-11 04:00:00,0.08759
Netherlands,NLD,2023-08-11 03:00:00,2023-08-11 05:00:00,0.093
Netherlands,NLD,2023-08-11 04:00:00,2023-08-11 06:00:00,0.11638
Netherlands,NLD,2023-08-11 05:00:00,2023-08-11 07:00:00,0.12029999999999999
Netherlands,NLD,2023-08-11 06:00:00,2023-08-11 08:00:00,0.11497
Netherlands,NLD,2023-08-11 07:00:00,2023-08-11 09:00:00,0.09971
Netherlands,NLD,2023-08-11 08:00:00,2023-08-11 10:00:00,0.085
Netherlands,NLD,2023-08-11 09:00:00,2023-08-11 11:00:00,0.07429999999999999
Netherlands,NLD,2023-08-11 10:00:00,2023-08-11 12:00:00,0.030100000000000002
Netherlands,NLD,2023-08-11 11:00:00,2023-08-11 13:00:00,0.01663
Netherlands,NLD,2023-08-11 12:00:00,2023-08-11 14:00:00,0.0249
Netherlands,NLD,2023-08-11 13:00:00,2023-08-11 15:00:00,0.05801
Netherlands,NLD,2023-08-11 14:00:00,2023-08-11 16:00:00,0.08458
Netherlands,NLD,2023-08-11 15:00:00,2023-08-11 17:00:00,0.09798
Netherlands,NLD,2023-08-11 16:00:00,2023-08-11 18:00:00,0.1083
Netherlands,NLD,2023-08-11 17:00:00,2023-08-11 19:00:00,0.13
Netherlands,NLD,2023-08-11 18:00:00,2023-08-11 20:00:00,0.13887
Netherlands,NLD,2023-08-11 19:00:00,2023-08-11 21:00:00,0.13259
Netherlands,NLD,2023-08-11 20:00:00,2023-08-11 22:00:00,0.118
Netherlands,NLD,2023-08-11 21:00:00,2023-08-11 23:00:00,0.10406
Netherlands,NLD,2023-08-11 22:00:00,2023-08-12 00:00:00,0.10354000000000001
Netherlands,NLD,2023-08-11 23:00:00,2023-08-12 01:00:00,0.09820000000000001
Netherlands,NLD,2023-08-12 00:00:00,2023-08-12 02:00:00,0.09770000000000001
Netherlands,NLD,2023-08-12 01:00:00,2023-08-12 03:00:00,0.09573000000000001
Netherlands,NLD,2023-08-12 02:00:00,2023-08-12 04:00:00,0.09391
Netherlands,NLD,2023-08-12 03:00:00,2023-08-12 05:00:00,0.09806000000000001
Netherlands,NLD,2023-08-12 04:00:00,2023-08-12 06:00:00,0.09511
Netherlands,NLD,2023-08-12 05:00:00,2023-08-12 07:00:00,0.09931
Netherlands,NLD,2023-08-12 06:00:00,2023-08-12 08:00:00,0.10178
Netherlands,NLD,2023-08-12 07:00:00,2023-08-12 09:00:00,0.0885
Netherlands,NLD,2023-08-12 08:00:00,2023-08-12 10:00:00,0.07761
Netherlands,NLD,2023-08-12 09:00:00,2023-08-12 11:00:00,0.06476000000000001
Netherlands,NLD,2023-08-12 10:00:00,2023-08-12 12:00:00,0.05
Netherlands,NLD,2023-08-12 11:00:00,2023-08-12 13:00:00,0.023719999999999998
Netherlands,NLD,2023-08-12 12:00:00,2023-08-12 14:00:00,0.006
Netherlands,NLD,2023-08-12 13:00:00,2023-08-12 15:00:00,0.00692
Netherlands,NLD,2023-08-12 14:00:00,2023-08-12 16:00:00,0.020399999999999998
Netherlands,NLD,2023-08-12 15:00:00,2023-08-12 17:00:00,0.06512000000000001
Netherlands,NLD,2023-08-12 16:00:00,2023-08-12 18:00:00,0.08943000000000001
Netherlands,NLD,2023-08-12 17:00:00,2023-08-12 19:00:00,0.10647
Netherlands,NLD,2023-08-12 18:00:00,2023-08-12 20:00:00,0.11116
Netherlands,NLD,2023-08-12 19:00:00,2023-08-12 21:00:00,0.11228
Netherlands,NLD,2023-08-12 20:00:00,2023-08-12 22:00:00,0.10805
Netherlands,NLD,2023-08-12 21:00:00,2023-08-12 23:00:00,0.10166
Netherlands,NLD,2023-08-12 22:00:00,2023-08-13 00:00:00,0.0901
Netherlands,NLD,2023-08-12 23:00:00,2023-08-13 01:00:00,0.08467
Netherlands,NLD,2023-08-13 00:00:00,2023-08-13 02:00:00,0.0788
Netherlands,NLD,2023-08-13 01:00:00,2023-08-13 03:00:00,0.06966
Netherlands,NLD,2023-08-13 02:00:00,2023-08-13 04:00:00,0.069
Netherlands,NLD,2023-08-13 03:00:00,2023-08-13 05:00:00,0.07202
Netherlands,NLD,2023-08-13 04:00:00,2023-08-13 06:00:00,0.07773000000000001
Netherlands,NLD,2023-08-13 05:00:00,2023-08-13 07:00:00,0.07664
Netherlands,NLD,2023-08-13 06:00:00,2023-08-13 08:00:00,0.06993
Netherlands,NLD,2023-08-13 07:00:00,2023-08-13 09:00:00,0.04789
Netherlands,NLD,2023-08-13 08:00:00,2023-08-13 10:00:00,0.027420000000000003
Netherlands,NLD,2023-08-13 09:00:00,2023-08-13 11:00:00,0.013699999999999999
Netherlands,NLD,2023-08-13 10:00:00,2023-08-13 12:00:00,1e-05
Netherlands,NLD,2023-08-13 11:00:00,2023-08-13 13:00:00,-0.00379
Netherlands,NLD,2023-08-13 12:00:00,2023-08-13 14:00:00,0.0014399999999999999
Netherlands,NLD,2023-08-13 13:00:00,2023-08-13 15:00:00,0.0067599999999999995
Netherlands,NLD,2023-08-13 14:00:00,2023-08-13 16:00:00,0.01745
Netherlands,NLD,2023-08-13 15:00:00,2023-08-13 17:00:00,0.07226
Netherlands,NLD,2023-08-13 16:00:00,2023-08-13 18:00:00,0.09716
Netherlands,NLD,2023-08-13 17:00:00,2023-08-13 19:00:00,0.1
Netherlands,NLD,2023-08-13 18:00:00,2023-08-13 20:00:00,0.11090000000000001
Netherlands,NLD,2023-08-13 19:00:00,2023-08-13 21:00:00,0.12
Netherlands,NLD,2023-08-13 20:00:00,2023-08-13 22:00:00,0.12005
Netherlands,NLD,2023-08-13 21:00:00,2023-08-13 23:00:00,0.114
Netherlands,NLD,2023-08-13 22:00:00,2023-08-14 00:00:00,0.09801
Netherlands,NLD,2023-08-13 23:00:00,2023-08-14 01:00:00,0.08963
Netherlands,NLD,2023-08-14 00:00:00,2023-08-14 02:00:00,0.08431999999999999
Netherlands,NLD,2023-08-14 01:00:00,2023-08-14 03:00:00,0.08584
Netherlands,NLD,2023-08-14 02:00:00,2023-08-14 04:00:00,0.08979999999999999
Netherlands,NLD,2023-08-14 03:00:00,2023-08-14 05:00:00,0.10529999999999999
Netherlands,NLD,2023-08-14 04:00:00,2023-08-14 06:00:00,0.11997
Netherlands,NLD,2023-08-14 05:00:00,2023-08-14 07:00:00,0.12465999999999999
Netherlands,NLD,2023-08-14 06:00:00,2023-08-14 08:00:00,0.11295999999999999
Netherlands,NLD,2023-08-14 07:00:00,2023-08-14 09:00:00,0.09933
Netherlands,NLD,2023-08-14 08:00:00,2023-08-14 10:00:00,0.08213
Netherlands,NLD,2023-08-14 09:00:00,2023-08-14 11:00:00,0.07565999999999999
Netherlands,NLD,2023-08-14 10:00:00,2023-08-14 12:00:00,0.06766
Netherlands,NLD,2023-08-14 11:00:00,2023-08-14 13:00:00,0.06357
Netherlands,NLD,2023-08-14 12:00:00,2023-08-14 14:00:00,0.06702
Netherlands,NLD,2023-08-14 13:00:00,2023-08-14 15:00:00,0.0741
Netherlands,NLD,2023-08-14 14:00:00,2023-08-14 16:00:00,0.08148000000000001
Netherlands,NLD,2023-08-14 15:00:00,2023-08-14 17:00:00,0.09727
Netherlands,NLD,2023-08-14 16:00:00,2023-08-14 18:00:00,0.1034
Netherlands,NLD,2023-08-14 17:00:00,2023-08-14 19:00:00,0.13151
Netherlands,NLD,2023-08-14 18:00:00,2023-08-14 20:00:00,0.137
Netherlands,NLD,2023-08-14 19:00:00,2023-08-14 21:00:00,0.12878
Netherlands,NLD,2023-08-14 20:00:00,2023-08-14 22:00:00,0.11098999999999999
Netherlands,NLD,2023-08-14 21:00:00,2023-08-14 23:00:00,0.10106
Netherlands,NLD,2023-08-14 22:00:00,2023-08-15 00:00:00,0.0996
Netherlands,NLD,2023-08-14 23:00:00,2023-08-15 01:00:00,0.09265000000000001
Netherlands,NLD,2023-08-15 00:00:00,2023-08-15 02:00:00,0.09215999999999999
Netherlands,NLD,2023-08-15 01:00:00,2023-08-15 03:00:00,0.08996
Netherlands,NLD,2023-08-15 02:00:00,2023-08-15 04:00:00,0.08767
Netherlands,NLD,2023-08-15 03:00:00,2023-08-15 05:00:00,0.092
Netherlands,NLD,2023-08-15 04:00:00,2023-08-15 06:00:00,0.10676000000000001
Netherlands,NLD,2023-08-15 05:00:00,2023-08-15 07:00:00,0.13116
Netherlands,NLD,2023-08-15 06:00:00,2023-08-15 08:00:00,0.11769
Netherlands,NLD,2023-08-15 07:00:00,2023-08-15 09:00:00,0.09337999999999999
Netherlands,NLD,2023-08-15 08:00:00,2023-08-15 10:00:00,0.07948000000000001
Netherlands,NLD,2023-08-15 09:00:00,2023-08-15 11:00:00,0.07089
Netherlands,NLD,2023-08-15 10:00:00,2023-08-15 12:00:00,0.05908
Netherlands,NLD,2023-08-15 11:00:00,2023-08-15 13:00:00,0.02543
Netherlands,NLD,2023-08-15 12:00:00,2023-08-15 14:00:00,0.02354
Netherlands,NLD,2023-08-15 13:00:00,2023-08-15 15:00:00,0.04585
Netherlands,NLD,2023-08-15 14:00:00,2023-08-15 16:00:00,0.07026
Netherlands,NLD,2023-08-15 15:00:00,2023-08-15 17:00:00,0.09183
Netherlands,NLD,2023-08-15 16:00:00,2023-08-15 18:00:00,0.10218
Netherlands,NLD,2023-08-15 17:00:00,2023-08-15 19:00:00,0.12448999999999999
Netherlands,NLD,2023-08-15 18:00:00,2023-08-15 20:00:00,0.142
Netherlands,NLD,2023-08-15 19:00:00,2023-08-15 21:00:00,0.13304
Netherlands,NLD,2023-08-15 20:00:00,2023-08-15 22:00:00,0.12535
Netherlands,NLD,2023-08-15 21:00:00,2023-08-15 23:00:00,0.10789
Netherlands,NLD,2023-08-15 22:00:00,2023-08-16 00:00:00,0.10679000000000001
Netherlands,NLD,2023-08-15 23:00:00,2023-08-16 01:00:00,0.09745000000000001
Netherlands,NLD,2023-08-16 00:00:00,2023-08-16 02:00:00,0.09259999999999999
Netherlands,NLD,2023-08-16 01:00:00,2023-08-16 03:00:00,0.09051999999999999
Netherlands,NLD,2023-08-16 02:00:00,2023-08-16 04:00:00,0.09017
Netherlands,NLD,2023-08-16 03:00:00,2023-08-16 05:00:00,0.09654
Netherlands,NLD,2023-08-16 04:00:00,2023-08-16 06:00:00,0.11641
Netherlands,NLD,2023-08-16 05:00:00,2023-08-16 07:00:00,0.1399
Netherlands,NLD,2023-08-16 06:00:00,2023-08-16 08:00:00,0.12704000000000001
Netherlands,NLD,2023-08-16 07:00:00,2023-08-16 09:00:00,0.10951000000000001
Netherlands,NLD,2023-08-16 08:00:00,2023-08-16 10:00:00,0.09926
Netherlands,NLD,2023-08-16 09:00:00,2023-08-16 11:00:00,0.09403
Netherlands,NLD,2023-08-16 10:00:00,2023-08-16 12:00:00,0.0867
Netherlands,NLD,2023-08-16 11:00:00,2023-08-16 13:00:00,0.08451
Netherlands,NLD,2023-08-16 12:00:00,2023-08-16 14:00:00,0.07998000000000001
Netherlands,NLD,2023-08-16 13:00:00,2023-08-16 15:00:00,0.08
Netherlands,NLD,2023-08-16 14:00:00,2023-08-16 16:00:00,0.0884
Netherlands,NLD,2023-08-16 15:00:00,2023-08-16 17:00:00,0.10672
Netherlands,NLD,2023-08-16 16:00:00,2023-08-16 18:00:00,0.12843000000000002
Netherlands,NLD,2023-08-16 17:00:00,2023-08-16 19:00:00,0.15347
Netherlands,NLD,2023-08-16 18:00:00,2023-08-16 20:00:00,0.15139
Netherlands,NLD,2023-08-16 19:00:00,2023-08-16 21:00:00,0.1361
Netherlands,NLD,2023-08-16 20:00:00,2023-08-16 22:00:00,0.1199
Netherlands,NLD,2023-08-16 21:00:00,2023-08-16 23:00:00,0.09999
Netherlands,NLD,2023-08-16 22:00:00,2023-08-17 00:00:00,0.10488
Netherlands,NLD,2023-08-16 23:00:00,2023-08-17 01:00:00,0.09838
Netherlands,NLD,2023-08-17 00:00:00,2023-08-17 02:00:00,0.09795000000000001
Netherlands,NLD,2023-08-17 01:00:00,2023-08-17 03:00:00,0.09495
Netherlands,NLD,2023-08-17 02:00:00,2023-08-17 04:00:00,0.09215999999999999
Netherlands,NLD,2023-08-17 03:00:00,2023-08-17 05:00:00,0.09985
Netherlands,NLD,2023-08-17 04:00:00,2023-08-17 06:00:00,0.11927
Netherlands,NLD,2023-08-17 05:00:00,2023-08-17 07:00:00,0.12401000000000001
Netherlands,NLD,2023-08-17 06:00:00,2023-08-17 08:00:00,0.12476000000000001
Netherlands,NLD,2023-08-17 07:00:00,2023-08-17 09:00:00,0.10839
Netherlands,NLD,2023-08-17 08:00:00,2023-08-17 10:00:00,0.1
Netherlands,NLD,2023-08-17 09:00:00,2023-08-17 11:00:00,0.09519
Netherlands,NLD,2023-08-17 10:00:00,2023-08-17 12:00:00,0.09162000000000001
Netherlands,NLD,2023-08-17 11:00:00,2023-08-17 13:00:00,0.08998
Netherlands,NLD,2023-08-17 12:00:00,2023-08-17 14:00:00,0.08998
Netherlands,NLD,2023-08-17 13:00:00,2023-08-17 15:00:00,0.08895
Netherlands,NLD,2023-08-17 14:00:00,2023-08-17 16:00:00,0.09151999999999999
Netherlands,NLD,2023-08-17 15:00:00,2023-08-17 17:00:00,0.105
Netherlands,NLD,2023-08-17 16:00:00,2023-08-17 18:00:00,0.11713
Netherlands,NLD,2023-08-17 17:00:00,2023-08-17 19:00:00,0.141
Netherlands,NLD,2023-08-17 18:00:00,2023-08-17 20:00:00,0.13922
Netherlands,NLD,2023-08-17 19:00:00,2023-08-17 21:00:00,0.12878
Netherlands,NLD,2023-08-17 20:00:00,2023-08-17 22:00:00,0.11663
Netherlands,NLD,2023-08-17 21:00:00,2023-08-17 23:00:00,0.10675
Netherlands,NLD,2023-08-17 22:00:00,2023-08-18 00:00:00,0.10476
Netherlands,NLD,2023-08-17 23:00:00,2023-08-18 01:00:00,0.0973
Netherlands,NLD,2023-08-18 00:00:00,2023-08-18 02:00:00,0.10006
Netherlands,NLD,2023-08-18 01:00:00,2023-08-18 03:00:00,0.09718
Netherlands,NLD,2023-08-18 02:00:00,2023-08-18 04:00:00,0.09754
Netherlands,NLD,2023-08-18 03:00:00,2023-08-18 05:00:00,0.10005
Netherlands,NLD,2023-08-18 04:00:00,2023-08-18 06:00:00,0.11644
Netherlands,NLD,2023-08-18 05:00:00,2023-08-18 07:00:00,0.13091
Netherlands,NLD,2023-08-18 06:00:00,2023-08-18 08:00:00,0.12007999999999999
Netherlands,NLD,2023-08-18 07:00:00,2023-08-18 09:00:00,0.10684
Netherlands,NLD,2023-08-18 08:00:00,2023-08-18 10:00:00,0.09584999999999999
Netherlands,NLD,2023-08-18 09:00:00,2023-08-18 11:00:00,0.08904999999999999
Netherlands,NLD,2023-08-18 10:00:00,2023-08-18 12:00:00,0.08628
Netherlands,NLD,2023-08-18 11:00:00,2023-08-18 13:00:00,0.08285
Netherlands,NLD,2023-08-18 12:00:00,2023-08-18 14:00:00,0.08416
Netherlands,NLD,2023-08-18 13:00:00,2023-08-18 15:00:00,0.08837
Netherlands,NLD,2023-08-18 14:00:00,2023-08-18 16:00:00,0.09523999999999999
Netherlands,NLD,2023-08-18 15:00:00,2023-08-18 17:00:00,0.10812000000000001
Netherlands,NLD,2023-08-18 16:00:00,2023-08-18 18:00:00,0.12445999999999999
Netherlands,NLD,2023-08-18 17:00:00,2023-08-18 19:00:00,0.13697
Netherlands,NLD,2023-08-18 18:00:00,2023-08-18 20:00:00,0.14513
Netherlands,NLD,2023-08-18 19:00:00,2023-08-18 21:00:00,0.12298999999999999
Netherlands,NLD,2023-08-18 20:00:00,2023-08-18 22:00:00,0.10371
Netherlands,NLD,2023-08-18 21:00:00,2023-08-18 23:00:00,0.09708
Netherlands,NLD,2023-08-18 22:00:00,2023-08-19 00:00:00,0.09885
Netherlands,NLD,2023-08-18 23:00:00,2023-08-19 01:00:00,0.09956999999999999
Netherlands,NLD,2023-08-19 00:00:00,2023-08-19 02:00:00,0.09021
Netherlands,NLD,2023-08-19 01:00:00,2023-08-19 03:00:00,0.09364
Netherlands,NLD,2023-08-19 02:00:00,2023-08-19 04:00:00,0.0959
Netherlands,NLD,2023-08-19 03:00:00,2023-08-19 05:00:00,0.0959
Netherlands,NLD,2023-08-19 04:00:00,2023-08-19 06:00:00,0.0999
Netherlands,NLD,2023-08-19 05:00:00,2023-08-19 07:00:00,0.0882
Netherlands,NLD,2023-08-19 06:00:00,2023-08-19 08:00:00,0.08302
Netherlands,NLD,2023-08-19 07:00:00,2023-08-19 09:00:00,0.07937000000000001
Netherlands,NLD,2023-08-19 08:00:00,2023-08-19 10:00:00,0.0694
Netherlands,NLD,2023-08-19 09:00:00,2023-08-19 11:00:00,0.04183
Netherlands,NLD,2023-08-19 10:00:00,2023-08-19 12:00:00,0.02545
Netherlands,NLD,2023-08-19 11:00:00,2023-08-19 13:00:00,0.01486
Netherlands,NLD,2023-08-19 12:00:00,2023-08-19 14:00:00,0.01259
Netherlands,NLD,2023-08-19 13:00:00,2023-08-19 15:00:00,0.02501
Netherlands,NLD,2023-08-19 14:00:00,2023-08-19 16:00:00,0.05584
Netherlands,NLD,2023-08-19 15:00:00,2023-08-19 17:00:00,0.07759999999999999
Netherlands,NLD,2023-08-19 16:00:00,2023-08-19 18:00:00,0.09895999999999999
Netherlands,NLD,2023-08-19 17:00:00,2023-08-19 19:00:00,0.0999
Netherlands,NLD,2023-08-19 18:00:00,2023-08-19 20:00:00,0.12940000000000002
Netherlands,NLD,2023-08-19 19:00:00,2023-08-19 21:00:00,0.13254
Netherlands,NLD,2023-08-19 20:00:00,2023-08-19 22:00:00,0.12371
Netherlands,NLD,2023-08-19 21:00:00,2023-08-19 23:00:00,0.11254
Netherlands,NLD,2023-08-19 22:00:00,2023-08-20 00:00:00,0.11399
Netherlands,NLD,2023-08-19 23:00:00,2023-08-20 01:00:00,0.11059000000000001
Netherlands,NLD,2023-08-20 00:00:00,2023-08-20 02:00:00,0.10517
Netherlands,NLD,2023-08-20 01:00:00,2023-08-20 03:00:00,0.10502
Netherlands,NLD,2023-08-20 02:00:00,2023-08-20 04:00:00,0.10301
Netherlands,NLD,2023-08-20 03:00:00,2023-08-20 05:00:00,0.10461
Netherlands,NLD,2023-08-20 04:00:00,2023-08-20 06:00:00,0.10496
Netherlands,NLD,2023-08-20 05:00:00,2023-08-20 07:00:00,0.09969
Netherlands,NLD,2023-08-20 06:00:00,2023-08-20 08:00:00,0.09899
Netherlands,NLD,2023-08-20 07:00:00,2023-08-20 09:00:00,0.08662
Netherlands,NLD,2023-08-20 08:00:00,2023-08-20 10:00:00,0.07328
Netherlands,NLD,2023-08-20 09:00:00,2023-08-20 11:00:00,0.044
Netherlands,NLD,2023-08-20 10:00:00,2023-08-20 12:00:00,0.009130000000000001
Netherlands,NLD,2023-08-20 11:00:00,2023-08-20 13:00:00,0.01325
Netherlands,NLD,2023-08-20 12:00:00,2023-08-20 14:00:00,0.01384
Netherlands,NLD,2023-08-20 13:00:00,2023-08-20 15:00:00,0.03381
Netherlands,NLD,2023-08-20 14:00:00,2023-08-20 16:00:00,0.07898000000000001
Netherlands,NLD,2023-08-20 15:00:00,2023-08-20 17:00:00,0.09509999999999999
Netherlands,NLD,2023-08-20 16:00:00,2023-08-20 18:00:00,0.112
Netherlands,NLD,2023-08-20 17:00:00,2023-08-20 19:00:00,0.1288
Netherlands,NLD,2023-08-20 18:00:00,2023-08-20 20:00:00,0.14
Netherlands,NLD,2023-08-20 19:00:00,2023-08-20 21:00:00,0.13954
Netherlands,NLD,2023-08-20 20:00:00,2023-08-20 22:00:00,0.12671
Netherlands,NLD,2023-08-20 21:00:00,2023-08-20 23:00:00,0.11195000000000001
Netherlands,NLD,2023-08-20 22:00:00,2023-08-21 00:00:00,0.11195000000000001
Netherlands,NLD,2023-08-20 23:00:00,2023-08-21 01:00:00,0.10167
Netherlands,NLD,2023-08-21 00:00:00,2023-08-21 02:00:00,0.09870999999999999
Netherlands,NLD,2023-08-21 01:00:00,2023-08-21 03:00:00,0.09512000000000001
Netherlands,NLD,2023-08-21 02:00:00,2023-08-21 04:00:00,0.09770999999999999
Netherlands,NLD,2023-08-21 03:00:00,2023-08-21 05:00:00,0.10647
Netherlands,NLD,2023-08-21 04:00:00,2023-08-21 06:00:00,0.13884
Netherlands,NLD,2023-08-21 05:00:00,2023-08-21 07:00:00,0.16093000000000002
Netherlands,NLD,2023-08-21 06:00:00,2023-08-21 08:00:00,0.13727
Netherlands,NLD,2023-08-21 07:00:00,2023-08-21 09:00:00,0.11506999999999999
Netherlands,NLD,2023-08-21 08:00:00,2023-08-21 10:00:00,0.10402
Netherlands,NLD,2023-08-21 09:00:00,2023-08-21 11:00:00,0.08852
Netherlands,NLD,2023-08-21 10:00:00,2023-08-21 12:00:00,0.07540000000000001
Netherlands,NLD,2023-08-21 11:00:00,2023-08-21 13:00:00,0.0649
Netherlands,NLD,2023-08-21 12:00:00,2023-08-21 14:00:00,0.07772
Netherlands,NLD,2023-08-21 13:00:00,2023-08-21 15:00:00,0.0873
Netherlands,NLD,2023-08-21 14:00:00,2023-08-21 16:00:00,0.09617
Netherlands,NLD,2023-08-21 15:00:00,2023-08-21 17:00:00,0.11868000000000001
Netherlands,NLD,2023-08-21 16:00:00,2023-08-21 18:00:00,0.14277
Netherlands,NLD,2023-08-21 17:00:00,2023-08-21 19:00:00,0.18672999999999998
Netherlands,NLD,2023-08-21 18:00:00,2023-08-21 20:00:00,0.20345
Netherlands,NLD,2023-08-21 19:00:00,2023-08-21 21:00:00,0.16635
Netherlands,NLD,2023-08-21 20:00:00,2023-08-21 22:00:00,0.13601
Netherlands,NLD,2023-08-21 21:00:00,2023-08-21 23:00:00,0.115
Netherlands,NLD,2023-08-21 22:00:00,2023-08-22 00:00:00,0.11369
Netherlands,NLD,2023-08-21 23:00:00,2023-08-22 01:00:00,0.10456
Netherlands,NLD,2023-08-22 00:00:00,2023-08-22 02:00:00,0.10265
Netherlands,NLD,2023-08-22 01:00:00,2023-08-22 03:00:00,0.10226
Netherlands,NLD,2023-08-22 02:00:00,2023-08-22 04:00:00,0.0999
Netherlands,NLD,2023-08-22 03:00:00,2023-08-22 05:00:00,0.10806
Netherlands,NLD,2023-08-22 04:00:00,2023-08-22 06:00:00,0.12678
Netherlands,NLD,2023-08-22 05:00:00,2023-08-22 07:00:00,0.15
Netherlands,NLD,2023-08-22 06:00:00,2023-08-22 08:00:00,0.13684000000000002
Netherlands,NLD,2023-08-22 07:00:00,2023-08-22 09:00:00,0.11591
Netherlands,NLD,2023-08-22 08:00:00,2023-08-22 10:00:00,0.1024
Netherlands,NLD,2023-08-22 09:00:00,2023-08-22 11:00:00,0.09967000000000001
Netherlands,NLD,2023-08-22 10:00:00,2023-08-22 12:00:00,0.08370999999999999
Netherlands,NLD,2023-08-22 11:00:00,2023-08-22 13:00:00,0.08188
Netherlands,NLD,2023-08-22 12:00:00,2023-08-22 14:00:00,0.08139
Netherlands,NLD,2023-08-22 13:00:00,2023-08-22 15:00:00,0.0907
Netherlands,NLD,2023-08-22 14:00:00,2023-08-22 16:00:00,0.098
Netherlands,NLD,2023-08-22 15:00:00,2023-08-22 17:00:00,0.10754999999999999
Netherlands,NLD,2023-08-22 16:00:00,2023-08-22 18:00:00,0.139
Netherlands,NLD,2023-08-22 17:00:00,2023-08-22 19:00:00,0.19283
Netherlands,NLD,2023-08-22 18:00:00,2023-08-22 20:00:00,0.20648
Netherlands,NLD,2023-08-22 19:00:00,2023-08-22 21:00:00,0.1663
Netherlands,NLD,2023-08-22 20:00:00,2023-08-22 22:00:00,0.1458
Netherlands,NLD,2023-08-22 21:00:00,2023-08-22 23:00:00,0.1276
Netherlands,NLD,2023-08-22 22:00:00,2023-08-23 00:00:00,0.12389
Netherlands,NLD,2023-08-22 23:00:00,2023-08-23 01:00:00,0.11267
Netherlands,NLD,2023-08-23 00:00:00,2023-08-23 02:00:00,0.10990000000000001
Netherlands,NLD,2023-08-23 01:00:00,2023-08-23 03:00:00,0.10634
Netherlands,NLD,2023-08-23 02:00:00,2023-08-23 04:00:00,0.1075
Netherlands,NLD,2023-08-23 03:00:00,2023-08-23 05:00:00,0.11424
Netherlands,NLD,2023-08-23 04:00:00,2023-08-23 06:00:00,0.1401
Netherlands,NLD,2023-08-23 05:00:00,2023-08-23 07:00:00,0.162
Netherlands,NLD,2023-08-23 06:00:00,2023-08-23 08:00:00,0.15741
Netherlands,NLD,2023-08-23 07:00:00,2023-08-23 09:00:00,0.1365
Netherlands,NLD,2023-08-23 08:00:00,2023-08-23 10:00:00,0.1175
Netherlands,NLD,2023-08-23 09:00:00,2023-08-23 11:00:00,0.1056
Netherlands,NLD,2023-08-23 10:00:00,2023-08-23 12:00:00,0.09453
Netherlands,NLD,2023-08-23 11:00:00,2023-08-23 13:00:00,0.08781
Netherlands,NLD,2023-08-23 12:00:00,2023-08-23 14:00:00,0.08737
Netherlands,NLD,2023-08-23 13:00:00,2023-08-23 15:00:00,0.09443
Netherlands,NLD,2023-08-23 14:00:00,2023-08-23 16:00:00,0.116
Netherlands,NLD,2023-08-23 15:00:00,2023-08-23 17:00:00,0.1442
Netherlands,NLD,2023-08-23 16:00:00,2023-08-23 18:00:00,0.2255
Netherlands,NLD,2023-08-23 17:00:00,2023-08-23 19:00:00,0.27612000000000003
Netherlands,NLD,2023-08-23 18:00:00,2023-08-23 20:00:00,0.29193
Netherlands,NLD,2023-08-23 19:00:00,2023-08-23 21:00:00,0.24079
Netherlands,NLD,2023-08-23 20:00:00,2023-08-23 22:00:00,0.17282
Netherlands,NLD,2023-08-23 21:00:00,2023-08-23 23:00:00,0.13867
Netherlands,NLD,2023-08-23 22:00:00,2023-08-24 00:00:00,0.13382
Netherlands,NLD,2023-08-23 23:00:00,2023-08-24 01:00:00,0.12495
Netherlands,NLD,2023-08-24 00:00:00,2023-08-24 02:00:00,0.11805
Netherlands,NLD,2023-08-24 01:00:00,2023-08-24 03:00:00,0.10803
Netherlands,NLD,2023-08-24 02:00:00,2023-08-24 04:00:00,0.09620000000000001
Netherlands,NLD,2023-08-24 03:00:00,2023-08-24 05:00:00,0.095
Netherlands,NLD,2023-08-24 04:00:00,2023-08-24 06:00:00,0.11009999999999999
Netherlands,NLD,2023-08-24 05:00:00,2023-08-24 07:00:00,0.1394
Netherlands,NLD,2023-08-24 06:00:00,2023-08-24 08:00:00,0.13693
Netherlands,NLD,2023-08-24 07:00:00,2023-08-24 09:00:00,0.13197
Netherlands,NLD,2023-08-24 08:00:00,2023-08-24 10:00:00,0.1002
Netherlands,NLD,2023-08-24 09:00:00,2023-08-24 11:00:00,0.10354000000000001
Netherlands,NLD,2023-08-24 10:00:00,2023-08-24 12:00:00,0.10008
Netherlands,NLD,2023-08-24 11:00:00,2023-08-24 13:00:00,0.10185
Netherlands,NLD,2023-08-24 12:00:00,2023-08-24 14:00:00,0.11159999999999999
Netherlands,NLD,2023-08-24 13:00:00,2023-08-24 15:00:00,0.11627
Netherlands,NLD,2023-08-24 14:00:00,2023-08-24 16:00:00,0.12378
Netherlands,NLD,2023-08-24 15:00:00,2023-08-24 17:00:00,0.15807
Netherlands,NLD,2023-08-24 16:00:00,2023-08-24 18:00:00,0.21178
Netherlands,NLD,2023-08-24 17:00:00,2023-08-24 19:00:00,0.26506
Netherlands,NLD,2023-08-24 18:00:00,2023-08-24 20:00:00,0.24958000000000002
Netherlands,NLD,2023-08-24 19:00:00,2023-08-24 21:00:00,0.18786000000000003
Netherlands,NLD,2023-08-24 20:00:00,2023-08-24 22:00:00,0.15946000000000002
Netherlands,NLD,2023-08-24 21:00:00,2023-08-24 23:00:00,0.13019
Netherlands,NLD,2023-08-24 22:00:00,2023-08-25 00:00:00,0.10524
Netherlands,NLD,2023-08-24 23:00:00,2023-08-25 01:00:00,0.09642
Netherlands,NLD,2023-08-25 00:00:00,2023-08-25 02:00:00,0.09570999999999999
Netherlands,NLD,2023-08-25 01:00:00,2023-08-25 03:00:00,0.0959
Netherlands,NLD,2023-08-25 02:00:00,2023-08-25 04:00:00,0.09676
Netherlands,NLD,2023-08-25 03:00:00,2023-08-25 05:00:00,0.103
Netherlands,NLD,2023-08-25 04:00:00,2023-08-25 06:00:00,0.12422
Netherlands,NLD,2023-08-25 05:00:00,2023-08-25 07:00:00,0.13512000000000002
Netherlands,NLD,2023-08-25 06:00:00,2023-08-25 08:00:00,0.13942
Netherlands,NLD,2023-08-25 07:00:00,2023-08-25 09:00:00,0.12903
Netherlands,NLD,2023-08-25 08:00:00,2023-08-25 10:00:00,0.11667
Netherlands,NLD,2023-08-25 09:00:00,2023-08-25 11:00:00,0.11061
Netherlands,NLD,2023-08-25 10:00:00,2023-08-25 12:00:00,0.10195
Netherlands,NLD,2023-08-25 11:00:00,2023-08-25 13:00:00,0.1
Netherlands,NLD,2023-08-25 12:00:00,2023-08-25 14:00:00,0.09572
Netherlands,NLD,2023-08-25 13:00:00,2023-08-25 15:00:00,0.09358
Netherlands,NLD,2023-08-25 14:00:00,2023-08-25 16:00:00,0.09972
Netherlands,NLD,2023-08-25 15:00:00,2023-08-25 17:00:00,0.11787
Netherlands,NLD,2023-08-25 16:00:00,2023-08-25 18:00:00,0.13541999999999998
Netherlands,NLD,2023-08-25 17:00:00,2023-08-25 19:00:00,0.15678
Netherlands,NLD,2023-08-25 18:00:00,2023-08-25 20:00:00,0.15
Netherlands,NLD,2023-08-25 19:00:00,2023-08-25 21:00:00,0.1359
Netherlands,NLD,2023-08-25 20:00:00,2023-08-25 22:00:00,0.12615
Netherlands,NLD,2023-08-25 21:00:00,2023-08-25 23:00:00,0.10701999999999999
Netherlands,NLD,2023-08-25 22:00:00,2023-08-26 00:00:00,0.10990000000000001
Netherlands,NLD,2023-08-25 23:00:00,2023-08-26 01:00:00,0.1041
Netherlands,NLD,2023-08-26 00:00:00,2023-08-26 02:00:00,0.10191
Netherlands,NLD,2023-08-26 01:00:00,2023-08-26 03:00:00,0.09952
Netherlands,NLD,2023-08-26 02:00:00,2023-08-26 04:00:00,0.09489
Netherlands,NLD,2023-08-26 03:00:00,2023-08-26 05:00:00,0.0905
Netherlands,NLD,2023-08-26 04:00:00,2023-08-26 06:00:00,0.09548000000000001
Netherlands,NLD,2023-08-26 05:00:00,2023-08-26 07:00:00,0.0959
Netherlands,NLD,2023-08-26 06:00:00,2023-08-26 08:00:00,0.0983
Netherlands,NLD,2023-08-26 07:00:00,2023-08-26 09:00:00,0.09264
Netherlands,NLD,2023-08-26 08:00:00,2023-08-26 10:00:00,0.08512
Netherlands,NLD,2023-08-26 09:00:00,2023-08-26 11:00:00,0.07895999999999999
Netherlands,NLD,2023-08-26 10:00:00,2023-08-26 12:00:00,0.0549
Netherlands,NLD,2023-08-26 11:00:00,2023-08-26 13:00:00,0.015
Netherlands,NLD,2023-08-26 12:00:00,2023-08-26 14:00:00,0.03671
Netherlands,NLD,2023-08-26 13:00:00,2023-08-26 15:00:00,0.07981999999999999
Netherlands,NLD,2023-08-26 14:00:00,2023-08-26 16:00:00,0.08704
Netherlands,NLD,2023-08-26 15:00:00,2023-08-26 17:00:00,0.0948
Netherlands,NLD,2023-08-26 16:00:00,2023-08-26 18:00:00,0.1
Netherlands,NLD,2023-08-26 17:00:00,2023-08-26 19:00:00,0.12
Netherlands,NLD,2023-08-26 18:00:00,2023-08-26 20:00:00,0.13097999999999999
Netherlands,NLD,2023-08-26 19:00:00,2023-08-26 21:00:00,0.1347
Netherlands,NLD,2023-08-26 20:00:00,2023-08-26 22:00:00,0.12298
Netherlands,NLD,2023-08-26 21:00:00,2023-08-26 23:00:00,0.11062999999999999
Netherlands,NLD,2023-08-26 22:00:00,2023-08-27 00:00:00,0.10239
Netherlands,NLD,2023-08-26 23:00:00,2023-08-27 01:00:00,0.09831000000000001
Netherlands,NLD,2023-08-27 00:00:00,2023-08-27 02:00:00,0.09691
Netherlands,NLD,2023-08-27 01:00:00,2023-08-27 03:00:00,0.09656999999999999
Netherlands,NLD,2023-08-27 02:00:00,2023-08-27 04:00:00,0.0986
Netherlands,NLD,2023-08-27 03:00:00,2023-08-27 05:00:00,0.09953000000000001
Netherlands,NLD,2023-08-27 04:00:00,2023-08-27 06:00:00,0.09631
Netherlands,NLD,2023-08-27 05:00:00,2023-08-27 07:00:00,0.096
Netherlands,NLD,2023-08-27 06:00:00,2023-08-27 08:00:00,0.09409999999999999
Netherlands,NLD,2023-08-27 07:00:00,2023-08-27 09:00:00,0.09492
Netherlands,NLD,2023-08-27 08:00:00,2023-08-27 10:00:00,0.09322
Netherlands,NLD,2023-08-27 09:00:00,2023-08-27 11:00:00,0.09395999999999999
Netherlands,NLD,2023-08-27 10:00:00,2023-08-27 12:00:00,0.08041
Netherlands,NLD,2023-08-27 11:00:00,2023-08-27 13:00:00,0.059
Netherlands,NLD,2023-08-27 12:00:00,2023-08-27 14:00:00,1e-05
Netherlands,NLD,2023-08-27 13:00:00,2023-08-27 15:00:00,0.06783
Netherlands,NLD,2023-08-27 14:00:00,2023-08-27 16:00:00,0.08572
Netherlands,NLD,2023-08-27 15:00:00,2023-08-27 17:00:00,0.10086
Netherlands,NLD,2023-08-27 16:00:00,2023-08-27 18:00:00,0.0999
Netherlands,NLD,2023-08-27 17:00:00,2023-08-27 19:00:00,0.12025
Netherlands,NLD,2023-08-27 18:00:00,2023-08-27 20:00:00,0.1252
Netherlands,NLD,2023-08-27 19:00:00,2023-08-27 21:00:00,0.12725
Netherlands,NLD,2023-08-27 20:00:00,2023-08-27 22:00:00,0.119
Netherlands,NLD,2023-08-27 21:00:00,2023-08-27 23:00:00,0.10299
Netherlands,NLD,2023-08-27 22:00:00,2023-08-28 00:00:00,0.09331
Netherlands,NLD,2023-08-27 23:00:00,2023-08-28 01:00:00,0.08852
Netherlands,NLD,2023-08-28 00:00:00,2023-08-28 02:00:00,0.085
Netherlands,NLD,2023-08-28 01:00:00,2023-08-28 03:00:00,0.08066
Netherlands,NLD,2023-08-28 02:00:00,2023-08-28 04:00:00,0.08671
Netherlands,NLD,2023-08-28 03:00:00,2023-08-28 05:00:00,0.09395999999999999
Netherlands,NLD,2023-08-28 04:00:00,2023-08-28 06:00:00,0.11159999999999999
Netherlands,NLD,2023-08-28 05:00:00,2023-08-28 07:00:00,0.13566
Netherlands,NLD,2023-08-28 06:00:00,2023-08-28 08:00:00,0.1408
Netherlands,NLD,2023-08-28 07:00:00,2023-08-28 09:00:00,0.12431
Netherlands,NLD,2023-08-28 08:00:00,2023-08-28 10:00:00,0.10002
Netherlands,NLD,2023-08-28 09:00:00,2023-08-28 11:00:00,0.098
Netherlands,NLD,2023-08-28 10:00:00,2023-08-28 12:00:00,0.1009
Netherlands,NLD,2023-08-28 11:00:00,2023-08-28 13:00:00,0.088
Netherlands,NLD,2023-08-28 12:00:00,2023-08-28 14:00:00,0.08334
Netherlands,NLD,2023-08-28 13:00:00,2023-08-28 15:00:00,0.08151
Netherlands,NLD,2023-08-28 14:00:00,2023-08-28 16:00:00,0.09
Netherlands,NLD,2023-08-28 15:00:00,2023-08-28 17:00:00,0.09991
Netherlands,NLD,2023-08-28 16:00:00,2023-08-28 18:00:00,0.13
Netherlands,NLD,2023-08-28 17:00:00,2023-08-28 19:00:00,0.16623
Netherlands,NLD,2023-08-28 18:00:00,2023-08-28 20:00:00,0.16673
Netherlands,NLD,2023-08-28 19:00:00,2023-08-28 21:00:00,0.1424
Netherlands,NLD,2023-08-28 20:00:00,2023-08-28 22:00:00,0.12372
Netherlands,NLD,2023-08-28 21:00:00,2023-08-28 23:00:00,0.10794
Netherlands,NLD,2023-08-28 22:00:00,2023-08-29 00:00:00,0.10312
Netherlands,NLD,2023-08-28 23:00:00,2023-08-29 01:00:00,0.09697
Netherlands,NLD,2023-08-29 00:00:00,2023-08-29 02:00:00,0.09504
Netherlands,NLD,2023-08-29 01:00:00,2023-08-29 03:00:00,0.09504
Netherlands,NLD,2023-08-29 02:00:00,2023-08-29 04:00:00,0.09505
Netherlands,NLD,2023-08-29 03:00:00,2023-08-29 05:00:00,0.09881000000000001
Netherlands,NLD,2023-08-29 04:00:00,2023-08-29 06:00:00,0.11662
Netherlands,NLD,2023-08-29 05:00:00,2023-08-29 07:00:00,0.14456
Netherlands,NLD,2023-08-29 06:00:00,2023-08-29 08:00:00,0.1199
Netherlands,NLD,2023-08-29 07:00:00,2023-08-29 09:00:00,0.1178
Netherlands,NLD,2023-08-29 08:00:00,2023-08-29 10:00:00,0.10393000000000001
Netherlands,NLD,2023-08-29 09:00:00,2023-08-29 11:00:00,0.0953
Netherlands,NLD,2023-08-29 10:00:00,2023-08-29 12:00:00,0.093
Netherlands,NLD,2023-08-29 11:00:00,2023-08-29 13:00:00,0.0901
Netherlands,NLD,2023-08-29 12:00:00,2023-08-29 14:00:00,0.089
Netherlands,NLD,2023-08-29 13:00:00,2023-08-29 15:00:00,0.0915
Netherlands,NLD,2023-08-29 14:00:00,2023-08-29 16:00:00,0.1
Netherlands,NLD,2023-08-29 15:00:00,2023-08-29 17:00:00,0.09459999999999999
Netherlands,NLD,2023-08-29 16:00:00,2023-08-29 18:00:00,0.1155
Netherlands,NLD,2023-08-29 17:00:00,2023-08-29 19:00:00,0.14559
Netherlands,NLD,2023-08-29 18:00:00,2023-08-29 20:00:00,0.15854
Netherlands,NLD,2023-08-29 19:00:00,2023-08-29 21:00:00,0.13668
Netherlands,NLD,2023-08-29 20:00:00,2023-08-29 22:00:00,0.12208
Netherlands,NLD,2023-08-29 21:00:00,2023-08-29 23:00:00,0.10281
Netherlands,NLD,2023-08-29 22:00:00,2023-08-30 00:00:00,0.10012
Netherlands,NLD,2023-08-29 23:00:00,2023-08-30 01:00:00,0.0986
Netherlands,NLD,2023-08-30 00:00:00,2023-08-30 02:00:00,0.09636
Netherlands,NLD,2023-08-30 01:00:00,2023-08-30 03:00:00,0.09348999999999999
Netherlands,NLD,2023-08-30 02:00:00,2023-08-30 04:00:00,0.09370999999999999
Netherlands,NLD,2023-08-30 03:00:00,2023-08-30 05:00:00,0.09459000000000001
Netherlands,NLD,2023-08-30 04:00:00,2023-08-30 06:00:00,0.11009999999999999
Netherlands,NLD,2023-08-30 05:00:00,2023-08-30 07:00:00,0.13363999999999998
Netherlands,NLD,2023-08-30 06:00:00,2023-08-30 08:00:00,0.13685
Netherlands,NLD,2023-08-30 07:00:00,2023-08-30 09:00:00,0.1245
Netherlands,NLD,2023-08-30 08:00:00,2023-08-30 10:00:00,0.1102
Netherlands,NLD,2023-08-30 09:00:00,2023-08-30 11:00:00,0.09887
Netherlands,NLD,2023-08-30 10:00:00,2023-08-30 12:00:00,0.09738
Netherlands,NLD,2023-08-30 11:00:00,2023-08-30 13:00:00,0.09528
Netherlands,NLD,2023-08-30 12:00:00,2023-08-30 14:00:00,0.09401999999999999
Netherlands,NLD,2023-08-30 13:00:00,2023-08-30 15:00:00,0.09665
Netherlands,NLD,2023-08-30 14:00:00,2023-08-30 16:00:00,0.09573999999999999
Netherlands,NLD,2023-08-30 15:00:00,2023-08-30 17:00:00,0.10989
Netherlands,NLD,2023-08-30 16:00:00,2023-08-30 18:00:00,0.13
Netherlands,NLD,2023-08-30 17:00:00,2023-08-30 19:00:00,0.16184
Netherlands,NLD,2023-08-30 18:00:00,2023-08-30 20:00:00,0.163
Netherlands,NLD,2023-08-30 19:00:00,2023-08-30 21:00:00,0.13440000000000002
Netherlands,NLD,2023-08-30 20:00:00,2023-08-30 22:00:00,0.11949
Netherlands,NLD,2023-08-30 21:00:00,2023-08-30 23:00:00,0.10159
Netherlands,NLD,2023-08-30 22:00:00,2023-08-31 00:00:00,0.09631
Netherlands,NLD,2023-08-30 23:00:00,2023-08-31 01:00:00,0.09176000000000001
Netherlands,NLD,2023-08-31 00:00:00,2023-08-31 02:00:00,0.09143000000000001
Netherlands,NLD,2023-08-31 01:00:00,2023-08-31 03:00:00,0.09078
Netherlands,NLD,2023-08-31 02:00:00,2023-08-31 04:00:00,0.08851
Netherlands,NLD,2023-08-31 03:00:00,2023-08-31 05:00:00,0.09154999999999999
Netherlands,NLD,2023-08-31 04:00:00,2023-08-31 06:00:00,0.10529999999999999
Netherlands,NLD,2023-08-31 05:00:00,2023-08-31 07:00:00,0.13561
Netherlands,NLD,2023-08-31 06:00:00,2023-08-31 08:00:00,0.1278
Netherlands,NLD,2023-08-31 07:00:00,2023-08-31 09:00:00,0.11409
Netherlands,NLD,2023-08-31 08:00:00,2023-08-31 10:00:00,0.09691
Netherlands,NLD,2023-08-31 09:00:00,2023-08-31 11:00:00,0.092
Netherlands,NLD,2023-08-31 10:00:00,2023-08-31 12:00:00,0.09006
Netherlands,NLD,2023-08-31 11:00:00,2023-08-31 13:00:00,0.08498
Netherlands,NLD,2023-08-31 12:00:00,2023-08-31 14:00:00,0.08168
Netherlands,NLD,2023-08-31 13:00:00,2023-08-31 15:00:00,0.08668000000000001
Netherlands,NLD,2023-08-31 14:00:00,2023-08-31 16:00:00,0.08934
Netherlands,NLD,2023-08-31 15:00:00,2023-08-31 17:00:00,0.0998
Netherlands,NLD,2023-08-31 16:00:00,2023-08-31 18:00:00,0.11896999999999999
Netherlands,NLD,2023-08-31 17:00:00,2023-08-31 19:00:00,0.14855000000000002
Netherlands,NLD,2023-08-31 18:00:00,2023-08-31 20:00:00,0.13899
Netherlands,NLD,2023-08-31 19:00:00,2023-08-31 21:00:00,0.12567
Netherlands,NLD,2023-08-31 20:00:00,2023-08-31 22:00:00,0.10607
Netherlands,NLD,2023-08-31 21:00:00,2023-08-31 23:00:00,0.09689
Netherlands,NLD,2023-08-31 22:00:00,2023-09-01 00:00:00,0.0989
Netherlands,NLD,2023-08-31 23:00:00,2023-09-01 01:00:00,0.09597
Netherlands,NLD,2023-09-01 00:00:00,2023-09-01 02:00:00,0.09329000000000001
Netherlands,NLD,2023-09-01 01:00:00,2023-09-01 03:00:00,0.09373999999999999
Netherlands,NLD,2023-09-01 02:00:00,2023-09-01 04:00:00,0.09408
Netherlands,NLD,2023-09-01 03:00:00,2023-09-01 05:00:00,0.09720000000000001
Netherlands,NLD,2023-09-01 04:00:00,2023-09-01 06:00:00,0.11204
Netherlands,NLD,2023-09-01 05:00:00,2023-09-01 07:00:00,0.12843000000000002
Netherlands,NLD,2023-09-01 06:00:00,2023-09-01 08:00:00,0.12943000000000002
Netherlands,NLD,2023-09-01 07:00:00,2023-09-01 09:00:00,0.1113
Netherlands,NLD,2023-09-01 08:00:00,2023-09-01 10:00:00,0.10222
Netherlands,NLD,2023-09-01 09:00:00,2023-09-01 11:00:00,0.09652
Netherlands,NLD,2023-09-01 10:00:00,2023-09-01 12:00:00,0.09201999999999999
Netherlands,NLD,2023-09-01 11:00:00,2023-09-01 13:00:00,0.0889
Netherlands,NLD,2023-09-01 12:00:00,2023-09-01 14:00:00,0.08923
Netherlands,NLD,2023-09-01 13:00:00,2023-09-01 15:00:00,0.09255
Netherlands,NLD,2023-09-01 14:00:00,2023-09-01 16:00:00,0.09408
Netherlands,NLD,2023-09-01 15:00:00,2023-09-01 17:00:00,0.10604999999999999
Netherlands,NLD,2023-09-01 16:00:00,2023-09-01 18:00:00,0.1255
Netherlands,NLD,2023-09-01 17:00:00,2023-09-01 19:00:00,0.14773
Netherlands,NLD,2023-09-01 18:00:00,2023-09-01 20:00:00,0.14448
Netherlands,NLD,2023-09-01 19:00:00,2023-09-01 21:00:00,0.12782
Netherlands,NLD,2023-09-01 20:00:00,2023-09-01 22:00:00,0.11856
Netherlands,NLD,2023-09-01 21:00:00,2023-09-01 23:00:00,0.11465
Netherlands,NLD,2023-09-01 22:00:00,2023-09-02 00:00:00,0.10746
Netherlands,NLD,2023-09-01 23:00:00,2023-09-02 01:00:00,0.1027
Netherlands,NLD,2023-09-02 00:00:00,2023-09-02 02:00:00,0.1
Netherlands,NLD,2023-09-02 01:00:00,2023-09-02 03:00:00,0.09647
Netherlands,NLD,2023-09-02 02:00:00,2023-09-02 04:00:00,0.09584000000000001
Netherlands,NLD,2023-09-02 03:00:00,2023-09-02 05:00:00,0.0963
Netherlands,NLD,2023-09-02 04:00:00,2023-09-02 06:00:00,0.10102
Netherlands,NLD,2023-09-02 05:00:00,2023-09-02 07:00:00,0.10109
Netherlands,NLD,2023-09-02 06:00:00,2023-09-02 08:00:00,0.10022
Netherlands,NLD,2023-09-02 07:00:00,2023-09-02 09:00:00,0.09458
Netherlands,NLD,2023-09-02 08:00:00,2023-09-02 10:00:00,0.08977
Netherlands,NLD,2023-09-02 09:00:00,2023-09-02 11:00:00,0.0799
Netherlands,NLD,2023-09-02 10:00:00,2023-09-02 12:00:00,0.076
Netherlands,NLD,2023-09-02 11:00:00,2023-09-02 13:00:00,0.06299
Netherlands,NLD,2023-09-02 12:00:00,2023-09-02 14:00:00,0.05535
Netherlands,NLD,2023-09-02 13:00:00,2023-09-02 15:00:00,0.0694
Netherlands,NLD,2023-09-02 14:00:00,2023-09-02 16:00:00,0.08001000000000001
Netherlands,NLD,2023-09-02 15:00:00,2023-09-02 17:00:00,0.09345
Netherlands,NLD,2023-09-02 16:00:00,2023-09-02 18:00:00,0.11
Netherlands,NLD,2023-09-02 17:00:00,2023-09-02 19:00:00,0.12186
Netherlands,NLD,2023-09-02 18:00:00,2023-09-02 20:00:00,0.1269
Netherlands,NLD,2023-09-02 19:00:00,2023-09-02 21:00:00,0.11519
Netherlands,NLD,2023-09-02 20:00:00,2023-09-02 22:00:00,0.10564
Netherlands,NLD,2023-09-02 21:00:00,2023-09-02 23:00:00,0.09734000000000001
Netherlands,NLD,2023-09-02 22:00:00,2023-09-03 00:00:00,0.10528
Netherlands,NLD,2023-09-02 23:00:00,2023-09-03 01:00:00,0.10102
Netherlands,NLD,2023-09-03 00:00:00,2023-09-03 02:00:00,0.10379000000000001
Netherlands,NLD,2023-09-03 01:00:00,2023-09-03 03:00:00,0.10437
Netherlands,NLD,2023-09-03 02:00:00,2023-09-03 04:00:00,0.10037
Netherlands,NLD,2023-09-03 03:00:00,2023-09-03 05:00:00,0.0999
Netherlands,NLD,2023-09-03 04:00:00,2023-09-03 06:00:00,0.10026
Netherlands,NLD,2023-09-03 05:00:00,2023-09-03 07:00:00,0.09712
Netherlands,NLD,2023-09-03 06:00:00,2023-09-03 08:00:00,0.09067
Netherlands,NLD,2023-09-03 07:00:00,2023-09-03 09:00:00,0.083
Netherlands,NLD,2023-09-03 08:00:00,2023-09-03 10:00:00,0.0603
Netherlands,NLD,2023-09-03 09:00:00,2023-09-03 11:00:00,0.043429999999999996
Netherlands,NLD,2023-09-03 10:00:00,2023-09-03 12:00:00,0.02137
Netherlands,NLD,2023-09-03 11:00:00,2023-09-03 13:00:00,0.01133
Netherlands,NLD,2023-09-03 12:00:00,2023-09-03 14:00:00,0.004940000000000001
Netherlands,NLD,2023-09-03 13:00:00,2023-09-03 15:00:00,0.015710000000000002
Netherlands,NLD,2023-09-03 14:00:00,2023-09-03 16:00:00,0.05366
Netherlands,NLD,2023-09-03 15:00:00,2023-09-03 17:00:00,0.09509999999999999
Netherlands,NLD,2023-09-03 16:00:00,2023-09-03 18:00:00,0.11003
Netherlands,NLD,2023-09-03 17:00:00,2023-09-03 19:00:00,0.12519
Netherlands,NLD,2023-09-03 18:00:00,2023-09-03 20:00:00,0.13859
Netherlands,NLD,2023-09-03 19:00:00,2023-09-03 21:00:00,0.12011
Netherlands,NLD,2023-09-03 20:00:00,2023-09-03 22:00:00,0.10983
Netherlands,NLD,2023-09-03 21:00:00,2023-09-03 23:00:00,0.10117
Netherlands,NLD,2023-09-03 22:00:00,2023-09-04 00:00:00,0.10085
Netherlands,NLD,2023-09-03 23:00:00,2023-09-04 01:00:00,0.09448999999999999
Netherlands,NLD,2023-09-04 00:00:00,2023-09-04 02:00:00,0.09314
Netherlands,NLD,2023-09-04 01:00:00,2023-09-04 03:00:00,0.09359
Netherlands,NLD,2023-09-04 02:00:00,2023-09-04 04:00:00,0.09319
Netherlands,NLD,2023-09-04 03:00:00,2023-09-04 05:00:00,0.10338
Netherlands,NLD,2023-09-04 04:00:00,2023-09-04 06:00:00,0.12733
Netherlands,NLD,2023-09-04 05:00:00,2023-09-04 07:00:00,0.14433
Netherlands,NLD,2023-09-04 06:00:00,2023-09-04 08:00:00,0.12991999999999998
Netherlands,NLD,2023-09-04 07:00:00,2023-09-04 09:00:00,0.10936
Netherlands,NLD,2023-09-04 08:00:00,2023-09-04 10:00:00,0.09287999999999999
Netherlands,NLD,2023-09-04 09:00:00,2023-09-04 11:00:00,0.08206999999999999
Netherlands,NLD,2023-09-04 10:00:00,2023-09-04 12:00:00,0.07765000000000001
Netherlands,NLD,2023-09-04 11:00:00,2023-09-04 13:00:00,0.07251
Netherlands,NLD,2023-09-04 12:00:00,2023-09-04 14:00:00,0.07203
Netherlands,NLD,2023-09-04 13:00:00,2023-09-04 15:00:00,0.07934999999999999
Netherlands,NLD,2023-09-04 14:00:00,2023-09-04 16:00:00,0.08881
Netherlands,NLD,2023-09-04 15:00:00,2023-09-04 17:00:00,0.10872
Netherlands,NLD,2023-09-04 16:00:00,2023-09-04 18:00:00,0.128
Netherlands,NLD,2023-09-04 17:00:00,2023-09-04 19:00:00,0.18478
Netherlands,NLD,2023-09-04 18:00:00,2023-09-04 20:00:00,0.17204
Netherlands,NLD,2023-09-04 19:00:00,2023-09-04 21:00:00,0.12569
Netherlands,NLD,2023-09-04 20:00:00,2023-09-04 22:00:00,0.10501
Netherlands,NLD,2023-09-04 21:00:00,2023-09-04 23:00:00,0.09556
Netherlands,NLD,2023-09-04 22:00:00,2023-09-05 00:00:00,0.09219
Netherlands,NLD,2023-09-04 23:00:00,2023-09-05 01:00:00,0.09212999999999999
Netherlands,NLD,2023-09-05 00:00:00,2023-09-05 02:00:00,0.089
Netherlands,NLD,2023-09-05 01:00:00,2023-09-05 03:00:00,0.09015000000000001
Netherlands,NLD,2023-09-05 02:00:00,2023-09-05 04:00:00,0.08936
Netherlands,NLD,2023-09-05 03:00:00,2023-09-05 05:00:00,0.09559999999999999
Netherlands,NLD,2023-09-05 04:00:00,2023-09-05 06:00:00,0.12
Netherlands,NLD,2023-09-05 05:00:00,2023-09-05 07:00:00,0.126
Netherlands,NLD,2023-09-05 06:00:00,2023-09-05 08:00:00,0.1181
Netherlands,NLD,2023-09-05 07:00:00,2023-09-05 09:00:00,0.09778
Netherlands,NLD,2023-09-05 08:00:00,2023-09-05 10:00:00,0.088
Netherlands,NLD,2023-09-05 09:00:00,2023-09-05 11:00:00,0.08184999999999999
Netherlands,NLD,2023-09-05 10:00:00,2023-09-05 12:00:00,0.072
Netherlands,NLD,2023-09-05 11:00:00,2023-09-05 13:00:00,0.07490000000000001
Netherlands,NLD,2023-09-05 12:00:00,2023-09-05 14:00:00,0.07393999999999999
Netherlands,NLD,2023-09-05 13:00:00,2023-09-05 15:00:00,0.083
Netherlands,NLD,2023-09-05 14:00:00,2023-09-05 16:00:00,0.08851
Netherlands,NLD,2023-09-05 15:00:00,2023-09-05 17:00:00,0.10326
Netherlands,NLD,2023-09-05 16:00:00,2023-09-05 18:00:00,0.1291
Netherlands,NLD,2023-09-05 17:00:00,2023-09-05 19:00:00,0.17922
Netherlands,NLD,2023-09-05 18:00:00,2023-09-05 20:00:00,0.15427000000000002
Netherlands,NLD,2023-09-05 19:00:00,2023-09-05 21:00:00,0.12195
Netherlands,NLD,2023-09-05 20:00:00,2023-09-05 22:00:00,0.10761
Netherlands,NLD,2023-09-05 21:00:00,2023-09-05 23:00:00,0.09603
Netherlands,NLD,2023-09-05 22:00:00,2023-09-06 00:00:00,0.08889
Netherlands,NLD,2023-09-05 23:00:00,2023-09-06 01:00:00,0.08552
Netherlands,NLD,2023-09-06 00:00:00,2023-09-06 02:00:00,0.08411
Netherlands,NLD,2023-09-06 01:00:00,2023-09-06 03:00:00,0.08419
Netherlands,NLD,2023-09-06 02:00:00,2023-09-06 04:00:00,0.07947
Netherlands,NLD,2023-09-06 03:00:00,2023-09-06 05:00:00,0.09223999999999999
Netherlands,NLD,2023-09-06 04:00:00,2023-09-06 06:00:00,0.11539
Netherlands,NLD,2023-09-06 05:00:00,2023-09-06 07:00:00,0.14113
Netherlands,NLD,2023-09-06 06:00:00,2023-09-06 08:00:00,0.11919
Netherlands,NLD,2023-09-06 07:00:00,2023-09-06 09:00:00,0.09773
Netherlands,NLD,2023-09-06 08:00:00,2023-09-06 10:00:00,0.08865
Netherlands,NLD,2023-09-06 09:00:00,2023-09-06 11:00:00,0.08209999999999999
Netherlands,NLD,2023-09-06 10:00:00,2023-09-06 12:00:00,0.07501999999999999
Netherlands,NLD,2023-09-06 11:00:00,2023-09-06 13:00:00,0.0701
Netherlands,NLD,2023-09-06 12:00:00,2023-09-06 14:00:00,0.07548
Netherlands,NLD,2023-09-06 13:00:00,2023-09-06 15:00:00,0.0825
Netherlands,NLD,2023-09-06 14:00:00,2023-09-06 16:00:00,0.09144
Netherlands,NLD,2023-09-06 15:00:00,2023-09-06 17:00:00,0.10587
Netherlands,NLD,2023-09-06 16:00:00,2023-09-06 18:00:00,0.14583000000000002
Netherlands,NLD,2023-09-06 17:00:00,2023-09-06 19:00:00,0.18861
Netherlands,NLD,2023-09-06 18:00:00,2023-09-06 20:00:00,0.16604
Netherlands,NLD,2023-09-06 19:00:00,2023-09-06 21:00:00,0.12312999999999999
Netherlands,NLD,2023-09-06 20:00:00,2023-09-06 22:00:00,0.1055
Netherlands,NLD,2023-09-06 21:00:00,2023-09-06 23:00:00,0.09572
Netherlands,NLD,2023-09-06 22:00:00,2023-09-07 00:00:00,0.09542
Netherlands,NLD,2023-09-06 23:00:00,2023-09-07 01:00:00,0.09137
Netherlands,NLD,2023-09-07 00:00:00,2023-09-07 02:00:00,0.08907999999999999
Netherlands,NLD,2023-09-07 01:00:00,2023-09-07 03:00:00,0.08398
Netherlands,NLD,2023-09-07 02:00:00,2023-09-07 04:00:00,0.08867
Netherlands,NLD,2023-09-07 03:00:00,2023-09-07 05:00:00,0.09244
Netherlands,NLD,2023-09-07 04:00:00,2023-09-07 06:00:00,0.11564
Netherlands,NLD,2023-09-07 05:00:00,2023-09-07 07:00:00,0.13
Netherlands,NLD,2023-09-07 06:00:00,2023-09-07 08:00:00,0.126
Netherlands,NLD,2023-09-07 07:00:00,2023-09-07 09:00:00,0.10268000000000001
Netherlands,NLD,2023-09-07 08:00:00,2023-09-07 10:00:00,0.08821999999999999
Netherlands,NLD,2023-09-07 09:00:00,2023-09-07 11:00:00,0.08303
Netherlands,NLD,2023-09-07 10:00:00,2023-09-07 12:00:00,0.06762
Netherlands,NLD,2023-09-07 11:00:00,2023-09-07 13:00:00,0.056119999999999996
Netherlands,NLD,2023-09-07 12:00:00,2023-09-07 14:00:00,0.05948
Netherlands,NLD,2023-09-07 13:00:00,2023-09-07 15:00:00,0.082
Netherlands,NLD,2023-09-07 14:00:00,2023-09-07 16:00:00,0.0883
Netherlands,NLD,2023-09-07 15:00:00,2023-09-07 17:00:00,0.10314
Netherlands,NLD,2023-09-07 16:00:00,2023-09-07 18:00:00,0.13353
Netherlands,NLD,2023-09-07 17:00:00,2023-09-07 19:00:00,0.16727
Netherlands,NLD,2023-09-07 18:00:00,2023-09-07 20:00:00,0.14673
Netherlands,NLD,2023-09-07 19:00:00,2023-09-07 21:00:00,0.118
Netherlands,NLD,2023-09-07 20:00:00,2023-09-07 22:00:00,0.1014
Netherlands,NLD,2023-09-07 21:00:00,2023-09-07 23:00:00,0.08891
Netherlands,NLD,2023-09-07 22:00:00,2023-09-08 00:00:00,0.08462
Netherlands,NLD,2023-09-07 23:00:00,2023-09-08 01:00:00,0.08152
Netherlands,NLD,2023-09-08 00:00:00,2023-09-08 02:00:00,0.08206000000000001
Netherlands,NLD,2023-09-08 01:00:00,2023-09-08 03:00:00,0.08209999999999999
Netherlands,NLD,2023-09-08 02:00:00,2023-09-08 04:00:00,0.08671
Netherlands,NLD,2023-09-08 03:00:00,2023-09-08 05:00:00,0.09182
Netherlands,NLD,2023-09-08 04:00:00,2023-09-08 06:00:00,0.11126000000000001
Netherlands,NLD,2023-09-08 05:00:00,2023-09-08 07:00:00,0.13169
Netherlands,NLD,2023-09-08 06:00:00,2023-09-08 08:00:00,0.12251000000000001
Netherlands,NLD,2023-09-08 07:00:00,2023-09-08 09:00:00,0.10017
Netherlands,NLD,2023-09-08 08:00:00,2023-09-08 10:00:00,0.08986
Netherlands,NLD,2023-09-08 09:00:00,2023-09-08 11:00:00,0.08248
Netherlands,NLD,2023-09-08 10:00:00,2023-09-08 12:00:00,0.07271
Netherlands,NLD,2023-09-08 11:00:00,2023-09-08 13:00:00,0.07045
Netherlands,NLD,2023-09-08 12:00:00,2023-09-08 14:00:00,0.07221999999999999
Netherlands,NLD,2023-09-08 13:00:00,2023-09-08 15:00:00,0.08023000000000001
Netherlands,NLD,2023-09-08 14:00:00,2023-09-08 16:00:00,0.08841
Netherlands,NLD,2023-09-08 15:00:00,2023-09-08 17:00:00,0.10790000000000001
Netherlands,NLD,2023-09-08 16:00:00,2023-09-08 18:00:00,0.17028000000000001
Netherlands,NLD,2023-09-08 17:00:00,2023-09-08 19:00:00,0.23
Netherlands,NLD,2023-09-08 18:00:00,2023-09-08 20:00:00,0.19424
Netherlands,NLD,2023-09-08 19:00:00,2023-09-08 21:00:00,0.13208
Netherlands,NLD,2023-09-08 20:00:00,2023-09-08 22:00:00,0.11393
Netherlands,NLD,2023-09-08 21:00:00,2023-09-08 23:00:00,0.10598
Netherlands,NLD,2023-09-08 22:00:00,2023-09-09 00:00:00,0.1052
Netherlands,NLD,2023-09-08 23:00:00,2023-09-09 01:00:00,0.10247
Netherlands,NLD,2023-09-09 00:00:00,2023-09-09 02:00:00,0.10001
Netherlands,NLD,2023-09-09 01:00:00,2023-09-09 03:00:00,0.1
Netherlands,NLD,2023-09-09 02:00:00,2023-09-09 04:00:00,0.10085
Netherlands,NLD,2023-09-09 03:00:00,2023-09-09 05:00:00,0.0998
Netherlands,NLD,2023-09-09 04:00:00,2023-09-09 06:00:00,0.10382999999999999
Netherlands,NLD,2023-09-09 05:00:00,2023-09-09 07:00:00,0.10404000000000001
Netherlands,NLD,2023-09-09 06:00:00,2023-09-09 08:00:00,0.09609000000000001
Netherlands,NLD,2023-09-09 07:00:00,2023-09-09 09:00:00,0.08977
Netherlands,NLD,2023-09-09 08:00:00,2023-09-09 10:00:00,0.07879000000000001
Netherlands,NLD,2023-09-09 09:00:00,2023-09-09 11:00:00,0.06553
Netherlands,NLD,2023-09-09 10:00:00,2023-09-09 12:00:00,-0.00216
Netherlands,NLD,2023-09-09 11:00:00,2023-09-09 13:00:00,-0.00809
Netherlands,NLD,2023-09-09 12:00:00,2023-09-09 14:00:00,0.00215
Netherlands,NLD,2023-09-09 13:00:00,2023-09-09 15:00:00,0.057890000000000004
Netherlands,NLD,2023-09-09 14:00:00,2023-09-09 16:00:00,0.0788
Netherlands,NLD,2023-09-09 15:00:00,2023-09-09 17:00:00,0.09738
Netherlands,NLD,2023-09-09 16:00:00,2023-09-09 18:00:00,0.12059
Netherlands,NLD,2023-09-09 17:00:00,2023-09-09 19:00:00,0.152
Netherlands,NLD,2023-09-09 18:00:00,2023-09-09 20:00:00,0.15749000000000002
Netherlands,NLD,2023-09-09 19:00:00,2023-09-09 21:00:00,0.13178
Netherlands,NLD,2023-09-09 20:00:00,2023-09-09 22:00:00,0.11090000000000001
Netherlands,NLD,2023-09-09 21:00:00,2023-09-09 23:00:00,0.10316
Netherlands,NLD,2023-09-09 22:00:00,2023-09-10 00:00:00,0.10585
Netherlands,NLD,2023-09-09 23:00:00,2023-09-10 01:00:00,0.10456
Netherlands,NLD,2023-09-10 00:00:00,2023-09-10 02:00:00,0.1037
Netherlands,NLD,2023-09-10 01:00:00,2023-09-10 03:00:00,0.10142
Netherlands,NLD,2023-09-10 02:00:00,2023-09-10 04:00:00,0.09763
Netherlands,NLD,2023-09-10 03:00:00,2023-09-10 05:00:00,0.09872
Netherlands,NLD,2023-09-10 04:00:00,2023-09-10 06:00:00,0.09935
Netherlands,NLD,2023-09-10 05:00:00,2023-09-10 07:00:00,0.09798
Netherlands,NLD,2023-09-10 06:00:00,2023-09-10 08:00:00,0.09411
Netherlands,NLD,2023-09-10 07:00:00,2023-09-10 09:00:00,0.08913
Netherlands,NLD,2023-09-10 08:00:00,2023-09-10 10:00:00,0.05604
Netherlands,NLD,2023-09-10 09:00:00,2023-09-10 11:00:00,0.018
Netherlands,NLD,2023-09-10 10:00:00,2023-09-10 12:00:00,0.00828
Netherlands,NLD,2023-09-10 11:00:00,2023-09-10 13:00:00,2.9999999999999997e-05
Netherlands,NLD,2023-09-10 12:00:00,2023-09-10 14:00:00,0.0
Netherlands,NLD,2023-09-10 13:00:00,2023-09-10 15:00:00,0.02633
Netherlands,NLD,2023-09-10 14:00:00,2023-09-10 16:00:00,0.079
Netherlands,NLD,2023-09-10 15:00:00,2023-09-10 17:00:00,0.10024
Netherlands,NLD,2023-09-10 16:00:00,2023-09-10 18:00:00,0.12118999999999999
Netherlands,NLD,2023-09-10 17:00:00,2023-09-10 19:00:00,0.15059999999999998
Netherlands,NLD,2023-09-10 18:00:00,2023-09-10 20:00:00,0.1519
Netherlands,NLD,2023-09-10 19:00:00,2023-09-10 21:00:00,0.13157
Netherlands,NLD,2023-09-10 20:00:00,2023-09-10 22:00:00,0.11393
Netherlands,NLD,2023-09-10 21:00:00,2023-09-10 23:00:00,0.10086
Netherlands,NLD,2023-09-10 22:00:00,2023-09-11 00:00:00,0.105
Netherlands,NLD,2023-09-10 23:00:00,2023-09-11 01:00:00,0.09722
Netherlands,NLD,2023-09-11 00:00:00,2023-09-11 02:00:00,0.09603
Netherlands,NLD,2023-09-11 01:00:00,2023-09-11 03:00:00,0.09207
Netherlands,NLD,2023-09-11 02:00:00,2023-09-11 04:00:00,0.09234
Netherlands,NLD,2023-09-11 03:00:00,2023-09-11 05:00:00,0.10182
Netherlands,NLD,2023-09-11 04:00:00,2023-09-11 06:00:00,0.13026
Netherlands,NLD,2023-09-11 05:00:00,2023-09-11 07:00:00,0.1728
Netherlands,NLD,2023-09-11 06:00:00,2023-09-11 08:00:00,0.13644
Netherlands,NLD,2023-09-11 07:00:00,2023-09-11 09:00:00,0.113
Netherlands,NLD,2023-09-11 08:00:00,2023-09-11 10:00:00,0.09516
Netherlands,NLD,2023-09-11 09:00:00,2023-09-11 11:00:00,0.07826000000000001
Netherlands,NLD,2023-09-11 10:00:00,2023-09-11 12:00:00,0.07997
Netherlands,NLD,2023-09-11 11:00:00,2023-09-11 13:00:00,0.0847
Netherlands,NLD,2023-09-11 12:00:00,2023-09-11 14:00:00,0.08786
Netherlands,NLD,2023-09-11 13:00:00,2023-09-11 15:00:00,0.09253
Netherlands,NLD,2023-09-11 14:00:00,2023-09-11 16:00:00,0.10018
Netherlands,NLD,2023-09-11 15:00:00,2023-09-11 17:00:00,0.13144999999999998
Netherlands,NLD,2023-09-11 16:00:00,2023-09-11 18:00:00,0.26671
Netherlands,NLD,2023-09-11 17:00:00,2023-09-11 19:00:00,0.46376999999999996
Netherlands,NLD,2023-09-11 18:00:00,2023-09-11 20:00:00,0.44813
Netherlands,NLD,2023-09-11 19:00:00,2023-09-11 21:00:00,0.22311
Netherlands,NLD,2023-09-11 20:00:00,2023-09-11 22:00:00,0.14783000000000002
Netherlands,NLD,2023-09-11 21:00:00,2023-09-11 23:00:00,0.11993999999999999
Netherlands,NLD,2023-09-11 22:00:00,2023-09-12 00:00:00,0.10576
Netherlands,NLD,2023-09-11 23:00:00,2023-09-12 01:00:00,0.10232
Netherlands,NLD,2023-09-12 00:00:00,2023-09-12 02:00:00,0.10141
Netherlands,NLD,2023-09-12 01:00:00,2023-09-12 03:00:00,0.10158
Netherlands,NLD,2023-09-12 02:00:00,2023-09-12 04:00:00,0.10182
Netherlands,NLD,2023-09-12 03:00:00,2023-09-12 05:00:00,0.10836
Netherlands,NLD,2023-09-12 04:00:00,2023-09-12 06:00:00,0.13876
Netherlands,NLD,2023-09-12 05:00:00,2023-09-12 07:00:00,0.21413
Netherlands,NLD,2023-09-12 06:00:00,2023-09-12 08:00:00,0.14640999999999998
Netherlands,NLD,2023-09-12 07:00:00,2023-09-12 09:00:00,0.12322
Netherlands,NLD,2023-09-12 08:00:00,2023-09-12 10:00:00,0.11225
Netherlands,NLD,2023-09-12 09:00:00,2023-09-12 11:00:00,0.10159
Netherlands,NLD,2023-09-12 10:00:00,2023-09-12 12:00:00,0.09559999999999999
Netherlands,NLD,2023-09-12 11:00:00,2023-09-12 13:00:00,0.09
Netherlands,NLD,2023-09-12 12:00:00,2023-09-12 14:00:00,0.09689
Netherlands,NLD,2023-09-12 13:00:00,2023-09-12 15:00:00,0.0999
Netherlands,NLD,2023-09-12 14:00:00,2023-09-12 16:00:00,0.10895999999999999
Netherlands,NLD,2023-09-12 15:00:00,2023-09-12 17:00:00,0.13957
Netherlands,NLD,2023-09-12 16:00:00,2023-09-12 18:00:00,0.18937
Netherlands,NLD,2023-09-12 17:00:00,2023-09-12 19:00:00,0.26
Netherlands,NLD,2023-09-12 18:00:00,2023-09-12 20:00:00,0.18562
Netherlands,NLD,2023-09-12 19:00:00,2023-09-12 21:00:00,0.13662
Netherlands,NLD,2023-09-12 20:00:00,2023-09-12 22:00:00,0.11555
Netherlands,NLD,2023-09-12 21:00:00,2023-09-12 23:00:00,0.09376999999999999
Netherlands,NLD,2023-09-12 22:00:00,2023-09-13 00:00:00,0.10645
Netherlands,NLD,2023-09-12 23:00:00,2023-09-13 01:00:00,0.0999
Netherlands,NLD,2023-09-13 00:00:00,2023-09-13 02:00:00,0.09774
Netherlands,NLD,2023-09-13 01:00:00,2023-09-13 03:00:00,0.09344
Netherlands,NLD,2023-09-13 02:00:00,2023-09-13 04:00:00,0.08522
Netherlands,NLD,2023-09-13 03:00:00,2023-09-13 05:00:00,0.07158
Netherlands,NLD,2023-09-13 04:00:00,2023-09-13 06:00:00,0.085
Netherlands,NLD,2023-09-13 05:00:00,2023-09-13 07:00:00,0.11508
Netherlands,NLD,2023-09-13 06:00:00,2023-09-13 08:00:00,0.13772
Netherlands,NLD,2023-09-13 07:00:00,2023-09-13 09:00:00,0.12491
Netherlands,NLD,2023-09-13 08:00:00,2023-09-13 10:00:00,0.10321
Netherlands,NLD,2023-09-13 09:00:00,2023-09-13 11:00:00,0.09686
Netherlands,NLD,2023-09-13 10:00:00,2023-09-13 12:00:00,0.09090000000000001
Netherlands,NLD,2023-09-13 11:00:00,2023-09-13 13:00:00,0.0915
Netherlands,NLD,2023-09-13 12:00:00,2023-09-13 14:00:00,0.09081
Netherlands,NLD,2023-09-13 13:00:00,2023-09-13 15:00:00,0.08521
Netherlands,NLD,2023-09-13 14:00:00,2023-09-13 16:00:00,0.0927
Netherlands,NLD,2023-09-13 15:00:00,2023-09-13 17:00:00,0.10355
Netherlands,NLD,2023-09-13 16:00:00,2023-09-13 18:00:00,0.12483
Netherlands,NLD,2023-09-13 17:00:00,2023-09-13 19:00:00,0.1499
Netherlands,NLD,2023-09-13 18:00:00,2023-09-13 20:00:00,0.14094
Netherlands,NLD,2023-09-13 19:00:00,2023-09-13 21:00:00,0.12279000000000001
Netherlands,NLD,2023-09-13 20:00:00,2023-09-13 22:00:00,0.10640999999999999
Netherlands,NLD,2023-09-13 21:00:00,2023-09-13 23:00:00,0.09806999999999999
Netherlands,NLD,2023-09-13 22:00:00,2023-09-14 00:00:00,0.0963
Netherlands,NLD,2023-09-13 23:00:00,2023-09-14 01:00:00,0.09462000000000001
Netherlands,NLD,2023-09-14 00:00:00,2023-09-14 02:00:00,0.0964
Netherlands,NLD,2023-09-14 01:00:00,2023-09-14 03:00:00,0.09637000000000001
Netherlands,NLD,2023-09-14 02:00:00,2023-09-14 04:00:00,0.09259
Netherlands,NLD,2023-09-14 03:00:00,2023-09-14 05:00:00,0.1005
Netherlands,NLD,2023-09-14 04:00:00,2023-09-14 06:00:00,0.13441999999999998
Netherlands,NLD,2023-09-14 05:00:00,2023-09-14 07:00:00,0.1787
Netherlands,NLD,2023-09-14 06:00:00,2023-09-14 08:00:00,0.15058000000000002
Netherlands,NLD,2023-09-14 07:00:00,2023-09-14 09:00:00,0.11802
Netherlands,NLD,2023-09-14 08:00:00,2023-09-14 10:00:00,0.09681999999999999
Netherlands,NLD,2023-09-14 09:00:00,2023-09-14 11:00:00,0.08881
Netherlands,NLD,2023-09-14 10:00:00,2023-09-14 12:00:00,0.08513
Netherlands,NLD,2023-09-14 11:00:00,2023-09-14 13:00:00,0.08314
Netherlands,NLD,2023-09-14 12:00:00,2023-09-14 14:00:00,0.08742
Netherlands,NLD,2023-09-14 13:00:00,2023-09-14 15:00:00,0.085
Netherlands,NLD,2023-09-14 14:00:00,2023-09-14 16:00:00,0.09416
Netherlands,NLD,2023-09-14 15:00:00,2023-09-14 17:00:00,0.113
Netherlands,NLD,2023-09-14 16:00:00,2023-09-14 18:00:00,0.16377
Netherlands,NLD,2023-09-14 17:00:00,2023-09-14 19:00:00,0.21696000000000001
Netherlands,NLD,2023-09-14 18:00:00,2023-09-14 20:00:00,0.17862
Netherlands,NLD,2023-09-14 19:00:00,2023-09-14 21:00:00,0.13188999999999998
Netherlands,NLD,2023-09-14 20:00:00,2023-09-14 22:00:00,0.11413
Netherlands,NLD,2023-09-14 21:00:00,2023-09-14 23:00:00,0.09937
Netherlands,NLD,2023-09-14 22:00:00,2023-09-15 00:00:00,0.10089000000000001
Netherlands,NLD,2023-09-14 23:00:00,2023-09-15 01:00:00,0.09701
Netherlands,NLD,2023-09-15 00:00:00,2023-09-15 02:00:00,0.0964
Netherlands,NLD,2023-09-15 01:00:00,2023-09-15 03:00:00,0.09764
Netherlands,NLD,2023-09-15 02:00:00,2023-09-15 04:00:00,0.0992
Netherlands,NLD,2023-09-15 03:00:00,2023-09-15 05:00:00,0.09943
Netherlands,NLD,2023-09-15 04:00:00,2023-09-15 06:00:00,0.12881
Netherlands,NLD,2023-09-15 05:00:00,2023-09-15 07:00:00,0.14593
Netherlands,NLD,2023-09-15 06:00:00,2023-09-15 08:00:00,0.12507
Netherlands,NLD,2023-09-15 07:00:00,2023-09-15 09:00:00,0.10438
Netherlands,NLD,2023-09-15 08:00:00,2023-09-15 10:00:00,0.09358
Netherlands,NLD,2023-09-15 09:00:00,2023-09-15 11:00:00,0.08946
Netherlands,NLD,2023-09-15 10:00:00,2023-09-15 12:00:00,0.07856999999999999
Netherlands,NLD,2023-09-15 11:00:00,2023-09-15 13:00:00,0.0629
Netherlands,NLD,2023-09-15 12:00:00,2023-09-15 14:00:00,0.0712
Netherlands,NLD,2023-09-15 13:00:00,2023-09-15 15:00:00,0.0843
Netherlands,NLD,2023-09-15 14:00:00,2023-09-15 16:00:00,0.09334999999999999
Netherlands,NLD,2023-09-15 15:00:00,2023-09-15 17:00:00,0.11359999999999999
Netherlands,NLD,2023-09-15 16:00:00,2023-09-15 18:00:00,0.1492
Netherlands,NLD,2023-09-15 17:00:00,2023-09-15 19:00:00,0.17878
Netherlands,NLD,2023-09-15 18:00:00,2023-09-15 20:00:00,0.13968
Netherlands,NLD,2023-09-15 19:00:00,2023-09-15 21:00:00,0.11266
Netherlands,NLD,2023-09-15 20:00:00,2023-09-15 22:00:00,0.10098
Netherlands,NLD,2023-09-15 21:00:00,2023-09-15 23:00:00,0.09577
Netherlands,NLD,2023-09-15 22:00:00,2023-09-16 00:00:00,0.09623999999999999
Netherlands,NLD,2023-09-15 23:00:00,2023-09-16 01:00:00,0.09401999999999999
Netherlands,NLD,2023-09-16 00:00:00,2023-09-16 02:00:00,0.09442
Netherlands,NLD,2023-09-16 01:00:00,2023-09-16 03:00:00,0.09509000000000001
Netherlands,NLD,2023-09-16 02:00:00,2023-09-16 04:00:00,0.10052
Netherlands,NLD,2023-09-16 03:00:00,2023-09-16 05:00:00,0.09527
Netherlands,NLD,2023-09-16 04:00:00,2023-09-16 06:00:00,0.10653
Netherlands,NLD,2023-09-16 05:00:00,2023-09-16 07:00:00,0.11316
Netherlands,NLD,2023-09-16 06:00:00,2023-09-16 08:00:00,0.102
Netherlands,NLD,2023-09-16 07:00:00,2023-09-16 09:00:00,0.09079000000000001
Netherlands,NLD,2023-09-16 08:00:00,2023-09-16 10:00:00,0.079
Netherlands,NLD,2023-09-16 09:00:00,2023-09-16 11:00:00,0.06497
Netherlands,NLD,2023-09-16 10:00:00,2023-09-16 12:00:00,0.054479999999999994
Netherlands,NLD,2023-09-16 11:00:00,2023-09-16 13:00:00,0.03244
Netherlands,NLD,2023-09-16 12:00:00,2023-09-16 14:00:00,0.0344
Netherlands,NLD,2023-09-16 13:00:00,2023-09-16 15:00:00,0.07446
Netherlands,NLD,2023-09-16 14:00:00,2023-09-16 16:00:00,0.08526
Netherlands,NLD,2023-09-16 15:00:00,2023-09-16 17:00:00,0.10316
Netherlands,NLD,2023-09-16 16:00:00,2023-09-16 18:00:00,0.1277
Netherlands,NLD,2023-09-16 17:00:00,2023-09-16 19:00:00,0.17093
Netherlands,NLD,2023-09-16 18:00:00,2023-09-16 20:00:00,0.14005
Netherlands,NLD,2023-09-16 19:00:00,2023-09-16 21:00:00,0.11735
Netherlands,NLD,2023-09-16 20:00:00,2023-09-16 22:00:00,0.10503
Netherlands,NLD,2023-09-16 21:00:00,2023-09-16 23:00:00,0.0999
Netherlands,NLD,2023-09-16 22:00:00,2023-09-17 00:00:00,0.10898999999999999
Netherlands,NLD,2023-09-16 23:00:00,2023-09-17 01:00:00,0.10535
Netherlands,NLD,2023-09-17 00:00:00,2023-09-17 02:00:00,0.10654000000000001
Netherlands,NLD,2023-09-17 01:00:00,2023-09-17 03:00:00,0.10363
Netherlands,NLD,2023-09-17 02:00:00,2023-09-17 04:00:00,0.1017
Netherlands,NLD,2023-09-17 03:00:00,2023-09-17 05:00:00,0.1001
Netherlands,NLD,2023-09-17 04:00:00,2023-09-17 06:00:00,0.1
Netherlands,NLD,2023-09-17 05:00:00,2023-09-17 07:00:00,0.10333
Netherlands,NLD,2023-09-17 06:00:00,2023-09-17 08:00:00,0.09537999999999999
Netherlands,NLD,2023-09-17 07:00:00,2023-09-17 09:00:00,0.0845
Netherlands,NLD,2023-09-17 08:00:00,2023-09-17 10:00:00,0.07158
Netherlands,NLD,2023-09-17 09:00:00,2023-09-17 11:00:00,0.039509999999999997
Netherlands,NLD,2023-09-17 10:00:00,2023-09-17 12:00:00,0.02121
Netherlands,NLD,2023-09-17 11:00:00,2023-09-17 13:00:00,0.00408
Netherlands,NLD,2023-09-17 12:00:00,2023-09-17 14:00:00,0.0043
Netherlands,NLD,2023-09-17 13:00:00,2023-09-17 15:00:00,0.038700000000000005
Netherlands,NLD,2023-09-17 14:00:00,2023-09-17 16:00:00,0.08068
Netherlands,NLD,2023-09-17 15:00:00,2023-09-17 17:00:00,0.10990000000000001
Netherlands,NLD,2023-09-17 16:00:00,2023-09-17 18:00:00,0.132
Netherlands,NLD,2023-09-17 17:00:00,2023-09-17 19:00:00,0.1519
Netherlands,NLD,2023-09-17 18:00:00,2023-09-17 20:00:00,0.12696
Netherlands,NLD,2023-09-17 19:00:00,2023-09-17 21:00:00,0.11825
Netherlands,NLD,2023-09-17 20:00:00,2023-09-17 22:00:00,0.10890999999999999
Netherlands,NLD,2023-09-17 21:00:00,2023-09-17 23:00:00,0.09918
Netherlands,NLD,2023-09-17 22:00:00,2023-09-18 00:00:00,0.11220000000000001
Netherlands,NLD,2023-09-17 23:00:00,2023-09-18 01:00:00,0.08896
Netherlands,NLD,2023-09-18 00:00:00,2023-09-18 02:00:00,0.08173
Netherlands,NLD,2023-09-18 01:00:00,2023-09-18 03:00:00,0.0818
Netherlands,NLD,2023-09-18 02:00:00,2023-09-18 04:00:00,0.07984999999999999
Netherlands,NLD,2023-09-18 03:00:00,2023-09-18 05:00:00,0.08742
Netherlands,NLD,2023-09-18 04:00:00,2023-09-18 06:00:00,0.1154
Netherlands,NLD,2023-09-18 05:00:00,2023-09-18 07:00:00,0.13576
Netherlands,NLD,2023-09-18 06:00:00,2023-09-18 08:00:00,0.165
Netherlands,NLD,2023-09-18 07:00:00,2023-09-18 09:00:00,0.10585
Netherlands,NLD,2023-09-18 08:00:00,2023-09-18 10:00:00,0.09065000000000001
Netherlands,NLD,2023-09-18 09:00:00,2023-09-18 11:00:00,0.07429999999999999
Netherlands,NLD,2023-09-18 10:00:00,2023-09-18 12:00:00,0.05416
Netherlands,NLD,2023-09-18 11:00:00,2023-09-18 13:00:00,0.00957
Netherlands,NLD,2023-09-18 12:00:00,2023-09-18 14:00:00,0.00888
Netherlands,NLD,2023-09-18 13:00:00,2023-09-18 15:00:00,0.0001
Netherlands,NLD,2023-09-18 14:00:00,2023-09-18 16:00:00,0.045
Netherlands,NLD,2023-09-18 15:00:00,2023-09-18 17:00:00,0.1
Netherlands,NLD,2023-09-18 16:00:00,2023-09-18 18:00:00,0.115
Netherlands,NLD,2023-09-18 17:00:00,2023-09-18 19:00:00,0.1564
Netherlands,NLD,2023-09-18 18:00:00,2023-09-18 20:00:00,0.12565
Netherlands,NLD,2023-09-18 19:00:00,2023-09-18 21:00:00,0.10396999999999999
Netherlands,NLD,2023-09-18 20:00:00,2023-09-18 22:00:00,0.09240000000000001
Netherlands,NLD,2023-09-18 21:00:00,2023-09-18 23:00:00,0.07228
Netherlands,NLD,2023-09-18 22:00:00,2023-09-19 00:00:00,0.00102
Netherlands,NLD,2023-09-18 23:00:00,2023-09-19 01:00:00,-8.999999999999999e-05
Netherlands,NLD,2023-09-19 00:00:00,2023-09-19 02:00:00,-0.0001
Netherlands,NLD,2023-09-19 01:00:00,2023-09-19 03:00:00,-0.00013000000000000002
Netherlands,NLD,2023-09-19 02:00:00,2023-09-19 04:00:00,-0.00124
Netherlands,NLD,2023-09-19 03:00:00,2023-09-19 05:00:00,0.0
Netherlands,NLD,2023-09-19 04:00:00,2023-09-19 06:00:00,0.07084
Netherlands,NLD,2023-09-19 05:00:00,2023-09-19 07:00:00,0.10482999999999999
Netherlands,NLD,2023-09-19 06:00:00,2023-09-19 08:00:00,0.1097
Netherlands,NLD,2023-09-19 07:00:00,2023-09-19 09:00:00,0.08286
Netherlands,NLD,2023-09-19 08:00:00,2023-09-19 10:00:00,1e-05
Netherlands,NLD,2023-09-19 09:00:00,2023-09-19 11:00:00,-8e-05
Netherlands,NLD,2023-09-19 10:00:00,2023-09-19 12:00:00,-0.0035
Netherlands,NLD,2023-09-19 11:00:00,2023-09-19 13:00:00,-0.00534
Netherlands,NLD,2023-09-19 12:00:00,2023-09-19 14:00:00,-0.004849999999999999
Netherlands,NLD,2023-09-19 13:00:00,2023-09-19 15:00:00,-0.0029500000000000004
Netherlands,NLD,2023-09-19 14:00:00,2023-09-19 16:00:00,0.0
Netherlands,NLD,2023-09-19 15:00:00,2023-09-19 17:00:00,0.048170000000000004
Netherlands,NLD,2023-09-19 16:00:00,2023-09-19 18:00:00,0.09751
Netherlands,NLD,2023-09-19 17:00:00,2023-09-19 19:00:00,0.11648
Netherlands,NLD,2023-09-19 18:00:00,2023-09-19 20:00:00,0.11023000000000001
Netherlands,NLD,2023-09-19 19:00:00,2023-09-19 21:00:00,0.08716
Netherlands,NLD,2023-09-19 20:00:00,2023-09-19 22:00:00,0.06681000000000001
Netherlands,NLD,2023-09-19 21:00:00,2023-09-19 23:00:00,0.01635
Netherlands,NLD,2023-09-19 22:00:00,2023-09-20 00:00:00,0.00079
Netherlands,NLD,2023-09-19 23:00:00,2023-09-20 01:00:00,0.0
Netherlands,NLD,2023-09-20 00:00:00,2023-09-20 02:00:00,-0.0016
Netherlands,NLD,2023-09-20 01:00:00,2023-09-20 03:00:00,-0.0029100000000000003
Netherlands,NLD,2023-09-20 02:00:00,2023-09-20 04:00:00,-0.00267
Netherlands,NLD,2023-09-20 03:00:00,2023-09-20 05:00:00,0.0087
Netherlands,NLD,2023-09-20 04:00:00,2023-09-20 06:00:00,0.07064
Netherlands,NLD,2023-09-20 05:00:00,2023-09-20 07:00:00,0.09864
Netherlands,NLD,2023-09-20 06:00:00,2023-09-20 08:00:00,0.10564
Netherlands,NLD,2023-09-20 07:00:00,2023-09-20 09:00:00,0.08088
Netherlands,NLD,2023-09-20 08:00:00,2023-09-20 10:00:00,5.9999999999999995e-05
Netherlands,NLD,2023-09-20 09:00:00,2023-09-20 11:00:00,-0.0008900000000000001
Netherlands,NLD,2023-09-20 10:00:00,2023-09-20 12:00:00,-0.00333
Netherlands,NLD,2023-09-20 11:00:00,2023-09-20 13:00:00,-0.00534
Netherlands,NLD,2023-09-20 12:00:00,2023-09-20 14:00:00,-0.004940000000000001
Netherlands,NLD,2023-09-20 13:00:00,2023-09-20 15:00:00,-0.00183
Netherlands,NLD,2023-09-20 14:00:00,2023-09-20 16:00:00,0.00095
Netherlands,NLD,2023-09-20 15:00:00,2023-09-20 17:00:00,0.08226
Netherlands,NLD,2023-09-20 16:00:00,2023-09-20 18:00:00,0.12361
Netherlands,NLD,2023-09-20 17:00:00,2023-09-20 19:00:00,0.1699
Netherlands,NLD,2023-09-20 18:00:00,2023-09-20 20:00:00,0.122
Netherlands,NLD,2023-09-20 19:00:00,2023-09-20 21:00:00,0.09573999999999999
Netherlands,NLD,2023-09-20 20:00:00,2023-09-20 22:00:00,0.08665
Netherlands,NLD,2023-09-20 21:00:00,2023-09-20 23:00:00,0.07647
Netherlands,NLD,2023-09-20 22:00:00,2023-09-21 00:00:00,0.07454999999999999
Netherlands,NLD,2023-09-20 23:00:00,2023-09-21 01:00:00,0.06561
Netherlands,NLD,2023-09-21 00:00:00,2023-09-21 02:00:00,0.04889
Netherlands,NLD,2023-09-21 01:00:00,2023-09-21 03:00:00,0.026510000000000002
Netherlands,NLD,2023-09-21 02:00:00,2023-09-21 04:00:00,0.04278
Netherlands,NLD,2023-09-21 03:00:00,2023-09-21 05:00:00,0.0663
Netherlands,NLD,2023-09-21 04:00:00,2023-09-21 06:00:00,0.09490000000000001
Netherlands,NLD,2023-09-21 05:00:00,2023-09-21 07:00:00,0.11634
Netherlands,NLD,2023-09-21 06:00:00,2023-09-21 08:00:00,0.11581999999999999
Netherlands,NLD,2023-09-21 07:00:00,2023-09-21 09:00:00,0.10274
Netherlands,NLD,2023-09-21 08:00:00,2023-09-21 10:00:00,0.09770999999999999
Netherlands,NLD,2023-09-21 09:00:00,2023-09-21 11:00:00,0.1013
Netherlands,NLD,2023-09-21 10:00:00,2023-09-21 12:00:00,0.0963
Netherlands,NLD,2023-09-21 11:00:00,2023-09-21 13:00:00,0.09559999999999999
Netherlands,NLD,2023-09-21 12:00:00,2023-09-21 14:00:00,0.1
Netherlands,NLD,2023-09-21 13:00:00,2023-09-21 15:00:00,0.0938
Netherlands,NLD,2023-09-21 14:00:00,2023-09-21 16:00:00,0.10582
Netherlands,NLD,2023-09-21 15:00:00,2023-09-21 17:00:00,0.12404000000000001
Netherlands,NLD,2023-09-21 16:00:00,2023-09-21 18:00:00,0.17901
Netherlands,NLD,2023-09-21 17:00:00,2023-09-21 19:00:00,0.24521
Netherlands,NLD,2023-09-21 18:00:00,2023-09-21 20:00:00,0.14829
Netherlands,NLD,2023-09-21 19:00:00,2023-09-21 21:00:00,0.1148
Netherlands,NLD,2023-09-21 20:00:00,2023-09-21 22:00:00,0.1001
Netherlands,NLD,2023-09-21 21:00:00,2023-09-21 23:00:00,0.09475
Netherlands,NLD,2023-09-21 22:00:00,2023-09-22 00:00:00,0.0901
Netherlands,NLD,2023-09-21 23:00:00,2023-09-22 01:00:00,0.08716
Netherlands,NLD,2023-09-22 00:00:00,2023-09-22 02:00:00,0.09154000000000001
Netherlands,NLD,2023-09-22 01:00:00,2023-09-22 03:00:00,0.09515000000000001
Netherlands,NLD,2023-09-22 02:00:00,2023-09-22 04:00:00,0.09961
Netherlands,NLD,2023-09-22 03:00:00,2023-09-22 05:00:00,0.09553
Netherlands,NLD,2023-09-22 04:00:00,2023-09-22 06:00:00,0.11
Netherlands,NLD,2023-09-22 05:00:00,2023-09-22 07:00:00,0.139
Netherlands,NLD,2023-09-22 06:00:00,2023-09-22 08:00:00,0.13479
Netherlands,NLD,2023-09-22 07:00:00,2023-09-22 09:00:00,0.11828
Netherlands,NLD,2023-09-22 08:00:00,2023-09-22 10:00:00,0.09964
Netherlands,NLD,2023-09-22 09:00:00,2023-09-22 11:00:00,0.09093000000000001
Netherlands,NLD,2023-09-22 10:00:00,2023-09-22 12:00:00,0.08565
Netherlands,NLD,2023-09-22 11:00:00,2023-09-22 13:00:00,0.07648999999999999
Netherlands,NLD,2023-09-22 12:00:00,2023-09-22 14:00:00,0.07089
Netherlands,NLD,2023-09-22 13:00:00,2023-09-22 15:00:00,0.07326
Netherlands,NLD,2023-09-22 14:00:00,2023-09-22 16:00:00,0.08527
Netherlands,NLD,2023-09-22 15:00:00,2023-09-22 17:00:00,0.0999
Netherlands,NLD,2023-09-22 16:00:00,2023-09-22 18:00:00,0.13022999999999998
Netherlands,NLD,2023-09-22 17:00:00,2023-09-22 19:00:00,0.15227000000000002
Netherlands,NLD,2023-09-22 18:00:00,2023-09-22 20:00:00,0.13346
Netherlands,NLD,2023-09-22 19:00:00,2023-09-22 21:00:00,0.11463
Netherlands,NLD,2023-09-22 20:00:00,2023-09-22 22:00:00,0.10593000000000001
Netherlands,NLD,2023-09-22 21:00:00,2023-09-22 23:00:00,0.10306
Netherlands,NLD,2023-09-22 22:00:00,2023-09-23 00:00:00,0.10904000000000001
Netherlands,NLD,2023-09-22 23:00:00,2023-09-23 01:00:00,0.10186
Netherlands,NLD,2023-09-23 00:00:00,2023-09-23 02:00:00,0.09705
Netherlands,NLD,2023-09-23 01:00:00,2023-09-23 03:00:00,0.09172
Netherlands,NLD,2023-09-23 02:00:00,2023-09-23 04:00:00,0.08943000000000001
Netherlands,NLD,2023-09-23 03:00:00,2023-09-23 05:00:00,0.09178
Netherlands,NLD,2023-09-23 04:00:00,2023-09-23 06:00:00,0.09888
Netherlands,NLD,2023-09-23 05:00:00,2023-09-23 07:00:00,0.1072
Netherlands,NLD,2023-09-23 06:00:00,2023-09-23 08:00:00,0.10998999999999999
Netherlands,NLD,2023-09-23 07:00:00,2023-09-23 09:00:00,0.10468000000000001
Netherlands,NLD,2023-09-23 08:00:00,2023-09-23 10:00:00,0.09075
Netherlands,NLD,2023-09-23 09:00:00,2023-09-23 11:00:00,0.0849
Netherlands,NLD,2023-09-23 10:00:00,2023-09-23 12:00:00,0.07989
Netherlands,NLD,2023-09-23 11:00:00,2023-09-23 13:00:00,0.07055
Netherlands,NLD,2023-09-23 12:00:00,2023-09-23 14:00:00,0.053090000000000005
Netherlands,NLD,2023-09-23 13:00:00,2023-09-23 15:00:00,0.0712
Netherlands,NLD,2023-09-23 14:00:00,2023-09-23 16:00:00,0.07823000000000001
Netherlands,NLD,2023-09-23 15:00:00,2023-09-23 17:00:00,0.09909
Netherlands,NLD,2023-09-23 16:00:00,2023-09-23 18:00:00,0.13099
Netherlands,NLD,2023-09-23 17:00:00,2023-09-23 19:00:00,0.15619
Netherlands,NLD,2023-09-23 18:00:00,2023-09-23 20:00:00,0.145
Netherlands,NLD,2023-09-23 19:00:00,2023-09-23 21:00:00,0.11791
Netherlands,NLD,2023-09-23 20:00:00,2023-09-23 22:00:00,0.10692
Netherlands,NLD,2023-09-23 21:00:00,2023-09-23 23:00:00,0.11
Netherlands,NLD,2023-09-23 22:00:00,2023-09-24 00:00:00,0.09870999999999999
Netherlands,NLD,2023-09-23 23:00:00,2023-09-24 01:00:00,0.08724
Netherlands,NLD,2023-09-24 00:00:00,2023-09-24 02:00:00,0.07773000000000001
Netherlands,NLD,2023-09-24 01:00:00,2023-09-24 03:00:00,0.0742
Netherlands,NLD,2023-09-24 02:00:00,2023-09-24 04:00:00,0.07805
Netherlands,NLD,2023-09-24 03:00:00,2023-09-24 05:00:00,0.08252
Netherlands,NLD,2023-09-24 04:00:00,2023-09-24 06:00:00,0.0875
Netherlands,NLD,2023-09-24 05:00:00,2023-09-24 07:00:00,0.091
Netherlands,NLD,2023-09-24 06:00:00,2023-09-24 08:00:00,0.08128
Netherlands,NLD,2023-09-24 07:00:00,2023-09-24 09:00:00,0.059359999999999996
Netherlands,NLD,2023-09-24 08:00:00,2023-09-24 10:00:00,0.00106
Netherlands,NLD,2023-09-24 09:00:00,2023-09-24 11:00:00,0.00085
Netherlands,NLD,2023-09-24 10:00:00,2023-09-24 12:00:00,-2.9999999999999997e-05
Netherlands,NLD,2023-09-24 11:00:00,2023-09-24 13:00:00,-0.004200000000000001
Netherlands,NLD,2023-09-24 12:00:00,2023-09-24 14:00:00,-0.00315
Netherlands,NLD,2023-09-24 13:00:00,2023-09-24 15:00:00,-0.00022
Netherlands,NLD,2023-09-24 14:00:00,2023-09-24 16:00:00,0.0032
Netherlands,NLD,2023-09-24 15:00:00,2023-09-24 17:00:00,0.07965000000000001
Netherlands,NLD,2023-09-24 16:00:00,2023-09-24 18:00:00,0.13
Netherlands,NLD,2023-09-24 17:00:00,2023-09-24 19:00:00,0.15709
Netherlands,NLD,2023-09-24 18:00:00,2023-09-24 20:00:00,0.13498
Netherlands,NLD,2023-09-24 19:00:00,2023-09-24 21:00:00,0.105
Netherlands,NLD,2023-09-24 20:00:00,2023-09-24 22:00:00,0.09018999999999999
Netherlands,NLD,2023-09-24 21:00:00,2023-09-24 23:00:00,0.07219
Netherlands,NLD,2023-09-24 22:00:00,2023-09-25 00:00:00,0.03463
Netherlands,NLD,2023-09-24 23:00:00,2023-09-25 01:00:00,0.01
Netherlands,NLD,2023-09-25 00:00:00,2023-09-25 02:00:00,0.00109
Netherlands,NLD,2023-09-25 01:00:00,2023-09-25 03:00:00,0.0
Netherlands,NLD,2023-09-25 02:00:00,2023-09-25 04:00:00,0.00049
Netherlands,NLD,2023-09-25 03:00:00,2023-09-25 05:00:00,0.04225
Netherlands,NLD,2023-09-25 04:00:00,2023-09-25 06:00:00,0.0989
Netherlands,NLD,2023-09-25 05:00:00,2023-09-25 07:00:00,0.13915
Netherlands,NLD,2023-09-25 06:00:00,2023-09-25 08:00:00,0.143
Netherlands,NLD,2023-09-25 07:00:00,2023-09-25 09:00:00,0.11832
Netherlands,NLD,2023-09-25 08:00:00,2023-09-25 10:00:00,0.09033
Netherlands,NLD,2023-09-25 09:00:00,2023-09-25 11:00:00,0.08901
Netherlands,NLD,2023-09-25 10:00:00,2023-09-25 12:00:00,0.06651
Netherlands,NLD,2023-09-25 11:00:00,2023-09-25 13:00:00,0.07611
Netherlands,NLD,2023-09-25 12:00:00,2023-09-25 14:00:00,0.08409
Netherlands,NLD,2023-09-25 13:00:00,2023-09-25 15:00:00,0.09206
Netherlands,NLD,2023-09-25 14:00:00,2023-09-25 16:00:00,0.09745999999999999
Netherlands,NLD,2023-09-25 15:00:00,2023-09-25 17:00:00,0.12422
Netherlands,NLD,2023-09-25 16:00:00,2023-09-25 18:00:00,0.20009
Netherlands,NLD,2023-09-25 17:00:00,2023-09-25 19:00:00,0.37959
Netherlands,NLD,2023-09-25 18:00:00,2023-09-25 20:00:00,0.23748
Netherlands,NLD,2023-09-25 19:00:00,2023-09-25 21:00:00,0.13597
Netherlands,NLD,2023-09-25 20:00:00,2023-09-25 22:00:00,0.12215999999999999
Netherlands,NLD,2023-09-25 21:00:00,2023-09-25 23:00:00,0.11012999999999999
Netherlands,NLD,2023-09-25 22:00:00,2023-09-26 00:00:00,0.11413
Netherlands,NLD,2023-09-25 23:00:00,2023-09-26 01:00:00,0.10798999999999999
Netherlands,NLD,2023-09-26 00:00:00,2023-09-26 02:00:00,0.10493000000000001
Netherlands,NLD,2023-09-26 01:00:00,2023-09-26 03:00:00,0.10457999999999999
Netherlands,NLD,2023-09-26 02:00:00,2023-09-26 04:00:00,0.105
Netherlands,NLD,2023-09-26 03:00:00,2023-09-26 05:00:00,0.10798999999999999
Netherlands,NLD,2023-09-26 04:00:00,2023-09-26 06:00:00,0.14780000000000001
Netherlands,NLD,2023-09-26 05:00:00,2023-09-26 07:00:00,0.25363
Netherlands,NLD,2023-09-26 06:00:00,2023-09-26 08:00:00,0.16194999999999998
Netherlands,NLD,2023-09-26 07:00:00,2023-09-26 09:00:00,0.11783
Netherlands,NLD,2023-09-26 08:00:00,2023-09-26 10:00:00,0.10059
Netherlands,NLD,2023-09-26 09:00:00,2023-09-26 11:00:00,0.09552
Netherlands,NLD,2023-09-26 10:00:00,2023-09-26 12:00:00,0.09128
Netherlands,NLD,2023-09-26 11:00:00,2023-09-26 13:00:00,0.08295
Netherlands,NLD,2023-09-26 12:00:00,2023-09-26 14:00:00,0.09
Netherlands,NLD,2023-09-26 13:00:00,2023-09-26 15:00:00,0.09802
Netherlands,NLD,2023-09-26 14:00:00,2023-09-26 16:00:00,0.10451
Netherlands,NLD,2023-09-26 15:00:00,2023-09-26 17:00:00,0.133
Netherlands,NLD,2023-09-26 16:00:00,2023-09-26 18:00:00,0.17124
Netherlands,NLD,2023-09-26 17:00:00,2023-09-26 19:00:00,0.22802
Netherlands,NLD,2023-09-26 18:00:00,2023-09-26 20:00:00,0.16034
Netherlands,NLD,2023-09-26 19:00:00,2023-09-26 21:00:00,0.12627
Netherlands,NLD,2023-09-26 20:00:00,2023-09-26 22:00:00,0.10806
Netherlands,NLD,2023-09-26 21:00:00,2023-09-26 23:00:00,0.10128
Netherlands,NLD,2023-09-26 22:00:00,2023-09-27 00:00:00,0.10551
Netherlands,NLD,2023-09-26 23:00:00,2023-09-27 01:00:00,0.102
Netherlands,NLD,2023-09-27 00:00:00,2023-09-27 02:00:00,0.10252
Netherlands,NLD,2023-09-27 01:00:00,2023-09-27 03:00:00,0.10189
Netherlands,NLD,2023-09-27 02:00:00,2023-09-27 04:00:00,0.10043
Netherlands,NLD,2023-09-27 03:00:00,2023-09-27 05:00:00,0.10779000000000001
Netherlands,NLD,2023-09-27 04:00:00,2023-09-27 06:00:00,0.13757
Netherlands,NLD,2023-09-27 05:00:00,2023-09-27 07:00:00,0.2349
Netherlands,NLD,2023-09-27 06:00:00,2023-09-27 08:00:00,0.16888
Netherlands,NLD,2023-09-27 07:00:00,2023-09-27 09:00:00,0.12869999999999998
Netherlands,NLD,2023-09-27 08:00:00,2023-09-27 10:00:00,0.10233
Netherlands,NLD,2023-09-27 09:00:00,2023-09-27 11:00:00,0.09326000000000001
Netherlands,NLD,2023-09-27 10:00:00,2023-09-27 12:00:00,0.0902
Netherlands,NLD,2023-09-27 11:00:00,2023-09-27 13:00:00,0.08734
Netherlands,NLD,2023-09-27 12:00:00,2023-09-27 14:00:00,0.0878
Netherlands,NLD,2023-09-27 13:00:00,2023-09-27 15:00:00,0.09090000000000001
Netherlands,NLD,2023-09-27 14:00:00,2023-09-27 16:00:00,0.11158
Netherlands,NLD,2023-09-27 15:00:00,2023-09-27 17:00:00,0.14991
Netherlands,NLD,2023-09-27 16:00:00,2023-09-27 18:00:00,0.1799
Netherlands,NLD,2023-09-27 17:00:00,2023-09-27 19:00:00,0.17443999999999998
Netherlands,NLD,2023-09-27 18:00:00,2023-09-27 20:00:00,0.13266
Netherlands,NLD,2023-09-27 19:00:00,2023-09-27 21:00:00,0.10707
Netherlands,NLD,2023-09-27 20:00:00,2023-09-27 22:00:00,0.09638
Netherlands,NLD,2023-09-27 21:00:00,2023-09-27 23:00:00,0.08660999999999999
Netherlands,NLD,2023-09-27 22:00:00,2023-09-28 00:00:00,0.08667
Netherlands,NLD,2023-09-27 23:00:00,2023-09-28 01:00:00,0.08047
Netherlands,NLD,2023-09-28 00:00:00,2023-09-28 02:00:00,0.07
Netherlands,NLD,2023-09-28 01:00:00,2023-09-28 03:00:00,0.062
Netherlands,NLD,2023-09-28 02:00:00,2023-09-28 04:00:00,0.05847
Netherlands,NLD,2023-09-28 03:00:00,2023-09-28 05:00:00,0.08584
Netherlands,NLD,2023-09-28 04:00:00,2023-09-28 06:00:00,0.10094
Netherlands,NLD,2023-09-28 05:00:00,2023-09-28 07:00:00,0.12625
Netherlands,NLD,2023-09-28 06:00:00,2023-09-28 08:00:00,0.12956
Netherlands,NLD,2023-09-28 07:00:00,2023-09-28 09:00:00,0.11084999999999999
Netherlands,NLD,2023-09-28 08:00:00,2023-09-28 10:00:00,0.09336
Netherlands,NLD,2023-09-28 09:00:00,2023-09-28 11:00:00,0.08856
Netherlands,NLD,2023-09-28 10:00:00,2023-09-28 12:00:00,0.08345999999999999
Netherlands,NLD,2023-09-28 11:00:00,2023-09-28 13:00:00,0.08199
Netherlands,NLD,2023-09-28 12:00:00,2023-09-28 14:00:00,0.0877
Netherlands,NLD,2023-09-28 13:00:00,2023-09-28 15:00:00,0.09201999999999999
Netherlands,NLD,2023-09-28 14:00:00,2023-09-28 16:00:00,0.09989
Netherlands,NLD,2023-09-28 15:00:00,2023-09-28 17:00:00,0.13263
Netherlands,NLD,2023-09-28 16:00:00,2023-09-28 18:00:00,0.172
Netherlands,NLD,2023-09-28 17:00:00,2023-09-28 19:00:00,0.23975
Netherlands,NLD,2023-09-28 18:00:00,2023-09-28 20:00:00,0.15650999999999998
Netherlands,NLD,2023-09-28 19:00:00,2023-09-28 21:00:00,0.12757
Netherlands,NLD,2023-09-28 20:00:00,2023-09-28 22:00:00,0.11782
Netherlands,NLD,2023-09-28 21:00:00,2023-09-28 23:00:00,0.11040000000000001
Netherlands,NLD,2023-09-28 22:00:00,2023-09-29 00:00:00,0.1085
Netherlands,NLD,2023-09-28 23:00:00,2023-09-29 01:00:00,0.09634000000000001
Netherlands,NLD,2023-09-29 00:00:00,2023-09-29 02:00:00,0.08659
Netherlands,NLD,2023-09-29 01:00:00,2023-09-29 03:00:00,0.08217
Netherlands,NLD,2023-09-29 02:00:00,2023-09-29 04:00:00,0.038990000000000004
Netherlands,NLD,2023-09-29 03:00:00,2023-09-29 05:00:00,0.06811
Netherlands,NLD,2023-09-29 04:00:00,2023-09-29 06:00:00,0.10526
Netherlands,NLD,2023-09-29 05:00:00,2023-09-29 07:00:00,0.13291999999999998
Netherlands,NLD,2023-09-29 06:00:00,2023-09-29 08:00:00,0.13005
Netherlands,NLD,2023-09-29 07:00:00,2023-09-29 09:00:00,0.10682
Netherlands,NLD,2023-09-29 08:00:00,2023-09-29 10:00:00,0.09207
Netherlands,NLD,2023-09-29 09:00:00,2023-09-29 11:00:00,0.08737
Netherlands,NLD,2023-09-29 10:00:00,2023-09-29 12:00:00,0.08205
Netherlands,NLD,2023-09-29 11:00:00,2023-09-29 13:00:00,0.07244
Netherlands,NLD,2023-09-29 12:00:00,2023-09-29 14:00:00,0.07704000000000001
Netherlands,NLD,2023-09-29 13:00:00,2023-09-29 15:00:00,0.0907
Netherlands,NLD,2023-09-29 14:00:00,2023-09-29 16:00:00,0.09622
Netherlands,NLD,2023-09-29 15:00:00,2023-09-29 17:00:00,0.11212000000000001
Netherlands,NLD,2023-09-29 16:00:00,2023-09-29 18:00:00,0.13290000000000002
Netherlands,NLD,2023-09-29 17:00:00,2023-09-29 19:00:00,0.14058
Netherlands,NLD,2023-09-29 18:00:00,2023-09-29 20:00:00,0.13296
Netherlands,NLD,2023-09-29 19:00:00,2023-09-29 21:00:00,0.1134
Netherlands,NLD,2023-09-29 20:00:00,2023-09-29 22:00:00,0.10657
Netherlands,NLD,2023-09-29 21:00:00,2023-09-29 23:00:00,0.10107
Netherlands,NLD,2023-09-29 22:00:00,2023-09-30 00:00:00,0.09991
Netherlands,NLD,2023-09-29 23:00:00,2023-09-30 01:00:00,0.09364
Netherlands,NLD,2023-09-30 00:00:00,2023-09-30 02:00:00,0.09
Netherlands,NLD,2023-09-30 01:00:00,2023-09-30 03:00:00,0.08872
Netherlands,NLD,2023-09-30 02:00:00,2023-09-30 04:00:00,0.08828
Netherlands,NLD,2023-09-30 03:00:00,2023-09-30 05:00:00,0.09209999999999999
Netherlands,NLD,2023-09-30 04:00:00,2023-09-30 06:00:00,0.10529999999999999
Netherlands,NLD,2023-09-30 05:00:00,2023-09-30 07:00:00,0.10945999999999999
Netherlands,NLD,2023-09-30 06:00:00,2023-09-30 08:00:00,0.115
Netherlands,NLD,2023-09-30 07:00:00,2023-09-30 09:00:00,0.10525
Netherlands,NLD,2023-09-30 08:00:00,2023-09-30 10:00:00,0.08751
Netherlands,NLD,2023-09-30 09:00:00,2023-09-30 11:00:00,0.07053
Netherlands,NLD,2023-09-30 10:00:00,2023-09-30 12:00:00,0.04276
Netherlands,NLD,2023-09-30 11:00:00,2023-09-30 13:00:00,0.005
Netherlands,NLD,2023-09-30 12:00:00,2023-09-30 14:00:00,0.01504
Netherlands,NLD,2023-09-30 13:00:00,2023-09-30 15:00:00,0.056
Netherlands,NLD,2023-09-30 14:00:00,2023-09-30 16:00:00,0.08501
Netherlands,NLD,2023-09-30 15:00:00,2023-09-30 17:00:00,0.10723999999999999
Netherlands,NLD,2023-09-30 16:00:00,2023-09-30 18:00:00,0.13373
Netherlands,NLD,2023-09-30 17:00:00,2023-09-30 19:00:00,0.15908
Netherlands,NLD,2023-09-30 18:00:00,2023-09-30 20:00:00,0.1341
Netherlands,NLD,2023-09-30 19:00:00,2023-09-30 21:00:00,0.11181
Netherlands,NLD,2023-09-30 20:00:00,2023-09-30 22:00:00,0.10740000000000001
Netherlands,NLD,2023-09-30 21:00:00,2023-09-30 23:00:00,0.10104
Netherlands,NLD,2023-09-30 22:00:00,2023-10-01 00:00:00,0.10273
Netherlands,NLD,2023-09-30 23:00:00,2023-10-01 01:00:00,0.09414
Netherlands,NLD,2023-10-01 00:00:00,2023-10-01 02:00:00,0.0886
Netherlands,NLD,2023-10-01 01:00:00,2023-10-01 03:00:00,0.08042
Netherlands,NLD,2023-10-01 02:00:00,2023-10-01 04:00:00,0.08489000000000001
Netherlands,NLD,2023-10-01 03:00:00,2023-10-01 05:00:00,0.08154
Netherlands,NLD,2023-10-01 04:00:00,2023-10-01 06:00:00,0.08212
Netherlands,NLD,2023-10-01 05:00:00,2023-10-01 07:00:00,0.08807999999999999
Netherlands,NLD,2023-10-01 06:00:00,2023-10-01 08:00:00,0.08209999999999999
Netherlands,NLD,2023-10-01 07:00:00,2023-10-01 09:00:00,0.06273
Netherlands,NLD,2023-10-01 08:00:00,2023-10-01 10:00:00,0.04
Netherlands,NLD,2023-10-01 09:00:00,2023-10-01 11:00:00,0.00899
Netherlands,NLD,2023-10-01 10:00:00,2023-10-01 12:00:00,-4e-05
Netherlands,NLD,2023-10-01 11:00:00,2023-10-01 13:00:00,-0.0031
Netherlands,NLD,2023-10-01 12:00:00,2023-10-01 14:00:00,-0.0011899999999999999
Netherlands,NLD,2023-10-01 13:00:00,2023-10-01 15:00:00,0.0015300000000000001
Netherlands,NLD,2023-10-01 14:00:00,2023-10-01 16:00:00,0.06273
Netherlands,NLD,2023-10-01 15:00:00,2023-10-01 17:00:00,0.09803
Netherlands,NLD,2023-10-01 16:00:00,2023-10-01 18:00:00,0.12006
Netherlands,NLD,2023-10-01 17:00:00,2023-10-01 19:00:00,0.13
Netherlands,NLD,2023-10-01 18:00:00,2023-10-01 20:00:00,0.13
Netherlands,NLD,2023-10-01 19:00:00,2023-10-01 21:00:00,0.11516
Netherlands,NLD,2023-10-01 20:00:00,2023-10-01 22:00:00,0.10662
Netherlands,NLD,2023-10-01 21:00:00,2023-10-01 23:00:00,0.09997
Netherlands,NLD,2023-10-01 22:00:00,2023-10-02 00:00:00,0.09490000000000001
Netherlands,NLD,2023-10-01 23:00:00,2023-10-02 01:00:00,0.09317
Netherlands,NLD,2023-10-02 00:00:00,2023-10-02 02:00:00,0.09340000000000001
Netherlands,NLD,2023-10-02 01:00:00,2023-10-02 03:00:00,0.09201999999999999
Netherlands,NLD,2023-10-02 02:00:00,2023-10-02 04:00:00,0.09568
Netherlands,NLD,2023-10-02 03:00:00,2023-10-02 05:00:00,0.09933
Netherlands,NLD,2023-10-02 04:00:00,2023-10-02 06:00:00,0.12478
Netherlands,NLD,2023-10-02 05:00:00,2023-10-02 07:00:00,0.14265
Netherlands,NLD,2023-10-02 06:00:00,2023-10-02 08:00:00,0.1445
Netherlands,NLD,2023-10-02 07:00:00,2023-10-02 09:00:00,0.128
Netherlands,NLD,2023-10-02 08:00:00,2023-10-02 10:00:00,0.10535
Netherlands,NLD,2023-10-02 09:00:00,2023-10-02 11:00:00,0.09239
Netherlands,NLD,2023-10-02 10:00:00,2023-10-02 12:00:00,0.09034
Netherlands,NLD,2023-10-02 11:00:00,2023-10-02 13:00:00,0.08792
Netherlands,NLD,2023-10-02 12:00:00,2023-10-02 14:00:00,0.08815
Netherlands,NLD,2023-10-02 13:00:00,2023-10-02 15:00:00,0.0905
Netherlands,NLD,2023-10-02 14:00:00,2023-10-02 16:00:00,0.1046
Netherlands,NLD,2023-10-02 15:00:00,2023-10-02 17:00:00,0.12779000000000001
Netherlands,NLD,2023-10-02 16:00:00,2023-10-02 18:00:00,0.19948
Netherlands,NLD,2023-10-02 17:00:00,2023-10-02 19:00:00,0.24505000000000002
Netherlands,NLD,2023-10-02 18:00:00,2023-10-02 20:00:00,0.16007
Netherlands,NLD,2023-10-02 19:00:00,2023-10-02 21:00:00,0.12
Netherlands,NLD,2023-10-02 20:00:00,2023-10-02 22:00:00,0.10642
Netherlands,NLD,2023-10-02 21:00:00,2023-10-02 23:00:00,0.1
Netherlands,NLD,2023-10-02 22:00:00,2023-10-03 00:00:00,0.09758
Netherlands,NLD,2023-10-02 23:00:00,2023-10-03 01:00:00,0.08785
Netherlands,NLD,2023-10-03 00:00:00,2023-10-03 02:00:00,0.07194
Netherlands,NLD,2023-10-03 01:00:00,2023-10-03 03:00:00,0.03091
Netherlands,NLD,2023-10-03 02:00:00,2023-10-03 04:00:00,0.00983
Netherlands,NLD,2023-10-03 03:00:00,2023-10-03 05:00:00,0.00202
Netherlands,NLD,2023-10-03 04:00:00,2023-10-03 06:00:00,0.00529
Netherlands,NLD,2023-10-03 05:00:00,2023-10-03 07:00:00,0.04474
Netherlands,NLD,2023-10-03 06:00:00,2023-10-03 08:00:00,0.13319999999999999
Netherlands,NLD,2023-10-03 07:00:00,2023-10-03 09:00:00,0.1353
Netherlands,NLD,2023-10-03 08:00:00,2023-10-03 10:00:00,0.11992
Netherlands,NLD,2023-10-03 09:00:00,2023-10-03 11:00:00,0.0842
Netherlands,NLD,2023-10-03 10:00:00,2023-10-03 12:00:00,0.06489
Netherlands,NLD,2023-10-03 11:00:00,2023-10-03 13:00:00,0.027800000000000002
Netherlands,NLD,2023-10-03 12:00:00,2023-10-03 14:00:00,7.000000000000001e-05
Netherlands,NLD,2023-10-03 13:00:00,2023-10-03 15:00:00,0.0
Netherlands,NLD,2023-10-03 14:00:00,2023-10-03 16:00:00,0.0
Netherlands,NLD,2023-10-03 15:00:00,2023-10-03 17:00:00,0.0675
Netherlands,NLD,2023-10-03 16:00:00,2023-10-03 18:00:00,0.108
Netherlands,NLD,2023-10-03 17:00:00,2023-10-03 19:00:00,0.1311
Netherlands,NLD,2023-10-03 18:00:00,2023-10-03 20:00:00,0.124
Netherlands,NLD,2023-10-03 19:00:00,2023-10-03 21:00:00,0.0999
Netherlands,NLD,2023-10-03 20:00:00,2023-10-03 22:00:00,0.0974
Netherlands,NLD,2023-10-03 21:00:00,2023-10-03 23:00:00,0.08489000000000001
Netherlands,NLD,2023-10-03 22:00:00,2023-10-04 00:00:00,0.0522
Netherlands,NLD,2023-10-03 23:00:00,2023-10-04 01:00:00,0.044
Netherlands,NLD,2023-10-04 00:00:00,2023-10-04 02:00:00,0.044
Netherlands,NLD,2023-10-04 01:00:00,2023-10-04 03:00:00,0.03764
Netherlands,NLD,2023-10-04 02:00:00,2023-10-04 04:00:00,0.03507
Netherlands,NLD,2023-10-04 03:00:00,2023-10-04 05:00:00,0.04797
Netherlands,NLD,2023-10-04 04:00:00,2023-10-04 06:00:00,0.09856000000000001
Netherlands,NLD,2023-10-04 05:00:00,2023-10-04 07:00:00,0.11686
Netherlands,NLD,2023-10-04 06:00:00,2023-10-04 08:00:00,0.12122
Netherlands,NLD,2023-10-04 07:00:00,2023-10-04 09:00:00,0.10587
Netherlands,NLD,2023-10-04 08:00:00,2023-10-04 10:00:00,0.07765999999999999
Netherlands,NLD,2023-10-04 09:00:00,2023-10-04 11:00:00,0.067
Netherlands,NLD,2023-10-04 10:00:00,2023-10-04 12:00:00,0.02072
Netherlands,NLD,2023-10-04 11:00:00,2023-10-04 13:00:00,0.04181
Netherlands,NLD,2023-10-04 12:00:00,2023-10-04 14:00:00,0.033170000000000005
Netherlands,NLD,2023-10-04 13:00:00,2023-10-04 15:00:00,0.062200000000000005
Netherlands,NLD,2023-10-04 14:00:00,2023-10-04 16:00:00,0.08077
Netherlands,NLD,2023-10-04 15:00:00,2023-10-04 17:00:00,0.092
Netherlands,NLD,2023-10-04 16:00:00,2023-10-04 18:00:00,0.0994
Netherlands,NLD,2023-10-04 17:00:00,2023-10-04 19:00:00,0.12778
Netherlands,NLD,2023-10-04 18:00:00,2023-10-04 20:00:00,0.1161
Netherlands,NLD,2023-10-04 19:00:00,2023-10-04 21:00:00,0.08781
Netherlands,NLD,2023-10-04 20:00:00,2023-10-04 22:00:00,0.08559
Netherlands,NLD,2023-10-04 21:00:00,2023-10-04 23:00:00,0.07786
Netherlands,NLD,2023-10-04 22:00:00,2023-10-05 00:00:00,0.08270000000000001
Netherlands,NLD,2023-10-04 23:00:00,2023-10-05 01:00:00,0.07687999999999999
Netherlands,NLD,2023-10-05 00:00:00,2023-10-05 02:00:00,0.0703
Netherlands,NLD,2023-10-05 01:00:00,2023-10-05 03:00:00,0.061200000000000004
Netherlands,NLD,2023-10-05 02:00:00,2023-10-05 04:00:00,0.069
Netherlands,NLD,2023-10-05 03:00:00,2023-10-05 05:00:00,0.07822
Netherlands,NLD,2023-10-05 04:00:00,2023-10-05 06:00:00,0.08952
Netherlands,NLD,2023-10-05 05:00:00,2023-10-05 07:00:00,0.10758
Netherlands,NLD,2023-10-05 06:00:00,2023-10-05 08:00:00,0.12183
Netherlands,NLD,2023-10-05 07:00:00,2023-10-05 09:00:00,0.10711
Netherlands,NLD,2023-10-05 08:00:00,2023-10-05 10:00:00,0.08733
Netherlands,NLD,2023-10-05 09:00:00,2023-10-05 11:00:00,0.08461
Netherlands,NLD,2023-10-05 10:00:00,2023-10-05 12:00:00,0.08761
Netherlands,NLD,2023-10-05 11:00:00,2023-10-05 13:00:00,0.07833
Netherlands,NLD,2023-10-05 12:00:00,2023-10-05 14:00:00,0.08003
Netherlands,NLD,2023-10-05 13:00:00,2023-10-05 15:00:00,0.08362
Netherlands,NLD,2023-10-05 14:00:00,2023-10-05 16:00:00,0.09423000000000001
Netherlands,NLD,2023-10-05 15:00:00,2023-10-05 17:00:00,0.11116
Netherlands,NLD,2023-10-05 16:00:00,2023-10-05 18:00:00,0.16507
Netherlands,NLD,2023-10-05 17:00:00,2023-10-05 19:00:00,0.22982
Netherlands,NLD,2023-10-05 18:00:00,2023-10-05 20:00:00,0.1394
Netherlands,NLD,2023-10-05 19:00:00,2023-10-05 21:00:00,0.10993
Netherlands,NLD,2023-10-05 20:00:00,2023-10-05 22:00:00,0.10098
Netherlands,NLD,2023-10-05 21:00:00,2023-10-05 23:00:00,0.09458
Netherlands,NLD,2023-10-05 22:00:00,2023-10-06 00:00:00,0.08739
Netherlands,NLD,2023-10-05 23:00:00,2023-10-06 01:00:00,0.08486
Netherlands,NLD,2023-10-06 00:00:00,2023-10-06 02:00:00,0.076
Netherlands,NLD,2023-10-06 01:00:00,2023-10-06 03:00:00,0.07506
Netherlands,NLD,2023-10-06 02:00:00,2023-10-06 04:00:00,0.06692000000000001
Netherlands,NLD,2023-10-06 03:00:00,2023-10-06 05:00:00,0.07178
Netherlands,NLD,2023-10-06 04:00:00,2023-10-06 06:00:00,0.09362000000000001
Netherlands,NLD,2023-10-06 05:00:00,2023-10-06 07:00:00,0.11551
Netherlands,NLD,2023-10-06 06:00:00,2023-10-06 08:00:00,0.12066
Netherlands,NLD,2023-10-06 07:00:00,2023-10-06 09:00:00,0.10439
Netherlands,NLD,2023-10-06 08:00:00,2023-10-06 10:00:00,0.084
Netherlands,NLD,2023-10-06 09:00:00,2023-10-06 11:00:00,0.06307
Netherlands,NLD,2023-10-06 10:00:00,2023-10-06 12:00:00,0.01622
Netherlands,NLD,2023-10-06 11:00:00,2023-10-06 13:00:00,0.00504
Netherlands,NLD,2023-10-06 12:00:00,2023-10-06 14:00:00,0.00147
Netherlands,NLD,2023-10-06 13:00:00,2023-10-06 15:00:00,0.039
Netherlands,NLD,2023-10-06 14:00:00,2023-10-06 16:00:00,0.062240000000000004
Netherlands,NLD,2023-10-06 15:00:00,2023-10-06 17:00:00,0.08655
Netherlands,NLD,2023-10-06 16:00:00,2023-10-06 18:00:00,0.10344
Netherlands,NLD,2023-10-06 17:00:00,2023-10-06 19:00:00,0.1118
Netherlands,NLD,2023-10-06 18:00:00,2023-10-06 20:00:00,0.10072
Netherlands,NLD,2023-10-06 19:00:00,2023-10-06 21:00:00,0.07764
Netherlands,NLD,2023-10-06 20:00:00,2023-10-06 22:00:00,0.08
Netherlands,NLD,2023-10-06 21:00:00,2023-10-06 23:00:00,0.0851
Netherlands,NLD,2023-10-06 22:00:00,2023-10-07 00:00:00,0.055
Netherlands,NLD,2023-10-06 23:00:00,2023-10-07 01:00:00,0.05079
Netherlands,NLD,2023-10-07 00:00:00,2023-10-07 02:00:00,0.0024300000000000003
Netherlands,NLD,2023-10-07 01:00:00,2023-10-07 03:00:00,0.00326
Netherlands,NLD,2023-10-07 02:00:00,2023-10-07 04:00:00,0.00624
Netherlands,NLD,2023-10-07 03:00:00,2023-10-07 05:00:00,0.02145
Netherlands,NLD,2023-10-07 04:00:00,2023-10-07 06:00:00,0.05192
Netherlands,NLD,2023-10-07 05:00:00,2023-10-07 07:00:00,0.06666
Netherlands,NLD,2023-10-07 06:00:00,2023-10-07 08:00:00,0.07107
Netherlands,NLD,2023-10-07 07:00:00,2023-10-07 09:00:00,0.06866
Netherlands,NLD,2023-10-07 08:00:00,2023-10-07 10:00:00,0.046810000000000004
Netherlands,NLD,2023-10-07 09:00:00,2023-10-07 11:00:00,0.019620000000000002
Netherlands,NLD,2023-10-07 10:00:00,2023-10-07 12:00:00,0.01038
Netherlands,NLD,2023-10-07 11:00:00,2023-10-07 13:00:00,0.00022
Netherlands,NLD,2023-10-07 12:00:00,2023-10-07 14:00:00,0.001
Netherlands,NLD,2023-10-07 13:00:00,2023-10-07 15:00:00,0.022010000000000002
Netherlands,NLD,2023-10-07 14:00:00,2023-10-07 16:00:00,0.061590000000000006
Netherlands,NLD,2023-10-07 15:00:00,2023-10-07 17:00:00,0.08644
Netherlands,NLD,2023-10-07 16:00:00,2023-10-07 18:00:00,0.10228
Netherlands,NLD,2023-10-07 17:00:00,2023-10-07 19:00:00,0.10890999999999999
Netherlands,NLD,2023-10-07 18:00:00,2023-10-07 20:00:00,0.1
Netherlands,NLD,2023-10-07 19:00:00,2023-10-07 21:00:00,0.08399
Netherlands,NLD,2023-10-07 20:00:00,2023-10-07 22:00:00,0.07619
Netherlands,NLD,2023-10-07 21:00:00,2023-10-07 23:00:00,0.072
Netherlands,NLD,2023-10-07 22:00:00,2023-10-08 00:00:00,0.10394
Netherlands,NLD,2023-10-07 23:00:00,2023-10-08 01:00:00,0.0896
Netherlands,NLD,2023-10-08 00:00:00,2023-10-08 02:00:00,0.08489000000000001
Netherlands,NLD,2023-10-08 01:00:00,2023-10-08 03:00:00,0.078
Netherlands,NLD,2023-10-08 02:00:00,2023-10-08 04:00:00,0.07181
Netherlands,NLD,2023-10-08 03:00:00,2023-10-08 05:00:00,0.07709
Netherlands,NLD,2023-10-08 04:00:00,2023-10-08 06:00:00,0.08351
Netherlands,NLD,2023-10-08 05:00:00,2023-10-08 07:00:00,0.1
Netherlands,NLD,2023-10-08 06:00:00,2023-10-08 08:00:00,0.10208
Netherlands,NLD,2023-10-08 07:00:00,2023-10-08 09:00:00,0.1009
Netherlands,NLD,2023-10-08 08:00:00,2023-10-08 10:00:00,0.08694
Netherlands,NLD,2023-10-08 09:00:00,2023-10-08 11:00:00,0.07656
Netherlands,NLD,2023-10-08 10:00:00,2023-10-08 12:00:00,0.07056
Netherlands,NLD,2023-10-08 11:00:00,2023-10-08 13:00:00,0.05515
Netherlands,NLD,2023-10-08 12:00:00,2023-10-08 14:00:00,0.054619999999999995
Netherlands,NLD,2023-10-08 13:00:00,2023-10-08 15:00:00,0.0708
Netherlands,NLD,2023-10-08 14:00:00,2023-10-08 16:00:00,0.08915000000000001
Netherlands,NLD,2023-10-08 15:00:00,2023-10-08 17:00:00,0.10828
Netherlands,NLD,2023-10-08 16:00:00,2023-10-08 18:00:00,0.13232
Netherlands,NLD,2023-10-08 17:00:00,2023-10-08 19:00:00,0.15841999999999998
Netherlands,NLD,2023-10-08 18:00:00,2023-10-08 20:00:00,0.13185
Netherlands,NLD,2023-10-08 19:00:00,2023-10-08 21:00:00,0.1102
Netherlands,NLD,2023-10-08 20:00:00,2023-10-08 22:00:00,0.10442
Netherlands,NLD,2023-10-08 21:00:00,2023-10-08 23:00:00,0.09634000000000001
Netherlands,NLD,2023-10-08 22:00:00,2023-10-09 00:00:00,0.09111
Netherlands,NLD,2023-10-08 23:00:00,2023-10-09 01:00:00,0.08745
Netherlands,NLD,2023-10-09 00:00:00,2023-10-09 02:00:00,0.08244
Netherlands,NLD,2023-10-09 01:00:00,2023-10-09 03:00:00,0.07740000000000001
Netherlands,NLD,2023-10-09 02:00:00,2023-10-09 04:00:00,0.075
Netherlands,NLD,2023-10-09 03:00:00,2023-10-09 05:00:00,0.07905
Netherlands,NLD,2023-10-09 04:00:00,2023-10-09 06:00:00,0.0965
Netherlands,NLD,2023-10-09 05:00:00,2023-10-09 07:00:00,0.1118
Netherlands,NLD,2023-10-09 06:00:00,2023-10-09 08:00:00,0.12702
Netherlands,NLD,2023-10-09 07:00:00,2023-10-09 09:00:00,0.12143999999999999
Netherlands,NLD,2023-10-09 08:00:00,2023-10-09 10:00:00,0.11156999999999999
Netherlands,NLD,2023-10-09 09:00:00,2023-10-09 11:00:00,0.10536
Netherlands,NLD,2023-10-09 10:00:00,2023-10-09 12:00:00,0.09855
Netherlands,NLD,2023-10-09 11:00:00,2023-10-09 13:00:00,0.09523999999999999
Netherlands,NLD,2023-10-09 12:00:00,2023-10-09 14:00:00,0.09741
Netherlands,NLD,2023-10-09 13:00:00,2023-10-09 15:00:00,0.07940000000000001
Netherlands,NLD,2023-10-09 14:00:00,2023-10-09 16:00:00,0.1082
Netherlands,NLD,2023-10-09 15:00:00,2023-10-09 17:00:00,0.12958
Netherlands,NLD,2023-10-09 16:00:00,2023-10-09 18:00:00,0.18922
Netherlands,NLD,2023-10-09 17:00:00,2023-10-09 19:00:00,0.22169999999999998
Netherlands,NLD,2023-10-09 18:00:00,2023-10-09 20:00:00,0.1845
Netherlands,NLD,2023-10-09 19:00:00,2023-10-09 21:00:00,0.13286
Netherlands,NLD,2023-10-09 20:00:00,2023-10-09 22:00:00,0.12
Netherlands,NLD,2023-10-09 21:00:00,2023-10-09 23:00:00,0.11270000000000001
Netherlands,NLD,2023-10-09 22:00:00,2023-10-10 00:00:00,0.104
Netherlands,NLD,2023-10-09 23:00:00,2023-10-10 01:00:00,0.1006
Netherlands,NLD,2023-10-10 00:00:00,2023-10-10 02:00:00,0.0999
Netherlands,NLD,2023-10-10 01:00:00,2023-10-10 03:00:00,0.09952
Netherlands,NLD,2023-10-10 02:00:00,2023-10-10 04:00:00,0.09737
Netherlands,NLD,2023-10-10 03:00:00,2023-10-10 05:00:00,0.10422
Netherlands,NLD,2023-10-10 04:00:00,2023-10-10 06:00:00,0.12869999999999998
Netherlands,NLD,2023-10-10 05:00:00,2023-10-10 07:00:00,0.17471
Netherlands,NLD,2023-10-10 06:00:00,2023-10-10 08:00:00,0.17775
Netherlands,NLD,2023-10-10 07:00:00,2023-10-10 09:00:00,0.1321
Netherlands,NLD,2023-10-10 08:00:00,2023-10-10 10:00:00,0.11397
Netherlands,NLD,2023-10-10 09:00:00,2023-10-10 11:00:00,0.10395
Netherlands,NLD,2023-10-10 10:00:00,2023-10-10 12:00:00,0.09455
Netherlands,NLD,2023-10-10 11:00:00,2023-10-10 13:00:00,0.07933
Netherlands,NLD,2023-10-10 12:00:00,2023-10-10 14:00:00,0.078
Netherlands,NLD,2023-10-10 13:00:00,2023-10-10 15:00:00,0.07425
Netherlands,NLD,2023-10-10 14:00:00,2023-10-10 16:00:00,0.0866
Netherlands,NLD,2023-10-10 15:00:00,2023-10-10 17:00:00,0.09989
Netherlands,NLD,2023-10-10 16:00:00,2023-10-10 18:00:00,0.12885
Netherlands,NLD,2023-10-10 17:00:00,2023-10-10 19:00:00,0.13972
Netherlands,NLD,2023-10-10 18:00:00,2023-10-10 20:00:00,0.10457999999999999
Netherlands,NLD,2023-10-10 19:00:00,2023-10-10 21:00:00,0.0863
Netherlands,NLD,2023-10-10 20:00:00,2023-10-10 22:00:00,0.08859
Netherlands,NLD,2023-10-10 21:00:00,2023-10-10 23:00:00,0.06814
Netherlands,NLD,2023-10-10 22:00:00,2023-10-11 00:00:00,0.06275
Netherlands,NLD,2023-10-10 23:00:00,2023-10-11 01:00:00,0.0246
Netherlands,NLD,2023-10-11 00:00:00,2023-10-11 02:00:00,0.0058200000000000005
Netherlands,NLD,2023-10-11 01:00:00,2023-10-11 03:00:00,5.9999999999999995e-05
Netherlands,NLD,2023-10-11 02:00:00,2023-10-11 04:00:00,0.0
Netherlands,NLD,2023-10-11 03:00:00,2023-10-11 05:00:00,0.00707
Netherlands,NLD,2023-10-11 04:00:00,2023-10-11 06:00:00,0.07884000000000001
Netherlands,NLD,2023-10-11 05:00:00,2023-10-11 07:00:00,0.12713
Netherlands,NLD,2023-10-11 06:00:00,2023-10-11 08:00:00,0.13463
Netherlands,NLD,2023-10-11 07:00:00,2023-10-11 09:00:00,0.11176
Netherlands,NLD,2023-10-11 08:00:00,2023-10-11 10:00:00,0.05958
Netherlands,NLD,2023-10-11 09:00:00,2023-10-11 11:00:00,0.0010500000000000002
Netherlands,NLD,2023-10-11 10:00:00,2023-10-11 12:00:00,0.0
Netherlands,NLD,2023-10-11 11:00:00,2023-10-11 13:00:00,-5.9999999999999995e-05
Netherlands,NLD,2023-10-11 12:00:00,2023-10-11 14:00:00,-4e-05
Netherlands,NLD,2023-10-11 13:00:00,2023-10-11 15:00:00,5.9999999999999995e-05
Netherlands,NLD,2023-10-11 14:00:00,2023-10-11 16:00:00,0.06042
Netherlands,NLD,2023-10-11 15:00:00,2023-10-11 17:00:00,0.10432999999999999
Netherlands,NLD,2023-10-11 16:00:00,2023-10-11 18:00:00,0.12824000000000002
Netherlands,NLD,2023-10-11 17:00:00,2023-10-11 19:00:00,0.152
Netherlands,NLD,2023-10-11 18:00:00,2023-10-11 20:00:00,0.142
Netherlands,NLD,2023-10-11 19:00:00,2023-10-11 21:00:00,0.1201
Netherlands,NLD,2023-10-11 20:00:00,2023-10-11 22:00:00,0.11295999999999999
Netherlands,NLD,2023-10-11 21:00:00,2023-10-11 23:00:00,0.11616
Netherlands,NLD,2023-10-11 22:00:00,2023-10-12 00:00:00,0.12875999999999999
Netherlands,NLD,2023-10-11 23:00:00,2023-10-12 01:00:00,0.12271
Netherlands,NLD,2023-10-12 00:00:00,2023-10-12 02:00:00,0.13812
Netherlands,NLD,2023-10-12 01:00:00,2023-10-12 03:00:00,0.115
Netherlands,NLD,2023-10-12 02:00:00,2023-10-12 04:00:00,0.08904000000000001
Netherlands,NLD,2023-10-12 03:00:00,2023-10-12 05:00:00,0.1026
Netherlands,NLD,2023-10-12 04:00:00,2023-10-12 06:00:00,0.1265
Netherlands,NLD,2023-10-12 05:00:00,2023-10-12 07:00:00,0.13338999999999998
Netherlands,NLD,2023-10-12 06:00:00,2023-10-12 08:00:00,0.14839
Netherlands,NLD,2023-10-12 07:00:00,2023-10-12 09:00:00,0.16928
Netherlands,NLD,2023-10-12 08:00:00,2023-10-12 10:00:00,0.13172
Netherlands,NLD,2023-10-12 09:00:00,2023-10-12 11:00:00,0.125
Netherlands,NLD,2023-10-12 10:00:00,2023-10-12 12:00:00,0.11108
Netherlands,NLD,2023-10-12 11:00:00,2023-10-12 13:00:00,0.10429000000000001
Netherlands,NLD,2023-10-12 12:00:00,2023-10-12 14:00:00,0.10837999999999999
Netherlands,NLD,2023-10-12 13:00:00,2023-10-12 15:00:00,0.12
Netherlands,NLD,2023-10-12 14:00:00,2023-10-12 16:00:00,0.12358
Netherlands,NLD,2023-10-12 15:00:00,2023-10-12 17:00:00,0.14529
Netherlands,NLD,2023-10-12 16:00:00,2023-10-12 18:00:00,0.17029
Netherlands,NLD,2023-10-12 17:00:00,2023-10-12 19:00:00,0.22109
Netherlands,NLD,2023-10-12 18:00:00,2023-10-12 20:00:00,0.15161000000000002
Netherlands,NLD,2023-10-12 19:00:00,2023-10-12 21:00:00,0.12936
Netherlands,NLD,2023-10-12 20:00:00,2023-10-12 22:00:00,0.1235
Netherlands,NLD,2023-10-12 21:00:00,2023-10-12 23:00:00,0.10984000000000001
Netherlands,NLD,2023-10-12 22:00:00,2023-10-13 00:00:00,0.12398999999999999
Netherlands,NLD,2023-10-12 23:00:00,2023-10-13 01:00:00,0.115
Netherlands,NLD,2023-10-13 00:00:00,2023-10-13 02:00:00,0.10714
Netherlands,NLD,2023-10-13 01:00:00,2023-10-13 03:00:00,0.1014
Netherlands,NLD,2023-10-13 02:00:00,2023-10-13 04:00:00,0.0999
Netherlands,NLD,2023-10-13 03:00:00,2023-10-13 05:00:00,0.08575
Netherlands,NLD,2023-10-13 04:00:00,2023-10-13 06:00:00,0.1042
Netherlands,NLD,2023-10-13 05:00:00,2023-10-13 07:00:00,0.14076
Netherlands,NLD,2023-10-13 06:00:00,2023-10-13 08:00:00,0.14492
Netherlands,NLD,2023-10-13 07:00:00,2023-10-13 09:00:00,0.13205
Netherlands,NLD,2023-10-13 08:00:00,2023-10-13 10:00:00,0.099
Netherlands,NLD,2023-10-13 09:00:00,2023-10-13 11:00:00,0.07202
Netherlands,NLD,2023-10-13 10:00:00,2023-10-13 12:00:00,0.03445
Netherlands,NLD,2023-10-13 11:00:00,2023-10-13 13:00:00,0.0073
Netherlands,NLD,2023-10-13 12:00:00,2023-10-13 14:00:00,0.00431
Netherlands,NLD,2023-10-13 13:00:00,2023-10-13 15:00:00,0.00424
Netherlands,NLD,2023-10-13 14:00:00,2023-10-13 16:00:00,0.01017
Netherlands,NLD,2023-10-13 15:00:00,2023-10-13 17:00:00,0.0501
Netherlands,NLD,2023-10-13 16:00:00,2023-10-13 18:00:00,0.07991
Netherlands,NLD,2023-10-13 17:00:00,2023-10-13 19:00:00,0.1
Netherlands,NLD,2023-10-13 18:00:00,2023-10-13 20:00:00,0.074
Netherlands,NLD,2023-10-13 19:00:00,2023-10-13 21:00:00,0.008
Netherlands,NLD,2023-10-13 20:00:00,2023-10-13 22:00:00,0.00020999999999999998
Netherlands,NLD,2023-10-13 21:00:00,2023-10-13 23:00:00,-0.0008100000000000001
Netherlands,NLD,2023-10-13 22:00:00,2023-10-14 00:00:00,-8.999999999999999e-05
Netherlands,NLD,2023-10-13 23:00:00,2023-10-14 01:00:00,-0.00257
Netherlands,NLD,2023-10-14 00:00:00,2023-10-14 02:00:00,-0.0009
Netherlands,NLD,2023-10-14 01:00:00,2023-10-14 03:00:00,-0.00103
Netherlands,NLD,2023-10-14 02:00:00,2023-10-14 04:00:00,-0.00139
Netherlands,NLD,2023-10-14 03:00:00,2023-10-14 05:00:00,-0.00127
Netherlands,NLD,2023-10-14 04:00:00,2023-10-14 06:00:00,-0.0003
Netherlands,NLD,2023-10-14 05:00:00,2023-10-14 07:00:00,0.00165
Netherlands,NLD,2023-10-14 06:00:00,2023-10-14 08:00:00,0.034210000000000004
Netherlands,NLD,2023-10-14 07:00:00,2023-10-14 09:00:00,0.032060000000000005
Netherlands,NLD,2023-10-14 08:00:00,2023-10-14 10:00:00,0.00382
Netherlands,NLD,2023-10-14 09:00:00,2023-10-14 11:00:00,-1e-05
Netherlands,NLD,2023-10-14 10:00:00,2023-10-14 12:00:00,-0.0029
Netherlands,NLD,2023-10-14 11:00:00,2023-10-14 13:00:00,-0.00262
Netherlands,NLD,2023-10-14 12:00:00,2023-10-14 14:00:00,-0.00211
Netherlands,NLD,2023-10-14 13:00:00,2023-10-14 15:00:00,-8e-05
Netherlands,NLD,2023-10-14 14:00:00,2023-10-14 16:00:00,0.0006
Netherlands,NLD,2023-10-14 15:00:00,2023-10-14 17:00:00,0.06813
Netherlands,NLD,2023-10-14 16:00:00,2023-10-14 18:00:00,0.12
Netherlands,NLD,2023-10-14 17:00:00,2023-10-14 19:00:00,0.166
Netherlands,NLD,2023-10-14 18:00:00,2023-10-14 20:00:00,0.17989
Netherlands,NLD,2023-10-14 19:00:00,2023-10-14 21:00:00,0.128
Netherlands,NLD,2023-10-14 20:00:00,2023-10-14 22:00:00,0.1178
Netherlands,NLD,2023-10-14 21:00:00,2023-10-14 23:00:00,0.111
Netherlands,NLD,2023-10-14 22:00:00,2023-10-15 00:00:00,0.069
Netherlands,NLD,2023-10-14 23:00:00,2023-10-15 01:00:00,0.034
Netherlands,NLD,2023-10-15 00:00:00,2023-10-15 02:00:00,0.00583
Netherlands,NLD,2023-10-15 01:00:00,2023-10-15 03:00:00,0.00911
Netherlands,NLD,2023-10-15 02:00:00,2023-10-15 04:00:00,0.0057599999999999995
Netherlands,NLD,2023-10-15 03:00:00,2023-10-15 05:00:00,0.00767
Netherlands,NLD,2023-10-15 04:00:00,2023-10-15 06:00:00,0.00579
Netherlands,NLD,2023-10-15 05:00:00,2023-10-15 07:00:00,0.04683
Netherlands,NLD,2023-10-15 06:00:00,2023-10-15 08:00:00,0.06904
Netherlands,NLD,2023-10-15 07:00:00,2023-10-15 09:00:00,0.078
Netherlands,NLD,2023-10-15 08:00:00,2023-10-15 10:00:00,0.04111
Netherlands,NLD,2023-10-15 09:00:00,2023-10-15 11:00:00,-0.00101
Netherlands,NLD,2023-10-15 10:00:00,2023-10-15 12:00:00,-0.00439
Netherlands,NLD,2023-10-15 11:00:00,2023-10-15 13:00:00,-0.00103
Netherlands,NLD,2023-10-15 12:00:00,2023-10-15 14:00:00,-0.0070999999999999995
Netherlands,NLD,2023-10-15 13:00:00,2023-10-15 15:00:00,0.004860000000000001
Netherlands,NLD,2023-10-15 14:00:00,2023-10-15 16:00:00,0.03364
Netherlands,NLD,2023-10-15 15:00:00,2023-10-15 17:00:00,0.11159999999999999
Netherlands,NLD,2023-10-15 16:00:00,2023-10-15 18:00:00,0.16083
Netherlands,NLD,2023-10-15 17:00:00,2023-10-15 19:00:00,0.18763
Netherlands,NLD,2023-10-15 18:00:00,2023-10-15 20:00:00,0.194
Netherlands,NLD,2023-10-15 19:00:00,2023-10-15 21:00:00,0.145
Netherlands,NLD,2023-10-15 20:00:00,2023-10-15 22:00:00,0.1368
Netherlands,NLD,2023-10-15 21:00:00,2023-10-15 23:00:00,0.1356
Netherlands,NLD,2023-10-15 22:00:00,2023-10-16 00:00:00,0.1202
Netherlands,NLD,2023-10-15 23:00:00,2023-10-16 01:00:00,0.1166
Netherlands,NLD,2023-10-16 00:00:00,2023-10-16 02:00:00,0.1107
Netherlands,NLD,2023-10-16 01:00:00,2023-10-16 03:00:00,0.11009999999999999
Netherlands,NLD,2023-10-16 02:00:00,2023-10-16 04:00:00,0.107
Netherlands,NLD,2023-10-16 03:00:00,2023-10-16 05:00:00,0.11
Netherlands,NLD,2023-10-16 04:00:00,2023-10-16 06:00:00,0.13956
Netherlands,NLD,2023-10-16 05:00:00,2023-10-16 07:00:00,0.15937
Netherlands,NLD,2023-10-16 06:00:00,2023-10-16 08:00:00,0.204
Netherlands,NLD,2023-10-16 07:00:00,2023-10-16 09:00:00,0.1643
Netherlands,NLD,2023-10-16 08:00:00,2023-10-16 10:00:00,0.16799
Netherlands,NLD,2023-10-16 09:00:00,2023-10-16 11:00:00,0.12029999999999999
Netherlands,NLD,2023-10-16 10:00:00,2023-10-16 12:00:00,0.11376
Netherlands,NLD,2023-10-16 11:00:00,2023-10-16 13:00:00,0.10626000000000001
Netherlands,NLD,2023-10-16 12:00:00,2023-10-16 14:00:00,0.10948999999999999
Netherlands,NLD,2023-10-16 13:00:00,2023-10-16 15:00:00,0.11675
Netherlands,NLD,2023-10-16 14:00:00,2023-10-16 16:00:00,0.13896
Netherlands,NLD,2023-10-16 15:00:00,2023-10-16 17:00:00,0.17023
Netherlands,NLD,2023-10-16 16:00:00,2023-10-16 18:00:00,0.2144
Netherlands,NLD,2023-10-16 17:00:00,2023-10-16 19:00:00,0.24
Netherlands,NLD,2023-10-16 18:00:00,2023-10-16 20:00:00,0.16063999999999998
Netherlands,NLD,2023-10-16 19:00:00,2023-10-16 21:00:00,0.14543999999999999
Netherlands,NLD,2023-10-16 20:00:00,2023-10-16 22:00:00,0.1352
Netherlands,NLD,2023-10-16 21:00:00,2023-10-16 23:00:00,0.11921999999999999
Netherlands,NLD,2023-10-16 22:00:00,2023-10-17 00:00:00,0.12758
Netherlands,NLD,2023-10-16 23:00:00,2023-10-17 01:00:00,0.11404
Netherlands,NLD,2023-10-17 00:00:00,2023-10-17 02:00:00,0.10840000000000001
Netherlands,NLD,2023-10-17 01:00:00,2023-10-17 03:00:00,0.10657
Netherlands,NLD,2023-10-17 02:00:00,2023-10-17 04:00:00,0.10543999999999999
Netherlands,NLD,2023-10-17 03:00:00,2023-10-17 05:00:00,0.11384999999999999
Netherlands,NLD,2023-10-17 04:00:00,2023-10-17 06:00:00,0.133
Netherlands,NLD,2023-10-17 05:00:00,2023-10-17 07:00:00,0.16178
Netherlands,NLD,2023-10-17 06:00:00,2023-10-17 08:00:00,0.18733000000000002
Netherlands,NLD,2023-10-17 07:00:00,2023-10-17 09:00:00,0.15944999999999998
Netherlands,NLD,2023-10-17 08:00:00,2023-10-17 10:00:00,0.13498
Netherlands,NLD,2023-10-17 09:00:00,2023-10-17 11:00:00,0.11367000000000001
Netherlands,NLD,2023-10-17 10:00:00,2023-10-17 12:00:00,0.10561
Netherlands,NLD,2023-10-17 11:00:00,2023-10-17 13:00:00,0.08861
Netherlands,NLD,2023-10-17 12:00:00,2023-10-17 14:00:00,0.08098000000000001
Netherlands,NLD,2023-10-17 13:00:00,2023-10-17 15:00:00,0.09725
Netherlands,NLD,2023-10-17 14:00:00,2023-10-17 16:00:00,0.119
Netherlands,NLD,2023-10-17 15:00:00,2023-10-17 17:00:00,0.13989
Netherlands,NLD,2023-10-17 16:00:00,2023-10-17 18:00:00,0.1598
Netherlands,NLD,2023-10-17 17:00:00,2023-10-17 19:00:00,0.16169
Netherlands,NLD,2023-10-17 18:00:00,2023-10-17 20:00:00,0.12847999999999998
Netherlands,NLD,2023-10-17 19:00:00,2023-10-17 21:00:00,0.11972
Netherlands,NLD,2023-10-17 20:00:00,2023-10-17 22:00:00,0.10848000000000001
Netherlands,NLD,2023-10-17 21:00:00,2023-10-17 23:00:00,0.09514
Netherlands,NLD,2023-10-17 22:00:00,2023-10-18 00:00:00,0.07618000000000001
Netherlands,NLD,2023-10-17 23:00:00,2023-10-18 01:00:00,0.06335
Netherlands,NLD,2023-10-18 00:00:00,2023-10-18 02:00:00,0.05773
Netherlands,NLD,2023-10-18 01:00:00,2023-10-18 03:00:00,0.04956
Netherlands,NLD,2023-10-18 02:00:00,2023-10-18 04:00:00,0.04254
Netherlands,NLD,2023-10-18 03:00:00,2023-10-18 05:00:00,0.048420000000000005
Netherlands,NLD,2023-10-18 04:00:00,2023-10-18 06:00:00,0.08665
Netherlands,NLD,2023-10-18 05:00:00,2023-10-18 07:00:00,0.11928
Netherlands,NLD,2023-10-18 06:00:00,2023-10-18 08:00:00,0.14845
Netherlands,NLD,2023-10-18 07:00:00,2023-10-18 09:00:00,0.11913
Netherlands,NLD,2023-10-18 08:00:00,2023-10-18 10:00:00,0.08999
Netherlands,NLD,2023-10-18 09:00:00,2023-10-18 11:00:00,0.07692
Netherlands,NLD,2023-10-18 10:00:00,2023-10-18 12:00:00,0.07009
Netherlands,NLD,2023-10-18 11:00:00,2023-10-18 13:00:00,0.064
Netherlands,NLD,2023-10-18 12:00:00,2023-10-18 14:00:00,0.06587
Netherlands,NLD,2023-10-18 13:00:00,2023-10-18 15:00:00,0.06673
Netherlands,NLD,2023-10-18 14:00:00,2023-10-18 16:00:00,0.07490000000000001
Netherlands,NLD,2023-10-18 15:00:00,2023-10-18 17:00:00,0.10255
Netherlands,NLD,2023-10-18 16:00:00,2023-10-18 18:00:00,0.1055
Netherlands,NLD,2023-10-18 17:00:00,2023-10-18 19:00:00,0.10678
Netherlands,NLD,2023-10-18 18:00:00,2023-10-18 20:00:00,0.09684999999999999
Netherlands,NLD,2023-10-18 19:00:00,2023-10-18 21:00:00,0.08554
Netherlands,NLD,2023-10-18 20:00:00,2023-10-18 22:00:00,0.06579
Netherlands,NLD,2023-10-18 21:00:00,2023-10-18 23:00:00,0.0348
Netherlands,NLD,2023-10-18 22:00:00,2023-10-19 00:00:00,0.00517
Netherlands,NLD,2023-10-18 23:00:00,2023-10-19 01:00:00,-0.0037
Netherlands,NLD,2023-10-19 00:00:00,2023-10-19 02:00:00,-0.0044
Netherlands,NLD,2023-10-19 01:00:00,2023-10-19 03:00:00,0.0
Netherlands,NLD,2023-10-19 02:00:00,2023-10-19 04:00:00,-0.00257
Netherlands,NLD,2023-10-19 03:00:00,2023-10-19 05:00:00,0.015269999999999999
Netherlands,NLD,2023-10-19 04:00:00,2023-10-19 06:00:00,0.08006
Netherlands,NLD,2023-10-19 05:00:00,2023-10-19 07:00:00,0.10312
Netherlands,NLD,2023-10-19 06:00:00,2023-10-19 08:00:00,0.12239
Netherlands,NLD,2023-10-19 07:00:00,2023-10-19 09:00:00,0.127
Netherlands,NLD,2023-10-19 08:00:00,2023-10-19 10:00:00,0.1237
Netherlands,NLD,2023-10-19 09:00:00,2023-10-19 11:00:00,0.12607
Netherlands,NLD,2023-10-19 10:00:00,2023-10-19 12:00:00,0.12545
Netherlands,NLD,2023-10-19 11:00:00,2023-10-19 13:00:00,0.122
Netherlands,NLD,2023-10-19 12:00:00,2023-10-19 14:00:00,0.12034
Netherlands,NLD,2023-10-19 13:00:00,2023-10-19 15:00:00,0.12064
Netherlands,NLD,2023-10-19 14:00:00,2023-10-19 16:00:00,0.126
Netherlands,NLD,2023-10-19 15:00:00,2023-10-19 17:00:00,0.14792
Netherlands,NLD,2023-10-19 16:00:00,2023-10-19 18:00:00,0.16
Netherlands,NLD,2023-10-19 17:00:00,2023-10-19 19:00:00,0.155
Netherlands,NLD,2023-10-19 18:00:00,2023-10-19 20:00:00,0.1168
Netherlands,NLD,2023-10-19 19:00:00,2023-10-19 21:00:00,0.0999
Netherlands,NLD,2023-10-19 20:00:00,2023-10-19 22:00:00,0.106
Netherlands,NLD,2023-10-19 21:00:00,2023-10-19 23:00:00,0.0952
Netherlands,NLD,2023-10-19 22:00:00,2023-10-20 00:00:00,0.07759
Netherlands,NLD,2023-10-19 23:00:00,2023-10-20 01:00:00,0.06082
Netherlands,NLD,2023-10-20 00:00:00,2023-10-20 02:00:00,0.04136
Netherlands,NLD,2023-10-20 01:00:00,2023-10-20 03:00:00,0.023190000000000002
Netherlands,NLD,2023-10-20 02:00:00,2023-10-20 04:00:00,0.00541
Netherlands,NLD,2023-10-20 03:00:00,2023-10-20 05:00:00,0.03261
Netherlands,NLD,2023-10-20 04:00:00,2023-10-20 06:00:00,0.07302
Netherlands,NLD,2023-10-20 05:00:00,2023-10-20 07:00:00,0.10812000000000001
Netherlands,NLD,2023-10-20 06:00:00,2023-10-20 08:00:00,0.11961
Netherlands,NLD,2023-10-20 07:00:00,2023-10-20 09:00:00,0.12476000000000001
Netherlands,NLD,2023-10-20 08:00:00,2023-10-20 10:00:00,0.12492
Netherlands,NLD,2023-10-20 09:00:00,2023-10-20 11:00:00,0.11832
Netherlands,NLD,2023-10-20 10:00:00,2023-10-20 12:00:00,0.1118
Netherlands,NLD,2023-10-20 11:00:00,2023-10-20 13:00:00,0.1141
Netherlands,NLD,2023-10-20 12:00:00,2023-10-20 14:00:00,0.1037
Netherlands,NLD,2023-10-20 13:00:00,2023-10-20 15:00:00,0.09834
Netherlands,NLD,2023-10-20 14:00:00,2023-10-20 16:00:00,0.09966
Netherlands,NLD,2023-10-20 15:00:00,2023-10-20 17:00:00,0.12279999999999999
Netherlands,NLD,2023-10-20 16:00:00,2023-10-20 18:00:00,0.13597
Netherlands,NLD,2023-10-20 17:00:00,2023-10-20 19:00:00,0.1446
Netherlands,NLD,2023-10-20 18:00:00,2023-10-20 20:00:00,0.1175
Netherlands,NLD,2023-10-20 19:00:00,2023-10-20 21:00:00,0.09487999999999999
Netherlands,NLD,2023-10-20 20:00:00,2023-10-20 22:00:00,0.091
Netherlands,NLD,2023-10-20 21:00:00,2023-10-20 23:00:00,0.068
Netherlands,NLD,2023-10-20 22:00:00,2023-10-21 00:00:00,0.0531
Netherlands,NLD,2023-10-20 23:00:00,2023-10-21 01:00:00,0.037270000000000005
Netherlands,NLD,2023-10-21 00:00:00,2023-10-21 02:00:00,0.039740000000000004
Netherlands,NLD,2023-10-21 01:00:00,2023-10-21 03:00:00,0.03462
Netherlands,NLD,2023-10-21 02:00:00,2023-10-21 04:00:00,0.04046
Netherlands,NLD,2023-10-21 03:00:00,2023-10-21 05:00:00,0.03552
Netherlands,NLD,2023-10-21 04:00:00,2023-10-21 06:00:00,0.04162
Netherlands,NLD,2023-10-21 05:00:00,2023-10-21 07:00:00,0.06383
Netherlands,NLD,2023-10-21 06:00:00,2023-10-21 08:00:00,0.07471
Netherlands,NLD,2023-10-21 07:00:00,2023-10-21 09:00:00,0.059
Netherlands,NLD,2023-10-21 08:00:00,2023-10-21 10:00:00,0.044829999999999995
Netherlands,NLD,2023-10-21 09:00:00,2023-10-21 11:00:00,0.031100000000000003
Netherlands,NLD,2023-10-21 10:00:00,2023-10-21 12:00:00,0.0208
Netherlands,NLD,2023-10-21 11:00:00,2023-10-21 13:00:00,0.01
Netherlands,NLD,2023-10-21 12:00:00,2023-10-21 14:00:00,0.013210000000000001
Netherlands,NLD,2023-10-21 13:00:00,2023-10-21 15:00:00,0.02665
Netherlands,NLD,2023-10-21 14:00:00,2023-10-21 16:00:00,0.061590000000000006
Netherlands,NLD,2023-10-21 15:00:00,2023-10-21 17:00:00,0.09284999999999999
Netherlands,NLD,2023-10-21 16:00:00,2023-10-21 18:00:00,0.11481999999999999
Netherlands,NLD,2023-10-21 17:00:00,2023-10-21 19:00:00,0.11475
Netherlands,NLD,2023-10-21 18:00:00,2023-10-21 20:00:00,0.09
Netherlands,NLD,2023-10-21 19:00:00,2023-10-21 21:00:00,0.052649999999999995
Netherlands,NLD,2023-10-21 20:00:00,2023-10-21 22:00:00,0.04893
Netherlands,NLD,2023-10-21 21:00:00,2023-10-21 23:00:00,0.04015
Netherlands,NLD,2023-10-21 22:00:00,2023-10-22 00:00:00,0.039369999999999995
Netherlands,NLD,2023-10-21 23:00:00,2023-10-22 01:00:00,0.030359999999999998
Netherlands,NLD,2023-10-22 00:00:00,2023-10-22 02:00:00,0.01859
Netherlands,NLD,2023-10-22 01:00:00,2023-10-22 03:00:00,0.01563
Netherlands,NLD,2023-10-22 02:00:00,2023-10-22 04:00:00,0.01835
Netherlands,NLD,2023-10-22 03:00:00,2023-10-22 05:00:00,0.03432
Netherlands,NLD,2023-10-22 04:00:00,2023-10-22 06:00:00,0.030260000000000002
Netherlands,NLD,2023-10-22 05:00:00,2023-10-22 07:00:00,0.0582
Netherlands,NLD,2023-10-22 06:00:00,2023-10-22 08:00:00,0.05489
Netherlands,NLD,2023-10-22 07:00:00,2023-10-22 09:00:00,0.0649
Netherlands,NLD,2023-10-22 08:00:00,2023-10-22 10:00:00,0.05194
Netherlands,NLD,2023-10-22 09:00:00,2023-10-22 11:00:00,0.04884
Netherlands,NLD,2023-10-22 10:00:00,2023-10-22 12:00:00,0.04499
Netherlands,NLD,2023-10-22 11:00:00,2023-10-22 13:00:00,0.02919
Netherlands,NLD,2023-10-22 12:00:00,2023-10-22 14:00:00,0.03084
Netherlands,NLD,2023-10-22 13:00:00,2023-10-22 15:00:00,0.05154
Netherlands,NLD,2023-10-22 14:00:00,2023-10-22 16:00:00,0.07593000000000001
Netherlands,NLD,2023-10-22 15:00:00,2023-10-22 17:00:00,0.12944999999999998
Netherlands,NLD,2023-10-22 16:00:00,2023-10-22 18:00:00,0.1499
Netherlands,NLD,2023-10-22 17:00:00,2023-10-22 19:00:00,0.14994
Netherlands,NLD,2023-10-22 18:00:00,2023-10-22 20:00:00,0.13989
Netherlands,NLD,2023-10-22 19:00:00,2023-10-22 21:00:00,0.11247
Netherlands,NLD,2023-10-22 20:00:00,2023-10-22 22:00:00,0.10218
Netherlands,NLD,2023-10-22 21:00:00,2023-10-22 23:00:00,0.10109
Netherlands,NLD,2023-10-22 22:00:00,2023-10-23 00:00:00,0.11502
Netherlands,NLD,2023-10-22 23:00:00,2023-10-23 01:00:00,0.101
Netherlands,NLD,2023-10-23 00:00:00,2023-10-23 02:00:00,0.10128
Netherlands,NLD,2023-10-23 01:00:00,2023-10-23 03:00:00,0.10022
Netherlands,NLD,2023-10-23 02:00:00,2023-10-23 04:00:00,0.09894
Netherlands,NLD,2023-10-23 03:00:00,2023-10-23 05:00:00,0.10598
Netherlands,NLD,2023-10-23 04:00:00,2023-10-23 06:00:00,0.13553
Netherlands,NLD,2023-10-23 05:00:00,2023-10-23 07:00:00,0.1736
Netherlands,NLD,2023-10-23 06:00:00,2023-10-23 08:00:00,0.19838999999999998
Netherlands,NLD,2023-10-23 07:00:00,2023-10-23 09:00:00,0.15181
Netherlands,NLD,2023-10-23 08:00:00,2023-10-23 10:00:00,0.12807
Netherlands,NLD,2023-10-23 09:00:00,2023-10-23 11:00:00,0.10903
Netherlands,NLD,2023-10-23 10:00:00,2023-10-23 12:00:00,0.10226
Netherlands,NLD,2023-10-23 11:00:00,2023-10-23 13:00:00,0.10321999999999999
Netherlands,NLD,2023-10-23 12:00:00,2023-10-23 14:00:00,0.107
Netherlands,NLD,2023-10-23 13:00:00,2023-10-23 15:00:00,0.12507
Netherlands,NLD,2023-10-23 14:00:00,2023-10-23 16:00:00,0.13244
Netherlands,NLD,2023-10-23 15:00:00,2023-10-23 17:00:00,0.14725
Netherlands,NLD,2023-10-23 16:00:00,2023-10-23 18:00:00,0.15868000000000002
Netherlands,NLD,2023-10-23 17:00:00,2023-10-23 19:00:00,0.15469999999999998
Netherlands,NLD,2023-10-23 18:00:00,2023-10-23 20:00:00,0.1247
Netherlands,NLD,2023-10-23 19:00:00,2023-10-23 21:00:00,0.10382
Netherlands,NLD,2023-10-23 20:00:00,2023-10-23 22:00:00,0.108
Netherlands,NLD,2023-10-23 21:00:00,2023-10-23 23:00:00,0.09276000000000001
Netherlands,NLD,2023-10-23 22:00:00,2023-10-24 00:00:00,0.10133
Netherlands,NLD,2023-10-23 23:00:00,2023-10-24 01:00:00,0.09720999999999999
Netherlands,NLD,2023-10-24 00:00:00,2023-10-24 02:00:00,0.09454000000000001
Netherlands,NLD,2023-10-24 01:00:00,2023-10-24 03:00:00,0.08946
Netherlands,NLD,2023-10-24 02:00:00,2023-10-24 04:00:00,0.09026999999999999
Netherlands,NLD,2023-10-24 03:00:00,2023-10-24 05:00:00,0.09445
Netherlands,NLD,2023-10-24 04:00:00,2023-10-24 06:00:00,0.10112
Netherlands,NLD,2023-10-24 05:00:00,2023-10-24 07:00:00,0.11967
Netherlands,NLD,2023-10-24 06:00:00,2023-10-24 08:00:00,0.13031
Netherlands,NLD,2023-10-24 07:00:00,2023-10-24 09:00:00,0.13635
Netherlands,NLD,2023-10-24 08:00:00,2023-10-24 10:00:00,0.12837
Netherlands,NLD,2023-10-24 09:00:00,2023-10-24 11:00:00,0.125
Netherlands,NLD,2023-10-24 10:00:00,2023-10-24 12:00:00,0.11899
Netherlands,NLD,2023-10-24 11:00:00,2023-10-24 13:00:00,0.11254
Netherlands,NLD,2023-10-24 12:00:00,2023-10-24 14:00:00,0.10590000000000001
Netherlands,NLD,2023-10-24 13:00:00,2023-10-24 15:00:00,0.1001
Netherlands,NLD,2023-10-24 14:00:00,2023-10-24 16:00:00,0.10990000000000001
Netherlands,NLD,2023-10-24 15:00:00,2023-10-24 17:00:00,0.13794
Netherlands,NLD,2023-10-24 16:00:00,2023-10-24 18:00:00,0.1499
Netherlands,NLD,2023-10-24 17:00:00,2023-10-24 19:00:00,0.15415
Netherlands,NLD,2023-10-24 18:00:00,2023-10-24 20:00:00,0.13344999999999999
Netherlands,NLD,2023-10-24 19:00:00,2023-10-24 21:00:00,0.11931
Netherlands,NLD,2023-10-24 20:00:00,2023-10-24 22:00:00,0.1141
Netherlands,NLD,2023-10-24 21:00:00,2023-10-24 23:00:00,0.10278
Netherlands,NLD,2023-10-24 22:00:00,2023-10-25 00:00:00,0.09906999999999999
Netherlands,NLD,2023-10-24 23:00:00,2023-10-25 01:00:00,0.09456
Netherlands,NLD,2023-10-25 00:00:00,2023-10-25 02:00:00,0.091
Netherlands,NLD,2023-10-25 01:00:00,2023-10-25 03:00:00,0.09168000000000001
Netherlands,NLD,2023-10-25 02:00:00,2023-10-25 04:00:00,0.09634999999999999
Netherlands,NLD,2023-10-25 03:00:00,2023-10-25 05:00:00,0.10001
Netherlands,NLD,2023-10-25 04:00:00,2023-10-25 06:00:00,0.11896
Netherlands,NLD,2023-10-25 05:00:00,2023-10-25 07:00:00,0.14274
Netherlands,NLD,2023-10-25 06:00:00,2023-10-25 08:00:00,0.1505
Netherlands,NLD,2023-10-25 07:00:00,2023-10-25 09:00:00,0.14052
Netherlands,NLD,2023-10-25 08:00:00,2023-10-25 10:00:00,0.12957
Netherlands,NLD,2023-10-25 09:00:00,2023-10-25 11:00:00,0.12461
Netherlands,NLD,2023-10-25 10:00:00,2023-10-25 12:00:00,0.11739
Netherlands,NLD,2023-10-25 11:00:00,2023-10-25 13:00:00,0.1157
Netherlands,NLD,2023-10-25 12:00:00,2023-10-25 14:00:00,0.12447
Netherlands,NLD,2023-10-25 13:00:00,2023-10-25 15:00:00,0.13097999999999999
Netherlands,NLD,2023-10-25 14:00:00,2023-10-25 16:00:00,0.14435
Netherlands,NLD,2023-10-25 15:00:00,2023-10-25 17:00:00,0.15271
Netherlands,NLD,2023-10-25 16:00:00,2023-10-25 18:00:00,0.15372999999999998
Netherlands,NLD,2023-10-25 17:00:00,2023-10-25 19:00:00,0.1579
Netherlands,NLD,2023-10-25 18:00:00,2023-10-25 20:00:00,0.13718
Netherlands,NLD,2023-10-25 19:00:00,2023-10-25 21:00:00,0.12365999999999999
Netherlands,NLD,2023-10-25 20:00:00,2023-10-25 22:00:00,0.12006
Netherlands,NLD,2023-10-25 21:00:00,2023-10-25 23:00:00,0.1128
Netherlands,NLD,2023-10-25 22:00:00,2023-10-26 00:00:00,0.1044
Netherlands,NLD,2023-10-25 23:00:00,2023-10-26 01:00:00,0.106
Netherlands,NLD,2023-10-26 00:00:00,2023-10-26 02:00:00,0.109
Netherlands,NLD,2023-10-26 01:00:00,2023-10-26 03:00:00,0.09996
Netherlands,NLD,2023-10-26 02:00:00,2023-10-26 04:00:00,0.1
Netherlands,NLD,2023-10-26 03:00:00,2023-10-26 05:00:00,0.1
Netherlands,NLD,2023-10-26 04:00:00,2023-10-26 06:00:00,0.11732
Netherlands,NLD,2023-10-26 05:00:00,2023-10-26 07:00:00,0.13379
Netherlands,NLD,2023-10-26 06:00:00,2023-10-26 08:00:00,0.14405
Netherlands,NLD,2023-10-26 07:00:00,2023-10-26 09:00:00,0.149
Netherlands,NLD,2023-10-26 08:00:00,2023-10-26 10:00:00,0.14637
Netherlands,NLD,2023-10-26 09:00:00,2023-10-26 11:00:00,0.14
Netherlands,NLD,2023-10-26 10:00:00,2023-10-26 12:00:00,0.13111
Netherlands,NLD,2023-10-26 11:00:00,2023-10-26 13:00:00,0.12009
Netherlands,NLD,2023-10-26 12:00:00,2023-10-26 14:00:00,0.1196
Netherlands,NLD,2023-10-26 13:00:00,2023-10-26 15:00:00,0.11821
Netherlands,NLD,2023-10-26 14:00:00,2023-10-26 16:00:00,0.126
Netherlands,NLD,2023-10-26 15:00:00,2023-10-26 17:00:00,0.13798
Netherlands,NLD,2023-10-26 16:00:00,2023-10-26 18:00:00,0.15105000000000002
Netherlands,NLD,2023-10-26 17:00:00,2023-10-26 19:00:00,0.15108000000000002
Netherlands,NLD,2023-10-26 18:00:00,2023-10-26 20:00:00,0.13085
Netherlands,NLD,2023-10-26 19:00:00,2023-10-26 21:00:00,0.11907
Netherlands,NLD,2023-10-26 20:00:00,2023-10-26 22:00:00,0.11706
Netherlands,NLD,2023-10-26 21:00:00,2023-10-26 23:00:00,0.10485
Netherlands,NLD,2023-10-26 22:00:00,2023-10-27 00:00:00,0.10456
Netherlands,NLD,2023-10-26 23:00:00,2023-10-27 01:00:00,0.09761
Netherlands,NLD,2023-10-27 00:00:00,2023-10-27 02:00:00,0.09726
Netherlands,NLD,2023-10-27 01:00:00,2023-10-27 03:00:00,0.0989
Netherlands,NLD,2023-10-27 02:00:00,2023-10-27 04:00:00,0.10592
Netherlands,NLD,2023-10-27 03:00:00,2023-10-27 05:00:00,0.10884
Netherlands,NLD,2023-10-27 04:00:00,2023-10-27 06:00:00,0.12240000000000001
Netherlands,NLD,2023-10-27 05:00:00,2023-10-27 07:00:00,0.1394
Netherlands,NLD,2023-10-27 06:00:00,2023-10-27 08:00:00,0.15455000000000002
Netherlands,NLD,2023-10-27 07:00:00,2023-10-27 09:00:00,0.1527
Netherlands,NLD,2023-10-27 08:00:00,2023-10-27 10:00:00,0.14777
Netherlands,NLD,2023-10-27 09:00:00,2023-10-27 11:00:00,0.14253
Netherlands,NLD,2023-10-27 10:00:00,2023-10-27 12:00:00,0.12579
Netherlands,NLD,2023-10-27 11:00:00,2023-10-27 13:00:00,0.11219
Netherlands,NLD,2023-10-27 12:00:00,2023-10-27 14:00:00,0.10598
Netherlands,NLD,2023-10-27 13:00:00,2023-10-27 15:00:00,0.10279
Netherlands,NLD,2023-10-27 14:00:00,2023-10-27 16:00:00,0.11316
Netherlands,NLD,2023-10-27 15:00:00,2023-10-27 17:00:00,0.12588
Netherlands,NLD,2023-10-27 16:00:00,2023-10-27 18:00:00,0.1399
Netherlands,NLD,2023-10-27 17:00:00,2023-10-27 19:00:00,0.1406
Netherlands,NLD,2023-10-27 18:00:00,2023-10-27 20:00:00,0.12104999999999999
Netherlands,NLD,2023-10-27 19:00:00,2023-10-27 21:00:00,0.10013
Netherlands,NLD,2023-10-27 20:00:00,2023-10-27 22:00:00,0.09687
Netherlands,NLD,2023-10-27 21:00:00,2023-10-27 23:00:00,0.0937
Netherlands,NLD,2023-10-27 22:00:00,2023-10-28 00:00:00,0.0846
Netherlands,NLD,2023-10-27 23:00:00,2023-10-28 01:00:00,0.06861
Netherlands,NLD,2023-10-28 00:00:00,2023-10-28 02:00:00,0.06459000000000001
Netherlands,NLD,2023-10-28 01:00:00,2023-10-28 03:00:00,0.055
Netherlands,NLD,2023-10-28 02:00:00,2023-10-28 04:00:00,0.056850000000000005
Netherlands,NLD,2023-10-28 03:00:00,2023-10-28 05:00:00,0.06026
Netherlands,NLD,2023-10-28 04:00:00,2023-10-28 06:00:00,0.06481999999999999
Netherlands,NLD,2023-10-28 05:00:00,2023-10-28 07:00:00,0.074
Netherlands,NLD,2023-10-28 06:00:00,2023-10-28 08:00:00,0.08935
Netherlands,NLD,2023-10-28 07:00:00,2023-10-28 09:00:00,0.08974
Netherlands,NLD,2023-10-28 08:00:00,2023-10-28 10:00:00,0.08701
Netherlands,NLD,2023-10-28 09:00:00,2023-10-28 11:00:00,0.06954
Netherlands,NLD,2023-10-28 10:00:00,2023-10-28 12:00:00,0.05737
Netherlands,NLD,2023-10-28 11:00:00,2023-10-28 13:00:00,0.05256
Netherlands,NLD,2023-10-28 12:00:00,2023-10-28 14:00:00,0.05122
Netherlands,NLD,2023-10-28 13:00:00,2023-10-28 15:00:00,0.07293000000000001
Netherlands,NLD,2023-10-28 14:00:00,2023-10-28 16:00:00,0.08766
Netherlands,NLD,2023-10-28 15:00:00,2023-10-28 17:00:00,0.1152
Netherlands,NLD,2023-10-28 16:00:00,2023-10-28 18:00:00,0.132
Netherlands,NLD,2023-10-28 17:00:00,2023-10-28 19:00:00,0.10576
Netherlands,NLD,2023-10-28 18:00:00,2023-10-28 20:00:00,0.07986
Netherlands,NLD,2023-10-28 19:00:00,2023-10-28 21:00:00,0.05084
Netherlands,NLD,2023-10-28 20:00:00,2023-10-28 22:00:00,0.037829999999999996
Netherlands,NLD,2023-10-28 21:00:00,2023-10-28 23:00:00,0.01762
Netherlands,NLD,2023-10-28 22:00:00,2023-10-29 00:00:00,0.00534
Netherlands,NLD,2023-10-28 23:00:00,2023-10-29 01:00:00,-0.00276
Netherlands,NLD,2023-10-29 00:00:00,2023-10-29 02:00:00,-0.0019299999999999999
Netherlands,NLD,2023-10-29 01:00:00,2023-10-29 02:00:00,-0.00159
Netherlands,NLD,2023-10-29 02:00:00,2023-10-29 03:00:00,-0.0015400000000000001
Netherlands,NLD,2023-10-29 03:00:00,2023-10-29 04:00:00,-0.0016699999999999998
Netherlands,NLD,2023-10-29 04:00:00,2023-10-29 05:00:00,-0.00184
Netherlands,NLD,2023-10-29 05:00:00,2023-10-29 06:00:00,-0.001
Netherlands,NLD,2023-10-29 06:00:00,2023-10-29 07:00:00,-0.0010500000000000002
Netherlands,NLD,2023-10-29 07:00:00,2023-10-29 08:00:00,-0.00082
Netherlands,NLD,2023-10-29 08:00:00,2023-10-29 09:00:00,-0.0008100000000000001
Netherlands,NLD,2023-10-29 09:00:00,2023-10-29 10:00:00,-0.0008
Netherlands,NLD,2023-10-29 10:00:00,2023-10-29 11:00:00,-0.00058
Netherlands,NLD,2023-10-29 11:00:00,2023-10-29 12:00:00,0.0
Netherlands,NLD,2023-10-29 12:00:00,2023-10-29 13:00:00,0.0
Netherlands,NLD,2023-10-29 13:00:00,2023-10-29 14:00:00,0.00959
Netherlands,NLD,2023-10-29 14:00:00,2023-10-29 15:00:00,0.034820000000000004
Netherlands,NLD,2023-10-29 15:00:00,2023-10-29 16:00:00,0.08489000000000001
Netherlands,NLD,2023-10-29 16:00:00,2023-10-29 17:00:00,0.10989
Netherlands,NLD,2023-10-29 17:00:00,2023-10-29 18:00:00,0.1027
Netherlands,NLD,2023-10-29 18:00:00,2023-10-29 19:00:00,0.075
Netherlands,NLD,2023-10-29 19:00:00,2023-10-29 20:00:00,0.06240999999999999
Netherlands,NLD,2023-10-29 20:00:00,2023-10-29 21:00:00,0.054270000000000006
Netherlands,NLD,2023-10-29 21:00:00,2023-10-29 22:00:00,0.052
Netherlands,NLD,2023-10-29 22:00:00,2023-10-29 23:00:00,0.03847
Netherlands,NLD,2023-10-29 23:00:00,2023-10-30 00:00:00,0.008
Netherlands,NLD,2023-10-30 00:00:00,2023-10-30 01:00:00,0.00813
Netherlands,NLD,2023-10-30 01:00:00,2023-10-30 02:00:00,0.00836
Netherlands,NLD,2023-10-30 02:00:00,2023-10-30 03:00:00,0.01002
Netherlands,NLD,2023-10-30 03:00:00,2023-10-30 04:00:00,0.013900000000000001
Netherlands,NLD,2023-10-30 04:00:00,2023-10-30 05:00:00,0.02327
Netherlands,NLD,2023-10-30 05:00:00,2023-10-30 06:00:00,0.0792
Netherlands,NLD,2023-10-30 06:00:00,2023-10-30 07:00:00,0.10590999999999999
Netherlands,NLD,2023-10-30 07:00:00,2023-10-30 08:00:00,0.111
Netherlands,NLD,2023-10-30 08:00:00,2023-10-30 09:00:00,0.103
Netherlands,NLD,2023-10-30 09:00:00,2023-10-30 10:00:00,0.09
Netherlands,NLD,2023-10-30 10:00:00,2023-10-30 11:00:00,0.09617
Netherlands,NLD,2023-10-30 11:00:00,2023-10-30 12:00:00,0.10254
Netherlands,NLD,2023-10-30 12:00:00,2023-10-30 13:00:00,0.11462
Netherlands,NLD,2023-10-30 13:00:00,2023-10-30 14:00:00,0.12398
Netherlands,NLD,2023-10-30 14:00:00,2023-10-30 15:00:00,0.13945
Netherlands,NLD,2023-10-30 15:00:00,2023-10-30 16:00:00,0.1454
Netherlands,NLD,2023-10-30 16:00:00,2023-10-30 17:00:00,0.16584000000000002
Netherlands,NLD,2023-10-30 17:00:00,2023-10-30 18:00:00,0.171
Netherlands,NLD,2023-10-30 18:00:00,2023-10-30 19:00:00,0.15113
Netherlands,NLD,2023-10-30 19:00:00,2023-10-30 20:00:00,0.12903
Netherlands,NLD,2023-10-30 20:00:00,2023-10-30 21:00:00,0.11488
Netherlands,NLD,2023-10-30 21:00:00,2023-10-30 22:00:00,0.128
Netherlands,NLD,2023-10-30 22:00:00,2023-10-30 23:00:00,0.11426
Netherlands,NLD,2023-10-30 23:00:00,2023-10-31 00:00:00,0.08605
Netherlands,NLD,2023-10-31 00:00:00,2023-10-31 01:00:00,0.0792
Netherlands,NLD,2023-10-31 01:00:00,2023-10-31 02:00:00,0.07196
Netherlands,NLD,2023-10-31 02:00:00,2023-10-31 03:00:00,0.0648
Netherlands,NLD,2023-10-31 03:00:00,2023-10-31 04:00:00,0.076
Netherlands,NLD,2023-10-31 04:00:00,2023-10-31 05:00:00,0.09226000000000001
Netherlands,NLD,2023-10-31 05:00:00,2023-10-31 06:00:00,0.10714
Netherlands,NLD,2023-10-31 06:00:00,2023-10-31 07:00:00,0.1301
Netherlands,NLD,2023-10-31 07:00:00,2023-10-31 08:00:00,0.1718
Netherlands,NLD,2023-10-31 08:00:00,2023-10-31 09:00:00,0.15613999999999997
Netherlands,NLD,2023-10-31 09:00:00,2023-10-31 10:00:00,0.12935
Netherlands,NLD,2023-10-31 10:00:00,2023-10-31 11:00:00,0.11159999999999999
Netherlands,NLD,2023-10-31 11:00:00,2023-10-31 12:00:00,0.106
Netherlands,NLD,2023-10-31 12:00:00,2023-10-31 13:00:00,0.11365
Netherlands,NLD,2023-10-31 13:00:00,2023-10-31 14:00:00,0.12066
Netherlands,NLD,2023-10-31 14:00:00,2023-10-31 15:00:00,0.12240000000000001
Netherlands,NLD,2023-10-31 15:00:00,2023-10-31 16:00:00,0.13511
Netherlands,NLD,2023-10-31 16:00:00,2023-10-31 17:00:00,0.16181
Netherlands,NLD,2023-10-31 17:00:00,2023-10-31 18:00:00,0.17204
Netherlands,NLD,2023-10-31 18:00:00,2023-10-31 19:00:00,0.15292
Netherlands,NLD,2023-10-31 19:00:00,2023-10-31 20:00:00,0.12588
Netherlands,NLD,2023-10-31 20:00:00,2023-10-31 21:00:00,0.11592
Netherlands,NLD,2023-10-31 21:00:00,2023-10-31 22:00:00,0.1222
Netherlands,NLD,2023-10-31 22:00:00,2023-10-31 23:00:00,0.1065
Netherlands,NLD,2023-10-31 23:00:00,2023-11-01 00:00:00,0.06545000000000001
Netherlands,NLD,2023-11-01 00:00:00,2023-11-01 01:00:00,0.06731000000000001
Netherlands,NLD,2023-11-01 01:00:00,2023-11-01 02:00:00,0.05884
Netherlands,NLD,2023-11-01 02:00:00,2023-11-01 03:00:00,0.0487
Netherlands,NLD,2023-11-01 03:00:00,2023-11-01 04:00:00,0.04665
Netherlands,NLD,2023-11-01 04:00:00,2023-11-01 05:00:00,0.05467
Netherlands,NLD,2023-11-01 05:00:00,2023-11-01 06:00:00,0.06735
Netherlands,NLD,2023-11-01 06:00:00,2023-11-01 07:00:00,0.07865000000000001
Netherlands,NLD,2023-11-01 07:00:00,2023-11-01 08:00:00,0.08022
Netherlands,NLD,2023-11-01 08:00:00,2023-11-01 09:00:00,0.06923
Netherlands,NLD,2023-11-01 09:00:00,2023-11-01 10:00:00,0.05564
Netherlands,NLD,2023-11-01 10:00:00,2023-11-01 11:00:00,0.049159999999999995
Netherlands,NLD,2023-11-01 11:00:00,2023-11-01 12:00:00,0.04764
Netherlands,NLD,2023-11-01 12:00:00,2023-11-01 13:00:00,0.055
Netherlands,NLD,2023-11-01 13:00:00,2023-11-01 14:00:00,0.053329999999999995
Netherlands,NLD,2023-11-01 14:00:00,2023-11-01 15:00:00,0.06351
Netherlands,NLD,2023-11-01 15:00:00,2023-11-01 16:00:00,0.06985
Netherlands,NLD,2023-11-01 16:00:00,2023-11-01 17:00:00,0.08771
Netherlands,NLD,2023-11-01 17:00:00,2023-11-01 18:00:00,0.07994
Netherlands,NLD,2023-11-01 18:00:00,2023-11-01 19:00:00,0.07497
Netherlands,NLD,2023-11-01 19:00:00,2023-11-01 20:00:00,0.06118
Netherlands,NLD,2023-11-01 20:00:00,2023-11-01 21:00:00,0.03983
Netherlands,NLD,2023-11-01 21:00:00,2023-11-01 22:00:00,0.0484
Netherlands,NLD,2023-11-01 22:00:00,2023-11-01 23:00:00,0.0282
Netherlands,NLD,2023-11-01 23:00:00,2023-11-02 00:00:00,0.019719999999999998
Netherlands,NLD,2023-11-02 00:00:00,2023-11-02 01:00:00,0.011439999999999999
Netherlands,NLD,2023-11-02 01:00:00,2023-11-02 02:00:00,0.00914
Netherlands,NLD,2023-11-02 02:00:00,2023-11-02 03:00:00,0.00667
Netherlands,NLD,2023-11-02 03:00:00,2023-11-02 04:00:00,0.007
Netherlands,NLD,2023-11-02 04:00:00,2023-11-02 05:00:00,0.00786
Netherlands,NLD,2023-11-02 05:00:00,2023-11-02 06:00:00,0.038799999999999994
Netherlands,NLD,2023-11-02 06:00:00,2023-11-02 07:00:00,0.07479000000000001
Netherlands,NLD,2023-11-02 07:00:00,2023-11-02 08:00:00,0.10232
Netherlands,NLD,2023-11-02 08:00:00,2023-11-02 09:00:00,0.07739
Netherlands,NLD,2023-11-02 09:00:00,2023-11-02 10:00:00,0.060899999999999996
Netherlands,NLD,2023-11-02 10:00:00,2023-11-02 11:00:00,0.0632
Netherlands,NLD,2023-11-02 11:00:00,2023-11-02 12:00:00,0.0637
Netherlands,NLD,2023-11-02 12:00:00,2023-11-02 13:00:00,0.0643
Netherlands,NLD,2023-11-02 13:00:00,2023-11-02 14:00:00,0.08595
Netherlands,NLD,2023-11-02 14:00:00,2023-11-02 15:00:00,0.124
Netherlands,NLD,2023-11-02 15:00:00,2023-11-02 16:00:00,0.12988999999999998
Netherlands,NLD,2023-11-02 16:00:00,2023-11-02 17:00:00,0.14139
Netherlands,NLD,2023-11-02 17:00:00,2023-11-02 18:00:00,0.144
Netherlands,NLD,2023-11-02 18:00:00,2023-11-02 19:00:00,0.09989
Netherlands,NLD,2023-11-02 19:00:00,2023-11-02 20:00:00,0.08782999999999999
Netherlands,NLD,2023-11-02 20:00:00,2023-11-02 21:00:00,0.07598999999999999
Netherlands,NLD,2023-11-02 21:00:00,2023-11-02 22:00:00,0.07227
Netherlands,NLD,2023-11-02 22:00:00,2023-11-02 23:00:00,0.05704
Netherlands,NLD,2023-11-02 23:00:00,2023-11-03 00:00:00,0.01517
Netherlands,NLD,2023-11-03 00:00:00,2023-11-03 01:00:00,0.011470000000000001
Netherlands,NLD,2023-11-03 01:00:00,2023-11-03 02:00:00,0.01
Netherlands,NLD,2023-11-03 02:00:00,2023-11-03 03:00:00,0.005730000000000001
Netherlands,NLD,2023-11-03 03:00:00,2023-11-03 04:00:00,0.00973
Netherlands,NLD,2023-11-03 04:00:00,2023-11-03 05:00:00,0.023600000000000003
Netherlands,NLD,2023-11-03 05:00:00,2023-11-03 06:00:00,0.06164
Netherlands,NLD,2023-11-03 06:00:00,2023-11-03 07:00:00,0.09028
Netherlands,NLD,2023-11-03 07:00:00,2023-11-03 08:00:00,0.09505
Netherlands,NLD,2023-11-03 08:00:00,2023-11-03 09:00:00,0.08959
Netherlands,NLD,2023-11-03 09:00:00,2023-11-03 10:00:00,0.0829
Netherlands,NLD,2023-11-03 10:00:00,2023-11-03 11:00:00,0.0747
Netherlands,NLD,2023-11-03 11:00:00,2023-11-03 12:00:00,0.061810000000000004
Netherlands,NLD,2023-11-03 12:00:00,2023-11-03 13:00:00,0.06085
Netherlands,NLD,2023-11-03 13:00:00,2023-11-03 14:00:00,0.06489
Netherlands,NLD,2023-11-03 14:00:00,2023-11-03 15:00:00,0.06989
Netherlands,NLD,2023-11-03 15:00:00,2023-11-03 16:00:00,0.08270000000000001
Netherlands,NLD,2023-11-03 16:00:00,2023-11-03 17:00:00,0.11009999999999999
Netherlands,NLD,2023-11-03 17:00:00,2023-11-03 18:00:00,0.10779999999999999
Netherlands,NLD,2023-11-03 18:00:00,2023-11-03 19:00:00,0.0915
Netherlands,NLD,2023-11-03 19:00:00,2023-11-03 20:00:00,0.0705
Netherlands,NLD,2023-11-03 20:00:00,2023-11-03 21:00:00,0.05489
Netherlands,NLD,2023-11-03 21:00:00,2023-11-03 22:00:00,0.04553
Netherlands,NLD,2023-11-03 22:00:00,2023-11-03 23:00:00,0.03
Netherlands,NLD,2023-11-03 23:00:00,2023-11-04 00:00:00,0.04572
Netherlands,NLD,2023-11-04 00:00:00,2023-11-04 01:00:00,0.032060000000000005
Netherlands,NLD,2023-11-04 01:00:00,2023-11-04 02:00:00,0.03
Netherlands,NLD,2023-11-04 02:00:00,2023-11-04 03:00:00,0.022010000000000002
Netherlands,NLD,2023-11-04 03:00:00,2023-11-04 04:00:00,0.019190000000000002
Netherlands,NLD,2023-11-04 04:00:00,2023-11-04 05:00:00,0.0154
Netherlands,NLD,2023-11-04 05:00:00,2023-11-04 06:00:00,0.01613
Netherlands,NLD,2023-11-04 06:00:00,2023-11-04 07:00:00,0.025079999999999998
Netherlands,NLD,2023-11-04 07:00:00,2023-11-04 08:00:00,0.02585
Netherlands,NLD,2023-11-04 08:00:00,2023-11-04 09:00:00,0.02
Netherlands,NLD,2023-11-04 09:00:00,2023-11-04 10:00:00,0.013949999999999999
Netherlands,NLD,2023-11-04 10:00:00,2023-11-04 11:00:00,0.0152
Netherlands,NLD,2023-11-04 11:00:00,2023-11-04 12:00:00,0.02
Netherlands,NLD,2023-11-04 12:00:00,2023-11-04 13:00:00,0.02114
Netherlands,NLD,2023-11-04 13:00:00,2023-11-04 14:00:00,0.030789999999999998
Netherlands,NLD,2023-11-04 14:00:00,2023-11-04 15:00:00,0.04269
Netherlands,NLD,2023-11-04 15:00:00,2023-11-04 16:00:00,0.04
Netherlands,NLD,2023-11-04 16:00:00,2023-11-04 17:00:00,0.059
Netherlands,NLD,2023-11-04 17:00:00,2023-11-04 18:00:00,0.05781
Netherlands,NLD,2023-11-04 18:00:00,2023-11-04 19:00:00,0.0533
Netherlands,NLD,2023-11-04 19:00:00,2023-11-04 20:00:00,0.05
Netherlands,NLD,2023-11-04 20:00:00,2023-11-04 21:00:00,0.03409
Netherlands,NLD,2023-11-04 21:00:00,2023-11-04 22:00:00,0.01173
Netherlands,NLD,2023-11-04 22:00:00,2023-11-04 23:00:00,0.00705
Netherlands,NLD,2023-11-04 23:00:00,2023-11-05 00:00:00,0.00871
Netherlands,NLD,2023-11-05 00:00:00,2023-11-05 01:00:00,0.0065899999999999995
Netherlands,NLD,2023-11-05 01:00:00,2023-11-05 02:00:00,0.00518
Netherlands,NLD,2023-11-05 02:00:00,2023-11-05 03:00:00,0.00298
Netherlands,NLD,2023-11-05 03:00:00,2023-11-05 04:00:00,0.00424
Netherlands,NLD,2023-11-05 04:00:00,2023-11-05 05:00:00,0.00799
Netherlands,NLD,2023-11-05 05:00:00,2023-11-05 06:00:00,0.016489999999999998
Netherlands,NLD,2023-11-05 06:00:00,2023-11-05 07:00:00,0.0551
Netherlands,NLD,2023-11-05 07:00:00,2023-11-05 08:00:00,0.06
Netherlands,NLD,2023-11-05 08:00:00,2023-11-05 09:00:00,0.05147
Netherlands,NLD,2023-11-05 09:00:00,2023-11-05 10:00:00,0.04283
Netherlands,NLD,2023-11-05 10:00:00,2023-11-05 11:00:00,0.04345
Netherlands,NLD,2023-11-05 11:00:00,2023-11-05 12:00:00,0.039880000000000006
Netherlands,NLD,2023-11-05 12:00:00,2023-11-05 13:00:00,0.02639
Netherlands,NLD,2023-11-05 13:00:00,2023-11-05 14:00:00,0.03337
Netherlands,NLD,2023-11-05 14:00:00,2023-11-05 15:00:00,0.05129
Netherlands,NLD,2023-11-05 15:00:00,2023-11-05 16:00:00,0.06309000000000001
Netherlands,NLD,2023-11-05 16:00:00,2023-11-05 17:00:00,0.07490999999999999
Netherlands,NLD,2023-11-05 17:00:00,2023-11-05 18:00:00,0.07271
Netherlands,NLD,2023-11-05 18:00:00,2023-11-05 19:00:00,0.05921
Netherlands,NLD,2023-11-05 19:00:00,2023-11-05 20:00:00,0.0501
Netherlands,NLD,2023-11-05 20:00:00,2023-11-05 21:00:00,0.05155
Netherlands,NLD,2023-11-05 21:00:00,2023-11-05 22:00:00,0.0501
Netherlands,NLD,2023-11-05 22:00:00,2023-11-05 23:00:00,0.04589
Netherlands,NLD,2023-11-05 23:00:00,2023-11-06 00:00:00,0.047240000000000004
Netherlands,NLD,2023-11-06 00:00:00,2023-11-06 01:00:00,0.03189
Netherlands,NLD,2023-11-06 01:00:00,2023-11-06 02:00:00,0.01675
Netherlands,NLD,2023-11-06 02:00:00,2023-11-06 03:00:00,0.0067800000000000004
Netherlands,NLD,2023-11-06 03:00:00,2023-11-06 04:00:00,0.0043
Netherlands,NLD,2023-11-06 04:00:00,2023-11-06 05:00:00,0.01693
Netherlands,NLD,2023-11-06 05:00:00,2023-11-06 06:00:00,0.07275
Netherlands,NLD,2023-11-06 06:00:00,2023-11-06 07:00:00,0.09620999999999999
Netherlands,NLD,2023-11-06 07:00:00,2023-11-06 08:00:00,0.10447
Netherlands,NLD,2023-11-06 08:00:00,2023-11-06 09:00:00,0.086
Netherlands,NLD,2023-11-06 09:00:00,2023-11-06 10:00:00,0.06399
Netherlands,NLD,2023-11-06 10:00:00,2023-11-06 11:00:00,0.060149999999999995
Netherlands,NLD,2023-11-06 11:00:00,2023-11-06 12:00:00,0.05805
Netherlands,NLD,2023-11-06 12:00:00,2023-11-06 13:00:00,0.06698
Netherlands,NLD,2023-11-06 13:00:00,2023-11-06 14:00:00,0.08034000000000001
Netherlands,NLD,2023-11-06 14:00:00,2023-11-06 15:00:00,0.1
Netherlands,NLD,2023-11-06 15:00:00,2023-11-06 16:00:00,0.11245999999999999
Netherlands,NLD,2023-11-06 16:00:00,2023-11-06 17:00:00,0.138
Netherlands,NLD,2023-11-06 17:00:00,2023-11-06 18:00:00,0.15119
Netherlands,NLD,2023-11-06 18:00:00,2023-11-06 19:00:00,0.13977
Netherlands,NLD,2023-11-06 19:00:00,2023-11-06 20:00:00,0.11148999999999999
Netherlands,NLD,2023-11-06 20:00:00,2023-11-06 21:00:00,0.10592
Netherlands,NLD,2023-11-06 21:00:00,2023-11-06 22:00:00,0.09927
Netherlands,NLD,2023-11-06 22:00:00,2023-11-06 23:00:00,0.092
Netherlands,NLD,2023-11-06 23:00:00,2023-11-07 00:00:00,0.09207
Netherlands,NLD,2023-11-07 00:00:00,2023-11-07 01:00:00,0.07637999999999999
Netherlands,NLD,2023-11-07 01:00:00,2023-11-07 02:00:00,0.07118000000000001
Netherlands,NLD,2023-11-07 02:00:00,2023-11-07 03:00:00,0.06801
Netherlands,NLD,2023-11-07 03:00:00,2023-11-07 04:00:00,0.07025
Netherlands,NLD,2023-11-07 04:00:00,2023-11-07 05:00:00,0.08341
Netherlands,NLD,2023-11-07 05:00:00,2023-11-07 06:00:00,0.10149
Netherlands,NLD,2023-11-07 06:00:00,2023-11-07 07:00:00,0.13293000000000002
Netherlands,NLD,2023-11-07 07:00:00,2023-11-07 08:00:00,0.13645
Netherlands,NLD,2023-11-07 08:00:00,2023-11-07 09:00:00,0.127
Netherlands,NLD,2023-11-07 09:00:00,2023-11-07 10:00:00,0.09955
Netherlands,NLD,2023-11-07 10:00:00,2023-11-07 11:00:00,0.08903
Netherlands,NLD,2023-11-07 11:00:00,2023-11-07 12:00:00,0.08621
Netherlands,NLD,2023-11-07 12:00:00,2023-11-07 13:00:00,0.08879000000000001
Netherlands,NLD,2023-11-07 13:00:00,2023-11-07 14:00:00,0.0979
Netherlands,NLD,2023-11-07 14:00:00,2023-11-07 15:00:00,0.10840000000000001
Netherlands,NLD,2023-11-07 15:00:00,2023-11-07 16:00:00,0.11324
Netherlands,NLD,2023-11-07 16:00:00,2023-11-07 17:00:00,0.13718
Netherlands,NLD,2023-11-07 17:00:00,2023-11-07 18:00:00,0.1497
Netherlands,NLD,2023-11-07 18:00:00,2023-11-07 19:00:00,0.1328
Netherlands,NLD,2023-11-07 19:00:00,2023-11-07 20:00:00,0.1051
Netherlands,NLD,2023-11-07 20:00:00,2023-11-07 21:00:00,0.09298000000000001
Netherlands,NLD,2023-11-07 21:00:00,2023-11-07 22:00:00,0.09959
Netherlands,NLD,2023-11-07 22:00:00,2023-11-07 23:00:00,0.09845999999999999
Netherlands,NLD,2023-11-07 23:00:00,2023-11-08 00:00:00,0.094
Netherlands,NLD,2023-11-08 00:00:00,2023-11-08 01:00:00,0.08656
Netherlands,NLD,2023-11-08 01:00:00,2023-11-08 02:00:00,0.07095
Netherlands,NLD,2023-11-08 02:00:00,2023-11-08 03:00:00,0.06447
Netherlands,NLD,2023-11-08 03:00:00,2023-11-08 04:00:00,0.06676
Netherlands,NLD,2023-11-08 04:00:00,2023-11-08 05:00:00,0.07501000000000001
Netherlands,NLD,2023-11-08 05:00:00,2023-11-08 06:00:00,0.08461
Netherlands,NLD,2023-11-08 06:00:00,2023-11-08 07:00:00,0.10768000000000001
Netherlands,NLD,2023-11-08 07:00:00,2023-11-08 08:00:00,0.11147
Netherlands,NLD,2023-11-08 08:00:00,2023-11-08 09:00:00,0.09373000000000001
Netherlands,NLD,2023-11-08 09:00:00,2023-11-08 10:00:00,0.0851
Netherlands,NLD,2023-11-08 10:00:00,2023-11-08 11:00:00,0.07884999999999999
Netherlands,NLD,2023-11-08 11:00:00,2023-11-08 12:00:00,0.076
Netherlands,NLD,2023-11-08 12:00:00,2023-11-08 13:00:00,0.07628
Netherlands,NLD,2023-11-08 13:00:00,2023-11-08 14:00:00,0.08323
Netherlands,NLD,2023-11-08 14:00:00,2023-11-08 15:00:00,0.1047
Netherlands,NLD,2023-11-08 15:00:00,2023-11-08 16:00:00,0.11354
Netherlands,NLD,2023-11-08 16:00:00,2023-11-08 17:00:00,0.11914
Netherlands,NLD,2023-11-08 17:00:00,2023-11-08 18:00:00,0.12714
Netherlands,NLD,2023-11-08 18:00:00,2023-11-08 19:00:00,0.121
Netherlands,NLD,2023-11-08 19:00:00,2023-11-08 20:00:00,0.10990000000000001
Netherlands,NLD,2023-11-08 20:00:00,2023-11-08 21:00:00,0.107
Netherlands,NLD,2023-11-08 21:00:00,2023-11-08 22:00:00,0.104
Netherlands,NLD,2023-11-08 22:00:00,2023-11-08 23:00:00,0.10165
Netherlands,NLD,2023-11-08 23:00:00,2023-11-09 00:00:00,0.0892
Netherlands,NLD,2023-11-09 00:00:00,2023-11-09 01:00:00,0.09903
Netherlands,NLD,2023-11-09 01:00:00,2023-11-09 02:00:00,0.09301000000000001
Netherlands,NLD,2023-11-09 02:00:00,2023-11-09 03:00:00,0.09
Netherlands,NLD,2023-11-09 03:00:00,2023-11-09 04:00:00,0.09119
Netherlands,NLD,2023-11-09 04:00:00,2023-11-09 05:00:00,0.0883
Netherlands,NLD,2023-11-09 05:00:00,2023-11-09 06:00:00,0.10961
Netherlands,NLD,2023-11-09 06:00:00,2023-11-09 07:00:00,0.12006
Netherlands,NLD,2023-11-09 07:00:00,2023-11-09 08:00:00,0.13997
Netherlands,NLD,2023-11-09 08:00:00,2023-11-09 09:00:00,0.13
Netherlands,NLD,2023-11-09 09:00:00,2023-11-09 10:00:00,0.10008
Netherlands,NLD,2023-11-09 10:00:00,2023-11-09 11:00:00,0.095
Netherlands,NLD,2023-11-09 11:00:00,2023-11-09 12:00:00,0.09015999999999999
Netherlands,NLD,2023-11-09 12:00:00,2023-11-09 13:00:00,0.09232
Netherlands,NLD,2023-11-09 13:00:00,2023-11-09 14:00:00,0.10061
Netherlands,NLD,2023-11-09 14:00:00,2023-11-09 15:00:00,0.11618
Netherlands,NLD,2023-11-09 15:00:00,2023-11-09 16:00:00,0.12025
Netherlands,NLD,2023-11-09 16:00:00,2023-11-09 17:00:00,0.13188
Netherlands,NLD,2023-11-09 17:00:00,2023-11-09 18:00:00,0.1286
Netherlands,NLD,2023-11-09 18:00:00,2023-11-09 19:00:00,0.11214
Netherlands,NLD,2023-11-09 19:00:00,2023-11-09 20:00:00,0.1
Netherlands,NLD,2023-11-09 20:00:00,2023-11-09 21:00:00,0.088
Netherlands,NLD,2023-11-09 21:00:00,2023-11-09 22:00:00,0.08404
Netherlands,NLD,2023-11-09 22:00:00,2023-11-09 23:00:00,0.07436
Netherlands,NLD,2023-11-09 23:00:00,2023-11-10 00:00:00,0.06408
Netherlands,NLD,2023-11-10 00:00:00,2023-11-10 01:00:00,0.05973
Netherlands,NLD,2023-11-10 01:00:00,2023-11-10 02:00:00,0.05374
Netherlands,NLD,2023-11-10 02:00:00,2023-11-10 03:00:00,0.04836
Netherlands,NLD,2023-11-10 03:00:00,2023-11-10 04:00:00,0.05
Netherlands,NLD,2023-11-10 04:00:00,2023-11-10 05:00:00,0.06698
Netherlands,NLD,2023-11-10 05:00:00,2023-11-10 06:00:00,0.08425
Netherlands,NLD,2023-11-10 06:00:00,2023-11-10 07:00:00,0.10673
Netherlands,NLD,2023-11-10 07:00:00,2023-11-10 08:00:00,0.113
Netherlands,NLD,2023-11-10 08:00:00,2023-11-10 09:00:00,0.11637
Netherlands,NLD,2023-11-10 09:00:00,2023-11-10 10:00:00,0.10579999999999999
Netherlands,NLD,2023-11-10 10:00:00,2023-11-10 11:00:00,0.098
Netherlands,NLD,2023-11-10 11:00:00,2023-11-10 12:00:00,0.09179999999999999
Netherlands,NLD,2023-11-10 12:00:00,2023-11-10 13:00:00,0.1
Netherlands,NLD,2023-11-10 13:00:00,2023-11-10 14:00:00,0.09623999999999999
Netherlands,NLD,2023-11-10 14:00:00,2023-11-10 15:00:00,0.11067
Netherlands,NLD,2023-11-10 15:00:00,2023-11-10 16:00:00,0.12107
Netherlands,NLD,2023-11-10 16:00:00,2023-11-10 17:00:00,0.13515
Netherlands,NLD,2023-11-10 17:00:00,2023-11-10 18:00:00,0.1351
Netherlands,NLD,2023-11-10 18:00:00,2023-11-10 19:00:00,0.12358
Netherlands,NLD,2023-11-10 19:00:00,2023-11-10 20:00:00,0.11293
Netherlands,NLD,2023-11-10 20:00:00,2023-11-10 21:00:00,0.1051
Netherlands,NLD,2023-11-10 21:00:00,2023-11-10 22:00:00,0.10396999999999999
Netherlands,NLD,2023-11-10 22:00:00,2023-11-10 23:00:00,0.0932
Netherlands,NLD,2023-11-10 23:00:00,2023-11-11 00:00:00,0.0873
Netherlands,NLD,2023-11-11 00:00:00,2023-11-11 01:00:00,0.08589
Netherlands,NLD,2023-11-11 01:00:00,2023-11-11 02:00:00,0.08588
Netherlands,NLD,2023-11-11 02:00:00,2023-11-11 03:00:00,0.08320999999999999
Netherlands,NLD,2023-11-11 03:00:00,2023-11-11 04:00:00,0.08270999999999999
Netherlands,NLD,2023-11-11 04:00:00,2023-11-11 05:00:00,0.08544
Netherlands,NLD,2023-11-11 05:00:00,2023-11-11 06:00:00,0.0863
Netherlands,NLD,2023-11-11 06:00:00,2023-11-11 07:00:00,0.088
Netherlands,NLD,2023-11-11 07:00:00,2023-11-11 08:00:00,0.092
Netherlands,NLD,2023-11-11 08:00:00,2023-11-11 09:00:00,0.09489
Netherlands,NLD,2023-11-11 09:00:00,2023-11-11 10:00:00,0.09128
Netherlands,NLD,2023-11-11 10:00:00,2023-11-11 11:00:00,0.09022
Netherlands,NLD,2023-11-11 11:00:00,2023-11-11 12:00:00,0.08794
Netherlands,NLD,2023-11-11 12:00:00,2023-11-11 13:00:00,0.0878
Netherlands,NLD,2023-11-11 13:00:00,2023-11-11 14:00:00,0.0915
Netherlands,NLD,2023-11-11 14:00:00,2023-11-11 15:00:00,0.10287
Netherlands,NLD,2023-11-11 15:00:00,2023-11-11 16:00:00,0.11574
Netherlands,NLD,2023-11-11 16:00:00,2023-11-11 17:00:00,0.12798
Netherlands,NLD,2023-11-11 17:00:00,2023-11-11 18:00:00,0.13576
Netherlands,NLD,2023-11-11 18:00:00,2023-11-11 19:00:00,0.12447
Netherlands,NLD,2023-11-11 19:00:00,2023-11-11 20:00:00,0.11351
Netherlands,NLD,2023-11-11 20:00:00,2023-11-11 21:00:00,0.10258
Netherlands,NLD,2023-11-11 21:00:00,2023-11-11 22:00:00,0.09237999999999999
Netherlands,NLD,2023-11-11 22:00:00,2023-11-11 23:00:00,0.08741
Netherlands,NLD,2023-11-11 23:00:00,2023-11-12 00:00:00,0.08957999999999999
Netherlands,NLD,2023-11-12 00:00:00,2023-11-12 01:00:00,0.08536
Netherlands,NLD,2023-11-12 01:00:00,2023-11-12 02:00:00,0.08537
Netherlands,NLD,2023-11-12 02:00:00,2023-11-12 03:00:00,0.0844
Netherlands,NLD,2023-11-12 03:00:00,2023-11-12 04:00:00,0.08676
Netherlands,NLD,2023-11-12 04:00:00,2023-11-12 05:00:00,0.08832
Netherlands,NLD,2023-11-12 05:00:00,2023-11-12 06:00:00,0.08725
Netherlands,NLD,2023-11-12 06:00:00,2023-11-12 07:00:00,0.08728
Netherlands,NLD,2023-11-12 07:00:00,2023-11-12 08:00:00,0.08804000000000001
Netherlands,NLD,2023-11-12 08:00:00,2023-11-12 09:00:00,0.08975
Netherlands,NLD,2023-11-12 09:00:00,2023-11-12 10:00:00,0.08866
Netherlands,NLD,2023-11-12 10:00:00,2023-11-12 11:00:00,0.08662
Netherlands,NLD,2023-11-12 11:00:00,2023-11-12 12:00:00,0.08809
Netherlands,NLD,2023-11-12 12:00:00,2023-11-12 13:00:00,0.09
Netherlands,NLD,2023-11-12 13:00:00,2023-11-12 14:00:00,0.09497
Netherlands,NLD,2023-11-12 14:00:00,2023-11-12 15:00:00,0.11037999999999999
Netherlands,NLD,2023-11-12 15:00:00,2023-11-12 16:00:00,0.12251000000000001
Netherlands,NLD,2023-11-12 16:00:00,2023-11-12 17:00:00,0.14196
Netherlands,NLD,2023-11-12 17:00:00,2023-11-12 18:00:00,0.13049000000000002
Netherlands,NLD,2023-11-12 18:00:00,2023-11-12 19:00:00,0.126
Netherlands,NLD,2023-11-12 19:00:00,2023-11-12 20:00:00,0.1168
Netherlands,NLD,2023-11-12 20:00:00,2023-11-12 21:00:00,0.10733
Netherlands,NLD,2023-11-12 21:00:00,2023-11-12 22:00:00,0.10014
Netherlands,NLD,2023-11-12 22:00:00,2023-11-12 23:00:00,0.08802
Netherlands,NLD,2023-11-12 23:00:00,2023-11-13 00:00:00,0.09126000000000001
Netherlands,NLD,2023-11-13 00:00:00,2023-11-13 01:00:00,0.08682
Netherlands,NLD,2023-11-13 01:00:00,2023-11-13 02:00:00,0.087
Netherlands,NLD,2023-11-13 02:00:00,2023-11-13 03:00:00,0.08725
Netherlands,NLD,2023-11-13 03:00:00,2023-11-13 04:00:00,0.08528
Netherlands,NLD,2023-11-13 04:00:00,2023-11-13 05:00:00,0.08856
Netherlands,NLD,2023-11-13 05:00:00,2023-11-13 06:00:00,0.11220000000000001
Netherlands,NLD,2023-11-13 06:00:00,2023-11-13 07:00:00,0.13421
Netherlands,NLD,2023-11-13 07:00:00,2023-11-13 08:00:00,0.145
Netherlands,NLD,2023-11-13 08:00:00,2023-11-13 09:00:00,0.1259
Netherlands,NLD,2023-11-13 09:00:00,2023-11-13 10:00:00,0.11886
Netherlands,NLD,2023-11-13 10:00:00,2023-11-13 11:00:00,0.11667
Netherlands,NLD,2023-11-13 11:00:00,2023-11-13 12:00:00,0.1085
Netherlands,NLD,2023-11-13 12:00:00,2023-11-13 13:00:00,0.10161
Netherlands,NLD,2023-11-13 13:00:00,2023-11-13 14:00:00,0.08825
Netherlands,NLD,2023-11-13 14:00:00,2023-11-13 15:00:00,0.08012999999999999
Netherlands,NLD,2023-11-13 15:00:00,2023-11-13 16:00:00,0.07867
Netherlands,NLD,2023-11-13 16:00:00,2023-11-13 17:00:00,0.09133
Netherlands,NLD,2023-11-13 17:00:00,2023-11-13 18:00:00,0.096
Netherlands,NLD,2023-11-13 18:00:00,2023-11-13 19:00:00,0.0876
Netherlands,NLD,2023-11-13 19:00:00,2023-11-13 20:00:00,0.0768
Netherlands,NLD,2023-11-13 20:00:00,2023-11-13 21:00:00,0.06199
Netherlands,NLD,2023-11-13 21:00:00,2023-11-13 22:00:00,0.06148
Netherlands,NLD,2023-11-13 22:00:00,2023-11-13 23:00:00,0.030010000000000002
Netherlands,NLD,2023-11-13 23:00:00,2023-11-14 00:00:00,0.0106
Netherlands,NLD,2023-11-14 00:00:00,2023-11-14 01:00:00,0.00148
Netherlands,NLD,2023-11-14 01:00:00,2023-11-14 02:00:00,0.00029
Netherlands,NLD,2023-11-14 02:00:00,2023-11-14 03:00:00,8e-05
Netherlands,NLD,2023-11-14 03:00:00,2023-11-14 04:00:00,0.00032
Netherlands,NLD,2023-11-14 04:00:00,2023-11-14 05:00:00,0.00182
Netherlands,NLD,2023-11-14 05:00:00,2023-11-14 06:00:00,0.047630000000000006
Netherlands,NLD,2023-11-14 06:00:00,2023-11-14 07:00:00,0.08003
Netherlands,NLD,2023-11-14 07:00:00,2023-11-14 08:00:00,0.09631
Netherlands,NLD,2023-11-14 08:00:00,2023-11-14 09:00:00,0.08646
Netherlands,NLD,2023-11-14 09:00:00,2023-11-14 10:00:00,0.07479999999999999
Netherlands,NLD,2023-11-14 10:00:00,2023-11-14 11:00:00,0.07282
Netherlands,NLD,2023-11-14 11:00:00,2023-11-14 12:00:00,0.07508
Netherlands,NLD,2023-11-14 12:00:00,2023-11-14 13:00:00,0.07522
Netherlands,NLD,2023-11-14 13:00:00,2023-11-14 14:00:00,0.08638
Netherlands,NLD,2023-11-14 14:00:00,2023-11-14 15:00:00,0.1006
Netherlands,NLD,2023-11-14 15:00:00,2023-11-14 16:00:00,0.09891
Netherlands,NLD,2023-11-14 16:00:00,2023-11-14 17:00:00,0.1328
Netherlands,NLD,2023-11-14 17:00:00,2023-11-14 18:00:00,0.12603
Netherlands,NLD,2023-11-14 18:00:00,2023-11-14 19:00:00,0.11697
Netherlands,NLD,2023-11-14 19:00:00,2023-11-14 20:00:00,0.10045
Netherlands,NLD,2023-11-14 20:00:00,2023-11-14 21:00:00,0.09340000000000001
Netherlands,NLD,2023-11-14 21:00:00,2023-11-14 22:00:00,0.09616
Netherlands,NLD,2023-11-14 22:00:00,2023-11-14 23:00:00,0.0855
Netherlands,NLD,2023-11-14 23:00:00,2023-11-15 00:00:00,0.08109999999999999
Netherlands,NLD,2023-11-15 00:00:00,2023-11-15 01:00:00,0.07642
Netherlands,NLD,2023-11-15 01:00:00,2023-11-15 02:00:00,0.0729
Netherlands,NLD,2023-11-15 02:00:00,2023-11-15 03:00:00,0.07069
Netherlands,NLD,2023-11-15 03:00:00,2023-11-15 04:00:00,0.07445
Netherlands,NLD,2023-11-15 04:00:00,2023-11-15 05:00:00,0.08199
Netherlands,NLD,2023-11-15 05:00:00,2023-11-15 06:00:00,0.10127
Netherlands,NLD,2023-11-15 06:00:00,2023-11-15 07:00:00,0.12136
Netherlands,NLD,2023-11-15 07:00:00,2023-11-15 08:00:00,0.12623
Netherlands,NLD,2023-11-15 08:00:00,2023-11-15 09:00:00,0.11748
Netherlands,NLD,2023-11-15 09:00:00,2023-11-15 10:00:00,0.10845999999999999
Netherlands,NLD,2023-11-15 10:00:00,2023-11-15 11:00:00,0.09681999999999999
Netherlands,NLD,2023-11-15 11:00:00,2023-11-15 12:00:00,0.09094
Netherlands,NLD,2023-11-15 12:00:00,2023-11-15 13:00:00,0.09246
Netherlands,NLD,2023-11-15 13:00:00,2023-11-15 14:00:00,0.09455
Netherlands,NLD,2023-11-15 14:00:00,2023-11-15 15:00:00,0.11376
Netherlands,NLD,2023-11-15 15:00:00,2023-11-15 16:00:00,0.11921
Netherlands,NLD,2023-11-15 16:00:00,2023-11-15 17:00:00,0.1266
Netherlands,NLD,2023-11-15 17:00:00,2023-11-15 18:00:00,0.12990000000000002
Netherlands,NLD,2023-11-15 18:00:00,2023-11-15 19:00:00,0.12108
Netherlands,NLD,2023-11-15 19:00:00,2023-11-15 20:00:00,0.10990000000000001
Netherlands,NLD,2023-11-15 20:00:00,2023-11-15 21:00:00,0.0975
Netherlands,NLD,2023-11-15 21:00:00,2023-11-15 22:00:00,0.09165999999999999
Netherlands,NLD,2023-11-15 22:00:00,2023-11-15 23:00:00,0.08421
Netherlands,NLD,2023-11-15 23:00:00,2023-11-16 00:00:00,0.08546
Netherlands,NLD,2023-11-16 00:00:00,2023-11-16 01:00:00,0.0834
Netherlands,NLD,2023-11-16 01:00:00,2023-11-16 02:00:00,0.09556999999999999
Netherlands,NLD,2023-11-16 02:00:00,2023-11-16 03:00:00,0.09556999999999999
Netherlands,NLD,2023-11-16 03:00:00,2023-11-16 04:00:00,0.0983
Netherlands,NLD,2023-11-16 04:00:00,2023-11-16 05:00:00,0.1032
Netherlands,NLD,2023-11-16 05:00:00,2023-11-16 06:00:00,0.105
Netherlands,NLD,2023-11-16 06:00:00,2023-11-16 07:00:00,0.1269
Netherlands,NLD,2023-11-16 07:00:00,2023-11-16 08:00:00,0.12999000000000002
Netherlands,NLD,2023-11-16 08:00:00,2023-11-16 09:00:00,0.12859
Netherlands,NLD,2023-11-16 09:00:00,2023-11-16 10:00:00,0.1201
Netherlands,NLD,2023-11-16 10:00:00,2023-11-16 11:00:00,0.11662
Netherlands,NLD,2023-11-16 11:00:00,2023-11-16 12:00:00,0.12262999999999999
Netherlands,NLD,2023-11-16 12:00:00,2023-11-16 13:00:00,0.13163999999999998
Netherlands,NLD,2023-11-16 13:00:00,2023-11-16 14:00:00,0.14652
Netherlands,NLD,2023-11-16 14:00:00,2023-11-16 15:00:00,0.1585
Netherlands,NLD,2023-11-16 15:00:00,2023-11-16 16:00:00,0.15824000000000002
Netherlands,NLD,2023-11-16 16:00:00,2023-11-16 17:00:00,0.18122
Netherlands,NLD,2023-11-16 17:00:00,2023-11-16 18:00:00,0.14044
Netherlands,NLD,2023-11-16 18:00:00,2023-11-16 19:00:00,0.12526
Netherlands,NLD,2023-11-16 19:00:00,2023-11-16 20:00:00,0.12118999999999999
Netherlands,NLD,2023-11-16 20:00:00,2023-11-16 21:00:00,0.115
Netherlands,NLD,2023-11-16 21:00:00,2023-11-16 22:00:00,0.1102
Netherlands,NLD,2023-11-16 22:00:00,2023-11-16 23:00:00,0.10085
Netherlands,NLD,2023-11-16 23:00:00,2023-11-17 00:00:00,0.106
Netherlands,NLD,2023-11-17 00:00:00,2023-11-17 01:00:00,0.1
Netherlands,NLD,2023-11-17 01:00:00,2023-11-17 02:00:00,0.1
Netherlands,NLD,2023-11-17 02:00:00,2023-11-17 03:00:00,0.09286
Netherlands,NLD,2023-11-17 03:00:00,2023-11-17 04:00:00,0.09570000000000001
Netherlands,NLD,2023-11-17 04:00:00,2023-11-17 05:00:00,0.1032
Netherlands,NLD,2023-11-17 05:00:00,2023-11-17 06:00:00,0.11935
Netherlands,NLD,2023-11-17 06:00:00,2023-11-17 07:00:00,0.13103
Netherlands,NLD,2023-11-17 07:00:00,2023-11-17 08:00:00,0.14192
Netherlands,NLD,2023-11-17 08:00:00,2023-11-17 09:00:00,0.13475
Netherlands,NLD,2023-11-17 09:00:00,2023-11-17 10:00:00,0.1279
Netherlands,NLD,2023-11-17 10:00:00,2023-11-17 11:00:00,0.12518
Netherlands,NLD,2023-11-17 11:00:00,2023-11-17 12:00:00,0.11954000000000001
Netherlands,NLD,2023-11-17 12:00:00,2023-11-17 13:00:00,0.11209999999999999
Netherlands,NLD,2023-11-17 13:00:00,2023-11-17 14:00:00,0.12390999999999999
Netherlands,NLD,2023-11-17 14:00:00,2023-11-17 15:00:00,0.12976
Netherlands,NLD,2023-11-17 15:00:00,2023-11-17 16:00:00,0.13765
Netherlands,NLD,2023-11-17 16:00:00,2023-11-17 17:00:00,0.14632
Netherlands,NLD,2023-11-17 17:00:00,2023-11-17 18:00:00,0.14980000000000002
Netherlands,NLD,2023-11-17 18:00:00,2023-11-17 19:00:00,0.14183
Netherlands,NLD,2023-11-17 19:00:00,2023-11-17 20:00:00,0.12844
Netherlands,NLD,2023-11-17 20:00:00,2023-11-17 21:00:00,0.12036
Netherlands,NLD,2023-11-17 21:00:00,2023-11-17 22:00:00,0.11824
Netherlands,NLD,2023-11-17 22:00:00,2023-11-17 23:00:00,0.11209999999999999
Netherlands,NLD,2023-11-17 23:00:00,2023-11-18 00:00:00,0.11056
Netherlands,NLD,2023-11-18 00:00:00,2023-11-18 01:00:00,0.09738
Netherlands,NLD,2023-11-18 01:00:00,2023-11-18 02:00:00,0.09061
Netherlands,NLD,2023-11-18 02:00:00,2023-11-18 03:00:00,0.08594
Netherlands,NLD,2023-11-18 03:00:00,2023-11-18 04:00:00,0.08245999999999999
Netherlands,NLD,2023-11-18 04:00:00,2023-11-18 05:00:00,0.0825
Netherlands,NLD,2023-11-18 05:00:00,2023-11-18 06:00:00,0.08619
Netherlands,NLD,2023-11-18 06:00:00,2023-11-18 07:00:00,0.09208
Netherlands,NLD,2023-11-18 07:00:00,2023-11-18 08:00:00,0.10017
Netherlands,NLD,2023-11-18 08:00:00,2023-11-18 09:00:00,0.09695000000000001
Netherlands,NLD,2023-11-18 09:00:00,2023-11-18 10:00:00,0.09520999999999999
Netherlands,NLD,2023-11-18 10:00:00,2023-11-18 11:00:00,0.09289
Netherlands,NLD,2023-11-18 11:00:00,2023-11-18 12:00:00,0.09264
Netherlands,NLD,2023-11-18 12:00:00,2023-11-18 13:00:00,0.09161
Netherlands,NLD,2023-11-18 13:00:00,2023-11-18 14:00:00,0.09289
Netherlands,NLD,2023-11-18 14:00:00,2023-11-18 15:00:00,0.09223
Netherlands,NLD,2023-11-18 15:00:00,2023-11-18 16:00:00,0.09448000000000001
Netherlands,NLD,2023-11-18 16:00:00,2023-11-18 17:00:00,0.10528
Netherlands,NLD,2023-11-18 17:00:00,2023-11-18 18:00:00,0.10762000000000001
Netherlands,NLD,2023-11-18 18:00:00,2023-11-18 19:00:00,0.09079999999999999
Netherlands,NLD,2023-11-18 19:00:00,2023-11-18 20:00:00,0.08354
Netherlands,NLD,2023-11-18 20:00:00,2023-11-18 21:00:00,0.07811
Netherlands,NLD,2023-11-18 21:00:00,2023-11-18 22:00:00,0.07376
Netherlands,NLD,2023-11-18 22:00:00,2023-11-18 23:00:00,0.05811
Netherlands,NLD,2023-11-18 23:00:00,2023-11-19 00:00:00,0.01924
Netherlands,NLD,2023-11-19 00:00:00,2023-11-19 01:00:00,0.00575
Netherlands,NLD,2023-11-19 01:00:00,2023-11-19 02:00:00,0.0040999999999999995
Netherlands,NLD,2023-11-19 02:00:00,2023-11-19 03:00:00,0.00013000000000000002
Netherlands,NLD,2023-11-19 03:00:00,2023-11-19 04:00:00,7.000000000000001e-05
Netherlands,NLD,2023-11-19 04:00:00,2023-11-19 05:00:00,8.999999999999999e-05
Netherlands,NLD,2023-11-19 05:00:00,2023-11-19 06:00:00,0.00233
Netherlands,NLD,2023-11-19 06:00:00,2023-11-19 07:00:00,0.0055899999999999995
Netherlands,NLD,2023-11-19 07:00:00,2023-11-19 08:00:00,0.01449
Netherlands,NLD,2023-11-19 08:00:00,2023-11-19 09:00:00,0.018920000000000003
Netherlands,NLD,2023-11-19 09:00:00,2023-11-19 10:00:00,0.01257
Netherlands,NLD,2023-11-19 10:00:00,2023-11-19 11:00:00,0.01261
Netherlands,NLD,2023-11-19 11:00:00,2023-11-19 12:00:00,0.01166
Netherlands,NLD,2023-11-19 12:00:00,2023-11-19 13:00:00,0.00079
Netherlands,NLD,2023-11-19 13:00:00,2023-11-19 14:00:00,0.01529
Netherlands,NLD,2023-11-19 14:00:00,2023-11-19 15:00:00,0.06731000000000001
Netherlands,NLD,2023-11-19 15:00:00,2023-11-19 16:00:00,0.08098000000000001
Netherlands,NLD,2023-11-19 16:00:00,2023-11-19 17:00:00,0.09498999999999999
Netherlands,NLD,2023-11-19 17:00:00,2023-11-19 18:00:00,0.10457999999999999
Netherlands,NLD,2023-11-19 18:00:00,2023-11-19 19:00:00,0.10386
Netherlands,NLD,2023-11-19 19:00:00,2023-11-19 20:00:00,0.08874
Netherlands,NLD,2023-11-19 20:00:00,2023-11-19 21:00:00,0.08442
Netherlands,NLD,2023-11-19 21:00:00,2023-11-19 22:00:00,0.08805
Netherlands,NLD,2023-11-19 22:00:00,2023-11-19 23:00:00,0.08005
Netherlands,NLD,2023-11-19 23:00:00,2023-11-20 00:00:00,0.0683
Netherlands,NLD,2023-11-20 00:00:00,2023-11-20 01:00:00,0.06268
Netherlands,NLD,2023-11-20 01:00:00,2023-11-20 02:00:00,0.05991
Netherlands,NLD,2023-11-20 02:00:00,2023-11-20 03:00:00,0.05761
Netherlands,NLD,2023-11-20 03:00:00,2023-11-20 04:00:00,0.0634
Netherlands,NLD,2023-11-20 04:00:00,2023-11-20 05:00:00,0.08043
Netherlands,NLD,2023-11-20 05:00:00,2023-11-20 06:00:00,0.10247
Netherlands,NLD,2023-11-20 06:00:00,2023-11-20 07:00:00,0.12772
Netherlands,NLD,2023-11-20 07:00:00,2023-11-20 08:00:00,0.126
Netherlands,NLD,2023-11-20 08:00:00,2023-11-20 09:00:00,0.11759
Netherlands,NLD,2023-11-20 09:00:00,2023-11-20 10:00:00,0.11059000000000001
Netherlands,NLD,2023-11-20 10:00:00,2023-11-20 11:00:00,0.106
Netherlands,NLD,2023-11-20 11:00:00,2023-11-20 12:00:00,0.103
Netherlands,NLD,2023-11-20 12:00:00,2023-11-20 13:00:00,0.1143
Netherlands,NLD,2023-11-20 13:00:00,2023-11-20 14:00:00,0.12035
Netherlands,NLD,2023-11-20 14:00:00,2023-11-20 15:00:00,0.12537
Netherlands,NLD,2023-11-20 15:00:00,2023-11-20 16:00:00,0.13586
Netherlands,NLD,2023-11-20 16:00:00,2023-11-20 17:00:00,0.14812
Netherlands,NLD,2023-11-20 17:00:00,2023-11-20 18:00:00,0.13998
Netherlands,NLD,2023-11-20 18:00:00,2023-11-20 19:00:00,0.1301
Netherlands,NLD,2023-11-20 19:00:00,2023-11-20 20:00:00,0.12005
Netherlands,NLD,2023-11-20 20:00:00,2023-11-20 21:00:00,0.10701000000000001
Netherlands,NLD,2023-11-20 21:00:00,2023-11-20 22:00:00,0.10805
Netherlands,NLD,2023-11-20 22:00:00,2023-11-20 23:00:00,0.1
Netherlands,NLD,2023-11-20 23:00:00,2023-11-21 00:00:00,0.10275
Netherlands,NLD,2023-11-21 00:00:00,2023-11-21 01:00:00,0.09820000000000001
Netherlands,NLD,2023-11-21 01:00:00,2023-11-21 02:00:00,0.09612000000000001
Netherlands,NLD,2023-11-21 02:00:00,2023-11-21 03:00:00,0.09117
Netherlands,NLD,2023-11-21 03:00:00,2023-11-21 04:00:00,0.09536
Netherlands,NLD,2023-11-21 04:00:00,2023-11-21 05:00:00,0.10112
Netherlands,NLD,2023-11-21 05:00:00,2023-11-21 06:00:00,0.1201
Netherlands,NLD,2023-11-21 06:00:00,2023-11-21 07:00:00,0.1345
Netherlands,NLD,2023-11-21 07:00:00,2023-11-21 08:00:00,0.1393
Netherlands,NLD,2023-11-21 08:00:00,2023-11-21 09:00:00,0.13602
Netherlands,NLD,2023-11-21 09:00:00,2023-11-21 10:00:00,0.135
Netherlands,NLD,2023-11-21 10:00:00,2023-11-21 11:00:00,0.13412000000000002
Netherlands,NLD,2023-11-21 11:00:00,2023-11-21 12:00:00,0.13783
Netherlands,NLD,2023-11-21 12:00:00,2023-11-21 13:00:00,0.13702
Netherlands,NLD,2023-11-21 13:00:00,2023-11-21 14:00:00,0.13707
Netherlands,NLD,2023-11-21 14:00:00,2023-11-21 15:00:00,0.13723
Netherlands,NLD,2023-11-21 15:00:00,2023-11-21 16:00:00,0.14057
Netherlands,NLD,2023-11-21 16:00:00,2023-11-21 17:00:00,0.1458
Netherlands,NLD,2023-11-21 17:00:00,2023-11-21 18:00:00,0.14208
Netherlands,NLD,2023-11-21 18:00:00,2023-11-21 19:00:00,0.13235
Netherlands,NLD,2023-11-21 19:00:00,2023-11-21 20:00:00,0.12479000000000001
Netherlands,NLD,2023-11-21 20:00:00,2023-11-21 21:00:00,0.11052
Netherlands,NLD,2023-11-21 21:00:00,2023-11-21 22:00:00,0.11091
Netherlands,NLD,2023-11-21 22:00:00,2023-11-21 23:00:00,0.09804
Netherlands,NLD,2023-11-21 23:00:00,2023-11-22 00:00:00,0.098
Netherlands,NLD,2023-11-22 00:00:00,2023-11-22 01:00:00,0.09501000000000001
Netherlands,NLD,2023-11-22 01:00:00,2023-11-22 02:00:00,0.09501000000000001
Netherlands,NLD,2023-11-22 02:00:00,2023-11-22 03:00:00,0.092
Netherlands,NLD,2023-11-22 03:00:00,2023-11-22 04:00:00,0.09259
Netherlands,NLD,2023-11-22 04:00:00,2023-11-22 05:00:00,0.0965
Netherlands,NLD,2023-11-22 05:00:00,2023-11-22 06:00:00,0.11925
Netherlands,NLD,2023-11-22 06:00:00,2023-11-22 07:00:00,0.14055
Netherlands,NLD,2023-11-22 07:00:00,2023-11-22 08:00:00,0.15222999999999998
Netherlands,NLD,2023-11-22 08:00:00,2023-11-22 09:00:00,0.1313
Netherlands,NLD,2023-11-22 09:00:00,2023-11-22 10:00:00,0.11499
Netherlands,NLD,2023-11-22 10:00:00,2023-11-22 11:00:00,0.10357
Netherlands,NLD,2023-11-22 11:00:00,2023-11-22 12:00:00,0.09559999999999999
Netherlands,NLD,2023-11-22 12:00:00,2023-11-22 13:00:00,0.10241
Netherlands,NLD,2023-11-22 13:00:00,2023-11-22 14:00:00,0.11609
Netherlands,NLD,2023-11-22 14:00:00,2023-11-22 15:00:00,0.12
Netherlands,NLD,2023-11-22 15:00:00,2023-11-22 16:00:00,0.1272
Netherlands,NLD,2023-11-22 16:00:00,2023-11-22 17:00:00,0.13294999999999998
Netherlands,NLD,2023-11-22 17:00:00,2023-11-22 18:00:00,0.12988999999999998
Netherlands,NLD,2023-11-22 18:00:00,2023-11-22 19:00:00,0.11878
Netherlands,NLD,2023-11-22 19:00:00,2023-11-22 20:00:00,0.123
Netherlands,NLD,2023-11-22 20:00:00,2023-11-22 21:00:00,0.10282
Netherlands,NLD,2023-11-22 21:00:00,2023-11-22 22:00:00,0.10857
Netherlands,NLD,2023-11-22 22:00:00,2023-11-22 23:00:00,0.08020000000000001
Netherlands,NLD,2023-11-22 23:00:00,2023-11-23 00:00:00,0.06497
Netherlands,NLD,2023-11-23 00:00:00,2023-11-23 01:00:00,0.046049999999999994
Netherlands,NLD,2023-11-23 01:00:00,2023-11-23 02:00:00,0.04112
Netherlands,NLD,2023-11-23 02:00:00,2023-11-23 03:00:00,0.03013
Netherlands,NLD,2023-11-23 03:00:00,2023-11-23 04:00:00,0.02018
Netherlands,NLD,2023-11-23 04:00:00,2023-11-23 05:00:00,0.032170000000000004
Netherlands,NLD,2023-11-23 05:00:00,2023-11-23 06:00:00,0.082
Netherlands,NLD,2023-11-23 06:00:00,2023-11-23 07:00:00,0.11443
Netherlands,NLD,2023-11-23 07:00:00,2023-11-23 08:00:00,0.1398
Netherlands,NLD,2023-11-23 08:00:00,2023-11-23 09:00:00,0.1399
Netherlands,NLD,2023-11-23 09:00:00,2023-11-23 10:00:00,0.11901
Netherlands,NLD,2023-11-23 10:00:00,2023-11-23 11:00:00,0.088
Netherlands,NLD,2023-11-23 11:00:00,2023-11-23 12:00:00,0.07087
Netherlands,NLD,2023-11-23 12:00:00,2023-11-23 13:00:00,0.08489000000000001
Netherlands,NLD,2023-11-23 13:00:00,2023-11-23 14:00:00,0.095
Netherlands,NLD,2023-11-23 14:00:00,2023-11-23 15:00:00,0.098
Netherlands,NLD,2023-11-23 15:00:00,2023-11-23 16:00:00,0.11209999999999999
Netherlands,NLD,2023-11-23 16:00:00,2023-11-23 17:00:00,0.15577000000000002
Netherlands,NLD,2023-11-23 17:00:00,2023-11-23 18:00:00,0.1359
Netherlands,NLD,2023-11-23 18:00:00,2023-11-23 19:00:00,0.1301
Netherlands,NLD,2023-11-23 19:00:00,2023-11-23 20:00:00,0.096
Netherlands,NLD,2023-11-23 20:00:00,2023-11-23 21:00:00,0.093
Netherlands,NLD,2023-11-23 21:00:00,2023-11-23 22:00:00,0.09179999999999999
Netherlands,NLD,2023-11-23 22:00:00,2023-11-23 23:00:00,0.06032
Netherlands,NLD,2023-11-23 23:00:00,2023-11-24 00:00:00,0.047
Netherlands,NLD,2023-11-24 00:00:00,2023-11-24 01:00:00,0.020399999999999998
Netherlands,NLD,2023-11-24 01:00:00,2023-11-24 02:00:00,0.024399999999999998
Netherlands,NLD,2023-11-24 02:00:00,2023-11-24 03:00:00,0.0005899999999999999
Netherlands,NLD,2023-11-24 03:00:00,2023-11-24 04:00:00,0.00177
Netherlands,NLD,2023-11-24 04:00:00,2023-11-24 05:00:00,0.03168
Netherlands,NLD,2023-11-24 05:00:00,2023-11-24 06:00:00,0.0709
Netherlands,NLD,2023-11-24 06:00:00,2023-11-24 07:00:00,0.09461
Netherlands,NLD,2023-11-24 07:00:00,2023-11-24 08:00:00,0.12657
Netherlands,NLD,2023-11-24 08:00:00,2023-11-24 09:00:00,0.13122
Netherlands,NLD,2023-11-24 09:00:00,2023-11-24 10:00:00,0.10715000000000001
Netherlands,NLD,2023-11-24 10:00:00,2023-11-24 11:00:00,0.09885
Netherlands,NLD,2023-11-24 11:00:00,2023-11-24 12:00:00,0.07786
Netherlands,NLD,2023-11-24 12:00:00,2023-11-24 13:00:00,0.07829000000000001
Netherlands,NLD,2023-11-24 13:00:00,2023-11-24 14:00:00,0.08931
Netherlands,NLD,2023-11-24 14:00:00,2023-11-24 15:00:00,0.09009
Netherlands,NLD,2023-11-24 15:00:00,2023-11-24 16:00:00,0.11309999999999999
Netherlands,NLD,2023-11-24 16:00:00,2023-11-24 17:00:00,0.1451
Netherlands,NLD,2023-11-24 17:00:00,2023-11-24 18:00:00,0.14802
Netherlands,NLD,2023-11-24 18:00:00,2023-11-24 19:00:00,0.13634000000000002
Netherlands,NLD,2023-11-24 19:00:00,2023-11-24 20:00:00,0.1216
Netherlands,NLD,2023-11-24 20:00:00,2023-11-24 21:00:00,0.1001
Netherlands,NLD,2023-11-24 21:00:00,2023-11-24 22:00:00,0.09297
Netherlands,NLD,2023-11-24 22:00:00,2023-11-24 23:00:00,0.08535
Netherlands,NLD,2023-11-24 23:00:00,2023-11-25 00:00:00,0.07806999999999999
Netherlands,NLD,2023-11-25 00:00:00,2023-11-25 01:00:00,0.07403
Netherlands,NLD,2023-11-25 01:00:00,2023-11-25 02:00:00,0.07207
Netherlands,NLD,2023-11-25 02:00:00,2023-11-25 03:00:00,0.07161
Netherlands,NLD,2023-11-25 03:00:00,2023-11-25 04:00:00,0.06999
Netherlands,NLD,2023-11-25 04:00:00,2023-11-25 05:00:00,0.07418999999999999
Netherlands,NLD,2023-11-25 05:00:00,2023-11-25 06:00:00,0.07981
Netherlands,NLD,2023-11-25 06:00:00,2023-11-25 07:00:00,0.08708
Netherlands,NLD,2023-11-25 07:00:00,2023-11-25 08:00:00,0.09429000000000001
Netherlands,NLD,2023-11-25 08:00:00,2023-11-25 09:00:00,0.09201999999999999
Netherlands,NLD,2023-11-25 09:00:00,2023-11-25 10:00:00,0.08917
Netherlands,NLD,2023-11-25 10:00:00,2023-11-25 11:00:00,0.08706
Netherlands,NLD,2023-11-25 11:00:00,2023-11-25 12:00:00,0.08484
Netherlands,NLD,2023-11-25 12:00:00,2023-11-25 13:00:00,0.08309
Netherlands,NLD,2023-11-25 13:00:00,2023-11-25 14:00:00,0.09009
Netherlands,NLD,2023-11-25 14:00:00,2023-11-25 15:00:00,0.0958
Netherlands,NLD,2023-11-25 15:00:00,2023-11-25 16:00:00,0.11495
Netherlands,NLD,2023-11-25 16:00:00,2023-11-25 17:00:00,0.12409999999999999
Netherlands,NLD,2023-11-25 17:00:00,2023-11-25 18:00:00,0.13879
Netherlands,NLD,2023-11-25 18:00:00,2023-11-25 19:00:00,0.12805000000000002
Netherlands,NLD,2023-11-25 19:00:00,2023-11-25 20:00:00,0.13912
Netherlands,NLD,2023-11-25 20:00:00,2023-11-25 21:00:00,0.121
Netherlands,NLD,2023-11-25 21:00:00,2023-11-25 22:00:00,0.11785999999999999
Netherlands,NLD,2023-11-25 22:00:00,2023-11-25 23:00:00,0.11115
Netherlands,NLD,2023-11-25 23:00:00,2023-11-26 00:00:00,0.11173000000000001
Netherlands,NLD,2023-11-26 00:00:00,2023-11-26 01:00:00,0.10507
Netherlands,NLD,2023-11-26 01:00:00,2023-11-26 02:00:00,0.10184
Netherlands,NLD,2023-11-26 02:00:00,2023-11-26 03:00:00,0.09934
Netherlands,NLD,2023-11-26 03:00:00,2023-11-26 04:00:00,0.09658
Netherlands,NLD,2023-11-26 04:00:00,2023-11-26 05:00:00,0.09716
Netherlands,NLD,2023-11-26 05:00:00,2023-11-26 06:00:00,0.1001
Netherlands,NLD,2023-11-26 06:00:00,2023-11-26 07:00:00,0.11008
Netherlands,NLD,2023-11-26 07:00:00,2023-11-26 08:00:00,0.11313
Netherlands,NLD,2023-11-26 08:00:00,2023-11-26 09:00:00,0.1177
Netherlands,NLD,2023-11-26 09:00:00,2023-11-26 10:00:00,0.11588
Netherlands,NLD,2023-11-26 10:00:00,2023-11-26 11:00:00,0.1148
Netherlands,NLD,2023-11-26 11:00:00,2023-11-26 12:00:00,0.11367000000000001
Netherlands,NLD,2023-11-26 12:00:00,2023-11-26 13:00:00,0.11014
Netherlands,NLD,2023-11-26 13:00:00,2023-11-26 14:00:00,0.1151
Netherlands,NLD,2023-11-26 14:00:00,2023-11-26 15:00:00,0.12326000000000001
Netherlands,NLD,2023-11-26 15:00:00,2023-11-26 16:00:00,0.13415000000000002
Netherlands,NLD,2023-11-26 16:00:00,2023-11-26 17:00:00,0.1457
Netherlands,NLD,2023-11-26 17:00:00,2023-11-26 18:00:00,0.1606
Netherlands,NLD,2023-11-26 18:00:00,2023-11-26 19:00:00,0.14662999999999998
Netherlands,NLD,2023-11-26 19:00:00,2023-11-26 20:00:00,0.13591
Netherlands,NLD,2023-11-26 20:00:00,2023-11-26 21:00:00,0.12240999999999999
Netherlands,NLD,2023-11-26 21:00:00,2023-11-26 22:00:00,0.11899
Netherlands,NLD,2023-11-26 22:00:00,2023-11-26 23:00:00,0.10249
Netherlands,NLD,2023-11-26 23:00:00,2023-11-27 00:00:00,0.09931
Netherlands,NLD,2023-11-27 00:00:00,2023-11-27 01:00:00,0.09415000000000001
Netherlands,NLD,2023-11-27 01:00:00,2023-11-27 02:00:00,0.08990000000000001
Netherlands,NLD,2023-11-27 02:00:00,2023-11-27 03:00:00,0.08882
Netherlands,NLD,2023-11-27 03:00:00,2023-11-27 04:00:00,0.08791
Netherlands,NLD,2023-11-27 04:00:00,2023-11-27 05:00:00,0.09409000000000001
Netherlands,NLD,2023-11-27 05:00:00,2023-11-27 06:00:00,0.12201000000000001
Netherlands,NLD,2023-11-27 06:00:00,2023-11-27 07:00:00,0.13688999999999998
Netherlands,NLD,2023-11-27 07:00:00,2023-11-27 08:00:00,0.14499
Netherlands,NLD,2023-11-27 08:00:00,2023-11-27 09:00:00,0.13941
Netherlands,NLD,2023-11-27 09:00:00,2023-11-27 10:00:00,0.138
Netherlands,NLD,2023-11-27 10:00:00,2023-11-27 11:00:00,0.13694
Netherlands,NLD,2023-11-27 11:00:00,2023-11-27 12:00:00,0.13397
Netherlands,NLD,2023-11-27 12:00:00,2023-11-27 13:00:00,0.13266999999999998
Netherlands,NLD,2023-11-27 13:00:00,2023-11-27 14:00:00,0.13009
Netherlands,NLD,2023-11-27 14:00:00,2023-11-27 15:00:00,0.12163
Netherlands,NLD,2023-11-27 15:00:00,2023-11-27 16:00:00,0.11684
Netherlands,NLD,2023-11-27 16:00:00,2023-11-27 17:00:00,0.12556
Netherlands,NLD,2023-11-27 17:00:00,2023-11-27 18:00:00,0.1291
Netherlands,NLD,2023-11-27 18:00:00,2023-11-27 19:00:00,0.10558
Netherlands,NLD,2023-11-27 19:00:00,2023-11-27 20:00:00,0.109
Netherlands,NLD,2023-11-27 20:00:00,2023-11-27 21:00:00,0.10809999999999999
Netherlands,NLD,2023-11-27 21:00:00,2023-11-27 22:00:00,0.0943
Netherlands,NLD,2023-11-27 22:00:00,2023-11-27 23:00:00,0.08489000000000001
Netherlands,NLD,2023-11-27 23:00:00,2023-11-28 00:00:00,0.07773999999999999
Netherlands,NLD,2023-11-28 00:00:00,2023-11-28 01:00:00,0.07049
Netherlands,NLD,2023-11-28 01:00:00,2023-11-28 02:00:00,0.06747
Netherlands,NLD,2023-11-28 02:00:00,2023-11-28 03:00:00,0.0645
Netherlands,NLD,2023-11-28 03:00:00,2023-11-28 04:00:00,0.06829
Netherlands,NLD,2023-11-28 04:00:00,2023-11-28 05:00:00,0.08008
Netherlands,NLD,2023-11-28 05:00:00,2023-11-28 06:00:00,0.09762
Netherlands,NLD,2023-11-28 06:00:00,2023-11-28 07:00:00,0.11838
Netherlands,NLD,2023-11-28 07:00:00,2023-11-28 08:00:00,0.1276
Netherlands,NLD,2023-11-28 08:00:00,2023-11-28 09:00:00,0.13828000000000001
Netherlands,NLD,2023-11-28 09:00:00,2023-11-28 10:00:00,0.13927
Netherlands,NLD,2023-11-28 10:00:00,2023-11-28 11:00:00,0.13851
Netherlands,NLD,2023-11-28 11:00:00,2023-11-28 12:00:00,0.13561
Netherlands,NLD,2023-11-28 12:00:00,2023-11-28 13:00:00,0.13773
Netherlands,NLD,2023-11-28 13:00:00,2023-11-28 14:00:00,0.14401
Netherlands,NLD,2023-11-28 14:00:00,2023-11-28 15:00:00,0.15
Netherlands,NLD,2023-11-28 15:00:00,2023-11-28 16:00:00,0.16401
Netherlands,NLD,2023-11-28 16:00:00,2023-11-28 17:00:00,0.18997999999999998
Netherlands,NLD,2023-11-28 17:00:00,2023-11-28 18:00:00,0.177
Netherlands,NLD,2023-11-28 18:00:00,2023-11-28 19:00:00,0.16149000000000002
Netherlands,NLD,2023-11-28 19:00:00,2023-11-28 20:00:00,0.14051
Netherlands,NLD,2023-11-28 20:00:00,2023-11-28 21:00:00,0.12
Netherlands,NLD,2023-11-28 21:00:00,2023-11-28 22:00:00,0.11684
Netherlands,NLD,2023-11-28 22:00:00,2023-11-28 23:00:00,0.10929000000000001
Netherlands,NLD,2023-11-28 23:00:00,2023-11-29 00:00:00,0.09843
Netherlands,NLD,2023-11-29 00:00:00,2023-11-29 01:00:00,0.09511
Netherlands,NLD,2023-11-29 01:00:00,2023-11-29 02:00:00,0.09208
Netherlands,NLD,2023-11-29 02:00:00,2023-11-29 03:00:00,0.08612
Netherlands,NLD,2023-11-29 03:00:00,2023-11-29 04:00:00,0.08494
Netherlands,NLD,2023-11-29 04:00:00,2023-11-29 05:00:00,0.09570000000000001
Netherlands,NLD,2023-11-29 05:00:00,2023-11-29 06:00:00,0.10284
Netherlands,NLD,2023-11-29 06:00:00,2023-11-29 07:00:00,0.13259
Netherlands,NLD,2023-11-29 07:00:00,2023-11-29 08:00:00,0.14958000000000002
Netherlands,NLD,2023-11-29 08:00:00,2023-11-29 09:00:00,0.145
Netherlands,NLD,2023-11-29 09:00:00,2023-11-29 10:00:00,0.13385
Netherlands,NLD,2023-11-29 10:00:00,2023-11-29 11:00:00,0.12999000000000002
Netherlands,NLD,2023-11-29 11:00:00,2023-11-29 12:00:00,0.12821000000000002
Netherlands,NLD,2023-11-29 12:00:00,2023-11-29 13:00:00,0.13238
Netherlands,NLD,2023-11-29 13:00:00,2023-11-29 14:00:00,0.14665999999999998
Netherlands,NLD,2023-11-29 14:00:00,2023-11-29 15:00:00,0.168
Netherlands,NLD,2023-11-29 15:00:00,2023-11-29 16:00:00,0.2
Netherlands,NLD,2023-11-29 16:00:00,2023-11-29 17:00:00,0.25
Netherlands,NLD,2023-11-29 17:00:00,2023-11-29 18:00:00,0.25
Netherlands,NLD,2023-11-29 18:00:00,2023-11-29 19:00:00,0.2
Netherlands,NLD,2023-11-29 19:00:00,2023-11-29 20:00:00,0.161
Netherlands,NLD,2023-11-29 20:00:00,2023-11-29 21:00:00,0.13901
Netherlands,NLD,2023-11-29 21:00:00,2023-11-29 22:00:00,0.1285
Netherlands,NLD,2023-11-29 22:00:00,2023-11-29 23:00:00,0.11427
Netherlands,NLD,2023-11-29 23:00:00,2023-11-30 00:00:00,0.10479000000000001
Netherlands,NLD,2023-11-30 00:00:00,2023-11-30 01:00:00,0.10452
Netherlands,NLD,2023-11-30 01:00:00,2023-11-30 02:00:00,0.1022
Netherlands,NLD,2023-11-30 02:00:00,2023-11-30 03:00:00,0.1
Netherlands,NLD,2023-11-30 03:00:00,2023-11-30 04:00:00,0.10163
Netherlands,NLD,2023-11-30 04:00:00,2023-11-30 05:00:00,0.10629999999999999
Netherlands,NLD,2023-11-30 05:00:00,2023-11-30 06:00:00,0.12941
Netherlands,NLD,2023-11-30 06:00:00,2023-11-30 07:00:00,0.16809000000000002
Netherlands,NLD,2023-11-30 07:00:00,2023-11-30 08:00:00,0.21927000000000002
Netherlands,NLD,2023-11-30 08:00:00,2023-11-30 09:00:00,0.23706
Netherlands,NLD,2023-11-30 09:00:00,2023-11-30 10:00:00,0.22240000000000001
Netherlands,NLD,2023-11-30 10:00:00,2023-11-30 11:00:00,0.22322
Netherlands,NLD,2023-11-30 11:00:00,2023-11-30 12:00:00,0.19515000000000002
Netherlands,NLD,2023-11-30 12:00:00,2023-11-30 13:00:00,0.18975999999999998
Netherlands,NLD,2023-11-30 13:00:00,2023-11-30 14:00:00,0.195
Netherlands,NLD,2023-11-30 14:00:00,2023-11-30 15:00:00,0.195
Netherlands,NLD,2023-11-30 15:00:00,2023-11-30 16:00:00,0.226
Netherlands,NLD,2023-11-30 16:00:00,2023-11-30 17:00:00,0.261
Netherlands,NLD,2023-11-30 17:00:00,2023-11-30 18:00:00,0.24941
Netherlands,NLD,2023-11-30 18:00:00,2023-11-30 19:00:00,0.19666
Netherlands,NLD,2023-11-30 19:00:00,2023-11-30 20:00:00,0.15393
Netherlands,NLD,2023-11-30 20:00:00,2023-11-30 21:00:00,0.13271
Netherlands,NLD,2023-11-30 21:00:00,2023-11-30 22:00:00,0.12467
Netherlands,NLD,2023-11-30 22:00:00,2023-11-30 23:00:00,0.11372
Netherlands,NLD,2023-11-30 23:00:00,2023-12-01 00:00:00,0.10690999999999999
Netherlands,NLD,2023-12-01 00:00:00,2023-12-01 01:00:00,0.10263
Netherlands,NLD,2023-12-01 01:00:00,2023-12-01 02:00:00,0.0991
Netherlands,NLD,2023-12-01 02:00:00,2023-12-01 03:00:00,0.09589
Netherlands,NLD,2023-12-01 03:00:00,2023-12-01 04:00:00,0.09606999999999999
Netherlands,NLD,2023-12-01 04:00:00,2023-12-01 05:00:00,0.10229
Netherlands,NLD,2023-12-01 05:00:00,2023-12-01 06:00:00,0.12
Netherlands,NLD,2023-12-01 06:00:00,2023-12-01 07:00:00,0.15206999999999998
Netherlands,NLD,2023-12-01 07:00:00,2023-12-01 08:00:00,0.20332
Netherlands,NLD,2023-12-01 08:00:00,2023-12-01 09:00:00,0.22235
Netherlands,NLD,2023-12-01 09:00:00,2023-12-01 10:00:00,0.21499000000000001
Netherlands,NLD,2023-12-01 10:00:00,2023-12-01 11:00:00,0.21309
Netherlands,NLD,2023-12-01 11:00:00,2023-12-01 12:00:00,0.19672
Netherlands,NLD,2023-12-01 12:00:00,2023-12-01 13:00:00,0.17454
Netherlands,NLD,2023-12-01 13:00:00,2023-12-01 14:00:00,0.17411000000000001
Netherlands,NLD,2023-12-01 14:00:00,2023-12-01 15:00:00,0.18359999999999999
Netherlands,NLD,2023-12-01 15:00:00,2023-12-01 16:00:00,0.2
Netherlands,NLD,2023-12-01 16:00:00,2023-12-01 17:00:00,0.22977
Netherlands,NLD,2023-12-01 17:00:00,2023-12-01 18:00:00,0.1991
Netherlands,NLD,2023-12-01 18:00:00,2023-12-01 19:00:00,0.16849
Netherlands,NLD,2023-12-01 19:00:00,2023-12-01 20:00:00,0.14233
Netherlands,NLD,2023-12-01 20:00:00,2023-12-01 21:00:00,0.12511
Netherlands,NLD,2023-12-01 21:00:00,2023-12-01 22:00:00,0.11831
Netherlands,NLD,2023-12-01 22:00:00,2023-12-01 23:00:00,0.10812000000000001
Netherlands,NLD,2023-12-01 23:00:00,2023-12-02 00:00:00,0.10529999999999999
Netherlands,NLD,2023-12-02 00:00:00,2023-12-02 01:00:00,0.10278
Netherlands,NLD,2023-12-02 01:00:00,2023-12-02 02:00:00,0.10174
Netherlands,NLD,2023-12-02 02:00:00,2023-12-02 03:00:00,0.09924
Netherlands,NLD,2023-12-02 03:00:00,2023-12-02 04:00:00,0.09834999999999999
Netherlands,NLD,2023-12-02 04:00:00,2023-12-02 05:00:00,0.09801
Netherlands,NLD,2023-12-02 05:00:00,2023-12-02 06:00:00,0.09906000000000001
Netherlands,NLD,2023-12-02 06:00:00,2023-12-02 07:00:00,0.10475
Netherlands,NLD,2023-12-02 07:00:00,2023-12-02 08:00:00,0.12034
Netherlands,NLD,2023-12-02 08:00:00,2023-12-02 09:00:00,0.12799
Netherlands,NLD,2023-12-02 09:00:00,2023-12-02 10:00:00,0.13075
Netherlands,NLD,2023-12-02 10:00:00,2023-12-02 11:00:00,0.12624
Netherlands,NLD,2023-12-02 11:00:00,2023-12-02 12:00:00,0.1199
Netherlands,NLD,2023-12-02 12:00:00,2023-12-02 13:00:00,0.11458
Netherlands,NLD,2023-12-02 13:00:00,2023-12-02 14:00:00,0.11852
Netherlands,NLD,2023-12-02 14:00:00,2023-12-02 15:00:00,0.1235
Netherlands,NLD,2023-12-02 15:00:00,2023-12-02 16:00:00,0.12979
Netherlands,NLD,2023-12-02 16:00:00,2023-12-02 17:00:00,0.14415
Netherlands,NLD,2023-12-02 17:00:00,2023-12-02 18:00:00,0.14485
Netherlands,NLD,2023-12-02 18:00:00,2023-12-02 19:00:00,0.12956
Netherlands,NLD,2023-12-02 19:00:00,2023-12-02 20:00:00,0.12256
Netherlands,NLD,2023-12-02 20:00:00,2023-12-02 21:00:00,0.113
Netherlands,NLD,2023-12-02 21:00:00,2023-12-02 22:00:00,0.10901000000000001
Netherlands,NLD,2023-12-02 22:00:00,2023-12-02 23:00:00,0.10629999999999999
Netherlands,NLD,2023-12-02 23:00:00,2023-12-03 00:00:00,0.10862999999999999
Netherlands,NLD,2023-12-03 00:00:00,2023-12-03 01:00:00,0.10338
Netherlands,NLD,2023-12-03 01:00:00,2023-12-03 02:00:00,0.1002
Netherlands,NLD,2023-12-03 02:00:00,2023-12-03 03:00:00,0.09913
Netherlands,NLD,2023-12-03 03:00:00,2023-12-03 04:00:00,0.09515000000000001
Netherlands,NLD,2023-12-03 04:00:00,2023-12-03 05:00:00,0.09183
Netherlands,NLD,2023-12-03 05:00:00,2023-12-03 06:00:00,0.08889
Netherlands,NLD,2023-12-03 06:00:00,2023-12-03 07:00:00,0.09231
Netherlands,NLD,2023-12-03 07:00:00,2023-12-03 08:00:00,0.09702
Netherlands,NLD,2023-12-03 08:00:00,2023-12-03 09:00:00,0.10015
Netherlands,NLD,2023-12-03 09:00:00,2023-12-03 10:00:00,0.10496
Netherlands,NLD,2023-12-03 10:00:00,2023-12-03 11:00:00,0.10507
Netherlands,NLD,2023-12-03 11:00:00,2023-12-03 12:00:00,0.10291
Netherlands,NLD,2023-12-03 12:00:00,2023-12-03 13:00:00,0.1
Netherlands,NLD,2023-12-03 13:00:00,2023-12-03 14:00:00,0.10568000000000001
Netherlands,NLD,2023-12-03 14:00:00,2023-12-03 15:00:00,0.115
Netherlands,NLD,2023-12-03 15:00:00,2023-12-03 16:00:00,0.1222
Netherlands,NLD,2023-12-03 16:00:00,2023-12-03 17:00:00,0.1279
Netherlands,NLD,2023-12-03 17:00:00,2023-12-03 18:00:00,0.12905
Netherlands,NLD,2023-12-03 18:00:00,2023-12-03 19:00:00,0.12607
Netherlands,NLD,2023-12-03 19:00:00,2023-12-03 20:00:00,0.11233
Netherlands,NLD,2023-12-03 20:00:00,2023-12-03 21:00:00,0.1
Netherlands,NLD,2023-12-03 21:00:00,2023-12-03 22:00:00,0.09909
Netherlands,NLD,2023-12-03 22:00:00,2023-12-03 23:00:00,0.089
Netherlands,NLD,2023-12-03 23:00:00,2023-12-04 00:00:00,0.09386
Netherlands,NLD,2023-12-04 00:00:00,2023-12-04 01:00:00,0.08981
Netherlands,NLD,2023-12-04 01:00:00,2023-12-04 02:00:00,0.08802
Netherlands,NLD,2023-12-04 02:00:00,2023-12-04 03:00:00,0.08538
Netherlands,NLD,2023-12-04 03:00:00,2023-12-04 04:00:00,0.08583
Netherlands,NLD,2023-12-04 04:00:00,2023-12-04 05:00:00,0.09198
Netherlands,NLD,2023-12-04 05:00:00,2023-12-04 06:00:00,0.10338
Netherlands,NLD,2023-12-04 06:00:00,2023-12-04 07:00:00,0.11575
Netherlands,NLD,2023-12-04 07:00:00,2023-12-04 08:00:00,0.12264
Netherlands,NLD,2023-12-04 08:00:00,2023-12-04 09:00:00,0.12612
Netherlands,NLD,2023-12-04 09:00:00,2023-12-04 10:00:00,0.12802000000000002
Netherlands,NLD,2023-12-04 10:00:00,2023-12-04 11:00:00,0.13069999999999998
Netherlands,NLD,2023-12-04 11:00:00,2023-12-04 12:00:00,0.12645
Netherlands,NLD,2023-12-04 12:00:00,2023-12-04 13:00:00,0.13
Netherlands,NLD,2023-12-04 13:00:00,2023-12-04 14:00:00,0.1271
Netherlands,NLD,2023-12-04 14:00:00,2023-12-04 15:00:00,0.12484
Netherlands,NLD,2023-12-04 15:00:00,2023-12-04 16:00:00,0.12196
Netherlands,NLD,2023-12-04 16:00:00,2023-12-04 17:00:00,0.12806
Netherlands,NLD,2023-12-04 17:00:00,2023-12-04 18:00:00,0.1256
Netherlands,NLD,2023-12-04 18:00:00,2023-12-04 19:00:00,0.12
Netherlands,NLD,2023-12-04 19:00:00,2023-12-04 20:00:00,0.11433
Netherlands,NLD,2023-12-04 20:00:00,2023-12-04 21:00:00,0.10554999999999999
Netherlands,NLD,2023-12-04 21:00:00,2023-12-04 22:00:00,0.1
Netherlands,NLD,2023-12-04 22:00:00,2023-12-04 23:00:00,0.09176000000000001
Netherlands,NLD,2023-12-04 23:00:00,2023-12-05 00:00:00,0.09085
Netherlands,NLD,2023-12-05 00:00:00,2023-12-05 01:00:00,0.08801
Netherlands,NLD,2023-12-05 01:00:00,2023-12-05 02:00:00,0.08573
Netherlands,NLD,2023-12-05 02:00:00,2023-12-05 03:00:00,0.08362
Netherlands,NLD,2023-12-05 03:00:00,2023-12-05 04:00:00,0.08471
Netherlands,NLD,2023-12-05 04:00:00,2023-12-05 05:00:00,0.09101999999999999
Netherlands,NLD,2023-12-05 05:00:00,2023-12-05 06:00:00,0.10795
Netherlands,NLD,2023-12-05 06:00:00,2023-12-05 07:00:00,0.11436
Netherlands,NLD,2023-12-05 07:00:00,2023-12-05 08:00:00,0.12279000000000001
Netherlands,NLD,2023-12-05 08:00:00,2023-12-05 09:00:00,0.12329000000000001
Netherlands,NLD,2023-12-05 09:00:00,2023-12-05 10:00:00,0.12068999999999999
Netherlands,NLD,2023-12-05 10:00:00,2023-12-05 11:00:00,0.12079000000000001
Netherlands,NLD,2023-12-05 11:00:00,2023-12-05 12:00:00,0.11796
Netherlands,NLD,2023-12-05 12:00:00,2023-12-05 13:00:00,0.11812
Netherlands,NLD,2023-12-05 13:00:00,2023-12-05 14:00:00,0.12507
Netherlands,NLD,2023-12-05 14:00:00,2023-12-05 15:00:00,0.12259
Netherlands,NLD,2023-12-05 15:00:00,2023-12-05 16:00:00,0.12924000000000002
Netherlands,NLD,2023-12-05 16:00:00,2023-12-05 17:00:00,0.14605
Netherlands,NLD,2023-12-05 17:00:00,2023-12-05 18:00:00,0.14747
Netherlands,NLD,2023-12-05 18:00:00,2023-12-05 19:00:00,0.14156
Netherlands,NLD,2023-12-05 19:00:00,2023-12-05 20:00:00,0.12863
Netherlands,NLD,2023-12-05 20:00:00,2023-12-05 21:00:00,0.11783
Netherlands,NLD,2023-12-05 21:00:00,2023-12-05 22:00:00,0.11155
Netherlands,NLD,2023-12-05 22:00:00,2023-12-05 23:00:00,0.10328
Netherlands,NLD,2023-12-05 23:00:00,2023-12-06 00:00:00,0.09497
Netherlands,NLD,2023-12-06 00:00:00,2023-12-06 01:00:00,0.09309999999999999
Netherlands,NLD,2023-12-06 01:00:00,2023-12-06 02:00:00,0.09257
Netherlands,NLD,2023-12-06 02:00:00,2023-12-06 03:00:00,0.09096
Netherlands,NLD,2023-12-06 03:00:00,2023-12-06 04:00:00,0.09059
Netherlands,NLD,2023-12-06 04:00:00,2023-12-06 05:00:00,0.09389
Netherlands,NLD,2023-12-06 05:00:00,2023-12-06 06:00:00,0.10651999999999999
Netherlands,NLD,2023-12-06 06:00:00,2023-12-06 07:00:00,0.13276
Netherlands,NLD,2023-12-06 07:00:00,2023-12-06 08:00:00,0.167
Netherlands,NLD,2023-12-06 08:00:00,2023-12-06 09:00:00,0.16654
Netherlands,NLD,2023-12-06 09:00:00,2023-12-06 10:00:00,0.15
Netherlands,NLD,2023-12-06 10:00:00,2023-12-06 11:00:00,0.14629
Netherlands,NLD,2023-12-06 11:00:00,2023-12-06 12:00:00,0.119
Netherlands,NLD,2023-12-06 12:00:00,2023-12-06 13:00:00,0.10973000000000001
Netherlands,NLD,2023-12-06 13:00:00,2023-12-06 14:00:00,0.12988999999999998
Netherlands,NLD,2023-12-06 14:00:00,2023-12-06 15:00:00,0.14399
Netherlands,NLD,2023-12-06 15:00:00,2023-12-06 16:00:00,0.164
Netherlands,NLD,2023-12-06 16:00:00,2023-12-06 17:00:00,0.17807
Netherlands,NLD,2023-12-06 17:00:00,2023-12-06 18:00:00,0.16528
Netherlands,NLD,2023-12-06 18:00:00,2023-12-06 19:00:00,0.14993
Netherlands,NLD,2023-12-06 19:00:00,2023-12-06 20:00:00,0.12991
Netherlands,NLD,2023-12-06 20:00:00,2023-12-06 21:00:00,0.11568
Netherlands,NLD,2023-12-06 21:00:00,2023-12-06 22:00:00,0.10733
Netherlands,NLD,2023-12-06 22:00:00,2023-12-06 23:00:00,0.10044
Netherlands,NLD,2023-12-06 23:00:00,2023-12-07 00:00:00,0.0992
Netherlands,NLD,2023-12-07 00:00:00,2023-12-07 01:00:00,0.09784999999999999
Netherlands,NLD,2023-12-07 01:00:00,2023-12-07 02:00:00,0.09686
Netherlands,NLD,2023-12-07 02:00:00,2023-12-07 03:00:00,0.09181
Netherlands,NLD,2023-12-07 03:00:00,2023-12-07 04:00:00,0.08992
Netherlands,NLD,2023-12-07 04:00:00,2023-12-07 05:00:00,0.09453
Netherlands,NLD,2023-12-07 05:00:00,2023-12-07 06:00:00,0.09705
Netherlands,NLD,2023-12-07 06:00:00,2023-12-07 07:00:00,0.12799
Netherlands,NLD,2023-12-07 07:00:00,2023-12-07 08:00:00,0.15
Netherlands,NLD,2023-12-07 08:00:00,2023-12-07 09:00:00,0.1377
Netherlands,NLD,2023-12-07 09:00:00,2023-12-07 10:00:00,0.1082
Netherlands,NLD,2023-12-07 10:00:00,2023-12-07 11:00:00,0.0943
Netherlands,NLD,2023-12-07 11:00:00,2023-12-07 12:00:00,0.079
Netherlands,NLD,2023-12-07 12:00:00,2023-12-07 13:00:00,0.0803
Netherlands,NLD,2023-12-07 13:00:00,2023-12-07 14:00:00,0.086
Netherlands,NLD,2023-12-07 14:00:00,2023-12-07 15:00:00,0.1067
Netherlands,NLD,2023-12-07 15:00:00,2023-12-07 16:00:00,0.12613
Netherlands,NLD,2023-12-07 16:00:00,2023-12-07 17:00:00,0.12521
Netherlands,NLD,2023-12-07 17:00:00,2023-12-07 18:00:00,0.12028
Netherlands,NLD,2023-12-07 18:00:00,2023-12-07 19:00:00,0.10319
Netherlands,NLD,2023-12-07 19:00:00,2023-12-07 20:00:00,0.09988
Netherlands,NLD,2023-12-07 20:00:00,2023-12-07 21:00:00,0.09609999999999999
Netherlands,NLD,2023-12-07 21:00:00,2023-12-07 22:00:00,0.09647
Netherlands,NLD,2023-12-07 22:00:00,2023-12-07 23:00:00,0.08708
Netherlands,NLD,2023-12-07 23:00:00,2023-12-08 00:00:00,0.08709
Netherlands,NLD,2023-12-08 00:00:00,2023-12-08 01:00:00,0.08326
Netherlands,NLD,2023-12-08 01:00:00,2023-12-08 02:00:00,0.08143
Netherlands,NLD,2023-12-08 02:00:00,2023-12-08 03:00:00,0.07952
Netherlands,NLD,2023-12-08 03:00:00,2023-12-08 04:00:00,0.08
Netherlands,NLD,2023-12-08 04:00:00,2023-12-08 05:00:00,0.08704
Netherlands,NLD,2023-12-08 05:00:00,2023-12-08 06:00:00,0.09994
Netherlands,NLD,2023-12-08 06:00:00,2023-12-08 07:00:00,0.10754000000000001
Netherlands,NLD,2023-12-08 07:00:00,2023-12-08 08:00:00,0.1128
Netherlands,NLD,2023-12-08 08:00:00,2023-12-08 09:00:00,0.11858
Netherlands,NLD,2023-12-08 09:00:00,2023-12-08 10:00:00,0.11878
Netherlands,NLD,2023-12-08 10:00:00,2023-12-08 11:00:00,0.11807
Netherlands,NLD,2023-12-08 11:00:00,2023-12-08 12:00:00,0.11674
Netherlands,NLD,2023-12-08 12:00:00,2023-12-08 13:00:00,0.11189
Netherlands,NLD,2023-12-08 13:00:00,2023-12-08 14:00:00,0.11309000000000001
Netherlands,NLD,2023-12-08 14:00:00,2023-12-08 15:00:00,0.11575
Netherlands,NLD,2023-12-08 15:00:00,2023-12-08 16:00:00,0.11334999999999999
Netherlands,NLD,2023-12-08 16:00:00,2023-12-08 17:00:00,0.11763
Netherlands,NLD,2023-12-08 17:00:00,2023-12-08 18:00:00,0.1186
Netherlands,NLD,2023-12-08 18:00:00,2023-12-08 19:00:00,0.10556
Netherlands,NLD,2023-12-08 19:00:00,2023-12-08 20:00:00,0.10467
Netherlands,NLD,2023-12-08 20:00:00,2023-12-08 21:00:00,0.10112
Netherlands,NLD,2023-12-08 21:00:00,2023-12-08 22:00:00,0.10139
Netherlands,NLD,2023-12-08 22:00:00,2023-12-08 23:00:00,0.09058
Netherlands,NLD,2023-12-08 23:00:00,2023-12-09 00:00:00,0.095
Netherlands,NLD,2023-12-09 00:00:00,2023-12-09 01:00:00,0.0851
Netherlands,NLD,2023-12-09 01:00:00,2023-12-09 02:00:00,0.07948999999999999
Netherlands,NLD,2023-12-09 02:00:00,2023-12-09 03:00:00,0.07307
Netherlands,NLD,2023-12-09 03:00:00,2023-12-09 04:00:00,0.06956999999999999
Netherlands,NLD,2023-12-09 04:00:00,2023-12-09 05:00:00,0.07238
Netherlands,NLD,2023-12-09 05:00:00,2023-12-09 06:00:00,0.07604000000000001
Netherlands,NLD,2023-12-09 06:00:00,2023-12-09 07:00:00,0.08249
Netherlands,NLD,2023-12-09 07:00:00,2023-12-09 08:00:00,0.08514000000000001
Netherlands,NLD,2023-12-09 08:00:00,2023-12-09 09:00:00,0.09176000000000001
Netherlands,NLD,2023-12-09 09:00:00,2023-12-09 10:00:00,0.09058
Netherlands,NLD,2023-12-09 10:00:00,2023-12-09 11:00:00,0.09075
Netherlands,NLD,2023-12-09 11:00:00,2023-12-09 12:00:00,0.09117
Netherlands,NLD,2023-12-09 12:00:00,2023-12-09 13:00:00,0.08868999999999999
Netherlands,NLD,2023-12-09 13:00:00,2023-12-09 14:00:00,0.0856
Netherlands,NLD,2023-12-09 14:00:00,2023-12-09 15:00:00,0.0835
Netherlands,NLD,2023-12-09 15:00:00,2023-12-09 16:00:00,0.0787
Netherlands,NLD,2023-12-09 16:00:00,2023-12-09 17:00:00,0.08344
Netherlands,NLD,2023-12-09 17:00:00,2023-12-09 18:00:00,0.08
Netherlands,NLD,2023-12-09 18:00:00,2023-12-09 19:00:00,0.07869
Netherlands,NLD,2023-12-09 19:00:00,2023-12-09 20:00:00,0.06562
Netherlands,NLD,2023-12-09 20:00:00,2023-12-09 21:00:00,0.061399999999999996
Netherlands,NLD,2023-12-09 21:00:00,2023-12-09 22:00:00,0.0572
Netherlands,NLD,2023-12-09 22:00:00,2023-12-09 23:00:00,0.04618
Netherlands,NLD,2023-12-09 23:00:00,2023-12-10 00:00:00,0.033780000000000004
Netherlands,NLD,2023-12-10 00:00:00,2023-12-10 01:00:00,0.02134
Netherlands,NLD,2023-12-10 01:00:00,2023-12-10 02:00:00,0.01249
Netherlands,NLD,2023-12-10 02:00:00,2023-12-10 03:00:00,0.00637
Netherlands,NLD,2023-12-10 03:00:00,2023-12-10 04:00:00,0.00936
Netherlands,NLD,2023-12-10 04:00:00,2023-12-10 05:00:00,0.01754
Netherlands,NLD,2023-12-10 05:00:00,2023-12-10 06:00:00,0.02384
Netherlands,NLD,2023-12-10 06:00:00,2023-12-10 07:00:00,0.04185
Netherlands,NLD,2023-12-10 07:00:00,2023-12-10 08:00:00,0.05967
Netherlands,NLD,2023-12-10 08:00:00,2023-12-10 09:00:00,0.06624
Netherlands,NLD,2023-12-10 09:00:00,2023-12-10 10:00:00,0.06801
Netherlands,NLD,2023-12-10 10:00:00,2023-12-10 11:00:00,0.06795999999999999
Netherlands,NLD,2023-12-10 11:00:00,2023-12-10 12:00:00,0.06638
Netherlands,NLD,2023-12-10 12:00:00,2023-12-10 13:00:00,0.06473000000000001
Netherlands,NLD,2023-12-10 13:00:00,2023-12-10 14:00:00,0.06898
Netherlands,NLD,2023-12-10 14:00:00,2023-12-10 15:00:00,0.07584
Netherlands,NLD,2023-12-10 15:00:00,2023-12-10 16:00:00,0.0803
Netherlands,NLD,2023-12-10 16:00:00,2023-12-10 17:00:00,0.0803
Netherlands,NLD,2023-12-10 17:00:00,2023-12-10 18:00:00,0.08542
Netherlands,NLD,2023-12-10 18:00:00,2023-12-10 19:00:00,0.08076
Netherlands,NLD,2023-12-10 19:00:00,2023-12-10 20:00:00,0.07805
Netherlands,NLD,2023-12-10 20:00:00,2023-12-10 21:00:00,0.07706
Netherlands,NLD,2023-12-10 21:00:00,2023-12-10 22:00:00,0.07747
Netherlands,NLD,2023-12-10 22:00:00,2023-12-10 23:00:00,0.06715
Netherlands,NLD,2023-12-10 23:00:00,2023-12-11 00:00:00,0.03455
Netherlands,NLD,2023-12-11 00:00:00,2023-12-11 01:00:00,0.01574
Netherlands,NLD,2023-12-11 01:00:00,2023-12-11 02:00:00,0.013
Netherlands,NLD,2023-12-11 02:00:00,2023-12-11 03:00:00,0.0089
Netherlands,NLD,2023-12-11 03:00:00,2023-12-11 04:00:00,0.01199
Netherlands,NLD,2023-12-11 04:00:00,2023-12-11 05:00:00,0.03579
Netherlands,NLD,2023-12-11 05:00:00,2023-12-11 06:00:00,0.07429000000000001
Netherlands,NLD,2023-12-11 06:00:00,2023-12-11 07:00:00,0.09273999999999999
Netherlands,NLD,2023-12-11 07:00:00,2023-12-11 08:00:00,0.09865
Netherlands,NLD,2023-12-11 08:00:00,2023-12-11 09:00:00,0.09837
Netherlands,NLD,2023-12-11 09:00:00,2023-12-11 10:00:00,0.09329000000000001
Netherlands,NLD,2023-12-11 10:00:00,2023-12-11 11:00:00,0.09098
Netherlands,NLD,2023-12-11 11:00:00,2023-12-11 12:00:00,0.08597
Netherlands,NLD,2023-12-11 12:00:00,2023-12-11 13:00:00,0.08448
Netherlands,NLD,2023-12-11 13:00:00,2023-12-11 14:00:00,0.092
Netherlands,NLD,2023-12-11 14:00:00,2023-12-11 15:00:00,0.09679
Netherlands,NLD,2023-12-11 15:00:00,2023-12-11 16:00:00,0.10612
Netherlands,NLD,2023-12-11 16:00:00,2023-12-11 17:00:00,0.11845
Netherlands,NLD,2023-12-11 17:00:00,2023-12-11 18:00:00,0.12290000000000001
Netherlands,NLD,2023-12-11 18:00:00,2023-12-11 19:00:00,0.12154999999999999
Netherlands,NLD,2023-12-11 19:00:00,2023-12-11 20:00:00,0.11411
Netherlands,NLD,2023-12-11 20:00:00,2023-12-11 21:00:00,0.09942000000000001
Netherlands,NLD,2023-12-11 21:00:00,2023-12-11 22:00:00,0.09653
Netherlands,NLD,2023-12-11 22:00:00,2023-12-11 23:00:00,0.09037
Netherlands,NLD,2023-12-11 23:00:00,2023-12-12 00:00:00,0.08807
Netherlands,NLD,2023-12-12 00:00:00,2023-12-12 01:00:00,0.08706
Netherlands,NLD,2023-12-12 01:00:00,2023-12-12 02:00:00,0.08562
Netherlands,NLD,2023-12-12 02:00:00,2023-12-12 03:00:00,0.08442
Netherlands,NLD,2023-12-12 03:00:00,2023-12-12 04:00:00,0.08555
Netherlands,NLD,2023-12-12 04:00:00,2023-12-12 05:00:00,0.08731
Netherlands,NLD,2023-12-12 05:00:00,2023-12-12 06:00:00,0.0989
Netherlands,NLD,2023-12-12 06:00:00,2023-12-12 07:00:00,0.1184
Netherlands,NLD,2023-12-12 07:00:00,2023-12-12 08:00:00,0.14079
Netherlands,NLD,2023-12-12 08:00:00,2023-12-12 09:00:00,0.12877000000000002
Netherlands,NLD,2023-12-12 09:00:00,2023-12-12 10:00:00,0.12456999999999999
Netherlands,NLD,2023-12-12 10:00:00,2023-12-12 11:00:00,0.11881
Netherlands,NLD,2023-12-12 11:00:00,2023-12-12 12:00:00,0.11682
Netherlands,NLD,2023-12-12 12:00:00,2023-12-12 13:00:00,0.11946999999999999
Netherlands,NLD,2023-12-12 13:00:00,2023-12-12 14:00:00,0.11669
Netherlands,NLD,2023-12-12 14:00:00,2023-12-12 15:00:00,0.11554
Netherlands,NLD,2023-12-12 15:00:00,2023-12-12 16:00:00,0.1065
Netherlands,NLD,2023-12-12 16:00:00,2023-12-12 17:00:00,0.10413
Netherlands,NLD,2023-12-12 17:00:00,2023-12-12 18:00:00,0.105
Netherlands,NLD,2023-12-12 18:00:00,2023-12-12 19:00:00,0.09359999999999999
Netherlands,NLD,2023-12-12 19:00:00,2023-12-12 20:00:00,0.09215000000000001
Netherlands,NLD,2023-12-12 20:00:00,2023-12-12 21:00:00,0.08814
Netherlands,NLD,2023-12-12 21:00:00,2023-12-12 22:00:00,0.08337
Netherlands,NLD,2023-12-12 22:00:00,2023-12-12 23:00:00,0.0775
Netherlands,NLD,2023-12-12 23:00:00,2023-12-13 00:00:00,0.07543000000000001
Netherlands,NLD,2023-12-13 00:00:00,2023-12-13 01:00:00,0.07301
Netherlands,NLD,2023-12-13 01:00:00,2023-12-13 02:00:00,0.07372
Netherlands,NLD,2023-12-13 02:00:00,2023-12-13 03:00:00,0.07146
Netherlands,NLD,2023-12-13 03:00:00,2023-12-13 04:00:00,0.07305
Netherlands,NLD,2023-12-13 04:00:00,2023-12-13 05:00:00,0.07557
Netherlands,NLD,2023-12-13 05:00:00,2023-12-13 06:00:00,0.0831
Netherlands,NLD,2023-12-13 06:00:00,2023-12-13 07:00:00,0.10219
Netherlands,NLD,2023-12-13 07:00:00,2023-12-13 08:00:00,0.09877
Netherlands,NLD,2023-12-13 08:00:00,2023-12-13 09:00:00,0.10351
Netherlands,NLD,2023-12-13 09:00:00,2023-12-13 10:00:00,0.10023
Netherlands,NLD,2023-12-13 10:00:00,2023-12-13 11:00:00,0.1
Netherlands,NLD,2023-12-13 11:00:00,2023-12-13 12:00:00,0.09762
Netherlands,NLD,2023-12-13 12:00:00,2023-12-13 13:00:00,0.09734000000000001
Netherlands,NLD,2023-12-13 13:00:00,2023-12-13 14:00:00,0.10206
Netherlands,NLD,2023-12-13 14:00:00,2023-12-13 15:00:00,0.10283
Netherlands,NLD,2023-12-13 15:00:00,2023-12-13 16:00:00,0.10078
Netherlands,NLD,2023-12-13 16:00:00,2023-12-13 17:00:00,0.11004000000000001
Netherlands,NLD,2023-12-13 17:00:00,2023-12-13 18:00:00,0.10542
Netherlands,NLD,2023-12-13 18:00:00,2023-12-13 19:00:00,0.10204
Netherlands,NLD,2023-12-13 19:00:00,2023-12-13 20:00:00,0.0953
Netherlands,NLD,2023-12-13 20:00:00,2023-12-13 21:00:00,0.09087999999999999
Netherlands,NLD,2023-12-13 21:00:00,2023-12-13 22:00:00,0.09234999999999999
Netherlands,NLD,2023-12-13 22:00:00,2023-12-13 23:00:00,0.08425
Netherlands,NLD,2023-12-13 23:00:00,2023-12-14 00:00:00,0.07734
Netherlands,NLD,2023-12-14 00:00:00,2023-12-14 01:00:00,0.07612999999999999
Netherlands,NLD,2023-12-14 01:00:00,2023-12-14 02:00:00,0.0765
Netherlands,NLD,2023-12-14 02:00:00,2023-12-14 03:00:00,0.07753
Netherlands,NLD,2023-12-14 03:00:00,2023-12-14 04:00:00,0.07905
Netherlands,NLD,2023-12-14 04:00:00,2023-12-14 05:00:00,0.08192
Netherlands,NLD,2023-12-14 05:00:00,2023-12-14 06:00:00,0.09092
Netherlands,NLD,2023-12-14 06:00:00,2023-12-14 07:00:00,0.11634
Netherlands,NLD,2023-12-14 07:00:00,2023-12-14 08:00:00,0.12465999999999999
Netherlands,NLD,2023-12-14 08:00:00,2023-12-14 09:00:00,0.1217
Netherlands,NLD,2023-12-14 09:00:00,2023-12-14 10:00:00,0.11433
Netherlands,NLD,2023-12-14 10:00:00,2023-12-14 11:00:00,0.11932
Netherlands,NLD,2023-12-14 11:00:00,2023-12-14 12:00:00,0.095
Netherlands,NLD,2023-12-14 12:00:00,2023-12-14 13:00:00,0.0999
Netherlands,NLD,2023-12-14 13:00:00,2023-12-14 14:00:00,0.1008
Netherlands,NLD,2023-12-14 14:00:00,2023-12-14 15:00:00,0.10809999999999999
Netherlands,NLD,2023-12-14 15:00:00,2023-12-14 16:00:00,0.12
Netherlands,NLD,2023-12-14 16:00:00,2023-12-14 17:00:00,0.1199
Netherlands,NLD,2023-12-14 17:00:00,2023-12-14 18:00:00,0.12229999999999999
Netherlands,NLD,2023-12-14 18:00:00,2023-12-14 19:00:00,0.11381999999999999
Netherlands,NLD,2023-12-14 19:00:00,2023-12-14 20:00:00,0.0999
Netherlands,NLD,2023-12-14 20:00:00,2023-12-14 21:00:00,0.09620000000000001
Netherlands,NLD,2023-12-14 21:00:00,2023-12-14 22:00:00,0.09445999999999999
Netherlands,NLD,2023-12-14 22:00:00,2023-12-14 23:00:00,0.08557
Netherlands,NLD,2023-12-14 23:00:00,2023-12-15 00:00:00,0.08611
Netherlands,NLD,2023-12-15 00:00:00,2023-12-15 01:00:00,0.08293
Netherlands,NLD,2023-12-15 01:00:00,2023-12-15 02:00:00,0.08009999999999999
Netherlands,NLD,2023-12-15 02:00:00,2023-12-15 03:00:00,0.07654999999999999
Netherlands,NLD,2023-12-15 03:00:00,2023-12-15 04:00:00,0.07515999999999999
Netherlands,NLD,2023-12-15 04:00:00,2023-12-15 05:00:00,0.08041
Netherlands,NLD,2023-12-15 05:00:00,2023-12-15 06:00:00,0.09597
Netherlands,NLD,2023-12-15 06:00:00,2023-12-15 07:00:00,0.10692
Netherlands,NLD,2023-12-15 07:00:00,2023-12-15 08:00:00,0.1215
Netherlands,NLD,2023-12-15 08:00:00,2023-12-15 09:00:00,0.11747
Netherlands,NLD,2023-12-15 09:00:00,2023-12-15 10:00:00,0.10997
Netherlands,NLD,2023-12-15 10:00:00,2023-12-15 11:00:00,0.10277
Netherlands,NLD,2023-12-15 11:00:00,2023-12-15 12:00:00,0.0942
Netherlands,NLD,2023-12-15 12:00:00,2023-12-15 13:00:00,0.08837
Netherlands,NLD,2023-12-15 13:00:00,2023-12-15 14:00:00,0.0871
Netherlands,NLD,2023-12-15 14:00:00,2023-12-15 15:00:00,0.08986
Netherlands,NLD,2023-12-15 15:00:00,2023-12-15 16:00:00,0.0984
Netherlands,NLD,2023-12-15 16:00:00,2023-12-15 17:00:00,0.1044
Netherlands,NLD,2023-12-15 17:00:00,2023-12-15 18:00:00,0.10186
Netherlands,NLD,2023-12-15 18:00:00,2023-12-15 19:00:00,0.0933
Netherlands,NLD,2023-12-15 19:00:00,2023-12-15 20:00:00,0.09336
Netherlands,NLD,2023-12-15 20:00:00,2023-12-15 21:00:00,0.08836
Netherlands,NLD,2023-12-15 21:00:00,2023-12-15 22:00:00,0.08677
Netherlands,NLD,2023-12-15 22:00:00,2023-12-15 23:00:00,0.07671
Netherlands,NLD,2023-12-15 23:00:00,2023-12-16 00:00:00,0.06720000000000001
Netherlands,NLD,2023-12-16 00:00:00,2023-12-16 01:00:00,0.06321
Netherlands,NLD,2023-12-16 01:00:00,2023-12-16 02:00:00,0.06037
Netherlands,NLD,2023-12-16 02:00:00,2023-12-16 03:00:00,0.058
Netherlands,NLD,2023-12-16 03:00:00,2023-12-16 04:00:00,0.0541
Netherlands,NLD,2023-12-16 04:00:00,2023-12-16 05:00:00,0.05564
Netherlands,NLD,2023-12-16 05:00:00,2023-12-16 06:00:00,0.059340000000000004
Netherlands,NLD,2023-12-16 06:00:00,2023-12-16 07:00:00,0.06509999999999999
Netherlands,NLD,2023-12-16 07:00:00,2023-12-16 08:00:00,0.07989
Netherlands,NLD,2023-12-16 08:00:00,2023-12-16 09:00:00,0.08769
Netherlands,NLD,2023-12-16 09:00:00,2023-12-16 10:00:00,0.08442
Netherlands,NLD,2023-12-16 10:00:00,2023-12-16 11:00:00,0.077
Netherlands,NLD,2023-12-16 11:00:00,2023-12-16 12:00:00,0.07145
Netherlands,NLD,2023-12-16 12:00:00,2023-12-16 13:00:00,0.07062
Netherlands,NLD,2023-12-16 13:00:00,2023-12-16 14:00:00,0.07531
Netherlands,NLD,2023-12-16 14:00:00,2023-12-16 15:00:00,0.08038
Netherlands,NLD,2023-12-16 15:00:00,2023-12-16 16:00:00,0.0839
Netherlands,NLD,2023-12-16 16:00:00,2023-12-16 17:00:00,0.10678
Netherlands,NLD,2023-12-16 17:00:00,2023-12-16 18:00:00,0.11881
Netherlands,NLD,2023-12-16 18:00:00,2023-12-16 19:00:00,0.103
Netherlands,NLD,2023-12-16 19:00:00,2023-12-16 20:00:00,0.09359999999999999
Netherlands,NLD,2023-12-16 20:00:00,2023-12-16 21:00:00,0.075
Netherlands,NLD,2023-12-16 21:00:00,2023-12-16 22:00:00,0.06645999999999999
Netherlands,NLD,2023-12-16 22:00:00,2023-12-16 23:00:00,0.056
Netherlands,NLD,2023-12-16 23:00:00,2023-12-17 00:00:00,0.04548
Netherlands,NLD,2023-12-17 00:00:00,2023-12-17 01:00:00,0.04311
Netherlands,NLD,2023-12-17 01:00:00,2023-12-17 02:00:00,0.04371
Netherlands,NLD,2023-12-17 02:00:00,2023-12-17 03:00:00,0.02869
Netherlands,NLD,2023-12-17 03:00:00,2023-12-17 04:00:00,0.02637
Netherlands,NLD,2023-12-17 04:00:00,2023-12-17 05:00:00,0.02987
Netherlands,NLD,2023-12-17 05:00:00,2023-12-17 06:00:00,0.03903
Netherlands,NLD,2023-12-17 06:00:00,2023-12-17 07:00:00,0.04553
Netherlands,NLD,2023-12-17 07:00:00,2023-12-17 08:00:00,0.05767
Netherlands,NLD,2023-12-17 08:00:00,2023-12-17 09:00:00,0.05917
Netherlands,NLD,2023-12-17 09:00:00,2023-12-17 10:00:00,0.05443
Netherlands,NLD,2023-12-17 10:00:00,2023-12-17 11:00:00,0.049
Netherlands,NLD,2023-12-17 11:00:00,2023-12-17 12:00:00,0.04371
Netherlands,NLD,2023-12-17 12:00:00,2023-12-17 13:00:00,0.04003
Netherlands,NLD,2023-12-17 13:00:00,2023-12-17 14:00:00,0.0461
Netherlands,NLD,2023-12-17 14:00:00,2023-12-17 15:00:00,0.05718
Netherlands,NLD,2023-12-17 15:00:00,2023-12-17 16:00:00,0.06412999999999999
Netherlands,NLD,2023-12-17 16:00:00,2023-12-17 17:00:00,0.089
Netherlands,NLD,2023-12-17 17:00:00,2023-12-17 18:00:00,0.09989
Netherlands,NLD,2023-12-17 18:00:00,2023-12-17 19:00:00,0.086
Netherlands,NLD,2023-12-17 19:00:00,2023-12-17 20:00:00,0.06599
Netherlands,NLD,2023-12-17 20:00:00,2023-12-17 21:00:00,0.06489
Netherlands,NLD,2023-12-17 21:00:00,2023-12-17 22:00:00,0.06684
Netherlands,NLD,2023-12-17 22:00:00,2023-12-17 23:00:00,0.05163
Netherlands,NLD,2023-12-17 23:00:00,2023-12-18 00:00:00,0.05446
Netherlands,NLD,2023-12-18 00:00:00,2023-12-18 01:00:00,0.052020000000000004
Netherlands,NLD,2023-12-18 01:00:00,2023-12-18 02:00:00,0.05029
Netherlands,NLD,2023-12-18 02:00:00,2023-12-18 03:00:00,0.0492
Netherlands,NLD,2023-12-18 03:00:00,2023-12-18 04:00:00,0.052770000000000004
Netherlands,NLD,2023-12-18 04:00:00,2023-12-18 05:00:00,0.06258
Netherlands,NLD,2023-12-18 05:00:00,2023-12-18 06:00:00,0.084
Netherlands,NLD,2023-12-18 06:00:00,2023-12-18 07:00:00,0.10339
Netherlands,NLD,2023-12-18 07:00:00,2023-12-18 08:00:00,0.10928
Netherlands,NLD,2023-12-18 08:00:00,2023-12-18 09:00:00,0.11028
Netherlands,NLD,2023-12-18 09:00:00,2023-12-18 10:00:00,0.08903
Netherlands,NLD,2023-12-18 10:00:00,2023-12-18 11:00:00,0.08117
Netherlands,NLD,2023-12-18 11:00:00,2023-12-18 12:00:00,0.07489
Netherlands,NLD,2023-12-18 12:00:00,2023-12-18 13:00:00,0.07495
Netherlands,NLD,2023-12-18 13:00:00,2023-12-18 14:00:00,0.08087000000000001
Netherlands,NLD,2023-12-18 14:00:00,2023-12-18 15:00:00,0.088
Netherlands,NLD,2023-12-18 15:00:00,2023-12-18 16:00:00,0.09541
Netherlands,NLD,2023-12-18 16:00:00,2023-12-18 17:00:00,0.10432999999999999
Netherlands,NLD,2023-12-18 17:00:00,2023-12-18 18:00:00,0.10315
Netherlands,NLD,2023-12-18 18:00:00,2023-12-18 19:00:00,0.0963
Netherlands,NLD,2023-12-18 19:00:00,2023-12-18 20:00:00,0.08309
Netherlands,NLD,2023-12-18 20:00:00,2023-12-18 21:00:00,0.07489
Netherlands,NLD,2023-12-18 21:00:00,2023-12-18 22:00:00,0.06379
Netherlands,NLD,2023-12-18 22:00:00,2023-12-18 23:00:00,0.05794
Netherlands,NLD,2023-12-18 23:00:00,2023-12-19 00:00:00,0.05224
Netherlands,NLD,2023-12-19 00:00:00,2023-12-19 01:00:00,0.05089
Netherlands,NLD,2023-12-19 01:00:00,2023-12-19 02:00:00,0.04999
Netherlands,NLD,2023-12-19 02:00:00,2023-12-19 03:00:00,0.05627
Netherlands,NLD,2023-12-19 03:00:00,2023-12-19 04:00:00,0.059
Netherlands,NLD,2023-12-19 04:00:00,2023-12-19 05:00:00,0.06505
Netherlands,NLD,2023-12-19 05:00:00,2023-12-19 06:00:00,0.08
Netherlands,NLD,2023-12-19 06:00:00,2023-12-19 07:00:00,0.09373999999999999
Netherlands,NLD,2023-12-19 07:00:00,2023-12-19 08:00:00,0.10024
Netherlands,NLD,2023-12-19 08:00:00,2023-12-19 09:00:00,0.09428
Netherlands,NLD,2023-12-19 09:00:00,2023-12-19 10:00:00,0.0861
Netherlands,NLD,2023-12-19 10:00:00,2023-12-19 11:00:00,0.07970999999999999
Netherlands,NLD,2023-12-19 11:00:00,2023-12-19 12:00:00,0.0765
Netherlands,NLD,2023-12-19 12:00:00,2023-12-19 13:00:00,0.08
Netherlands,NLD,2023-12-19 13:00:00,2023-12-19 14:00:00,0.08066
Netherlands,NLD,2023-12-19 14:00:00,2023-12-19 15:00:00,0.08481999999999999
Netherlands,NLD,2023-12-19 15:00:00,2023-12-19 16:00:00,0.08867
Netherlands,NLD,2023-12-19 16:00:00,2023-12-19 17:00:00,0.10181
Netherlands,NLD,2023-12-19 17:00:00,2023-12-19 18:00:00,0.09440000000000001
Netherlands,NLD,2023-12-19 18:00:00,2023-12-19 19:00:00,0.0911
Netherlands,NLD,2023-12-19 19:00:00,2023-12-19 20:00:00,0.0852
Netherlands,NLD,2023-12-19 20:00:00,2023-12-19 21:00:00,0.07964
Netherlands,NLD,2023-12-19 21:00:00,2023-12-19 22:00:00,0.07586
Netherlands,NLD,2023-12-19 22:00:00,2023-12-19 23:00:00,0.059840000000000004
Netherlands,NLD,2023-12-19 23:00:00,2023-12-20 00:00:00,0.05785
Netherlands,NLD,2023-12-20 00:00:00,2023-12-20 01:00:00,0.05048
Netherlands,NLD,2023-12-20 01:00:00,2023-12-20 02:00:00,0.048
Netherlands,NLD,2023-12-20 02:00:00,2023-12-20 03:00:00,0.039979999999999995
Netherlands,NLD,2023-12-20 03:00:00,2023-12-20 04:00:00,0.03151
Netherlands,NLD,2023-12-20 04:00:00,2023-12-20 05:00:00,0.03997
Netherlands,NLD,2023-12-20 05:00:00,2023-12-20 06:00:00,0.04813
Netherlands,NLD,2023-12-20 06:00:00,2023-12-20 07:00:00,0.06953
Netherlands,NLD,2023-12-20 07:00:00,2023-12-20 08:00:00,0.09809
Netherlands,NLD,2023-12-20 08:00:00,2023-12-20 09:00:00,0.1071
Netherlands,NLD,2023-12-20 09:00:00,2023-12-20 10:00:00,0.095
Netherlands,NLD,2023-12-20 10:00:00,2023-12-20 11:00:00,0.088
Netherlands,NLD,2023-12-20 11:00:00,2023-12-20 12:00:00,0.06654
Netherlands,NLD,2023-12-20 12:00:00,2023-12-20 13:00:00,0.0701
Netherlands,NLD,2023-12-20 13:00:00,2023-12-20 14:00:00,0.08431
Netherlands,NLD,2023-12-20 14:00:00,2023-12-20 15:00:00,0.09065999999999999
Netherlands,NLD,2023-12-20 15:00:00,2023-12-20 16:00:00,0.098
Netherlands,NLD,2023-12-20 16:00:00,2023-12-20 17:00:00,0.11091
Netherlands,NLD,2023-12-20 17:00:00,2023-12-20 18:00:00,0.10081
Netherlands,NLD,2023-12-20 18:00:00,2023-12-20 19:00:00,0.08906
Netherlands,NLD,2023-12-20 19:00:00,2023-12-20 20:00:00,0.07806999999999999
Netherlands,NLD,2023-12-20 20:00:00,2023-12-20 21:00:00,0.06687
Netherlands,NLD,2023-12-20 21:00:00,2023-12-20 22:00:00,0.06142
Netherlands,NLD,2023-12-20 22:00:00,2023-12-20 23:00:00,0.04893
Netherlands,NLD,2023-12-20 23:00:00,2023-12-21 00:00:00,0.0299
Netherlands,NLD,2023-12-21 00:00:00,2023-12-21 01:00:00,0.024829999999999998
Netherlands,NLD,2023-12-21 01:00:00,2023-12-21 02:00:00,0.02048
Netherlands,NLD,2023-12-21 02:00:00,2023-12-21 03:00:00,0.00276
Netherlands,NLD,2023-12-21 03:00:00,2023-12-21 04:00:00,-0.0008399999999999999
Netherlands,NLD,2023-12-21 04:00:00,2023-12-21 05:00:00,-0.00027
Netherlands,NLD,2023-12-21 05:00:00,2023-12-21 06:00:00,0.02444
Netherlands,NLD,2023-12-21 06:00:00,2023-12-21 07:00:00,0.0465
Netherlands,NLD,2023-12-21 07:00:00,2023-12-21 08:00:00,0.0782
Netherlands,NLD,2023-12-21 08:00:00,2023-12-21 09:00:00,0.0838
Netherlands,NLD,2023-12-21 09:00:00,2023-12-21 10:00:00,0.08738
Netherlands,NLD,2023-12-21 10:00:00,2023-12-21 11:00:00,0.08572
Netherlands,NLD,2023-12-21 11:00:00,2023-12-21 12:00:00,0.07590000000000001
Netherlands,NLD,2023-12-21 12:00:00,2023-12-21 13:00:00,0.0649
Netherlands,NLD,2023-12-21 13:00:00,2023-12-21 14:00:00,0.0751
Netherlands,NLD,2023-12-21 14:00:00,2023-12-21 15:00:00,0.07587
Netherlands,NLD,2023-12-21 15:00:00,2023-12-21 16:00:00,0.0734
Netherlands,NLD,2023-12-21 16:00:00,2023-12-21 17:00:00,0.1
Netherlands,NLD,2023-12-21 17:00:00,2023-12-21 18:00:00,0.10275
Netherlands,NLD,2023-12-21 18:00:00,2023-12-21 19:00:00,0.0907
Netherlands,NLD,2023-12-21 19:00:00,2023-12-21 20:00:00,0.089
Netherlands,NLD,2023-12-21 20:00:00,2023-12-21 21:00:00,0.06
Netherlands,NLD,2023-12-21 21:00:00,2023-12-21 22:00:00,0.047560000000000005
Netherlands,NLD,2023-12-21 22:00:00,2023-12-21 23:00:00,0.01358
Netherlands,NLD,2023-12-21 23:00:00,2023-12-22 00:00:00,0.00013000000000000002
Netherlands,NLD,2023-12-22 00:00:00,2023-12-22 01:00:00,-0.00025
Netherlands,NLD,2023-12-22 01:00:00,2023-12-22 02:00:00,-7.000000000000001e-05
Netherlands,NLD,2023-12-22 02:00:00,2023-12-22 03:00:00,-0.00019
Netherlands,NLD,2023-12-22 03:00:00,2023-12-22 04:00:00,-0.00020999999999999998
Netherlands,NLD,2023-12-22 04:00:00,2023-12-22 05:00:00,-0.0004
Netherlands,NLD,2023-12-22 05:00:00,2023-12-22 06:00:00,0.00044
Netherlands,NLD,2023-12-22 06:00:00,2023-12-22 07:00:00,0.032100000000000004
Netherlands,NLD,2023-12-22 07:00:00,2023-12-22 08:00:00,0.072
Netherlands,NLD,2023-12-22 08:00:00,2023-12-22 09:00:00,0.092
Netherlands,NLD,2023-12-22 09:00:00,2023-12-22 10:00:00,0.06357
Netherlands,NLD,2023-12-22 10:00:00,2023-12-22 11:00:00,0.05995
Netherlands,NLD,2023-12-22 11:00:00,2023-12-22 12:00:00,0.05411
Netherlands,NLD,2023-12-22 12:00:00,2023-12-22 13:00:00,0.0545
Netherlands,NLD,2023-12-22 13:00:00,2023-12-22 14:00:00,0.06061
Netherlands,NLD,2023-12-22 14:00:00,2023-12-22 15:00:00,0.06
Netherlands,NLD,2023-12-22 15:00:00,2023-12-22 16:00:00,0.0498
Netherlands,NLD,2023-12-22 16:00:00,2023-12-22 17:00:00,0.072
Netherlands,NLD,2023-12-22 17:00:00,2023-12-22 18:00:00,0.0649
Netherlands,NLD,2023-12-22 18:00:00,2023-12-22 19:00:00,0.0601
Netherlands,NLD,2023-12-22 19:00:00,2023-12-22 20:00:00,0.05647
Netherlands,NLD,2023-12-22 20:00:00,2023-12-22 21:00:00,0.04503
Netherlands,NLD,2023-12-22 21:00:00,2023-12-22 22:00:00,0.03041
Netherlands,NLD,2023-12-22 22:00:00,2023-12-22 23:00:00,0.012
Netherlands,NLD,2023-12-22 23:00:00,2023-12-23 00:00:00,0.01
Netherlands,NLD,2023-12-23 00:00:00,2023-12-23 01:00:00,0.00432
Netherlands,NLD,2023-12-23 01:00:00,2023-12-23 02:00:00,0.00013000000000000002
Netherlands,NLD,2023-12-23 02:00:00,2023-12-23 03:00:00,2.9999999999999997e-05
Netherlands,NLD,2023-12-23 03:00:00,2023-12-23 04:00:00,0.0
Netherlands,NLD,2023-12-23 04:00:00,2023-12-23 05:00:00,0.0
Netherlands,NLD,2023-12-23 05:00:00,2023-12-23 06:00:00,0.0001
Netherlands,NLD,2023-12-23 06:00:00,2023-12-23 07:00:00,0.00743
Netherlands,NLD,2023-12-23 07:00:00,2023-12-23 08:00:00,0.02
Netherlands,NLD,2023-12-23 08:00:00,2023-12-23 09:00:00,0.04208
Netherlands,NLD,2023-12-23 09:00:00,2023-12-23 10:00:00,0.04164
Netherlands,NLD,2023-12-23 10:00:00,2023-12-23 11:00:00,0.045899999999999996
Netherlands,NLD,2023-12-23 11:00:00,2023-12-23 12:00:00,0.046
Netherlands,NLD,2023-12-23 12:00:00,2023-12-23 13:00:00,0.04981
Netherlands,NLD,2023-12-23 13:00:00,2023-12-23 14:00:00,0.0493
Netherlands,NLD,2023-12-23 14:00:00,2023-12-23 15:00:00,0.04951
Netherlands,NLD,2023-12-23 15:00:00,2023-12-23 16:00:00,0.05428
Netherlands,NLD,2023-12-23 16:00:00,2023-12-23 17:00:00,0.06377000000000001
Netherlands,NLD,2023-12-23 17:00:00,2023-12-23 18:00:00,0.06645000000000001
Netherlands,NLD,2023-12-23 18:00:00,2023-12-23 19:00:00,0.05799
Netherlands,NLD,2023-12-23 19:00:00,2023-12-23 20:00:00,0.04846
Netherlands,NLD,2023-12-23 20:00:00,2023-12-23 21:00:00,0.038369999999999994
Netherlands,NLD,2023-12-23 21:00:00,2023-12-23 22:00:00,0.02032
Netherlands,NLD,2023-12-23 22:00:00,2023-12-23 23:00:00,0.00777
Netherlands,NLD,2023-12-23 23:00:00,2023-12-24 00:00:00,8e-05
Netherlands,NLD,2023-12-24 00:00:00,2023-12-24 01:00:00,-0.00025
Netherlands,NLD,2023-12-24 01:00:00,2023-12-24 02:00:00,-0.00055
Netherlands,NLD,2023-12-24 02:00:00,2023-12-24 03:00:00,-0.00124
Netherlands,NLD,2023-12-24 03:00:00,2023-12-24 04:00:00,-0.0040999999999999995
Netherlands,NLD,2023-12-24 04:00:00,2023-12-24 05:00:00,-0.00497
Netherlands,NLD,2023-12-24 05:00:00,2023-12-24 06:00:00,-0.00422
Netherlands,NLD,2023-12-24 06:00:00,2023-12-24 07:00:00,-0.0029100000000000003
Netherlands,NLD,2023-12-24 07:00:00,2023-12-24 08:00:00,-0.0016200000000000001
Netherlands,NLD,2023-12-24 08:00:00,2023-12-24 09:00:00,0.0
Netherlands,NLD,2023-12-24 09:00:00,2023-12-24 10:00:00,0.00209
Netherlands,NLD,2023-12-24 10:00:00,2023-12-24 11:00:00,5.9999999999999995e-05
Netherlands,NLD,2023-12-24 11:00:00,2023-12-24 12:00:00,5e-05
Netherlands,NLD,2023-12-24 12:00:00,2023-12-24 13:00:00,5.9999999999999995e-05
Netherlands,NLD,2023-12-24 13:00:00,2023-12-24 14:00:00,2.9999999999999997e-05
Netherlands,NLD,2023-12-24 14:00:00,2023-12-24 15:00:00,0.00013000000000000002
Netherlands,NLD,2023-12-24 15:00:00,2023-12-24 16:00:00,0.001
Netherlands,NLD,2023-12-24 16:00:00,2023-12-24 17:00:00,0.0185
Netherlands,NLD,2023-12-24 17:00:00,2023-12-24 18:00:00,0.03121
Netherlands,NLD,2023-12-24 18:00:00,2023-12-24 19:00:00,0.0348
Netherlands,NLD,2023-12-24 19:00:00,2023-12-24 20:00:00,0.01
Netherlands,NLD,2023-12-24 20:00:00,2023-12-24 21:00:00,0.0020099999999999996
Netherlands,NLD,2023-12-24 21:00:00,2023-12-24 22:00:00,0.0
Netherlands,NLD,2023-12-24 22:00:00,2023-12-24 23:00:00,-0.0001
Netherlands,NLD,2023-12-24 23:00:00,2023-12-25 00:00:00,-0.00191
Netherlands,NLD,2023-12-25 00:00:00,2023-12-25 01:00:00,-0.00379
Netherlands,NLD,2023-12-25 01:00:00,2023-12-25 02:00:00,-0.0066500000000000005
Netherlands,NLD,2023-12-25 02:00:00,2023-12-25 03:00:00,-0.010029999999999999
Netherlands,NLD,2023-12-25 03:00:00,2023-12-25 04:00:00,-0.01
Netherlands,NLD,2023-12-25 04:00:00,2023-12-25 05:00:00,-0.0065
Netherlands,NLD,2023-12-25 05:00:00,2023-12-25 06:00:00,-0.0075899999999999995
Netherlands,NLD,2023-12-25 06:00:00,2023-12-25 07:00:00,-0.0015
Netherlands,NLD,2023-12-25 07:00:00,2023-12-25 08:00:00,8e-05
Netherlands,NLD,2023-12-25 08:00:00,2023-12-25 09:00:00,0.01005
Netherlands,NLD,2023-12-25 09:00:00,2023-12-25 10:00:00,0.025
Netherlands,NLD,2023-12-25 10:00:00,2023-12-25 11:00:00,0.015099999999999999
Netherlands,NLD,2023-12-25 11:00:00,2023-12-25 12:00:00,8.999999999999999e-05
Netherlands,NLD,2023-12-25 12:00:00,2023-12-25 13:00:00,0.0
Netherlands,NLD,2023-12-25 13:00:00,2023-12-25 14:00:00,7.000000000000001e-05
Netherlands,NLD,2023-12-25 14:00:00,2023-12-25 15:00:00,0.005
Netherlands,NLD,2023-12-25 15:00:00,2023-12-25 16:00:00,0.03499
Netherlands,NLD,2023-12-25 16:00:00,2023-12-25 17:00:00,0.0525
Netherlands,NLD,2023-12-25 17:00:00,2023-12-25 18:00:00,0.040100000000000004
Netherlands,NLD,2023-12-25 18:00:00,2023-12-25 19:00:00,0.033
Netherlands,NLD,2023-12-25 19:00:00,2023-12-25 20:00:00,0.01201
Netherlands,NLD,2023-12-25 20:00:00,2023-12-25 21:00:00,0.00962
Netherlands,NLD,2023-12-25 21:00:00,2023-12-25 22:00:00,0.005
Netherlands,NLD,2023-12-25 22:00:00,2023-12-25 23:00:00,8e-05
Netherlands,NLD,2023-12-25 23:00:00,2023-12-26 00:00:00,0.0
Netherlands,NLD,2023-12-26 00:00:00,2023-12-26 01:00:00,-2e-05
Netherlands,NLD,2023-12-26 01:00:00,2023-12-26 02:00:00,-0.00014000000000000001
Netherlands,NLD,2023-12-26 02:00:00,2023-12-26 03:00:00,-0.00283
Netherlands,NLD,2023-12-26 03:00:00,2023-12-26 04:00:00,-0.0038
Netherlands,NLD,2023-12-26 04:00:00,2023-12-26 05:00:00,-0.00185
Netherlands,NLD,2023-12-26 05:00:00,2023-12-26 06:00:00,0.0
Netherlands,NLD,2023-12-26 06:00:00,2023-12-26 07:00:00,0.0016200000000000001
Netherlands,NLD,2023-12-26 07:00:00,2023-12-26 08:00:00,0.03821
Netherlands,NLD,2023-12-26 08:00:00,2023-12-26 09:00:00,0.0517
Netherlands,NLD,2023-12-26 09:00:00,2023-12-26 10:00:00,0.04888
Netherlands,NLD,2023-12-26 10:00:00,2023-12-26 11:00:00,0.02504
Netherlands,NLD,2023-12-26 11:00:00,2023-12-26 12:00:00,0.01
Netherlands,NLD,2023-12-26 12:00:00,2023-12-26 13:00:00,0.00273
Netherlands,NLD,2023-12-26 13:00:00,2023-12-26 14:00:00,0.040100000000000004
Netherlands,NLD,2023-12-26 14:00:00,2023-12-26 15:00:00,0.0742
Netherlands,NLD,2023-12-26 15:00:00,2023-12-26 16:00:00,0.09190000000000001
Netherlands,NLD,2023-12-26 16:00:00,2023-12-26 17:00:00,0.1138
Netherlands,NLD,2023-12-26 17:00:00,2023-12-26 18:00:00,0.13
Netherlands,NLD,2023-12-26 18:00:00,2023-12-26 19:00:00,0.129
Netherlands,NLD,2023-12-26 19:00:00,2023-12-26 20:00:00,0.1139
Netherlands,NLD,2023-12-26 20:00:00,2023-12-26 21:00:00,0.0831
Netherlands,NLD,2023-12-26 21:00:00,2023-12-26 22:00:00,0.09720000000000001
Netherlands,NLD,2023-12-26 22:00:00,2023-12-26 23:00:00,0.085
Netherlands,NLD,2023-12-26 23:00:00,2023-12-27 00:00:00,0.08990999999999999
Netherlands,NLD,2023-12-27 00:00:00,2023-12-27 01:00:00,0.0792
Netherlands,NLD,2023-12-27 01:00:00,2023-12-27 02:00:00,0.05763
Netherlands,NLD,2023-12-27 02:00:00,2023-12-27 03:00:00,0.0519
Netherlands,NLD,2023-12-27 03:00:00,2023-12-27 04:00:00,0.05003
Netherlands,NLD,2023-12-27 04:00:00,2023-12-27 05:00:00,0.05571
Netherlands,NLD,2023-12-27 05:00:00,2023-12-27 06:00:00,0.06506
Netherlands,NLD,2023-12-27 06:00:00,2023-12-27 07:00:00,0.07765000000000001
Netherlands,NLD,2023-12-27 07:00:00,2023-12-27 08:00:00,0.08276
Netherlands,NLD,2023-12-27 08:00:00,2023-12-27 09:00:00,0.08054
Netherlands,NLD,2023-12-27 09:00:00,2023-12-27 10:00:00,0.07489
Netherlands,NLD,2023-12-27 10:00:00,2023-12-27 11:00:00,0.07471
Netherlands,NLD,2023-12-27 11:00:00,2023-12-27 12:00:00,0.07379000000000001
Netherlands,NLD,2023-12-27 12:00:00,2023-12-27 13:00:00,0.072
Netherlands,NLD,2023-12-27 13:00:00,2023-12-27 14:00:00,0.0737
Netherlands,NLD,2023-12-27 14:00:00,2023-12-27 15:00:00,0.08
Netherlands,NLD,2023-12-27 15:00:00,2023-12-27 16:00:00,0.07916
Netherlands,NLD,2023-12-27 16:00:00,2023-12-27 17:00:00,0.08038
Netherlands,NLD,2023-12-27 17:00:00,2023-12-27 18:00:00,0.07438
Netherlands,NLD,2023-12-27 18:00:00,2023-12-27 19:00:00,0.0649
Netherlands,NLD,2023-12-27 19:00:00,2023-12-27 20:00:00,0.054729999999999994
Netherlands,NLD,2023-12-27 20:00:00,2023-12-27 21:00:00,0.024739999999999998
Netherlands,NLD,2023-12-27 21:00:00,2023-12-27 22:00:00,0.016989999999999998
Netherlands,NLD,2023-12-27 22:00:00,2023-12-27 23:00:00,0.0002
Netherlands,NLD,2023-12-27 23:00:00,2023-12-28 00:00:00,-2e-05
Netherlands,NLD,2023-12-28 00:00:00,2023-12-28 01:00:00,-0.00078
Netherlands,NLD,2023-12-28 01:00:00,2023-12-28 02:00:00,-0.0014299999999999998
Netherlands,NLD,2023-12-28 02:00:00,2023-12-28 03:00:00,-0.00139
Netherlands,NLD,2023-12-28 03:00:00,2023-12-28 04:00:00,-0.0019399999999999999
Netherlands,NLD,2023-12-28 04:00:00,2023-12-28 05:00:00,-0.0010400000000000001
Netherlands,NLD,2023-12-28 05:00:00,2023-12-28 06:00:00,-0.0007
Netherlands,NLD,2023-12-28 06:00:00,2023-12-28 07:00:00,0.016059999999999998
Netherlands,NLD,2023-12-28 07:00:00,2023-12-28 08:00:00,0.038200000000000005
Netherlands,NLD,2023-12-28 08:00:00,2023-12-28 09:00:00,0.03879
Netherlands,NLD,2023-12-28 09:00:00,2023-12-28 10:00:00,0.0296
Netherlands,NLD,2023-12-28 10:00:00,2023-12-28 11:00:00,0.03489
Netherlands,NLD,2023-12-28 11:00:00,2023-12-28 12:00:00,0.01165
Netherlands,NLD,2023-12-28 12:00:00,2023-12-28 13:00:00,0.0114
Netherlands,NLD,2023-12-28 13:00:00,2023-12-28 14:00:00,0.02637
Netherlands,NLD,2023-12-28 14:00:00,2023-12-28 15:00:00,0.05072
Netherlands,NLD,2023-12-28 15:00:00,2023-12-28 16:00:00,0.04087
Netherlands,NLD,2023-12-28 16:00:00,2023-12-28 17:00:00,0.07840000000000001
Netherlands,NLD,2023-12-28 17:00:00,2023-12-28 18:00:00,0.07840000000000001
Netherlands,NLD,2023-12-28 18:00:00,2023-12-28 19:00:00,0.06502
Netherlands,NLD,2023-12-28 19:00:00,2023-12-28 20:00:00,0.0649
Netherlands,NLD,2023-12-28 20:00:00,2023-12-28 21:00:00,0.054
Netherlands,NLD,2023-12-28 21:00:00,2023-12-28 22:00:00,0.04
Netherlands,NLD,2023-12-28 22:00:00,2023-12-28 23:00:00,0.002
Netherlands,NLD,2023-12-28 23:00:00,2023-12-29 00:00:00,0.0
Netherlands,NLD,2023-12-29 00:00:00,2023-12-29 01:00:00,-8e-05
Netherlands,NLD,2023-12-29 01:00:00,2023-12-29 02:00:00,-0.00028000000000000003
Netherlands,NLD,2023-12-29 02:00:00,2023-12-29 03:00:00,-0.00151
Netherlands,NLD,2023-12-29 03:00:00,2023-12-29 04:00:00,-0.00127
Netherlands,NLD,2023-12-29 04:00:00,2023-12-29 05:00:00,-0.00028000000000000003
Netherlands,NLD,2023-12-29 05:00:00,2023-12-29 06:00:00,-7.000000000000001e-05
Netherlands,NLD,2023-12-29 06:00:00,2023-12-29 07:00:00,0.0001
Netherlands,NLD,2023-12-29 07:00:00,2023-12-29 08:00:00,0.025
Netherlands,NLD,2023-12-29 08:00:00,2023-12-29 09:00:00,0.059
Netherlands,NLD,2023-12-29 09:00:00,2023-12-29 10:00:00,0.06005
Netherlands,NLD,2023-12-29 10:00:00,2023-12-29 11:00:00,0.05004
Netherlands,NLD,2023-12-29 11:00:00,2023-12-29 12:00:00,0.030440000000000002
Netherlands,NLD,2023-12-29 12:00:00,2023-12-29 13:00:00,0.01713
Netherlands,NLD,2023-12-29 13:00:00,2023-12-29 14:00:00,0.041280000000000004
Netherlands,NLD,2023-12-29 14:00:00,2023-12-29 15:00:00,0.06
Netherlands,NLD,2023-12-29 15:00:00,2023-12-29 16:00:00,0.0737
Netherlands,NLD,2023-12-29 16:00:00,2023-12-29 17:00:00,0.0751
Netherlands,NLD,2023-12-29 17:00:00,2023-12-29 18:00:00,0.06953
Netherlands,NLD,2023-12-29 18:00:00,2023-12-29 19:00:00,0.07490000000000001
Netherlands,NLD,2023-12-29 19:00:00,2023-12-29 20:00:00,0.06254
Netherlands,NLD,2023-12-29 20:00:00,2023-12-29 21:00:00,0.05489
Netherlands,NLD,2023-12-29 21:00:00,2023-12-29 22:00:00,0.03604
Netherlands,NLD,2023-12-29 22:00:00,2023-12-29 23:00:00,0.019350000000000003
Netherlands,NLD,2023-12-29 23:00:00,2023-12-30 00:00:00,0.032490000000000005
Netherlands,NLD,2023-12-30 00:00:00,2023-12-30 01:00:00,0.02916
Netherlands,NLD,2023-12-30 01:00:00,2023-12-30 02:00:00,0.00888
Netherlands,NLD,2023-12-30 02:00:00,2023-12-30 03:00:00,0.00561
Netherlands,NLD,2023-12-30 03:00:00,2023-12-30 04:00:00,0.00574
Netherlands,NLD,2023-12-30 04:00:00,2023-12-30 05:00:00,0.01
Netherlands,NLD,2023-12-30 05:00:00,2023-12-30 06:00:00,0.032170000000000004
Netherlands,NLD,2023-12-30 06:00:00,2023-12-30 07:00:00,0.044899999999999995
Netherlands,NLD,2023-12-30 07:00:00,2023-12-30 08:00:00,0.0735
Netherlands,NLD,2023-12-30 08:00:00,2023-12-30 09:00:00,0.0735
Netherlands,NLD,2023-12-30 09:00:00,2023-12-30 10:00:00,0.053
Netherlands,NLD,2023-12-30 10:00:00,2023-12-30 11:00:00,0.055
Netherlands,NLD,2023-12-30 11:00:00,2023-12-30 12:00:00,0.03638
Netherlands,NLD,2023-12-30 12:00:00,2023-12-30 13:00:00,0.03325
Netherlands,NLD,2023-12-30 13:00:00,2023-12-30 14:00:00,0.04204
Netherlands,NLD,2023-12-30 14:00:00,2023-12-30 15:00:00,0.0735
Netherlands,NLD,2023-12-30 15:00:00,2023-12-30 16:00:00,0.07062
Netherlands,NLD,2023-12-30 16:00:00,2023-12-30 17:00:00,0.07951000000000001
Netherlands,NLD,2023-12-30 17:00:00,2023-12-30 18:00:00,0.07998999999999999
Netherlands,NLD,2023-12-30 18:00:00,2023-12-30 19:00:00,0.07109
Netherlands,NLD,2023-12-30 19:00:00,2023-12-30 20:00:00,0.062009999999999996
Netherlands,NLD,2023-12-30 20:00:00,2023-12-30 21:00:00,0.05278
Netherlands,NLD,2023-12-30 21:00:00,2023-12-30 22:00:00,0.0501
Netherlands,NLD,2023-12-30 22:00:00,2023-12-30 23:00:00,0.04323
Netherlands,NLD,2023-12-30 23:00:00,2023-12-31 00:00:00,0.03491
Netherlands,NLD,2023-12-31 00:00:00,2023-12-31 01:00:00,0.01256
Netherlands,NLD,2023-12-31 01:00:00,2023-12-31 02:00:00,0.004
Netherlands,NLD,2023-12-31 02:00:00,2023-12-31 03:00:00,0.00031
Netherlands,NLD,2023-12-31 03:00:00,2023-12-31 04:00:00,0.00013000000000000002
Netherlands,NLD,2023-12-31 04:00:00,2023-12-31 05:00:00,0.00038
Netherlands,NLD,2023-12-31 05:00:00,2023-12-31 06:00:00,-0.00041
Netherlands,NLD,2023-12-31 06:00:00,2023-12-31 07:00:00,-0.00038
Netherlands,NLD,2023-12-31 07:00:00,2023-12-31 08:00:00,0.0032400000000000003
Netherlands,NLD,2023-12-31 08:00:00,2023-12-31 09:00:00,0.00936
Netherlands,NLD,2023-12-31 09:00:00,2023-12-31 10:00:00,0.014
Netherlands,NLD,2023-12-31 10:00:00,2023-12-31 11:00:00,0.01068
Netherlands,NLD,2023-12-31 11:00:00,2023-12-31 12:00:00,0.011
Netherlands,NLD,2023-12-31 12:00:00,2023-12-31 13:00:00,0.00609
Netherlands,NLD,2023-12-31 13:00:00,2023-12-31 14:00:00,0.008539999999999999
Netherlands,NLD,2023-12-31 14:00:00,2023-12-31 15:00:00,0.01324
Netherlands,NLD,2023-12-31 15:00:00,2023-12-31 16:00:00,0.02807
Netherlands,NLD,2023-12-31 16:00:00,2023-12-31 17:00:00,0.05
Netherlands,NLD,2023-12-31 17:00:00,2023-12-31 18:00:00,0.045
Netherlands,NLD,2023-12-31 18:00:00,2023-12-31 19:00:00,0.03964
Netherlands,NLD,2023-12-31 19:00:00,2023-12-31 20:00:00,0.03489
Netherlands,NLD,2023-12-31 20:00:00,2023-12-31 21:00:00,0.013300000000000001
Netherlands,NLD,2023-12-31 21:00:00,2023-12-31 22:00:00,0.01068
Netherlands,NLD,2023-12-31 22:00:00,2023-12-31 23:00:00,0.00317
Netherlands,NLD,2023-12-31 23:00:00,2024-01-01 00:00:00,0.0001
