Country,ISO3 Code,Datetime (UTC),Datetime (Local),Price (EUR/kWhe)
Netherlands,NLD,2021-01-01 00:00:00,2021-01-01 01:00:00,0.04819
Netherlands,NLD,2021-01-01 01:00:00,2021-01-01 02:00:00,0.04468
Netherlands,NLD,2021-01-01 02:00:00,2021-01-01 03:00:00,0.04292
Netherlands,NLD,2021-01-01 03:00:00,2021-01-01 04:00:00,0.04039
Netherlands,NLD,2021-01-01 04:00:00,2021-01-01 05:00:00,0.0402
Netherlands,NLD,2021-01-01 05:00:00,2021-01-01 06:00:00,0.039630000000000006
Netherlands,NLD,2021-01-01 06:00:00,2021-01-01 07:00:00,0.04009
Netherlands,NLD,2021-01-01 07:00:00,2021-01-01 08:00:00,0.04127
Netherlands,NLD,2021-01-01 08:00:00,2021-01-01 09:00:00,0.04488
Netherlands,NLD,2021-01-01 09:00:00,2021-01-01 10:00:00,0.045
Netherlands,NLD,2021-01-01 10:00:00,2021-01-01 11:00:00,0.047200000000000006
Netherlands,NLD,2021-01-01 11:00:00,2021-01-01 12:00:00,0.05078
Netherlands,NLD,2021-01-01 12:00:00,2021-01-01 13:00:00,0.04549
Netherlands,NLD,2021-01-01 13:00:00,2021-01-01 14:00:00,0.04473
Netherlands,NLD,2021-01-01 14:00:00,2021-01-01 15:00:00,0.046590000000000006
Netherlands,NLD,2021-01-01 15:00:00,2021-01-01 16:00:00,0.05299
Netherlands,NLD,2021-01-01 16:00:00,2021-01-01 17:00:00,0.06026
Netherlands,NLD,2021-01-01 17:00:00,2021-01-01 18:00:00,0.06061
Netherlands,NLD,2021-01-01 18:00:00,2021-01-01 19:00:00,0.06036
Netherlands,NLD,2021-01-01 19:00:00,2021-01-01 20:00:00,0.0574
Netherlands,NLD,2021-01-01 20:00:00,2021-01-01 21:00:00,0.05386
Netherlands,NLD,2021-01-01 21:00:00,2021-01-01 22:00:00,0.053450000000000004
Netherlands,NLD,2021-01-01 22:00:00,2021-01-01 23:00:00,0.04972
Netherlands,NLD,2021-01-01 23:00:00,2021-01-02 00:00:00,0.046689999999999995
Netherlands,NLD,2021-01-02 00:00:00,2021-01-02 01:00:00,0.04243
Netherlands,NLD,2021-01-02 01:00:00,2021-01-02 02:00:00,0.04109
Netherlands,NLD,2021-01-02 02:00:00,2021-01-02 03:00:00,0.04
Netherlands,NLD,2021-01-02 03:00:00,2021-01-02 04:00:00,0.03755
Netherlands,NLD,2021-01-02 04:00:00,2021-01-02 05:00:00,0.039
Netherlands,NLD,2021-01-02 05:00:00,2021-01-02 06:00:00,0.04209
Netherlands,NLD,2021-01-02 06:00:00,2021-01-02 07:00:00,0.04496
Netherlands,NLD,2021-01-02 07:00:00,2021-01-02 08:00:00,0.04845
Netherlands,NLD,2021-01-02 08:00:00,2021-01-02 09:00:00,0.052
Netherlands,NLD,2021-01-02 09:00:00,2021-01-02 10:00:00,0.052
Netherlands,NLD,2021-01-02 10:00:00,2021-01-02 11:00:00,0.05215
Netherlands,NLD,2021-01-02 11:00:00,2021-01-02 12:00:00,0.05595
Netherlands,NLD,2021-01-02 12:00:00,2021-01-02 13:00:00,0.052
Netherlands,NLD,2021-01-02 13:00:00,2021-01-02 14:00:00,0.05069
Netherlands,NLD,2021-01-02 14:00:00,2021-01-02 15:00:00,0.053450000000000004
Netherlands,NLD,2021-01-02 15:00:00,2021-01-02 16:00:00,0.05999
Netherlands,NLD,2021-01-02 16:00:00,2021-01-02 17:00:00,0.062
Netherlands,NLD,2021-01-02 17:00:00,2021-01-02 18:00:00,0.06308
Netherlands,NLD,2021-01-02 18:00:00,2021-01-02 19:00:00,0.06217
Netherlands,NLD,2021-01-02 19:00:00,2021-01-02 20:00:00,0.06003
Netherlands,NLD,2021-01-02 20:00:00,2021-01-02 21:00:00,0.05503
Netherlands,NLD,2021-01-02 21:00:00,2021-01-02 22:00:00,0.05225
Netherlands,NLD,2021-01-02 22:00:00,2021-01-02 23:00:00,0.04845
Netherlands,NLD,2021-01-02 23:00:00,2021-01-03 00:00:00,0.04611
Netherlands,NLD,2021-01-03 00:00:00,2021-01-03 01:00:00,0.043
Netherlands,NLD,2021-01-03 01:00:00,2021-01-03 02:00:00,0.039549999999999995
Netherlands,NLD,2021-01-03 02:00:00,2021-01-03 03:00:00,0.0453
Netherlands,NLD,2021-01-03 03:00:00,2021-01-03 04:00:00,0.043
Netherlands,NLD,2021-01-03 04:00:00,2021-01-03 05:00:00,0.043
Netherlands,NLD,2021-01-03 05:00:00,2021-01-03 06:00:00,0.042
Netherlands,NLD,2021-01-03 06:00:00,2021-01-03 07:00:00,0.0453
Netherlands,NLD,2021-01-03 07:00:00,2021-01-03 08:00:00,0.04332
Netherlands,NLD,2021-01-03 08:00:00,2021-01-03 09:00:00,0.060899999999999996
Netherlands,NLD,2021-01-03 09:00:00,2021-01-03 10:00:00,0.07223
Netherlands,NLD,2021-01-03 10:00:00,2021-01-03 11:00:00,0.06216
Netherlands,NLD,2021-01-03 11:00:00,2021-01-03 12:00:00,0.060899999999999996
Netherlands,NLD,2021-01-03 12:00:00,2021-01-03 13:00:00,0.059
Netherlands,NLD,2021-01-03 13:00:00,2021-01-03 14:00:00,0.052649999999999995
Netherlands,NLD,2021-01-03 14:00:00,2021-01-03 15:00:00,0.04467
Netherlands,NLD,2021-01-03 15:00:00,2021-01-03 16:00:00,0.05767
Netherlands,NLD,2021-01-03 16:00:00,2021-01-03 17:00:00,0.07
Netherlands,NLD,2021-01-03 17:00:00,2021-01-03 18:00:00,0.0599
Netherlands,NLD,2021-01-03 18:00:00,2021-01-03 19:00:00,0.0443
Netherlands,NLD,2021-01-03 19:00:00,2021-01-03 20:00:00,0.042
Netherlands,NLD,2021-01-03 20:00:00,2021-01-03 21:00:00,0.041229999999999996
Netherlands,NLD,2021-01-03 21:00:00,2021-01-03 22:00:00,0.0429
Netherlands,NLD,2021-01-03 22:00:00,2021-01-03 23:00:00,0.0335
Netherlands,NLD,2021-01-03 23:00:00,2021-01-04 00:00:00,0.041960000000000004
Netherlands,NLD,2021-01-04 00:00:00,2021-01-04 01:00:00,0.039
Netherlands,NLD,2021-01-04 01:00:00,2021-01-04 02:00:00,0.03714
Netherlands,NLD,2021-01-04 02:00:00,2021-01-04 03:00:00,0.03579
Netherlands,NLD,2021-01-04 03:00:00,2021-01-04 04:00:00,0.03663
Netherlands,NLD,2021-01-04 04:00:00,2021-01-04 05:00:00,0.04183
Netherlands,NLD,2021-01-04 05:00:00,2021-01-04 06:00:00,0.038740000000000004
Netherlands,NLD,2021-01-04 06:00:00,2021-01-04 07:00:00,0.04161
Netherlands,NLD,2021-01-04 07:00:00,2021-01-04 08:00:00,0.06
Netherlands,NLD,2021-01-04 08:00:00,2021-01-04 09:00:00,0.06483
Netherlands,NLD,2021-01-04 09:00:00,2021-01-04 10:00:00,0.06
Netherlands,NLD,2021-01-04 10:00:00,2021-01-04 11:00:00,0.0584
Netherlands,NLD,2021-01-04 11:00:00,2021-01-04 12:00:00,0.059340000000000004
Netherlands,NLD,2021-01-04 12:00:00,2021-01-04 13:00:00,0.0584
Netherlands,NLD,2021-01-04 13:00:00,2021-01-04 14:00:00,0.05991
Netherlands,NLD,2021-01-04 14:00:00,2021-01-04 15:00:00,0.05952
Netherlands,NLD,2021-01-04 15:00:00,2021-01-04 16:00:00,0.062060000000000004
Netherlands,NLD,2021-01-04 16:00:00,2021-01-04 17:00:00,0.06737
Netherlands,NLD,2021-01-04 17:00:00,2021-01-04 18:00:00,0.061560000000000004
Netherlands,NLD,2021-01-04 18:00:00,2021-01-04 19:00:00,0.0429
Netherlands,NLD,2021-01-04 19:00:00,2021-01-04 20:00:00,0.04139
Netherlands,NLD,2021-01-04 20:00:00,2021-01-04 21:00:00,0.0429
Netherlands,NLD,2021-01-04 21:00:00,2021-01-04 22:00:00,0.04194
Netherlands,NLD,2021-01-04 22:00:00,2021-01-04 23:00:00,0.04
Netherlands,NLD,2021-01-04 23:00:00,2021-01-05 00:00:00,0.04182
Netherlands,NLD,2021-01-05 00:00:00,2021-01-05 01:00:00,0.041979999999999996
Netherlands,NLD,2021-01-05 01:00:00,2021-01-05 02:00:00,0.04192
Netherlands,NLD,2021-01-05 02:00:00,2021-01-05 03:00:00,0.042
Netherlands,NLD,2021-01-05 03:00:00,2021-01-05 04:00:00,0.041960000000000004
Netherlands,NLD,2021-01-05 04:00:00,2021-01-05 05:00:00,0.045
Netherlands,NLD,2021-01-05 05:00:00,2021-01-05 06:00:00,0.036969999999999996
Netherlands,NLD,2021-01-05 06:00:00,2021-01-05 07:00:00,0.0451
Netherlands,NLD,2021-01-05 07:00:00,2021-01-05 08:00:00,0.05808
Netherlands,NLD,2021-01-05 08:00:00,2021-01-05 09:00:00,0.06
Netherlands,NLD,2021-01-05 09:00:00,2021-01-05 10:00:00,0.05922
Netherlands,NLD,2021-01-05 10:00:00,2021-01-05 11:00:00,0.060469999999999996
Netherlands,NLD,2021-01-05 11:00:00,2021-01-05 12:00:00,0.05951
Netherlands,NLD,2021-01-05 12:00:00,2021-01-05 13:00:00,0.06434999999999999
Netherlands,NLD,2021-01-05 13:00:00,2021-01-05 14:00:00,0.05991
Netherlands,NLD,2021-01-05 14:00:00,2021-01-05 15:00:00,0.06087
Netherlands,NLD,2021-01-05 15:00:00,2021-01-05 16:00:00,0.06221
Netherlands,NLD,2021-01-05 16:00:00,2021-01-05 17:00:00,0.06298
Netherlands,NLD,2021-01-05 17:00:00,2021-01-05 18:00:00,0.045700000000000005
Netherlands,NLD,2021-01-05 18:00:00,2021-01-05 19:00:00,0.04337
Netherlands,NLD,2021-01-05 19:00:00,2021-01-05 20:00:00,0.04212
Netherlands,NLD,2021-01-05 20:00:00,2021-01-05 21:00:00,0.045649999999999996
Netherlands,NLD,2021-01-05 21:00:00,2021-01-05 22:00:00,0.0456
Netherlands,NLD,2021-01-05 22:00:00,2021-01-05 23:00:00,0.04245
Netherlands,NLD,2021-01-05 23:00:00,2021-01-06 00:00:00,0.04462
Netherlands,NLD,2021-01-06 00:00:00,2021-01-06 01:00:00,0.044700000000000004
Netherlands,NLD,2021-01-06 01:00:00,2021-01-06 02:00:00,0.045270000000000005
Netherlands,NLD,2021-01-06 02:00:00,2021-01-06 03:00:00,0.04408
Netherlands,NLD,2021-01-06 03:00:00,2021-01-06 04:00:00,0.04433
Netherlands,NLD,2021-01-06 04:00:00,2021-01-06 05:00:00,0.04579
Netherlands,NLD,2021-01-06 05:00:00,2021-01-06 06:00:00,0.042159999999999996
Netherlands,NLD,2021-01-06 06:00:00,2021-01-06 07:00:00,0.04611
Netherlands,NLD,2021-01-06 07:00:00,2021-01-06 08:00:00,0.0601
Netherlands,NLD,2021-01-06 08:00:00,2021-01-06 09:00:00,0.05
Netherlands,NLD,2021-01-06 09:00:00,2021-01-06 10:00:00,0.052399999999999995
Netherlands,NLD,2021-01-06 10:00:00,2021-01-06 11:00:00,0.06
Netherlands,NLD,2021-01-06 11:00:00,2021-01-06 12:00:00,0.053200000000000004
Netherlands,NLD,2021-01-06 12:00:00,2021-01-06 13:00:00,0.05622
Netherlands,NLD,2021-01-06 13:00:00,2021-01-06 14:00:00,0.05994
Netherlands,NLD,2021-01-06 14:00:00,2021-01-06 15:00:00,0.056909999999999995
Netherlands,NLD,2021-01-06 15:00:00,2021-01-06 16:00:00,0.064
Netherlands,NLD,2021-01-06 16:00:00,2021-01-06 17:00:00,0.06883
Netherlands,NLD,2021-01-06 17:00:00,2021-01-06 18:00:00,0.04548
Netherlands,NLD,2021-01-06 18:00:00,2021-01-06 19:00:00,0.05368
Netherlands,NLD,2021-01-06 19:00:00,2021-01-06 20:00:00,0.04424
Netherlands,NLD,2021-01-06 20:00:00,2021-01-06 21:00:00,0.044899999999999995
Netherlands,NLD,2021-01-06 21:00:00,2021-01-06 22:00:00,0.0436
Netherlands,NLD,2021-01-06 22:00:00,2021-01-06 23:00:00,0.0436
Netherlands,NLD,2021-01-06 23:00:00,2021-01-07 00:00:00,0.0445
Netherlands,NLD,2021-01-07 00:00:00,2021-01-07 01:00:00,0.0424
Netherlands,NLD,2021-01-07 01:00:00,2021-01-07 02:00:00,0.04054
Netherlands,NLD,2021-01-07 02:00:00,2021-01-07 03:00:00,0.0431
Netherlands,NLD,2021-01-07 03:00:00,2021-01-07 04:00:00,0.045
Netherlands,NLD,2021-01-07 04:00:00,2021-01-07 05:00:00,0.045810000000000003
Netherlands,NLD,2021-01-07 05:00:00,2021-01-07 06:00:00,0.04646
Netherlands,NLD,2021-01-07 06:00:00,2021-01-07 07:00:00,0.05831
Netherlands,NLD,2021-01-07 07:00:00,2021-01-07 08:00:00,0.0814
Netherlands,NLD,2021-01-07 08:00:00,2021-01-07 09:00:00,0.08117
Netherlands,NLD,2021-01-07 09:00:00,2021-01-07 10:00:00,0.07981
Netherlands,NLD,2021-01-07 10:00:00,2021-01-07 11:00:00,0.08324
Netherlands,NLD,2021-01-07 11:00:00,2021-01-07 12:00:00,0.082
Netherlands,NLD,2021-01-07 12:00:00,2021-01-07 13:00:00,0.07961
Netherlands,NLD,2021-01-07 13:00:00,2021-01-07 14:00:00,0.0804
Netherlands,NLD,2021-01-07 14:00:00,2021-01-07 15:00:00,0.08356999999999999
Netherlands,NLD,2021-01-07 15:00:00,2021-01-07 16:00:00,0.08968000000000001
Netherlands,NLD,2021-01-07 16:00:00,2021-01-07 17:00:00,0.1
Netherlands,NLD,2021-01-07 17:00:00,2021-01-07 18:00:00,0.08
Netherlands,NLD,2021-01-07 18:00:00,2021-01-07 19:00:00,0.0629
Netherlands,NLD,2021-01-07 19:00:00,2021-01-07 20:00:00,0.044
Netherlands,NLD,2021-01-07 20:00:00,2021-01-07 21:00:00,0.045899999999999996
Netherlands,NLD,2021-01-07 21:00:00,2021-01-07 22:00:00,0.05054
Netherlands,NLD,2021-01-07 22:00:00,2021-01-07 23:00:00,0.0419
Netherlands,NLD,2021-01-07 23:00:00,2021-01-08 00:00:00,0.04541
Netherlands,NLD,2021-01-08 00:00:00,2021-01-08 01:00:00,0.04213
Netherlands,NLD,2021-01-08 01:00:00,2021-01-08 02:00:00,0.04239
Netherlands,NLD,2021-01-08 02:00:00,2021-01-08 03:00:00,0.04207
Netherlands,NLD,2021-01-08 03:00:00,2021-01-08 04:00:00,0.04383
Netherlands,NLD,2021-01-08 04:00:00,2021-01-08 05:00:00,0.048170000000000004
Netherlands,NLD,2021-01-08 05:00:00,2021-01-08 06:00:00,0.05773
Netherlands,NLD,2021-01-08 06:00:00,2021-01-08 07:00:00,0.07490000000000001
Netherlands,NLD,2021-01-08 07:00:00,2021-01-08 08:00:00,0.10354000000000001
Netherlands,NLD,2021-01-08 08:00:00,2021-01-08 09:00:00,0.11045
Netherlands,NLD,2021-01-08 09:00:00,2021-01-08 10:00:00,0.10995999999999999
Netherlands,NLD,2021-01-08 10:00:00,2021-01-08 11:00:00,0.10682
Netherlands,NLD,2021-01-08 11:00:00,2021-01-08 12:00:00,0.10237
Netherlands,NLD,2021-01-08 12:00:00,2021-01-08 13:00:00,0.09761
Netherlands,NLD,2021-01-08 13:00:00,2021-01-08 14:00:00,0.095
Netherlands,NLD,2021-01-08 14:00:00,2021-01-08 15:00:00,0.09542
Netherlands,NLD,2021-01-08 15:00:00,2021-01-08 16:00:00,0.095
Netherlands,NLD,2021-01-08 16:00:00,2021-01-08 17:00:00,0.11
Netherlands,NLD,2021-01-08 17:00:00,2021-01-08 18:00:00,0.08744
Netherlands,NLD,2021-01-08 18:00:00,2021-01-08 19:00:00,0.05681
Netherlands,NLD,2021-01-08 19:00:00,2021-01-08 20:00:00,0.0451
Netherlands,NLD,2021-01-08 20:00:00,2021-01-08 21:00:00,0.04488
Netherlands,NLD,2021-01-08 21:00:00,2021-01-08 22:00:00,0.046259999999999996
Netherlands,NLD,2021-01-08 22:00:00,2021-01-08 23:00:00,0.0432
Netherlands,NLD,2021-01-08 23:00:00,2021-01-09 00:00:00,0.05067
Netherlands,NLD,2021-01-09 00:00:00,2021-01-09 01:00:00,0.048600000000000004
Netherlands,NLD,2021-01-09 01:00:00,2021-01-09 02:00:00,0.04802
Netherlands,NLD,2021-01-09 02:00:00,2021-01-09 03:00:00,0.04925
Netherlands,NLD,2021-01-09 03:00:00,2021-01-09 04:00:00,0.04963
Netherlands,NLD,2021-01-09 04:00:00,2021-01-09 05:00:00,0.047200000000000006
Netherlands,NLD,2021-01-09 05:00:00,2021-01-09 06:00:00,0.04672
Netherlands,NLD,2021-01-09 06:00:00,2021-01-09 07:00:00,0.05049
Netherlands,NLD,2021-01-09 07:00:00,2021-01-09 08:00:00,0.0598
Netherlands,NLD,2021-01-09 08:00:00,2021-01-09 09:00:00,0.06692000000000001
Netherlands,NLD,2021-01-09 09:00:00,2021-01-09 10:00:00,0.06770999999999999
Netherlands,NLD,2021-01-09 10:00:00,2021-01-09 11:00:00,0.068
Netherlands,NLD,2021-01-09 11:00:00,2021-01-09 12:00:00,0.06701
Netherlands,NLD,2021-01-09 12:00:00,2021-01-09 13:00:00,0.06253
Netherlands,NLD,2021-01-09 13:00:00,2021-01-09 14:00:00,0.06
Netherlands,NLD,2021-01-09 14:00:00,2021-01-09 15:00:00,0.06
Netherlands,NLD,2021-01-09 15:00:00,2021-01-09 16:00:00,0.06278
Netherlands,NLD,2021-01-09 16:00:00,2021-01-09 17:00:00,0.06992
Netherlands,NLD,2021-01-09 17:00:00,2021-01-09 18:00:00,0.07199
Netherlands,NLD,2021-01-09 18:00:00,2021-01-09 19:00:00,0.06895
Netherlands,NLD,2021-01-09 19:00:00,2021-01-09 20:00:00,0.06266
Netherlands,NLD,2021-01-09 20:00:00,2021-01-09 21:00:00,0.05321
Netherlands,NLD,2021-01-09 21:00:00,2021-01-09 22:00:00,0.054770000000000006
Netherlands,NLD,2021-01-09 22:00:00,2021-01-09 23:00:00,0.045
Netherlands,NLD,2021-01-09 23:00:00,2021-01-10 00:00:00,0.05172
Netherlands,NLD,2021-01-10 00:00:00,2021-01-10 01:00:00,0.04573
Netherlands,NLD,2021-01-10 01:00:00,2021-01-10 02:00:00,0.046299999999999994
Netherlands,NLD,2021-01-10 02:00:00,2021-01-10 03:00:00,0.04639
Netherlands,NLD,2021-01-10 03:00:00,2021-01-10 04:00:00,0.046299999999999994
Netherlands,NLD,2021-01-10 04:00:00,2021-01-10 05:00:00,0.04535
Netherlands,NLD,2021-01-10 05:00:00,2021-01-10 06:00:00,0.046299999999999994
Netherlands,NLD,2021-01-10 06:00:00,2021-01-10 07:00:00,0.0461
Netherlands,NLD,2021-01-10 07:00:00,2021-01-10 08:00:00,0.053130000000000004
Netherlands,NLD,2021-01-10 08:00:00,2021-01-10 09:00:00,0.05188
Netherlands,NLD,2021-01-10 09:00:00,2021-01-10 10:00:00,0.047200000000000006
Netherlands,NLD,2021-01-10 10:00:00,2021-01-10 11:00:00,0.048100000000000004
Netherlands,NLD,2021-01-10 11:00:00,2021-01-10 12:00:00,0.046299999999999994
Netherlands,NLD,2021-01-10 12:00:00,2021-01-10 13:00:00,0.047810000000000005
Netherlands,NLD,2021-01-10 13:00:00,2021-01-10 14:00:00,0.05318
Netherlands,NLD,2021-01-10 14:00:00,2021-01-10 15:00:00,0.05485
Netherlands,NLD,2021-01-10 15:00:00,2021-01-10 16:00:00,0.05652
Netherlands,NLD,2021-01-10 16:00:00,2021-01-10 17:00:00,0.062090000000000006
Netherlands,NLD,2021-01-10 17:00:00,2021-01-10 18:00:00,0.06341
Netherlands,NLD,2021-01-10 18:00:00,2021-01-10 19:00:00,0.055240000000000004
Netherlands,NLD,2021-01-10 19:00:00,2021-01-10 20:00:00,0.048049999999999995
Netherlands,NLD,2021-01-10 20:00:00,2021-01-10 21:00:00,0.046939999999999996
Netherlands,NLD,2021-01-10 21:00:00,2021-01-10 22:00:00,0.045020000000000004
Netherlands,NLD,2021-01-10 22:00:00,2021-01-10 23:00:00,0.0451
Netherlands,NLD,2021-01-10 23:00:00,2021-01-11 00:00:00,0.04775
Netherlands,NLD,2021-01-11 00:00:00,2021-01-11 01:00:00,0.0461
Netherlands,NLD,2021-01-11 01:00:00,2021-01-11 02:00:00,0.045329999999999995
Netherlands,NLD,2021-01-11 02:00:00,2021-01-11 03:00:00,0.044590000000000005
Netherlands,NLD,2021-01-11 03:00:00,2021-01-11 04:00:00,0.04458
Netherlands,NLD,2021-01-11 04:00:00,2021-01-11 05:00:00,0.04341
Netherlands,NLD,2021-01-11 05:00:00,2021-01-11 06:00:00,0.04419
Netherlands,NLD,2021-01-11 06:00:00,2021-01-11 07:00:00,0.052
Netherlands,NLD,2021-01-11 07:00:00,2021-01-11 08:00:00,0.05915
Netherlands,NLD,2021-01-11 08:00:00,2021-01-11 09:00:00,0.05919
Netherlands,NLD,2021-01-11 09:00:00,2021-01-11 10:00:00,0.052
Netherlands,NLD,2021-01-11 10:00:00,2021-01-11 11:00:00,0.046119999999999994
Netherlands,NLD,2021-01-11 11:00:00,2021-01-11 12:00:00,0.0456
Netherlands,NLD,2021-01-11 12:00:00,2021-01-11 13:00:00,0.0451
Netherlands,NLD,2021-01-11 13:00:00,2021-01-11 14:00:00,0.045899999999999996
Netherlands,NLD,2021-01-11 14:00:00,2021-01-11 15:00:00,0.04507
Netherlands,NLD,2021-01-11 15:00:00,2021-01-11 16:00:00,0.045899999999999996
Netherlands,NLD,2021-01-11 16:00:00,2021-01-11 17:00:00,0.052
Netherlands,NLD,2021-01-11 17:00:00,2021-01-11 18:00:00,0.04435
Netherlands,NLD,2021-01-11 18:00:00,2021-01-11 19:00:00,0.0405
Netherlands,NLD,2021-01-11 19:00:00,2021-01-11 20:00:00,0.038340000000000006
Netherlands,NLD,2021-01-11 20:00:00,2021-01-11 21:00:00,0.0451
Netherlands,NLD,2021-01-11 21:00:00,2021-01-11 22:00:00,0.03431
Netherlands,NLD,2021-01-11 22:00:00,2021-01-11 23:00:00,0.02739
Netherlands,NLD,2021-01-11 23:00:00,2021-01-12 00:00:00,0.02443
Netherlands,NLD,2021-01-12 00:00:00,2021-01-12 01:00:00,0.02461
Netherlands,NLD,2021-01-12 01:00:00,2021-01-12 02:00:00,0.019510000000000003
Netherlands,NLD,2021-01-12 02:00:00,2021-01-12 03:00:00,0.02438
Netherlands,NLD,2021-01-12 03:00:00,2021-01-12 04:00:00,0.02716
Netherlands,NLD,2021-01-12 04:00:00,2021-01-12 05:00:00,0.03618
Netherlands,NLD,2021-01-12 05:00:00,2021-01-12 06:00:00,0.047700000000000006
Netherlands,NLD,2021-01-12 06:00:00,2021-01-12 07:00:00,0.06
Netherlands,NLD,2021-01-12 07:00:00,2021-01-12 08:00:00,0.06265
Netherlands,NLD,2021-01-12 08:00:00,2021-01-12 09:00:00,0.08313
Netherlands,NLD,2021-01-12 09:00:00,2021-01-12 10:00:00,0.071
Netherlands,NLD,2021-01-12 10:00:00,2021-01-12 11:00:00,0.05717
Netherlands,NLD,2021-01-12 11:00:00,2021-01-12 12:00:00,0.05839
Netherlands,NLD,2021-01-12 12:00:00,2021-01-12 13:00:00,0.05339
Netherlands,NLD,2021-01-12 13:00:00,2021-01-12 14:00:00,0.04963
Netherlands,NLD,2021-01-12 14:00:00,2021-01-12 15:00:00,0.05373
Netherlands,NLD,2021-01-12 15:00:00,2021-01-12 16:00:00,0.06802
Netherlands,NLD,2021-01-12 16:00:00,2021-01-12 17:00:00,0.08719
Netherlands,NLD,2021-01-12 17:00:00,2021-01-12 18:00:00,0.0624
Netherlands,NLD,2021-01-12 18:00:00,2021-01-12 19:00:00,0.0533
Netherlands,NLD,2021-01-12 19:00:00,2021-01-12 20:00:00,0.0533
Netherlands,NLD,2021-01-12 20:00:00,2021-01-12 21:00:00,0.0544
Netherlands,NLD,2021-01-12 21:00:00,2021-01-12 22:00:00,0.0484
Netherlands,NLD,2021-01-12 22:00:00,2021-01-12 23:00:00,0.045689999999999995
Netherlands,NLD,2021-01-12 23:00:00,2021-01-13 00:00:00,0.0476
Netherlands,NLD,2021-01-13 00:00:00,2021-01-13 01:00:00,0.048299999999999996
Netherlands,NLD,2021-01-13 01:00:00,2021-01-13 02:00:00,0.0476
Netherlands,NLD,2021-01-13 02:00:00,2021-01-13 03:00:00,0.04
Netherlands,NLD,2021-01-13 03:00:00,2021-01-13 04:00:00,0.03498
Netherlands,NLD,2021-01-13 04:00:00,2021-01-13 05:00:00,0.0476
Netherlands,NLD,2021-01-13 05:00:00,2021-01-13 06:00:00,0.0525
Netherlands,NLD,2021-01-13 06:00:00,2021-01-13 07:00:00,0.061
Netherlands,NLD,2021-01-13 07:00:00,2021-01-13 08:00:00,0.058
Netherlands,NLD,2021-01-13 08:00:00,2021-01-13 09:00:00,0.0571
Netherlands,NLD,2021-01-13 09:00:00,2021-01-13 10:00:00,0.05305
Netherlands,NLD,2021-01-13 10:00:00,2021-01-13 11:00:00,0.051
Netherlands,NLD,2021-01-13 11:00:00,2021-01-13 12:00:00,0.0496
Netherlands,NLD,2021-01-13 12:00:00,2021-01-13 13:00:00,0.05103
Netherlands,NLD,2021-01-13 13:00:00,2021-01-13 14:00:00,0.0541
Netherlands,NLD,2021-01-13 14:00:00,2021-01-13 15:00:00,0.0571
Netherlands,NLD,2021-01-13 15:00:00,2021-01-13 16:00:00,0.09090999999999999
Netherlands,NLD,2021-01-13 16:00:00,2021-01-13 17:00:00,0.12312000000000001
Netherlands,NLD,2021-01-13 17:00:00,2021-01-13 18:00:00,0.071
Netherlands,NLD,2021-01-13 18:00:00,2021-01-13 19:00:00,0.063
Netherlands,NLD,2021-01-13 19:00:00,2021-01-13 20:00:00,0.0541
Netherlands,NLD,2021-01-13 20:00:00,2021-01-13 21:00:00,0.065
Netherlands,NLD,2021-01-13 21:00:00,2021-01-13 22:00:00,0.0512
Netherlands,NLD,2021-01-13 22:00:00,2021-01-13 23:00:00,0.0541
Netherlands,NLD,2021-01-13 23:00:00,2021-01-14 00:00:00,0.0849
Netherlands,NLD,2021-01-14 00:00:00,2021-01-14 01:00:00,0.06105
Netherlands,NLD,2021-01-14 01:00:00,2021-01-14 02:00:00,0.04818
Netherlands,NLD,2021-01-14 02:00:00,2021-01-14 03:00:00,0.05013
Netherlands,NLD,2021-01-14 03:00:00,2021-01-14 04:00:00,0.044
Netherlands,NLD,2021-01-14 04:00:00,2021-01-14 05:00:00,0.04684000000000001
Netherlands,NLD,2021-01-14 05:00:00,2021-01-14 06:00:00,0.060039999999999996
Netherlands,NLD,2021-01-14 06:00:00,2021-01-14 07:00:00,0.0799
Netherlands,NLD,2021-01-14 07:00:00,2021-01-14 08:00:00,0.08882
Netherlands,NLD,2021-01-14 08:00:00,2021-01-14 09:00:00,0.08927
Netherlands,NLD,2021-01-14 09:00:00,2021-01-14 10:00:00,0.08963
Netherlands,NLD,2021-01-14 10:00:00,2021-01-14 11:00:00,0.09104999999999999
Netherlands,NLD,2021-01-14 11:00:00,2021-01-14 12:00:00,0.08875
Netherlands,NLD,2021-01-14 12:00:00,2021-01-14 13:00:00,0.0871
Netherlands,NLD,2021-01-14 13:00:00,2021-01-14 14:00:00,0.08398
Netherlands,NLD,2021-01-14 14:00:00,2021-01-14 15:00:00,0.07995999999999999
Netherlands,NLD,2021-01-14 15:00:00,2021-01-14 16:00:00,0.08342000000000001
Netherlands,NLD,2021-01-14 16:00:00,2021-01-14 17:00:00,0.1001
Netherlands,NLD,2021-01-14 17:00:00,2021-01-14 18:00:00,0.09015999999999999
Netherlands,NLD,2021-01-14 18:00:00,2021-01-14 19:00:00,0.0877
Netherlands,NLD,2021-01-14 19:00:00,2021-01-14 20:00:00,0.07458
Netherlands,NLD,2021-01-14 20:00:00,2021-01-14 21:00:00,0.06274
Netherlands,NLD,2021-01-14 21:00:00,2021-01-14 22:00:00,0.05982
Netherlands,NLD,2021-01-14 22:00:00,2021-01-14 23:00:00,0.055600000000000004
Netherlands,NLD,2021-01-14 23:00:00,2021-01-15 00:00:00,0.048979999999999996
Netherlands,NLD,2021-01-15 00:00:00,2021-01-15 01:00:00,0.048659999999999995
Netherlands,NLD,2021-01-15 01:00:00,2021-01-15 02:00:00,0.047700000000000006
Netherlands,NLD,2021-01-15 02:00:00,2021-01-15 03:00:00,0.0466
Netherlands,NLD,2021-01-15 03:00:00,2021-01-15 04:00:00,0.048
Netherlands,NLD,2021-01-15 04:00:00,2021-01-15 05:00:00,0.05152
Netherlands,NLD,2021-01-15 05:00:00,2021-01-15 06:00:00,0.06297
Netherlands,NLD,2021-01-15 06:00:00,2021-01-15 07:00:00,0.07794
Netherlands,NLD,2021-01-15 07:00:00,2021-01-15 08:00:00,0.09373999999999999
Netherlands,NLD,2021-01-15 08:00:00,2021-01-15 09:00:00,0.09776
Netherlands,NLD,2021-01-15 09:00:00,2021-01-15 10:00:00,0.09068999999999999
Netherlands,NLD,2021-01-15 10:00:00,2021-01-15 11:00:00,0.08697
Netherlands,NLD,2021-01-15 11:00:00,2021-01-15 12:00:00,0.07925
Netherlands,NLD,2021-01-15 12:00:00,2021-01-15 13:00:00,0.07664
Netherlands,NLD,2021-01-15 13:00:00,2021-01-15 14:00:00,0.07714
Netherlands,NLD,2021-01-15 14:00:00,2021-01-15 15:00:00,0.07698
Netherlands,NLD,2021-01-15 15:00:00,2021-01-15 16:00:00,0.082
Netherlands,NLD,2021-01-15 16:00:00,2021-01-15 17:00:00,0.0994
Netherlands,NLD,2021-01-15 17:00:00,2021-01-15 18:00:00,0.09802
Netherlands,NLD,2021-01-15 18:00:00,2021-01-15 19:00:00,0.09501000000000001
Netherlands,NLD,2021-01-15 19:00:00,2021-01-15 20:00:00,0.0772
Netherlands,NLD,2021-01-15 20:00:00,2021-01-15 21:00:00,0.06718
Netherlands,NLD,2021-01-15 21:00:00,2021-01-15 22:00:00,0.06319
Netherlands,NLD,2021-01-15 22:00:00,2021-01-15 23:00:00,0.05319
Netherlands,NLD,2021-01-15 23:00:00,2021-01-16 00:00:00,0.05
Netherlands,NLD,2021-01-16 00:00:00,2021-01-16 01:00:00,0.05
Netherlands,NLD,2021-01-16 01:00:00,2021-01-16 02:00:00,0.04829
Netherlands,NLD,2021-01-16 02:00:00,2021-01-16 03:00:00,0.04984
Netherlands,NLD,2021-01-16 03:00:00,2021-01-16 04:00:00,0.04951
Netherlands,NLD,2021-01-16 04:00:00,2021-01-16 05:00:00,0.04852
Netherlands,NLD,2021-01-16 05:00:00,2021-01-16 06:00:00,0.0476
Netherlands,NLD,2021-01-16 06:00:00,2021-01-16 07:00:00,0.04978
Netherlands,NLD,2021-01-16 07:00:00,2021-01-16 08:00:00,0.06
Netherlands,NLD,2021-01-16 08:00:00,2021-01-16 09:00:00,0.06395
Netherlands,NLD,2021-01-16 09:00:00,2021-01-16 10:00:00,0.05981
Netherlands,NLD,2021-01-16 10:00:00,2021-01-16 11:00:00,0.06014
Netherlands,NLD,2021-01-16 11:00:00,2021-01-16 12:00:00,0.048850000000000005
Netherlands,NLD,2021-01-16 12:00:00,2021-01-16 13:00:00,0.04589
Netherlands,NLD,2021-01-16 13:00:00,2021-01-16 14:00:00,0.0474
Netherlands,NLD,2021-01-16 14:00:00,2021-01-16 15:00:00,0.05065
Netherlands,NLD,2021-01-16 15:00:00,2021-01-16 16:00:00,0.0577
Netherlands,NLD,2021-01-16 16:00:00,2021-01-16 17:00:00,0.06501
Netherlands,NLD,2021-01-16 17:00:00,2021-01-16 18:00:00,0.0664
Netherlands,NLD,2021-01-16 18:00:00,2021-01-16 19:00:00,0.06371
Netherlands,NLD,2021-01-16 19:00:00,2021-01-16 20:00:00,0.0531
Netherlands,NLD,2021-01-16 20:00:00,2021-01-16 21:00:00,0.05128
Netherlands,NLD,2021-01-16 21:00:00,2021-01-16 22:00:00,0.053200000000000004
Netherlands,NLD,2021-01-16 22:00:00,2021-01-16 23:00:00,0.047189999999999996
Netherlands,NLD,2021-01-16 23:00:00,2021-01-17 00:00:00,0.0455
Netherlands,NLD,2021-01-17 00:00:00,2021-01-17 01:00:00,0.04482
Netherlands,NLD,2021-01-17 01:00:00,2021-01-17 02:00:00,0.04444
Netherlands,NLD,2021-01-17 02:00:00,2021-01-17 03:00:00,0.046090000000000006
Netherlands,NLD,2021-01-17 03:00:00,2021-01-17 04:00:00,0.0458
Netherlands,NLD,2021-01-17 04:00:00,2021-01-17 05:00:00,0.04542
Netherlands,NLD,2021-01-17 05:00:00,2021-01-17 06:00:00,0.046200000000000005
Netherlands,NLD,2021-01-17 06:00:00,2021-01-17 07:00:00,0.046
Netherlands,NLD,2021-01-17 07:00:00,2021-01-17 08:00:00,0.04621
Netherlands,NLD,2021-01-17 08:00:00,2021-01-17 09:00:00,0.04623
Netherlands,NLD,2021-01-17 09:00:00,2021-01-17 10:00:00,0.05299
Netherlands,NLD,2021-01-17 10:00:00,2021-01-17 11:00:00,0.05622
Netherlands,NLD,2021-01-17 11:00:00,2021-01-17 12:00:00,0.04955
Netherlands,NLD,2021-01-17 12:00:00,2021-01-17 13:00:00,0.05113
Netherlands,NLD,2021-01-17 13:00:00,2021-01-17 14:00:00,0.04995
Netherlands,NLD,2021-01-17 14:00:00,2021-01-17 15:00:00,0.05348
Netherlands,NLD,2021-01-17 15:00:00,2021-01-17 16:00:00,0.0606
Netherlands,NLD,2021-01-17 16:00:00,2021-01-17 17:00:00,0.06705
Netherlands,NLD,2021-01-17 17:00:00,2021-01-17 18:00:00,0.072
Netherlands,NLD,2021-01-17 18:00:00,2021-01-17 19:00:00,0.05921
Netherlands,NLD,2021-01-17 19:00:00,2021-01-17 20:00:00,0.05465999999999999
Netherlands,NLD,2021-01-17 20:00:00,2021-01-17 21:00:00,0.047
Netherlands,NLD,2021-01-17 21:00:00,2021-01-17 22:00:00,0.05046
Netherlands,NLD,2021-01-17 22:00:00,2021-01-17 23:00:00,0.045399999999999996
Netherlands,NLD,2021-01-17 23:00:00,2021-01-18 00:00:00,0.0453
Netherlands,NLD,2021-01-18 00:00:00,2021-01-18 01:00:00,0.045829999999999996
Netherlands,NLD,2021-01-18 01:00:00,2021-01-18 02:00:00,0.045590000000000006
Netherlands,NLD,2021-01-18 02:00:00,2021-01-18 03:00:00,0.045939999999999995
Netherlands,NLD,2021-01-18 03:00:00,2021-01-18 04:00:00,0.046310000000000004
Netherlands,NLD,2021-01-18 04:00:00,2021-01-18 05:00:00,0.04494
Netherlands,NLD,2021-01-18 05:00:00,2021-01-18 06:00:00,0.052
Netherlands,NLD,2021-01-18 06:00:00,2021-01-18 07:00:00,0.06437999999999999
Netherlands,NLD,2021-01-18 07:00:00,2021-01-18 08:00:00,0.07640000000000001
Netherlands,NLD,2021-01-18 08:00:00,2021-01-18 09:00:00,0.0701
Netherlands,NLD,2021-01-18 09:00:00,2021-01-18 10:00:00,0.06637
Netherlands,NLD,2021-01-18 10:00:00,2021-01-18 11:00:00,0.0596
Netherlands,NLD,2021-01-18 11:00:00,2021-01-18 12:00:00,0.049710000000000004
Netherlands,NLD,2021-01-18 12:00:00,2021-01-18 13:00:00,0.046
Netherlands,NLD,2021-01-18 13:00:00,2021-01-18 14:00:00,0.053
Netherlands,NLD,2021-01-18 14:00:00,2021-01-18 15:00:00,0.0484
Netherlands,NLD,2021-01-18 15:00:00,2021-01-18 16:00:00,0.05454
Netherlands,NLD,2021-01-18 16:00:00,2021-01-18 17:00:00,0.05994
Netherlands,NLD,2021-01-18 17:00:00,2021-01-18 18:00:00,0.05331
Netherlands,NLD,2021-01-18 18:00:00,2021-01-18 19:00:00,0.04978
Netherlands,NLD,2021-01-18 19:00:00,2021-01-18 20:00:00,0.0466
Netherlands,NLD,2021-01-18 20:00:00,2021-01-18 21:00:00,0.046
Netherlands,NLD,2021-01-18 21:00:00,2021-01-18 22:00:00,0.04378
Netherlands,NLD,2021-01-18 22:00:00,2021-01-18 23:00:00,0.03908
Netherlands,NLD,2021-01-18 23:00:00,2021-01-19 00:00:00,0.03796
Netherlands,NLD,2021-01-19 00:00:00,2021-01-19 01:00:00,0.03713
Netherlands,NLD,2021-01-19 01:00:00,2021-01-19 02:00:00,0.03545
Netherlands,NLD,2021-01-19 02:00:00,2021-01-19 03:00:00,0.0361
Netherlands,NLD,2021-01-19 03:00:00,2021-01-19 04:00:00,0.03741
Netherlands,NLD,2021-01-19 04:00:00,2021-01-19 05:00:00,0.039409999999999994
Netherlands,NLD,2021-01-19 05:00:00,2021-01-19 06:00:00,0.04276
Netherlands,NLD,2021-01-19 06:00:00,2021-01-19 07:00:00,0.04668
Netherlands,NLD,2021-01-19 07:00:00,2021-01-19 08:00:00,0.05515
Netherlands,NLD,2021-01-19 08:00:00,2021-01-19 09:00:00,0.05631
Netherlands,NLD,2021-01-19 09:00:00,2021-01-19 10:00:00,0.054479999999999994
Netherlands,NLD,2021-01-19 10:00:00,2021-01-19 11:00:00,0.056299999999999996
Netherlands,NLD,2021-01-19 11:00:00,2021-01-19 12:00:00,0.05221
Netherlands,NLD,2021-01-19 12:00:00,2021-01-19 13:00:00,0.05211
Netherlands,NLD,2021-01-19 13:00:00,2021-01-19 14:00:00,0.05237
Netherlands,NLD,2021-01-19 14:00:00,2021-01-19 15:00:00,0.051340000000000004
Netherlands,NLD,2021-01-19 15:00:00,2021-01-19 16:00:00,0.05189
Netherlands,NLD,2021-01-19 16:00:00,2021-01-19 17:00:00,0.0549
Netherlands,NLD,2021-01-19 17:00:00,2021-01-19 18:00:00,0.05255
Netherlands,NLD,2021-01-19 18:00:00,2021-01-19 19:00:00,0.04539
Netherlands,NLD,2021-01-19 19:00:00,2021-01-19 20:00:00,0.04278
Netherlands,NLD,2021-01-19 20:00:00,2021-01-19 21:00:00,0.0437
Netherlands,NLD,2021-01-19 21:00:00,2021-01-19 22:00:00,0.0399
Netherlands,NLD,2021-01-19 22:00:00,2021-01-19 23:00:00,0.03123
Netherlands,NLD,2021-01-19 23:00:00,2021-01-20 00:00:00,0.031030000000000002
Netherlands,NLD,2021-01-20 00:00:00,2021-01-20 01:00:00,0.02838
Netherlands,NLD,2021-01-20 01:00:00,2021-01-20 02:00:00,0.026670000000000003
Netherlands,NLD,2021-01-20 02:00:00,2021-01-20 03:00:00,0.02518
Netherlands,NLD,2021-01-20 03:00:00,2021-01-20 04:00:00,0.02894
Netherlands,NLD,2021-01-20 04:00:00,2021-01-20 05:00:00,0.03168
Netherlands,NLD,2021-01-20 05:00:00,2021-01-20 06:00:00,0.0438
Netherlands,NLD,2021-01-20 06:00:00,2021-01-20 07:00:00,0.05361
Netherlands,NLD,2021-01-20 07:00:00,2021-01-20 08:00:00,0.06174
Netherlands,NLD,2021-01-20 08:00:00,2021-01-20 09:00:00,0.06346
Netherlands,NLD,2021-01-20 09:00:00,2021-01-20 10:00:00,0.05196
Netherlands,NLD,2021-01-20 10:00:00,2021-01-20 11:00:00,0.05962
Netherlands,NLD,2021-01-20 11:00:00,2021-01-20 12:00:00,0.05724
Netherlands,NLD,2021-01-20 12:00:00,2021-01-20 13:00:00,0.05113
Netherlands,NLD,2021-01-20 13:00:00,2021-01-20 14:00:00,0.0444
Netherlands,NLD,2021-01-20 14:00:00,2021-01-20 15:00:00,0.04315
Netherlands,NLD,2021-01-20 15:00:00,2021-01-20 16:00:00,0.04441
Netherlands,NLD,2021-01-20 16:00:00,2021-01-20 17:00:00,0.056
Netherlands,NLD,2021-01-20 17:00:00,2021-01-20 18:00:00,0.05787
Netherlands,NLD,2021-01-20 18:00:00,2021-01-20 19:00:00,0.054
Netherlands,NLD,2021-01-20 19:00:00,2021-01-20 20:00:00,0.0474
Netherlands,NLD,2021-01-20 20:00:00,2021-01-20 21:00:00,0.044899999999999995
Netherlands,NLD,2021-01-20 21:00:00,2021-01-20 22:00:00,0.0424
Netherlands,NLD,2021-01-20 22:00:00,2021-01-20 23:00:00,0.030100000000000002
Netherlands,NLD,2021-01-20 23:00:00,2021-01-21 00:00:00,0.0324
Netherlands,NLD,2021-01-21 00:00:00,2021-01-21 01:00:00,0.01943
Netherlands,NLD,2021-01-21 01:00:00,2021-01-21 02:00:00,0.00908
Netherlands,NLD,2021-01-21 02:00:00,2021-01-21 03:00:00,0.00107
Netherlands,NLD,2021-01-21 03:00:00,2021-01-21 04:00:00,0.0002
Netherlands,NLD,2021-01-21 04:00:00,2021-01-21 05:00:00,0.01515
Netherlands,NLD,2021-01-21 05:00:00,2021-01-21 06:00:00,0.03116
Netherlands,NLD,2021-01-21 06:00:00,2021-01-21 07:00:00,0.0518
Netherlands,NLD,2021-01-21 07:00:00,2021-01-21 08:00:00,0.06608
Netherlands,NLD,2021-01-21 08:00:00,2021-01-21 09:00:00,0.07168000000000001
Netherlands,NLD,2021-01-21 09:00:00,2021-01-21 10:00:00,0.05
Netherlands,NLD,2021-01-21 10:00:00,2021-01-21 11:00:00,0.045
Netherlands,NLD,2021-01-21 11:00:00,2021-01-21 12:00:00,0.044950000000000004
Netherlands,NLD,2021-01-21 12:00:00,2021-01-21 13:00:00,0.0424
Netherlands,NLD,2021-01-21 13:00:00,2021-01-21 14:00:00,0.044
Netherlands,NLD,2021-01-21 14:00:00,2021-01-21 15:00:00,0.045
Netherlands,NLD,2021-01-21 15:00:00,2021-01-21 16:00:00,0.04684000000000001
Netherlands,NLD,2021-01-21 16:00:00,2021-01-21 17:00:00,0.06075
Netherlands,NLD,2021-01-21 17:00:00,2021-01-21 18:00:00,0.05853
Netherlands,NLD,2021-01-21 18:00:00,2021-01-21 19:00:00,0.06502
Netherlands,NLD,2021-01-21 19:00:00,2021-01-21 20:00:00,0.07297
Netherlands,NLD,2021-01-21 20:00:00,2021-01-21 21:00:00,0.061840000000000006
Netherlands,NLD,2021-01-21 21:00:00,2021-01-21 22:00:00,0.06295
Netherlands,NLD,2021-01-21 22:00:00,2021-01-21 23:00:00,0.0649
Netherlands,NLD,2021-01-21 23:00:00,2021-01-22 00:00:00,0.08776
Netherlands,NLD,2021-01-22 00:00:00,2021-01-22 01:00:00,0.05028
Netherlands,NLD,2021-01-22 01:00:00,2021-01-22 02:00:00,0.0451
Netherlands,NLD,2021-01-22 02:00:00,2021-01-22 03:00:00,0.04
Netherlands,NLD,2021-01-22 03:00:00,2021-01-22 04:00:00,0.03146
Netherlands,NLD,2021-01-22 04:00:00,2021-01-22 05:00:00,0.0436
Netherlands,NLD,2021-01-22 05:00:00,2021-01-22 06:00:00,0.05318
Netherlands,NLD,2021-01-22 06:00:00,2021-01-22 07:00:00,0.0499
Netherlands,NLD,2021-01-22 07:00:00,2021-01-22 08:00:00,0.06879
Netherlands,NLD,2021-01-22 08:00:00,2021-01-22 09:00:00,0.063
Netherlands,NLD,2021-01-22 09:00:00,2021-01-22 10:00:00,0.0444
Netherlands,NLD,2021-01-22 10:00:00,2021-01-22 11:00:00,0.04308
Netherlands,NLD,2021-01-22 11:00:00,2021-01-22 12:00:00,0.04218
Netherlands,NLD,2021-01-22 12:00:00,2021-01-22 13:00:00,0.042159999999999996
Netherlands,NLD,2021-01-22 13:00:00,2021-01-22 14:00:00,0.04624
Netherlands,NLD,2021-01-22 14:00:00,2021-01-22 15:00:00,0.054490000000000004
Netherlands,NLD,2021-01-22 15:00:00,2021-01-22 16:00:00,0.05731
Netherlands,NLD,2021-01-22 16:00:00,2021-01-22 17:00:00,0.06448000000000001
Netherlands,NLD,2021-01-22 17:00:00,2021-01-22 18:00:00,0.06677
Netherlands,NLD,2021-01-22 18:00:00,2021-01-22 19:00:00,0.06389
Netherlands,NLD,2021-01-22 19:00:00,2021-01-22 20:00:00,0.054
Netherlands,NLD,2021-01-22 20:00:00,2021-01-22 21:00:00,0.05291
Netherlands,NLD,2021-01-22 21:00:00,2021-01-22 22:00:00,0.051789999999999996
Netherlands,NLD,2021-01-22 22:00:00,2021-01-22 23:00:00,0.045
Netherlands,NLD,2021-01-22 23:00:00,2021-01-23 00:00:00,0.0474
Netherlands,NLD,2021-01-23 00:00:00,2021-01-23 01:00:00,0.044719999999999996
Netherlands,NLD,2021-01-23 01:00:00,2021-01-23 02:00:00,0.04438
Netherlands,NLD,2021-01-23 02:00:00,2021-01-23 03:00:00,0.04231
Netherlands,NLD,2021-01-23 03:00:00,2021-01-23 04:00:00,0.03890999999999999
Netherlands,NLD,2021-01-23 04:00:00,2021-01-23 05:00:00,0.04197
Netherlands,NLD,2021-01-23 05:00:00,2021-01-23 06:00:00,0.0424
Netherlands,NLD,2021-01-23 06:00:00,2021-01-23 07:00:00,0.045880000000000004
Netherlands,NLD,2021-01-23 07:00:00,2021-01-23 08:00:00,0.05
Netherlands,NLD,2021-01-23 08:00:00,2021-01-23 09:00:00,0.05692
Netherlands,NLD,2021-01-23 09:00:00,2021-01-23 10:00:00,0.05815
Netherlands,NLD,2021-01-23 10:00:00,2021-01-23 11:00:00,0.05895
Netherlands,NLD,2021-01-23 11:00:00,2021-01-23 12:00:00,0.05663
Netherlands,NLD,2021-01-23 12:00:00,2021-01-23 13:00:00,0.052
Netherlands,NLD,2021-01-23 13:00:00,2021-01-23 14:00:00,0.051
Netherlands,NLD,2021-01-23 14:00:00,2021-01-23 15:00:00,0.053649999999999996
Netherlands,NLD,2021-01-23 15:00:00,2021-01-23 16:00:00,0.0583
Netherlands,NLD,2021-01-23 16:00:00,2021-01-23 17:00:00,0.06309000000000001
Netherlands,NLD,2021-01-23 17:00:00,2021-01-23 18:00:00,0.06613
Netherlands,NLD,2021-01-23 18:00:00,2021-01-23 19:00:00,0.06329
Netherlands,NLD,2021-01-23 19:00:00,2021-01-23 20:00:00,0.058159999999999996
Netherlands,NLD,2021-01-23 20:00:00,2021-01-23 21:00:00,0.0528
Netherlands,NLD,2021-01-23 21:00:00,2021-01-23 22:00:00,0.0512
Netherlands,NLD,2021-01-23 22:00:00,2021-01-23 23:00:00,0.04718
Netherlands,NLD,2021-01-23 23:00:00,2021-01-24 00:00:00,0.0448
Netherlands,NLD,2021-01-24 00:00:00,2021-01-24 01:00:00,0.040670000000000005
Netherlands,NLD,2021-01-24 01:00:00,2021-01-24 02:00:00,0.04124
Netherlands,NLD,2021-01-24 02:00:00,2021-01-24 03:00:00,0.040240000000000005
Netherlands,NLD,2021-01-24 03:00:00,2021-01-24 04:00:00,0.03978
Netherlands,NLD,2021-01-24 04:00:00,2021-01-24 05:00:00,0.0399
Netherlands,NLD,2021-01-24 05:00:00,2021-01-24 06:00:00,0.04056
Netherlands,NLD,2021-01-24 06:00:00,2021-01-24 07:00:00,0.04197
Netherlands,NLD,2021-01-24 07:00:00,2021-01-24 08:00:00,0.046
Netherlands,NLD,2021-01-24 08:00:00,2021-01-24 09:00:00,0.054
Netherlands,NLD,2021-01-24 09:00:00,2021-01-24 10:00:00,0.053090000000000005
Netherlands,NLD,2021-01-24 10:00:00,2021-01-24 11:00:00,0.054340000000000006
Netherlands,NLD,2021-01-24 11:00:00,2021-01-24 12:00:00,0.051859999999999996
Netherlands,NLD,2021-01-24 12:00:00,2021-01-24 13:00:00,0.04599
Netherlands,NLD,2021-01-24 13:00:00,2021-01-24 14:00:00,0.044340000000000004
Netherlands,NLD,2021-01-24 14:00:00,2021-01-24 15:00:00,0.04593
Netherlands,NLD,2021-01-24 15:00:00,2021-01-24 16:00:00,0.052
Netherlands,NLD,2021-01-24 16:00:00,2021-01-24 17:00:00,0.063
Netherlands,NLD,2021-01-24 17:00:00,2021-01-24 18:00:00,0.065
Netherlands,NLD,2021-01-24 18:00:00,2021-01-24 19:00:00,0.06919
Netherlands,NLD,2021-01-24 19:00:00,2021-01-24 20:00:00,0.0593
Netherlands,NLD,2021-01-24 20:00:00,2021-01-24 21:00:00,0.05576
Netherlands,NLD,2021-01-24 21:00:00,2021-01-24 22:00:00,0.05393
Netherlands,NLD,2021-01-24 22:00:00,2021-01-24 23:00:00,0.04789
Netherlands,NLD,2021-01-24 23:00:00,2021-01-25 00:00:00,0.046619999999999995
Netherlands,NLD,2021-01-25 00:00:00,2021-01-25 01:00:00,0.04309
Netherlands,NLD,2021-01-25 01:00:00,2021-01-25 02:00:00,0.043
Netherlands,NLD,2021-01-25 02:00:00,2021-01-25 03:00:00,0.04259
Netherlands,NLD,2021-01-25 03:00:00,2021-01-25 04:00:00,0.0422
Netherlands,NLD,2021-01-25 04:00:00,2021-01-25 05:00:00,0.04566
Netherlands,NLD,2021-01-25 05:00:00,2021-01-25 06:00:00,0.061950000000000005
Netherlands,NLD,2021-01-25 06:00:00,2021-01-25 07:00:00,0.07
Netherlands,NLD,2021-01-25 07:00:00,2021-01-25 08:00:00,0.07562
Netherlands,NLD,2021-01-25 08:00:00,2021-01-25 09:00:00,0.07967
Netherlands,NLD,2021-01-25 09:00:00,2021-01-25 10:00:00,0.07495
Netherlands,NLD,2021-01-25 10:00:00,2021-01-25 11:00:00,0.07188
Netherlands,NLD,2021-01-25 11:00:00,2021-01-25 12:00:00,0.06902
Netherlands,NLD,2021-01-25 12:00:00,2021-01-25 13:00:00,0.067
Netherlands,NLD,2021-01-25 13:00:00,2021-01-25 14:00:00,0.06548000000000001
Netherlands,NLD,2021-01-25 14:00:00,2021-01-25 15:00:00,0.05
Netherlands,NLD,2021-01-25 15:00:00,2021-01-25 16:00:00,0.06704
Netherlands,NLD,2021-01-25 16:00:00,2021-01-25 17:00:00,0.07169
Netherlands,NLD,2021-01-25 17:00:00,2021-01-25 18:00:00,0.0677
Netherlands,NLD,2021-01-25 18:00:00,2021-01-25 19:00:00,0.05059
Netherlands,NLD,2021-01-25 19:00:00,2021-01-25 20:00:00,0.053
Netherlands,NLD,2021-01-25 20:00:00,2021-01-25 21:00:00,0.049
Netherlands,NLD,2021-01-25 21:00:00,2021-01-25 22:00:00,0.04561
Netherlands,NLD,2021-01-25 22:00:00,2021-01-25 23:00:00,0.04102
Netherlands,NLD,2021-01-25 23:00:00,2021-01-26 00:00:00,0.04482
Netherlands,NLD,2021-01-26 00:00:00,2021-01-26 01:00:00,0.04733
Netherlands,NLD,2021-01-26 01:00:00,2021-01-26 02:00:00,0.04374
Netherlands,NLD,2021-01-26 02:00:00,2021-01-26 03:00:00,0.04234
Netherlands,NLD,2021-01-26 03:00:00,2021-01-26 04:00:00,0.0461
Netherlands,NLD,2021-01-26 04:00:00,2021-01-26 05:00:00,0.05077
Netherlands,NLD,2021-01-26 05:00:00,2021-01-26 06:00:00,0.05572
Netherlands,NLD,2021-01-26 06:00:00,2021-01-26 07:00:00,0.06905
Netherlands,NLD,2021-01-26 07:00:00,2021-01-26 08:00:00,0.07395
Netherlands,NLD,2021-01-26 08:00:00,2021-01-26 09:00:00,0.06
Netherlands,NLD,2021-01-26 09:00:00,2021-01-26 10:00:00,0.07391
Netherlands,NLD,2021-01-26 10:00:00,2021-01-26 11:00:00,0.072
Netherlands,NLD,2021-01-26 11:00:00,2021-01-26 12:00:00,0.07
Netherlands,NLD,2021-01-26 12:00:00,2021-01-26 13:00:00,0.06243
Netherlands,NLD,2021-01-26 13:00:00,2021-01-26 14:00:00,0.06573999999999999
Netherlands,NLD,2021-01-26 14:00:00,2021-01-26 15:00:00,0.06815
Netherlands,NLD,2021-01-26 15:00:00,2021-01-26 16:00:00,0.06875
Netherlands,NLD,2021-01-26 16:00:00,2021-01-26 17:00:00,0.07373
Netherlands,NLD,2021-01-26 17:00:00,2021-01-26 18:00:00,0.055
Netherlands,NLD,2021-01-26 18:00:00,2021-01-26 19:00:00,0.05162
Netherlands,NLD,2021-01-26 19:00:00,2021-01-26 20:00:00,0.05486
Netherlands,NLD,2021-01-26 20:00:00,2021-01-26 21:00:00,0.053880000000000004
Netherlands,NLD,2021-01-26 21:00:00,2021-01-26 22:00:00,0.05105
Netherlands,NLD,2021-01-26 22:00:00,2021-01-26 23:00:00,0.046560000000000004
Netherlands,NLD,2021-01-26 23:00:00,2021-01-27 00:00:00,0.0451
Netherlands,NLD,2021-01-27 00:00:00,2021-01-27 01:00:00,0.044969999999999996
Netherlands,NLD,2021-01-27 01:00:00,2021-01-27 02:00:00,0.04332
Netherlands,NLD,2021-01-27 02:00:00,2021-01-27 03:00:00,0.04204
Netherlands,NLD,2021-01-27 03:00:00,2021-01-27 04:00:00,0.04227
Netherlands,NLD,2021-01-27 04:00:00,2021-01-27 05:00:00,0.04493
Netherlands,NLD,2021-01-27 05:00:00,2021-01-27 06:00:00,0.05125
Netherlands,NLD,2021-01-27 06:00:00,2021-01-27 07:00:00,0.05857
Netherlands,NLD,2021-01-27 07:00:00,2021-01-27 08:00:00,0.06644
Netherlands,NLD,2021-01-27 08:00:00,2021-01-27 09:00:00,0.0628
Netherlands,NLD,2021-01-27 09:00:00,2021-01-27 10:00:00,0.06387
Netherlands,NLD,2021-01-27 10:00:00,2021-01-27 11:00:00,0.06472
Netherlands,NLD,2021-01-27 11:00:00,2021-01-27 12:00:00,0.06578
Netherlands,NLD,2021-01-27 12:00:00,2021-01-27 13:00:00,0.0471
Netherlands,NLD,2021-01-27 13:00:00,2021-01-27 14:00:00,0.048600000000000004
Netherlands,NLD,2021-01-27 14:00:00,2021-01-27 15:00:00,0.045200000000000004
Netherlands,NLD,2021-01-27 15:00:00,2021-01-27 16:00:00,0.0659
Netherlands,NLD,2021-01-27 16:00:00,2021-01-27 17:00:00,0.06817000000000001
Netherlands,NLD,2021-01-27 17:00:00,2021-01-27 18:00:00,0.07048
Netherlands,NLD,2021-01-27 18:00:00,2021-01-27 19:00:00,0.057390000000000004
Netherlands,NLD,2021-01-27 19:00:00,2021-01-27 20:00:00,0.05189
Netherlands,NLD,2021-01-27 20:00:00,2021-01-27 21:00:00,0.05
Netherlands,NLD,2021-01-27 21:00:00,2021-01-27 22:00:00,0.049
Netherlands,NLD,2021-01-27 22:00:00,2021-01-27 23:00:00,0.0475
Netherlands,NLD,2021-01-27 23:00:00,2021-01-28 00:00:00,0.046869999999999995
Netherlands,NLD,2021-01-28 00:00:00,2021-01-28 01:00:00,0.04493
Netherlands,NLD,2021-01-28 01:00:00,2021-01-28 02:00:00,0.04383
Netherlands,NLD,2021-01-28 02:00:00,2021-01-28 03:00:00,0.0424
Netherlands,NLD,2021-01-28 03:00:00,2021-01-28 04:00:00,0.04364
Netherlands,NLD,2021-01-28 04:00:00,2021-01-28 05:00:00,0.04441
Netherlands,NLD,2021-01-28 05:00:00,2021-01-28 06:00:00,0.05325
Netherlands,NLD,2021-01-28 06:00:00,2021-01-28 07:00:00,0.06344
Netherlands,NLD,2021-01-28 07:00:00,2021-01-28 08:00:00,0.06809
Netherlands,NLD,2021-01-28 08:00:00,2021-01-28 09:00:00,0.06664
Netherlands,NLD,2021-01-28 09:00:00,2021-01-28 10:00:00,0.06498000000000001
Netherlands,NLD,2021-01-28 10:00:00,2021-01-28 11:00:00,0.064
Netherlands,NLD,2021-01-28 11:00:00,2021-01-28 12:00:00,0.06074
Netherlands,NLD,2021-01-28 12:00:00,2021-01-28 13:00:00,0.057
Netherlands,NLD,2021-01-28 13:00:00,2021-01-28 14:00:00,0.048
Netherlands,NLD,2021-01-28 14:00:00,2021-01-28 15:00:00,0.0461
Netherlands,NLD,2021-01-28 15:00:00,2021-01-28 16:00:00,0.05371
Netherlands,NLD,2021-01-28 16:00:00,2021-01-28 17:00:00,0.05884
Netherlands,NLD,2021-01-28 17:00:00,2021-01-28 18:00:00,0.0633
Netherlands,NLD,2021-01-28 18:00:00,2021-01-28 19:00:00,0.055479999999999995
Netherlands,NLD,2021-01-28 19:00:00,2021-01-28 20:00:00,0.05213
Netherlands,NLD,2021-01-28 20:00:00,2021-01-28 21:00:00,0.052020000000000004
Netherlands,NLD,2021-01-28 21:00:00,2021-01-28 22:00:00,0.05102
Netherlands,NLD,2021-01-28 22:00:00,2021-01-28 23:00:00,0.045509999999999995
Netherlands,NLD,2021-01-28 23:00:00,2021-01-29 00:00:00,0.04271
Netherlands,NLD,2021-01-29 00:00:00,2021-01-29 01:00:00,0.03965
Netherlands,NLD,2021-01-29 01:00:00,2021-01-29 02:00:00,0.03779
Netherlands,NLD,2021-01-29 02:00:00,2021-01-29 03:00:00,0.0368
Netherlands,NLD,2021-01-29 03:00:00,2021-01-29 04:00:00,0.03646
Netherlands,NLD,2021-01-29 04:00:00,2021-01-29 05:00:00,0.038990000000000004
Netherlands,NLD,2021-01-29 05:00:00,2021-01-29 06:00:00,0.045
Netherlands,NLD,2021-01-29 06:00:00,2021-01-29 07:00:00,0.055420000000000004
Netherlands,NLD,2021-01-29 07:00:00,2021-01-29 08:00:00,0.05856
Netherlands,NLD,2021-01-29 08:00:00,2021-01-29 09:00:00,0.05888
Netherlands,NLD,2021-01-29 09:00:00,2021-01-29 10:00:00,0.056670000000000005
Netherlands,NLD,2021-01-29 10:00:00,2021-01-29 11:00:00,0.054729999999999994
Netherlands,NLD,2021-01-29 11:00:00,2021-01-29 12:00:00,0.05329
Netherlands,NLD,2021-01-29 12:00:00,2021-01-29 13:00:00,0.04901
Netherlands,NLD,2021-01-29 13:00:00,2021-01-29 14:00:00,0.04572
Netherlands,NLD,2021-01-29 14:00:00,2021-01-29 15:00:00,0.0499
Netherlands,NLD,2021-01-29 15:00:00,2021-01-29 16:00:00,0.05439
Netherlands,NLD,2021-01-29 16:00:00,2021-01-29 17:00:00,0.059539999999999996
Netherlands,NLD,2021-01-29 17:00:00,2021-01-29 18:00:00,0.06079
Netherlands,NLD,2021-01-29 18:00:00,2021-01-29 19:00:00,0.05938
Netherlands,NLD,2021-01-29 19:00:00,2021-01-29 20:00:00,0.054340000000000006
Netherlands,NLD,2021-01-29 20:00:00,2021-01-29 21:00:00,0.05003
Netherlands,NLD,2021-01-29 21:00:00,2021-01-29 22:00:00,0.045899999999999996
Netherlands,NLD,2021-01-29 22:00:00,2021-01-29 23:00:00,0.04279
Netherlands,NLD,2021-01-29 23:00:00,2021-01-30 00:00:00,0.04202
Netherlands,NLD,2021-01-30 00:00:00,2021-01-30 01:00:00,0.04231
Netherlands,NLD,2021-01-30 01:00:00,2021-01-30 02:00:00,0.039049999999999994
Netherlands,NLD,2021-01-30 02:00:00,2021-01-30 03:00:00,0.03796
Netherlands,NLD,2021-01-30 03:00:00,2021-01-30 04:00:00,0.03486
Netherlands,NLD,2021-01-30 04:00:00,2021-01-30 05:00:00,0.038090000000000006
Netherlands,NLD,2021-01-30 05:00:00,2021-01-30 06:00:00,0.04108
Netherlands,NLD,2021-01-30 06:00:00,2021-01-30 07:00:00,0.04335
Netherlands,NLD,2021-01-30 07:00:00,2021-01-30 08:00:00,0.04874
Netherlands,NLD,2021-01-30 08:00:00,2021-01-30 09:00:00,0.05773
Netherlands,NLD,2021-01-30 09:00:00,2021-01-30 10:00:00,0.05781
Netherlands,NLD,2021-01-30 10:00:00,2021-01-30 11:00:00,0.05778
Netherlands,NLD,2021-01-30 11:00:00,2021-01-30 12:00:00,0.055130000000000005
Netherlands,NLD,2021-01-30 12:00:00,2021-01-30 13:00:00,0.0506
Netherlands,NLD,2021-01-30 13:00:00,2021-01-30 14:00:00,0.047990000000000005
Netherlands,NLD,2021-01-30 14:00:00,2021-01-30 15:00:00,0.048049999999999995
Netherlands,NLD,2021-01-30 15:00:00,2021-01-30 16:00:00,0.056060000000000006
Netherlands,NLD,2021-01-30 16:00:00,2021-01-30 17:00:00,0.06054
Netherlands,NLD,2021-01-30 17:00:00,2021-01-30 18:00:00,0.061649999999999996
Netherlands,NLD,2021-01-30 18:00:00,2021-01-30 19:00:00,0.05962
Netherlands,NLD,2021-01-30 19:00:00,2021-01-30 20:00:00,0.05278
Netherlands,NLD,2021-01-30 20:00:00,2021-01-30 21:00:00,0.04696
Netherlands,NLD,2021-01-30 21:00:00,2021-01-30 22:00:00,0.046979999999999994
Netherlands,NLD,2021-01-30 22:00:00,2021-01-30 23:00:00,0.0423
Netherlands,NLD,2021-01-30 23:00:00,2021-01-31 00:00:00,0.04208
Netherlands,NLD,2021-01-31 00:00:00,2021-01-31 01:00:00,0.040979999999999996
Netherlands,NLD,2021-01-31 01:00:00,2021-01-31 02:00:00,0.04051
Netherlands,NLD,2021-01-31 02:00:00,2021-01-31 03:00:00,0.0395
Netherlands,NLD,2021-01-31 03:00:00,2021-01-31 04:00:00,0.03861
Netherlands,NLD,2021-01-31 04:00:00,2021-01-31 05:00:00,0.040409999999999995
Netherlands,NLD,2021-01-31 05:00:00,2021-01-31 06:00:00,0.040369999999999996
Netherlands,NLD,2021-01-31 06:00:00,2021-01-31 07:00:00,0.04129
Netherlands,NLD,2021-01-31 07:00:00,2021-01-31 08:00:00,0.04485
Netherlands,NLD,2021-01-31 08:00:00,2021-01-31 09:00:00,0.04915
Netherlands,NLD,2021-01-31 09:00:00,2021-01-31 10:00:00,0.05073
Netherlands,NLD,2021-01-31 10:00:00,2021-01-31 11:00:00,0.05114
Netherlands,NLD,2021-01-31 11:00:00,2021-01-31 12:00:00,0.05037
Netherlands,NLD,2021-01-31 12:00:00,2021-01-31 13:00:00,0.04623
Netherlands,NLD,2021-01-31 13:00:00,2021-01-31 14:00:00,0.045899999999999996
Netherlands,NLD,2021-01-31 14:00:00,2021-01-31 15:00:00,0.047920000000000004
Netherlands,NLD,2021-01-31 15:00:00,2021-01-31 16:00:00,0.05356
Netherlands,NLD,2021-01-31 16:00:00,2021-01-31 17:00:00,0.06445999999999999
Netherlands,NLD,2021-01-31 17:00:00,2021-01-31 18:00:00,0.06388
Netherlands,NLD,2021-01-31 18:00:00,2021-01-31 19:00:00,0.06235
Netherlands,NLD,2021-01-31 19:00:00,2021-01-31 20:00:00,0.05799
Netherlands,NLD,2021-01-31 20:00:00,2021-01-31 21:00:00,0.051340000000000004
Netherlands,NLD,2021-01-31 21:00:00,2021-01-31 22:00:00,0.049280000000000004
Netherlands,NLD,2021-01-31 22:00:00,2021-01-31 23:00:00,0.04536
Netherlands,NLD,2021-01-31 23:00:00,2021-02-01 00:00:00,0.04118
Netherlands,NLD,2021-02-01 00:00:00,2021-02-01 01:00:00,0.04
Netherlands,NLD,2021-02-01 01:00:00,2021-02-01 02:00:00,0.04
Netherlands,NLD,2021-02-01 02:00:00,2021-02-01 03:00:00,0.038509999999999996
Netherlands,NLD,2021-02-01 03:00:00,2021-02-01 04:00:00,0.037399999999999996
Netherlands,NLD,2021-02-01 04:00:00,2021-02-01 05:00:00,0.039990000000000005
Netherlands,NLD,2021-02-01 05:00:00,2021-02-01 06:00:00,0.053939999999999995
Netherlands,NLD,2021-02-01 06:00:00,2021-02-01 07:00:00,0.06339
Netherlands,NLD,2021-02-01 07:00:00,2021-02-01 08:00:00,0.06481
Netherlands,NLD,2021-02-01 08:00:00,2021-02-01 09:00:00,0.06509999999999999
Netherlands,NLD,2021-02-01 09:00:00,2021-02-01 10:00:00,0.06466
Netherlands,NLD,2021-02-01 10:00:00,2021-02-01 11:00:00,0.06556999999999999
Netherlands,NLD,2021-02-01 11:00:00,2021-02-01 12:00:00,0.06445999999999999
Netherlands,NLD,2021-02-01 12:00:00,2021-02-01 13:00:00,0.06476000000000001
Netherlands,NLD,2021-02-01 13:00:00,2021-02-01 14:00:00,0.064
Netherlands,NLD,2021-02-01 14:00:00,2021-02-01 15:00:00,0.06318
Netherlands,NLD,2021-02-01 15:00:00,2021-02-01 16:00:00,0.06374
Netherlands,NLD,2021-02-01 16:00:00,2021-02-01 17:00:00,0.06942
Netherlands,NLD,2021-02-01 17:00:00,2021-02-01 18:00:00,0.08158
Netherlands,NLD,2021-02-01 18:00:00,2021-02-01 19:00:00,0.0699
Netherlands,NLD,2021-02-01 19:00:00,2021-02-01 20:00:00,0.06229
Netherlands,NLD,2021-02-01 20:00:00,2021-02-01 21:00:00,0.05636
Netherlands,NLD,2021-02-01 21:00:00,2021-02-01 22:00:00,0.05525
Netherlands,NLD,2021-02-01 22:00:00,2021-02-01 23:00:00,0.0494
Netherlands,NLD,2021-02-01 23:00:00,2021-02-02 00:00:00,0.046130000000000004
Netherlands,NLD,2021-02-02 00:00:00,2021-02-02 01:00:00,0.04505
Netherlands,NLD,2021-02-02 01:00:00,2021-02-02 02:00:00,0.043590000000000004
Netherlands,NLD,2021-02-02 02:00:00,2021-02-02 03:00:00,0.04244
Netherlands,NLD,2021-02-02 03:00:00,2021-02-02 04:00:00,0.04398
Netherlands,NLD,2021-02-02 04:00:00,2021-02-02 05:00:00,0.045020000000000004
Netherlands,NLD,2021-02-02 05:00:00,2021-02-02 06:00:00,0.05751
Netherlands,NLD,2021-02-02 06:00:00,2021-02-02 07:00:00,0.06
Netherlands,NLD,2021-02-02 07:00:00,2021-02-02 08:00:00,0.0574
Netherlands,NLD,2021-02-02 08:00:00,2021-02-02 09:00:00,0.05963
Netherlands,NLD,2021-02-02 09:00:00,2021-02-02 10:00:00,0.06
Netherlands,NLD,2021-02-02 10:00:00,2021-02-02 11:00:00,0.0427
Netherlands,NLD,2021-02-02 11:00:00,2021-02-02 12:00:00,0.052
Netherlands,NLD,2021-02-02 12:00:00,2021-02-02 13:00:00,0.06026
Netherlands,NLD,2021-02-02 13:00:00,2021-02-02 14:00:00,0.05806
Netherlands,NLD,2021-02-02 14:00:00,2021-02-02 15:00:00,0.05296
Netherlands,NLD,2021-02-02 15:00:00,2021-02-02 16:00:00,0.045700000000000005
Netherlands,NLD,2021-02-02 16:00:00,2021-02-02 17:00:00,0.057409999999999996
Netherlands,NLD,2021-02-02 17:00:00,2021-02-02 18:00:00,0.05818
Netherlands,NLD,2021-02-02 18:00:00,2021-02-02 19:00:00,0.05806
Netherlands,NLD,2021-02-02 19:00:00,2021-02-02 20:00:00,0.04996
Netherlands,NLD,2021-02-02 20:00:00,2021-02-02 21:00:00,0.04747
Netherlands,NLD,2021-02-02 21:00:00,2021-02-02 22:00:00,0.04654
Netherlands,NLD,2021-02-02 22:00:00,2021-02-02 23:00:00,0.040619999999999996
Netherlands,NLD,2021-02-02 23:00:00,2021-02-03 00:00:00,0.03558
Netherlands,NLD,2021-02-03 00:00:00,2021-02-03 01:00:00,0.031219999999999998
Netherlands,NLD,2021-02-03 01:00:00,2021-02-03 02:00:00,0.03027
Netherlands,NLD,2021-02-03 02:00:00,2021-02-03 03:00:00,0.02889
Netherlands,NLD,2021-02-03 03:00:00,2021-02-03 04:00:00,0.03014
Netherlands,NLD,2021-02-03 04:00:00,2021-02-03 05:00:00,0.03699
Netherlands,NLD,2021-02-03 05:00:00,2021-02-03 06:00:00,0.0412
Netherlands,NLD,2021-02-03 06:00:00,2021-02-03 07:00:00,0.055909999999999994
Netherlands,NLD,2021-02-03 07:00:00,2021-02-03 08:00:00,0.05608
Netherlands,NLD,2021-02-03 08:00:00,2021-02-03 09:00:00,0.05608
Netherlands,NLD,2021-02-03 09:00:00,2021-02-03 10:00:00,0.05403
Netherlands,NLD,2021-02-03 10:00:00,2021-02-03 11:00:00,0.05697
Netherlands,NLD,2021-02-03 11:00:00,2021-02-03 12:00:00,0.054310000000000004
Netherlands,NLD,2021-02-03 12:00:00,2021-02-03 13:00:00,0.05158
Netherlands,NLD,2021-02-03 13:00:00,2021-02-03 14:00:00,0.04623
Netherlands,NLD,2021-02-03 14:00:00,2021-02-03 15:00:00,0.04436
Netherlands,NLD,2021-02-03 15:00:00,2021-02-03 16:00:00,0.04201
Netherlands,NLD,2021-02-03 16:00:00,2021-02-03 17:00:00,0.04801
Netherlands,NLD,2021-02-03 17:00:00,2021-02-03 18:00:00,0.05325
Netherlands,NLD,2021-02-03 18:00:00,2021-02-03 19:00:00,0.05504
Netherlands,NLD,2021-02-03 19:00:00,2021-02-03 20:00:00,0.04918
Netherlands,NLD,2021-02-03 20:00:00,2021-02-03 21:00:00,0.045200000000000004
Netherlands,NLD,2021-02-03 21:00:00,2021-02-03 22:00:00,0.0474
Netherlands,NLD,2021-02-03 22:00:00,2021-02-03 23:00:00,0.04178
Netherlands,NLD,2021-02-03 23:00:00,2021-02-04 00:00:00,0.0423
Netherlands,NLD,2021-02-04 00:00:00,2021-02-04 01:00:00,0.038770000000000006
Netherlands,NLD,2021-02-04 01:00:00,2021-02-04 02:00:00,0.03718
Netherlands,NLD,2021-02-04 02:00:00,2021-02-04 03:00:00,0.03199
Netherlands,NLD,2021-02-04 03:00:00,2021-02-04 04:00:00,0.0352
Netherlands,NLD,2021-02-04 04:00:00,2021-02-04 05:00:00,0.039369999999999995
Netherlands,NLD,2021-02-04 05:00:00,2021-02-04 06:00:00,0.04832
Netherlands,NLD,2021-02-04 06:00:00,2021-02-04 07:00:00,0.05715
Netherlands,NLD,2021-02-04 07:00:00,2021-02-04 08:00:00,0.05919
Netherlands,NLD,2021-02-04 08:00:00,2021-02-04 09:00:00,0.055
Netherlands,NLD,2021-02-04 09:00:00,2021-02-04 10:00:00,0.0499
Netherlands,NLD,2021-02-04 10:00:00,2021-02-04 11:00:00,0.05643
Netherlands,NLD,2021-02-04 11:00:00,2021-02-04 12:00:00,0.05609
Netherlands,NLD,2021-02-04 12:00:00,2021-02-04 13:00:00,0.055689999999999996
Netherlands,NLD,2021-02-04 13:00:00,2021-02-04 14:00:00,0.05656
Netherlands,NLD,2021-02-04 14:00:00,2021-02-04 15:00:00,0.058
Netherlands,NLD,2021-02-04 15:00:00,2021-02-04 16:00:00,0.05942
Netherlands,NLD,2021-02-04 16:00:00,2021-02-04 17:00:00,0.07073
Netherlands,NLD,2021-02-04 17:00:00,2021-02-04 18:00:00,0.0715
Netherlands,NLD,2021-02-04 18:00:00,2021-02-04 19:00:00,0.06751
Netherlands,NLD,2021-02-04 19:00:00,2021-02-04 20:00:00,0.05939
Netherlands,NLD,2021-02-04 20:00:00,2021-02-04 21:00:00,0.05378
Netherlands,NLD,2021-02-04 21:00:00,2021-02-04 22:00:00,0.052700000000000004
Netherlands,NLD,2021-02-04 22:00:00,2021-02-04 23:00:00,0.0427
Netherlands,NLD,2021-02-04 23:00:00,2021-02-05 00:00:00,0.04557
Netherlands,NLD,2021-02-05 00:00:00,2021-02-05 01:00:00,0.04401
Netherlands,NLD,2021-02-05 01:00:00,2021-02-05 02:00:00,0.04224
Netherlands,NLD,2021-02-05 02:00:00,2021-02-05 03:00:00,0.0412
Netherlands,NLD,2021-02-05 03:00:00,2021-02-05 04:00:00,0.04052
Netherlands,NLD,2021-02-05 04:00:00,2021-02-05 05:00:00,0.04336
Netherlands,NLD,2021-02-05 05:00:00,2021-02-05 06:00:00,0.05043
Netherlands,NLD,2021-02-05 06:00:00,2021-02-05 07:00:00,0.05865
Netherlands,NLD,2021-02-05 07:00:00,2021-02-05 08:00:00,0.062020000000000006
Netherlands,NLD,2021-02-05 08:00:00,2021-02-05 09:00:00,0.06103
Netherlands,NLD,2021-02-05 09:00:00,2021-02-05 10:00:00,0.059539999999999996
Netherlands,NLD,2021-02-05 10:00:00,2021-02-05 11:00:00,0.05854
Netherlands,NLD,2021-02-05 11:00:00,2021-02-05 12:00:00,0.0579
Netherlands,NLD,2021-02-05 12:00:00,2021-02-05 13:00:00,0.054509999999999996
Netherlands,NLD,2021-02-05 13:00:00,2021-02-05 14:00:00,0.05
Netherlands,NLD,2021-02-05 14:00:00,2021-02-05 15:00:00,0.048
Netherlands,NLD,2021-02-05 15:00:00,2021-02-05 16:00:00,0.04969
Netherlands,NLD,2021-02-05 16:00:00,2021-02-05 17:00:00,0.05692
Netherlands,NLD,2021-02-05 17:00:00,2021-02-05 18:00:00,0.05863
Netherlands,NLD,2021-02-05 18:00:00,2021-02-05 19:00:00,0.057460000000000004
Netherlands,NLD,2021-02-05 19:00:00,2021-02-05 20:00:00,0.05
Netherlands,NLD,2021-02-05 20:00:00,2021-02-05 21:00:00,0.049890000000000004
Netherlands,NLD,2021-02-05 21:00:00,2021-02-05 22:00:00,0.048490000000000005
Netherlands,NLD,2021-02-05 22:00:00,2021-02-05 23:00:00,0.04939
Netherlands,NLD,2021-02-05 23:00:00,2021-02-06 00:00:00,0.06470000000000001
Netherlands,NLD,2021-02-06 00:00:00,2021-02-06 01:00:00,0.04494
Netherlands,NLD,2021-02-06 01:00:00,2021-02-06 02:00:00,0.041
Netherlands,NLD,2021-02-06 02:00:00,2021-02-06 03:00:00,0.03508
Netherlands,NLD,2021-02-06 03:00:00,2021-02-06 04:00:00,0.03472
Netherlands,NLD,2021-02-06 04:00:00,2021-02-06 05:00:00,0.0358
Netherlands,NLD,2021-02-06 05:00:00,2021-02-06 06:00:00,0.043
Netherlands,NLD,2021-02-06 06:00:00,2021-02-06 07:00:00,0.055
Netherlands,NLD,2021-02-06 07:00:00,2021-02-06 08:00:00,0.05
Netherlands,NLD,2021-02-06 08:00:00,2021-02-06 09:00:00,0.05674
Netherlands,NLD,2021-02-06 09:00:00,2021-02-06 10:00:00,0.055
Netherlands,NLD,2021-02-06 10:00:00,2021-02-06 11:00:00,0.04352
Netherlands,NLD,2021-02-06 11:00:00,2021-02-06 12:00:00,0.04194
Netherlands,NLD,2021-02-06 12:00:00,2021-02-06 13:00:00,0.056
Netherlands,NLD,2021-02-06 13:00:00,2021-02-06 14:00:00,0.046200000000000005
Netherlands,NLD,2021-02-06 14:00:00,2021-02-06 15:00:00,0.040100000000000004
Netherlands,NLD,2021-02-06 15:00:00,2021-02-06 16:00:00,0.045
Netherlands,NLD,2021-02-06 16:00:00,2021-02-06 17:00:00,0.048799999999999996
Netherlands,NLD,2021-02-06 17:00:00,2021-02-06 18:00:00,0.0474
Netherlands,NLD,2021-02-06 18:00:00,2021-02-06 19:00:00,0.04298
Netherlands,NLD,2021-02-06 19:00:00,2021-02-06 20:00:00,0.0424
Netherlands,NLD,2021-02-06 20:00:00,2021-02-06 21:00:00,0.030289999999999997
Netherlands,NLD,2021-02-06 21:00:00,2021-02-06 22:00:00,0.03307
Netherlands,NLD,2021-02-06 22:00:00,2021-02-06 23:00:00,0.0285
Netherlands,NLD,2021-02-06 23:00:00,2021-02-07 00:00:00,0.025
Netherlands,NLD,2021-02-07 00:00:00,2021-02-07 01:00:00,0.0213
Netherlands,NLD,2021-02-07 01:00:00,2021-02-07 02:00:00,0.0
Netherlands,NLD,2021-02-07 02:00:00,2021-02-07 03:00:00,-4e-05
Netherlands,NLD,2021-02-07 03:00:00,2021-02-07 04:00:00,-0.0020099999999999996
Netherlands,NLD,2021-02-07 04:00:00,2021-02-07 05:00:00,0.0
Netherlands,NLD,2021-02-07 05:00:00,2021-02-07 06:00:00,-0.00117
Netherlands,NLD,2021-02-07 06:00:00,2021-02-07 07:00:00,0.00592
Netherlands,NLD,2021-02-07 07:00:00,2021-02-07 08:00:00,0.04232
Netherlands,NLD,2021-02-07 08:00:00,2021-02-07 09:00:00,0.072
Netherlands,NLD,2021-02-07 09:00:00,2021-02-07 10:00:00,0.0574
Netherlands,NLD,2021-02-07 10:00:00,2021-02-07 11:00:00,0.057
Netherlands,NLD,2021-02-07 11:00:00,2021-02-07 12:00:00,0.04887
Netherlands,NLD,2021-02-07 12:00:00,2021-02-07 13:00:00,0.05798
Netherlands,NLD,2021-02-07 13:00:00,2021-02-07 14:00:00,0.055
Netherlands,NLD,2021-02-07 14:00:00,2021-02-07 15:00:00,0.0499
Netherlands,NLD,2021-02-07 15:00:00,2021-02-07 16:00:00,0.04665
Netherlands,NLD,2021-02-07 16:00:00,2021-02-07 17:00:00,0.059
Netherlands,NLD,2021-02-07 17:00:00,2021-02-07 18:00:00,0.06966
Netherlands,NLD,2021-02-07 18:00:00,2021-02-07 19:00:00,0.065
Netherlands,NLD,2021-02-07 19:00:00,2021-02-07 20:00:00,0.04492
Netherlands,NLD,2021-02-07 20:00:00,2021-02-07 21:00:00,0.04667
Netherlands,NLD,2021-02-07 21:00:00,2021-02-07 22:00:00,0.04339
Netherlands,NLD,2021-02-07 22:00:00,2021-02-07 23:00:00,0.0441
Netherlands,NLD,2021-02-07 23:00:00,2021-02-08 00:00:00,0.027
Netherlands,NLD,2021-02-08 00:00:00,2021-02-08 01:00:00,0.019899999999999998
Netherlands,NLD,2021-02-08 01:00:00,2021-02-08 02:00:00,0.016
Netherlands,NLD,2021-02-08 02:00:00,2021-02-08 03:00:00,0.01279
Netherlands,NLD,2021-02-08 03:00:00,2021-02-08 04:00:00,8.999999999999999e-05
Netherlands,NLD,2021-02-08 04:00:00,2021-02-08 05:00:00,0.02054
Netherlands,NLD,2021-02-08 05:00:00,2021-02-08 06:00:00,0.0455
Netherlands,NLD,2021-02-08 06:00:00,2021-02-08 07:00:00,0.0541
Netherlands,NLD,2021-02-08 07:00:00,2021-02-08 08:00:00,0.05814
Netherlands,NLD,2021-02-08 08:00:00,2021-02-08 09:00:00,0.05675
Netherlands,NLD,2021-02-08 09:00:00,2021-02-08 10:00:00,0.05588
Netherlands,NLD,2021-02-08 10:00:00,2021-02-08 11:00:00,0.05722
Netherlands,NLD,2021-02-08 11:00:00,2021-02-08 12:00:00,0.05558
Netherlands,NLD,2021-02-08 12:00:00,2021-02-08 13:00:00,0.0555
Netherlands,NLD,2021-02-08 13:00:00,2021-02-08 14:00:00,0.048
Netherlands,NLD,2021-02-08 14:00:00,2021-02-08 15:00:00,0.05496
Netherlands,NLD,2021-02-08 15:00:00,2021-02-08 16:00:00,0.055060000000000005
Netherlands,NLD,2021-02-08 16:00:00,2021-02-08 17:00:00,0.061450000000000005
Netherlands,NLD,2021-02-08 17:00:00,2021-02-08 18:00:00,0.06431999999999999
Netherlands,NLD,2021-02-08 18:00:00,2021-02-08 19:00:00,0.059539999999999996
Netherlands,NLD,2021-02-08 19:00:00,2021-02-08 20:00:00,0.04988
Netherlands,NLD,2021-02-08 20:00:00,2021-02-08 21:00:00,0.04721
Netherlands,NLD,2021-02-08 21:00:00,2021-02-08 22:00:00,0.04488
Netherlands,NLD,2021-02-08 22:00:00,2021-02-08 23:00:00,0.04342
Netherlands,NLD,2021-02-08 23:00:00,2021-02-09 00:00:00,0.046700000000000005
Netherlands,NLD,2021-02-09 00:00:00,2021-02-09 01:00:00,0.0465
Netherlands,NLD,2021-02-09 01:00:00,2021-02-09 02:00:00,0.04653
Netherlands,NLD,2021-02-09 02:00:00,2021-02-09 03:00:00,0.046049999999999994
Netherlands,NLD,2021-02-09 03:00:00,2021-02-09 04:00:00,0.0464
Netherlands,NLD,2021-02-09 04:00:00,2021-02-09 05:00:00,0.04797
Netherlands,NLD,2021-02-09 05:00:00,2021-02-09 06:00:00,0.05319
Netherlands,NLD,2021-02-09 06:00:00,2021-02-09 07:00:00,0.067
Netherlands,NLD,2021-02-09 07:00:00,2021-02-09 08:00:00,0.08064
Netherlands,NLD,2021-02-09 08:00:00,2021-02-09 09:00:00,0.08065
Netherlands,NLD,2021-02-09 09:00:00,2021-02-09 10:00:00,0.07998000000000001
Netherlands,NLD,2021-02-09 10:00:00,2021-02-09 11:00:00,0.07354999999999999
Netherlands,NLD,2021-02-09 11:00:00,2021-02-09 12:00:00,0.06517
Netherlands,NLD,2021-02-09 12:00:00,2021-02-09 13:00:00,0.06951
Netherlands,NLD,2021-02-09 13:00:00,2021-02-09 14:00:00,0.07015
Netherlands,NLD,2021-02-09 14:00:00,2021-02-09 15:00:00,0.07182
Netherlands,NLD,2021-02-09 15:00:00,2021-02-09 16:00:00,0.07102
Netherlands,NLD,2021-02-09 16:00:00,2021-02-09 17:00:00,0.07906
Netherlands,NLD,2021-02-09 17:00:00,2021-02-09 18:00:00,0.08
Netherlands,NLD,2021-02-09 18:00:00,2021-02-09 19:00:00,0.074
Netherlands,NLD,2021-02-09 19:00:00,2021-02-09 20:00:00,0.06495000000000001
Netherlands,NLD,2021-02-09 20:00:00,2021-02-09 21:00:00,0.05662
Netherlands,NLD,2021-02-09 21:00:00,2021-02-09 22:00:00,0.055670000000000004
Netherlands,NLD,2021-02-09 22:00:00,2021-02-09 23:00:00,0.05009
Netherlands,NLD,2021-02-09 23:00:00,2021-02-10 00:00:00,0.0515
Netherlands,NLD,2021-02-10 00:00:00,2021-02-10 01:00:00,0.04955
Netherlands,NLD,2021-02-10 01:00:00,2021-02-10 02:00:00,0.048350000000000004
Netherlands,NLD,2021-02-10 02:00:00,2021-02-10 03:00:00,0.0475
Netherlands,NLD,2021-02-10 03:00:00,2021-02-10 04:00:00,0.04768
Netherlands,NLD,2021-02-10 04:00:00,2021-02-10 05:00:00,0.0492
Netherlands,NLD,2021-02-10 05:00:00,2021-02-10 06:00:00,0.06
Netherlands,NLD,2021-02-10 06:00:00,2021-02-10 07:00:00,0.07637999999999999
Netherlands,NLD,2021-02-10 07:00:00,2021-02-10 08:00:00,0.09233
Netherlands,NLD,2021-02-10 08:00:00,2021-02-10 09:00:00,0.09862
Netherlands,NLD,2021-02-10 09:00:00,2021-02-10 10:00:00,0.09368000000000001
Netherlands,NLD,2021-02-10 10:00:00,2021-02-10 11:00:00,0.08832
Netherlands,NLD,2021-02-10 11:00:00,2021-02-10 12:00:00,0.07998999999999999
Netherlands,NLD,2021-02-10 12:00:00,2021-02-10 13:00:00,0.07590999999999999
Netherlands,NLD,2021-02-10 13:00:00,2021-02-10 14:00:00,0.07496
Netherlands,NLD,2021-02-10 14:00:00,2021-02-10 15:00:00,0.07619
Netherlands,NLD,2021-02-10 15:00:00,2021-02-10 16:00:00,0.08018
Netherlands,NLD,2021-02-10 16:00:00,2021-02-10 17:00:00,0.09415000000000001
Netherlands,NLD,2021-02-10 17:00:00,2021-02-10 18:00:00,0.10986
Netherlands,NLD,2021-02-10 18:00:00,2021-02-10 19:00:00,0.08809
Netherlands,NLD,2021-02-10 19:00:00,2021-02-10 20:00:00,0.07326
Netherlands,NLD,2021-02-10 20:00:00,2021-02-10 21:00:00,0.06419
Netherlands,NLD,2021-02-10 21:00:00,2021-02-10 22:00:00,0.05658
Netherlands,NLD,2021-02-10 22:00:00,2021-02-10 23:00:00,0.0476
Netherlands,NLD,2021-02-10 23:00:00,2021-02-11 00:00:00,0.05564
Netherlands,NLD,2021-02-11 00:00:00,2021-02-11 01:00:00,0.053130000000000004
Netherlands,NLD,2021-02-11 01:00:00,2021-02-11 02:00:00,0.0502
Netherlands,NLD,2021-02-11 02:00:00,2021-02-11 03:00:00,0.05004
Netherlands,NLD,2021-02-11 03:00:00,2021-02-11 04:00:00,0.05002
Netherlands,NLD,2021-02-11 04:00:00,2021-02-11 05:00:00,0.057409999999999996
Netherlands,NLD,2021-02-11 05:00:00,2021-02-11 06:00:00,0.0709
Netherlands,NLD,2021-02-11 06:00:00,2021-02-11 07:00:00,0.10395
Netherlands,NLD,2021-02-11 07:00:00,2021-02-11 08:00:00,0.13671
Netherlands,NLD,2021-02-11 08:00:00,2021-02-11 09:00:00,0.13319
Netherlands,NLD,2021-02-11 09:00:00,2021-02-11 10:00:00,0.09814
Netherlands,NLD,2021-02-11 10:00:00,2021-02-11 11:00:00,0.09151999999999999
Netherlands,NLD,2021-02-11 11:00:00,2021-02-11 12:00:00,0.08052
Netherlands,NLD,2021-02-11 12:00:00,2021-02-11 13:00:00,0.0727
Netherlands,NLD,2021-02-11 13:00:00,2021-02-11 14:00:00,0.0704
Netherlands,NLD,2021-02-11 14:00:00,2021-02-11 15:00:00,0.07193000000000001
Netherlands,NLD,2021-02-11 15:00:00,2021-02-11 16:00:00,0.07723000000000001
Netherlands,NLD,2021-02-11 16:00:00,2021-02-11 17:00:00,0.095
Netherlands,NLD,2021-02-11 17:00:00,2021-02-11 18:00:00,0.13353
Netherlands,NLD,2021-02-11 18:00:00,2021-02-11 19:00:00,0.09931
Netherlands,NLD,2021-02-11 19:00:00,2021-02-11 20:00:00,0.07433
Netherlands,NLD,2021-02-11 20:00:00,2021-02-11 21:00:00,0.062299999999999994
Netherlands,NLD,2021-02-11 21:00:00,2021-02-11 22:00:00,0.0591
Netherlands,NLD,2021-02-11 22:00:00,2021-02-11 23:00:00,0.052
Netherlands,NLD,2021-02-11 23:00:00,2021-02-12 00:00:00,0.048369999999999996
Netherlands,NLD,2021-02-12 00:00:00,2021-02-12 01:00:00,0.04909
Netherlands,NLD,2021-02-12 01:00:00,2021-02-12 02:00:00,0.04922
Netherlands,NLD,2021-02-12 02:00:00,2021-02-12 03:00:00,0.047299999999999995
Netherlands,NLD,2021-02-12 03:00:00,2021-02-12 04:00:00,0.0456
Netherlands,NLD,2021-02-12 04:00:00,2021-02-12 05:00:00,0.046
Netherlands,NLD,2021-02-12 05:00:00,2021-02-12 06:00:00,0.0629
Netherlands,NLD,2021-02-12 06:00:00,2021-02-12 07:00:00,0.0752
Netherlands,NLD,2021-02-12 07:00:00,2021-02-12 08:00:00,0.07945999999999999
Netherlands,NLD,2021-02-12 08:00:00,2021-02-12 09:00:00,0.08009999999999999
Netherlands,NLD,2021-02-12 09:00:00,2021-02-12 10:00:00,0.071
Netherlands,NLD,2021-02-12 10:00:00,2021-02-12 11:00:00,0.04836
Netherlands,NLD,2021-02-12 11:00:00,2021-02-12 12:00:00,0.047380000000000005
Netherlands,NLD,2021-02-12 12:00:00,2021-02-12 13:00:00,0.04733
Netherlands,NLD,2021-02-12 13:00:00,2021-02-12 14:00:00,0.04739
Netherlands,NLD,2021-02-12 14:00:00,2021-02-12 15:00:00,0.046799999999999994
Netherlands,NLD,2021-02-12 15:00:00,2021-02-12 16:00:00,0.0549
Netherlands,NLD,2021-02-12 16:00:00,2021-02-12 17:00:00,0.07124
Netherlands,NLD,2021-02-12 17:00:00,2021-02-12 18:00:00,0.07995000000000001
Netherlands,NLD,2021-02-12 18:00:00,2021-02-12 19:00:00,0.06783
Netherlands,NLD,2021-02-12 19:00:00,2021-02-12 20:00:00,0.05757
Netherlands,NLD,2021-02-12 20:00:00,2021-02-12 21:00:00,0.05156
Netherlands,NLD,2021-02-12 21:00:00,2021-02-12 22:00:00,0.053079999999999995
Netherlands,NLD,2021-02-12 22:00:00,2021-02-12 23:00:00,0.04854
Netherlands,NLD,2021-02-12 23:00:00,2021-02-13 00:00:00,0.04807
Netherlands,NLD,2021-02-13 00:00:00,2021-02-13 01:00:00,0.04714
Netherlands,NLD,2021-02-13 01:00:00,2021-02-13 02:00:00,0.047020000000000006
Netherlands,NLD,2021-02-13 02:00:00,2021-02-13 03:00:00,0.045579999999999996
Netherlands,NLD,2021-02-13 03:00:00,2021-02-13 04:00:00,0.04468
Netherlands,NLD,2021-02-13 04:00:00,2021-02-13 05:00:00,0.04542
Netherlands,NLD,2021-02-13 05:00:00,2021-02-13 06:00:00,0.04572
Netherlands,NLD,2021-02-13 06:00:00,2021-02-13 07:00:00,0.0484
Netherlands,NLD,2021-02-13 07:00:00,2021-02-13 08:00:00,0.060020000000000004
Netherlands,NLD,2021-02-13 08:00:00,2021-02-13 09:00:00,0.06454
Netherlands,NLD,2021-02-13 09:00:00,2021-02-13 10:00:00,0.05919
Netherlands,NLD,2021-02-13 10:00:00,2021-02-13 11:00:00,0.0423
Netherlands,NLD,2021-02-13 11:00:00,2021-02-13 12:00:00,0.0423
Netherlands,NLD,2021-02-13 12:00:00,2021-02-13 13:00:00,0.0423
Netherlands,NLD,2021-02-13 13:00:00,2021-02-13 14:00:00,0.0423
Netherlands,NLD,2021-02-13 14:00:00,2021-02-13 15:00:00,0.0474
Netherlands,NLD,2021-02-13 15:00:00,2021-02-13 16:00:00,0.051
Netherlands,NLD,2021-02-13 16:00:00,2021-02-13 17:00:00,0.06437999999999999
Netherlands,NLD,2021-02-13 17:00:00,2021-02-13 18:00:00,0.07296
Netherlands,NLD,2021-02-13 18:00:00,2021-02-13 19:00:00,0.069
Netherlands,NLD,2021-02-13 19:00:00,2021-02-13 20:00:00,0.05217
Netherlands,NLD,2021-02-13 20:00:00,2021-02-13 21:00:00,0.045200000000000004
Netherlands,NLD,2021-02-13 21:00:00,2021-02-13 22:00:00,0.04556
Netherlands,NLD,2021-02-13 22:00:00,2021-02-13 23:00:00,0.0425
Netherlands,NLD,2021-02-13 23:00:00,2021-02-14 00:00:00,0.04416
Netherlands,NLD,2021-02-14 00:00:00,2021-02-14 01:00:00,0.043
Netherlands,NLD,2021-02-14 01:00:00,2021-02-14 02:00:00,0.0425
Netherlands,NLD,2021-02-14 02:00:00,2021-02-14 03:00:00,0.0429
Netherlands,NLD,2021-02-14 03:00:00,2021-02-14 04:00:00,0.04237
Netherlands,NLD,2021-02-14 04:00:00,2021-02-14 05:00:00,0.042140000000000004
Netherlands,NLD,2021-02-14 05:00:00,2021-02-14 06:00:00,0.04246
Netherlands,NLD,2021-02-14 06:00:00,2021-02-14 07:00:00,0.04247
Netherlands,NLD,2021-02-14 07:00:00,2021-02-14 08:00:00,0.045439999999999994
Netherlands,NLD,2021-02-14 08:00:00,2021-02-14 09:00:00,0.04432
Netherlands,NLD,2021-02-14 09:00:00,2021-02-14 10:00:00,0.0438
Netherlands,NLD,2021-02-14 10:00:00,2021-02-14 11:00:00,0.04165
Netherlands,NLD,2021-02-14 11:00:00,2021-02-14 12:00:00,0.04003
Netherlands,NLD,2021-02-14 12:00:00,2021-02-14 13:00:00,0.04254
Netherlands,NLD,2021-02-14 13:00:00,2021-02-14 14:00:00,0.0415
Netherlands,NLD,2021-02-14 14:00:00,2021-02-14 15:00:00,0.04278
Netherlands,NLD,2021-02-14 15:00:00,2021-02-14 16:00:00,0.045
Netherlands,NLD,2021-02-14 16:00:00,2021-02-14 17:00:00,0.05397
Netherlands,NLD,2021-02-14 17:00:00,2021-02-14 18:00:00,0.062200000000000005
Netherlands,NLD,2021-02-14 18:00:00,2021-02-14 19:00:00,0.053950000000000005
Netherlands,NLD,2021-02-14 19:00:00,2021-02-14 20:00:00,0.046
Netherlands,NLD,2021-02-14 20:00:00,2021-02-14 21:00:00,0.0434
Netherlands,NLD,2021-02-14 21:00:00,2021-02-14 22:00:00,0.042
Netherlands,NLD,2021-02-14 22:00:00,2021-02-14 23:00:00,0.039130000000000005
Netherlands,NLD,2021-02-14 23:00:00,2021-02-15 00:00:00,0.03846
Netherlands,NLD,2021-02-15 00:00:00,2021-02-15 01:00:00,0.03716
Netherlands,NLD,2021-02-15 01:00:00,2021-02-15 02:00:00,0.03707
Netherlands,NLD,2021-02-15 02:00:00,2021-02-15 03:00:00,0.03423
Netherlands,NLD,2021-02-15 03:00:00,2021-02-15 04:00:00,0.03129
Netherlands,NLD,2021-02-15 04:00:00,2021-02-15 05:00:00,0.03922
Netherlands,NLD,2021-02-15 05:00:00,2021-02-15 06:00:00,0.04665999999999999
Netherlands,NLD,2021-02-15 06:00:00,2021-02-15 07:00:00,0.0592
Netherlands,NLD,2021-02-15 07:00:00,2021-02-15 08:00:00,0.06247
Netherlands,NLD,2021-02-15 08:00:00,2021-02-15 09:00:00,0.05861
Netherlands,NLD,2021-02-15 09:00:00,2021-02-15 10:00:00,0.055689999999999996
Netherlands,NLD,2021-02-15 10:00:00,2021-02-15 11:00:00,0.05857
Netherlands,NLD,2021-02-15 11:00:00,2021-02-15 12:00:00,0.056100000000000004
Netherlands,NLD,2021-02-15 12:00:00,2021-02-15 13:00:00,0.054560000000000004
Netherlands,NLD,2021-02-15 13:00:00,2021-02-15 14:00:00,0.050320000000000004
Netherlands,NLD,2021-02-15 14:00:00,2021-02-15 15:00:00,0.04895
Netherlands,NLD,2021-02-15 15:00:00,2021-02-15 16:00:00,0.051179999999999996
Netherlands,NLD,2021-02-15 16:00:00,2021-02-15 17:00:00,0.05795
Netherlands,NLD,2021-02-15 17:00:00,2021-02-15 18:00:00,0.06806
Netherlands,NLD,2021-02-15 18:00:00,2021-02-15 19:00:00,0.05862
Netherlands,NLD,2021-02-15 19:00:00,2021-02-15 20:00:00,0.05576
Netherlands,NLD,2021-02-15 20:00:00,2021-02-15 21:00:00,0.0482
Netherlands,NLD,2021-02-15 21:00:00,2021-02-15 22:00:00,0.05001
Netherlands,NLD,2021-02-15 22:00:00,2021-02-15 23:00:00,0.04611
Netherlands,NLD,2021-02-15 23:00:00,2021-02-16 00:00:00,0.04629
Netherlands,NLD,2021-02-16 00:00:00,2021-02-16 01:00:00,0.04428
Netherlands,NLD,2021-02-16 01:00:00,2021-02-16 02:00:00,0.04352
Netherlands,NLD,2021-02-16 02:00:00,2021-02-16 03:00:00,0.04222
Netherlands,NLD,2021-02-16 03:00:00,2021-02-16 04:00:00,0.04235
Netherlands,NLD,2021-02-16 04:00:00,2021-02-16 05:00:00,0.044969999999999996
Netherlands,NLD,2021-02-16 05:00:00,2021-02-16 06:00:00,0.05044
Netherlands,NLD,2021-02-16 06:00:00,2021-02-16 07:00:00,0.06259
Netherlands,NLD,2021-02-16 07:00:00,2021-02-16 08:00:00,0.06764
Netherlands,NLD,2021-02-16 08:00:00,2021-02-16 09:00:00,0.06783
Netherlands,NLD,2021-02-16 09:00:00,2021-02-16 10:00:00,0.058
Netherlands,NLD,2021-02-16 10:00:00,2021-02-16 11:00:00,0.05662
Netherlands,NLD,2021-02-16 11:00:00,2021-02-16 12:00:00,0.057
Netherlands,NLD,2021-02-16 12:00:00,2021-02-16 13:00:00,0.055659999999999994
Netherlands,NLD,2021-02-16 13:00:00,2021-02-16 14:00:00,0.048409999999999995
Netherlands,NLD,2021-02-16 14:00:00,2021-02-16 15:00:00,0.0431
Netherlands,NLD,2021-02-16 15:00:00,2021-02-16 16:00:00,0.046869999999999995
Netherlands,NLD,2021-02-16 16:00:00,2021-02-16 17:00:00,0.054770000000000006
Netherlands,NLD,2021-02-16 17:00:00,2021-02-16 18:00:00,0.060759999999999995
Netherlands,NLD,2021-02-16 18:00:00,2021-02-16 19:00:00,0.0432
Netherlands,NLD,2021-02-16 19:00:00,2021-02-16 20:00:00,0.0446
Netherlands,NLD,2021-02-16 20:00:00,2021-02-16 21:00:00,0.048240000000000005
Netherlands,NLD,2021-02-16 21:00:00,2021-02-16 22:00:00,0.047380000000000005
Netherlands,NLD,2021-02-16 22:00:00,2021-02-16 23:00:00,0.04305
Netherlands,NLD,2021-02-16 23:00:00,2021-02-17 00:00:00,0.04201
Netherlands,NLD,2021-02-17 00:00:00,2021-02-17 01:00:00,0.04136
Netherlands,NLD,2021-02-17 01:00:00,2021-02-17 02:00:00,0.04
Netherlands,NLD,2021-02-17 02:00:00,2021-02-17 03:00:00,0.037399999999999996
Netherlands,NLD,2021-02-17 03:00:00,2021-02-17 04:00:00,0.03804
Netherlands,NLD,2021-02-17 04:00:00,2021-02-17 05:00:00,0.038689999999999995
Netherlands,NLD,2021-02-17 05:00:00,2021-02-17 06:00:00,0.04061
Netherlands,NLD,2021-02-17 06:00:00,2021-02-17 07:00:00,0.05212
Netherlands,NLD,2021-02-17 07:00:00,2021-02-17 08:00:00,0.06008
Netherlands,NLD,2021-02-17 08:00:00,2021-02-17 09:00:00,0.061189999999999994
Netherlands,NLD,2021-02-17 09:00:00,2021-02-17 10:00:00,0.05643
Netherlands,NLD,2021-02-17 10:00:00,2021-02-17 11:00:00,0.0518
Netherlands,NLD,2021-02-17 11:00:00,2021-02-17 12:00:00,0.04646
Netherlands,NLD,2021-02-17 12:00:00,2021-02-17 13:00:00,0.04395
Netherlands,NLD,2021-02-17 13:00:00,2021-02-17 14:00:00,0.045329999999999995
Netherlands,NLD,2021-02-17 14:00:00,2021-02-17 15:00:00,0.046200000000000005
Netherlands,NLD,2021-02-17 15:00:00,2021-02-17 16:00:00,0.0538
Netherlands,NLD,2021-02-17 16:00:00,2021-02-17 17:00:00,0.061
Netherlands,NLD,2021-02-17 17:00:00,2021-02-17 18:00:00,0.07127
Netherlands,NLD,2021-02-17 18:00:00,2021-02-17 19:00:00,0.06573000000000001
Netherlands,NLD,2021-02-17 19:00:00,2021-02-17 20:00:00,0.0576
Netherlands,NLD,2021-02-17 20:00:00,2021-02-17 21:00:00,0.048369999999999996
Netherlands,NLD,2021-02-17 21:00:00,2021-02-17 22:00:00,0.04758
Netherlands,NLD,2021-02-17 22:00:00,2021-02-17 23:00:00,0.04499
Netherlands,NLD,2021-02-17 23:00:00,2021-02-18 00:00:00,0.04226
Netherlands,NLD,2021-02-18 00:00:00,2021-02-18 01:00:00,0.04101
Netherlands,NLD,2021-02-18 01:00:00,2021-02-18 02:00:00,0.0391
Netherlands,NLD,2021-02-18 02:00:00,2021-02-18 03:00:00,0.038770000000000006
Netherlands,NLD,2021-02-18 03:00:00,2021-02-18 04:00:00,0.037590000000000005
Netherlands,NLD,2021-02-18 04:00:00,2021-02-18 05:00:00,0.040049999999999995
Netherlands,NLD,2021-02-18 05:00:00,2021-02-18 06:00:00,0.04579
Netherlands,NLD,2021-02-18 06:00:00,2021-02-18 07:00:00,0.06016
Netherlands,NLD,2021-02-18 07:00:00,2021-02-18 08:00:00,0.0619
Netherlands,NLD,2021-02-18 08:00:00,2021-02-18 09:00:00,0.05915
Netherlands,NLD,2021-02-18 09:00:00,2021-02-18 10:00:00,0.05094
Netherlands,NLD,2021-02-18 10:00:00,2021-02-18 11:00:00,0.04846
Netherlands,NLD,2021-02-18 11:00:00,2021-02-18 12:00:00,0.045380000000000004
Netherlands,NLD,2021-02-18 12:00:00,2021-02-18 13:00:00,0.043590000000000004
Netherlands,NLD,2021-02-18 13:00:00,2021-02-18 14:00:00,0.04366
Netherlands,NLD,2021-02-18 14:00:00,2021-02-18 15:00:00,0.0427
Netherlands,NLD,2021-02-18 15:00:00,2021-02-18 16:00:00,0.04355
Netherlands,NLD,2021-02-18 16:00:00,2021-02-18 17:00:00,0.0476
Netherlands,NLD,2021-02-18 17:00:00,2021-02-18 18:00:00,0.054
Netherlands,NLD,2021-02-18 18:00:00,2021-02-18 19:00:00,0.0501
Netherlands,NLD,2021-02-18 19:00:00,2021-02-18 20:00:00,0.0501
Netherlands,NLD,2021-02-18 20:00:00,2021-02-18 21:00:00,0.043
Netherlands,NLD,2021-02-18 21:00:00,2021-02-18 22:00:00,0.0451
Netherlands,NLD,2021-02-18 22:00:00,2021-02-18 23:00:00,0.04001
Netherlands,NLD,2021-02-18 23:00:00,2021-02-19 00:00:00,0.0371
Netherlands,NLD,2021-02-19 00:00:00,2021-02-19 01:00:00,0.037020000000000004
Netherlands,NLD,2021-02-19 01:00:00,2021-02-19 02:00:00,0.0384
Netherlands,NLD,2021-02-19 02:00:00,2021-02-19 03:00:00,0.03603
Netherlands,NLD,2021-02-19 03:00:00,2021-02-19 04:00:00,0.0367
Netherlands,NLD,2021-02-19 04:00:00,2021-02-19 05:00:00,0.03896
Netherlands,NLD,2021-02-19 05:00:00,2021-02-19 06:00:00,0.04371
Netherlands,NLD,2021-02-19 06:00:00,2021-02-19 07:00:00,0.05593
Netherlands,NLD,2021-02-19 07:00:00,2021-02-19 08:00:00,0.06039
Netherlands,NLD,2021-02-19 08:00:00,2021-02-19 09:00:00,0.058
Netherlands,NLD,2021-02-19 09:00:00,2021-02-19 10:00:00,0.05268
Netherlands,NLD,2021-02-19 10:00:00,2021-02-19 11:00:00,0.047619999999999996
Netherlands,NLD,2021-02-19 11:00:00,2021-02-19 12:00:00,0.04618
Netherlands,NLD,2021-02-19 12:00:00,2021-02-19 13:00:00,0.04344
Netherlands,NLD,2021-02-19 13:00:00,2021-02-19 14:00:00,0.04364
Netherlands,NLD,2021-02-19 14:00:00,2021-02-19 15:00:00,0.04992
Netherlands,NLD,2021-02-19 15:00:00,2021-02-19 16:00:00,0.05644
Netherlands,NLD,2021-02-19 16:00:00,2021-02-19 17:00:00,0.06055
Netherlands,NLD,2021-02-19 17:00:00,2021-02-19 18:00:00,0.06253
Netherlands,NLD,2021-02-19 18:00:00,2021-02-19 19:00:00,0.05797
Netherlands,NLD,2021-02-19 19:00:00,2021-02-19 20:00:00,0.04904
Netherlands,NLD,2021-02-19 20:00:00,2021-02-19 21:00:00,0.04586
Netherlands,NLD,2021-02-19 21:00:00,2021-02-19 22:00:00,0.046060000000000004
Netherlands,NLD,2021-02-19 22:00:00,2021-02-19 23:00:00,0.04168
Netherlands,NLD,2021-02-19 23:00:00,2021-02-20 00:00:00,0.039509999999999997
Netherlands,NLD,2021-02-20 00:00:00,2021-02-20 01:00:00,0.03766
Netherlands,NLD,2021-02-20 01:00:00,2021-02-20 02:00:00,0.03635
Netherlands,NLD,2021-02-20 02:00:00,2021-02-20 03:00:00,0.03502
Netherlands,NLD,2021-02-20 03:00:00,2021-02-20 04:00:00,0.03502
Netherlands,NLD,2021-02-20 04:00:00,2021-02-20 05:00:00,0.03257
Netherlands,NLD,2021-02-20 05:00:00,2021-02-20 06:00:00,0.03545
Netherlands,NLD,2021-02-20 06:00:00,2021-02-20 07:00:00,0.03701
Netherlands,NLD,2021-02-20 07:00:00,2021-02-20 08:00:00,0.038950000000000005
Netherlands,NLD,2021-02-20 08:00:00,2021-02-20 09:00:00,0.04
Netherlands,NLD,2021-02-20 09:00:00,2021-02-20 10:00:00,0.03179
Netherlands,NLD,2021-02-20 10:00:00,2021-02-20 11:00:00,0.02886
Netherlands,NLD,2021-02-20 11:00:00,2021-02-20 12:00:00,0.028
Netherlands,NLD,2021-02-20 12:00:00,2021-02-20 13:00:00,0.02088
Netherlands,NLD,2021-02-20 13:00:00,2021-02-20 14:00:00,0.01747
Netherlands,NLD,2021-02-20 14:00:00,2021-02-20 15:00:00,0.02428
Netherlands,NLD,2021-02-20 15:00:00,2021-02-20 16:00:00,0.03436
Netherlands,NLD,2021-02-20 16:00:00,2021-02-20 17:00:00,0.04
Netherlands,NLD,2021-02-20 17:00:00,2021-02-20 18:00:00,0.04556
Netherlands,NLD,2021-02-20 18:00:00,2021-02-20 19:00:00,0.043
Netherlands,NLD,2021-02-20 19:00:00,2021-02-20 20:00:00,0.0474
Netherlands,NLD,2021-02-20 20:00:00,2021-02-20 21:00:00,0.036
Netherlands,NLD,2021-02-20 21:00:00,2021-02-20 22:00:00,0.0399
Netherlands,NLD,2021-02-20 22:00:00,2021-02-20 23:00:00,0.030510000000000002
Netherlands,NLD,2021-02-20 23:00:00,2021-02-21 00:00:00,0.01911
Netherlands,NLD,2021-02-21 00:00:00,2021-02-21 01:00:00,0.01695
Netherlands,NLD,2021-02-21 01:00:00,2021-02-21 02:00:00,0.02311
Netherlands,NLD,2021-02-21 02:00:00,2021-02-21 03:00:00,0.013439999999999999
Netherlands,NLD,2021-02-21 03:00:00,2021-02-21 04:00:00,0.01218
Netherlands,NLD,2021-02-21 04:00:00,2021-02-21 05:00:00,0.01891
Netherlands,NLD,2021-02-21 05:00:00,2021-02-21 06:00:00,0.019129999999999998
Netherlands,NLD,2021-02-21 06:00:00,2021-02-21 07:00:00,0.02901
Netherlands,NLD,2021-02-21 07:00:00,2021-02-21 08:00:00,0.03136
Netherlands,NLD,2021-02-21 08:00:00,2021-02-21 09:00:00,0.03458
Netherlands,NLD,2021-02-21 09:00:00,2021-02-21 10:00:00,0.03145
Netherlands,NLD,2021-02-21 10:00:00,2021-02-21 11:00:00,0.03208
Netherlands,NLD,2021-02-21 11:00:00,2021-02-21 12:00:00,0.03268
Netherlands,NLD,2021-02-21 12:00:00,2021-02-21 13:00:00,0.02547
Netherlands,NLD,2021-02-21 13:00:00,2021-02-21 14:00:00,0.02576
Netherlands,NLD,2021-02-21 14:00:00,2021-02-21 15:00:00,0.03509
Netherlands,NLD,2021-02-21 15:00:00,2021-02-21 16:00:00,0.04307
Netherlands,NLD,2021-02-21 16:00:00,2021-02-21 17:00:00,0.05553
Netherlands,NLD,2021-02-21 17:00:00,2021-02-21 18:00:00,0.05806
Netherlands,NLD,2021-02-21 18:00:00,2021-02-21 19:00:00,0.05661
Netherlands,NLD,2021-02-21 19:00:00,2021-02-21 20:00:00,0.05011
Netherlands,NLD,2021-02-21 20:00:00,2021-02-21 21:00:00,0.04194
Netherlands,NLD,2021-02-21 21:00:00,2021-02-21 22:00:00,0.04387
Netherlands,NLD,2021-02-21 22:00:00,2021-02-21 23:00:00,0.04064
Netherlands,NLD,2021-02-21 23:00:00,2021-02-22 00:00:00,0.04004
Netherlands,NLD,2021-02-22 00:00:00,2021-02-22 01:00:00,0.039409999999999994
Netherlands,NLD,2021-02-22 01:00:00,2021-02-22 02:00:00,0.038009999999999995
Netherlands,NLD,2021-02-22 02:00:00,2021-02-22 03:00:00,0.037770000000000005
Netherlands,NLD,2021-02-22 03:00:00,2021-02-22 04:00:00,0.037219999999999996
Netherlands,NLD,2021-02-22 04:00:00,2021-02-22 05:00:00,0.03929
Netherlands,NLD,2021-02-22 05:00:00,2021-02-22 06:00:00,0.04949
Netherlands,NLD,2021-02-22 06:00:00,2021-02-22 07:00:00,0.05785
Netherlands,NLD,2021-02-22 07:00:00,2021-02-22 08:00:00,0.05899
Netherlands,NLD,2021-02-22 08:00:00,2021-02-22 09:00:00,0.05504
Netherlands,NLD,2021-02-22 09:00:00,2021-02-22 10:00:00,0.045
Netherlands,NLD,2021-02-22 10:00:00,2021-02-22 11:00:00,0.041890000000000004
Netherlands,NLD,2021-02-22 11:00:00,2021-02-22 12:00:00,0.041100000000000005
Netherlands,NLD,2021-02-22 12:00:00,2021-02-22 13:00:00,0.040600000000000004
Netherlands,NLD,2021-02-22 13:00:00,2021-02-22 14:00:00,0.043609999999999996
Netherlands,NLD,2021-02-22 14:00:00,2021-02-22 15:00:00,0.05149
Netherlands,NLD,2021-02-22 15:00:00,2021-02-22 16:00:00,0.05802
Netherlands,NLD,2021-02-22 16:00:00,2021-02-22 17:00:00,0.06372
Netherlands,NLD,2021-02-22 17:00:00,2021-02-22 18:00:00,0.07221999999999999
Netherlands,NLD,2021-02-22 18:00:00,2021-02-22 19:00:00,0.06568
Netherlands,NLD,2021-02-22 19:00:00,2021-02-22 20:00:00,0.05797
Netherlands,NLD,2021-02-22 20:00:00,2021-02-22 21:00:00,0.051609999999999996
Netherlands,NLD,2021-02-22 21:00:00,2021-02-22 22:00:00,0.04863
Netherlands,NLD,2021-02-22 22:00:00,2021-02-22 23:00:00,0.04406
Netherlands,NLD,2021-02-22 23:00:00,2021-02-23 00:00:00,0.041710000000000004
Netherlands,NLD,2021-02-23 00:00:00,2021-02-23 01:00:00,0.040130000000000006
Netherlands,NLD,2021-02-23 01:00:00,2021-02-23 02:00:00,0.03917
Netherlands,NLD,2021-02-23 02:00:00,2021-02-23 03:00:00,0.03773
Netherlands,NLD,2021-02-23 03:00:00,2021-02-23 04:00:00,0.037630000000000004
Netherlands,NLD,2021-02-23 04:00:00,2021-02-23 05:00:00,0.039060000000000004
Netherlands,NLD,2021-02-23 05:00:00,2021-02-23 06:00:00,0.04295
Netherlands,NLD,2021-02-23 06:00:00,2021-02-23 07:00:00,0.05695
Netherlands,NLD,2021-02-23 07:00:00,2021-02-23 08:00:00,0.05922
Netherlands,NLD,2021-02-23 08:00:00,2021-02-23 09:00:00,0.0562
Netherlands,NLD,2021-02-23 09:00:00,2021-02-23 10:00:00,0.04987
Netherlands,NLD,2021-02-23 10:00:00,2021-02-23 11:00:00,0.04186
Netherlands,NLD,2021-02-23 11:00:00,2021-02-23 12:00:00,0.0399
Netherlands,NLD,2021-02-23 12:00:00,2021-02-23 13:00:00,0.0389
Netherlands,NLD,2021-02-23 13:00:00,2021-02-23 14:00:00,0.039
Netherlands,NLD,2021-02-23 14:00:00,2021-02-23 15:00:00,0.039740000000000004
Netherlands,NLD,2021-02-23 15:00:00,2021-02-23 16:00:00,0.04632
Netherlands,NLD,2021-02-23 16:00:00,2021-02-23 17:00:00,0.0573
Netherlands,NLD,2021-02-23 17:00:00,2021-02-23 18:00:00,0.05837
Netherlands,NLD,2021-02-23 18:00:00,2021-02-23 19:00:00,0.05803
Netherlands,NLD,2021-02-23 19:00:00,2021-02-23 20:00:00,0.05002
Netherlands,NLD,2021-02-23 20:00:00,2021-02-23 21:00:00,0.043840000000000004
Netherlands,NLD,2021-02-23 21:00:00,2021-02-23 22:00:00,0.040100000000000004
Netherlands,NLD,2021-02-23 22:00:00,2021-02-23 23:00:00,0.03522
Netherlands,NLD,2021-02-23 23:00:00,2021-02-24 00:00:00,0.02062
Netherlands,NLD,2021-02-24 00:00:00,2021-02-24 01:00:00,0.020390000000000002
Netherlands,NLD,2021-02-24 01:00:00,2021-02-24 02:00:00,0.02282
Netherlands,NLD,2021-02-24 02:00:00,2021-02-24 03:00:00,0.0158
Netherlands,NLD,2021-02-24 03:00:00,2021-02-24 04:00:00,0.0182
Netherlands,NLD,2021-02-24 04:00:00,2021-02-24 05:00:00,0.02138
Netherlands,NLD,2021-02-24 05:00:00,2021-02-24 06:00:00,0.038189999999999995
Netherlands,NLD,2021-02-24 06:00:00,2021-02-24 07:00:00,0.04690999999999999
Netherlands,NLD,2021-02-24 07:00:00,2021-02-24 08:00:00,0.05354
Netherlands,NLD,2021-02-24 08:00:00,2021-02-24 09:00:00,0.047
Netherlands,NLD,2021-02-24 09:00:00,2021-02-24 10:00:00,0.0399
Netherlands,NLD,2021-02-24 10:00:00,2021-02-24 11:00:00,0.03604
Netherlands,NLD,2021-02-24 11:00:00,2021-02-24 12:00:00,0.03343
Netherlands,NLD,2021-02-24 12:00:00,2021-02-24 13:00:00,0.03383
Netherlands,NLD,2021-02-24 13:00:00,2021-02-24 14:00:00,0.03603
Netherlands,NLD,2021-02-24 14:00:00,2021-02-24 15:00:00,0.0419
Netherlands,NLD,2021-02-24 15:00:00,2021-02-24 16:00:00,0.04556
Netherlands,NLD,2021-02-24 16:00:00,2021-02-24 17:00:00,0.054189999999999995
Netherlands,NLD,2021-02-24 17:00:00,2021-02-24 18:00:00,0.06093
Netherlands,NLD,2021-02-24 18:00:00,2021-02-24 19:00:00,0.05731
Netherlands,NLD,2021-02-24 19:00:00,2021-02-24 20:00:00,0.05109
Netherlands,NLD,2021-02-24 20:00:00,2021-02-24 21:00:00,0.043590000000000004
Netherlands,NLD,2021-02-24 21:00:00,2021-02-24 22:00:00,0.04362
Netherlands,NLD,2021-02-24 22:00:00,2021-02-24 23:00:00,0.0367
Netherlands,NLD,2021-02-24 23:00:00,2021-02-25 00:00:00,0.03557
Netherlands,NLD,2021-02-25 00:00:00,2021-02-25 01:00:00,0.03508
Netherlands,NLD,2021-02-25 01:00:00,2021-02-25 02:00:00,0.03449
Netherlands,NLD,2021-02-25 02:00:00,2021-02-25 03:00:00,0.033299999999999996
Netherlands,NLD,2021-02-25 03:00:00,2021-02-25 04:00:00,0.03507
Netherlands,NLD,2021-02-25 04:00:00,2021-02-25 05:00:00,0.03866
Netherlands,NLD,2021-02-25 05:00:00,2021-02-25 06:00:00,0.0431
Netherlands,NLD,2021-02-25 06:00:00,2021-02-25 07:00:00,0.054439999999999995
Netherlands,NLD,2021-02-25 07:00:00,2021-02-25 08:00:00,0.053899999999999997
Netherlands,NLD,2021-02-25 08:00:00,2021-02-25 09:00:00,0.04981
Netherlands,NLD,2021-02-25 09:00:00,2021-02-25 10:00:00,0.04097
Netherlands,NLD,2021-02-25 10:00:00,2021-02-25 11:00:00,0.041479999999999996
Netherlands,NLD,2021-02-25 11:00:00,2021-02-25 12:00:00,0.04086
Netherlands,NLD,2021-02-25 12:00:00,2021-02-25 13:00:00,0.040130000000000006
Netherlands,NLD,2021-02-25 13:00:00,2021-02-25 14:00:00,0.0424
Netherlands,NLD,2021-02-25 14:00:00,2021-02-25 15:00:00,0.04623
Netherlands,NLD,2021-02-25 15:00:00,2021-02-25 16:00:00,0.05107
Netherlands,NLD,2021-02-25 16:00:00,2021-02-25 17:00:00,0.05602
Netherlands,NLD,2021-02-25 17:00:00,2021-02-25 18:00:00,0.0649
Netherlands,NLD,2021-02-25 18:00:00,2021-02-25 19:00:00,0.06573000000000001
Netherlands,NLD,2021-02-25 19:00:00,2021-02-25 20:00:00,0.056909999999999995
Netherlands,NLD,2021-02-25 20:00:00,2021-02-25 21:00:00,0.0535
Netherlands,NLD,2021-02-25 21:00:00,2021-02-25 22:00:00,0.04844
Netherlands,NLD,2021-02-25 22:00:00,2021-02-25 23:00:00,0.045
Netherlands,NLD,2021-02-25 23:00:00,2021-02-26 00:00:00,0.0451
Netherlands,NLD,2021-02-26 00:00:00,2021-02-26 01:00:00,0.0418
Netherlands,NLD,2021-02-26 01:00:00,2021-02-26 02:00:00,0.04099
Netherlands,NLD,2021-02-26 02:00:00,2021-02-26 03:00:00,0.040240000000000005
Netherlands,NLD,2021-02-26 03:00:00,2021-02-26 04:00:00,0.0407
Netherlands,NLD,2021-02-26 04:00:00,2021-02-26 05:00:00,0.04273
Netherlands,NLD,2021-02-26 05:00:00,2021-02-26 06:00:00,0.05439
Netherlands,NLD,2021-02-26 06:00:00,2021-02-26 07:00:00,0.06054
Netherlands,NLD,2021-02-26 07:00:00,2021-02-26 08:00:00,0.06085
Netherlands,NLD,2021-02-26 08:00:00,2021-02-26 09:00:00,0.05551
Netherlands,NLD,2021-02-26 09:00:00,2021-02-26 10:00:00,0.0506
Netherlands,NLD,2021-02-26 10:00:00,2021-02-26 11:00:00,0.04341
Netherlands,NLD,2021-02-26 11:00:00,2021-02-26 12:00:00,0.03995
Netherlands,NLD,2021-02-26 12:00:00,2021-02-26 13:00:00,0.04019
Netherlands,NLD,2021-02-26 13:00:00,2021-02-26 14:00:00,0.039
Netherlands,NLD,2021-02-26 14:00:00,2021-02-26 15:00:00,0.04014
Netherlands,NLD,2021-02-26 15:00:00,2021-02-26 16:00:00,0.04316
Netherlands,NLD,2021-02-26 16:00:00,2021-02-26 17:00:00,0.05203
Netherlands,NLD,2021-02-26 17:00:00,2021-02-26 18:00:00,0.057909999999999996
Netherlands,NLD,2021-02-26 18:00:00,2021-02-26 19:00:00,0.05753
Netherlands,NLD,2021-02-26 19:00:00,2021-02-26 20:00:00,0.054939999999999996
Netherlands,NLD,2021-02-26 20:00:00,2021-02-26 21:00:00,0.04865
Netherlands,NLD,2021-02-26 21:00:00,2021-02-26 22:00:00,0.04628
Netherlands,NLD,2021-02-26 22:00:00,2021-02-26 23:00:00,0.04271
Netherlands,NLD,2021-02-26 23:00:00,2021-02-27 00:00:00,0.044
Netherlands,NLD,2021-02-27 00:00:00,2021-02-27 01:00:00,0.040490000000000005
Netherlands,NLD,2021-02-27 01:00:00,2021-02-27 02:00:00,0.04862
Netherlands,NLD,2021-02-27 02:00:00,2021-02-27 03:00:00,0.0384
Netherlands,NLD,2021-02-27 03:00:00,2021-02-27 04:00:00,0.04
Netherlands,NLD,2021-02-27 04:00:00,2021-02-27 05:00:00,0.03961
Netherlands,NLD,2021-02-27 05:00:00,2021-02-27 06:00:00,0.043340000000000004
Netherlands,NLD,2021-02-27 06:00:00,2021-02-27 07:00:00,0.04869
Netherlands,NLD,2021-02-27 07:00:00,2021-02-27 08:00:00,0.05372
Netherlands,NLD,2021-02-27 08:00:00,2021-02-27 09:00:00,0.05237
Netherlands,NLD,2021-02-27 09:00:00,2021-02-27 10:00:00,0.04562
Netherlands,NLD,2021-02-27 10:00:00,2021-02-27 11:00:00,0.041
Netherlands,NLD,2021-02-27 11:00:00,2021-02-27 12:00:00,0.03871
Netherlands,NLD,2021-02-27 12:00:00,2021-02-27 13:00:00,0.03685
Netherlands,NLD,2021-02-27 13:00:00,2021-02-27 14:00:00,0.03638
Netherlands,NLD,2021-02-27 14:00:00,2021-02-27 15:00:00,0.03768
Netherlands,NLD,2021-02-27 15:00:00,2021-02-27 16:00:00,0.04107
Netherlands,NLD,2021-02-27 16:00:00,2021-02-27 17:00:00,0.05846
Netherlands,NLD,2021-02-27 17:00:00,2021-02-27 18:00:00,0.05921
Netherlands,NLD,2021-02-27 18:00:00,2021-02-27 19:00:00,0.0575
Netherlands,NLD,2021-02-27 19:00:00,2021-02-27 20:00:00,0.054270000000000006
Netherlands,NLD,2021-02-27 20:00:00,2021-02-27 21:00:00,0.0474
Netherlands,NLD,2021-02-27 21:00:00,2021-02-27 22:00:00,0.046049999999999994
Netherlands,NLD,2021-02-27 22:00:00,2021-02-27 23:00:00,0.0429
Netherlands,NLD,2021-02-27 23:00:00,2021-02-28 00:00:00,0.0417
Netherlands,NLD,2021-02-28 00:00:00,2021-02-28 01:00:00,0.040100000000000004
Netherlands,NLD,2021-02-28 01:00:00,2021-02-28 02:00:00,0.039549999999999995
Netherlands,NLD,2021-02-28 02:00:00,2021-02-28 03:00:00,0.04273
Netherlands,NLD,2021-02-28 03:00:00,2021-02-28 04:00:00,0.0424
Netherlands,NLD,2021-02-28 04:00:00,2021-02-28 05:00:00,0.039439999999999996
Netherlands,NLD,2021-02-28 05:00:00,2021-02-28 06:00:00,0.040060000000000005
Netherlands,NLD,2021-02-28 06:00:00,2021-02-28 07:00:00,0.041
Netherlands,NLD,2021-02-28 07:00:00,2021-02-28 08:00:00,0.0424
Netherlands,NLD,2021-02-28 08:00:00,2021-02-28 09:00:00,0.041479999999999996
Netherlands,NLD,2021-02-28 09:00:00,2021-02-28 10:00:00,0.0389
Netherlands,NLD,2021-02-28 10:00:00,2021-02-28 11:00:00,0.038770000000000006
Netherlands,NLD,2021-02-28 11:00:00,2021-02-28 12:00:00,0.036
Netherlands,NLD,2021-02-28 12:00:00,2021-02-28 13:00:00,0.027239999999999997
Netherlands,NLD,2021-02-28 13:00:00,2021-02-28 14:00:00,0.0265
Netherlands,NLD,2021-02-28 14:00:00,2021-02-28 15:00:00,0.03741
Netherlands,NLD,2021-02-28 15:00:00,2021-02-28 16:00:00,0.039310000000000005
Netherlands,NLD,2021-02-28 16:00:00,2021-02-28 17:00:00,0.05153
Netherlands,NLD,2021-02-28 17:00:00,2021-02-28 18:00:00,0.05863
Netherlands,NLD,2021-02-28 18:00:00,2021-02-28 19:00:00,0.05928
Netherlands,NLD,2021-02-28 19:00:00,2021-02-28 20:00:00,0.05527
Netherlands,NLD,2021-02-28 20:00:00,2021-02-28 21:00:00,0.04825
Netherlands,NLD,2021-02-28 21:00:00,2021-02-28 22:00:00,0.04906
Netherlands,NLD,2021-02-28 22:00:00,2021-02-28 23:00:00,0.043609999999999996
Netherlands,NLD,2021-02-28 23:00:00,2021-03-01 00:00:00,0.0425
Netherlands,NLD,2021-03-01 00:00:00,2021-03-01 01:00:00,0.04096
Netherlands,NLD,2021-03-01 01:00:00,2021-03-01 02:00:00,0.041
Netherlands,NLD,2021-03-01 02:00:00,2021-03-01 03:00:00,0.04095
Netherlands,NLD,2021-03-01 03:00:00,2021-03-01 04:00:00,0.040799999999999996
Netherlands,NLD,2021-03-01 04:00:00,2021-03-01 05:00:00,0.04494
Netherlands,NLD,2021-03-01 05:00:00,2021-03-01 06:00:00,0.056100000000000004
Netherlands,NLD,2021-03-01 06:00:00,2021-03-01 07:00:00,0.06509000000000001
Netherlands,NLD,2021-03-01 07:00:00,2021-03-01 08:00:00,0.06638
Netherlands,NLD,2021-03-01 08:00:00,2021-03-01 09:00:00,0.05916
Netherlands,NLD,2021-03-01 09:00:00,2021-03-01 10:00:00,0.052399999999999995
Netherlands,NLD,2021-03-01 10:00:00,2021-03-01 11:00:00,0.041
Netherlands,NLD,2021-03-01 11:00:00,2021-03-01 12:00:00,0.04004
Netherlands,NLD,2021-03-01 12:00:00,2021-03-01 13:00:00,0.039869999999999996
Netherlands,NLD,2021-03-01 13:00:00,2021-03-01 14:00:00,0.04003
Netherlands,NLD,2021-03-01 14:00:00,2021-03-01 15:00:00,0.0399
Netherlands,NLD,2021-03-01 15:00:00,2021-03-01 16:00:00,0.042
Netherlands,NLD,2021-03-01 16:00:00,2021-03-01 17:00:00,0.05525
Netherlands,NLD,2021-03-01 17:00:00,2021-03-01 18:00:00,0.06849
Netherlands,NLD,2021-03-01 18:00:00,2021-03-01 19:00:00,0.06498999999999999
Netherlands,NLD,2021-03-01 19:00:00,2021-03-01 20:00:00,0.05736
Netherlands,NLD,2021-03-01 20:00:00,2021-03-01 21:00:00,0.05085
Netherlands,NLD,2021-03-01 21:00:00,2021-03-01 22:00:00,0.047200000000000006
Netherlands,NLD,2021-03-01 22:00:00,2021-03-01 23:00:00,0.041100000000000005
Netherlands,NLD,2021-03-01 23:00:00,2021-03-02 00:00:00,0.04432
Netherlands,NLD,2021-03-02 00:00:00,2021-03-02 01:00:00,0.04389
Netherlands,NLD,2021-03-02 01:00:00,2021-03-02 02:00:00,0.04336
Netherlands,NLD,2021-03-02 02:00:00,2021-03-02 03:00:00,0.042140000000000004
Netherlands,NLD,2021-03-02 03:00:00,2021-03-02 04:00:00,0.0421
Netherlands,NLD,2021-03-02 04:00:00,2021-03-02 05:00:00,0.047270000000000006
Netherlands,NLD,2021-03-02 05:00:00,2021-03-02 06:00:00,0.055909999999999994
Netherlands,NLD,2021-03-02 06:00:00,2021-03-02 07:00:00,0.06606999999999999
Netherlands,NLD,2021-03-02 07:00:00,2021-03-02 08:00:00,0.07104
Netherlands,NLD,2021-03-02 08:00:00,2021-03-02 09:00:00,0.05873
Netherlands,NLD,2021-03-02 09:00:00,2021-03-02 10:00:00,0.05
Netherlands,NLD,2021-03-02 10:00:00,2021-03-02 11:00:00,0.04281
Netherlands,NLD,2021-03-02 11:00:00,2021-03-02 12:00:00,0.04072
Netherlands,NLD,2021-03-02 12:00:00,2021-03-02 13:00:00,0.0422
Netherlands,NLD,2021-03-02 13:00:00,2021-03-02 14:00:00,0.04147
Netherlands,NLD,2021-03-02 14:00:00,2021-03-02 15:00:00,0.041710000000000004
Netherlands,NLD,2021-03-02 15:00:00,2021-03-02 16:00:00,0.05189
Netherlands,NLD,2021-03-02 16:00:00,2021-03-02 17:00:00,0.05863
Netherlands,NLD,2021-03-02 17:00:00,2021-03-02 18:00:00,0.07931
Netherlands,NLD,2021-03-02 18:00:00,2021-03-02 19:00:00,0.07862000000000001
Netherlands,NLD,2021-03-02 19:00:00,2021-03-02 20:00:00,0.06345
Netherlands,NLD,2021-03-02 20:00:00,2021-03-02 21:00:00,0.05692
Netherlands,NLD,2021-03-02 21:00:00,2021-03-02 22:00:00,0.055479999999999995
Netherlands,NLD,2021-03-02 22:00:00,2021-03-02 23:00:00,0.05213
Netherlands,NLD,2021-03-02 23:00:00,2021-03-03 00:00:00,0.04407
Netherlands,NLD,2021-03-03 00:00:00,2021-03-03 01:00:00,0.044719999999999996
Netherlands,NLD,2021-03-03 01:00:00,2021-03-03 02:00:00,0.04381
Netherlands,NLD,2021-03-03 02:00:00,2021-03-03 03:00:00,0.04393
Netherlands,NLD,2021-03-03 03:00:00,2021-03-03 04:00:00,0.0433
Netherlands,NLD,2021-03-03 04:00:00,2021-03-03 05:00:00,0.04938
Netherlands,NLD,2021-03-03 05:00:00,2021-03-03 06:00:00,0.05899
Netherlands,NLD,2021-03-03 06:00:00,2021-03-03 07:00:00,0.06704
Netherlands,NLD,2021-03-03 07:00:00,2021-03-03 08:00:00,0.06675
Netherlands,NLD,2021-03-03 08:00:00,2021-03-03 09:00:00,0.0582
Netherlands,NLD,2021-03-03 09:00:00,2021-03-03 10:00:00,0.04709000000000001
Netherlands,NLD,2021-03-03 10:00:00,2021-03-03 11:00:00,0.04108
Netherlands,NLD,2021-03-03 11:00:00,2021-03-03 12:00:00,0.04143
Netherlands,NLD,2021-03-03 12:00:00,2021-03-03 13:00:00,0.041049999999999996
Netherlands,NLD,2021-03-03 13:00:00,2021-03-03 14:00:00,0.042570000000000004
Netherlands,NLD,2021-03-03 14:00:00,2021-03-03 15:00:00,0.044899999999999995
Netherlands,NLD,2021-03-03 15:00:00,2021-03-03 16:00:00,0.046979999999999994
Netherlands,NLD,2021-03-03 16:00:00,2021-03-03 17:00:00,0.05636
Netherlands,NLD,2021-03-03 17:00:00,2021-03-03 18:00:00,0.06768
Netherlands,NLD,2021-03-03 18:00:00,2021-03-03 19:00:00,0.07
Netherlands,NLD,2021-03-03 19:00:00,2021-03-03 20:00:00,0.060219999999999996
Netherlands,NLD,2021-03-03 20:00:00,2021-03-03 21:00:00,0.054740000000000004
Netherlands,NLD,2021-03-03 21:00:00,2021-03-03 22:00:00,0.05224
Netherlands,NLD,2021-03-03 22:00:00,2021-03-03 23:00:00,0.038810000000000004
Netherlands,NLD,2021-03-03 23:00:00,2021-03-04 00:00:00,0.048119999999999996
Netherlands,NLD,2021-03-04 00:00:00,2021-03-04 01:00:00,0.04614
Netherlands,NLD,2021-03-04 01:00:00,2021-03-04 02:00:00,0.04425
Netherlands,NLD,2021-03-04 02:00:00,2021-03-04 03:00:00,0.04339
Netherlands,NLD,2021-03-04 03:00:00,2021-03-04 04:00:00,0.04396
Netherlands,NLD,2021-03-04 04:00:00,2021-03-04 05:00:00,0.04647
Netherlands,NLD,2021-03-04 05:00:00,2021-03-04 06:00:00,0.055799999999999995
Netherlands,NLD,2021-03-04 06:00:00,2021-03-04 07:00:00,0.062009999999999996
Netherlands,NLD,2021-03-04 07:00:00,2021-03-04 08:00:00,0.06570999999999999
Netherlands,NLD,2021-03-04 08:00:00,2021-03-04 09:00:00,0.06493
Netherlands,NLD,2021-03-04 09:00:00,2021-03-04 10:00:00,0.06005
Netherlands,NLD,2021-03-04 10:00:00,2021-03-04 11:00:00,0.05645
Netherlands,NLD,2021-03-04 11:00:00,2021-03-04 12:00:00,0.055
Netherlands,NLD,2021-03-04 12:00:00,2021-03-04 13:00:00,0.05398
Netherlands,NLD,2021-03-04 13:00:00,2021-03-04 14:00:00,0.05323
Netherlands,NLD,2021-03-04 14:00:00,2021-03-04 15:00:00,0.05349
Netherlands,NLD,2021-03-04 15:00:00,2021-03-04 16:00:00,0.05307
Netherlands,NLD,2021-03-04 16:00:00,2021-03-04 17:00:00,0.05609
Netherlands,NLD,2021-03-04 17:00:00,2021-03-04 18:00:00,0.062130000000000005
Netherlands,NLD,2021-03-04 18:00:00,2021-03-04 19:00:00,0.06614
Netherlands,NLD,2021-03-04 19:00:00,2021-03-04 20:00:00,0.0576
Netherlands,NLD,2021-03-04 20:00:00,2021-03-04 21:00:00,0.0531
Netherlands,NLD,2021-03-04 21:00:00,2021-03-04 22:00:00,0.05057
Netherlands,NLD,2021-03-04 22:00:00,2021-03-04 23:00:00,0.0399
Netherlands,NLD,2021-03-04 23:00:00,2021-03-05 00:00:00,0.04145
Netherlands,NLD,2021-03-05 00:00:00,2021-03-05 01:00:00,0.04425
Netherlands,NLD,2021-03-05 01:00:00,2021-03-05 02:00:00,0.04265
Netherlands,NLD,2021-03-05 02:00:00,2021-03-05 03:00:00,0.04203
Netherlands,NLD,2021-03-05 03:00:00,2021-03-05 04:00:00,0.04339
Netherlands,NLD,2021-03-05 04:00:00,2021-03-05 05:00:00,0.04179
Netherlands,NLD,2021-03-05 05:00:00,2021-03-05 06:00:00,0.04839
Netherlands,NLD,2021-03-05 06:00:00,2021-03-05 07:00:00,0.05695
Netherlands,NLD,2021-03-05 07:00:00,2021-03-05 08:00:00,0.06797
Netherlands,NLD,2021-03-05 08:00:00,2021-03-05 09:00:00,0.0549
Netherlands,NLD,2021-03-05 09:00:00,2021-03-05 10:00:00,0.04212
Netherlands,NLD,2021-03-05 10:00:00,2021-03-05 11:00:00,0.039259999999999996
Netherlands,NLD,2021-03-05 11:00:00,2021-03-05 12:00:00,0.03791
Netherlands,NLD,2021-03-05 12:00:00,2021-03-05 13:00:00,0.039299999999999995
Netherlands,NLD,2021-03-05 13:00:00,2021-03-05 14:00:00,0.042
Netherlands,NLD,2021-03-05 14:00:00,2021-03-05 15:00:00,0.0394
Netherlands,NLD,2021-03-05 15:00:00,2021-03-05 16:00:00,0.039299999999999995
Netherlands,NLD,2021-03-05 16:00:00,2021-03-05 17:00:00,0.04118
Netherlands,NLD,2021-03-05 17:00:00,2021-03-05 18:00:00,0.06416
Netherlands,NLD,2021-03-05 18:00:00,2021-03-05 19:00:00,0.06537000000000001
Netherlands,NLD,2021-03-05 19:00:00,2021-03-05 20:00:00,0.05917
Netherlands,NLD,2021-03-05 20:00:00,2021-03-05 21:00:00,0.05534
Netherlands,NLD,2021-03-05 21:00:00,2021-03-05 22:00:00,0.053149999999999996
Netherlands,NLD,2021-03-05 22:00:00,2021-03-05 23:00:00,0.048170000000000004
Netherlands,NLD,2021-03-05 23:00:00,2021-03-06 00:00:00,0.048
Netherlands,NLD,2021-03-06 00:00:00,2021-03-06 01:00:00,0.04585
Netherlands,NLD,2021-03-06 01:00:00,2021-03-06 02:00:00,0.04357
Netherlands,NLD,2021-03-06 02:00:00,2021-03-06 03:00:00,0.040799999999999996
Netherlands,NLD,2021-03-06 03:00:00,2021-03-06 04:00:00,0.04036
Netherlands,NLD,2021-03-06 04:00:00,2021-03-06 05:00:00,0.04046
Netherlands,NLD,2021-03-06 05:00:00,2021-03-06 06:00:00,0.04145
Netherlands,NLD,2021-03-06 06:00:00,2021-03-06 07:00:00,0.046479999999999994
Netherlands,NLD,2021-03-06 07:00:00,2021-03-06 08:00:00,0.04803
Netherlands,NLD,2021-03-06 08:00:00,2021-03-06 09:00:00,0.04561
Netherlands,NLD,2021-03-06 09:00:00,2021-03-06 10:00:00,0.04072
Netherlands,NLD,2021-03-06 10:00:00,2021-03-06 11:00:00,0.043
Netherlands,NLD,2021-03-06 11:00:00,2021-03-06 12:00:00,0.0404
Netherlands,NLD,2021-03-06 12:00:00,2021-03-06 13:00:00,0.03762
Netherlands,NLD,2021-03-06 13:00:00,2021-03-06 14:00:00,0.036899999999999995
Netherlands,NLD,2021-03-06 14:00:00,2021-03-06 15:00:00,0.03857
Netherlands,NLD,2021-03-06 15:00:00,2021-03-06 16:00:00,0.04027
Netherlands,NLD,2021-03-06 16:00:00,2021-03-06 17:00:00,0.04864
Netherlands,NLD,2021-03-06 17:00:00,2021-03-06 18:00:00,0.05602
Netherlands,NLD,2021-03-06 18:00:00,2021-03-06 19:00:00,0.05887
Netherlands,NLD,2021-03-06 19:00:00,2021-03-06 20:00:00,0.05497
Netherlands,NLD,2021-03-06 20:00:00,2021-03-06 21:00:00,0.04889
Netherlands,NLD,2021-03-06 21:00:00,2021-03-06 22:00:00,0.04968
Netherlands,NLD,2021-03-06 22:00:00,2021-03-06 23:00:00,0.049530000000000005
Netherlands,NLD,2021-03-06 23:00:00,2021-03-07 00:00:00,0.04525
Netherlands,NLD,2021-03-07 00:00:00,2021-03-07 01:00:00,0.044899999999999995
Netherlands,NLD,2021-03-07 01:00:00,2021-03-07 02:00:00,0.04491
Netherlands,NLD,2021-03-07 02:00:00,2021-03-07 03:00:00,0.04344
Netherlands,NLD,2021-03-07 03:00:00,2021-03-07 04:00:00,0.04213
Netherlands,NLD,2021-03-07 04:00:00,2021-03-07 05:00:00,0.04385
Netherlands,NLD,2021-03-07 05:00:00,2021-03-07 06:00:00,0.04524
Netherlands,NLD,2021-03-07 06:00:00,2021-03-07 07:00:00,0.04438
Netherlands,NLD,2021-03-07 07:00:00,2021-03-07 08:00:00,0.041
Netherlands,NLD,2021-03-07 08:00:00,2021-03-07 09:00:00,0.0499
Netherlands,NLD,2021-03-07 09:00:00,2021-03-07 10:00:00,0.04858
Netherlands,NLD,2021-03-07 10:00:00,2021-03-07 11:00:00,0.0399
Netherlands,NLD,2021-03-07 11:00:00,2021-03-07 12:00:00,0.045
Netherlands,NLD,2021-03-07 12:00:00,2021-03-07 13:00:00,0.0424
Netherlands,NLD,2021-03-07 13:00:00,2021-03-07 14:00:00,0.03811
Netherlands,NLD,2021-03-07 14:00:00,2021-03-07 15:00:00,0.04
Netherlands,NLD,2021-03-07 15:00:00,2021-03-07 16:00:00,0.0424
Netherlands,NLD,2021-03-07 16:00:00,2021-03-07 17:00:00,0.047670000000000004
Netherlands,NLD,2021-03-07 17:00:00,2021-03-07 18:00:00,0.05584
Netherlands,NLD,2021-03-07 18:00:00,2021-03-07 19:00:00,0.06091
Netherlands,NLD,2021-03-07 19:00:00,2021-03-07 20:00:00,0.05677
Netherlands,NLD,2021-03-07 20:00:00,2021-03-07 21:00:00,0.054270000000000006
Netherlands,NLD,2021-03-07 21:00:00,2021-03-07 22:00:00,0.053
Netherlands,NLD,2021-03-07 22:00:00,2021-03-07 23:00:00,0.04899
Netherlands,NLD,2021-03-07 23:00:00,2021-03-08 00:00:00,0.047299999999999995
Netherlands,NLD,2021-03-08 00:00:00,2021-03-08 01:00:00,0.0455
Netherlands,NLD,2021-03-08 01:00:00,2021-03-08 02:00:00,0.04448
Netherlands,NLD,2021-03-08 02:00:00,2021-03-08 03:00:00,0.04302
Netherlands,NLD,2021-03-08 03:00:00,2021-03-08 04:00:00,0.045
Netherlands,NLD,2021-03-08 04:00:00,2021-03-08 05:00:00,0.05006
Netherlands,NLD,2021-03-08 05:00:00,2021-03-08 06:00:00,0.06392
Netherlands,NLD,2021-03-08 06:00:00,2021-03-08 07:00:00,0.07927
Netherlands,NLD,2021-03-08 07:00:00,2021-03-08 08:00:00,0.08666
Netherlands,NLD,2021-03-08 08:00:00,2021-03-08 09:00:00,0.0679
Netherlands,NLD,2021-03-08 09:00:00,2021-03-08 10:00:00,0.059340000000000004
Netherlands,NLD,2021-03-08 10:00:00,2021-03-08 11:00:00,0.05773
Netherlands,NLD,2021-03-08 11:00:00,2021-03-08 12:00:00,0.05535
Netherlands,NLD,2021-03-08 12:00:00,2021-03-08 13:00:00,0.053840000000000006
Netherlands,NLD,2021-03-08 13:00:00,2021-03-08 14:00:00,0.05415
Netherlands,NLD,2021-03-08 14:00:00,2021-03-08 15:00:00,0.055409999999999994
Netherlands,NLD,2021-03-08 15:00:00,2021-03-08 16:00:00,0.05864
Netherlands,NLD,2021-03-08 16:00:00,2021-03-08 17:00:00,0.07
Netherlands,NLD,2021-03-08 17:00:00,2021-03-08 18:00:00,0.10087
Netherlands,NLD,2021-03-08 18:00:00,2021-03-08 19:00:00,0.10371
Netherlands,NLD,2021-03-08 19:00:00,2021-03-08 20:00:00,0.06618
Netherlands,NLD,2021-03-08 20:00:00,2021-03-08 21:00:00,0.05916
Netherlands,NLD,2021-03-08 21:00:00,2021-03-08 22:00:00,0.05687
Netherlands,NLD,2021-03-08 22:00:00,2021-03-08 23:00:00,0.052090000000000004
Netherlands,NLD,2021-03-08 23:00:00,2021-03-09 00:00:00,0.0412
Netherlands,NLD,2021-03-09 00:00:00,2021-03-09 01:00:00,0.04665999999999999
Netherlands,NLD,2021-03-09 01:00:00,2021-03-09 02:00:00,0.04377
Netherlands,NLD,2021-03-09 02:00:00,2021-03-09 03:00:00,0.04309
Netherlands,NLD,2021-03-09 03:00:00,2021-03-09 04:00:00,0.043590000000000004
Netherlands,NLD,2021-03-09 04:00:00,2021-03-09 05:00:00,0.04826
Netherlands,NLD,2021-03-09 05:00:00,2021-03-09 06:00:00,0.061700000000000005
Netherlands,NLD,2021-03-09 06:00:00,2021-03-09 07:00:00,0.0734
Netherlands,NLD,2021-03-09 07:00:00,2021-03-09 08:00:00,0.08134999999999999
Netherlands,NLD,2021-03-09 08:00:00,2021-03-09 09:00:00,0.07255
Netherlands,NLD,2021-03-09 09:00:00,2021-03-09 10:00:00,0.06302
Netherlands,NLD,2021-03-09 10:00:00,2021-03-09 11:00:00,0.0597
Netherlands,NLD,2021-03-09 11:00:00,2021-03-09 12:00:00,0.05794
Netherlands,NLD,2021-03-09 12:00:00,2021-03-09 13:00:00,0.05647
Netherlands,NLD,2021-03-09 13:00:00,2021-03-09 14:00:00,0.05649
Netherlands,NLD,2021-03-09 14:00:00,2021-03-09 15:00:00,0.055380000000000006
Netherlands,NLD,2021-03-09 15:00:00,2021-03-09 16:00:00,0.056049999999999996
Netherlands,NLD,2021-03-09 16:00:00,2021-03-09 17:00:00,0.065
Netherlands,NLD,2021-03-09 17:00:00,2021-03-09 18:00:00,0.09015999999999999
Netherlands,NLD,2021-03-09 18:00:00,2021-03-09 19:00:00,0.0933
Netherlands,NLD,2021-03-09 19:00:00,2021-03-09 20:00:00,0.07
Netherlands,NLD,2021-03-09 20:00:00,2021-03-09 21:00:00,0.061700000000000005
Netherlands,NLD,2021-03-09 21:00:00,2021-03-09 22:00:00,0.0583
Netherlands,NLD,2021-03-09 22:00:00,2021-03-09 23:00:00,0.05224
Netherlands,NLD,2021-03-09 23:00:00,2021-03-10 00:00:00,0.05557
Netherlands,NLD,2021-03-10 00:00:00,2021-03-10 01:00:00,0.05305
Netherlands,NLD,2021-03-10 01:00:00,2021-03-10 02:00:00,0.05003
Netherlands,NLD,2021-03-10 02:00:00,2021-03-10 03:00:00,0.04904
Netherlands,NLD,2021-03-10 03:00:00,2021-03-10 04:00:00,0.049
Netherlands,NLD,2021-03-10 04:00:00,2021-03-10 05:00:00,0.053079999999999995
Netherlands,NLD,2021-03-10 05:00:00,2021-03-10 06:00:00,0.0589
Netherlands,NLD,2021-03-10 06:00:00,2021-03-10 07:00:00,0.0699
Netherlands,NLD,2021-03-10 07:00:00,2021-03-10 08:00:00,0.06808
Netherlands,NLD,2021-03-10 08:00:00,2021-03-10 09:00:00,0.05596
Netherlands,NLD,2021-03-10 09:00:00,2021-03-10 10:00:00,0.04575
Netherlands,NLD,2021-03-10 10:00:00,2021-03-10 11:00:00,0.04709000000000001
Netherlands,NLD,2021-03-10 11:00:00,2021-03-10 12:00:00,0.04391
Netherlands,NLD,2021-03-10 12:00:00,2021-03-10 13:00:00,0.04324
Netherlands,NLD,2021-03-10 13:00:00,2021-03-10 14:00:00,0.04313
Netherlands,NLD,2021-03-10 14:00:00,2021-03-10 15:00:00,0.04363
Netherlands,NLD,2021-03-10 15:00:00,2021-03-10 16:00:00,0.042409999999999996
Netherlands,NLD,2021-03-10 16:00:00,2021-03-10 17:00:00,0.05373
Netherlands,NLD,2021-03-10 17:00:00,2021-03-10 18:00:00,0.05763
Netherlands,NLD,2021-03-10 18:00:00,2021-03-10 19:00:00,0.05411
Netherlands,NLD,2021-03-10 19:00:00,2021-03-10 20:00:00,0.04169
Netherlands,NLD,2021-03-10 20:00:00,2021-03-10 21:00:00,0.04136
Netherlands,NLD,2021-03-10 21:00:00,2021-03-10 22:00:00,0.03446
Netherlands,NLD,2021-03-10 22:00:00,2021-03-10 23:00:00,0.024120000000000003
Netherlands,NLD,2021-03-10 23:00:00,2021-03-11 00:00:00,0.0178
Netherlands,NLD,2021-03-11 00:00:00,2021-03-11 01:00:00,0.0001
Netherlands,NLD,2021-03-11 01:00:00,2021-03-11 02:00:00,1e-05
Netherlands,NLD,2021-03-11 02:00:00,2021-03-11 03:00:00,0.0
Netherlands,NLD,2021-03-11 03:00:00,2021-03-11 04:00:00,2.9999999999999997e-05
Netherlands,NLD,2021-03-11 04:00:00,2021-03-11 05:00:00,0.01495
Netherlands,NLD,2021-03-11 05:00:00,2021-03-11 06:00:00,0.02497
Netherlands,NLD,2021-03-11 06:00:00,2021-03-11 07:00:00,0.06
Netherlands,NLD,2021-03-11 07:00:00,2021-03-11 08:00:00,0.1199
Netherlands,NLD,2021-03-11 08:00:00,2021-03-11 09:00:00,0.094
Netherlands,NLD,2021-03-11 09:00:00,2021-03-11 10:00:00,0.0386
Netherlands,NLD,2021-03-11 10:00:00,2021-03-11 11:00:00,0.03576
Netherlands,NLD,2021-03-11 11:00:00,2021-03-11 12:00:00,0.037880000000000004
Netherlands,NLD,2021-03-11 12:00:00,2021-03-11 13:00:00,0.03027
Netherlands,NLD,2021-03-11 13:00:00,2021-03-11 14:00:00,0.02621
Netherlands,NLD,2021-03-11 14:00:00,2021-03-11 15:00:00,0.03077
Netherlands,NLD,2021-03-11 15:00:00,2021-03-11 16:00:00,0.03409
Netherlands,NLD,2021-03-11 16:00:00,2021-03-11 17:00:00,0.05
Netherlands,NLD,2021-03-11 17:00:00,2021-03-11 18:00:00,0.04833
Netherlands,NLD,2021-03-11 18:00:00,2021-03-11 19:00:00,0.05593
Netherlands,NLD,2021-03-11 19:00:00,2021-03-11 20:00:00,0.041100000000000005
Netherlands,NLD,2021-03-11 20:00:00,2021-03-11 21:00:00,0.0343
Netherlands,NLD,2021-03-11 21:00:00,2021-03-11 22:00:00,0.02708
Netherlands,NLD,2021-03-11 22:00:00,2021-03-11 23:00:00,0.01213
Netherlands,NLD,2021-03-11 23:00:00,2021-03-12 00:00:00,0.038799999999999994
Netherlands,NLD,2021-03-12 00:00:00,2021-03-12 01:00:00,0.0299
Netherlands,NLD,2021-03-12 01:00:00,2021-03-12 02:00:00,0.03367
Netherlands,NLD,2021-03-12 02:00:00,2021-03-12 03:00:00,0.02398
Netherlands,NLD,2021-03-12 03:00:00,2021-03-12 04:00:00,0.0201
Netherlands,NLD,2021-03-12 04:00:00,2021-03-12 05:00:00,0.03236
Netherlands,NLD,2021-03-12 05:00:00,2021-03-12 06:00:00,0.0429
Netherlands,NLD,2021-03-12 06:00:00,2021-03-12 07:00:00,0.08
Netherlands,NLD,2021-03-12 07:00:00,2021-03-12 08:00:00,0.07241
Netherlands,NLD,2021-03-12 08:00:00,2021-03-12 09:00:00,0.05846
Netherlands,NLD,2021-03-12 09:00:00,2021-03-12 10:00:00,0.07343000000000001
Netherlands,NLD,2021-03-12 10:00:00,2021-03-12 11:00:00,0.045
Netherlands,NLD,2021-03-12 11:00:00,2021-03-12 12:00:00,0.06296
Netherlands,NLD,2021-03-12 12:00:00,2021-03-12 13:00:00,0.056530000000000004
Netherlands,NLD,2021-03-12 13:00:00,2021-03-12 14:00:00,0.05595
Netherlands,NLD,2021-03-12 14:00:00,2021-03-12 15:00:00,0.0384
Netherlands,NLD,2021-03-12 15:00:00,2021-03-12 16:00:00,0.03577
Netherlands,NLD,2021-03-12 16:00:00,2021-03-12 17:00:00,0.04158
Netherlands,NLD,2021-03-12 17:00:00,2021-03-12 18:00:00,0.0506
Netherlands,NLD,2021-03-12 18:00:00,2021-03-12 19:00:00,0.0579
Netherlands,NLD,2021-03-12 19:00:00,2021-03-12 20:00:00,0.07012
Netherlands,NLD,2021-03-12 20:00:00,2021-03-12 21:00:00,0.0499
Netherlands,NLD,2021-03-12 21:00:00,2021-03-12 22:00:00,0.047619999999999996
Netherlands,NLD,2021-03-12 22:00:00,2021-03-12 23:00:00,0.05168
Netherlands,NLD,2021-03-12 23:00:00,2021-03-13 00:00:00,0.03211
Netherlands,NLD,2021-03-13 00:00:00,2021-03-13 01:00:00,0.024579999999999998
Netherlands,NLD,2021-03-13 01:00:00,2021-03-13 02:00:00,0.02206
Netherlands,NLD,2021-03-13 02:00:00,2021-03-13 03:00:00,0.016
Netherlands,NLD,2021-03-13 03:00:00,2021-03-13 04:00:00,0.01686
Netherlands,NLD,2021-03-13 04:00:00,2021-03-13 05:00:00,0.02104
Netherlands,NLD,2021-03-13 05:00:00,2021-03-13 06:00:00,0.02343
Netherlands,NLD,2021-03-13 06:00:00,2021-03-13 07:00:00,0.01973
Netherlands,NLD,2021-03-13 07:00:00,2021-03-13 08:00:00,0.0315
Netherlands,NLD,2021-03-13 08:00:00,2021-03-13 09:00:00,0.0349
Netherlands,NLD,2021-03-13 09:00:00,2021-03-13 10:00:00,8e-05
Netherlands,NLD,2021-03-13 10:00:00,2021-03-13 11:00:00,0.0
Netherlands,NLD,2021-03-13 11:00:00,2021-03-13 12:00:00,-0.00317
Netherlands,NLD,2021-03-13 12:00:00,2021-03-13 13:00:00,-0.00866
Netherlands,NLD,2021-03-13 13:00:00,2021-03-13 14:00:00,-0.00874
Netherlands,NLD,2021-03-13 14:00:00,2021-03-13 15:00:00,-0.0047
Netherlands,NLD,2021-03-13 15:00:00,2021-03-13 16:00:00,7.000000000000001e-05
Netherlands,NLD,2021-03-13 16:00:00,2021-03-13 17:00:00,0.04
Netherlands,NLD,2021-03-13 17:00:00,2021-03-13 18:00:00,0.04
Netherlands,NLD,2021-03-13 18:00:00,2021-03-13 19:00:00,0.05119
Netherlands,NLD,2021-03-13 19:00:00,2021-03-13 20:00:00,0.056060000000000006
Netherlands,NLD,2021-03-13 20:00:00,2021-03-13 21:00:00,0.056
Netherlands,NLD,2021-03-13 21:00:00,2021-03-13 22:00:00,0.05
Netherlands,NLD,2021-03-13 22:00:00,2021-03-13 23:00:00,0.042
Netherlands,NLD,2021-03-13 23:00:00,2021-03-14 00:00:00,0.037399999999999996
Netherlands,NLD,2021-03-14 00:00:00,2021-03-14 01:00:00,0.038700000000000005
Netherlands,NLD,2021-03-14 01:00:00,2021-03-14 02:00:00,0.037399999999999996
Netherlands,NLD,2021-03-14 02:00:00,2021-03-14 03:00:00,0.04043
Netherlands,NLD,2021-03-14 03:00:00,2021-03-14 04:00:00,0.042
Netherlands,NLD,2021-03-14 04:00:00,2021-03-14 05:00:00,0.0436
Netherlands,NLD,2021-03-14 05:00:00,2021-03-14 06:00:00,0.042
Netherlands,NLD,2021-03-14 06:00:00,2021-03-14 07:00:00,0.05713
Netherlands,NLD,2021-03-14 07:00:00,2021-03-14 08:00:00,0.044899999999999995
Netherlands,NLD,2021-03-14 08:00:00,2021-03-14 09:00:00,0.03277
Netherlands,NLD,2021-03-14 09:00:00,2021-03-14 10:00:00,0.014150000000000001
Netherlands,NLD,2021-03-14 10:00:00,2021-03-14 11:00:00,0.009970000000000001
Netherlands,NLD,2021-03-14 11:00:00,2021-03-14 12:00:00,0.00851
Netherlands,NLD,2021-03-14 12:00:00,2021-03-14 13:00:00,0.00146
Netherlands,NLD,2021-03-14 13:00:00,2021-03-14 14:00:00,0.0
Netherlands,NLD,2021-03-14 14:00:00,2021-03-14 15:00:00,0.00099
Netherlands,NLD,2021-03-14 15:00:00,2021-03-14 16:00:00,0.01745
Netherlands,NLD,2021-03-14 16:00:00,2021-03-14 17:00:00,0.04
Netherlands,NLD,2021-03-14 17:00:00,2021-03-14 18:00:00,0.056100000000000004
Netherlands,NLD,2021-03-14 18:00:00,2021-03-14 19:00:00,0.064
Netherlands,NLD,2021-03-14 19:00:00,2021-03-14 20:00:00,0.07221999999999999
Netherlands,NLD,2021-03-14 20:00:00,2021-03-14 21:00:00,0.05987
Netherlands,NLD,2021-03-14 21:00:00,2021-03-14 22:00:00,0.0469
Netherlands,NLD,2021-03-14 22:00:00,2021-03-14 23:00:00,0.048920000000000005
Netherlands,NLD,2021-03-14 23:00:00,2021-03-15 00:00:00,0.06725
Netherlands,NLD,2021-03-15 00:00:00,2021-03-15 01:00:00,0.0649
Netherlands,NLD,2021-03-15 01:00:00,2021-03-15 02:00:00,0.0445
Netherlands,NLD,2021-03-15 02:00:00,2021-03-15 03:00:00,0.03503
Netherlands,NLD,2021-03-15 03:00:00,2021-03-15 04:00:00,0.035
Netherlands,NLD,2021-03-15 04:00:00,2021-03-15 05:00:00,0.0424
Netherlands,NLD,2021-03-15 05:00:00,2021-03-15 06:00:00,0.055600000000000004
Netherlands,NLD,2021-03-15 06:00:00,2021-03-15 07:00:00,0.06247
Netherlands,NLD,2021-03-15 07:00:00,2021-03-15 08:00:00,0.06489
Netherlands,NLD,2021-03-15 08:00:00,2021-03-15 09:00:00,0.06155
Netherlands,NLD,2021-03-15 09:00:00,2021-03-15 10:00:00,0.055049999999999995
Netherlands,NLD,2021-03-15 10:00:00,2021-03-15 11:00:00,0.05042
Netherlands,NLD,2021-03-15 11:00:00,2021-03-15 12:00:00,0.046990000000000004
Netherlands,NLD,2021-03-15 12:00:00,2021-03-15 13:00:00,0.04313
Netherlands,NLD,2021-03-15 13:00:00,2021-03-15 14:00:00,0.042
Netherlands,NLD,2021-03-15 14:00:00,2021-03-15 15:00:00,0.03959
Netherlands,NLD,2021-03-15 15:00:00,2021-03-15 16:00:00,0.04272
Netherlands,NLD,2021-03-15 16:00:00,2021-03-15 17:00:00,0.0506
Netherlands,NLD,2021-03-15 17:00:00,2021-03-15 18:00:00,0.06197
Netherlands,NLD,2021-03-15 18:00:00,2021-03-15 19:00:00,0.06781999999999999
Netherlands,NLD,2021-03-15 19:00:00,2021-03-15 20:00:00,0.05993
Netherlands,NLD,2021-03-15 20:00:00,2021-03-15 21:00:00,0.0559
Netherlands,NLD,2021-03-15 21:00:00,2021-03-15 22:00:00,0.05076
Netherlands,NLD,2021-03-15 22:00:00,2021-03-15 23:00:00,0.05
Netherlands,NLD,2021-03-15 23:00:00,2021-03-16 00:00:00,0.04546
Netherlands,NLD,2021-03-16 00:00:00,2021-03-16 01:00:00,0.04476
Netherlands,NLD,2021-03-16 01:00:00,2021-03-16 02:00:00,0.0451
Netherlands,NLD,2021-03-16 02:00:00,2021-03-16 03:00:00,0.04308
Netherlands,NLD,2021-03-16 03:00:00,2021-03-16 04:00:00,0.0441
Netherlands,NLD,2021-03-16 04:00:00,2021-03-16 05:00:00,0.0474
Netherlands,NLD,2021-03-16 05:00:00,2021-03-16 06:00:00,0.0591
Netherlands,NLD,2021-03-16 06:00:00,2021-03-16 07:00:00,0.06629
Netherlands,NLD,2021-03-16 07:00:00,2021-03-16 08:00:00,0.06892
Netherlands,NLD,2021-03-16 08:00:00,2021-03-16 09:00:00,0.06211
Netherlands,NLD,2021-03-16 09:00:00,2021-03-16 10:00:00,0.05993
Netherlands,NLD,2021-03-16 10:00:00,2021-03-16 11:00:00,0.05862
Netherlands,NLD,2021-03-16 11:00:00,2021-03-16 12:00:00,0.052899999999999996
Netherlands,NLD,2021-03-16 12:00:00,2021-03-16 13:00:00,0.04808
Netherlands,NLD,2021-03-16 13:00:00,2021-03-16 14:00:00,0.04861
Netherlands,NLD,2021-03-16 14:00:00,2021-03-16 15:00:00,0.05298
Netherlands,NLD,2021-03-16 15:00:00,2021-03-16 16:00:00,0.05999
Netherlands,NLD,2021-03-16 16:00:00,2021-03-16 17:00:00,0.06595999999999999
Netherlands,NLD,2021-03-16 17:00:00,2021-03-16 18:00:00,0.0707
Netherlands,NLD,2021-03-16 18:00:00,2021-03-16 19:00:00,0.07770999999999999
Netherlands,NLD,2021-03-16 19:00:00,2021-03-16 20:00:00,0.061399999999999996
Netherlands,NLD,2021-03-16 20:00:00,2021-03-16 21:00:00,0.05601
Netherlands,NLD,2021-03-16 21:00:00,2021-03-16 22:00:00,0.053880000000000004
Netherlands,NLD,2021-03-16 22:00:00,2021-03-16 23:00:00,0.04919
Netherlands,NLD,2021-03-16 23:00:00,2021-03-17 00:00:00,0.04614
Netherlands,NLD,2021-03-17 00:00:00,2021-03-17 01:00:00,0.04547
Netherlands,NLD,2021-03-17 01:00:00,2021-03-17 02:00:00,0.04381
Netherlands,NLD,2021-03-17 02:00:00,2021-03-17 03:00:00,0.04368
Netherlands,NLD,2021-03-17 03:00:00,2021-03-17 04:00:00,0.04269
Netherlands,NLD,2021-03-17 04:00:00,2021-03-17 05:00:00,0.046549999999999994
Netherlands,NLD,2021-03-17 05:00:00,2021-03-17 06:00:00,0.053810000000000004
Netherlands,NLD,2021-03-17 06:00:00,2021-03-17 07:00:00,0.06321
Netherlands,NLD,2021-03-17 07:00:00,2021-03-17 08:00:00,0.064
Netherlands,NLD,2021-03-17 08:00:00,2021-03-17 09:00:00,0.06255
Netherlands,NLD,2021-03-17 09:00:00,2021-03-17 10:00:00,0.05751
Netherlands,NLD,2021-03-17 10:00:00,2021-03-17 11:00:00,0.04547
Netherlands,NLD,2021-03-17 11:00:00,2021-03-17 12:00:00,0.05482
Netherlands,NLD,2021-03-17 12:00:00,2021-03-17 13:00:00,0.0476
Netherlands,NLD,2021-03-17 13:00:00,2021-03-17 14:00:00,0.04935
Netherlands,NLD,2021-03-17 14:00:00,2021-03-17 15:00:00,0.04951
Netherlands,NLD,2021-03-17 15:00:00,2021-03-17 16:00:00,0.05527
Netherlands,NLD,2021-03-17 16:00:00,2021-03-17 17:00:00,0.06620000000000001
Netherlands,NLD,2021-03-17 17:00:00,2021-03-17 18:00:00,0.07720999999999999
Netherlands,NLD,2021-03-17 18:00:00,2021-03-17 19:00:00,0.085
Netherlands,NLD,2021-03-17 19:00:00,2021-03-17 20:00:00,0.06928
Netherlands,NLD,2021-03-17 20:00:00,2021-03-17 21:00:00,0.06455
Netherlands,NLD,2021-03-17 21:00:00,2021-03-17 22:00:00,0.06246
Netherlands,NLD,2021-03-17 22:00:00,2021-03-17 23:00:00,0.06046
Netherlands,NLD,2021-03-17 23:00:00,2021-03-18 00:00:00,0.05112
Netherlands,NLD,2021-03-18 00:00:00,2021-03-18 01:00:00,0.04956
Netherlands,NLD,2021-03-18 01:00:00,2021-03-18 02:00:00,0.048170000000000004
Netherlands,NLD,2021-03-18 02:00:00,2021-03-18 03:00:00,0.047939999999999997
Netherlands,NLD,2021-03-18 03:00:00,2021-03-18 04:00:00,0.04703
Netherlands,NLD,2021-03-18 04:00:00,2021-03-18 05:00:00,0.05153
Netherlands,NLD,2021-03-18 05:00:00,2021-03-18 06:00:00,0.06605
Netherlands,NLD,2021-03-18 06:00:00,2021-03-18 07:00:00,0.07915000000000001
Netherlands,NLD,2021-03-18 07:00:00,2021-03-18 08:00:00,0.07834
Netherlands,NLD,2021-03-18 08:00:00,2021-03-18 09:00:00,0.075
Netherlands,NLD,2021-03-18 09:00:00,2021-03-18 10:00:00,0.06951
Netherlands,NLD,2021-03-18 10:00:00,2021-03-18 11:00:00,0.068
Netherlands,NLD,2021-03-18 11:00:00,2021-03-18 12:00:00,0.06531
Netherlands,NLD,2021-03-18 12:00:00,2021-03-18 13:00:00,0.061270000000000005
Netherlands,NLD,2021-03-18 13:00:00,2021-03-18 14:00:00,0.05967
Netherlands,NLD,2021-03-18 14:00:00,2021-03-18 15:00:00,0.061340000000000006
Netherlands,NLD,2021-03-18 15:00:00,2021-03-18 16:00:00,0.06436
Netherlands,NLD,2021-03-18 16:00:00,2021-03-18 17:00:00,0.075
Netherlands,NLD,2021-03-18 17:00:00,2021-03-18 18:00:00,0.08815
Netherlands,NLD,2021-03-18 18:00:00,2021-03-18 19:00:00,0.09870999999999999
Netherlands,NLD,2021-03-18 19:00:00,2021-03-18 20:00:00,0.07091
Netherlands,NLD,2021-03-18 20:00:00,2021-03-18 21:00:00,0.060149999999999995
Netherlands,NLD,2021-03-18 21:00:00,2021-03-18 22:00:00,0.057
Netherlands,NLD,2021-03-18 22:00:00,2021-03-18 23:00:00,0.048
Netherlands,NLD,2021-03-18 23:00:00,2021-03-19 00:00:00,0.0596
Netherlands,NLD,2021-03-19 00:00:00,2021-03-19 01:00:00,0.056240000000000005
Netherlands,NLD,2021-03-19 01:00:00,2021-03-19 02:00:00,0.05089
Netherlands,NLD,2021-03-19 02:00:00,2021-03-19 03:00:00,0.0485
Netherlands,NLD,2021-03-19 03:00:00,2021-03-19 04:00:00,0.05
Netherlands,NLD,2021-03-19 04:00:00,2021-03-19 05:00:00,0.0521
Netherlands,NLD,2021-03-19 05:00:00,2021-03-19 06:00:00,0.06702
Netherlands,NLD,2021-03-19 06:00:00,2021-03-19 07:00:00,0.07155
Netherlands,NLD,2021-03-19 07:00:00,2021-03-19 08:00:00,0.07153
Netherlands,NLD,2021-03-19 08:00:00,2021-03-19 09:00:00,0.06409999999999999
Netherlands,NLD,2021-03-19 09:00:00,2021-03-19 10:00:00,0.03959
Netherlands,NLD,2021-03-19 10:00:00,2021-03-19 11:00:00,0.0394
Netherlands,NLD,2021-03-19 11:00:00,2021-03-19 12:00:00,0.036899999999999995
Netherlands,NLD,2021-03-19 12:00:00,2021-03-19 13:00:00,0.03046
Netherlands,NLD,2021-03-19 13:00:00,2021-03-19 14:00:00,0.036
Netherlands,NLD,2021-03-19 14:00:00,2021-03-19 15:00:00,0.038380000000000004
Netherlands,NLD,2021-03-19 15:00:00,2021-03-19 16:00:00,0.03959
Netherlands,NLD,2021-03-19 16:00:00,2021-03-19 17:00:00,0.0503
Netherlands,NLD,2021-03-19 17:00:00,2021-03-19 18:00:00,0.06436
Netherlands,NLD,2021-03-19 18:00:00,2021-03-19 19:00:00,0.07299
Netherlands,NLD,2021-03-19 19:00:00,2021-03-19 20:00:00,0.0664
Netherlands,NLD,2021-03-19 20:00:00,2021-03-19 21:00:00,0.06199
Netherlands,NLD,2021-03-19 21:00:00,2021-03-19 22:00:00,0.06064
Netherlands,NLD,2021-03-19 22:00:00,2021-03-19 23:00:00,0.06011
Netherlands,NLD,2021-03-19 23:00:00,2021-03-20 00:00:00,0.05882
Netherlands,NLD,2021-03-20 00:00:00,2021-03-20 01:00:00,0.055740000000000005
Netherlands,NLD,2021-03-20 01:00:00,2021-03-20 02:00:00,0.054990000000000004
Netherlands,NLD,2021-03-20 02:00:00,2021-03-20 03:00:00,0.05081
Netherlands,NLD,2021-03-20 03:00:00,2021-03-20 04:00:00,0.05
Netherlands,NLD,2021-03-20 04:00:00,2021-03-20 05:00:00,0.05103
Netherlands,NLD,2021-03-20 05:00:00,2021-03-20 06:00:00,0.052539999999999996
Netherlands,NLD,2021-03-20 06:00:00,2021-03-20 07:00:00,0.05672
Netherlands,NLD,2021-03-20 07:00:00,2021-03-20 08:00:00,0.05336
Netherlands,NLD,2021-03-20 08:00:00,2021-03-20 09:00:00,0.05129
Netherlands,NLD,2021-03-20 09:00:00,2021-03-20 10:00:00,0.04707
Netherlands,NLD,2021-03-20 10:00:00,2021-03-20 11:00:00,0.04567
Netherlands,NLD,2021-03-20 11:00:00,2021-03-20 12:00:00,0.045079999999999995
Netherlands,NLD,2021-03-20 12:00:00,2021-03-20 13:00:00,0.04305
Netherlands,NLD,2021-03-20 13:00:00,2021-03-20 14:00:00,0.040979999999999996
Netherlands,NLD,2021-03-20 14:00:00,2021-03-20 15:00:00,0.044
Netherlands,NLD,2021-03-20 15:00:00,2021-03-20 16:00:00,0.04492
Netherlands,NLD,2021-03-20 16:00:00,2021-03-20 17:00:00,0.04994
Netherlands,NLD,2021-03-20 17:00:00,2021-03-20 18:00:00,0.0625
Netherlands,NLD,2021-03-20 18:00:00,2021-03-20 19:00:00,0.06809
Netherlands,NLD,2021-03-20 19:00:00,2021-03-20 20:00:00,0.05994
Netherlands,NLD,2021-03-20 20:00:00,2021-03-20 21:00:00,0.049030000000000004
Netherlands,NLD,2021-03-20 21:00:00,2021-03-20 22:00:00,0.048920000000000005
Netherlands,NLD,2021-03-20 22:00:00,2021-03-20 23:00:00,0.0442
Netherlands,NLD,2021-03-20 23:00:00,2021-03-21 00:00:00,0.0435
Netherlands,NLD,2021-03-21 00:00:00,2021-03-21 01:00:00,0.0574
Netherlands,NLD,2021-03-21 01:00:00,2021-03-21 02:00:00,0.05
Netherlands,NLD,2021-03-21 02:00:00,2021-03-21 03:00:00,0.0461
Netherlands,NLD,2021-03-21 03:00:00,2021-03-21 04:00:00,0.0461
Netherlands,NLD,2021-03-21 04:00:00,2021-03-21 05:00:00,0.04859
Netherlands,NLD,2021-03-21 05:00:00,2021-03-21 06:00:00,0.0499
Netherlands,NLD,2021-03-21 06:00:00,2021-03-21 07:00:00,0.0461
Netherlands,NLD,2021-03-21 07:00:00,2021-03-21 08:00:00,0.05095
Netherlands,NLD,2021-03-21 08:00:00,2021-03-21 09:00:00,0.052
Netherlands,NLD,2021-03-21 09:00:00,2021-03-21 10:00:00,0.032799999999999996
Netherlands,NLD,2021-03-21 10:00:00,2021-03-21 11:00:00,0.03487
Netherlands,NLD,2021-03-21 11:00:00,2021-03-21 12:00:00,0.033460000000000004
Netherlands,NLD,2021-03-21 12:00:00,2021-03-21 13:00:00,0.02334
Netherlands,NLD,2021-03-21 13:00:00,2021-03-21 14:00:00,0.0212
Netherlands,NLD,2021-03-21 14:00:00,2021-03-21 15:00:00,0.02259
Netherlands,NLD,2021-03-21 15:00:00,2021-03-21 16:00:00,0.03
Netherlands,NLD,2021-03-21 16:00:00,2021-03-21 17:00:00,0.041299999999999996
Netherlands,NLD,2021-03-21 17:00:00,2021-03-21 18:00:00,0.056049999999999996
Netherlands,NLD,2021-03-21 18:00:00,2021-03-21 19:00:00,0.06481999999999999
Netherlands,NLD,2021-03-21 19:00:00,2021-03-21 20:00:00,0.05947
Netherlands,NLD,2021-03-21 20:00:00,2021-03-21 21:00:00,0.054799999999999995
Netherlands,NLD,2021-03-21 21:00:00,2021-03-21 22:00:00,0.05527
Netherlands,NLD,2021-03-21 22:00:00,2021-03-21 23:00:00,0.045
Netherlands,NLD,2021-03-21 23:00:00,2021-03-22 00:00:00,0.04955
Netherlands,NLD,2021-03-22 00:00:00,2021-03-22 01:00:00,0.04874
Netherlands,NLD,2021-03-22 01:00:00,2021-03-22 02:00:00,0.04776
Netherlands,NLD,2021-03-22 02:00:00,2021-03-22 03:00:00,0.047009999999999996
Netherlands,NLD,2021-03-22 03:00:00,2021-03-22 04:00:00,0.0474
Netherlands,NLD,2021-03-22 04:00:00,2021-03-22 05:00:00,0.05056
Netherlands,NLD,2021-03-22 05:00:00,2021-03-22 06:00:00,0.062
Netherlands,NLD,2021-03-22 06:00:00,2021-03-22 07:00:00,0.073
Netherlands,NLD,2021-03-22 07:00:00,2021-03-22 08:00:00,0.07490000000000001
Netherlands,NLD,2021-03-22 08:00:00,2021-03-22 09:00:00,0.0716
Netherlands,NLD,2021-03-22 09:00:00,2021-03-22 10:00:00,0.06545999999999999
Netherlands,NLD,2021-03-22 10:00:00,2021-03-22 11:00:00,0.06191
Netherlands,NLD,2021-03-22 11:00:00,2021-03-22 12:00:00,0.05878
Netherlands,NLD,2021-03-22 12:00:00,2021-03-22 13:00:00,0.05249
Netherlands,NLD,2021-03-22 13:00:00,2021-03-22 14:00:00,0.05071
Netherlands,NLD,2021-03-22 14:00:00,2021-03-22 15:00:00,0.05101
Netherlands,NLD,2021-03-22 15:00:00,2021-03-22 16:00:00,0.054009999999999996
Netherlands,NLD,2021-03-22 16:00:00,2021-03-22 17:00:00,0.06398
Netherlands,NLD,2021-03-22 17:00:00,2021-03-22 18:00:00,0.0755
Netherlands,NLD,2021-03-22 18:00:00,2021-03-22 19:00:00,0.09047
Netherlands,NLD,2021-03-22 19:00:00,2021-03-22 20:00:00,0.075
Netherlands,NLD,2021-03-22 20:00:00,2021-03-22 21:00:00,0.06543
Netherlands,NLD,2021-03-22 21:00:00,2021-03-22 22:00:00,0.0608
Netherlands,NLD,2021-03-22 22:00:00,2021-03-22 23:00:00,0.04302
Netherlands,NLD,2021-03-22 23:00:00,2021-03-23 00:00:00,0.04333
Netherlands,NLD,2021-03-23 00:00:00,2021-03-23 01:00:00,0.04796
Netherlands,NLD,2021-03-23 01:00:00,2021-03-23 02:00:00,0.05004
Netherlands,NLD,2021-03-23 02:00:00,2021-03-23 03:00:00,0.0437
Netherlands,NLD,2021-03-23 03:00:00,2021-03-23 04:00:00,0.05256
Netherlands,NLD,2021-03-23 04:00:00,2021-03-23 05:00:00,0.05706
Netherlands,NLD,2021-03-23 05:00:00,2021-03-23 06:00:00,0.06525
Netherlands,NLD,2021-03-23 06:00:00,2021-03-23 07:00:00,0.07437
Netherlands,NLD,2021-03-23 07:00:00,2021-03-23 08:00:00,0.07590000000000001
Netherlands,NLD,2021-03-23 08:00:00,2021-03-23 09:00:00,0.0692
Netherlands,NLD,2021-03-23 09:00:00,2021-03-23 10:00:00,0.06346
Netherlands,NLD,2021-03-23 10:00:00,2021-03-23 11:00:00,0.04796
Netherlands,NLD,2021-03-23 11:00:00,2021-03-23 12:00:00,0.04692
Netherlands,NLD,2021-03-23 12:00:00,2021-03-23 13:00:00,0.0475
Netherlands,NLD,2021-03-23 13:00:00,2021-03-23 14:00:00,0.04793
Netherlands,NLD,2021-03-23 14:00:00,2021-03-23 15:00:00,0.05
Netherlands,NLD,2021-03-23 15:00:00,2021-03-23 16:00:00,0.060020000000000004
Netherlands,NLD,2021-03-23 16:00:00,2021-03-23 17:00:00,0.06464
Netherlands,NLD,2021-03-23 17:00:00,2021-03-23 18:00:00,0.0714
Netherlands,NLD,2021-03-23 18:00:00,2021-03-23 19:00:00,0.08349
Netherlands,NLD,2021-03-23 19:00:00,2021-03-23 20:00:00,0.07074
Netherlands,NLD,2021-03-23 20:00:00,2021-03-23 21:00:00,0.0571
Netherlands,NLD,2021-03-23 21:00:00,2021-03-23 22:00:00,0.05399
Netherlands,NLD,2021-03-23 22:00:00,2021-03-23 23:00:00,0.0429
Netherlands,NLD,2021-03-23 23:00:00,2021-03-24 00:00:00,0.045
Netherlands,NLD,2021-03-24 00:00:00,2021-03-24 01:00:00,0.0448
Netherlands,NLD,2021-03-24 01:00:00,2021-03-24 02:00:00,0.0444
Netherlands,NLD,2021-03-24 02:00:00,2021-03-24 03:00:00,0.045
Netherlands,NLD,2021-03-24 03:00:00,2021-03-24 04:00:00,0.04721
Netherlands,NLD,2021-03-24 04:00:00,2021-03-24 05:00:00,0.04464
Netherlands,NLD,2021-03-24 05:00:00,2021-03-24 06:00:00,0.06497
Netherlands,NLD,2021-03-24 06:00:00,2021-03-24 07:00:00,0.06382
Netherlands,NLD,2021-03-24 07:00:00,2021-03-24 08:00:00,0.06615
Netherlands,NLD,2021-03-24 08:00:00,2021-03-24 09:00:00,0.04586
Netherlands,NLD,2021-03-24 09:00:00,2021-03-24 10:00:00,0.04
Netherlands,NLD,2021-03-24 10:00:00,2021-03-24 11:00:00,0.040979999999999996
Netherlands,NLD,2021-03-24 11:00:00,2021-03-24 12:00:00,0.041
Netherlands,NLD,2021-03-24 12:00:00,2021-03-24 13:00:00,0.0426
Netherlands,NLD,2021-03-24 13:00:00,2021-03-24 14:00:00,0.044899999999999995
Netherlands,NLD,2021-03-24 14:00:00,2021-03-24 15:00:00,0.04882
Netherlands,NLD,2021-03-24 15:00:00,2021-03-24 16:00:00,0.05201
Netherlands,NLD,2021-03-24 16:00:00,2021-03-24 17:00:00,0.06105
Netherlands,NLD,2021-03-24 17:00:00,2021-03-24 18:00:00,0.07091
Netherlands,NLD,2021-03-24 18:00:00,2021-03-24 19:00:00,0.084
Netherlands,NLD,2021-03-24 19:00:00,2021-03-24 20:00:00,0.07357999999999999
Netherlands,NLD,2021-03-24 20:00:00,2021-03-24 21:00:00,0.06675
Netherlands,NLD,2021-03-24 21:00:00,2021-03-24 22:00:00,0.0625
Netherlands,NLD,2021-03-24 22:00:00,2021-03-24 23:00:00,0.0591
Netherlands,NLD,2021-03-24 23:00:00,2021-03-25 00:00:00,0.053770000000000005
Netherlands,NLD,2021-03-25 00:00:00,2021-03-25 01:00:00,0.05031
Netherlands,NLD,2021-03-25 01:00:00,2021-03-25 02:00:00,0.04968
Netherlands,NLD,2021-03-25 02:00:00,2021-03-25 03:00:00,0.04887
Netherlands,NLD,2021-03-25 03:00:00,2021-03-25 04:00:00,0.0502
Netherlands,NLD,2021-03-25 04:00:00,2021-03-25 05:00:00,0.05887
Netherlands,NLD,2021-03-25 05:00:00,2021-03-25 06:00:00,0.0688
Netherlands,NLD,2021-03-25 06:00:00,2021-03-25 07:00:00,0.07497
Netherlands,NLD,2021-03-25 07:00:00,2021-03-25 08:00:00,0.07493000000000001
Netherlands,NLD,2021-03-25 08:00:00,2021-03-25 09:00:00,0.06704
Netherlands,NLD,2021-03-25 09:00:00,2021-03-25 10:00:00,0.05625
Netherlands,NLD,2021-03-25 10:00:00,2021-03-25 11:00:00,0.04393
Netherlands,NLD,2021-03-25 11:00:00,2021-03-25 12:00:00,0.04337
Netherlands,NLD,2021-03-25 12:00:00,2021-03-25 13:00:00,0.04414
Netherlands,NLD,2021-03-25 13:00:00,2021-03-25 14:00:00,0.04273
Netherlands,NLD,2021-03-25 14:00:00,2021-03-25 15:00:00,0.0423
Netherlands,NLD,2021-03-25 15:00:00,2021-03-25 16:00:00,0.0455
Netherlands,NLD,2021-03-25 16:00:00,2021-03-25 17:00:00,0.05993
Netherlands,NLD,2021-03-25 17:00:00,2021-03-25 18:00:00,0.07215
Netherlands,NLD,2021-03-25 18:00:00,2021-03-25 19:00:00,0.08543
Netherlands,NLD,2021-03-25 19:00:00,2021-03-25 20:00:00,0.06414
Netherlands,NLD,2021-03-25 20:00:00,2021-03-25 21:00:00,0.047
Netherlands,NLD,2021-03-25 21:00:00,2021-03-25 22:00:00,0.0574
Netherlands,NLD,2021-03-25 22:00:00,2021-03-25 23:00:00,0.04444
Netherlands,NLD,2021-03-25 23:00:00,2021-03-26 00:00:00,0.04248
Netherlands,NLD,2021-03-26 00:00:00,2021-03-26 01:00:00,0.05005
Netherlands,NLD,2021-03-26 01:00:00,2021-03-26 02:00:00,0.04888
Netherlands,NLD,2021-03-26 02:00:00,2021-03-26 03:00:00,0.04607
Netherlands,NLD,2021-03-26 03:00:00,2021-03-26 04:00:00,0.04562
Netherlands,NLD,2021-03-26 04:00:00,2021-03-26 05:00:00,0.045
Netherlands,NLD,2021-03-26 05:00:00,2021-03-26 06:00:00,0.06019
Netherlands,NLD,2021-03-26 06:00:00,2021-03-26 07:00:00,0.06581000000000001
Netherlands,NLD,2021-03-26 07:00:00,2021-03-26 08:00:00,0.06341
Netherlands,NLD,2021-03-26 08:00:00,2021-03-26 09:00:00,0.046079999999999996
Netherlands,NLD,2021-03-26 09:00:00,2021-03-26 10:00:00,0.04076
Netherlands,NLD,2021-03-26 10:00:00,2021-03-26 11:00:00,0.03375
Netherlands,NLD,2021-03-26 11:00:00,2021-03-26 12:00:00,0.032670000000000005
Netherlands,NLD,2021-03-26 12:00:00,2021-03-26 13:00:00,0.03082
Netherlands,NLD,2021-03-26 13:00:00,2021-03-26 14:00:00,0.03557
Netherlands,NLD,2021-03-26 14:00:00,2021-03-26 15:00:00,0.039409999999999994
Netherlands,NLD,2021-03-26 15:00:00,2021-03-26 16:00:00,0.05029
Netherlands,NLD,2021-03-26 16:00:00,2021-03-26 17:00:00,0.06068
Netherlands,NLD,2021-03-26 17:00:00,2021-03-26 18:00:00,0.06243
Netherlands,NLD,2021-03-26 18:00:00,2021-03-26 19:00:00,0.06901
Netherlands,NLD,2021-03-26 19:00:00,2021-03-26 20:00:00,0.0643
Netherlands,NLD,2021-03-26 20:00:00,2021-03-26 21:00:00,0.057390000000000004
Netherlands,NLD,2021-03-26 21:00:00,2021-03-26 22:00:00,0.053329999999999995
Netherlands,NLD,2021-03-26 22:00:00,2021-03-26 23:00:00,0.0494
Netherlands,NLD,2021-03-26 23:00:00,2021-03-27 00:00:00,0.043
Netherlands,NLD,2021-03-27 00:00:00,2021-03-27 01:00:00,0.038090000000000006
Netherlands,NLD,2021-03-27 01:00:00,2021-03-27 02:00:00,0.036
Netherlands,NLD,2021-03-27 02:00:00,2021-03-27 03:00:00,0.03403
Netherlands,NLD,2021-03-27 03:00:00,2021-03-27 04:00:00,0.02945
Netherlands,NLD,2021-03-27 04:00:00,2021-03-27 05:00:00,0.03428
Netherlands,NLD,2021-03-27 05:00:00,2021-03-27 06:00:00,0.034390000000000004
Netherlands,NLD,2021-03-27 06:00:00,2021-03-27 07:00:00,0.03049
Netherlands,NLD,2021-03-27 07:00:00,2021-03-27 08:00:00,0.0251
Netherlands,NLD,2021-03-27 08:00:00,2021-03-27 09:00:00,0.01613
Netherlands,NLD,2021-03-27 09:00:00,2021-03-27 10:00:00,0.0023799999999999997
Netherlands,NLD,2021-03-27 10:00:00,2021-03-27 11:00:00,-0.0076100000000000004
Netherlands,NLD,2021-03-27 11:00:00,2021-03-27 12:00:00,-0.0499
Netherlands,NLD,2021-03-27 12:00:00,2021-03-27 13:00:00,-0.05
Netherlands,NLD,2021-03-27 13:00:00,2021-03-27 14:00:00,-0.03571
Netherlands,NLD,2021-03-27 14:00:00,2021-03-27 15:00:00,-0.00181
Netherlands,NLD,2021-03-27 15:00:00,2021-03-27 16:00:00,0.019489999999999997
Netherlands,NLD,2021-03-27 16:00:00,2021-03-27 17:00:00,0.0424
Netherlands,NLD,2021-03-27 17:00:00,2021-03-27 18:00:00,0.0575
Netherlands,NLD,2021-03-27 18:00:00,2021-03-27 19:00:00,0.06609999999999999
Netherlands,NLD,2021-03-27 19:00:00,2021-03-27 20:00:00,0.07315
Netherlands,NLD,2021-03-27 20:00:00,2021-03-27 21:00:00,0.04938
Netherlands,NLD,2021-03-27 21:00:00,2021-03-27 22:00:00,0.053
Netherlands,NLD,2021-03-27 22:00:00,2021-03-27 23:00:00,0.04647
Netherlands,NLD,2021-03-27 23:00:00,2021-03-28 00:00:00,0.05
Netherlands,NLD,2021-03-28 00:00:00,2021-03-28 01:00:00,0.038619999999999995
Netherlands,NLD,2021-03-28 01:00:00,2021-03-28 03:00:00,0.03543
Netherlands,NLD,2021-03-28 02:00:00,2021-03-28 04:00:00,0.035
Netherlands,NLD,2021-03-28 03:00:00,2021-03-28 05:00:00,0.03507
Netherlands,NLD,2021-03-28 04:00:00,2021-03-28 06:00:00,0.03567
Netherlands,NLD,2021-03-28 05:00:00,2021-03-28 07:00:00,0.03572
Netherlands,NLD,2021-03-28 06:00:00,2021-03-28 08:00:00,0.02768
Netherlands,NLD,2021-03-28 07:00:00,2021-03-28 09:00:00,0.03
Netherlands,NLD,2021-03-28 08:00:00,2021-03-28 10:00:00,0.019899999999999998
Netherlands,NLD,2021-03-28 09:00:00,2021-03-28 11:00:00,0.00188
Netherlands,NLD,2021-03-28 10:00:00,2021-03-28 12:00:00,-0.012
Netherlands,NLD,2021-03-28 11:00:00,2021-03-28 13:00:00,-0.00101
Netherlands,NLD,2021-03-28 12:00:00,2021-03-28 14:00:00,-0.012
Netherlands,NLD,2021-03-28 13:00:00,2021-03-28 15:00:00,-0.02416
Netherlands,NLD,2021-03-28 14:00:00,2021-03-28 16:00:00,-0.01214
Netherlands,NLD,2021-03-28 15:00:00,2021-03-28 17:00:00,0.00455
Netherlands,NLD,2021-03-28 16:00:00,2021-03-28 18:00:00,0.0353
Netherlands,NLD,2021-03-28 17:00:00,2021-03-28 19:00:00,0.04304
Netherlands,NLD,2021-03-28 18:00:00,2021-03-28 20:00:00,0.06092
Netherlands,NLD,2021-03-28 19:00:00,2021-03-28 21:00:00,0.05888
Netherlands,NLD,2021-03-28 20:00:00,2021-03-28 22:00:00,0.041
Netherlands,NLD,2021-03-28 21:00:00,2021-03-28 23:00:00,0.0399
Netherlands,NLD,2021-03-28 22:00:00,2021-03-29 00:00:00,0.02757
Netherlands,NLD,2021-03-28 23:00:00,2021-03-29 01:00:00,0.02223
Netherlands,NLD,2021-03-29 00:00:00,2021-03-29 02:00:00,0.022
Netherlands,NLD,2021-03-29 01:00:00,2021-03-29 03:00:00,0.02259
Netherlands,NLD,2021-03-29 02:00:00,2021-03-29 04:00:00,0.02323
Netherlands,NLD,2021-03-29 03:00:00,2021-03-29 05:00:00,0.03536
Netherlands,NLD,2021-03-29 04:00:00,2021-03-29 06:00:00,0.0512
Netherlands,NLD,2021-03-29 05:00:00,2021-03-29 07:00:00,0.06725
Netherlands,NLD,2021-03-29 06:00:00,2021-03-29 08:00:00,0.07122
Netherlands,NLD,2021-03-29 07:00:00,2021-03-29 09:00:00,0.04968
Netherlands,NLD,2021-03-29 08:00:00,2021-03-29 10:00:00,0.03658
Netherlands,NLD,2021-03-29 09:00:00,2021-03-29 11:00:00,0.028579999999999998
Netherlands,NLD,2021-03-29 10:00:00,2021-03-29 12:00:00,0.015
Netherlands,NLD,2021-03-29 11:00:00,2021-03-29 13:00:00,0.00818
Netherlands,NLD,2021-03-29 12:00:00,2021-03-29 14:00:00,0.014369999999999999
Netherlands,NLD,2021-03-29 13:00:00,2021-03-29 15:00:00,0.01874
Netherlands,NLD,2021-03-29 14:00:00,2021-03-29 16:00:00,0.0201
Netherlands,NLD,2021-03-29 15:00:00,2021-03-29 17:00:00,0.039670000000000004
Netherlands,NLD,2021-03-29 16:00:00,2021-03-29 18:00:00,0.05768
Netherlands,NLD,2021-03-29 17:00:00,2021-03-29 19:00:00,0.06763
Netherlands,NLD,2021-03-29 18:00:00,2021-03-29 20:00:00,0.06815
Netherlands,NLD,2021-03-29 19:00:00,2021-03-29 21:00:00,0.06402
Netherlands,NLD,2021-03-29 20:00:00,2021-03-29 22:00:00,0.059179999999999996
Netherlands,NLD,2021-03-29 21:00:00,2021-03-29 23:00:00,0.056
Netherlands,NLD,2021-03-29 22:00:00,2021-03-30 00:00:00,0.04708
Netherlands,NLD,2021-03-29 23:00:00,2021-03-30 01:00:00,0.04646
Netherlands,NLD,2021-03-30 00:00:00,2021-03-30 02:00:00,0.044649999999999995
Netherlands,NLD,2021-03-30 01:00:00,2021-03-30 03:00:00,0.045590000000000006
Netherlands,NLD,2021-03-30 02:00:00,2021-03-30 04:00:00,0.046270000000000006
Netherlands,NLD,2021-03-30 03:00:00,2021-03-30 05:00:00,0.053219999999999996
Netherlands,NLD,2021-03-30 04:00:00,2021-03-30 06:00:00,0.06509000000000001
Netherlands,NLD,2021-03-30 05:00:00,2021-03-30 07:00:00,0.07822
Netherlands,NLD,2021-03-30 06:00:00,2021-03-30 08:00:00,0.07673
Netherlands,NLD,2021-03-30 07:00:00,2021-03-30 09:00:00,0.06462999999999999
Netherlands,NLD,2021-03-30 08:00:00,2021-03-30 10:00:00,0.05044
Netherlands,NLD,2021-03-30 09:00:00,2021-03-30 11:00:00,0.04444
Netherlands,NLD,2021-03-30 10:00:00,2021-03-30 12:00:00,0.0446
Netherlands,NLD,2021-03-30 11:00:00,2021-03-30 13:00:00,0.04179
Netherlands,NLD,2021-03-30 12:00:00,2021-03-30 14:00:00,0.038770000000000006
Netherlands,NLD,2021-03-30 13:00:00,2021-03-30 15:00:00,0.038950000000000005
Netherlands,NLD,2021-03-30 14:00:00,2021-03-30 16:00:00,0.04113
Netherlands,NLD,2021-03-30 15:00:00,2021-03-30 17:00:00,0.05152
Netherlands,NLD,2021-03-30 16:00:00,2021-03-30 18:00:00,0.06294
Netherlands,NLD,2021-03-30 17:00:00,2021-03-30 19:00:00,0.07052
Netherlands,NLD,2021-03-30 18:00:00,2021-03-30 20:00:00,0.07701000000000001
Netherlands,NLD,2021-03-30 19:00:00,2021-03-30 21:00:00,0.06353
Netherlands,NLD,2021-03-30 20:00:00,2021-03-30 22:00:00,0.0501
Netherlands,NLD,2021-03-30 21:00:00,2021-03-30 23:00:00,0.05
Netherlands,NLD,2021-03-30 22:00:00,2021-03-31 00:00:00,0.05658
Netherlands,NLD,2021-03-30 23:00:00,2021-03-31 01:00:00,0.05097
Netherlands,NLD,2021-03-31 00:00:00,2021-03-31 02:00:00,0.05
Netherlands,NLD,2021-03-31 01:00:00,2021-03-31 03:00:00,0.04918
Netherlands,NLD,2021-03-31 02:00:00,2021-03-31 04:00:00,0.04833
Netherlands,NLD,2021-03-31 03:00:00,2021-03-31 05:00:00,0.05354
Netherlands,NLD,2021-03-31 04:00:00,2021-03-31 06:00:00,0.05589
Netherlands,NLD,2021-03-31 05:00:00,2021-03-31 07:00:00,0.07511
Netherlands,NLD,2021-03-31 06:00:00,2021-03-31 08:00:00,0.07639
Netherlands,NLD,2021-03-31 07:00:00,2021-03-31 09:00:00,0.06598000000000001
Netherlands,NLD,2021-03-31 08:00:00,2021-03-31 10:00:00,0.05681
Netherlands,NLD,2021-03-31 09:00:00,2021-03-31 11:00:00,0.05071
Netherlands,NLD,2021-03-31 10:00:00,2021-03-31 12:00:00,0.049
Netherlands,NLD,2021-03-31 11:00:00,2021-03-31 13:00:00,0.04665999999999999
Netherlands,NLD,2021-03-31 12:00:00,2021-03-31 14:00:00,0.04309
Netherlands,NLD,2021-03-31 13:00:00,2021-03-31 15:00:00,0.04392
Netherlands,NLD,2021-03-31 14:00:00,2021-03-31 16:00:00,0.04679
Netherlands,NLD,2021-03-31 15:00:00,2021-03-31 17:00:00,0.05132
Netherlands,NLD,2021-03-31 16:00:00,2021-03-31 18:00:00,0.06
Netherlands,NLD,2021-03-31 17:00:00,2021-03-31 19:00:00,0.06
Netherlands,NLD,2021-03-31 18:00:00,2021-03-31 20:00:00,0.06633
Netherlands,NLD,2021-03-31 19:00:00,2021-03-31 21:00:00,0.06615
Netherlands,NLD,2021-03-31 20:00:00,2021-03-31 22:00:00,0.0629
Netherlands,NLD,2021-03-31 21:00:00,2021-03-31 23:00:00,0.055920000000000004
Netherlands,NLD,2021-03-31 22:00:00,2021-04-01 00:00:00,0.054380000000000005
Netherlands,NLD,2021-03-31 23:00:00,2021-04-01 01:00:00,0.04782
Netherlands,NLD,2021-04-01 00:00:00,2021-04-01 02:00:00,0.0451
Netherlands,NLD,2021-04-01 01:00:00,2021-04-01 03:00:00,0.04417
Netherlands,NLD,2021-04-01 02:00:00,2021-04-01 04:00:00,0.04414
Netherlands,NLD,2021-04-01 03:00:00,2021-04-01 05:00:00,0.045700000000000005
Netherlands,NLD,2021-04-01 04:00:00,2021-04-01 06:00:00,0.061869999999999994
Netherlands,NLD,2021-04-01 05:00:00,2021-04-01 07:00:00,0.07097
Netherlands,NLD,2021-04-01 06:00:00,2021-04-01 08:00:00,0.067
Netherlands,NLD,2021-04-01 07:00:00,2021-04-01 09:00:00,0.0505
Netherlands,NLD,2021-04-01 08:00:00,2021-04-01 10:00:00,0.045
Netherlands,NLD,2021-04-01 09:00:00,2021-04-01 11:00:00,0.04267
Netherlands,NLD,2021-04-01 10:00:00,2021-04-01 12:00:00,0.04107
Netherlands,NLD,2021-04-01 11:00:00,2021-04-01 13:00:00,0.037450000000000004
Netherlands,NLD,2021-04-01 12:00:00,2021-04-01 14:00:00,0.03426
Netherlands,NLD,2021-04-01 13:00:00,2021-04-01 15:00:00,0.038509999999999996
Netherlands,NLD,2021-04-01 14:00:00,2021-04-01 16:00:00,0.04297
Netherlands,NLD,2021-04-01 15:00:00,2021-04-01 17:00:00,0.04935
Netherlands,NLD,2021-04-01 16:00:00,2021-04-01 18:00:00,0.05719
Netherlands,NLD,2021-04-01 17:00:00,2021-04-01 19:00:00,0.06358
Netherlands,NLD,2021-04-01 18:00:00,2021-04-01 20:00:00,0.06641
Netherlands,NLD,2021-04-01 19:00:00,2021-04-01 21:00:00,0.06128
Netherlands,NLD,2021-04-01 20:00:00,2021-04-01 22:00:00,0.05883
Netherlands,NLD,2021-04-01 21:00:00,2021-04-01 23:00:00,0.05482
Netherlands,NLD,2021-04-01 22:00:00,2021-04-02 00:00:00,0.054240000000000003
Netherlands,NLD,2021-04-01 23:00:00,2021-04-02 01:00:00,0.04977
Netherlands,NLD,2021-04-02 00:00:00,2021-04-02 02:00:00,0.047
Netherlands,NLD,2021-04-02 01:00:00,2021-04-02 03:00:00,0.0437
Netherlands,NLD,2021-04-02 02:00:00,2021-04-02 04:00:00,0.04396
Netherlands,NLD,2021-04-02 03:00:00,2021-04-02 05:00:00,0.047170000000000004
Netherlands,NLD,2021-04-02 04:00:00,2021-04-02 06:00:00,0.053520000000000005
Netherlands,NLD,2021-04-02 05:00:00,2021-04-02 07:00:00,0.06024
Netherlands,NLD,2021-04-02 06:00:00,2021-04-02 08:00:00,0.06067
Netherlands,NLD,2021-04-02 07:00:00,2021-04-02 09:00:00,0.05625
Netherlands,NLD,2021-04-02 08:00:00,2021-04-02 10:00:00,0.048299999999999996
Netherlands,NLD,2021-04-02 09:00:00,2021-04-02 11:00:00,0.04911
Netherlands,NLD,2021-04-02 10:00:00,2021-04-02 12:00:00,0.059359999999999996
Netherlands,NLD,2021-04-02 11:00:00,2021-04-02 13:00:00,0.04238
Netherlands,NLD,2021-04-02 12:00:00,2021-04-02 14:00:00,0.031
Netherlands,NLD,2021-04-02 13:00:00,2021-04-02 15:00:00,0.02382
Netherlands,NLD,2021-04-02 14:00:00,2021-04-02 16:00:00,0.0124
Netherlands,NLD,2021-04-02 15:00:00,2021-04-02 17:00:00,0.030010000000000002
Netherlands,NLD,2021-04-02 16:00:00,2021-04-02 18:00:00,0.042
Netherlands,NLD,2021-04-02 17:00:00,2021-04-02 19:00:00,0.04972
Netherlands,NLD,2021-04-02 18:00:00,2021-04-02 20:00:00,0.05074
Netherlands,NLD,2021-04-02 19:00:00,2021-04-02 21:00:00,0.045
Netherlands,NLD,2021-04-02 20:00:00,2021-04-02 22:00:00,0.045
Netherlands,NLD,2021-04-02 21:00:00,2021-04-02 23:00:00,0.04337
Netherlands,NLD,2021-04-02 22:00:00,2021-04-03 00:00:00,0.04201
Netherlands,NLD,2021-04-02 23:00:00,2021-04-03 01:00:00,0.0384
Netherlands,NLD,2021-04-03 00:00:00,2021-04-03 02:00:00,0.037509999999999995
Netherlands,NLD,2021-04-03 01:00:00,2021-04-03 03:00:00,0.03723
Netherlands,NLD,2021-04-03 02:00:00,2021-04-03 04:00:00,0.0371
Netherlands,NLD,2021-04-03 03:00:00,2021-04-03 05:00:00,0.03768
Netherlands,NLD,2021-04-03 04:00:00,2021-04-03 06:00:00,0.040100000000000004
Netherlands,NLD,2021-04-03 05:00:00,2021-04-03 07:00:00,0.04201
Netherlands,NLD,2021-04-03 06:00:00,2021-04-03 08:00:00,0.045880000000000004
Netherlands,NLD,2021-04-03 07:00:00,2021-04-03 09:00:00,0.04714
Netherlands,NLD,2021-04-03 08:00:00,2021-04-03 10:00:00,0.04108
Netherlands,NLD,2021-04-03 09:00:00,2021-04-03 11:00:00,0.037149999999999996
Netherlands,NLD,2021-04-03 10:00:00,2021-04-03 12:00:00,0.03389
Netherlands,NLD,2021-04-03 11:00:00,2021-04-03 13:00:00,0.0237
Netherlands,NLD,2021-04-03 12:00:00,2021-04-03 14:00:00,0.01679
Netherlands,NLD,2021-04-03 13:00:00,2021-04-03 15:00:00,0.00966
Netherlands,NLD,2021-04-03 14:00:00,2021-04-03 16:00:00,0.019129999999999998
Netherlands,NLD,2021-04-03 15:00:00,2021-04-03 17:00:00,0.03507
Netherlands,NLD,2021-04-03 16:00:00,2021-04-03 18:00:00,0.045829999999999996
Netherlands,NLD,2021-04-03 17:00:00,2021-04-03 19:00:00,0.055060000000000005
Netherlands,NLD,2021-04-03 18:00:00,2021-04-03 20:00:00,0.05753
Netherlands,NLD,2021-04-03 19:00:00,2021-04-03 21:00:00,0.053200000000000004
Netherlands,NLD,2021-04-03 20:00:00,2021-04-03 22:00:00,0.05148
Netherlands,NLD,2021-04-03 21:00:00,2021-04-03 23:00:00,0.04844
Netherlands,NLD,2021-04-03 22:00:00,2021-04-04 00:00:00,0.04746
Netherlands,NLD,2021-04-03 23:00:00,2021-04-04 01:00:00,0.04071
Netherlands,NLD,2021-04-04 00:00:00,2021-04-04 02:00:00,0.03983
Netherlands,NLD,2021-04-04 01:00:00,2021-04-04 03:00:00,0.03971
Netherlands,NLD,2021-04-04 02:00:00,2021-04-04 04:00:00,0.038579999999999996
Netherlands,NLD,2021-04-04 03:00:00,2021-04-04 05:00:00,0.037700000000000004
Netherlands,NLD,2021-04-04 04:00:00,2021-04-04 06:00:00,0.03681
Netherlands,NLD,2021-04-04 05:00:00,2021-04-04 07:00:00,0.03843
Netherlands,NLD,2021-04-04 06:00:00,2021-04-04 08:00:00,0.03953
Netherlands,NLD,2021-04-04 07:00:00,2021-04-04 09:00:00,0.03599
Netherlands,NLD,2021-04-04 08:00:00,2021-04-04 10:00:00,0.03156
Netherlands,NLD,2021-04-04 09:00:00,2021-04-04 11:00:00,0.026539999999999998
Netherlands,NLD,2021-04-04 10:00:00,2021-04-04 12:00:00,0.023289999999999998
Netherlands,NLD,2021-04-04 11:00:00,2021-04-04 13:00:00,0.01047
Netherlands,NLD,2021-04-04 12:00:00,2021-04-04 14:00:00,0.00202
Netherlands,NLD,2021-04-04 13:00:00,2021-04-04 15:00:00,0.0001
Netherlands,NLD,2021-04-04 14:00:00,2021-04-04 16:00:00,0.00101
Netherlands,NLD,2021-04-04 15:00:00,2021-04-04 17:00:00,0.00718
Netherlands,NLD,2021-04-04 16:00:00,2021-04-04 18:00:00,0.031010000000000003
Netherlands,NLD,2021-04-04 17:00:00,2021-04-04 19:00:00,0.039869999999999996
Netherlands,NLD,2021-04-04 18:00:00,2021-04-04 20:00:00,0.047450000000000006
Netherlands,NLD,2021-04-04 19:00:00,2021-04-04 21:00:00,0.0405
Netherlands,NLD,2021-04-04 20:00:00,2021-04-04 22:00:00,0.03338
Netherlands,NLD,2021-04-04 21:00:00,2021-04-04 23:00:00,0.02528
Netherlands,NLD,2021-04-04 22:00:00,2021-04-05 00:00:00,0.0149
Netherlands,NLD,2021-04-04 23:00:00,2021-04-05 01:00:00,0.019899999999999998
Netherlands,NLD,2021-04-05 00:00:00,2021-04-05 02:00:00,0.013380000000000001
Netherlands,NLD,2021-04-05 01:00:00,2021-04-05 03:00:00,0.01451
Netherlands,NLD,2021-04-05 02:00:00,2021-04-05 04:00:00,0.00818
Netherlands,NLD,2021-04-05 03:00:00,2021-04-05 05:00:00,0.0
Netherlands,NLD,2021-04-05 04:00:00,2021-04-05 06:00:00,0.00488
Netherlands,NLD,2021-04-05 05:00:00,2021-04-05 07:00:00,0.01151
Netherlands,NLD,2021-04-05 06:00:00,2021-04-05 08:00:00,0.02088
Netherlands,NLD,2021-04-05 07:00:00,2021-04-05 09:00:00,0.03152
Netherlands,NLD,2021-04-05 08:00:00,2021-04-05 10:00:00,0.02178
Netherlands,NLD,2021-04-05 09:00:00,2021-04-05 11:00:00,0.005
Netherlands,NLD,2021-04-05 10:00:00,2021-04-05 12:00:00,-0.01
Netherlands,NLD,2021-04-05 11:00:00,2021-04-05 13:00:00,-0.03485
Netherlands,NLD,2021-04-05 12:00:00,2021-04-05 14:00:00,-0.03691
Netherlands,NLD,2021-04-05 13:00:00,2021-04-05 15:00:00,-0.03701
Netherlands,NLD,2021-04-05 14:00:00,2021-04-05 16:00:00,-0.0275
Netherlands,NLD,2021-04-05 15:00:00,2021-04-05 17:00:00,0.0
Netherlands,NLD,2021-04-05 16:00:00,2021-04-05 18:00:00,0.019559999999999998
Netherlands,NLD,2021-04-05 17:00:00,2021-04-05 19:00:00,0.0453
Netherlands,NLD,2021-04-05 18:00:00,2021-04-05 20:00:00,0.0485
Netherlands,NLD,2021-04-05 19:00:00,2021-04-05 21:00:00,0.0453
Netherlands,NLD,2021-04-05 20:00:00,2021-04-05 22:00:00,0.0349
Netherlands,NLD,2021-04-05 21:00:00,2021-04-05 23:00:00,0.03077
Netherlands,NLD,2021-04-05 22:00:00,2021-04-06 00:00:00,0.01884
Netherlands,NLD,2021-04-05 23:00:00,2021-04-06 01:00:00,0.01735
Netherlands,NLD,2021-04-06 00:00:00,2021-04-06 02:00:00,0.01576
Netherlands,NLD,2021-04-06 01:00:00,2021-04-06 03:00:00,0.01702
Netherlands,NLD,2021-04-06 02:00:00,2021-04-06 04:00:00,0.01768
Netherlands,NLD,2021-04-06 03:00:00,2021-04-06 05:00:00,0.03023
Netherlands,NLD,2021-04-06 04:00:00,2021-04-06 06:00:00,0.053689999999999995
Netherlands,NLD,2021-04-06 05:00:00,2021-04-06 07:00:00,0.06781000000000001
Netherlands,NLD,2021-04-06 06:00:00,2021-04-06 08:00:00,0.09473999999999999
Netherlands,NLD,2021-04-06 07:00:00,2021-04-06 09:00:00,0.06
Netherlands,NLD,2021-04-06 08:00:00,2021-04-06 10:00:00,0.0453
Netherlands,NLD,2021-04-06 09:00:00,2021-04-06 11:00:00,0.03596
Netherlands,NLD,2021-04-06 10:00:00,2021-04-06 12:00:00,0.030719999999999997
Netherlands,NLD,2021-04-06 11:00:00,2021-04-06 13:00:00,0.026
Netherlands,NLD,2021-04-06 12:00:00,2021-04-06 14:00:00,0.0181
Netherlands,NLD,2021-04-06 13:00:00,2021-04-06 15:00:00,0.02255
Netherlands,NLD,2021-04-06 14:00:00,2021-04-06 16:00:00,0.02779
Netherlands,NLD,2021-04-06 15:00:00,2021-04-06 17:00:00,0.038729999999999994
Netherlands,NLD,2021-04-06 16:00:00,2021-04-06 18:00:00,0.05258
Netherlands,NLD,2021-04-06 17:00:00,2021-04-06 19:00:00,0.06651
Netherlands,NLD,2021-04-06 18:00:00,2021-04-06 20:00:00,0.07144
Netherlands,NLD,2021-04-06 19:00:00,2021-04-06 21:00:00,0.05946
Netherlands,NLD,2021-04-06 20:00:00,2021-04-06 22:00:00,0.056670000000000005
Netherlands,NLD,2021-04-06 21:00:00,2021-04-06 23:00:00,0.04775
Netherlands,NLD,2021-04-06 22:00:00,2021-04-07 00:00:00,0.0549
Netherlands,NLD,2021-04-06 23:00:00,2021-04-07 01:00:00,0.04562
Netherlands,NLD,2021-04-07 00:00:00,2021-04-07 02:00:00,0.045399999999999996
Netherlands,NLD,2021-04-07 01:00:00,2021-04-07 03:00:00,0.040670000000000005
Netherlands,NLD,2021-04-07 02:00:00,2021-04-07 04:00:00,0.039520000000000007
Netherlands,NLD,2021-04-07 03:00:00,2021-04-07 05:00:00,0.0426
Netherlands,NLD,2021-04-07 04:00:00,2021-04-07 06:00:00,0.05734
Netherlands,NLD,2021-04-07 05:00:00,2021-04-07 07:00:00,0.07787999999999999
Netherlands,NLD,2021-04-07 06:00:00,2021-04-07 08:00:00,0.08247
Netherlands,NLD,2021-04-07 07:00:00,2021-04-07 09:00:00,0.06512000000000001
Netherlands,NLD,2021-04-07 08:00:00,2021-04-07 10:00:00,0.047920000000000004
Netherlands,NLD,2021-04-07 09:00:00,2021-04-07 11:00:00,0.04636
Netherlands,NLD,2021-04-07 10:00:00,2021-04-07 12:00:00,0.04026
Netherlands,NLD,2021-04-07 11:00:00,2021-04-07 13:00:00,0.037899999999999996
Netherlands,NLD,2021-04-07 12:00:00,2021-04-07 14:00:00,0.03661
Netherlands,NLD,2021-04-07 13:00:00,2021-04-07 15:00:00,0.038
Netherlands,NLD,2021-04-07 14:00:00,2021-04-07 16:00:00,0.03903
Netherlands,NLD,2021-04-07 15:00:00,2021-04-07 17:00:00,0.0424
Netherlands,NLD,2021-04-07 16:00:00,2021-04-07 18:00:00,0.047799999999999995
Netherlands,NLD,2021-04-07 17:00:00,2021-04-07 19:00:00,0.066
Netherlands,NLD,2021-04-07 18:00:00,2021-04-07 20:00:00,0.07490999999999999
Netherlands,NLD,2021-04-07 19:00:00,2021-04-07 21:00:00,0.07536
Netherlands,NLD,2021-04-07 20:00:00,2021-04-07 22:00:00,0.0476
Netherlands,NLD,2021-04-07 21:00:00,2021-04-07 23:00:00,0.046310000000000004
Netherlands,NLD,2021-04-07 22:00:00,2021-04-08 00:00:00,0.06528
Netherlands,NLD,2021-04-07 23:00:00,2021-04-08 01:00:00,0.055
Netherlands,NLD,2021-04-08 00:00:00,2021-04-08 02:00:00,0.0637
Netherlands,NLD,2021-04-08 01:00:00,2021-04-08 03:00:00,0.06
Netherlands,NLD,2021-04-08 02:00:00,2021-04-08 04:00:00,0.06712
Netherlands,NLD,2021-04-08 03:00:00,2021-04-08 05:00:00,0.053399999999999996
Netherlands,NLD,2021-04-08 04:00:00,2021-04-08 06:00:00,0.05949
Netherlands,NLD,2021-04-08 05:00:00,2021-04-08 07:00:00,0.07986
Netherlands,NLD,2021-04-08 06:00:00,2021-04-08 08:00:00,0.09926
Netherlands,NLD,2021-04-08 07:00:00,2021-04-08 09:00:00,0.06649
Netherlands,NLD,2021-04-08 08:00:00,2021-04-08 10:00:00,0.0479
Netherlands,NLD,2021-04-08 09:00:00,2021-04-08 11:00:00,0.047200000000000006
Netherlands,NLD,2021-04-08 10:00:00,2021-04-08 12:00:00,0.047189999999999996
Netherlands,NLD,2021-04-08 11:00:00,2021-04-08 13:00:00,0.04117
Netherlands,NLD,2021-04-08 12:00:00,2021-04-08 14:00:00,0.039990000000000005
Netherlands,NLD,2021-04-08 13:00:00,2021-04-08 15:00:00,0.04
Netherlands,NLD,2021-04-08 14:00:00,2021-04-08 16:00:00,0.04
Netherlands,NLD,2021-04-08 15:00:00,2021-04-08 17:00:00,0.04668
Netherlands,NLD,2021-04-08 16:00:00,2021-04-08 18:00:00,0.058
Netherlands,NLD,2021-04-08 17:00:00,2021-04-08 19:00:00,0.07088
Netherlands,NLD,2021-04-08 18:00:00,2021-04-08 20:00:00,0.0701
Netherlands,NLD,2021-04-08 19:00:00,2021-04-08 21:00:00,0.046270000000000006
Netherlands,NLD,2021-04-08 20:00:00,2021-04-08 22:00:00,0.04346
Netherlands,NLD,2021-04-08 21:00:00,2021-04-08 23:00:00,0.030940000000000002
Netherlands,NLD,2021-04-08 22:00:00,2021-04-09 00:00:00,0.03555
Netherlands,NLD,2021-04-08 23:00:00,2021-04-09 01:00:00,0.039119999999999995
Netherlands,NLD,2021-04-09 00:00:00,2021-04-09 02:00:00,0.03717
Netherlands,NLD,2021-04-09 01:00:00,2021-04-09 03:00:00,0.03713
Netherlands,NLD,2021-04-09 02:00:00,2021-04-09 04:00:00,0.04127
Netherlands,NLD,2021-04-09 03:00:00,2021-04-09 05:00:00,0.043
Netherlands,NLD,2021-04-09 04:00:00,2021-04-09 06:00:00,0.044969999999999996
Netherlands,NLD,2021-04-09 05:00:00,2021-04-09 07:00:00,0.05371
Netherlands,NLD,2021-04-09 06:00:00,2021-04-09 08:00:00,0.086
Netherlands,NLD,2021-04-09 07:00:00,2021-04-09 09:00:00,0.052399999999999995
Netherlands,NLD,2021-04-09 08:00:00,2021-04-09 10:00:00,0.046
Netherlands,NLD,2021-04-09 09:00:00,2021-04-09 11:00:00,0.045
Netherlands,NLD,2021-04-09 10:00:00,2021-04-09 12:00:00,0.046799999999999994
Netherlands,NLD,2021-04-09 11:00:00,2021-04-09 13:00:00,0.054
Netherlands,NLD,2021-04-09 12:00:00,2021-04-09 14:00:00,0.06
Netherlands,NLD,2021-04-09 13:00:00,2021-04-09 15:00:00,0.0464
Netherlands,NLD,2021-04-09 14:00:00,2021-04-09 16:00:00,0.05811
Netherlands,NLD,2021-04-09 15:00:00,2021-04-09 17:00:00,0.06393
Netherlands,NLD,2021-04-09 16:00:00,2021-04-09 18:00:00,0.07068
Netherlands,NLD,2021-04-09 17:00:00,2021-04-09 19:00:00,0.083
Netherlands,NLD,2021-04-09 18:00:00,2021-04-09 20:00:00,0.0849
Netherlands,NLD,2021-04-09 19:00:00,2021-04-09 21:00:00,0.07651000000000001
Netherlands,NLD,2021-04-09 20:00:00,2021-04-09 22:00:00,0.06758
Netherlands,NLD,2021-04-09 21:00:00,2021-04-09 23:00:00,0.060020000000000004
Netherlands,NLD,2021-04-09 22:00:00,2021-04-10 00:00:00,0.06602
Netherlands,NLD,2021-04-09 23:00:00,2021-04-10 01:00:00,0.06121
Netherlands,NLD,2021-04-10 00:00:00,2021-04-10 02:00:00,0.05329
Netherlands,NLD,2021-04-10 01:00:00,2021-04-10 03:00:00,0.055560000000000005
Netherlands,NLD,2021-04-10 02:00:00,2021-04-10 04:00:00,0.05239
Netherlands,NLD,2021-04-10 03:00:00,2021-04-10 05:00:00,0.05404
Netherlands,NLD,2021-04-10 04:00:00,2021-04-10 06:00:00,0.04668
Netherlands,NLD,2021-04-10 05:00:00,2021-04-10 07:00:00,0.05962
Netherlands,NLD,2021-04-10 06:00:00,2021-04-10 08:00:00,0.06620000000000001
Netherlands,NLD,2021-04-10 07:00:00,2021-04-10 09:00:00,0.06919
Netherlands,NLD,2021-04-10 08:00:00,2021-04-10 10:00:00,0.06451000000000001
Netherlands,NLD,2021-04-10 09:00:00,2021-04-10 11:00:00,0.06121
Netherlands,NLD,2021-04-10 10:00:00,2021-04-10 12:00:00,0.05852
Netherlands,NLD,2021-04-10 11:00:00,2021-04-10 13:00:00,0.0525
Netherlands,NLD,2021-04-10 12:00:00,2021-04-10 14:00:00,0.05008
Netherlands,NLD,2021-04-10 13:00:00,2021-04-10 15:00:00,0.05001
Netherlands,NLD,2021-04-10 14:00:00,2021-04-10 16:00:00,0.052039999999999996
Netherlands,NLD,2021-04-10 15:00:00,2021-04-10 17:00:00,0.059840000000000004
Netherlands,NLD,2021-04-10 16:00:00,2021-04-10 18:00:00,0.06570000000000001
Netherlands,NLD,2021-04-10 17:00:00,2021-04-10 19:00:00,0.06924
Netherlands,NLD,2021-04-10 18:00:00,2021-04-10 20:00:00,0.06892
Netherlands,NLD,2021-04-10 19:00:00,2021-04-10 21:00:00,0.06
Netherlands,NLD,2021-04-10 20:00:00,2021-04-10 22:00:00,0.0499
Netherlands,NLD,2021-04-10 21:00:00,2021-04-10 23:00:00,0.04249
Netherlands,NLD,2021-04-10 22:00:00,2021-04-11 00:00:00,0.04316
Netherlands,NLD,2021-04-10 23:00:00,2021-04-11 01:00:00,0.04376
Netherlands,NLD,2021-04-11 00:00:00,2021-04-11 02:00:00,0.04247
Netherlands,NLD,2021-04-11 01:00:00,2021-04-11 03:00:00,0.04504
Netherlands,NLD,2021-04-11 02:00:00,2021-04-11 04:00:00,0.04469
Netherlands,NLD,2021-04-11 03:00:00,2021-04-11 05:00:00,0.041979999999999996
Netherlands,NLD,2021-04-11 04:00:00,2021-04-11 06:00:00,0.04284
Netherlands,NLD,2021-04-11 05:00:00,2021-04-11 07:00:00,0.04201
Netherlands,NLD,2021-04-11 06:00:00,2021-04-11 08:00:00,0.0489
Netherlands,NLD,2021-04-11 07:00:00,2021-04-11 09:00:00,0.051
Netherlands,NLD,2021-04-11 08:00:00,2021-04-11 10:00:00,0.0549
Netherlands,NLD,2021-04-11 09:00:00,2021-04-11 11:00:00,0.04776
Netherlands,NLD,2021-04-11 10:00:00,2021-04-11 12:00:00,0.055
Netherlands,NLD,2021-04-11 11:00:00,2021-04-11 13:00:00,0.0434
Netherlands,NLD,2021-04-11 12:00:00,2021-04-11 14:00:00,0.04192
Netherlands,NLD,2021-04-11 13:00:00,2021-04-11 15:00:00,0.04129
Netherlands,NLD,2021-04-11 14:00:00,2021-04-11 16:00:00,0.042
Netherlands,NLD,2021-04-11 15:00:00,2021-04-11 17:00:00,0.04436
Netherlands,NLD,2021-04-11 16:00:00,2021-04-11 18:00:00,0.0482
Netherlands,NLD,2021-04-11 17:00:00,2021-04-11 19:00:00,0.06204
Netherlands,NLD,2021-04-11 18:00:00,2021-04-11 20:00:00,0.06724
Netherlands,NLD,2021-04-11 19:00:00,2021-04-11 21:00:00,0.06720000000000001
Netherlands,NLD,2021-04-11 20:00:00,2021-04-11 22:00:00,0.06385
Netherlands,NLD,2021-04-11 21:00:00,2021-04-11 23:00:00,0.0503
Netherlands,NLD,2021-04-11 22:00:00,2021-04-12 00:00:00,0.06675
Netherlands,NLD,2021-04-11 23:00:00,2021-04-12 01:00:00,0.05074
Netherlands,NLD,2021-04-12 00:00:00,2021-04-12 02:00:00,0.05
Netherlands,NLD,2021-04-12 01:00:00,2021-04-12 03:00:00,0.05072
Netherlands,NLD,2021-04-12 02:00:00,2021-04-12 04:00:00,0.0513
Netherlands,NLD,2021-04-12 03:00:00,2021-04-12 05:00:00,0.048600000000000004
Netherlands,NLD,2021-04-12 04:00:00,2021-04-12 06:00:00,0.06445999999999999
Netherlands,NLD,2021-04-12 05:00:00,2021-04-12 07:00:00,0.08566
Netherlands,NLD,2021-04-12 06:00:00,2021-04-12 08:00:00,0.1
Netherlands,NLD,2021-04-12 07:00:00,2021-04-12 09:00:00,0.0678
Netherlands,NLD,2021-04-12 08:00:00,2021-04-12 10:00:00,0.05028
Netherlands,NLD,2021-04-12 09:00:00,2021-04-12 11:00:00,0.048119999999999996
Netherlands,NLD,2021-04-12 10:00:00,2021-04-12 12:00:00,0.04557
Netherlands,NLD,2021-04-12 11:00:00,2021-04-12 13:00:00,0.04026
Netherlands,NLD,2021-04-12 12:00:00,2021-04-12 14:00:00,0.03909000000000001
Netherlands,NLD,2021-04-12 13:00:00,2021-04-12 15:00:00,0.038939999999999995
Netherlands,NLD,2021-04-12 14:00:00,2021-04-12 16:00:00,0.04071
Netherlands,NLD,2021-04-12 15:00:00,2021-04-12 17:00:00,0.044840000000000005
Netherlands,NLD,2021-04-12 16:00:00,2021-04-12 18:00:00,0.07072
Netherlands,NLD,2021-04-12 17:00:00,2021-04-12 19:00:00,0.08
Netherlands,NLD,2021-04-12 18:00:00,2021-04-12 20:00:00,0.08009999999999999
Netherlands,NLD,2021-04-12 19:00:00,2021-04-12 21:00:00,0.07816
Netherlands,NLD,2021-04-12 20:00:00,2021-04-12 22:00:00,0.055
Netherlands,NLD,2021-04-12 21:00:00,2021-04-12 23:00:00,0.047920000000000004
Netherlands,NLD,2021-04-12 22:00:00,2021-04-13 00:00:00,0.04665
Netherlands,NLD,2021-04-12 23:00:00,2021-04-13 01:00:00,0.0487
Netherlands,NLD,2021-04-13 00:00:00,2021-04-13 02:00:00,0.047850000000000004
Netherlands,NLD,2021-04-13 01:00:00,2021-04-13 03:00:00,0.05008
Netherlands,NLD,2021-04-13 02:00:00,2021-04-13 04:00:00,0.05
Netherlands,NLD,2021-04-13 03:00:00,2021-04-13 05:00:00,0.046
Netherlands,NLD,2021-04-13 04:00:00,2021-04-13 06:00:00,0.058
Netherlands,NLD,2021-04-13 05:00:00,2021-04-13 07:00:00,0.07297
Netherlands,NLD,2021-04-13 06:00:00,2021-04-13 08:00:00,0.07512
Netherlands,NLD,2021-04-13 07:00:00,2021-04-13 09:00:00,0.05147
Netherlands,NLD,2021-04-13 08:00:00,2021-04-13 10:00:00,0.04591
Netherlands,NLD,2021-04-13 09:00:00,2021-04-13 11:00:00,0.045399999999999996
Netherlands,NLD,2021-04-13 10:00:00,2021-04-13 12:00:00,0.0429
Netherlands,NLD,2021-04-13 11:00:00,2021-04-13 13:00:00,0.04271
Netherlands,NLD,2021-04-13 12:00:00,2021-04-13 14:00:00,0.04126
Netherlands,NLD,2021-04-13 13:00:00,2021-04-13 15:00:00,0.04184
Netherlands,NLD,2021-04-13 14:00:00,2021-04-13 16:00:00,0.044
Netherlands,NLD,2021-04-13 15:00:00,2021-04-13 17:00:00,0.06636
Netherlands,NLD,2021-04-13 16:00:00,2021-04-13 18:00:00,0.054090000000000006
Netherlands,NLD,2021-04-13 17:00:00,2021-04-13 19:00:00,0.06983
Netherlands,NLD,2021-04-13 18:00:00,2021-04-13 20:00:00,0.08832
Netherlands,NLD,2021-04-13 19:00:00,2021-04-13 21:00:00,0.0636
Netherlands,NLD,2021-04-13 20:00:00,2021-04-13 22:00:00,0.05888
Netherlands,NLD,2021-04-13 21:00:00,2021-04-13 23:00:00,0.047560000000000005
Netherlands,NLD,2021-04-13 22:00:00,2021-04-14 00:00:00,0.05072
Netherlands,NLD,2021-04-13 23:00:00,2021-04-14 01:00:00,0.05386
Netherlands,NLD,2021-04-14 00:00:00,2021-04-14 02:00:00,0.05115
Netherlands,NLD,2021-04-14 01:00:00,2021-04-14 03:00:00,0.0515
Netherlands,NLD,2021-04-14 02:00:00,2021-04-14 04:00:00,0.05149
Netherlands,NLD,2021-04-14 03:00:00,2021-04-14 05:00:00,0.05208
Netherlands,NLD,2021-04-14 04:00:00,2021-04-14 06:00:00,0.07632
Netherlands,NLD,2021-04-14 05:00:00,2021-04-14 07:00:00,0.11852
Netherlands,NLD,2021-04-14 06:00:00,2021-04-14 08:00:00,0.125
Netherlands,NLD,2021-04-14 07:00:00,2021-04-14 09:00:00,0.06999
Netherlands,NLD,2021-04-14 08:00:00,2021-04-14 10:00:00,0.0511
Netherlands,NLD,2021-04-14 09:00:00,2021-04-14 11:00:00,0.05144
Netherlands,NLD,2021-04-14 10:00:00,2021-04-14 12:00:00,0.0515
Netherlands,NLD,2021-04-14 11:00:00,2021-04-14 13:00:00,0.05125
Netherlands,NLD,2021-04-14 12:00:00,2021-04-14 14:00:00,0.04836
Netherlands,NLD,2021-04-14 13:00:00,2021-04-14 15:00:00,0.04998
Netherlands,NLD,2021-04-14 14:00:00,2021-04-14 16:00:00,0.05078
Netherlands,NLD,2021-04-14 15:00:00,2021-04-14 17:00:00,0.06132
Netherlands,NLD,2021-04-14 16:00:00,2021-04-14 18:00:00,0.07318999999999999
Netherlands,NLD,2021-04-14 17:00:00,2021-04-14 19:00:00,0.09745000000000001
Netherlands,NLD,2021-04-14 18:00:00,2021-04-14 20:00:00,0.1
Netherlands,NLD,2021-04-14 19:00:00,2021-04-14 21:00:00,0.08562
Netherlands,NLD,2021-04-14 20:00:00,2021-04-14 22:00:00,0.07387
Netherlands,NLD,2021-04-14 21:00:00,2021-04-14 23:00:00,0.05107
Netherlands,NLD,2021-04-14 22:00:00,2021-04-15 00:00:00,0.05484000000000001
Netherlands,NLD,2021-04-14 23:00:00,2021-04-15 01:00:00,0.052399999999999995
Netherlands,NLD,2021-04-15 00:00:00,2021-04-15 02:00:00,0.04949
Netherlands,NLD,2021-04-15 01:00:00,2021-04-15 03:00:00,0.0549
Netherlands,NLD,2021-04-15 02:00:00,2021-04-15 04:00:00,0.06116
Netherlands,NLD,2021-04-15 03:00:00,2021-04-15 05:00:00,0.06581000000000001
Netherlands,NLD,2021-04-15 04:00:00,2021-04-15 06:00:00,0.0829
Netherlands,NLD,2021-04-15 05:00:00,2021-04-15 07:00:00,0.10504999999999999
Netherlands,NLD,2021-04-15 06:00:00,2021-04-15 08:00:00,0.118
Netherlands,NLD,2021-04-15 07:00:00,2021-04-15 09:00:00,0.057390000000000004
Netherlands,NLD,2021-04-15 08:00:00,2021-04-15 10:00:00,0.05233
Netherlands,NLD,2021-04-15 09:00:00,2021-04-15 11:00:00,0.05496
Netherlands,NLD,2021-04-15 10:00:00,2021-04-15 12:00:00,0.04356
Netherlands,NLD,2021-04-15 11:00:00,2021-04-15 13:00:00,0.047049999999999995
Netherlands,NLD,2021-04-15 12:00:00,2021-04-15 14:00:00,0.04685
Netherlands,NLD,2021-04-15 13:00:00,2021-04-15 15:00:00,0.046579999999999996
Netherlands,NLD,2021-04-15 14:00:00,2021-04-15 16:00:00,0.048350000000000004
Netherlands,NLD,2021-04-15 15:00:00,2021-04-15 17:00:00,0.051
Netherlands,NLD,2021-04-15 16:00:00,2021-04-15 18:00:00,0.062439999999999996
Netherlands,NLD,2021-04-15 17:00:00,2021-04-15 19:00:00,0.07781999999999999
Netherlands,NLD,2021-04-15 18:00:00,2021-04-15 20:00:00,0.07640999999999999
Netherlands,NLD,2021-04-15 19:00:00,2021-04-15 21:00:00,0.0577
Netherlands,NLD,2021-04-15 20:00:00,2021-04-15 22:00:00,0.05092
Netherlands,NLD,2021-04-15 21:00:00,2021-04-15 23:00:00,0.0503
Netherlands,NLD,2021-04-15 22:00:00,2021-04-16 00:00:00,0.04927
Netherlands,NLD,2021-04-15 23:00:00,2021-04-16 01:00:00,0.05
Netherlands,NLD,2021-04-16 00:00:00,2021-04-16 02:00:00,0.05037
Netherlands,NLD,2021-04-16 01:00:00,2021-04-16 03:00:00,0.05216
Netherlands,NLD,2021-04-16 02:00:00,2021-04-16 04:00:00,0.05289
Netherlands,NLD,2021-04-16 03:00:00,2021-04-16 05:00:00,0.0551
Netherlands,NLD,2021-04-16 04:00:00,2021-04-16 06:00:00,0.06927
Netherlands,NLD,2021-04-16 05:00:00,2021-04-16 07:00:00,0.08609
Netherlands,NLD,2021-04-16 06:00:00,2021-04-16 08:00:00,0.09609999999999999
Netherlands,NLD,2021-04-16 07:00:00,2021-04-16 09:00:00,0.064
Netherlands,NLD,2021-04-16 08:00:00,2021-04-16 10:00:00,0.051590000000000004
Netherlands,NLD,2021-04-16 09:00:00,2021-04-16 11:00:00,0.0505
Netherlands,NLD,2021-04-16 10:00:00,2021-04-16 12:00:00,0.04947
Netherlands,NLD,2021-04-16 11:00:00,2021-04-16 13:00:00,0.04951
Netherlands,NLD,2021-04-16 12:00:00,2021-04-16 14:00:00,0.04786
Netherlands,NLD,2021-04-16 13:00:00,2021-04-16 15:00:00,0.0497
Netherlands,NLD,2021-04-16 14:00:00,2021-04-16 16:00:00,0.052
Netherlands,NLD,2021-04-16 15:00:00,2021-04-16 17:00:00,0.055159999999999994
Netherlands,NLD,2021-04-16 16:00:00,2021-04-16 18:00:00,0.06809
Netherlands,NLD,2021-04-16 17:00:00,2021-04-16 19:00:00,0.07640000000000001
Netherlands,NLD,2021-04-16 18:00:00,2021-04-16 20:00:00,0.07753
Netherlands,NLD,2021-04-16 19:00:00,2021-04-16 21:00:00,0.054079999999999996
Netherlands,NLD,2021-04-16 20:00:00,2021-04-16 22:00:00,0.05613
Netherlands,NLD,2021-04-16 21:00:00,2021-04-16 23:00:00,0.0574
Netherlands,NLD,2021-04-16 22:00:00,2021-04-17 00:00:00,0.06470000000000001
Netherlands,NLD,2021-04-16 23:00:00,2021-04-17 01:00:00,0.052829999999999995
Netherlands,NLD,2021-04-17 00:00:00,2021-04-17 02:00:00,0.055729999999999995
Netherlands,NLD,2021-04-17 01:00:00,2021-04-17 03:00:00,0.054909999999999994
Netherlands,NLD,2021-04-17 02:00:00,2021-04-17 04:00:00,0.055479999999999995
Netherlands,NLD,2021-04-17 03:00:00,2021-04-17 05:00:00,0.061270000000000005
Netherlands,NLD,2021-04-17 04:00:00,2021-04-17 06:00:00,0.06556999999999999
Netherlands,NLD,2021-04-17 05:00:00,2021-04-17 07:00:00,0.071
Netherlands,NLD,2021-04-17 06:00:00,2021-04-17 08:00:00,0.07318000000000001
Netherlands,NLD,2021-04-17 07:00:00,2021-04-17 09:00:00,0.06472
Netherlands,NLD,2021-04-17 08:00:00,2021-04-17 10:00:00,0.054990000000000004
Netherlands,NLD,2021-04-17 09:00:00,2021-04-17 11:00:00,0.05274
Netherlands,NLD,2021-04-17 10:00:00,2021-04-17 12:00:00,0.04975
Netherlands,NLD,2021-04-17 11:00:00,2021-04-17 13:00:00,0.047909999999999994
Netherlands,NLD,2021-04-17 12:00:00,2021-04-17 14:00:00,0.04862
Netherlands,NLD,2021-04-17 13:00:00,2021-04-17 15:00:00,0.04852
Netherlands,NLD,2021-04-17 14:00:00,2021-04-17 16:00:00,0.05013
Netherlands,NLD,2021-04-17 15:00:00,2021-04-17 17:00:00,0.05337
Netherlands,NLD,2021-04-17 16:00:00,2021-04-17 18:00:00,0.05998
Netherlands,NLD,2021-04-17 17:00:00,2021-04-17 19:00:00,0.07448
Netherlands,NLD,2021-04-17 18:00:00,2021-04-17 20:00:00,0.07847
Netherlands,NLD,2021-04-17 19:00:00,2021-04-17 21:00:00,0.07709
Netherlands,NLD,2021-04-17 20:00:00,2021-04-17 22:00:00,0.06845
Netherlands,NLD,2021-04-17 21:00:00,2021-04-17 23:00:00,0.05763
Netherlands,NLD,2021-04-17 22:00:00,2021-04-18 00:00:00,0.06448000000000001
Netherlands,NLD,2021-04-17 23:00:00,2021-04-18 01:00:00,0.06255
Netherlands,NLD,2021-04-18 00:00:00,2021-04-18 02:00:00,0.06217
Netherlands,NLD,2021-04-18 01:00:00,2021-04-18 03:00:00,0.0621
Netherlands,NLD,2021-04-18 02:00:00,2021-04-18 04:00:00,0.061020000000000005
Netherlands,NLD,2021-04-18 03:00:00,2021-04-18 05:00:00,0.06057
Netherlands,NLD,2021-04-18 04:00:00,2021-04-18 06:00:00,0.06054
Netherlands,NLD,2021-04-18 05:00:00,2021-04-18 07:00:00,0.06262
Netherlands,NLD,2021-04-18 06:00:00,2021-04-18 08:00:00,0.06452
Netherlands,NLD,2021-04-18 07:00:00,2021-04-18 09:00:00,0.06357
Netherlands,NLD,2021-04-18 08:00:00,2021-04-18 10:00:00,0.05991
Netherlands,NLD,2021-04-18 09:00:00,2021-04-18 11:00:00,0.055560000000000005
Netherlands,NLD,2021-04-18 10:00:00,2021-04-18 12:00:00,0.055
Netherlands,NLD,2021-04-18 11:00:00,2021-04-18 13:00:00,0.0507
Netherlands,NLD,2021-04-18 12:00:00,2021-04-18 14:00:00,0.04868
Netherlands,NLD,2021-04-18 13:00:00,2021-04-18 15:00:00,0.04814
Netherlands,NLD,2021-04-18 14:00:00,2021-04-18 16:00:00,0.04954
Netherlands,NLD,2021-04-18 15:00:00,2021-04-18 17:00:00,0.054549999999999994
Netherlands,NLD,2021-04-18 16:00:00,2021-04-18 18:00:00,0.06498999999999999
Netherlands,NLD,2021-04-18 17:00:00,2021-04-18 19:00:00,0.07608
Netherlands,NLD,2021-04-18 18:00:00,2021-04-18 20:00:00,0.08093
Netherlands,NLD,2021-04-18 19:00:00,2021-04-18 21:00:00,0.07917
Netherlands,NLD,2021-04-18 20:00:00,2021-04-18 22:00:00,0.0734
Netherlands,NLD,2021-04-18 21:00:00,2021-04-18 23:00:00,0.0523
Netherlands,NLD,2021-04-18 22:00:00,2021-04-19 00:00:00,0.060340000000000005
Netherlands,NLD,2021-04-18 23:00:00,2021-04-19 01:00:00,0.05558
Netherlands,NLD,2021-04-19 00:00:00,2021-04-19 02:00:00,0.05557
Netherlands,NLD,2021-04-19 01:00:00,2021-04-19 03:00:00,0.05372
Netherlands,NLD,2021-04-19 02:00:00,2021-04-19 04:00:00,0.05584
Netherlands,NLD,2021-04-19 03:00:00,2021-04-19 05:00:00,0.06584999999999999
Netherlands,NLD,2021-04-19 04:00:00,2021-04-19 06:00:00,0.0849
Netherlands,NLD,2021-04-19 05:00:00,2021-04-19 07:00:00,0.09866
Netherlands,NLD,2021-04-19 06:00:00,2021-04-19 08:00:00,0.11718
Netherlands,NLD,2021-04-19 07:00:00,2021-04-19 09:00:00,0.10278
Netherlands,NLD,2021-04-19 08:00:00,2021-04-19 10:00:00,0.06587
Netherlands,NLD,2021-04-19 09:00:00,2021-04-19 11:00:00,0.06307
Netherlands,NLD,2021-04-19 10:00:00,2021-04-19 12:00:00,0.05389
Netherlands,NLD,2021-04-19 11:00:00,2021-04-19 13:00:00,0.05
Netherlands,NLD,2021-04-19 12:00:00,2021-04-19 14:00:00,0.04828
Netherlands,NLD,2021-04-19 13:00:00,2021-04-19 15:00:00,0.051
Netherlands,NLD,2021-04-19 14:00:00,2021-04-19 16:00:00,0.05543
Netherlands,NLD,2021-04-19 15:00:00,2021-04-19 17:00:00,0.06633
Netherlands,NLD,2021-04-19 16:00:00,2021-04-19 18:00:00,0.08504
Netherlands,NLD,2021-04-19 17:00:00,2021-04-19 19:00:00,0.09941
Netherlands,NLD,2021-04-19 18:00:00,2021-04-19 20:00:00,0.1
Netherlands,NLD,2021-04-19 19:00:00,2021-04-19 21:00:00,0.0895
Netherlands,NLD,2021-04-19 20:00:00,2021-04-19 22:00:00,0.06587
Netherlands,NLD,2021-04-19 21:00:00,2021-04-19 23:00:00,0.053259999999999995
Netherlands,NLD,2021-04-19 22:00:00,2021-04-20 00:00:00,0.05629
Netherlands,NLD,2021-04-19 23:00:00,2021-04-20 01:00:00,0.06067
Netherlands,NLD,2021-04-20 00:00:00,2021-04-20 02:00:00,0.06125
Netherlands,NLD,2021-04-20 01:00:00,2021-04-20 03:00:00,0.06314
Netherlands,NLD,2021-04-20 02:00:00,2021-04-20 04:00:00,0.06861
Netherlands,NLD,2021-04-20 03:00:00,2021-04-20 05:00:00,0.07194
Netherlands,NLD,2021-04-20 04:00:00,2021-04-20 06:00:00,0.08543
Netherlands,NLD,2021-04-20 05:00:00,2021-04-20 07:00:00,0.09905
Netherlands,NLD,2021-04-20 06:00:00,2021-04-20 08:00:00,0.11041
Netherlands,NLD,2021-04-20 07:00:00,2021-04-20 09:00:00,0.092
Netherlands,NLD,2021-04-20 08:00:00,2021-04-20 10:00:00,0.05543
Netherlands,NLD,2021-04-20 09:00:00,2021-04-20 11:00:00,0.049159999999999995
Netherlands,NLD,2021-04-20 10:00:00,2021-04-20 12:00:00,0.05069
Netherlands,NLD,2021-04-20 11:00:00,2021-04-20 13:00:00,0.052
Netherlands,NLD,2021-04-20 12:00:00,2021-04-20 14:00:00,0.052
Netherlands,NLD,2021-04-20 13:00:00,2021-04-20 15:00:00,0.0516
Netherlands,NLD,2021-04-20 14:00:00,2021-04-20 16:00:00,0.055
Netherlands,NLD,2021-04-20 15:00:00,2021-04-20 17:00:00,0.06988
Netherlands,NLD,2021-04-20 16:00:00,2021-04-20 18:00:00,0.08498
Netherlands,NLD,2021-04-20 17:00:00,2021-04-20 19:00:00,0.1
Netherlands,NLD,2021-04-20 18:00:00,2021-04-20 20:00:00,0.10173
Netherlands,NLD,2021-04-20 19:00:00,2021-04-20 21:00:00,0.09392
Netherlands,NLD,2021-04-20 20:00:00,2021-04-20 22:00:00,0.08691
Netherlands,NLD,2021-04-20 21:00:00,2021-04-20 23:00:00,0.075
Netherlands,NLD,2021-04-20 22:00:00,2021-04-21 00:00:00,0.06472
Netherlands,NLD,2021-04-20 23:00:00,2021-04-21 01:00:00,0.05733
Netherlands,NLD,2021-04-21 00:00:00,2021-04-21 02:00:00,0.055409999999999994
Netherlands,NLD,2021-04-21 01:00:00,2021-04-21 03:00:00,0.05707
Netherlands,NLD,2021-04-21 02:00:00,2021-04-21 04:00:00,0.05908
Netherlands,NLD,2021-04-21 03:00:00,2021-04-21 05:00:00,0.062
Netherlands,NLD,2021-04-21 04:00:00,2021-04-21 06:00:00,0.08101
Netherlands,NLD,2021-04-21 05:00:00,2021-04-21 07:00:00,0.08761
Netherlands,NLD,2021-04-21 06:00:00,2021-04-21 08:00:00,0.0636
Netherlands,NLD,2021-04-21 07:00:00,2021-04-21 09:00:00,0.04914
Netherlands,NLD,2021-04-21 08:00:00,2021-04-21 10:00:00,0.048240000000000005
Netherlands,NLD,2021-04-21 09:00:00,2021-04-21 11:00:00,0.05274
Netherlands,NLD,2021-04-21 10:00:00,2021-04-21 12:00:00,0.04292
Netherlands,NLD,2021-04-21 11:00:00,2021-04-21 13:00:00,0.039
Netherlands,NLD,2021-04-21 12:00:00,2021-04-21 14:00:00,0.03698
Netherlands,NLD,2021-04-21 13:00:00,2021-04-21 15:00:00,0.03528
Netherlands,NLD,2021-04-21 14:00:00,2021-04-21 16:00:00,0.032780000000000004
Netherlands,NLD,2021-04-21 15:00:00,2021-04-21 17:00:00,0.04206
Netherlands,NLD,2021-04-21 16:00:00,2021-04-21 18:00:00,0.048240000000000005
Netherlands,NLD,2021-04-21 17:00:00,2021-04-21 19:00:00,0.0729
Netherlands,NLD,2021-04-21 18:00:00,2021-04-21 20:00:00,0.07801999999999999
Netherlands,NLD,2021-04-21 19:00:00,2021-04-21 21:00:00,0.0699
Netherlands,NLD,2021-04-21 20:00:00,2021-04-21 22:00:00,0.06235
Netherlands,NLD,2021-04-21 21:00:00,2021-04-21 23:00:00,0.05049
Netherlands,NLD,2021-04-21 22:00:00,2021-04-22 00:00:00,0.0499
Netherlands,NLD,2021-04-21 23:00:00,2021-04-22 01:00:00,0.05082
Netherlands,NLD,2021-04-22 00:00:00,2021-04-22 02:00:00,0.05
Netherlands,NLD,2021-04-22 01:00:00,2021-04-22 03:00:00,0.04987
Netherlands,NLD,2021-04-22 02:00:00,2021-04-22 04:00:00,0.0516
Netherlands,NLD,2021-04-22 03:00:00,2021-04-22 05:00:00,0.05
Netherlands,NLD,2021-04-22 04:00:00,2021-04-22 06:00:00,0.06673
Netherlands,NLD,2021-04-22 05:00:00,2021-04-22 07:00:00,0.08256999999999999
Netherlands,NLD,2021-04-22 06:00:00,2021-04-22 08:00:00,0.0804
Netherlands,NLD,2021-04-22 07:00:00,2021-04-22 09:00:00,0.054299999999999994
Netherlands,NLD,2021-04-22 08:00:00,2021-04-22 10:00:00,0.06418
Netherlands,NLD,2021-04-22 09:00:00,2021-04-22 11:00:00,0.048479999999999995
Netherlands,NLD,2021-04-22 10:00:00,2021-04-22 12:00:00,0.0402
Netherlands,NLD,2021-04-22 11:00:00,2021-04-22 13:00:00,0.03342
Netherlands,NLD,2021-04-22 12:00:00,2021-04-22 14:00:00,0.03251
Netherlands,NLD,2021-04-22 13:00:00,2021-04-22 15:00:00,0.03189
Netherlands,NLD,2021-04-22 14:00:00,2021-04-22 16:00:00,0.03492
Netherlands,NLD,2021-04-22 15:00:00,2021-04-22 17:00:00,0.05316
Netherlands,NLD,2021-04-22 16:00:00,2021-04-22 18:00:00,0.05157
Netherlands,NLD,2021-04-22 17:00:00,2021-04-22 19:00:00,0.07773000000000001
Netherlands,NLD,2021-04-22 18:00:00,2021-04-22 20:00:00,0.08442
Netherlands,NLD,2021-04-22 19:00:00,2021-04-22 21:00:00,0.07825
Netherlands,NLD,2021-04-22 20:00:00,2021-04-22 22:00:00,0.06372
Netherlands,NLD,2021-04-22 21:00:00,2021-04-22 23:00:00,0.06057
Netherlands,NLD,2021-04-22 22:00:00,2021-04-23 00:00:00,0.06266
Netherlands,NLD,2021-04-22 23:00:00,2021-04-23 01:00:00,0.056100000000000004
Netherlands,NLD,2021-04-23 00:00:00,2021-04-23 02:00:00,0.05627
Netherlands,NLD,2021-04-23 01:00:00,2021-04-23 03:00:00,0.0579
Netherlands,NLD,2021-04-23 02:00:00,2021-04-23 04:00:00,0.057479999999999996
Netherlands,NLD,2021-04-23 03:00:00,2021-04-23 05:00:00,0.067
Netherlands,NLD,2021-04-23 04:00:00,2021-04-23 06:00:00,0.077
Netherlands,NLD,2021-04-23 05:00:00,2021-04-23 07:00:00,0.08373
Netherlands,NLD,2021-04-23 06:00:00,2021-04-23 08:00:00,0.08316
Netherlands,NLD,2021-04-23 07:00:00,2021-04-23 09:00:00,0.0515
Netherlands,NLD,2021-04-23 08:00:00,2021-04-23 10:00:00,0.05105
Netherlands,NLD,2021-04-23 09:00:00,2021-04-23 11:00:00,0.06834
Netherlands,NLD,2021-04-23 10:00:00,2021-04-23 12:00:00,0.05
Netherlands,NLD,2021-04-23 11:00:00,2021-04-23 13:00:00,0.04352
Netherlands,NLD,2021-04-23 12:00:00,2021-04-23 14:00:00,0.038729999999999994
Netherlands,NLD,2021-04-23 13:00:00,2021-04-23 15:00:00,0.040060000000000005
Netherlands,NLD,2021-04-23 14:00:00,2021-04-23 16:00:00,0.04529
Netherlands,NLD,2021-04-23 15:00:00,2021-04-23 17:00:00,0.05136
Netherlands,NLD,2021-04-23 16:00:00,2021-04-23 18:00:00,0.064
Netherlands,NLD,2021-04-23 17:00:00,2021-04-23 19:00:00,0.07801999999999999
Netherlands,NLD,2021-04-23 18:00:00,2021-04-23 20:00:00,0.08102
Netherlands,NLD,2021-04-23 19:00:00,2021-04-23 21:00:00,0.07833
Netherlands,NLD,2021-04-23 20:00:00,2021-04-23 22:00:00,0.0709
Netherlands,NLD,2021-04-23 21:00:00,2021-04-23 23:00:00,0.06569
Netherlands,NLD,2021-04-23 22:00:00,2021-04-24 00:00:00,0.06851
Netherlands,NLD,2021-04-23 23:00:00,2021-04-24 01:00:00,0.0645
Netherlands,NLD,2021-04-24 00:00:00,2021-04-24 02:00:00,0.061399999999999996
Netherlands,NLD,2021-04-24 01:00:00,2021-04-24 03:00:00,0.05686
Netherlands,NLD,2021-04-24 02:00:00,2021-04-24 04:00:00,0.05489
Netherlands,NLD,2021-04-24 03:00:00,2021-04-24 05:00:00,0.054549999999999994
Netherlands,NLD,2021-04-24 04:00:00,2021-04-24 06:00:00,0.05795
Netherlands,NLD,2021-04-24 05:00:00,2021-04-24 07:00:00,0.05751
Netherlands,NLD,2021-04-24 06:00:00,2021-04-24 08:00:00,0.05575
Netherlands,NLD,2021-04-24 07:00:00,2021-04-24 09:00:00,0.05468
Netherlands,NLD,2021-04-24 08:00:00,2021-04-24 10:00:00,0.05
Netherlands,NLD,2021-04-24 09:00:00,2021-04-24 11:00:00,0.04796
Netherlands,NLD,2021-04-24 10:00:00,2021-04-24 12:00:00,0.0439
Netherlands,NLD,2021-04-24 11:00:00,2021-04-24 13:00:00,0.03284
Netherlands,NLD,2021-04-24 12:00:00,2021-04-24 14:00:00,0.020239999999999998
Netherlands,NLD,2021-04-24 13:00:00,2021-04-24 15:00:00,0.019510000000000003
Netherlands,NLD,2021-04-24 14:00:00,2021-04-24 16:00:00,0.02818
Netherlands,NLD,2021-04-24 15:00:00,2021-04-24 17:00:00,0.04846
Netherlands,NLD,2021-04-24 16:00:00,2021-04-24 18:00:00,0.05559
Netherlands,NLD,2021-04-24 17:00:00,2021-04-24 19:00:00,0.06765
Netherlands,NLD,2021-04-24 18:00:00,2021-04-24 20:00:00,0.07343000000000001
Netherlands,NLD,2021-04-24 19:00:00,2021-04-24 21:00:00,0.06856
Netherlands,NLD,2021-04-24 20:00:00,2021-04-24 22:00:00,0.06715
Netherlands,NLD,2021-04-24 21:00:00,2021-04-24 23:00:00,0.05311
Netherlands,NLD,2021-04-24 22:00:00,2021-04-25 00:00:00,0.05082
Netherlands,NLD,2021-04-24 23:00:00,2021-04-25 01:00:00,0.048549999999999996
Netherlands,NLD,2021-04-25 00:00:00,2021-04-25 02:00:00,0.04871
Netherlands,NLD,2021-04-25 01:00:00,2021-04-25 03:00:00,0.048299999999999996
Netherlands,NLD,2021-04-25 02:00:00,2021-04-25 04:00:00,0.04803
Netherlands,NLD,2021-04-25 03:00:00,2021-04-25 05:00:00,0.04732
Netherlands,NLD,2021-04-25 04:00:00,2021-04-25 06:00:00,0.04476
Netherlands,NLD,2021-04-25 05:00:00,2021-04-25 07:00:00,0.0438
Netherlands,NLD,2021-04-25 06:00:00,2021-04-25 08:00:00,0.04348
Netherlands,NLD,2021-04-25 07:00:00,2021-04-25 09:00:00,0.03721
Netherlands,NLD,2021-04-25 08:00:00,2021-04-25 10:00:00,0.0178
Netherlands,NLD,2021-04-25 09:00:00,2021-04-25 11:00:00,0.0155
Netherlands,NLD,2021-04-25 10:00:00,2021-04-25 12:00:00,0.01532
Netherlands,NLD,2021-04-25 11:00:00,2021-04-25 13:00:00,0.00161
Netherlands,NLD,2021-04-25 12:00:00,2021-04-25 14:00:00,-0.00694
Netherlands,NLD,2021-04-25 13:00:00,2021-04-25 15:00:00,-0.00329
Netherlands,NLD,2021-04-25 14:00:00,2021-04-25 16:00:00,0.00011
Netherlands,NLD,2021-04-25 15:00:00,2021-04-25 17:00:00,0.019170000000000003
Netherlands,NLD,2021-04-25 16:00:00,2021-04-25 18:00:00,0.054700000000000006
Netherlands,NLD,2021-04-25 17:00:00,2021-04-25 19:00:00,0.06593
Netherlands,NLD,2021-04-25 18:00:00,2021-04-25 20:00:00,0.06788
Netherlands,NLD,2021-04-25 19:00:00,2021-04-25 21:00:00,0.066
Netherlands,NLD,2021-04-25 20:00:00,2021-04-25 22:00:00,0.06498000000000001
Netherlands,NLD,2021-04-25 21:00:00,2021-04-25 23:00:00,0.05998
Netherlands,NLD,2021-04-25 22:00:00,2021-04-26 00:00:00,0.0525
Netherlands,NLD,2021-04-25 23:00:00,2021-04-26 01:00:00,0.05114
Netherlands,NLD,2021-04-26 00:00:00,2021-04-26 02:00:00,0.05251
Netherlands,NLD,2021-04-26 01:00:00,2021-04-26 03:00:00,0.0511
Netherlands,NLD,2021-04-26 02:00:00,2021-04-26 04:00:00,0.05117
Netherlands,NLD,2021-04-26 03:00:00,2021-04-26 05:00:00,0.05706
Netherlands,NLD,2021-04-26 04:00:00,2021-04-26 06:00:00,0.07496
Netherlands,NLD,2021-04-26 05:00:00,2021-04-26 07:00:00,0.08195999999999999
Netherlands,NLD,2021-04-26 06:00:00,2021-04-26 08:00:00,0.08385
Netherlands,NLD,2021-04-26 07:00:00,2021-04-26 09:00:00,0.07423
Netherlands,NLD,2021-04-26 08:00:00,2021-04-26 10:00:00,0.05084
Netherlands,NLD,2021-04-26 09:00:00,2021-04-26 11:00:00,0.0495
Netherlands,NLD,2021-04-26 10:00:00,2021-04-26 12:00:00,0.046200000000000005
Netherlands,NLD,2021-04-26 11:00:00,2021-04-26 13:00:00,0.046049999999999994
Netherlands,NLD,2021-04-26 12:00:00,2021-04-26 14:00:00,0.04249
Netherlands,NLD,2021-04-26 13:00:00,2021-04-26 15:00:00,0.042
Netherlands,NLD,2021-04-26 14:00:00,2021-04-26 16:00:00,0.04388
Netherlands,NLD,2021-04-26 15:00:00,2021-04-26 17:00:00,0.04536
Netherlands,NLD,2021-04-26 16:00:00,2021-04-26 18:00:00,0.065
Netherlands,NLD,2021-04-26 17:00:00,2021-04-26 19:00:00,0.07912999999999999
Netherlands,NLD,2021-04-26 18:00:00,2021-04-26 20:00:00,0.08102
Netherlands,NLD,2021-04-26 19:00:00,2021-04-26 21:00:00,0.07504999999999999
Netherlands,NLD,2021-04-26 20:00:00,2021-04-26 22:00:00,0.07069
Netherlands,NLD,2021-04-26 21:00:00,2021-04-26 23:00:00,0.06349
Netherlands,NLD,2021-04-26 22:00:00,2021-04-27 00:00:00,0.053619999999999994
Netherlands,NLD,2021-04-26 23:00:00,2021-04-27 01:00:00,0.052020000000000004
Netherlands,NLD,2021-04-27 00:00:00,2021-04-27 02:00:00,0.05153
Netherlands,NLD,2021-04-27 01:00:00,2021-04-27 03:00:00,0.050320000000000004
Netherlands,NLD,2021-04-27 02:00:00,2021-04-27 04:00:00,0.0512
Netherlands,NLD,2021-04-27 03:00:00,2021-04-27 05:00:00,0.055060000000000005
Netherlands,NLD,2021-04-27 04:00:00,2021-04-27 06:00:00,0.07559
Netherlands,NLD,2021-04-27 05:00:00,2021-04-27 07:00:00,0.08294
Netherlands,NLD,2021-04-27 06:00:00,2021-04-27 08:00:00,0.07679000000000001
Netherlands,NLD,2021-04-27 07:00:00,2021-04-27 09:00:00,0.0514
Netherlands,NLD,2021-04-27 08:00:00,2021-04-27 10:00:00,0.04851
Netherlands,NLD,2021-04-27 09:00:00,2021-04-27 11:00:00,0.04567
Netherlands,NLD,2021-04-27 10:00:00,2021-04-27 12:00:00,0.044039999999999996
Netherlands,NLD,2021-04-27 11:00:00,2021-04-27 13:00:00,0.04247
Netherlands,NLD,2021-04-27 12:00:00,2021-04-27 14:00:00,0.040979999999999996
Netherlands,NLD,2021-04-27 13:00:00,2021-04-27 15:00:00,0.0435
Netherlands,NLD,2021-04-27 14:00:00,2021-04-27 16:00:00,0.046799999999999994
Netherlands,NLD,2021-04-27 15:00:00,2021-04-27 17:00:00,0.05208
Netherlands,NLD,2021-04-27 16:00:00,2021-04-27 18:00:00,0.07
Netherlands,NLD,2021-04-27 17:00:00,2021-04-27 19:00:00,0.08034999999999999
Netherlands,NLD,2021-04-27 18:00:00,2021-04-27 20:00:00,0.08087000000000001
Netherlands,NLD,2021-04-27 19:00:00,2021-04-27 21:00:00,0.062329999999999997
Netherlands,NLD,2021-04-27 20:00:00,2021-04-27 22:00:00,0.05391
Netherlands,NLD,2021-04-27 21:00:00,2021-04-27 23:00:00,0.0497
Netherlands,NLD,2021-04-27 22:00:00,2021-04-28 00:00:00,0.04847
Netherlands,NLD,2021-04-27 23:00:00,2021-04-28 01:00:00,0.04777
Netherlands,NLD,2021-04-28 00:00:00,2021-04-28 02:00:00,0.048530000000000004
Netherlands,NLD,2021-04-28 01:00:00,2021-04-28 03:00:00,0.05357
Netherlands,NLD,2021-04-28 02:00:00,2021-04-28 04:00:00,0.05417
Netherlands,NLD,2021-04-28 03:00:00,2021-04-28 05:00:00,0.053880000000000004
Netherlands,NLD,2021-04-28 04:00:00,2021-04-28 06:00:00,0.07198
Netherlands,NLD,2021-04-28 05:00:00,2021-04-28 07:00:00,0.08148000000000001
Netherlands,NLD,2021-04-28 06:00:00,2021-04-28 08:00:00,0.08557
Netherlands,NLD,2021-04-28 07:00:00,2021-04-28 09:00:00,0.06778
Netherlands,NLD,2021-04-28 08:00:00,2021-04-28 10:00:00,0.04985
Netherlands,NLD,2021-04-28 09:00:00,2021-04-28 11:00:00,0.047310000000000005
Netherlands,NLD,2021-04-28 10:00:00,2021-04-28 12:00:00,0.0453
Netherlands,NLD,2021-04-28 11:00:00,2021-04-28 13:00:00,0.046729999999999994
Netherlands,NLD,2021-04-28 12:00:00,2021-04-28 14:00:00,0.04825
Netherlands,NLD,2021-04-28 13:00:00,2021-04-28 15:00:00,0.0517
Netherlands,NLD,2021-04-28 14:00:00,2021-04-28 16:00:00,0.05479
Netherlands,NLD,2021-04-28 15:00:00,2021-04-28 17:00:00,0.06570999999999999
Netherlands,NLD,2021-04-28 16:00:00,2021-04-28 18:00:00,0.06735
Netherlands,NLD,2021-04-28 17:00:00,2021-04-28 19:00:00,0.07612000000000001
Netherlands,NLD,2021-04-28 18:00:00,2021-04-28 20:00:00,0.07021
Netherlands,NLD,2021-04-28 19:00:00,2021-04-28 21:00:00,0.06266
Netherlands,NLD,2021-04-28 20:00:00,2021-04-28 22:00:00,0.053439999999999994
Netherlands,NLD,2021-04-28 21:00:00,2021-04-28 23:00:00,0.05046
Netherlands,NLD,2021-04-28 22:00:00,2021-04-29 00:00:00,0.05005
Netherlands,NLD,2021-04-28 23:00:00,2021-04-29 01:00:00,0.049229999999999996
Netherlands,NLD,2021-04-29 00:00:00,2021-04-29 02:00:00,0.052399999999999995
Netherlands,NLD,2021-04-29 01:00:00,2021-04-29 03:00:00,0.05207
Netherlands,NLD,2021-04-29 02:00:00,2021-04-29 04:00:00,0.052039999999999996
Netherlands,NLD,2021-04-29 03:00:00,2021-04-29 05:00:00,0.05085
Netherlands,NLD,2021-04-29 04:00:00,2021-04-29 06:00:00,0.05785
Netherlands,NLD,2021-04-29 05:00:00,2021-04-29 07:00:00,0.0799
Netherlands,NLD,2021-04-29 06:00:00,2021-04-29 08:00:00,0.08508
Netherlands,NLD,2021-04-29 07:00:00,2021-04-29 09:00:00,0.06974
Netherlands,NLD,2021-04-29 08:00:00,2021-04-29 10:00:00,0.06164
Netherlands,NLD,2021-04-29 09:00:00,2021-04-29 11:00:00,0.05747
Netherlands,NLD,2021-04-29 10:00:00,2021-04-29 12:00:00,0.056
Netherlands,NLD,2021-04-29 11:00:00,2021-04-29 13:00:00,0.05021
Netherlands,NLD,2021-04-29 12:00:00,2021-04-29 14:00:00,0.048240000000000005
Netherlands,NLD,2021-04-29 13:00:00,2021-04-29 15:00:00,0.045
Netherlands,NLD,2021-04-29 14:00:00,2021-04-29 16:00:00,0.04828
Netherlands,NLD,2021-04-29 15:00:00,2021-04-29 17:00:00,0.05001
Netherlands,NLD,2021-04-29 16:00:00,2021-04-29 18:00:00,0.0549
Netherlands,NLD,2021-04-29 17:00:00,2021-04-29 19:00:00,0.07395
Netherlands,NLD,2021-04-29 18:00:00,2021-04-29 20:00:00,0.07793000000000001
Netherlands,NLD,2021-04-29 19:00:00,2021-04-29 21:00:00,0.06386
Netherlands,NLD,2021-04-29 20:00:00,2021-04-29 22:00:00,0.058
Netherlands,NLD,2021-04-29 21:00:00,2021-04-29 23:00:00,0.0538
Netherlands,NLD,2021-04-29 22:00:00,2021-04-30 00:00:00,0.0601
Netherlands,NLD,2021-04-29 23:00:00,2021-04-30 01:00:00,0.057460000000000004
Netherlands,NLD,2021-04-30 00:00:00,2021-04-30 02:00:00,0.0574
Netherlands,NLD,2021-04-30 01:00:00,2021-04-30 03:00:00,0.05894
Netherlands,NLD,2021-04-30 02:00:00,2021-04-30 04:00:00,0.06031
Netherlands,NLD,2021-04-30 03:00:00,2021-04-30 05:00:00,0.06531999999999999
Netherlands,NLD,2021-04-30 04:00:00,2021-04-30 06:00:00,0.074
Netherlands,NLD,2021-04-30 05:00:00,2021-04-30 07:00:00,0.08259
Netherlands,NLD,2021-04-30 06:00:00,2021-04-30 08:00:00,0.08646
Netherlands,NLD,2021-04-30 07:00:00,2021-04-30 09:00:00,0.08170000000000001
Netherlands,NLD,2021-04-30 08:00:00,2021-04-30 10:00:00,0.0731
Netherlands,NLD,2021-04-30 09:00:00,2021-04-30 11:00:00,0.06948
Netherlands,NLD,2021-04-30 10:00:00,2021-04-30 12:00:00,0.05249
Netherlands,NLD,2021-04-30 11:00:00,2021-04-30 13:00:00,0.05078
Netherlands,NLD,2021-04-30 12:00:00,2021-04-30 14:00:00,0.05142
Netherlands,NLD,2021-04-30 13:00:00,2021-04-30 15:00:00,0.0506
Netherlands,NLD,2021-04-30 14:00:00,2021-04-30 16:00:00,0.05307
Netherlands,NLD,2021-04-30 15:00:00,2021-04-30 17:00:00,0.06964000000000001
Netherlands,NLD,2021-04-30 16:00:00,2021-04-30 18:00:00,0.07554999999999999
Netherlands,NLD,2021-04-30 17:00:00,2021-04-30 19:00:00,0.07906
Netherlands,NLD,2021-04-30 18:00:00,2021-04-30 20:00:00,0.08095999999999999
Netherlands,NLD,2021-04-30 19:00:00,2021-04-30 21:00:00,0.07870999999999999
Netherlands,NLD,2021-04-30 20:00:00,2021-04-30 22:00:00,0.07523
Netherlands,NLD,2021-04-30 21:00:00,2021-04-30 23:00:00,0.06886
Netherlands,NLD,2021-04-30 22:00:00,2021-05-01 00:00:00,0.06929
Netherlands,NLD,2021-04-30 23:00:00,2021-05-01 01:00:00,0.06459999999999999
Netherlands,NLD,2021-05-01 00:00:00,2021-05-01 02:00:00,0.061079999999999995
Netherlands,NLD,2021-05-01 01:00:00,2021-05-01 03:00:00,0.05993
Netherlands,NLD,2021-05-01 02:00:00,2021-05-01 04:00:00,0.0599
Netherlands,NLD,2021-05-01 03:00:00,2021-05-01 05:00:00,0.058
Netherlands,NLD,2021-05-01 04:00:00,2021-05-01 06:00:00,0.052539999999999996
Netherlands,NLD,2021-05-01 05:00:00,2021-05-01 07:00:00,0.053939999999999995
Netherlands,NLD,2021-05-01 06:00:00,2021-05-01 08:00:00,0.05738
Netherlands,NLD,2021-05-01 07:00:00,2021-05-01 09:00:00,0.05621
Netherlands,NLD,2021-05-01 08:00:00,2021-05-01 10:00:00,0.054700000000000006
Netherlands,NLD,2021-05-01 09:00:00,2021-05-01 11:00:00,0.05339
Netherlands,NLD,2021-05-01 10:00:00,2021-05-01 12:00:00,0.053130000000000004
Netherlands,NLD,2021-05-01 11:00:00,2021-05-01 13:00:00,0.05105
Netherlands,NLD,2021-05-01 12:00:00,2021-05-01 14:00:00,0.048240000000000005
Netherlands,NLD,2021-05-01 13:00:00,2021-05-01 15:00:00,0.04553
Netherlands,NLD,2021-05-01 14:00:00,2021-05-01 16:00:00,0.048979999999999996
Netherlands,NLD,2021-05-01 15:00:00,2021-05-01 17:00:00,0.05047
Netherlands,NLD,2021-05-01 16:00:00,2021-05-01 18:00:00,0.0544
Netherlands,NLD,2021-05-01 17:00:00,2021-05-01 19:00:00,0.061009999999999995
Netherlands,NLD,2021-05-01 18:00:00,2021-05-01 20:00:00,0.06869
Netherlands,NLD,2021-05-01 19:00:00,2021-05-01 21:00:00,0.06506
Netherlands,NLD,2021-05-01 20:00:00,2021-05-01 22:00:00,0.060340000000000005
Netherlands,NLD,2021-05-01 21:00:00,2021-05-01 23:00:00,0.06492
Netherlands,NLD,2021-05-01 22:00:00,2021-05-02 00:00:00,0.0639
Netherlands,NLD,2021-05-01 23:00:00,2021-05-02 01:00:00,0.053590000000000006
Netherlands,NLD,2021-05-02 00:00:00,2021-05-02 02:00:00,0.05061
Netherlands,NLD,2021-05-02 01:00:00,2021-05-02 03:00:00,0.04918
Netherlands,NLD,2021-05-02 02:00:00,2021-05-02 04:00:00,0.04943
Netherlands,NLD,2021-05-02 03:00:00,2021-05-02 05:00:00,0.04935
Netherlands,NLD,2021-05-02 04:00:00,2021-05-02 06:00:00,0.04861
Netherlands,NLD,2021-05-02 05:00:00,2021-05-02 07:00:00,0.04955
Netherlands,NLD,2021-05-02 06:00:00,2021-05-02 08:00:00,0.05076
Netherlands,NLD,2021-05-02 07:00:00,2021-05-02 09:00:00,0.04808
Netherlands,NLD,2021-05-02 08:00:00,2021-05-02 10:00:00,0.04618
Netherlands,NLD,2021-05-02 09:00:00,2021-05-02 11:00:00,0.046130000000000004
Netherlands,NLD,2021-05-02 10:00:00,2021-05-02 12:00:00,0.04391
Netherlands,NLD,2021-05-02 11:00:00,2021-05-02 13:00:00,0.01693
Netherlands,NLD,2021-05-02 12:00:00,2021-05-02 14:00:00,0.003
Netherlands,NLD,2021-05-02 13:00:00,2021-05-02 15:00:00,1e-05
Netherlands,NLD,2021-05-02 14:00:00,2021-05-02 16:00:00,0.00262
Netherlands,NLD,2021-05-02 15:00:00,2021-05-02 17:00:00,0.03577
Netherlands,NLD,2021-05-02 16:00:00,2021-05-02 18:00:00,0.05052
Netherlands,NLD,2021-05-02 17:00:00,2021-05-02 19:00:00,0.0616
Netherlands,NLD,2021-05-02 18:00:00,2021-05-02 20:00:00,0.07227
Netherlands,NLD,2021-05-02 19:00:00,2021-05-02 21:00:00,0.08352
Netherlands,NLD,2021-05-02 20:00:00,2021-05-02 22:00:00,0.0849
Netherlands,NLD,2021-05-02 21:00:00,2021-05-02 23:00:00,0.07497
Netherlands,NLD,2021-05-02 22:00:00,2021-05-03 00:00:00,0.0601
Netherlands,NLD,2021-05-02 23:00:00,2021-05-03 01:00:00,0.053950000000000005
Netherlands,NLD,2021-05-03 00:00:00,2021-05-03 02:00:00,0.05325
Netherlands,NLD,2021-05-03 01:00:00,2021-05-03 03:00:00,0.0522
Netherlands,NLD,2021-05-03 02:00:00,2021-05-03 04:00:00,0.054310000000000004
Netherlands,NLD,2021-05-03 03:00:00,2021-05-03 05:00:00,0.059609999999999996
Netherlands,NLD,2021-05-03 04:00:00,2021-05-03 06:00:00,0.07256
Netherlands,NLD,2021-05-03 05:00:00,2021-05-03 07:00:00,0.08642
Netherlands,NLD,2021-05-03 06:00:00,2021-05-03 08:00:00,0.08793000000000001
Netherlands,NLD,2021-05-03 07:00:00,2021-05-03 09:00:00,0.06731999999999999
Netherlands,NLD,2021-05-03 08:00:00,2021-05-03 10:00:00,0.06098
Netherlands,NLD,2021-05-03 09:00:00,2021-05-03 11:00:00,0.05712
Netherlands,NLD,2021-05-03 10:00:00,2021-05-03 12:00:00,0.05299
Netherlands,NLD,2021-05-03 11:00:00,2021-05-03 13:00:00,0.04997
Netherlands,NLD,2021-05-03 12:00:00,2021-05-03 14:00:00,0.05083
Netherlands,NLD,2021-05-03 13:00:00,2021-05-03 15:00:00,0.05009
Netherlands,NLD,2021-05-03 14:00:00,2021-05-03 16:00:00,0.04979
Netherlands,NLD,2021-05-03 15:00:00,2021-05-03 17:00:00,0.05619
Netherlands,NLD,2021-05-03 16:00:00,2021-05-03 18:00:00,0.07006
Netherlands,NLD,2021-05-03 17:00:00,2021-05-03 19:00:00,0.08266
Netherlands,NLD,2021-05-03 18:00:00,2021-05-03 20:00:00,0.087
Netherlands,NLD,2021-05-03 19:00:00,2021-05-03 21:00:00,0.07825
Netherlands,NLD,2021-05-03 20:00:00,2021-05-03 22:00:00,0.0687
Netherlands,NLD,2021-05-03 21:00:00,2021-05-03 23:00:00,0.05296
Netherlands,NLD,2021-05-03 22:00:00,2021-05-04 00:00:00,0.04528
Netherlands,NLD,2021-05-03 23:00:00,2021-05-04 01:00:00,0.03782
Netherlands,NLD,2021-05-04 00:00:00,2021-05-04 02:00:00,0.01697
Netherlands,NLD,2021-05-04 01:00:00,2021-05-04 03:00:00,0.00011999999999999999
Netherlands,NLD,2021-05-04 02:00:00,2021-05-04 04:00:00,0.0001
Netherlands,NLD,2021-05-04 03:00:00,2021-05-04 05:00:00,0.00721
Netherlands,NLD,2021-05-04 04:00:00,2021-05-04 06:00:00,0.04201
Netherlands,NLD,2021-05-04 05:00:00,2021-05-04 07:00:00,0.05053
Netherlands,NLD,2021-05-04 06:00:00,2021-05-04 08:00:00,0.0528
Netherlands,NLD,2021-05-04 07:00:00,2021-05-04 09:00:00,0.052399999999999995
Netherlands,NLD,2021-05-04 08:00:00,2021-05-04 10:00:00,0.03821
Netherlands,NLD,2021-05-04 09:00:00,2021-05-04 11:00:00,0.033
Netherlands,NLD,2021-05-04 10:00:00,2021-05-04 12:00:00,0.02623
Netherlands,NLD,2021-05-04 11:00:00,2021-05-04 13:00:00,0.018969999999999997
Netherlands,NLD,2021-05-04 12:00:00,2021-05-04 14:00:00,0.00206
Netherlands,NLD,2021-05-04 13:00:00,2021-05-04 15:00:00,0.00087
Netherlands,NLD,2021-05-04 14:00:00,2021-05-04 16:00:00,0.005
Netherlands,NLD,2021-05-04 15:00:00,2021-05-04 17:00:00,0.03211
Netherlands,NLD,2021-05-04 16:00:00,2021-05-04 18:00:00,0.045840000000000006
Netherlands,NLD,2021-05-04 17:00:00,2021-05-04 19:00:00,0.04876
Netherlands,NLD,2021-05-04 18:00:00,2021-05-04 20:00:00,0.054
Netherlands,NLD,2021-05-04 19:00:00,2021-05-04 21:00:00,0.0599
Netherlands,NLD,2021-05-04 20:00:00,2021-05-04 22:00:00,0.065
Netherlands,NLD,2021-05-04 21:00:00,2021-05-04 23:00:00,0.055
Netherlands,NLD,2021-05-04 22:00:00,2021-05-05 00:00:00,0.0251
Netherlands,NLD,2021-05-04 23:00:00,2021-05-05 01:00:00,0.0385
Netherlands,NLD,2021-05-05 00:00:00,2021-05-05 02:00:00,0.0386
Netherlands,NLD,2021-05-05 01:00:00,2021-05-05 03:00:00,0.038759999999999996
Netherlands,NLD,2021-05-05 02:00:00,2021-05-05 04:00:00,0.04061
Netherlands,NLD,2021-05-05 03:00:00,2021-05-05 05:00:00,0.045759999999999995
Netherlands,NLD,2021-05-05 04:00:00,2021-05-05 06:00:00,0.059789999999999996
Netherlands,NLD,2021-05-05 05:00:00,2021-05-05 07:00:00,0.06301
Netherlands,NLD,2021-05-05 06:00:00,2021-05-05 08:00:00,0.06551
Netherlands,NLD,2021-05-05 07:00:00,2021-05-05 09:00:00,0.05262
Netherlands,NLD,2021-05-05 08:00:00,2021-05-05 10:00:00,0.04586
Netherlands,NLD,2021-05-05 09:00:00,2021-05-05 11:00:00,0.038560000000000004
Netherlands,NLD,2021-05-05 10:00:00,2021-05-05 12:00:00,0.02289
Netherlands,NLD,2021-05-05 11:00:00,2021-05-05 13:00:00,0.00642
Netherlands,NLD,2021-05-05 12:00:00,2021-05-05 14:00:00,-0.022600000000000002
Netherlands,NLD,2021-05-05 13:00:00,2021-05-05 15:00:00,-0.01299
Netherlands,NLD,2021-05-05 14:00:00,2021-05-05 16:00:00,0.0001
Netherlands,NLD,2021-05-05 15:00:00,2021-05-05 17:00:00,0.049
Netherlands,NLD,2021-05-05 16:00:00,2021-05-05 18:00:00,0.0528
Netherlands,NLD,2021-05-05 17:00:00,2021-05-05 19:00:00,0.07288
Netherlands,NLD,2021-05-05 18:00:00,2021-05-05 20:00:00,0.08534
Netherlands,NLD,2021-05-05 19:00:00,2021-05-05 21:00:00,0.08971
Netherlands,NLD,2021-05-05 20:00:00,2021-05-05 22:00:00,0.07928
Netherlands,NLD,2021-05-05 21:00:00,2021-05-05 23:00:00,0.07490000000000001
Netherlands,NLD,2021-05-05 22:00:00,2021-05-06 00:00:00,0.07453
Netherlands,NLD,2021-05-05 23:00:00,2021-05-06 01:00:00,0.07619
Netherlands,NLD,2021-05-06 00:00:00,2021-05-06 02:00:00,0.0674
Netherlands,NLD,2021-05-06 01:00:00,2021-05-06 03:00:00,0.05654
Netherlands,NLD,2021-05-06 02:00:00,2021-05-06 04:00:00,0.05619
Netherlands,NLD,2021-05-06 03:00:00,2021-05-06 05:00:00,0.05815
Netherlands,NLD,2021-05-06 04:00:00,2021-05-06 06:00:00,0.07086
Netherlands,NLD,2021-05-06 05:00:00,2021-05-06 07:00:00,0.07733
Netherlands,NLD,2021-05-06 06:00:00,2021-05-06 08:00:00,0.08091
Netherlands,NLD,2021-05-06 07:00:00,2021-05-06 09:00:00,0.052590000000000005
Netherlands,NLD,2021-05-06 08:00:00,2021-05-06 10:00:00,0.05675
Netherlands,NLD,2021-05-06 09:00:00,2021-05-06 11:00:00,0.056049999999999996
Netherlands,NLD,2021-05-06 10:00:00,2021-05-06 12:00:00,0.06191
Netherlands,NLD,2021-05-06 11:00:00,2021-05-06 13:00:00,0.061
Netherlands,NLD,2021-05-06 12:00:00,2021-05-06 14:00:00,0.06007
Netherlands,NLD,2021-05-06 13:00:00,2021-05-06 15:00:00,0.06305
Netherlands,NLD,2021-05-06 14:00:00,2021-05-06 16:00:00,0.06495999999999999
Netherlands,NLD,2021-05-06 15:00:00,2021-05-06 17:00:00,0.0725
Netherlands,NLD,2021-05-06 16:00:00,2021-05-06 18:00:00,0.07897
Netherlands,NLD,2021-05-06 17:00:00,2021-05-06 19:00:00,0.09101000000000001
Netherlands,NLD,2021-05-06 18:00:00,2021-05-06 20:00:00,0.09273
Netherlands,NLD,2021-05-06 19:00:00,2021-05-06 21:00:00,0.085
Netherlands,NLD,2021-05-06 20:00:00,2021-05-06 22:00:00,0.08
Netherlands,NLD,2021-05-06 21:00:00,2021-05-06 23:00:00,0.07443999999999999
Netherlands,NLD,2021-05-06 22:00:00,2021-05-07 00:00:00,0.07557
Netherlands,NLD,2021-05-06 23:00:00,2021-05-07 01:00:00,0.06881999999999999
Netherlands,NLD,2021-05-07 00:00:00,2021-05-07 02:00:00,0.065
Netherlands,NLD,2021-05-07 01:00:00,2021-05-07 03:00:00,0.06025
Netherlands,NLD,2021-05-07 02:00:00,2021-05-07 04:00:00,0.06001
Netherlands,NLD,2021-05-07 03:00:00,2021-05-07 05:00:00,0.0693
Netherlands,NLD,2021-05-07 04:00:00,2021-05-07 06:00:00,0.08
Netherlands,NLD,2021-05-07 05:00:00,2021-05-07 07:00:00,0.09107
Netherlands,NLD,2021-05-07 06:00:00,2021-05-07 08:00:00,0.1015
Netherlands,NLD,2021-05-07 07:00:00,2021-05-07 09:00:00,0.08416
Netherlands,NLD,2021-05-07 08:00:00,2021-05-07 10:00:00,0.07875
Netherlands,NLD,2021-05-07 09:00:00,2021-05-07 11:00:00,0.07698
Netherlands,NLD,2021-05-07 10:00:00,2021-05-07 12:00:00,0.062130000000000005
Netherlands,NLD,2021-05-07 11:00:00,2021-05-07 13:00:00,0.0574
Netherlands,NLD,2021-05-07 12:00:00,2021-05-07 14:00:00,0.051
Netherlands,NLD,2021-05-07 13:00:00,2021-05-07 15:00:00,0.05055
Netherlands,NLD,2021-05-07 14:00:00,2021-05-07 16:00:00,0.05306
Netherlands,NLD,2021-05-07 15:00:00,2021-05-07 17:00:00,0.05543
Netherlands,NLD,2021-05-07 16:00:00,2021-05-07 18:00:00,0.06128
Netherlands,NLD,2021-05-07 17:00:00,2021-05-07 19:00:00,0.07472
Netherlands,NLD,2021-05-07 18:00:00,2021-05-07 20:00:00,0.0842
Netherlands,NLD,2021-05-07 19:00:00,2021-05-07 21:00:00,0.08115
Netherlands,NLD,2021-05-07 20:00:00,2021-05-07 22:00:00,0.07373
Netherlands,NLD,2021-05-07 21:00:00,2021-05-07 23:00:00,0.06862
Netherlands,NLD,2021-05-07 22:00:00,2021-05-08 00:00:00,0.07129
Netherlands,NLD,2021-05-07 23:00:00,2021-05-08 01:00:00,0.06592
Netherlands,NLD,2021-05-08 00:00:00,2021-05-08 02:00:00,0.06855
Netherlands,NLD,2021-05-08 01:00:00,2021-05-08 03:00:00,0.06263
Netherlands,NLD,2021-05-08 02:00:00,2021-05-08 04:00:00,0.06157
Netherlands,NLD,2021-05-08 03:00:00,2021-05-08 05:00:00,0.05947
Netherlands,NLD,2021-05-08 04:00:00,2021-05-08 06:00:00,0.055159999999999994
Netherlands,NLD,2021-05-08 05:00:00,2021-05-08 07:00:00,0.05601
Netherlands,NLD,2021-05-08 06:00:00,2021-05-08 08:00:00,0.057
Netherlands,NLD,2021-05-08 07:00:00,2021-05-08 09:00:00,0.05276
Netherlands,NLD,2021-05-08 08:00:00,2021-05-08 10:00:00,0.04514
Netherlands,NLD,2021-05-08 09:00:00,2021-05-08 11:00:00,0.04104
Netherlands,NLD,2021-05-08 10:00:00,2021-05-08 12:00:00,0.037
Netherlands,NLD,2021-05-08 11:00:00,2021-05-08 13:00:00,0.02916
Netherlands,NLD,2021-05-08 12:00:00,2021-05-08 14:00:00,0.0299
Netherlands,NLD,2021-05-08 13:00:00,2021-05-08 15:00:00,0.04
Netherlands,NLD,2021-05-08 14:00:00,2021-05-08 16:00:00,0.05486
Netherlands,NLD,2021-05-08 15:00:00,2021-05-08 17:00:00,0.06556000000000001
Netherlands,NLD,2021-05-08 16:00:00,2021-05-08 18:00:00,0.05483
Netherlands,NLD,2021-05-08 17:00:00,2021-05-08 19:00:00,0.06995
Netherlands,NLD,2021-05-08 18:00:00,2021-05-08 20:00:00,0.06627
Netherlands,NLD,2021-05-08 19:00:00,2021-05-08 21:00:00,0.06074
Netherlands,NLD,2021-05-08 20:00:00,2021-05-08 22:00:00,0.056530000000000004
Netherlands,NLD,2021-05-08 21:00:00,2021-05-08 23:00:00,0.05529
Netherlands,NLD,2021-05-08 22:00:00,2021-05-09 00:00:00,0.01502
Netherlands,NLD,2021-05-08 23:00:00,2021-05-09 01:00:00,0.00671
Netherlands,NLD,2021-05-09 00:00:00,2021-05-09 02:00:00,0.002
Netherlands,NLD,2021-05-09 01:00:00,2021-05-09 03:00:00,0.00161
Netherlands,NLD,2021-05-09 02:00:00,2021-05-09 04:00:00,8.999999999999999e-05
Netherlands,NLD,2021-05-09 03:00:00,2021-05-09 05:00:00,0.0001
Netherlands,NLD,2021-05-09 04:00:00,2021-05-09 06:00:00,8.999999999999999e-05
Netherlands,NLD,2021-05-09 05:00:00,2021-05-09 07:00:00,8e-05
Netherlands,NLD,2021-05-09 06:00:00,2021-05-09 08:00:00,0.00032
Netherlands,NLD,2021-05-09 07:00:00,2021-05-09 09:00:00,0.0
Netherlands,NLD,2021-05-09 08:00:00,2021-05-09 10:00:00,-0.00491
Netherlands,NLD,2021-05-09 09:00:00,2021-05-09 11:00:00,-0.01097
Netherlands,NLD,2021-05-09 10:00:00,2021-05-09 12:00:00,-0.017
Netherlands,NLD,2021-05-09 11:00:00,2021-05-09 13:00:00,-0.03487
Netherlands,NLD,2021-05-09 12:00:00,2021-05-09 14:00:00,-0.06618
Netherlands,NLD,2021-05-09 13:00:00,2021-05-09 15:00:00,-0.054049999999999994
Netherlands,NLD,2021-05-09 14:00:00,2021-05-09 16:00:00,-0.022600000000000002
Netherlands,NLD,2021-05-09 15:00:00,2021-05-09 17:00:00,0.011789999999999998
Netherlands,NLD,2021-05-09 16:00:00,2021-05-09 18:00:00,0.044899999999999995
Netherlands,NLD,2021-05-09 17:00:00,2021-05-09 19:00:00,0.060759999999999995
Netherlands,NLD,2021-05-09 18:00:00,2021-05-09 20:00:00,0.0665
Netherlands,NLD,2021-05-09 19:00:00,2021-05-09 21:00:00,0.06559999999999999
Netherlands,NLD,2021-05-09 20:00:00,2021-05-09 22:00:00,0.055979999999999995
Netherlands,NLD,2021-05-09 21:00:00,2021-05-09 23:00:00,0.05278
Netherlands,NLD,2021-05-09 22:00:00,2021-05-10 00:00:00,0.04506
Netherlands,NLD,2021-05-09 23:00:00,2021-05-10 01:00:00,0.04211
Netherlands,NLD,2021-05-10 00:00:00,2021-05-10 02:00:00,0.04
Netherlands,NLD,2021-05-10 01:00:00,2021-05-10 03:00:00,0.03545
Netherlands,NLD,2021-05-10 02:00:00,2021-05-10 04:00:00,0.028030000000000003
Netherlands,NLD,2021-05-10 03:00:00,2021-05-10 05:00:00,0.037
Netherlands,NLD,2021-05-10 04:00:00,2021-05-10 06:00:00,0.05712
Netherlands,NLD,2021-05-10 05:00:00,2021-05-10 07:00:00,0.06999
Netherlands,NLD,2021-05-10 06:00:00,2021-05-10 08:00:00,0.07407
Netherlands,NLD,2021-05-10 07:00:00,2021-05-10 09:00:00,0.05956
Netherlands,NLD,2021-05-10 08:00:00,2021-05-10 10:00:00,0.05386
Netherlands,NLD,2021-05-10 09:00:00,2021-05-10 11:00:00,0.05346
Netherlands,NLD,2021-05-10 10:00:00,2021-05-10 12:00:00,0.05436
Netherlands,NLD,2021-05-10 11:00:00,2021-05-10 13:00:00,0.04628
Netherlands,NLD,2021-05-10 12:00:00,2021-05-10 14:00:00,0.047439999999999996
Netherlands,NLD,2021-05-10 13:00:00,2021-05-10 15:00:00,0.05325
Netherlands,NLD,2021-05-10 14:00:00,2021-05-10 16:00:00,0.05763
Netherlands,NLD,2021-05-10 15:00:00,2021-05-10 17:00:00,0.06592
Netherlands,NLD,2021-05-10 16:00:00,2021-05-10 18:00:00,0.07241
Netherlands,NLD,2021-05-10 17:00:00,2021-05-10 19:00:00,0.08394
Netherlands,NLD,2021-05-10 18:00:00,2021-05-10 20:00:00,0.09012
Netherlands,NLD,2021-05-10 19:00:00,2021-05-10 21:00:00,0.084
Netherlands,NLD,2021-05-10 20:00:00,2021-05-10 22:00:00,0.07991
Netherlands,NLD,2021-05-10 21:00:00,2021-05-10 23:00:00,0.068
Netherlands,NLD,2021-05-10 22:00:00,2021-05-11 00:00:00,0.07
Netherlands,NLD,2021-05-10 23:00:00,2021-05-11 01:00:00,0.06492
Netherlands,NLD,2021-05-11 00:00:00,2021-05-11 02:00:00,0.06039
Netherlands,NLD,2021-05-11 01:00:00,2021-05-11 03:00:00,0.056670000000000005
Netherlands,NLD,2021-05-11 02:00:00,2021-05-11 04:00:00,0.05737
Netherlands,NLD,2021-05-11 03:00:00,2021-05-11 05:00:00,0.06309000000000001
Netherlands,NLD,2021-05-11 04:00:00,2021-05-11 06:00:00,0.07697
Netherlands,NLD,2021-05-11 05:00:00,2021-05-11 07:00:00,0.08599
Netherlands,NLD,2021-05-11 06:00:00,2021-05-11 08:00:00,0.09337000000000001
Netherlands,NLD,2021-05-11 07:00:00,2021-05-11 09:00:00,0.08571
Netherlands,NLD,2021-05-11 08:00:00,2021-05-11 10:00:00,0.07948000000000001
Netherlands,NLD,2021-05-11 09:00:00,2021-05-11 11:00:00,0.07765999999999999
Netherlands,NLD,2021-05-11 10:00:00,2021-05-11 12:00:00,0.07425
Netherlands,NLD,2021-05-11 11:00:00,2021-05-11 13:00:00,0.06916
Netherlands,NLD,2021-05-11 12:00:00,2021-05-11 14:00:00,0.06106
Netherlands,NLD,2021-05-11 13:00:00,2021-05-11 15:00:00,0.062049999999999994
Netherlands,NLD,2021-05-11 14:00:00,2021-05-11 16:00:00,0.062119999999999995
Netherlands,NLD,2021-05-11 15:00:00,2021-05-11 17:00:00,0.06943
Netherlands,NLD,2021-05-11 16:00:00,2021-05-11 18:00:00,0.07765999999999999
Netherlands,NLD,2021-05-11 17:00:00,2021-05-11 19:00:00,0.08119
Netherlands,NLD,2021-05-11 18:00:00,2021-05-11 20:00:00,0.08
Netherlands,NLD,2021-05-11 19:00:00,2021-05-11 21:00:00,0.07962000000000001
Netherlands,NLD,2021-05-11 20:00:00,2021-05-11 22:00:00,0.07534
Netherlands,NLD,2021-05-11 21:00:00,2021-05-11 23:00:00,0.06862
Netherlands,NLD,2021-05-11 22:00:00,2021-05-12 00:00:00,0.062259999999999996
Netherlands,NLD,2021-05-11 23:00:00,2021-05-12 01:00:00,0.0582
Netherlands,NLD,2021-05-12 00:00:00,2021-05-12 02:00:00,0.05631
Netherlands,NLD,2021-05-12 01:00:00,2021-05-12 03:00:00,0.054810000000000005
Netherlands,NLD,2021-05-12 02:00:00,2021-05-12 04:00:00,0.055009999999999996
Netherlands,NLD,2021-05-12 03:00:00,2021-05-12 05:00:00,0.05884
Netherlands,NLD,2021-05-12 04:00:00,2021-05-12 06:00:00,0.06999
Netherlands,NLD,2021-05-12 05:00:00,2021-05-12 07:00:00,0.07937000000000001
Netherlands,NLD,2021-05-12 06:00:00,2021-05-12 08:00:00,0.08612
Netherlands,NLD,2021-05-12 07:00:00,2021-05-12 09:00:00,0.08009999999999999
Netherlands,NLD,2021-05-12 08:00:00,2021-05-12 10:00:00,0.07578
Netherlands,NLD,2021-05-12 09:00:00,2021-05-12 11:00:00,0.07384
Netherlands,NLD,2021-05-12 10:00:00,2021-05-12 12:00:00,0.067
Netherlands,NLD,2021-05-12 11:00:00,2021-05-12 13:00:00,0.062060000000000004
Netherlands,NLD,2021-05-12 12:00:00,2021-05-12 14:00:00,0.06006
Netherlands,NLD,2021-05-12 13:00:00,2021-05-12 15:00:00,0.06
Netherlands,NLD,2021-05-12 14:00:00,2021-05-12 16:00:00,0.06275
Netherlands,NLD,2021-05-12 15:00:00,2021-05-12 17:00:00,0.07
Netherlands,NLD,2021-05-12 16:00:00,2021-05-12 18:00:00,0.07497
Netherlands,NLD,2021-05-12 17:00:00,2021-05-12 19:00:00,0.08097
Netherlands,NLD,2021-05-12 18:00:00,2021-05-12 20:00:00,0.08097
Netherlands,NLD,2021-05-12 19:00:00,2021-05-12 21:00:00,0.07808
Netherlands,NLD,2021-05-12 20:00:00,2021-05-12 22:00:00,0.07451
Netherlands,NLD,2021-05-12 21:00:00,2021-05-12 23:00:00,0.06601
Netherlands,NLD,2021-05-12 22:00:00,2021-05-13 00:00:00,0.06504
Netherlands,NLD,2021-05-12 23:00:00,2021-05-13 01:00:00,0.06315
Netherlands,NLD,2021-05-13 00:00:00,2021-05-13 02:00:00,0.06074
Netherlands,NLD,2021-05-13 01:00:00,2021-05-13 03:00:00,0.06085
Netherlands,NLD,2021-05-13 02:00:00,2021-05-13 04:00:00,0.0599
Netherlands,NLD,2021-05-13 03:00:00,2021-05-13 05:00:00,0.06069
Netherlands,NLD,2021-05-13 04:00:00,2021-05-13 06:00:00,0.06033
Netherlands,NLD,2021-05-13 05:00:00,2021-05-13 07:00:00,0.06287
Netherlands,NLD,2021-05-13 06:00:00,2021-05-13 08:00:00,0.06764
Netherlands,NLD,2021-05-13 07:00:00,2021-05-13 09:00:00,0.063
Netherlands,NLD,2021-05-13 08:00:00,2021-05-13 10:00:00,0.06069
Netherlands,NLD,2021-05-13 09:00:00,2021-05-13 11:00:00,0.05796
Netherlands,NLD,2021-05-13 10:00:00,2021-05-13 12:00:00,0.05878
Netherlands,NLD,2021-05-13 11:00:00,2021-05-13 13:00:00,0.05163
Netherlands,NLD,2021-05-13 12:00:00,2021-05-13 14:00:00,0.048960000000000004
Netherlands,NLD,2021-05-13 13:00:00,2021-05-13 15:00:00,0.048
Netherlands,NLD,2021-05-13 14:00:00,2021-05-13 16:00:00,0.04978
Netherlands,NLD,2021-05-13 15:00:00,2021-05-13 17:00:00,0.057
Netherlands,NLD,2021-05-13 16:00:00,2021-05-13 18:00:00,0.06403
Netherlands,NLD,2021-05-13 17:00:00,2021-05-13 19:00:00,0.07590999999999999
Netherlands,NLD,2021-05-13 18:00:00,2021-05-13 20:00:00,0.07776000000000001
Netherlands,NLD,2021-05-13 19:00:00,2021-05-13 21:00:00,0.07995999999999999
Netherlands,NLD,2021-05-13 20:00:00,2021-05-13 22:00:00,0.07834999999999999
Netherlands,NLD,2021-05-13 21:00:00,2021-05-13 23:00:00,0.07263
Netherlands,NLD,2021-05-13 22:00:00,2021-05-14 00:00:00,0.07537999999999999
Netherlands,NLD,2021-05-13 23:00:00,2021-05-14 01:00:00,0.069
Netherlands,NLD,2021-05-14 00:00:00,2021-05-14 02:00:00,0.06565
Netherlands,NLD,2021-05-14 01:00:00,2021-05-14 03:00:00,0.062200000000000005
Netherlands,NLD,2021-05-14 02:00:00,2021-05-14 04:00:00,0.062200000000000005
Netherlands,NLD,2021-05-14 03:00:00,2021-05-14 05:00:00,0.068
Netherlands,NLD,2021-05-14 04:00:00,2021-05-14 06:00:00,0.07378
Netherlands,NLD,2021-05-14 05:00:00,2021-05-14 07:00:00,0.08
Netherlands,NLD,2021-05-14 06:00:00,2021-05-14 08:00:00,0.08214
Netherlands,NLD,2021-05-14 07:00:00,2021-05-14 09:00:00,0.07895999999999999
Netherlands,NLD,2021-05-14 08:00:00,2021-05-14 10:00:00,0.07
Netherlands,NLD,2021-05-14 09:00:00,2021-05-14 11:00:00,0.06720999999999999
Netherlands,NLD,2021-05-14 10:00:00,2021-05-14 12:00:00,0.06720999999999999
Netherlands,NLD,2021-05-14 11:00:00,2021-05-14 13:00:00,0.063
Netherlands,NLD,2021-05-14 12:00:00,2021-05-14 14:00:00,0.060700000000000004
Netherlands,NLD,2021-05-14 13:00:00,2021-05-14 15:00:00,0.06
Netherlands,NLD,2021-05-14 14:00:00,2021-05-14 16:00:00,0.06005
Netherlands,NLD,2021-05-14 15:00:00,2021-05-14 17:00:00,0.065
Netherlands,NLD,2021-05-14 16:00:00,2021-05-14 18:00:00,0.07856
Netherlands,NLD,2021-05-14 17:00:00,2021-05-14 19:00:00,0.08056
Netherlands,NLD,2021-05-14 18:00:00,2021-05-14 20:00:00,0.085
Netherlands,NLD,2021-05-14 19:00:00,2021-05-14 21:00:00,0.08702
Netherlands,NLD,2021-05-14 20:00:00,2021-05-14 22:00:00,0.085
Netherlands,NLD,2021-05-14 21:00:00,2021-05-14 23:00:00,0.07869
Netherlands,NLD,2021-05-14 22:00:00,2021-05-15 00:00:00,0.07239
Netherlands,NLD,2021-05-14 23:00:00,2021-05-15 01:00:00,0.06675
Netherlands,NLD,2021-05-15 00:00:00,2021-05-15 02:00:00,0.064
Netherlands,NLD,2021-05-15 01:00:00,2021-05-15 03:00:00,0.064
Netherlands,NLD,2021-05-15 02:00:00,2021-05-15 04:00:00,0.064
Netherlands,NLD,2021-05-15 03:00:00,2021-05-15 05:00:00,0.064
Netherlands,NLD,2021-05-15 04:00:00,2021-05-15 06:00:00,0.064
Netherlands,NLD,2021-05-15 05:00:00,2021-05-15 07:00:00,0.06075
Netherlands,NLD,2021-05-15 06:00:00,2021-05-15 08:00:00,0.0606
Netherlands,NLD,2021-05-15 07:00:00,2021-05-15 09:00:00,0.060090000000000005
Netherlands,NLD,2021-05-15 08:00:00,2021-05-15 10:00:00,0.055729999999999995
Netherlands,NLD,2021-05-15 09:00:00,2021-05-15 11:00:00,0.053020000000000005
Netherlands,NLD,2021-05-15 10:00:00,2021-05-15 12:00:00,0.05196
Netherlands,NLD,2021-05-15 11:00:00,2021-05-15 13:00:00,0.048490000000000005
Netherlands,NLD,2021-05-15 12:00:00,2021-05-15 14:00:00,0.04507
Netherlands,NLD,2021-05-15 13:00:00,2021-05-15 15:00:00,0.04784
Netherlands,NLD,2021-05-15 14:00:00,2021-05-15 16:00:00,0.05132
Netherlands,NLD,2021-05-15 15:00:00,2021-05-15 17:00:00,0.0593
Netherlands,NLD,2021-05-15 16:00:00,2021-05-15 18:00:00,0.07493999999999999
Netherlands,NLD,2021-05-15 17:00:00,2021-05-15 19:00:00,0.07529000000000001
Netherlands,NLD,2021-05-15 18:00:00,2021-05-15 20:00:00,0.07565000000000001
Netherlands,NLD,2021-05-15 19:00:00,2021-05-15 21:00:00,0.07264
Netherlands,NLD,2021-05-15 20:00:00,2021-05-15 22:00:00,0.07073
Netherlands,NLD,2021-05-15 21:00:00,2021-05-15 23:00:00,0.065
Netherlands,NLD,2021-05-15 22:00:00,2021-05-16 00:00:00,0.05305
Netherlands,NLD,2021-05-15 23:00:00,2021-05-16 01:00:00,0.047869999999999996
Netherlands,NLD,2021-05-16 00:00:00,2021-05-16 02:00:00,0.04165
Netherlands,NLD,2021-05-16 01:00:00,2021-05-16 03:00:00,0.03459
Netherlands,NLD,2021-05-16 02:00:00,2021-05-16 04:00:00,0.02972
Netherlands,NLD,2021-05-16 03:00:00,2021-05-16 05:00:00,0.02786
Netherlands,NLD,2021-05-16 04:00:00,2021-05-16 06:00:00,0.02208
Netherlands,NLD,2021-05-16 05:00:00,2021-05-16 07:00:00,0.02525
Netherlands,NLD,2021-05-16 06:00:00,2021-05-16 08:00:00,0.03139
Netherlands,NLD,2021-05-16 07:00:00,2021-05-16 09:00:00,0.03091
Netherlands,NLD,2021-05-16 08:00:00,2021-05-16 10:00:00,0.02422
Netherlands,NLD,2021-05-16 09:00:00,2021-05-16 11:00:00,0.0292
Netherlands,NLD,2021-05-16 10:00:00,2021-05-16 12:00:00,0.02896
Netherlands,NLD,2021-05-16 11:00:00,2021-05-16 13:00:00,0.00993
Netherlands,NLD,2021-05-16 12:00:00,2021-05-16 14:00:00,0.00383
Netherlands,NLD,2021-05-16 13:00:00,2021-05-16 15:00:00,0.001
Netherlands,NLD,2021-05-16 14:00:00,2021-05-16 16:00:00,0.0101
Netherlands,NLD,2021-05-16 15:00:00,2021-05-16 17:00:00,0.06349
Netherlands,NLD,2021-05-16 16:00:00,2021-05-16 18:00:00,0.05965
Netherlands,NLD,2021-05-16 17:00:00,2021-05-16 19:00:00,0.081
Netherlands,NLD,2021-05-16 18:00:00,2021-05-16 20:00:00,0.09606999999999999
Netherlands,NLD,2021-05-16 19:00:00,2021-05-16 21:00:00,0.08061
Netherlands,NLD,2021-05-16 20:00:00,2021-05-16 22:00:00,0.07843000000000001
Netherlands,NLD,2021-05-16 21:00:00,2021-05-16 23:00:00,0.06505
Netherlands,NLD,2021-05-16 22:00:00,2021-05-17 00:00:00,0.06051
Netherlands,NLD,2021-05-16 23:00:00,2021-05-17 01:00:00,0.05303
Netherlands,NLD,2021-05-17 00:00:00,2021-05-17 02:00:00,0.05276
Netherlands,NLD,2021-05-17 01:00:00,2021-05-17 03:00:00,0.05378
Netherlands,NLD,2021-05-17 02:00:00,2021-05-17 04:00:00,0.05672
Netherlands,NLD,2021-05-17 03:00:00,2021-05-17 05:00:00,0.06073
Netherlands,NLD,2021-05-17 04:00:00,2021-05-17 06:00:00,0.07776999999999999
Netherlands,NLD,2021-05-17 05:00:00,2021-05-17 07:00:00,0.09315999999999999
Netherlands,NLD,2021-05-17 06:00:00,2021-05-17 08:00:00,0.0999
Netherlands,NLD,2021-05-17 07:00:00,2021-05-17 09:00:00,0.08666
Netherlands,NLD,2021-05-17 08:00:00,2021-05-17 10:00:00,0.082
Netherlands,NLD,2021-05-17 09:00:00,2021-05-17 11:00:00,0.08186
Netherlands,NLD,2021-05-17 10:00:00,2021-05-17 12:00:00,0.07801999999999999
Netherlands,NLD,2021-05-17 11:00:00,2021-05-17 13:00:00,0.072
Netherlands,NLD,2021-05-17 12:00:00,2021-05-17 14:00:00,0.064
Netherlands,NLD,2021-05-17 13:00:00,2021-05-17 15:00:00,0.060759999999999995
Netherlands,NLD,2021-05-17 14:00:00,2021-05-17 16:00:00,0.05955
Netherlands,NLD,2021-05-17 15:00:00,2021-05-17 17:00:00,0.07079
Netherlands,NLD,2021-05-17 16:00:00,2021-05-17 18:00:00,0.07795999999999999
Netherlands,NLD,2021-05-17 17:00:00,2021-05-17 19:00:00,0.08577
Netherlands,NLD,2021-05-17 18:00:00,2021-05-17 20:00:00,0.08892
Netherlands,NLD,2021-05-17 19:00:00,2021-05-17 21:00:00,0.08704
Netherlands,NLD,2021-05-17 20:00:00,2021-05-17 22:00:00,0.082
Netherlands,NLD,2021-05-17 21:00:00,2021-05-17 23:00:00,0.07798999999999999
Netherlands,NLD,2021-05-17 22:00:00,2021-05-18 00:00:00,0.068
Netherlands,NLD,2021-05-17 23:00:00,2021-05-18 01:00:00,0.062
Netherlands,NLD,2021-05-18 00:00:00,2021-05-18 02:00:00,0.05966
Netherlands,NLD,2021-05-18 01:00:00,2021-05-18 03:00:00,0.05668
Netherlands,NLD,2021-05-18 02:00:00,2021-05-18 04:00:00,0.05992
Netherlands,NLD,2021-05-18 03:00:00,2021-05-18 05:00:00,0.06720999999999999
Netherlands,NLD,2021-05-18 04:00:00,2021-05-18 06:00:00,0.08098999999999999
Netherlands,NLD,2021-05-18 05:00:00,2021-05-18 07:00:00,0.08798
Netherlands,NLD,2021-05-18 06:00:00,2021-05-18 08:00:00,0.09007
Netherlands,NLD,2021-05-18 07:00:00,2021-05-18 09:00:00,0.08725
Netherlands,NLD,2021-05-18 08:00:00,2021-05-18 10:00:00,0.08242000000000001
Netherlands,NLD,2021-05-18 09:00:00,2021-05-18 11:00:00,0.08
Netherlands,NLD,2021-05-18 10:00:00,2021-05-18 12:00:00,0.07307999999999999
Netherlands,NLD,2021-05-18 11:00:00,2021-05-18 13:00:00,0.06745999999999999
Netherlands,NLD,2021-05-18 12:00:00,2021-05-18 14:00:00,0.06255
Netherlands,NLD,2021-05-18 13:00:00,2021-05-18 15:00:00,0.06192
Netherlands,NLD,2021-05-18 14:00:00,2021-05-18 16:00:00,0.06016
Netherlands,NLD,2021-05-18 15:00:00,2021-05-18 17:00:00,0.06425
Netherlands,NLD,2021-05-18 16:00:00,2021-05-18 18:00:00,0.0799
Netherlands,NLD,2021-05-18 17:00:00,2021-05-18 19:00:00,0.08824
Netherlands,NLD,2021-05-18 18:00:00,2021-05-18 20:00:00,0.08995
Netherlands,NLD,2021-05-18 19:00:00,2021-05-18 21:00:00,0.08798
Netherlands,NLD,2021-05-18 20:00:00,2021-05-18 22:00:00,0.0837
Netherlands,NLD,2021-05-18 21:00:00,2021-05-18 23:00:00,0.07892
Netherlands,NLD,2021-05-18 22:00:00,2021-05-19 00:00:00,0.07259
Netherlands,NLD,2021-05-18 23:00:00,2021-05-19 01:00:00,0.06548999999999999
Netherlands,NLD,2021-05-19 00:00:00,2021-05-19 02:00:00,0.0631
Netherlands,NLD,2021-05-19 01:00:00,2021-05-19 03:00:00,0.062079999999999996
Netherlands,NLD,2021-05-19 02:00:00,2021-05-19 04:00:00,0.06382
Netherlands,NLD,2021-05-19 03:00:00,2021-05-19 05:00:00,0.06979
Netherlands,NLD,2021-05-19 04:00:00,2021-05-19 06:00:00,0.08295999999999999
Netherlands,NLD,2021-05-19 05:00:00,2021-05-19 07:00:00,0.07390000000000001
Netherlands,NLD,2021-05-19 06:00:00,2021-05-19 08:00:00,0.08718000000000001
Netherlands,NLD,2021-05-19 07:00:00,2021-05-19 09:00:00,0.08932
Netherlands,NLD,2021-05-19 08:00:00,2021-05-19 10:00:00,0.08465
Netherlands,NLD,2021-05-19 09:00:00,2021-05-19 11:00:00,0.08195999999999999
Netherlands,NLD,2021-05-19 10:00:00,2021-05-19 12:00:00,0.07776999999999999
Netherlands,NLD,2021-05-19 11:00:00,2021-05-19 13:00:00,0.07008
Netherlands,NLD,2021-05-19 12:00:00,2021-05-19 14:00:00,0.064
Netherlands,NLD,2021-05-19 13:00:00,2021-05-19 15:00:00,0.06355
Netherlands,NLD,2021-05-19 14:00:00,2021-05-19 16:00:00,0.06387
Netherlands,NLD,2021-05-19 15:00:00,2021-05-19 17:00:00,0.071
Netherlands,NLD,2021-05-19 16:00:00,2021-05-19 18:00:00,0.08059999999999999
Netherlands,NLD,2021-05-19 17:00:00,2021-05-19 19:00:00,0.0865
Netherlands,NLD,2021-05-19 18:00:00,2021-05-19 20:00:00,0.09281
Netherlands,NLD,2021-05-19 19:00:00,2021-05-19 21:00:00,0.09001
Netherlands,NLD,2021-05-19 20:00:00,2021-05-19 22:00:00,0.08707
Netherlands,NLD,2021-05-19 21:00:00,2021-05-19 23:00:00,0.08005
Netherlands,NLD,2021-05-19 22:00:00,2021-05-20 00:00:00,0.07167
Netherlands,NLD,2021-05-19 23:00:00,2021-05-20 01:00:00,0.06167
Netherlands,NLD,2021-05-20 00:00:00,2021-05-20 02:00:00,0.0619
Netherlands,NLD,2021-05-20 01:00:00,2021-05-20 03:00:00,0.05995
Netherlands,NLD,2021-05-20 02:00:00,2021-05-20 04:00:00,0.0587
Netherlands,NLD,2021-05-20 03:00:00,2021-05-20 05:00:00,0.06579
Netherlands,NLD,2021-05-20 04:00:00,2021-05-20 06:00:00,0.07991
Netherlands,NLD,2021-05-20 05:00:00,2021-05-20 07:00:00,0.09023
Netherlands,NLD,2021-05-20 06:00:00,2021-05-20 08:00:00,0.09490000000000001
Netherlands,NLD,2021-05-20 07:00:00,2021-05-20 09:00:00,0.076
Netherlands,NLD,2021-05-20 08:00:00,2021-05-20 10:00:00,0.0695
Netherlands,NLD,2021-05-20 09:00:00,2021-05-20 11:00:00,0.059
Netherlands,NLD,2021-05-20 10:00:00,2021-05-20 12:00:00,0.059359999999999996
Netherlands,NLD,2021-05-20 11:00:00,2021-05-20 13:00:00,0.056
Netherlands,NLD,2021-05-20 12:00:00,2021-05-20 14:00:00,0.05407
Netherlands,NLD,2021-05-20 13:00:00,2021-05-20 15:00:00,0.05595
Netherlands,NLD,2021-05-20 14:00:00,2021-05-20 16:00:00,0.0572
Netherlands,NLD,2021-05-20 15:00:00,2021-05-20 17:00:00,0.059840000000000004
Netherlands,NLD,2021-05-20 16:00:00,2021-05-20 18:00:00,0.07474
Netherlands,NLD,2021-05-20 17:00:00,2021-05-20 19:00:00,0.073
Netherlands,NLD,2021-05-20 18:00:00,2021-05-20 20:00:00,0.07
Netherlands,NLD,2021-05-20 19:00:00,2021-05-20 21:00:00,0.07897
Netherlands,NLD,2021-05-20 20:00:00,2021-05-20 22:00:00,0.07696
Netherlands,NLD,2021-05-20 21:00:00,2021-05-20 23:00:00,0.058929999999999996
Netherlands,NLD,2021-05-20 22:00:00,2021-05-21 00:00:00,0.03724
Netherlands,NLD,2021-05-20 23:00:00,2021-05-21 01:00:00,0.0229
Netherlands,NLD,2021-05-21 00:00:00,2021-05-21 02:00:00,0.014289999999999999
Netherlands,NLD,2021-05-21 01:00:00,2021-05-21 03:00:00,0.00783
Netherlands,NLD,2021-05-21 02:00:00,2021-05-21 04:00:00,0.00708
Netherlands,NLD,2021-05-21 03:00:00,2021-05-21 05:00:00,0.020989999999999998
Netherlands,NLD,2021-05-21 04:00:00,2021-05-21 06:00:00,0.04847
Netherlands,NLD,2021-05-21 05:00:00,2021-05-21 07:00:00,0.065
Netherlands,NLD,2021-05-21 06:00:00,2021-05-21 08:00:00,0.06622
Netherlands,NLD,2021-05-21 07:00:00,2021-05-21 09:00:00,0.05341
Netherlands,NLD,2021-05-21 08:00:00,2021-05-21 10:00:00,0.03757
Netherlands,NLD,2021-05-21 09:00:00,2021-05-21 11:00:00,0.022449999999999998
Netherlands,NLD,2021-05-21 10:00:00,2021-05-21 12:00:00,0.01392
Netherlands,NLD,2021-05-21 11:00:00,2021-05-21 13:00:00,0.0
Netherlands,NLD,2021-05-21 12:00:00,2021-05-21 14:00:00,-0.0108
Netherlands,NLD,2021-05-21 13:00:00,2021-05-21 15:00:00,-0.01
Netherlands,NLD,2021-05-21 14:00:00,2021-05-21 16:00:00,0.00233
Netherlands,NLD,2021-05-21 15:00:00,2021-05-21 17:00:00,0.01601
Netherlands,NLD,2021-05-21 16:00:00,2021-05-21 18:00:00,0.044899999999999995
Netherlands,NLD,2021-05-21 17:00:00,2021-05-21 19:00:00,0.057159999999999996
Netherlands,NLD,2021-05-21 18:00:00,2021-05-21 20:00:00,0.06038
Netherlands,NLD,2021-05-21 19:00:00,2021-05-21 21:00:00,0.056530000000000004
Netherlands,NLD,2021-05-21 20:00:00,2021-05-21 22:00:00,0.0551
Netherlands,NLD,2021-05-21 21:00:00,2021-05-21 23:00:00,0.04269
Netherlands,NLD,2021-05-21 22:00:00,2021-05-22 00:00:00,0.02004
Netherlands,NLD,2021-05-21 23:00:00,2021-05-22 01:00:00,0.004070000000000001
Netherlands,NLD,2021-05-22 00:00:00,2021-05-22 02:00:00,0.0008900000000000001
Netherlands,NLD,2021-05-22 01:00:00,2021-05-22 03:00:00,2.9999999999999997e-05
Netherlands,NLD,2021-05-22 02:00:00,2021-05-22 04:00:00,-5e-05
Netherlands,NLD,2021-05-22 03:00:00,2021-05-22 05:00:00,-0.00054
Netherlands,NLD,2021-05-22 04:00:00,2021-05-22 06:00:00,0.0
Netherlands,NLD,2021-05-22 05:00:00,2021-05-22 07:00:00,2.9999999999999997e-05
Netherlands,NLD,2021-05-22 06:00:00,2021-05-22 08:00:00,0.00134
Netherlands,NLD,2021-05-22 07:00:00,2021-05-22 09:00:00,0.0101
Netherlands,NLD,2021-05-22 08:00:00,2021-05-22 10:00:00,0.02071
Netherlands,NLD,2021-05-22 09:00:00,2021-05-22 11:00:00,0.02177
Netherlands,NLD,2021-05-22 10:00:00,2021-05-22 12:00:00,0.020370000000000003
Netherlands,NLD,2021-05-22 11:00:00,2021-05-22 13:00:00,0.01726
Netherlands,NLD,2021-05-22 12:00:00,2021-05-22 14:00:00,0.01031
Netherlands,NLD,2021-05-22 13:00:00,2021-05-22 15:00:00,0.00958
Netherlands,NLD,2021-05-22 14:00:00,2021-05-22 16:00:00,0.0124
Netherlands,NLD,2021-05-22 15:00:00,2021-05-22 17:00:00,0.057640000000000004
Netherlands,NLD,2021-05-22 16:00:00,2021-05-22 18:00:00,0.07590999999999999
Netherlands,NLD,2021-05-22 17:00:00,2021-05-22 19:00:00,0.078
Netherlands,NLD,2021-05-22 18:00:00,2021-05-22 20:00:00,0.081
Netherlands,NLD,2021-05-22 19:00:00,2021-05-22 21:00:00,0.08109999999999999
Netherlands,NLD,2021-05-22 20:00:00,2021-05-22 22:00:00,0.08765
Netherlands,NLD,2021-05-22 21:00:00,2021-05-22 23:00:00,0.085
Netherlands,NLD,2021-05-22 22:00:00,2021-05-23 00:00:00,0.0803
Netherlands,NLD,2021-05-22 23:00:00,2021-05-23 01:00:00,0.07847
Netherlands,NLD,2021-05-23 00:00:00,2021-05-23 02:00:00,0.0594
Netherlands,NLD,2021-05-23 01:00:00,2021-05-23 03:00:00,0.038200000000000005
Netherlands,NLD,2021-05-23 02:00:00,2021-05-23 04:00:00,0.027399999999999997
Netherlands,NLD,2021-05-23 03:00:00,2021-05-23 05:00:00,0.0349
Netherlands,NLD,2021-05-23 04:00:00,2021-05-23 06:00:00,0.0174
Netherlands,NLD,2021-05-23 05:00:00,2021-05-23 07:00:00,0.01595
Netherlands,NLD,2021-05-23 06:00:00,2021-05-23 08:00:00,0.01316
Netherlands,NLD,2021-05-23 07:00:00,2021-05-23 09:00:00,0.01374
Netherlands,NLD,2021-05-23 08:00:00,2021-05-23 10:00:00,0.00658
Netherlands,NLD,2021-05-23 09:00:00,2021-05-23 11:00:00,0.00278
Netherlands,NLD,2021-05-23 10:00:00,2021-05-23 12:00:00,8e-05
Netherlands,NLD,2021-05-23 11:00:00,2021-05-23 13:00:00,-0.00783
Netherlands,NLD,2021-05-23 12:00:00,2021-05-23 14:00:00,-0.02493
Netherlands,NLD,2021-05-23 13:00:00,2021-05-23 15:00:00,-0.025
Netherlands,NLD,2021-05-23 14:00:00,2021-05-23 16:00:00,-0.00802
Netherlands,NLD,2021-05-23 15:00:00,2021-05-23 17:00:00,0.026789999999999998
Netherlands,NLD,2021-05-23 16:00:00,2021-05-23 18:00:00,0.0591
Netherlands,NLD,2021-05-23 17:00:00,2021-05-23 19:00:00,0.07719
Netherlands,NLD,2021-05-23 18:00:00,2021-05-23 20:00:00,0.08068
Netherlands,NLD,2021-05-23 19:00:00,2021-05-23 21:00:00,0.07740999999999999
Netherlands,NLD,2021-05-23 20:00:00,2021-05-23 22:00:00,0.07485
Netherlands,NLD,2021-05-23 21:00:00,2021-05-23 23:00:00,0.061579999999999996
Netherlands,NLD,2021-05-23 22:00:00,2021-05-24 00:00:00,0.05391
Netherlands,NLD,2021-05-23 23:00:00,2021-05-24 01:00:00,0.02563
Netherlands,NLD,2021-05-24 00:00:00,2021-05-24 02:00:00,0.02022
Netherlands,NLD,2021-05-24 01:00:00,2021-05-24 03:00:00,0.01565
Netherlands,NLD,2021-05-24 02:00:00,2021-05-24 04:00:00,0.011970000000000001
Netherlands,NLD,2021-05-24 03:00:00,2021-05-24 05:00:00,0.01654
Netherlands,NLD,2021-05-24 04:00:00,2021-05-24 06:00:00,0.02186
Netherlands,NLD,2021-05-24 05:00:00,2021-05-24 07:00:00,0.026969999999999997
Netherlands,NLD,2021-05-24 06:00:00,2021-05-24 08:00:00,0.036
Netherlands,NLD,2021-05-24 07:00:00,2021-05-24 09:00:00,0.04197
Netherlands,NLD,2021-05-24 08:00:00,2021-05-24 10:00:00,0.042
Netherlands,NLD,2021-05-24 09:00:00,2021-05-24 11:00:00,0.04285
Netherlands,NLD,2021-05-24 10:00:00,2021-05-24 12:00:00,0.04639
Netherlands,NLD,2021-05-24 11:00:00,2021-05-24 13:00:00,0.03822
Netherlands,NLD,2021-05-24 12:00:00,2021-05-24 14:00:00,0.03
Netherlands,NLD,2021-05-24 13:00:00,2021-05-24 15:00:00,0.022940000000000002
Netherlands,NLD,2021-05-24 14:00:00,2021-05-24 16:00:00,0.04162
Netherlands,NLD,2021-05-24 15:00:00,2021-05-24 17:00:00,0.05314
Netherlands,NLD,2021-05-24 16:00:00,2021-05-24 18:00:00,0.07795
Netherlands,NLD,2021-05-24 17:00:00,2021-05-24 19:00:00,0.07923999999999999
Netherlands,NLD,2021-05-24 18:00:00,2021-05-24 20:00:00,0.07449
Netherlands,NLD,2021-05-24 19:00:00,2021-05-24 21:00:00,0.06292
Netherlands,NLD,2021-05-24 20:00:00,2021-05-24 22:00:00,0.06203
Netherlands,NLD,2021-05-24 21:00:00,2021-05-24 23:00:00,0.05372
Netherlands,NLD,2021-05-24 22:00:00,2021-05-25 00:00:00,0.05264
Netherlands,NLD,2021-05-24 23:00:00,2021-05-25 01:00:00,0.048780000000000004
Netherlands,NLD,2021-05-25 00:00:00,2021-05-25 02:00:00,0.04615
Netherlands,NLD,2021-05-25 01:00:00,2021-05-25 03:00:00,0.04201
Netherlands,NLD,2021-05-25 02:00:00,2021-05-25 04:00:00,0.04399
Netherlands,NLD,2021-05-25 03:00:00,2021-05-25 05:00:00,0.048530000000000004
Netherlands,NLD,2021-05-25 04:00:00,2021-05-25 06:00:00,0.0664
Netherlands,NLD,2021-05-25 05:00:00,2021-05-25 07:00:00,0.08198
Netherlands,NLD,2021-05-25 06:00:00,2021-05-25 08:00:00,0.08465
Netherlands,NLD,2021-05-25 07:00:00,2021-05-25 09:00:00,0.07679000000000001
Netherlands,NLD,2021-05-25 08:00:00,2021-05-25 10:00:00,0.066
Netherlands,NLD,2021-05-25 09:00:00,2021-05-25 11:00:00,0.06203
Netherlands,NLD,2021-05-25 10:00:00,2021-05-25 12:00:00,0.05551
Netherlands,NLD,2021-05-25 11:00:00,2021-05-25 13:00:00,0.04797
Netherlands,NLD,2021-05-25 12:00:00,2021-05-25 14:00:00,0.04204
Netherlands,NLD,2021-05-25 13:00:00,2021-05-25 15:00:00,0.040299999999999996
Netherlands,NLD,2021-05-25 14:00:00,2021-05-25 16:00:00,0.04248
Netherlands,NLD,2021-05-25 15:00:00,2021-05-25 17:00:00,0.05009
Netherlands,NLD,2021-05-25 16:00:00,2021-05-25 18:00:00,0.06548000000000001
Netherlands,NLD,2021-05-25 17:00:00,2021-05-25 19:00:00,0.07631
Netherlands,NLD,2021-05-25 18:00:00,2021-05-25 20:00:00,0.07798000000000001
Netherlands,NLD,2021-05-25 19:00:00,2021-05-25 21:00:00,0.07719
Netherlands,NLD,2021-05-25 20:00:00,2021-05-25 22:00:00,0.07709
Netherlands,NLD,2021-05-25 21:00:00,2021-05-25 23:00:00,0.06204
Netherlands,NLD,2021-05-25 22:00:00,2021-05-26 00:00:00,0.083
Netherlands,NLD,2021-05-25 23:00:00,2021-05-26 01:00:00,0.05753
Netherlands,NLD,2021-05-26 00:00:00,2021-05-26 02:00:00,0.05475
Netherlands,NLD,2021-05-26 01:00:00,2021-05-26 03:00:00,0.05115
Netherlands,NLD,2021-05-26 02:00:00,2021-05-26 04:00:00,0.05228
Netherlands,NLD,2021-05-26 03:00:00,2021-05-26 05:00:00,0.05974
Netherlands,NLD,2021-05-26 04:00:00,2021-05-26 06:00:00,0.07668000000000001
Netherlands,NLD,2021-05-26 05:00:00,2021-05-26 07:00:00,0.08459
Netherlands,NLD,2021-05-26 06:00:00,2021-05-26 08:00:00,0.08475
Netherlands,NLD,2021-05-26 07:00:00,2021-05-26 09:00:00,0.07357
Netherlands,NLD,2021-05-26 08:00:00,2021-05-26 10:00:00,0.06887
Netherlands,NLD,2021-05-26 09:00:00,2021-05-26 11:00:00,0.07078
Netherlands,NLD,2021-05-26 10:00:00,2021-05-26 12:00:00,0.061020000000000005
Netherlands,NLD,2021-05-26 11:00:00,2021-05-26 13:00:00,0.06003
Netherlands,NLD,2021-05-26 12:00:00,2021-05-26 14:00:00,0.05386
Netherlands,NLD,2021-05-26 13:00:00,2021-05-26 15:00:00,0.05356
Netherlands,NLD,2021-05-26 14:00:00,2021-05-26 16:00:00,0.05417
Netherlands,NLD,2021-05-26 15:00:00,2021-05-26 17:00:00,0.060649999999999996
Netherlands,NLD,2021-05-26 16:00:00,2021-05-26 18:00:00,0.07452
Netherlands,NLD,2021-05-26 17:00:00,2021-05-26 19:00:00,0.08
Netherlands,NLD,2021-05-26 18:00:00,2021-05-26 20:00:00,0.08
Netherlands,NLD,2021-05-26 19:00:00,2021-05-26 21:00:00,0.07726000000000001
Netherlands,NLD,2021-05-26 20:00:00,2021-05-26 22:00:00,0.07625
Netherlands,NLD,2021-05-26 21:00:00,2021-05-26 23:00:00,0.06
Netherlands,NLD,2021-05-26 22:00:00,2021-05-27 00:00:00,0.06013
Netherlands,NLD,2021-05-26 23:00:00,2021-05-27 01:00:00,0.05815
Netherlands,NLD,2021-05-27 00:00:00,2021-05-27 02:00:00,0.056369999999999996
Netherlands,NLD,2021-05-27 01:00:00,2021-05-27 03:00:00,0.05271
Netherlands,NLD,2021-05-27 02:00:00,2021-05-27 04:00:00,0.052899999999999996
Netherlands,NLD,2021-05-27 03:00:00,2021-05-27 05:00:00,0.06075
Netherlands,NLD,2021-05-27 04:00:00,2021-05-27 06:00:00,0.077
Netherlands,NLD,2021-05-27 05:00:00,2021-05-27 07:00:00,0.08447
Netherlands,NLD,2021-05-27 06:00:00,2021-05-27 08:00:00,0.08645
Netherlands,NLD,2021-05-27 07:00:00,2021-05-27 09:00:00,0.07979
Netherlands,NLD,2021-05-27 08:00:00,2021-05-27 10:00:00,0.07912999999999999
Netherlands,NLD,2021-05-27 09:00:00,2021-05-27 11:00:00,0.07806999999999999
Netherlands,NLD,2021-05-27 10:00:00,2021-05-27 12:00:00,0.07495
Netherlands,NLD,2021-05-27 11:00:00,2021-05-27 13:00:00,0.06531999999999999
Netherlands,NLD,2021-05-27 12:00:00,2021-05-27 14:00:00,0.060770000000000005
Netherlands,NLD,2021-05-27 13:00:00,2021-05-27 15:00:00,0.060450000000000004
Netherlands,NLD,2021-05-27 14:00:00,2021-05-27 16:00:00,0.06091
Netherlands,NLD,2021-05-27 15:00:00,2021-05-27 17:00:00,0.06962
Netherlands,NLD,2021-05-27 16:00:00,2021-05-27 18:00:00,0.07995999999999999
Netherlands,NLD,2021-05-27 17:00:00,2021-05-27 19:00:00,0.08599
Netherlands,NLD,2021-05-27 18:00:00,2021-05-27 20:00:00,0.08887
Netherlands,NLD,2021-05-27 19:00:00,2021-05-27 21:00:00,0.08591
Netherlands,NLD,2021-05-27 20:00:00,2021-05-27 22:00:00,0.08404
Netherlands,NLD,2021-05-27 21:00:00,2021-05-27 23:00:00,0.07970999999999999
Netherlands,NLD,2021-05-27 22:00:00,2021-05-28 00:00:00,0.07134
Netherlands,NLD,2021-05-27 23:00:00,2021-05-28 01:00:00,0.063
Netherlands,NLD,2021-05-28 00:00:00,2021-05-28 02:00:00,0.061590000000000006
Netherlands,NLD,2021-05-28 01:00:00,2021-05-28 03:00:00,0.06203
Netherlands,NLD,2021-05-28 02:00:00,2021-05-28 04:00:00,0.06464
Netherlands,NLD,2021-05-28 03:00:00,2021-05-28 05:00:00,0.06793
Netherlands,NLD,2021-05-28 04:00:00,2021-05-28 06:00:00,0.08136
Netherlands,NLD,2021-05-28 05:00:00,2021-05-28 07:00:00,0.09301000000000001
Netherlands,NLD,2021-05-28 06:00:00,2021-05-28 08:00:00,0.09242
Netherlands,NLD,2021-05-28 07:00:00,2021-05-28 09:00:00,0.08438
Netherlands,NLD,2021-05-28 08:00:00,2021-05-28 10:00:00,0.05595
Netherlands,NLD,2021-05-28 09:00:00,2021-05-28 11:00:00,0.055049999999999995
Netherlands,NLD,2021-05-28 10:00:00,2021-05-28 12:00:00,0.07329000000000001
Netherlands,NLD,2021-05-28 11:00:00,2021-05-28 13:00:00,0.06061
Netherlands,NLD,2021-05-28 12:00:00,2021-05-28 14:00:00,0.05834
Netherlands,NLD,2021-05-28 13:00:00,2021-05-28 15:00:00,0.06
Netherlands,NLD,2021-05-28 14:00:00,2021-05-28 16:00:00,0.061020000000000005
Netherlands,NLD,2021-05-28 15:00:00,2021-05-28 17:00:00,0.07209
Netherlands,NLD,2021-05-28 16:00:00,2021-05-28 18:00:00,0.07798999999999999
Netherlands,NLD,2021-05-28 17:00:00,2021-05-28 19:00:00,0.08367000000000001
Netherlands,NLD,2021-05-28 18:00:00,2021-05-28 20:00:00,0.0829
Netherlands,NLD,2021-05-28 19:00:00,2021-05-28 21:00:00,0.08009999999999999
Netherlands,NLD,2021-05-28 20:00:00,2021-05-28 22:00:00,0.08003
Netherlands,NLD,2021-05-28 21:00:00,2021-05-28 23:00:00,0.07559
Netherlands,NLD,2021-05-28 22:00:00,2021-05-29 00:00:00,0.07089
Netherlands,NLD,2021-05-28 23:00:00,2021-05-29 01:00:00,0.06837
Netherlands,NLD,2021-05-29 00:00:00,2021-05-29 02:00:00,0.06706999999999999
Netherlands,NLD,2021-05-29 01:00:00,2021-05-29 03:00:00,0.06477
Netherlands,NLD,2021-05-29 02:00:00,2021-05-29 04:00:00,0.06409000000000001
Netherlands,NLD,2021-05-29 03:00:00,2021-05-29 05:00:00,0.06242
Netherlands,NLD,2021-05-29 04:00:00,2021-05-29 06:00:00,0.06377000000000001
Netherlands,NLD,2021-05-29 05:00:00,2021-05-29 07:00:00,0.06491
Netherlands,NLD,2021-05-29 06:00:00,2021-05-29 08:00:00,0.065
Netherlands,NLD,2021-05-29 07:00:00,2021-05-29 09:00:00,0.06394
Netherlands,NLD,2021-05-29 08:00:00,2021-05-29 10:00:00,0.05847
Netherlands,NLD,2021-05-29 09:00:00,2021-05-29 11:00:00,0.0522
Netherlands,NLD,2021-05-29 10:00:00,2021-05-29 12:00:00,0.04796
Netherlands,NLD,2021-05-29 11:00:00,2021-05-29 13:00:00,0.031030000000000002
Netherlands,NLD,2021-05-29 12:00:00,2021-05-29 14:00:00,0.015009999999999999
Netherlands,NLD,2021-05-29 13:00:00,2021-05-29 15:00:00,0.01583
Netherlands,NLD,2021-05-29 14:00:00,2021-05-29 16:00:00,0.02827
Netherlands,NLD,2021-05-29 15:00:00,2021-05-29 17:00:00,0.045950000000000005
Netherlands,NLD,2021-05-29 16:00:00,2021-05-29 18:00:00,0.05805
Netherlands,NLD,2021-05-29 17:00:00,2021-05-29 19:00:00,0.0679
Netherlands,NLD,2021-05-29 18:00:00,2021-05-29 20:00:00,0.07185
Netherlands,NLD,2021-05-29 19:00:00,2021-05-29 21:00:00,0.07202
Netherlands,NLD,2021-05-29 20:00:00,2021-05-29 22:00:00,0.08
Netherlands,NLD,2021-05-29 21:00:00,2021-05-29 23:00:00,0.06999
Netherlands,NLD,2021-05-29 22:00:00,2021-05-30 00:00:00,0.0599
Netherlands,NLD,2021-05-29 23:00:00,2021-05-30 01:00:00,0.05507
Netherlands,NLD,2021-05-30 00:00:00,2021-05-30 02:00:00,0.05066
Netherlands,NLD,2021-05-30 01:00:00,2021-05-30 03:00:00,0.0489
Netherlands,NLD,2021-05-30 02:00:00,2021-05-30 04:00:00,0.04897
Netherlands,NLD,2021-05-30 03:00:00,2021-05-30 05:00:00,0.04761
Netherlands,NLD,2021-05-30 04:00:00,2021-05-30 06:00:00,0.046310000000000004
Netherlands,NLD,2021-05-30 05:00:00,2021-05-30 07:00:00,0.04441
Netherlands,NLD,2021-05-30 06:00:00,2021-05-30 08:00:00,0.0394
Netherlands,NLD,2021-05-30 07:00:00,2021-05-30 09:00:00,0.03196
Netherlands,NLD,2021-05-30 08:00:00,2021-05-30 10:00:00,0.01759
Netherlands,NLD,2021-05-30 09:00:00,2021-05-30 11:00:00,0.008
Netherlands,NLD,2021-05-30 10:00:00,2021-05-30 12:00:00,0.00608
Netherlands,NLD,2021-05-30 11:00:00,2021-05-30 13:00:00,-0.0030499999999999998
Netherlands,NLD,2021-05-30 12:00:00,2021-05-30 14:00:00,-0.01686
Netherlands,NLD,2021-05-30 13:00:00,2021-05-30 15:00:00,-0.0099
Netherlands,NLD,2021-05-30 14:00:00,2021-05-30 16:00:00,-0.00093
Netherlands,NLD,2021-05-30 15:00:00,2021-05-30 17:00:00,0.01791
Netherlands,NLD,2021-05-30 16:00:00,2021-05-30 18:00:00,0.05026
Netherlands,NLD,2021-05-30 17:00:00,2021-05-30 19:00:00,0.0677
Netherlands,NLD,2021-05-30 18:00:00,2021-05-30 20:00:00,0.07808
Netherlands,NLD,2021-05-30 19:00:00,2021-05-30 21:00:00,0.07929
Netherlands,NLD,2021-05-30 20:00:00,2021-05-30 22:00:00,0.07543000000000001
Netherlands,NLD,2021-05-30 21:00:00,2021-05-30 23:00:00,0.06606999999999999
Netherlands,NLD,2021-05-30 22:00:00,2021-05-31 00:00:00,0.0596
Netherlands,NLD,2021-05-30 23:00:00,2021-05-31 01:00:00,0.0573
Netherlands,NLD,2021-05-31 00:00:00,2021-05-31 02:00:00,0.05622
Netherlands,NLD,2021-05-31 01:00:00,2021-05-31 03:00:00,0.055020000000000006
Netherlands,NLD,2021-05-31 02:00:00,2021-05-31 04:00:00,0.061619999999999994
Netherlands,NLD,2021-05-31 03:00:00,2021-05-31 05:00:00,0.05989
Netherlands,NLD,2021-05-31 04:00:00,2021-05-31 06:00:00,0.07672
Netherlands,NLD,2021-05-31 05:00:00,2021-05-31 07:00:00,0.08598
Netherlands,NLD,2021-05-31 06:00:00,2021-05-31 08:00:00,0.08673
Netherlands,NLD,2021-05-31 07:00:00,2021-05-31 09:00:00,0.07790000000000001
Netherlands,NLD,2021-05-31 08:00:00,2021-05-31 10:00:00,0.06338
Netherlands,NLD,2021-05-31 09:00:00,2021-05-31 11:00:00,0.06069
Netherlands,NLD,2021-05-31 10:00:00,2021-05-31 12:00:00,0.0591
Netherlands,NLD,2021-05-31 11:00:00,2021-05-31 13:00:00,0.05526
Netherlands,NLD,2021-05-31 12:00:00,2021-05-31 14:00:00,0.054049999999999994
Netherlands,NLD,2021-05-31 13:00:00,2021-05-31 15:00:00,0.054689999999999996
Netherlands,NLD,2021-05-31 14:00:00,2021-05-31 16:00:00,0.053939999999999995
Netherlands,NLD,2021-05-31 15:00:00,2021-05-31 17:00:00,0.062299999999999994
Netherlands,NLD,2021-05-31 16:00:00,2021-05-31 18:00:00,0.076
Netherlands,NLD,2021-05-31 17:00:00,2021-05-31 19:00:00,0.08514000000000001
Netherlands,NLD,2021-05-31 18:00:00,2021-05-31 20:00:00,0.086
Netherlands,NLD,2021-05-31 19:00:00,2021-05-31 21:00:00,0.082
Netherlands,NLD,2021-05-31 20:00:00,2021-05-31 22:00:00,0.0799
Netherlands,NLD,2021-05-31 21:00:00,2021-05-31 23:00:00,0.07267
Netherlands,NLD,2021-05-31 22:00:00,2021-06-01 00:00:00,0.06197999999999999
Netherlands,NLD,2021-05-31 23:00:00,2021-06-01 01:00:00,0.05894
Netherlands,NLD,2021-06-01 00:00:00,2021-06-01 02:00:00,0.0565
Netherlands,NLD,2021-06-01 01:00:00,2021-06-01 03:00:00,0.056229999999999995
Netherlands,NLD,2021-06-01 02:00:00,2021-06-01 04:00:00,0.05695
Netherlands,NLD,2021-06-01 03:00:00,2021-06-01 05:00:00,0.062
Netherlands,NLD,2021-06-01 04:00:00,2021-06-01 06:00:00,0.07887999999999999
Netherlands,NLD,2021-06-01 05:00:00,2021-06-01 07:00:00,0.08579
Netherlands,NLD,2021-06-01 06:00:00,2021-06-01 08:00:00,0.0871
Netherlands,NLD,2021-06-01 07:00:00,2021-06-01 09:00:00,0.0782
Netherlands,NLD,2021-06-01 08:00:00,2021-06-01 10:00:00,0.06495000000000001
Netherlands,NLD,2021-06-01 09:00:00,2021-06-01 11:00:00,0.0611
Netherlands,NLD,2021-06-01 10:00:00,2021-06-01 12:00:00,0.05813
Netherlands,NLD,2021-06-01 11:00:00,2021-06-01 13:00:00,0.056119999999999996
Netherlands,NLD,2021-06-01 12:00:00,2021-06-01 14:00:00,0.0554
Netherlands,NLD,2021-06-01 13:00:00,2021-06-01 15:00:00,0.056909999999999995
Netherlands,NLD,2021-06-01 14:00:00,2021-06-01 16:00:00,0.05813
Netherlands,NLD,2021-06-01 15:00:00,2021-06-01 17:00:00,0.07058
Netherlands,NLD,2021-06-01 16:00:00,2021-06-01 18:00:00,0.07936
Netherlands,NLD,2021-06-01 17:00:00,2021-06-01 19:00:00,0.0867
Netherlands,NLD,2021-06-01 18:00:00,2021-06-01 20:00:00,0.08514000000000001
Netherlands,NLD,2021-06-01 19:00:00,2021-06-01 21:00:00,0.0805
Netherlands,NLD,2021-06-01 20:00:00,2021-06-01 22:00:00,0.07531
Netherlands,NLD,2021-06-01 21:00:00,2021-06-01 23:00:00,0.06708
Netherlands,NLD,2021-06-01 22:00:00,2021-06-02 00:00:00,0.065
Netherlands,NLD,2021-06-01 23:00:00,2021-06-02 01:00:00,0.061369999999999994
Netherlands,NLD,2021-06-02 00:00:00,2021-06-02 02:00:00,0.059179999999999996
Netherlands,NLD,2021-06-02 01:00:00,2021-06-02 03:00:00,0.06
Netherlands,NLD,2021-06-02 02:00:00,2021-06-02 04:00:00,0.05853
Netherlands,NLD,2021-06-02 03:00:00,2021-06-02 05:00:00,0.06371
Netherlands,NLD,2021-06-02 04:00:00,2021-06-02 06:00:00,0.07672
Netherlands,NLD,2021-06-02 05:00:00,2021-06-02 07:00:00,0.08159999999999999
Netherlands,NLD,2021-06-02 06:00:00,2021-06-02 08:00:00,0.08112
Netherlands,NLD,2021-06-02 07:00:00,2021-06-02 09:00:00,0.07234
Netherlands,NLD,2021-06-02 08:00:00,2021-06-02 10:00:00,0.062439999999999996
Netherlands,NLD,2021-06-02 09:00:00,2021-06-02 11:00:00,0.0573
Netherlands,NLD,2021-06-02 10:00:00,2021-06-02 12:00:00,0.05572
Netherlands,NLD,2021-06-02 11:00:00,2021-06-02 13:00:00,0.054020000000000006
Netherlands,NLD,2021-06-02 12:00:00,2021-06-02 14:00:00,0.053829999999999996
Netherlands,NLD,2021-06-02 13:00:00,2021-06-02 15:00:00,0.053899999999999997
Netherlands,NLD,2021-06-02 14:00:00,2021-06-02 16:00:00,0.05687
Netherlands,NLD,2021-06-02 15:00:00,2021-06-02 17:00:00,0.06745
Netherlands,NLD,2021-06-02 16:00:00,2021-06-02 18:00:00,0.07848000000000001
Netherlands,NLD,2021-06-02 17:00:00,2021-06-02 19:00:00,0.08334
Netherlands,NLD,2021-06-02 18:00:00,2021-06-02 20:00:00,0.08291
Netherlands,NLD,2021-06-02 19:00:00,2021-06-02 21:00:00,0.07817
Netherlands,NLD,2021-06-02 20:00:00,2021-06-02 22:00:00,0.07393000000000001
Netherlands,NLD,2021-06-02 21:00:00,2021-06-02 23:00:00,0.07795
Netherlands,NLD,2021-06-02 22:00:00,2021-06-03 00:00:00,0.061799999999999994
Netherlands,NLD,2021-06-02 23:00:00,2021-06-03 01:00:00,0.06692000000000001
Netherlands,NLD,2021-06-03 00:00:00,2021-06-03 02:00:00,0.0699
Netherlands,NLD,2021-06-03 01:00:00,2021-06-03 03:00:00,0.06722
Netherlands,NLD,2021-06-03 02:00:00,2021-06-03 04:00:00,0.061799999999999994
Netherlands,NLD,2021-06-03 03:00:00,2021-06-03 05:00:00,0.054079999999999996
Netherlands,NLD,2021-06-03 04:00:00,2021-06-03 06:00:00,0.0541
Netherlands,NLD,2021-06-03 05:00:00,2021-06-03 07:00:00,0.0699
Netherlands,NLD,2021-06-03 06:00:00,2021-06-03 08:00:00,0.09153
Netherlands,NLD,2021-06-03 07:00:00,2021-06-03 09:00:00,0.05866
Netherlands,NLD,2021-06-03 08:00:00,2021-06-03 10:00:00,0.0701
Netherlands,NLD,2021-06-03 09:00:00,2021-06-03 11:00:00,0.08334
Netherlands,NLD,2021-06-03 10:00:00,2021-06-03 12:00:00,0.077
Netherlands,NLD,2021-06-03 11:00:00,2021-06-03 13:00:00,0.06745999999999999
Netherlands,NLD,2021-06-03 12:00:00,2021-06-03 14:00:00,0.0599
Netherlands,NLD,2021-06-03 13:00:00,2021-06-03 15:00:00,0.05957
Netherlands,NLD,2021-06-03 14:00:00,2021-06-03 16:00:00,0.06573999999999999
Netherlands,NLD,2021-06-03 15:00:00,2021-06-03 17:00:00,0.0693
Netherlands,NLD,2021-06-03 16:00:00,2021-06-03 18:00:00,0.075
Netherlands,NLD,2021-06-03 17:00:00,2021-06-03 19:00:00,0.08199
Netherlands,NLD,2021-06-03 18:00:00,2021-06-03 20:00:00,0.08203
Netherlands,NLD,2021-06-03 19:00:00,2021-06-03 21:00:00,0.08014
Netherlands,NLD,2021-06-03 20:00:00,2021-06-03 22:00:00,0.07931999999999999
Netherlands,NLD,2021-06-03 21:00:00,2021-06-03 23:00:00,0.0734
Netherlands,NLD,2021-06-03 22:00:00,2021-06-04 00:00:00,0.06641
Netherlands,NLD,2021-06-03 23:00:00,2021-06-04 01:00:00,0.06292
Netherlands,NLD,2021-06-04 00:00:00,2021-06-04 02:00:00,0.060039999999999996
Netherlands,NLD,2021-06-04 01:00:00,2021-06-04 03:00:00,0.0601
Netherlands,NLD,2021-06-04 02:00:00,2021-06-04 04:00:00,0.059
Netherlands,NLD,2021-06-04 03:00:00,2021-06-04 05:00:00,0.06132
Netherlands,NLD,2021-06-04 04:00:00,2021-06-04 06:00:00,0.07598
Netherlands,NLD,2021-06-04 05:00:00,2021-06-04 07:00:00,0.08299
Netherlands,NLD,2021-06-04 06:00:00,2021-06-04 08:00:00,0.0859
Netherlands,NLD,2021-06-04 07:00:00,2021-06-04 09:00:00,0.08145000000000001
Netherlands,NLD,2021-06-04 08:00:00,2021-06-04 10:00:00,0.07558
Netherlands,NLD,2021-06-04 09:00:00,2021-06-04 11:00:00,0.07488
Netherlands,NLD,2021-06-04 10:00:00,2021-06-04 12:00:00,0.06995
Netherlands,NLD,2021-06-04 11:00:00,2021-06-04 13:00:00,0.06301
Netherlands,NLD,2021-06-04 12:00:00,2021-06-04 14:00:00,0.06291
Netherlands,NLD,2021-06-04 13:00:00,2021-06-04 15:00:00,0.06393
Netherlands,NLD,2021-06-04 14:00:00,2021-06-04 16:00:00,0.067
Netherlands,NLD,2021-06-04 15:00:00,2021-06-04 17:00:00,0.07590000000000001
Netherlands,NLD,2021-06-04 16:00:00,2021-06-04 18:00:00,0.07991
Netherlands,NLD,2021-06-04 17:00:00,2021-06-04 19:00:00,0.08195000000000001
Netherlands,NLD,2021-06-04 18:00:00,2021-06-04 20:00:00,0.08169
Netherlands,NLD,2021-06-04 19:00:00,2021-06-04 21:00:00,0.08
Netherlands,NLD,2021-06-04 20:00:00,2021-06-04 22:00:00,0.07820999999999999
Netherlands,NLD,2021-06-04 21:00:00,2021-06-04 23:00:00,0.07209
Netherlands,NLD,2021-06-04 22:00:00,2021-06-05 00:00:00,0.07487
Netherlands,NLD,2021-06-04 23:00:00,2021-06-05 01:00:00,0.07717
Netherlands,NLD,2021-06-05 00:00:00,2021-06-05 02:00:00,0.05901
Netherlands,NLD,2021-06-05 01:00:00,2021-06-05 03:00:00,0.05732
Netherlands,NLD,2021-06-05 02:00:00,2021-06-05 04:00:00,0.05603
Netherlands,NLD,2021-06-05 03:00:00,2021-06-05 05:00:00,0.05604
Netherlands,NLD,2021-06-05 04:00:00,2021-06-05 06:00:00,0.05607
Netherlands,NLD,2021-06-05 05:00:00,2021-06-05 07:00:00,0.05907
Netherlands,NLD,2021-06-05 06:00:00,2021-06-05 08:00:00,0.06602
Netherlands,NLD,2021-06-05 07:00:00,2021-06-05 09:00:00,0.0699
Netherlands,NLD,2021-06-05 08:00:00,2021-06-05 10:00:00,0.07490000000000001
Netherlands,NLD,2021-06-05 09:00:00,2021-06-05 11:00:00,0.05821
Netherlands,NLD,2021-06-05 10:00:00,2021-06-05 12:00:00,0.05883
Netherlands,NLD,2021-06-05 11:00:00,2021-06-05 13:00:00,0.055490000000000005
Netherlands,NLD,2021-06-05 12:00:00,2021-06-05 14:00:00,0.052399999999999995
Netherlands,NLD,2021-06-05 13:00:00,2021-06-05 15:00:00,0.0538
Netherlands,NLD,2021-06-05 14:00:00,2021-06-05 16:00:00,0.05525
Netherlands,NLD,2021-06-05 15:00:00,2021-06-05 17:00:00,0.06048
Netherlands,NLD,2021-06-05 16:00:00,2021-06-05 18:00:00,0.0706
Netherlands,NLD,2021-06-05 17:00:00,2021-06-05 19:00:00,0.07562
Netherlands,NLD,2021-06-05 18:00:00,2021-06-05 20:00:00,0.07601000000000001
Netherlands,NLD,2021-06-05 19:00:00,2021-06-05 21:00:00,0.0756
Netherlands,NLD,2021-06-05 20:00:00,2021-06-05 22:00:00,0.08990000000000001
Netherlands,NLD,2021-06-05 21:00:00,2021-06-05 23:00:00,0.10287
Netherlands,NLD,2021-06-05 22:00:00,2021-06-06 00:00:00,0.10490000000000001
Netherlands,NLD,2021-06-05 23:00:00,2021-06-06 01:00:00,0.0638
Netherlands,NLD,2021-06-06 00:00:00,2021-06-06 02:00:00,0.07490000000000001
Netherlands,NLD,2021-06-06 01:00:00,2021-06-06 03:00:00,0.05722
Netherlands,NLD,2021-06-06 02:00:00,2021-06-06 04:00:00,0.056159999999999995
Netherlands,NLD,2021-06-06 03:00:00,2021-06-06 05:00:00,0.056100000000000004
Netherlands,NLD,2021-06-06 04:00:00,2021-06-06 06:00:00,0.05354
Netherlands,NLD,2021-06-06 05:00:00,2021-06-06 07:00:00,0.052700000000000004
Netherlands,NLD,2021-06-06 06:00:00,2021-06-06 08:00:00,0.05712
Netherlands,NLD,2021-06-06 07:00:00,2021-06-06 09:00:00,0.057890000000000004
Netherlands,NLD,2021-06-06 08:00:00,2021-06-06 10:00:00,0.05776
Netherlands,NLD,2021-06-06 09:00:00,2021-06-06 11:00:00,0.05844
Netherlands,NLD,2021-06-06 10:00:00,2021-06-06 12:00:00,0.058159999999999996
Netherlands,NLD,2021-06-06 11:00:00,2021-06-06 13:00:00,0.055409999999999994
Netherlands,NLD,2021-06-06 12:00:00,2021-06-06 14:00:00,0.048
Netherlands,NLD,2021-06-06 13:00:00,2021-06-06 15:00:00,0.04761
Netherlands,NLD,2021-06-06 14:00:00,2021-06-06 16:00:00,0.05101
Netherlands,NLD,2021-06-06 15:00:00,2021-06-06 17:00:00,0.05769
Netherlands,NLD,2021-06-06 16:00:00,2021-06-06 18:00:00,0.060020000000000004
Netherlands,NLD,2021-06-06 17:00:00,2021-06-06 19:00:00,0.06951
Netherlands,NLD,2021-06-06 18:00:00,2021-06-06 20:00:00,0.07637999999999999
Netherlands,NLD,2021-06-06 19:00:00,2021-06-06 21:00:00,0.07708
Netherlands,NLD,2021-06-06 20:00:00,2021-06-06 22:00:00,0.08009999999999999
Netherlands,NLD,2021-06-06 21:00:00,2021-06-06 23:00:00,0.07229000000000001
Netherlands,NLD,2021-06-06 22:00:00,2021-06-07 00:00:00,0.066
Netherlands,NLD,2021-06-06 23:00:00,2021-06-07 01:00:00,0.0608
Netherlands,NLD,2021-06-07 00:00:00,2021-06-07 02:00:00,0.0608
Netherlands,NLD,2021-06-07 01:00:00,2021-06-07 03:00:00,0.059969999999999996
Netherlands,NLD,2021-06-07 02:00:00,2021-06-07 04:00:00,0.0603
Netherlands,NLD,2021-06-07 03:00:00,2021-06-07 05:00:00,0.06322
Netherlands,NLD,2021-06-07 04:00:00,2021-06-07 06:00:00,0.08019
Netherlands,NLD,2021-06-07 05:00:00,2021-06-07 07:00:00,0.08594
Netherlands,NLD,2021-06-07 06:00:00,2021-06-07 08:00:00,0.09
Netherlands,NLD,2021-06-07 07:00:00,2021-06-07 09:00:00,0.086
Netherlands,NLD,2021-06-07 08:00:00,2021-06-07 10:00:00,0.08255
Netherlands,NLD,2021-06-07 09:00:00,2021-06-07 11:00:00,0.081
Netherlands,NLD,2021-06-07 10:00:00,2021-06-07 12:00:00,0.07995000000000001
Netherlands,NLD,2021-06-07 11:00:00,2021-06-07 13:00:00,0.07773000000000001
Netherlands,NLD,2021-06-07 12:00:00,2021-06-07 14:00:00,0.07615000000000001
Netherlands,NLD,2021-06-07 13:00:00,2021-06-07 15:00:00,0.07697
Netherlands,NLD,2021-06-07 14:00:00,2021-06-07 16:00:00,0.07725
Netherlands,NLD,2021-06-07 15:00:00,2021-06-07 17:00:00,0.07955
Netherlands,NLD,2021-06-07 16:00:00,2021-06-07 18:00:00,0.08318
Netherlands,NLD,2021-06-07 17:00:00,2021-06-07 19:00:00,0.088
Netherlands,NLD,2021-06-07 18:00:00,2021-06-07 20:00:00,0.08995
Netherlands,NLD,2021-06-07 19:00:00,2021-06-07 21:00:00,0.08724
Netherlands,NLD,2021-06-07 20:00:00,2021-06-07 22:00:00,0.08495
Netherlands,NLD,2021-06-07 21:00:00,2021-06-07 23:00:00,0.079
Netherlands,NLD,2021-06-07 22:00:00,2021-06-08 00:00:00,0.07135
Netherlands,NLD,2021-06-07 23:00:00,2021-06-08 01:00:00,0.06420999999999999
Netherlands,NLD,2021-06-08 00:00:00,2021-06-08 02:00:00,0.06348
Netherlands,NLD,2021-06-08 01:00:00,2021-06-08 03:00:00,0.06197
Netherlands,NLD,2021-06-08 02:00:00,2021-06-08 04:00:00,0.06236
Netherlands,NLD,2021-06-08 03:00:00,2021-06-08 05:00:00,0.06642
Netherlands,NLD,2021-06-08 04:00:00,2021-06-08 06:00:00,0.08006999999999999
Netherlands,NLD,2021-06-08 05:00:00,2021-06-08 07:00:00,0.09003
Netherlands,NLD,2021-06-08 06:00:00,2021-06-08 08:00:00,0.09384999999999999
Netherlands,NLD,2021-06-08 07:00:00,2021-06-08 09:00:00,0.08532
Netherlands,NLD,2021-06-08 08:00:00,2021-06-08 10:00:00,0.08002
Netherlands,NLD,2021-06-08 09:00:00,2021-06-08 11:00:00,0.07744
Netherlands,NLD,2021-06-08 10:00:00,2021-06-08 12:00:00,0.0726
Netherlands,NLD,2021-06-08 11:00:00,2021-06-08 13:00:00,0.06578
Netherlands,NLD,2021-06-08 12:00:00,2021-06-08 14:00:00,0.06506
Netherlands,NLD,2021-06-08 13:00:00,2021-06-08 15:00:00,0.06803000000000001
Netherlands,NLD,2021-06-08 14:00:00,2021-06-08 16:00:00,0.07447
Netherlands,NLD,2021-06-08 15:00:00,2021-06-08 17:00:00,0.07933
Netherlands,NLD,2021-06-08 16:00:00,2021-06-08 18:00:00,0.08379
Netherlands,NLD,2021-06-08 17:00:00,2021-06-08 19:00:00,0.09176999999999999
Netherlands,NLD,2021-06-08 18:00:00,2021-06-08 20:00:00,0.09931999999999999
Netherlands,NLD,2021-06-08 19:00:00,2021-06-08 21:00:00,0.08724
Netherlands,NLD,2021-06-08 20:00:00,2021-06-08 22:00:00,0.08395999999999999
Netherlands,NLD,2021-06-08 21:00:00,2021-06-08 23:00:00,0.07765999999999999
Netherlands,NLD,2021-06-08 22:00:00,2021-06-09 00:00:00,0.06848
Netherlands,NLD,2021-06-08 23:00:00,2021-06-09 01:00:00,0.06604
Netherlands,NLD,2021-06-09 00:00:00,2021-06-09 02:00:00,0.06459000000000001
Netherlands,NLD,2021-06-09 01:00:00,2021-06-09 03:00:00,0.064
Netherlands,NLD,2021-06-09 02:00:00,2021-06-09 04:00:00,0.0649
Netherlands,NLD,2021-06-09 03:00:00,2021-06-09 05:00:00,0.067
Netherlands,NLD,2021-06-09 04:00:00,2021-06-09 06:00:00,0.08005
Netherlands,NLD,2021-06-09 05:00:00,2021-06-09 07:00:00,0.08644
Netherlands,NLD,2021-06-09 06:00:00,2021-06-09 08:00:00,0.08811
Netherlands,NLD,2021-06-09 07:00:00,2021-06-09 09:00:00,0.08231000000000001
Netherlands,NLD,2021-06-09 08:00:00,2021-06-09 10:00:00,0.07681
Netherlands,NLD,2021-06-09 09:00:00,2021-06-09 11:00:00,0.07196999999999999
Netherlands,NLD,2021-06-09 10:00:00,2021-06-09 12:00:00,0.06822
Netherlands,NLD,2021-06-09 11:00:00,2021-06-09 13:00:00,0.07
Netherlands,NLD,2021-06-09 12:00:00,2021-06-09 14:00:00,0.06863
Netherlands,NLD,2021-06-09 13:00:00,2021-06-09 15:00:00,0.07176
Netherlands,NLD,2021-06-09 14:00:00,2021-06-09 16:00:00,0.07242
Netherlands,NLD,2021-06-09 15:00:00,2021-06-09 17:00:00,0.07831999999999999
Netherlands,NLD,2021-06-09 16:00:00,2021-06-09 18:00:00,0.08299
Netherlands,NLD,2021-06-09 17:00:00,2021-06-09 19:00:00,0.09608
Netherlands,NLD,2021-06-09 18:00:00,2021-06-09 20:00:00,0.09851
Netherlands,NLD,2021-06-09 19:00:00,2021-06-09 21:00:00,0.09006
Netherlands,NLD,2021-06-09 20:00:00,2021-06-09 22:00:00,0.085
Netherlands,NLD,2021-06-09 21:00:00,2021-06-09 23:00:00,0.07798000000000001
Netherlands,NLD,2021-06-09 22:00:00,2021-06-10 00:00:00,0.07858
Netherlands,NLD,2021-06-09 23:00:00,2021-06-10 01:00:00,0.0727
Netherlands,NLD,2021-06-10 00:00:00,2021-06-10 02:00:00,0.06833
Netherlands,NLD,2021-06-10 01:00:00,2021-06-10 03:00:00,0.06559999999999999
Netherlands,NLD,2021-06-10 02:00:00,2021-06-10 04:00:00,0.06609000000000001
Netherlands,NLD,2021-06-10 03:00:00,2021-06-10 05:00:00,0.06931999999999999
Netherlands,NLD,2021-06-10 04:00:00,2021-06-10 06:00:00,0.08091
Netherlands,NLD,2021-06-10 05:00:00,2021-06-10 07:00:00,0.08927
Netherlands,NLD,2021-06-10 06:00:00,2021-06-10 08:00:00,0.0925
Netherlands,NLD,2021-06-10 07:00:00,2021-06-10 09:00:00,0.08459
Netherlands,NLD,2021-06-10 08:00:00,2021-06-10 10:00:00,0.07443999999999999
Netherlands,NLD,2021-06-10 09:00:00,2021-06-10 11:00:00,0.07936
Netherlands,NLD,2021-06-10 10:00:00,2021-06-10 12:00:00,0.08218
Netherlands,NLD,2021-06-10 11:00:00,2021-06-10 13:00:00,0.06605
Netherlands,NLD,2021-06-10 12:00:00,2021-06-10 14:00:00,0.06520000000000001
Netherlands,NLD,2021-06-10 13:00:00,2021-06-10 15:00:00,0.06625
Netherlands,NLD,2021-06-10 14:00:00,2021-06-10 16:00:00,0.0715
Netherlands,NLD,2021-06-10 15:00:00,2021-06-10 17:00:00,0.08170000000000001
Netherlands,NLD,2021-06-10 16:00:00,2021-06-10 18:00:00,0.08598
Netherlands,NLD,2021-06-10 17:00:00,2021-06-10 19:00:00,0.09641
Netherlands,NLD,2021-06-10 18:00:00,2021-06-10 20:00:00,0.09518
Netherlands,NLD,2021-06-10 19:00:00,2021-06-10 21:00:00,0.09003
Netherlands,NLD,2021-06-10 20:00:00,2021-06-10 22:00:00,0.08725
Netherlands,NLD,2021-06-10 21:00:00,2021-06-10 23:00:00,0.08097
Netherlands,NLD,2021-06-10 22:00:00,2021-06-11 00:00:00,0.08175
Netherlands,NLD,2021-06-10 23:00:00,2021-06-11 01:00:00,0.07487
Netherlands,NLD,2021-06-11 00:00:00,2021-06-11 02:00:00,0.0681
Netherlands,NLD,2021-06-11 01:00:00,2021-06-11 03:00:00,0.06658
Netherlands,NLD,2021-06-11 02:00:00,2021-06-11 04:00:00,0.06633
Netherlands,NLD,2021-06-11 03:00:00,2021-06-11 05:00:00,0.07015
Netherlands,NLD,2021-06-11 04:00:00,2021-06-11 06:00:00,0.08767
Netherlands,NLD,2021-06-11 05:00:00,2021-06-11 07:00:00,0.09805
Netherlands,NLD,2021-06-11 06:00:00,2021-06-11 08:00:00,0.09226000000000001
Netherlands,NLD,2021-06-11 07:00:00,2021-06-11 09:00:00,0.08505
Netherlands,NLD,2021-06-11 08:00:00,2021-06-11 10:00:00,0.07692
Netherlands,NLD,2021-06-11 09:00:00,2021-06-11 11:00:00,0.074
Netherlands,NLD,2021-06-11 10:00:00,2021-06-11 12:00:00,0.07543000000000001
Netherlands,NLD,2021-06-11 11:00:00,2021-06-11 13:00:00,0.06798
Netherlands,NLD,2021-06-11 12:00:00,2021-06-11 14:00:00,0.06548999999999999
Netherlands,NLD,2021-06-11 13:00:00,2021-06-11 15:00:00,0.06487000000000001
Netherlands,NLD,2021-06-11 14:00:00,2021-06-11 16:00:00,0.06745
Netherlands,NLD,2021-06-11 15:00:00,2021-06-11 17:00:00,0.07696
Netherlands,NLD,2021-06-11 16:00:00,2021-06-11 18:00:00,0.08298
Netherlands,NLD,2021-06-11 17:00:00,2021-06-11 19:00:00,0.08807
Netherlands,NLD,2021-06-11 18:00:00,2021-06-11 20:00:00,0.08992
Netherlands,NLD,2021-06-11 19:00:00,2021-06-11 21:00:00,0.08807
Netherlands,NLD,2021-06-11 20:00:00,2021-06-11 22:00:00,0.08546
Netherlands,NLD,2021-06-11 21:00:00,2021-06-11 23:00:00,0.07987999999999999
Netherlands,NLD,2021-06-11 22:00:00,2021-06-12 00:00:00,0.07856
Netherlands,NLD,2021-06-11 23:00:00,2021-06-12 01:00:00,0.07058
Netherlands,NLD,2021-06-12 00:00:00,2021-06-12 02:00:00,0.06598000000000001
Netherlands,NLD,2021-06-12 01:00:00,2021-06-12 03:00:00,0.07
Netherlands,NLD,2021-06-12 02:00:00,2021-06-12 04:00:00,0.0839
Netherlands,NLD,2021-06-12 03:00:00,2021-06-12 05:00:00,0.0762
Netherlands,NLD,2021-06-12 04:00:00,2021-06-12 06:00:00,0.0715
Netherlands,NLD,2021-06-12 05:00:00,2021-06-12 07:00:00,0.06492
Netherlands,NLD,2021-06-12 06:00:00,2021-06-12 08:00:00,0.0799
Netherlands,NLD,2021-06-12 07:00:00,2021-06-12 09:00:00,0.06601
Netherlands,NLD,2021-06-12 08:00:00,2021-06-12 10:00:00,0.052399999999999995
Netherlands,NLD,2021-06-12 09:00:00,2021-06-12 11:00:00,0.03756
Netherlands,NLD,2021-06-12 10:00:00,2021-06-12 12:00:00,0.02687
Netherlands,NLD,2021-06-12 11:00:00,2021-06-12 13:00:00,0.00701
Netherlands,NLD,2021-06-12 12:00:00,2021-06-12 14:00:00,0.004900000000000001
Netherlands,NLD,2021-06-12 13:00:00,2021-06-12 15:00:00,0.00185
Netherlands,NLD,2021-06-12 14:00:00,2021-06-12 16:00:00,-0.00156
Netherlands,NLD,2021-06-12 15:00:00,2021-06-12 17:00:00,0.02041
Netherlands,NLD,2021-06-12 16:00:00,2021-06-12 18:00:00,0.05914
Netherlands,NLD,2021-06-12 17:00:00,2021-06-12 19:00:00,0.075
Netherlands,NLD,2021-06-12 18:00:00,2021-06-12 20:00:00,0.07707
Netherlands,NLD,2021-06-12 19:00:00,2021-06-12 21:00:00,0.10990000000000001
Netherlands,NLD,2021-06-12 20:00:00,2021-06-12 22:00:00,0.12
Netherlands,NLD,2021-06-12 21:00:00,2021-06-12 23:00:00,0.12490000000000001
Netherlands,NLD,2021-06-12 22:00:00,2021-06-13 00:00:00,0.09196
Netherlands,NLD,2021-06-12 23:00:00,2021-06-13 01:00:00,0.08
Netherlands,NLD,2021-06-13 00:00:00,2021-06-13 02:00:00,0.0851
Netherlands,NLD,2021-06-13 01:00:00,2021-06-13 03:00:00,0.107
Netherlands,NLD,2021-06-13 02:00:00,2021-06-13 04:00:00,0.1043
Netherlands,NLD,2021-06-13 03:00:00,2021-06-13 05:00:00,0.0999
Netherlands,NLD,2021-06-13 04:00:00,2021-06-13 06:00:00,0.09309999999999999
Netherlands,NLD,2021-06-13 05:00:00,2021-06-13 07:00:00,0.0549
Netherlands,NLD,2021-06-13 06:00:00,2021-06-13 08:00:00,0.013
Netherlands,NLD,2021-06-13 07:00:00,2021-06-13 09:00:00,0.00891
Netherlands,NLD,2021-06-13 08:00:00,2021-06-13 10:00:00,1e-05
Netherlands,NLD,2021-06-13 09:00:00,2021-06-13 11:00:00,1e-05
Netherlands,NLD,2021-06-13 10:00:00,2021-06-13 12:00:00,-1e-05
Netherlands,NLD,2021-06-13 11:00:00,2021-06-13 13:00:00,-0.023399999999999997
Netherlands,NLD,2021-06-13 12:00:00,2021-06-13 14:00:00,-0.036719999999999996
Netherlands,NLD,2021-06-13 13:00:00,2021-06-13 15:00:00,-0.02101
Netherlands,NLD,2021-06-13 14:00:00,2021-06-13 16:00:00,-0.00197
Netherlands,NLD,2021-06-13 15:00:00,2021-06-13 17:00:00,0.01966
Netherlands,NLD,2021-06-13 16:00:00,2021-06-13 18:00:00,0.07281
Netherlands,NLD,2021-06-13 17:00:00,2021-06-13 19:00:00,0.085
Netherlands,NLD,2021-06-13 18:00:00,2021-06-13 20:00:00,0.08444
Netherlands,NLD,2021-06-13 19:00:00,2021-06-13 21:00:00,0.09795999999999999
Netherlands,NLD,2021-06-13 20:00:00,2021-06-13 22:00:00,0.08427
Netherlands,NLD,2021-06-13 21:00:00,2021-06-13 23:00:00,0.07501000000000001
Netherlands,NLD,2021-06-13 22:00:00,2021-06-14 00:00:00,0.06856
Netherlands,NLD,2021-06-13 23:00:00,2021-06-14 01:00:00,0.06478
Netherlands,NLD,2021-06-14 00:00:00,2021-06-14 02:00:00,0.06338
Netherlands,NLD,2021-06-14 01:00:00,2021-06-14 03:00:00,0.07227
Netherlands,NLD,2021-06-14 02:00:00,2021-06-14 04:00:00,0.06727
Netherlands,NLD,2021-06-14 03:00:00,2021-06-14 05:00:00,0.064
Netherlands,NLD,2021-06-14 04:00:00,2021-06-14 06:00:00,0.08397
Netherlands,NLD,2021-06-14 05:00:00,2021-06-14 07:00:00,0.09713
Netherlands,NLD,2021-06-14 06:00:00,2021-06-14 08:00:00,0.093
Netherlands,NLD,2021-06-14 07:00:00,2021-06-14 09:00:00,0.0837
Netherlands,NLD,2021-06-14 08:00:00,2021-06-14 10:00:00,0.06879
Netherlands,NLD,2021-06-14 09:00:00,2021-06-14 11:00:00,0.06199
Netherlands,NLD,2021-06-14 10:00:00,2021-06-14 12:00:00,0.05191
Netherlands,NLD,2021-06-14 11:00:00,2021-06-14 13:00:00,0.0508
Netherlands,NLD,2021-06-14 12:00:00,2021-06-14 14:00:00,0.05022
Netherlands,NLD,2021-06-14 13:00:00,2021-06-14 15:00:00,0.05971
Netherlands,NLD,2021-06-14 14:00:00,2021-06-14 16:00:00,0.06847
Netherlands,NLD,2021-06-14 15:00:00,2021-06-14 17:00:00,0.08208
Netherlands,NLD,2021-06-14 16:00:00,2021-06-14 18:00:00,0.08885
Netherlands,NLD,2021-06-14 17:00:00,2021-06-14 19:00:00,0.095
Netherlands,NLD,2021-06-14 18:00:00,2021-06-14 20:00:00,0.10344
Netherlands,NLD,2021-06-14 19:00:00,2021-06-14 21:00:00,0.095
Netherlands,NLD,2021-06-14 20:00:00,2021-06-14 22:00:00,0.09
Netherlands,NLD,2021-06-14 21:00:00,2021-06-14 23:00:00,0.08418
Netherlands,NLD,2021-06-14 22:00:00,2021-06-15 00:00:00,0.07822
Netherlands,NLD,2021-06-14 23:00:00,2021-06-15 01:00:00,0.07152
Netherlands,NLD,2021-06-15 00:00:00,2021-06-15 02:00:00,0.0691
Netherlands,NLD,2021-06-15 01:00:00,2021-06-15 03:00:00,0.06803000000000001
Netherlands,NLD,2021-06-15 02:00:00,2021-06-15 04:00:00,0.06818
Netherlands,NLD,2021-06-15 03:00:00,2021-06-15 05:00:00,0.07109
Netherlands,NLD,2021-06-15 04:00:00,2021-06-15 06:00:00,0.08707
Netherlands,NLD,2021-06-15 05:00:00,2021-06-15 07:00:00,0.09355
Netherlands,NLD,2021-06-15 06:00:00,2021-06-15 08:00:00,0.09681000000000001
Netherlands,NLD,2021-06-15 07:00:00,2021-06-15 09:00:00,0.09
Netherlands,NLD,2021-06-15 08:00:00,2021-06-15 10:00:00,0.08399
Netherlands,NLD,2021-06-15 09:00:00,2021-06-15 11:00:00,0.0814
Netherlands,NLD,2021-06-15 10:00:00,2021-06-15 12:00:00,0.07499
Netherlands,NLD,2021-06-15 11:00:00,2021-06-15 13:00:00,0.07201
Netherlands,NLD,2021-06-15 12:00:00,2021-06-15 14:00:00,0.0712
Netherlands,NLD,2021-06-15 13:00:00,2021-06-15 15:00:00,0.073
Netherlands,NLD,2021-06-15 14:00:00,2021-06-15 16:00:00,0.07901000000000001
Netherlands,NLD,2021-06-15 15:00:00,2021-06-15 17:00:00,0.0856
Netherlands,NLD,2021-06-15 16:00:00,2021-06-15 18:00:00,0.09459999999999999
Netherlands,NLD,2021-06-15 17:00:00,2021-06-15 19:00:00,0.1
Netherlands,NLD,2021-06-15 18:00:00,2021-06-15 20:00:00,0.1
Netherlands,NLD,2021-06-15 19:00:00,2021-06-15 21:00:00,0.09736
Netherlands,NLD,2021-06-15 20:00:00,2021-06-15 22:00:00,0.09176999999999999
Netherlands,NLD,2021-06-15 21:00:00,2021-06-15 23:00:00,0.08314
Netherlands,NLD,2021-06-15 22:00:00,2021-06-16 00:00:00,0.07759
Netherlands,NLD,2021-06-15 23:00:00,2021-06-16 01:00:00,0.07077
Netherlands,NLD,2021-06-16 00:00:00,2021-06-16 02:00:00,0.07095
Netherlands,NLD,2021-06-16 01:00:00,2021-06-16 03:00:00,0.0669
Netherlands,NLD,2021-06-16 02:00:00,2021-06-16 04:00:00,0.06856999999999999
Netherlands,NLD,2021-06-16 03:00:00,2021-06-16 05:00:00,0.07098
Netherlands,NLD,2021-06-16 04:00:00,2021-06-16 06:00:00,0.08558
Netherlands,NLD,2021-06-16 05:00:00,2021-06-16 07:00:00,0.09929
Netherlands,NLD,2021-06-16 06:00:00,2021-06-16 08:00:00,0.1
Netherlands,NLD,2021-06-16 07:00:00,2021-06-16 09:00:00,0.09195
Netherlands,NLD,2021-06-16 08:00:00,2021-06-16 10:00:00,0.08399
Netherlands,NLD,2021-06-16 09:00:00,2021-06-16 11:00:00,0.07567
Netherlands,NLD,2021-06-16 10:00:00,2021-06-16 12:00:00,0.07
Netherlands,NLD,2021-06-16 11:00:00,2021-06-16 13:00:00,0.07185
Netherlands,NLD,2021-06-16 12:00:00,2021-06-16 14:00:00,0.07998999999999999
Netherlands,NLD,2021-06-16 13:00:00,2021-06-16 15:00:00,0.08097
Netherlands,NLD,2021-06-16 14:00:00,2021-06-16 16:00:00,0.0855
Netherlands,NLD,2021-06-16 15:00:00,2021-06-16 17:00:00,0.09264
Netherlands,NLD,2021-06-16 16:00:00,2021-06-16 18:00:00,0.10253
Netherlands,NLD,2021-06-16 17:00:00,2021-06-16 19:00:00,0.11805
Netherlands,NLD,2021-06-16 18:00:00,2021-06-16 20:00:00,0.11153
Netherlands,NLD,2021-06-16 19:00:00,2021-06-16 21:00:00,0.10084
Netherlands,NLD,2021-06-16 20:00:00,2021-06-16 22:00:00,0.11772
Netherlands,NLD,2021-06-16 21:00:00,2021-06-16 23:00:00,0.10906999999999999
Netherlands,NLD,2021-06-16 22:00:00,2021-06-17 00:00:00,0.06628
Netherlands,NLD,2021-06-16 23:00:00,2021-06-17 01:00:00,0.066
Netherlands,NLD,2021-06-17 00:00:00,2021-06-17 02:00:00,0.06412999999999999
Netherlands,NLD,2021-06-17 01:00:00,2021-06-17 03:00:00,0.0628
Netherlands,NLD,2021-06-17 02:00:00,2021-06-17 04:00:00,0.0628
Netherlands,NLD,2021-06-17 03:00:00,2021-06-17 05:00:00,0.06508
Netherlands,NLD,2021-06-17 04:00:00,2021-06-17 06:00:00,0.07171999999999999
Netherlands,NLD,2021-06-17 05:00:00,2021-06-17 07:00:00,0.09408
Netherlands,NLD,2021-06-17 06:00:00,2021-06-17 08:00:00,0.099
Netherlands,NLD,2021-06-17 07:00:00,2021-06-17 09:00:00,0.08756
Netherlands,NLD,2021-06-17 08:00:00,2021-06-17 10:00:00,0.07817
Netherlands,NLD,2021-06-17 09:00:00,2021-06-17 11:00:00,0.0678
Netherlands,NLD,2021-06-17 10:00:00,2021-06-17 12:00:00,0.061880000000000004
Netherlands,NLD,2021-06-17 11:00:00,2021-06-17 13:00:00,0.0599
Netherlands,NLD,2021-06-17 12:00:00,2021-06-17 14:00:00,0.06222
Netherlands,NLD,2021-06-17 13:00:00,2021-06-17 15:00:00,0.0628
Netherlands,NLD,2021-06-17 14:00:00,2021-06-17 16:00:00,0.0699
Netherlands,NLD,2021-06-17 15:00:00,2021-06-17 17:00:00,0.08477
Netherlands,NLD,2021-06-17 16:00:00,2021-06-17 18:00:00,0.09295
Netherlands,NLD,2021-06-17 17:00:00,2021-06-17 19:00:00,0.11223000000000001
Netherlands,NLD,2021-06-17 18:00:00,2021-06-17 20:00:00,0.10346
Netherlands,NLD,2021-06-17 19:00:00,2021-06-17 21:00:00,0.09891
Netherlands,NLD,2021-06-17 20:00:00,2021-06-17 22:00:00,0.09103
Netherlands,NLD,2021-06-17 21:00:00,2021-06-17 23:00:00,0.08217
Netherlands,NLD,2021-06-17 22:00:00,2021-06-18 00:00:00,0.07809
Netherlands,NLD,2021-06-17 23:00:00,2021-06-18 01:00:00,0.06997
Netherlands,NLD,2021-06-18 00:00:00,2021-06-18 02:00:00,0.06706999999999999
Netherlands,NLD,2021-06-18 01:00:00,2021-06-18 03:00:00,0.06519
Netherlands,NLD,2021-06-18 02:00:00,2021-06-18 04:00:00,0.06609000000000001
Netherlands,NLD,2021-06-18 03:00:00,2021-06-18 05:00:00,0.0701
Netherlands,NLD,2021-06-18 04:00:00,2021-06-18 06:00:00,0.08557
Netherlands,NLD,2021-06-18 05:00:00,2021-06-18 07:00:00,0.09705
Netherlands,NLD,2021-06-18 06:00:00,2021-06-18 08:00:00,0.10002
Netherlands,NLD,2021-06-18 07:00:00,2021-06-18 09:00:00,0.095
Netherlands,NLD,2021-06-18 08:00:00,2021-06-18 10:00:00,0.0841
Netherlands,NLD,2021-06-18 09:00:00,2021-06-18 11:00:00,0.081
Netherlands,NLD,2021-06-18 10:00:00,2021-06-18 12:00:00,0.07459
Netherlands,NLD,2021-06-18 11:00:00,2021-06-18 13:00:00,0.06558
Netherlands,NLD,2021-06-18 12:00:00,2021-06-18 14:00:00,0.06715
Netherlands,NLD,2021-06-18 13:00:00,2021-06-18 15:00:00,0.0677
Netherlands,NLD,2021-06-18 14:00:00,2021-06-18 16:00:00,0.066
Netherlands,NLD,2021-06-18 15:00:00,2021-06-18 17:00:00,0.08385
Netherlands,NLD,2021-06-18 16:00:00,2021-06-18 18:00:00,0.0911
Netherlands,NLD,2021-06-18 17:00:00,2021-06-18 19:00:00,0.097
Netherlands,NLD,2021-06-18 18:00:00,2021-06-18 20:00:00,0.09691
Netherlands,NLD,2021-06-18 19:00:00,2021-06-18 21:00:00,0.09237000000000001
Netherlands,NLD,2021-06-18 20:00:00,2021-06-18 22:00:00,0.08586
Netherlands,NLD,2021-06-18 21:00:00,2021-06-18 23:00:00,0.08358
Netherlands,NLD,2021-06-18 22:00:00,2021-06-19 00:00:00,0.08017
Netherlands,NLD,2021-06-18 23:00:00,2021-06-19 01:00:00,0.07423
Netherlands,NLD,2021-06-19 00:00:00,2021-06-19 02:00:00,0.07135
Netherlands,NLD,2021-06-19 01:00:00,2021-06-19 03:00:00,0.07007
Netherlands,NLD,2021-06-19 02:00:00,2021-06-19 04:00:00,0.0673
Netherlands,NLD,2021-06-19 03:00:00,2021-06-19 05:00:00,0.06491
Netherlands,NLD,2021-06-19 04:00:00,2021-06-19 06:00:00,0.06604
Netherlands,NLD,2021-06-19 05:00:00,2021-06-19 07:00:00,0.0735
Netherlands,NLD,2021-06-19 06:00:00,2021-06-19 08:00:00,0.07437
Netherlands,NLD,2021-06-19 07:00:00,2021-06-19 09:00:00,0.06944
Netherlands,NLD,2021-06-19 08:00:00,2021-06-19 10:00:00,0.07185
Netherlands,NLD,2021-06-19 09:00:00,2021-06-19 11:00:00,0.06972
Netherlands,NLD,2021-06-19 10:00:00,2021-06-19 12:00:00,0.07314
Netherlands,NLD,2021-06-19 11:00:00,2021-06-19 13:00:00,0.06928
Netherlands,NLD,2021-06-19 12:00:00,2021-06-19 14:00:00,0.06651
Netherlands,NLD,2021-06-19 13:00:00,2021-06-19 15:00:00,0.06253
Netherlands,NLD,2021-06-19 14:00:00,2021-06-19 16:00:00,0.06772
Netherlands,NLD,2021-06-19 15:00:00,2021-06-19 17:00:00,0.073
Netherlands,NLD,2021-06-19 16:00:00,2021-06-19 18:00:00,0.081
Netherlands,NLD,2021-06-19 17:00:00,2021-06-19 19:00:00,0.089
Netherlands,NLD,2021-06-19 18:00:00,2021-06-19 20:00:00,0.09275
Netherlands,NLD,2021-06-19 19:00:00,2021-06-19 21:00:00,0.08998
Netherlands,NLD,2021-06-19 20:00:00,2021-06-19 22:00:00,0.08398
Netherlands,NLD,2021-06-19 21:00:00,2021-06-19 23:00:00,0.07805
Netherlands,NLD,2021-06-19 22:00:00,2021-06-20 00:00:00,0.07601000000000001
Netherlands,NLD,2021-06-19 23:00:00,2021-06-20 01:00:00,0.0668
Netherlands,NLD,2021-06-20 00:00:00,2021-06-20 02:00:00,0.06304
Netherlands,NLD,2021-06-20 01:00:00,2021-06-20 03:00:00,0.06003
Netherlands,NLD,2021-06-20 02:00:00,2021-06-20 04:00:00,0.05493
Netherlands,NLD,2021-06-20 03:00:00,2021-06-20 05:00:00,0.06
Netherlands,NLD,2021-06-20 04:00:00,2021-06-20 06:00:00,0.0659
Netherlands,NLD,2021-06-20 05:00:00,2021-06-20 07:00:00,0.06559999999999999
Netherlands,NLD,2021-06-20 06:00:00,2021-06-20 08:00:00,0.055
Netherlands,NLD,2021-06-20 07:00:00,2021-06-20 09:00:00,0.055
Netherlands,NLD,2021-06-20 08:00:00,2021-06-20 10:00:00,0.0502
Netherlands,NLD,2021-06-20 09:00:00,2021-06-20 11:00:00,0.045630000000000004
Netherlands,NLD,2021-06-20 10:00:00,2021-06-20 12:00:00,0.039850000000000003
Netherlands,NLD,2021-06-20 11:00:00,2021-06-20 13:00:00,0.0272
Netherlands,NLD,2021-06-20 12:00:00,2021-06-20 14:00:00,0.023719999999999998
Netherlands,NLD,2021-06-20 13:00:00,2021-06-20 15:00:00,0.02699
Netherlands,NLD,2021-06-20 14:00:00,2021-06-20 16:00:00,0.048100000000000004
Netherlands,NLD,2021-06-20 15:00:00,2021-06-20 17:00:00,0.06048
Netherlands,NLD,2021-06-20 16:00:00,2021-06-20 18:00:00,0.07005
Netherlands,NLD,2021-06-20 17:00:00,2021-06-20 19:00:00,0.08794
Netherlands,NLD,2021-06-20 18:00:00,2021-06-20 20:00:00,0.08857999999999999
Netherlands,NLD,2021-06-20 19:00:00,2021-06-20 21:00:00,0.0872
Netherlands,NLD,2021-06-20 20:00:00,2021-06-20 22:00:00,0.08813
Netherlands,NLD,2021-06-20 21:00:00,2021-06-20 23:00:00,0.081
Netherlands,NLD,2021-06-20 22:00:00,2021-06-21 00:00:00,0.06599
Netherlands,NLD,2021-06-20 23:00:00,2021-06-21 01:00:00,0.06296
Netherlands,NLD,2021-06-21 00:00:00,2021-06-21 02:00:00,0.06103
Netherlands,NLD,2021-06-21 01:00:00,2021-06-21 03:00:00,0.0589
Netherlands,NLD,2021-06-21 02:00:00,2021-06-21 04:00:00,0.05862
Netherlands,NLD,2021-06-21 03:00:00,2021-06-21 05:00:00,0.0625
Netherlands,NLD,2021-06-21 04:00:00,2021-06-21 06:00:00,0.0761
Netherlands,NLD,2021-06-21 05:00:00,2021-06-21 07:00:00,0.08893999999999999
Netherlands,NLD,2021-06-21 06:00:00,2021-06-21 08:00:00,0.092
Netherlands,NLD,2021-06-21 07:00:00,2021-06-21 09:00:00,0.09
Netherlands,NLD,2021-06-21 08:00:00,2021-06-21 10:00:00,0.08628
Netherlands,NLD,2021-06-21 09:00:00,2021-06-21 11:00:00,0.082
Netherlands,NLD,2021-06-21 10:00:00,2021-06-21 12:00:00,0.07848000000000001
Netherlands,NLD,2021-06-21 11:00:00,2021-06-21 13:00:00,0.06993
Netherlands,NLD,2021-06-21 12:00:00,2021-06-21 14:00:00,0.06734
Netherlands,NLD,2021-06-21 13:00:00,2021-06-21 15:00:00,0.07205
Netherlands,NLD,2021-06-21 14:00:00,2021-06-21 16:00:00,0.07513
Netherlands,NLD,2021-06-21 15:00:00,2021-06-21 17:00:00,0.08294
Netherlands,NLD,2021-06-21 16:00:00,2021-06-21 18:00:00,0.08897
Netherlands,NLD,2021-06-21 17:00:00,2021-06-21 19:00:00,0.09379000000000001
Netherlands,NLD,2021-06-21 18:00:00,2021-06-21 20:00:00,0.09406999999999999
Netherlands,NLD,2021-06-21 19:00:00,2021-06-21 21:00:00,0.09126999999999999
Netherlands,NLD,2021-06-21 20:00:00,2021-06-21 22:00:00,0.08609
Netherlands,NLD,2021-06-21 21:00:00,2021-06-21 23:00:00,0.0778
Netherlands,NLD,2021-06-21 22:00:00,2021-06-22 00:00:00,0.07403
Netherlands,NLD,2021-06-21 23:00:00,2021-06-22 01:00:00,0.06838
Netherlands,NLD,2021-06-22 00:00:00,2021-06-22 02:00:00,0.0668
Netherlands,NLD,2021-06-22 01:00:00,2021-06-22 03:00:00,0.06568
Netherlands,NLD,2021-06-22 02:00:00,2021-06-22 04:00:00,0.06470000000000001
Netherlands,NLD,2021-06-22 03:00:00,2021-06-22 05:00:00,0.06767000000000001
Netherlands,NLD,2021-06-22 04:00:00,2021-06-22 06:00:00,0.08308
Netherlands,NLD,2021-06-22 05:00:00,2021-06-22 07:00:00,0.09376000000000001
Netherlands,NLD,2021-06-22 06:00:00,2021-06-22 08:00:00,0.096
Netherlands,NLD,2021-06-22 07:00:00,2021-06-22 09:00:00,0.09365000000000001
Netherlands,NLD,2021-06-22 08:00:00,2021-06-22 10:00:00,0.09097
Netherlands,NLD,2021-06-22 09:00:00,2021-06-22 11:00:00,0.0901
Netherlands,NLD,2021-06-22 10:00:00,2021-06-22 12:00:00,0.08848
Netherlands,NLD,2021-06-22 11:00:00,2021-06-22 13:00:00,0.0839
Netherlands,NLD,2021-06-22 12:00:00,2021-06-22 14:00:00,0.08006999999999999
Netherlands,NLD,2021-06-22 13:00:00,2021-06-22 15:00:00,0.08173
Netherlands,NLD,2021-06-22 14:00:00,2021-06-22 16:00:00,0.08241
Netherlands,NLD,2021-06-22 15:00:00,2021-06-22 17:00:00,0.08995
Netherlands,NLD,2021-06-22 16:00:00,2021-06-22 18:00:00,0.09670000000000001
Netherlands,NLD,2021-06-22 17:00:00,2021-06-22 19:00:00,0.09966
Netherlands,NLD,2021-06-22 18:00:00,2021-06-22 20:00:00,0.09899
Netherlands,NLD,2021-06-22 19:00:00,2021-06-22 21:00:00,0.09626
Netherlands,NLD,2021-06-22 20:00:00,2021-06-22 22:00:00,0.09068000000000001
Netherlands,NLD,2021-06-22 21:00:00,2021-06-22 23:00:00,0.08294
Netherlands,NLD,2021-06-22 22:00:00,2021-06-23 00:00:00,0.07259
Netherlands,NLD,2021-06-22 23:00:00,2021-06-23 01:00:00,0.07253
Netherlands,NLD,2021-06-23 00:00:00,2021-06-23 02:00:00,0.07029
Netherlands,NLD,2021-06-23 01:00:00,2021-06-23 03:00:00,0.06853000000000001
Netherlands,NLD,2021-06-23 02:00:00,2021-06-23 04:00:00,0.06991
Netherlands,NLD,2021-06-23 03:00:00,2021-06-23 05:00:00,0.07454999999999999
Netherlands,NLD,2021-06-23 04:00:00,2021-06-23 06:00:00,0.08628
Netherlands,NLD,2021-06-23 05:00:00,2021-06-23 07:00:00,0.10789
Netherlands,NLD,2021-06-23 06:00:00,2021-06-23 08:00:00,0.11613
Netherlands,NLD,2021-06-23 07:00:00,2021-06-23 09:00:00,0.1025
Netherlands,NLD,2021-06-23 08:00:00,2021-06-23 10:00:00,0.09334999999999999
Netherlands,NLD,2021-06-23 09:00:00,2021-06-23 11:00:00,0.09208
Netherlands,NLD,2021-06-23 10:00:00,2021-06-23 12:00:00,0.09112999999999999
Netherlands,NLD,2021-06-23 11:00:00,2021-06-23 13:00:00,0.08755
Netherlands,NLD,2021-06-23 12:00:00,2021-06-23 14:00:00,0.08481999999999999
Netherlands,NLD,2021-06-23 13:00:00,2021-06-23 15:00:00,0.0787
Netherlands,NLD,2021-06-23 14:00:00,2021-06-23 16:00:00,0.08361
Netherlands,NLD,2021-06-23 15:00:00,2021-06-23 17:00:00,0.09096
Netherlands,NLD,2021-06-23 16:00:00,2021-06-23 18:00:00,0.10443000000000001
Netherlands,NLD,2021-06-23 17:00:00,2021-06-23 19:00:00,0.13416999999999998
Netherlands,NLD,2021-06-23 18:00:00,2021-06-23 20:00:00,0.12856
Netherlands,NLD,2021-06-23 19:00:00,2021-06-23 21:00:00,0.11009999999999999
Netherlands,NLD,2021-06-23 20:00:00,2021-06-23 22:00:00,0.09334999999999999
Netherlands,NLD,2021-06-23 21:00:00,2021-06-23 23:00:00,0.08634
Netherlands,NLD,2021-06-23 22:00:00,2021-06-24 00:00:00,0.08089
Netherlands,NLD,2021-06-23 23:00:00,2021-06-24 01:00:00,0.07929
Netherlands,NLD,2021-06-24 00:00:00,2021-06-24 02:00:00,0.07619
Netherlands,NLD,2021-06-24 01:00:00,2021-06-24 03:00:00,0.07307999999999999
Netherlands,NLD,2021-06-24 02:00:00,2021-06-24 04:00:00,0.07457
Netherlands,NLD,2021-06-24 03:00:00,2021-06-24 05:00:00,0.078
Netherlands,NLD,2021-06-24 04:00:00,2021-06-24 06:00:00,0.08983
Netherlands,NLD,2021-06-24 05:00:00,2021-06-24 07:00:00,0.10352
Netherlands,NLD,2021-06-24 06:00:00,2021-06-24 08:00:00,0.11981
Netherlands,NLD,2021-06-24 07:00:00,2021-06-24 09:00:00,0.11597
Netherlands,NLD,2021-06-24 08:00:00,2021-06-24 10:00:00,0.09999
Netherlands,NLD,2021-06-24 09:00:00,2021-06-24 11:00:00,0.095
Netherlands,NLD,2021-06-24 10:00:00,2021-06-24 12:00:00,0.09015999999999999
Netherlands,NLD,2021-06-24 11:00:00,2021-06-24 13:00:00,0.08444
Netherlands,NLD,2021-06-24 12:00:00,2021-06-24 14:00:00,0.08003
Netherlands,NLD,2021-06-24 13:00:00,2021-06-24 15:00:00,0.07515999999999999
Netherlands,NLD,2021-06-24 14:00:00,2021-06-24 16:00:00,0.08385
Netherlands,NLD,2021-06-24 15:00:00,2021-06-24 17:00:00,0.09504
Netherlands,NLD,2021-06-24 16:00:00,2021-06-24 18:00:00,0.10556
Netherlands,NLD,2021-06-24 17:00:00,2021-06-24 19:00:00,0.12362000000000001
Netherlands,NLD,2021-06-24 18:00:00,2021-06-24 20:00:00,0.11934
Netherlands,NLD,2021-06-24 19:00:00,2021-06-24 21:00:00,0.1052
Netherlands,NLD,2021-06-24 20:00:00,2021-06-24 22:00:00,0.09431999999999999
Netherlands,NLD,2021-06-24 21:00:00,2021-06-24 23:00:00,0.08891
Netherlands,NLD,2021-06-24 22:00:00,2021-06-25 00:00:00,0.08463
Netherlands,NLD,2021-06-24 23:00:00,2021-06-25 01:00:00,0.07962000000000001
Netherlands,NLD,2021-06-25 00:00:00,2021-06-25 02:00:00,0.07698999999999999
Netherlands,NLD,2021-06-25 01:00:00,2021-06-25 03:00:00,0.07544
Netherlands,NLD,2021-06-25 02:00:00,2021-06-25 04:00:00,0.07576999999999999
Netherlands,NLD,2021-06-25 03:00:00,2021-06-25 05:00:00,0.0783
Netherlands,NLD,2021-06-25 04:00:00,2021-06-25 06:00:00,0.08846
Netherlands,NLD,2021-06-25 05:00:00,2021-06-25 07:00:00,0.09812
Netherlands,NLD,2021-06-25 06:00:00,2021-06-25 08:00:00,0.10371999999999999
Netherlands,NLD,2021-06-25 07:00:00,2021-06-25 09:00:00,0.09502
Netherlands,NLD,2021-06-25 08:00:00,2021-06-25 10:00:00,0.09284
Netherlands,NLD,2021-06-25 09:00:00,2021-06-25 11:00:00,0.08906
Netherlands,NLD,2021-06-25 10:00:00,2021-06-25 12:00:00,0.08645
Netherlands,NLD,2021-06-25 11:00:00,2021-06-25 13:00:00,0.08006999999999999
Netherlands,NLD,2021-06-25 12:00:00,2021-06-25 14:00:00,0.07926000000000001
Netherlands,NLD,2021-06-25 13:00:00,2021-06-25 15:00:00,0.07895999999999999
Netherlands,NLD,2021-06-25 14:00:00,2021-06-25 16:00:00,0.07983
Netherlands,NLD,2021-06-25 15:00:00,2021-06-25 17:00:00,0.0922
Netherlands,NLD,2021-06-25 16:00:00,2021-06-25 18:00:00,0.105
Netherlands,NLD,2021-06-25 17:00:00,2021-06-25 19:00:00,0.10414
Netherlands,NLD,2021-06-25 18:00:00,2021-06-25 20:00:00,0.10701000000000001
Netherlands,NLD,2021-06-25 19:00:00,2021-06-25 21:00:00,0.1
Netherlands,NLD,2021-06-25 20:00:00,2021-06-25 22:00:00,0.09822
Netherlands,NLD,2021-06-25 21:00:00,2021-06-25 23:00:00,0.08971
Netherlands,NLD,2021-06-25 22:00:00,2021-06-26 00:00:00,0.08893999999999999
Netherlands,NLD,2021-06-25 23:00:00,2021-06-26 01:00:00,0.08433
Netherlands,NLD,2021-06-26 00:00:00,2021-06-26 02:00:00,0.085
Netherlands,NLD,2021-06-26 01:00:00,2021-06-26 03:00:00,0.08119
Netherlands,NLD,2021-06-26 02:00:00,2021-06-26 04:00:00,0.08823
Netherlands,NLD,2021-06-26 03:00:00,2021-06-26 05:00:00,0.07669
Netherlands,NLD,2021-06-26 04:00:00,2021-06-26 06:00:00,0.07994
Netherlands,NLD,2021-06-26 05:00:00,2021-06-26 07:00:00,0.08118
Netherlands,NLD,2021-06-26 06:00:00,2021-06-26 08:00:00,0.0828
Netherlands,NLD,2021-06-26 07:00:00,2021-06-26 09:00:00,0.08152
Netherlands,NLD,2021-06-26 08:00:00,2021-06-26 10:00:00,0.07524
Netherlands,NLD,2021-06-26 09:00:00,2021-06-26 11:00:00,0.07337
Netherlands,NLD,2021-06-26 10:00:00,2021-06-26 12:00:00,0.07117
Netherlands,NLD,2021-06-26 11:00:00,2021-06-26 13:00:00,0.06897
Netherlands,NLD,2021-06-26 12:00:00,2021-06-26 14:00:00,0.06573999999999999
Netherlands,NLD,2021-06-26 13:00:00,2021-06-26 15:00:00,0.06487000000000001
Netherlands,NLD,2021-06-26 14:00:00,2021-06-26 16:00:00,0.06609999999999999
Netherlands,NLD,2021-06-26 15:00:00,2021-06-26 17:00:00,0.0712
Netherlands,NLD,2021-06-26 16:00:00,2021-06-26 18:00:00,0.08231999999999999
Netherlands,NLD,2021-06-26 17:00:00,2021-06-26 19:00:00,0.09423999999999999
Netherlands,NLD,2021-06-26 18:00:00,2021-06-26 20:00:00,0.09595000000000001
Netherlands,NLD,2021-06-26 19:00:00,2021-06-26 21:00:00,0.09529
Netherlands,NLD,2021-06-26 20:00:00,2021-06-26 22:00:00,0.09103
Netherlands,NLD,2021-06-26 21:00:00,2021-06-26 23:00:00,0.08478
Netherlands,NLD,2021-06-26 22:00:00,2021-06-27 00:00:00,0.07689
Netherlands,NLD,2021-06-26 23:00:00,2021-06-27 01:00:00,0.071
Netherlands,NLD,2021-06-27 00:00:00,2021-06-27 02:00:00,0.06805
Netherlands,NLD,2021-06-27 01:00:00,2021-06-27 03:00:00,0.06818
Netherlands,NLD,2021-06-27 02:00:00,2021-06-27 04:00:00,0.06816
Netherlands,NLD,2021-06-27 03:00:00,2021-06-27 05:00:00,0.06592
Netherlands,NLD,2021-06-27 04:00:00,2021-06-27 06:00:00,0.06606999999999999
Netherlands,NLD,2021-06-27 05:00:00,2021-06-27 07:00:00,0.0608
Netherlands,NLD,2021-06-27 06:00:00,2021-06-27 08:00:00,0.06229
Netherlands,NLD,2021-06-27 07:00:00,2021-06-27 09:00:00,0.059609999999999996
Netherlands,NLD,2021-06-27 08:00:00,2021-06-27 10:00:00,0.05289
Netherlands,NLD,2021-06-27 09:00:00,2021-06-27 11:00:00,0.05296
Netherlands,NLD,2021-06-27 10:00:00,2021-06-27 12:00:00,0.04958
Netherlands,NLD,2021-06-27 11:00:00,2021-06-27 13:00:00,0.03151
Netherlands,NLD,2021-06-27 12:00:00,2021-06-27 14:00:00,0.02173
Netherlands,NLD,2021-06-27 13:00:00,2021-06-27 15:00:00,0.02718
Netherlands,NLD,2021-06-27 14:00:00,2021-06-27 16:00:00,0.04065
Netherlands,NLD,2021-06-27 15:00:00,2021-06-27 17:00:00,0.059
Netherlands,NLD,2021-06-27 16:00:00,2021-06-27 18:00:00,0.07349
Netherlands,NLD,2021-06-27 17:00:00,2021-06-27 19:00:00,0.0906
Netherlands,NLD,2021-06-27 18:00:00,2021-06-27 20:00:00,0.09259999999999999
Netherlands,NLD,2021-06-27 19:00:00,2021-06-27 21:00:00,0.09284
Netherlands,NLD,2021-06-27 20:00:00,2021-06-27 22:00:00,0.09290999999999999
Netherlands,NLD,2021-06-27 21:00:00,2021-06-27 23:00:00,0.08696
Netherlands,NLD,2021-06-27 22:00:00,2021-06-28 00:00:00,0.08120000000000001
Netherlands,NLD,2021-06-27 23:00:00,2021-06-28 01:00:00,0.07338
Netherlands,NLD,2021-06-28 00:00:00,2021-06-28 02:00:00,0.0702
Netherlands,NLD,2021-06-28 01:00:00,2021-06-28 03:00:00,0.06892
Netherlands,NLD,2021-06-28 02:00:00,2021-06-28 04:00:00,0.06915
Netherlands,NLD,2021-06-28 03:00:00,2021-06-28 05:00:00,0.074
Netherlands,NLD,2021-06-28 04:00:00,2021-06-28 06:00:00,0.09340999999999999
Netherlands,NLD,2021-06-28 05:00:00,2021-06-28 07:00:00,0.10257
Netherlands,NLD,2021-06-28 06:00:00,2021-06-28 08:00:00,0.09849
Netherlands,NLD,2021-06-28 07:00:00,2021-06-28 09:00:00,0.09423999999999999
Netherlands,NLD,2021-06-28 08:00:00,2021-06-28 10:00:00,0.0897
Netherlands,NLD,2021-06-28 09:00:00,2021-06-28 11:00:00,0.08695
Netherlands,NLD,2021-06-28 10:00:00,2021-06-28 12:00:00,0.08674
Netherlands,NLD,2021-06-28 11:00:00,2021-06-28 13:00:00,0.07847
Netherlands,NLD,2021-06-28 12:00:00,2021-06-28 14:00:00,0.07640000000000001
Netherlands,NLD,2021-06-28 13:00:00,2021-06-28 15:00:00,0.08120000000000001
Netherlands,NLD,2021-06-28 14:00:00,2021-06-28 16:00:00,0.08496
Netherlands,NLD,2021-06-28 15:00:00,2021-06-28 17:00:00,0.09045
Netherlands,NLD,2021-06-28 16:00:00,2021-06-28 18:00:00,0.09962
Netherlands,NLD,2021-06-28 17:00:00,2021-06-28 19:00:00,0.12395999999999999
Netherlands,NLD,2021-06-28 18:00:00,2021-06-28 20:00:00,0.11796
Netherlands,NLD,2021-06-28 19:00:00,2021-06-28 21:00:00,0.09898
Netherlands,NLD,2021-06-28 20:00:00,2021-06-28 22:00:00,0.09749
Netherlands,NLD,2021-06-28 21:00:00,2021-06-28 23:00:00,0.08959
Netherlands,NLD,2021-06-28 22:00:00,2021-06-29 00:00:00,0.08103
Netherlands,NLD,2021-06-28 23:00:00,2021-06-29 01:00:00,0.07633
Netherlands,NLD,2021-06-29 00:00:00,2021-06-29 02:00:00,0.07498
Netherlands,NLD,2021-06-29 01:00:00,2021-06-29 03:00:00,0.07345
Netherlands,NLD,2021-06-29 02:00:00,2021-06-29 04:00:00,0.07452
Netherlands,NLD,2021-06-29 03:00:00,2021-06-29 05:00:00,0.07845999999999999
Netherlands,NLD,2021-06-29 04:00:00,2021-06-29 06:00:00,0.09379000000000001
Netherlands,NLD,2021-06-29 05:00:00,2021-06-29 07:00:00,0.10294
Netherlands,NLD,2021-06-29 06:00:00,2021-06-29 08:00:00,0.11001999999999999
Netherlands,NLD,2021-06-29 07:00:00,2021-06-29 09:00:00,0.10404000000000001
Netherlands,NLD,2021-06-29 08:00:00,2021-06-29 10:00:00,0.09914
Netherlands,NLD,2021-06-29 09:00:00,2021-06-29 11:00:00,0.09762
Netherlands,NLD,2021-06-29 10:00:00,2021-06-29 12:00:00,0.09525
Netherlands,NLD,2021-06-29 11:00:00,2021-06-29 13:00:00,0.09298000000000001
Netherlands,NLD,2021-06-29 12:00:00,2021-06-29 14:00:00,0.09002
Netherlands,NLD,2021-06-29 13:00:00,2021-06-29 15:00:00,0.08839
Netherlands,NLD,2021-06-29 14:00:00,2021-06-29 16:00:00,0.089
Netherlands,NLD,2021-06-29 15:00:00,2021-06-29 17:00:00,0.09653
Netherlands,NLD,2021-06-29 16:00:00,2021-06-29 18:00:00,0.09908
Netherlands,NLD,2021-06-29 17:00:00,2021-06-29 19:00:00,0.10238
Netherlands,NLD,2021-06-29 18:00:00,2021-06-29 20:00:00,0.09862
Netherlands,NLD,2021-06-29 19:00:00,2021-06-29 21:00:00,0.09625
Netherlands,NLD,2021-06-29 20:00:00,2021-06-29 22:00:00,0.09497
Netherlands,NLD,2021-06-29 21:00:00,2021-06-29 23:00:00,0.08459
Netherlands,NLD,2021-06-29 22:00:00,2021-06-30 00:00:00,0.08081999999999999
Netherlands,NLD,2021-06-29 23:00:00,2021-06-30 01:00:00,0.07901999999999999
Netherlands,NLD,2021-06-30 00:00:00,2021-06-30 02:00:00,0.07562999999999999
Netherlands,NLD,2021-06-30 01:00:00,2021-06-30 03:00:00,0.07413
Netherlands,NLD,2021-06-30 02:00:00,2021-06-30 04:00:00,0.07403
Netherlands,NLD,2021-06-30 03:00:00,2021-06-30 05:00:00,0.07803
Netherlands,NLD,2021-06-30 04:00:00,2021-06-30 06:00:00,0.09390000000000001
Netherlands,NLD,2021-06-30 05:00:00,2021-06-30 07:00:00,0.10141
Netherlands,NLD,2021-06-30 06:00:00,2021-06-30 08:00:00,0.10662
Netherlands,NLD,2021-06-30 07:00:00,2021-06-30 09:00:00,0.10523
Netherlands,NLD,2021-06-30 08:00:00,2021-06-30 10:00:00,0.10654000000000001
Netherlands,NLD,2021-06-30 09:00:00,2021-06-30 11:00:00,0.10174
Netherlands,NLD,2021-06-30 10:00:00,2021-06-30 12:00:00,0.09898
Netherlands,NLD,2021-06-30 11:00:00,2021-06-30 13:00:00,0.09608
Netherlands,NLD,2021-06-30 12:00:00,2021-06-30 14:00:00,0.09243000000000001
Netherlands,NLD,2021-06-30 13:00:00,2021-06-30 15:00:00,0.08729
Netherlands,NLD,2021-06-30 14:00:00,2021-06-30 16:00:00,0.08736
Netherlands,NLD,2021-06-30 15:00:00,2021-06-30 17:00:00,0.094
Netherlands,NLD,2021-06-30 16:00:00,2021-06-30 18:00:00,0.09942000000000001
Netherlands,NLD,2021-06-30 17:00:00,2021-06-30 19:00:00,0.09997
Netherlands,NLD,2021-06-30 18:00:00,2021-06-30 20:00:00,0.09897
Netherlands,NLD,2021-06-30 19:00:00,2021-06-30 21:00:00,0.09702
Netherlands,NLD,2021-06-30 20:00:00,2021-06-30 22:00:00,0.09601000000000001
Netherlands,NLD,2021-06-30 21:00:00,2021-06-30 23:00:00,0.08436
Netherlands,NLD,2021-06-30 22:00:00,2021-07-01 00:00:00,0.08156999999999999
Netherlands,NLD,2021-06-30 23:00:00,2021-07-01 01:00:00,0.07590000000000001
Netherlands,NLD,2021-07-01 00:00:00,2021-07-01 02:00:00,0.07373
Netherlands,NLD,2021-07-01 01:00:00,2021-07-01 03:00:00,0.07201
Netherlands,NLD,2021-07-01 02:00:00,2021-07-01 04:00:00,0.07124
Netherlands,NLD,2021-07-01 03:00:00,2021-07-01 05:00:00,0.07396
Netherlands,NLD,2021-07-01 04:00:00,2021-07-01 06:00:00,0.08491
Netherlands,NLD,2021-07-01 05:00:00,2021-07-01 07:00:00,0.09595000000000001
Netherlands,NLD,2021-07-01 06:00:00,2021-07-01 08:00:00,0.09844
Netherlands,NLD,2021-07-01 07:00:00,2021-07-01 09:00:00,0.0964
Netherlands,NLD,2021-07-01 08:00:00,2021-07-01 10:00:00,0.09495999999999999
Netherlands,NLD,2021-07-01 09:00:00,2021-07-01 11:00:00,0.09592
Netherlands,NLD,2021-07-01 10:00:00,2021-07-01 12:00:00,0.09233
Netherlands,NLD,2021-07-01 11:00:00,2021-07-01 13:00:00,0.09018999999999999
Netherlands,NLD,2021-07-01 12:00:00,2021-07-01 14:00:00,0.08567
Netherlands,NLD,2021-07-01 13:00:00,2021-07-01 15:00:00,0.085
Netherlands,NLD,2021-07-01 14:00:00,2021-07-01 16:00:00,0.079
Netherlands,NLD,2021-07-01 15:00:00,2021-07-01 17:00:00,0.09464
Netherlands,NLD,2021-07-01 16:00:00,2021-07-01 18:00:00,0.09867000000000001
Netherlands,NLD,2021-07-01 17:00:00,2021-07-01 19:00:00,0.10377
Netherlands,NLD,2021-07-01 18:00:00,2021-07-01 20:00:00,0.10034
Netherlands,NLD,2021-07-01 19:00:00,2021-07-01 21:00:00,0.09951
Netherlands,NLD,2021-07-01 20:00:00,2021-07-01 22:00:00,0.09817000000000001
Netherlands,NLD,2021-07-01 21:00:00,2021-07-01 23:00:00,0.09198999999999999
Netherlands,NLD,2021-07-01 22:00:00,2021-07-02 00:00:00,0.09076999999999999
Netherlands,NLD,2021-07-01 23:00:00,2021-07-02 01:00:00,0.08536
Netherlands,NLD,2021-07-02 00:00:00,2021-07-02 02:00:00,0.08218
Netherlands,NLD,2021-07-02 01:00:00,2021-07-02 03:00:00,0.08234999999999999
Netherlands,NLD,2021-07-02 02:00:00,2021-07-02 04:00:00,0.08322
Netherlands,NLD,2021-07-02 03:00:00,2021-07-02 05:00:00,0.08668000000000001
Netherlands,NLD,2021-07-02 04:00:00,2021-07-02 06:00:00,0.102
Netherlands,NLD,2021-07-02 05:00:00,2021-07-02 07:00:00,0.11134000000000001
Netherlands,NLD,2021-07-02 06:00:00,2021-07-02 08:00:00,0.12051
Netherlands,NLD,2021-07-02 07:00:00,2021-07-02 09:00:00,0.10723999999999999
Netherlands,NLD,2021-07-02 08:00:00,2021-07-02 10:00:00,0.10254
Netherlands,NLD,2021-07-02 09:00:00,2021-07-02 11:00:00,0.1
Netherlands,NLD,2021-07-02 10:00:00,2021-07-02 12:00:00,0.09961
Netherlands,NLD,2021-07-02 11:00:00,2021-07-02 13:00:00,0.08462
Netherlands,NLD,2021-07-02 12:00:00,2021-07-02 14:00:00,0.07764
Netherlands,NLD,2021-07-02 13:00:00,2021-07-02 15:00:00,0.08159999999999999
Netherlands,NLD,2021-07-02 14:00:00,2021-07-02 16:00:00,0.08256999999999999
Netherlands,NLD,2021-07-02 15:00:00,2021-07-02 17:00:00,0.09423000000000001
Netherlands,NLD,2021-07-02 16:00:00,2021-07-02 18:00:00,0.09998
Netherlands,NLD,2021-07-02 17:00:00,2021-07-02 19:00:00,0.11
Netherlands,NLD,2021-07-02 18:00:00,2021-07-02 20:00:00,0.10948999999999999
Netherlands,NLD,2021-07-02 19:00:00,2021-07-02 21:00:00,0.10554999999999999
Netherlands,NLD,2021-07-02 20:00:00,2021-07-02 22:00:00,0.10502
Netherlands,NLD,2021-07-02 21:00:00,2021-07-02 23:00:00,0.09998
Netherlands,NLD,2021-07-02 22:00:00,2021-07-03 00:00:00,0.09264
Netherlands,NLD,2021-07-02 23:00:00,2021-07-03 01:00:00,0.08439
Netherlands,NLD,2021-07-03 00:00:00,2021-07-03 02:00:00,0.0809
Netherlands,NLD,2021-07-03 01:00:00,2021-07-03 03:00:00,0.07757
Netherlands,NLD,2021-07-03 02:00:00,2021-07-03 04:00:00,0.07404999999999999
Netherlands,NLD,2021-07-03 03:00:00,2021-07-03 05:00:00,0.07406
Netherlands,NLD,2021-07-03 04:00:00,2021-07-03 06:00:00,0.07897
Netherlands,NLD,2021-07-03 05:00:00,2021-07-03 07:00:00,0.08145000000000001
Netherlands,NLD,2021-07-03 06:00:00,2021-07-03 08:00:00,0.08303
Netherlands,NLD,2021-07-03 07:00:00,2021-07-03 09:00:00,0.07934000000000001
Netherlands,NLD,2021-07-03 08:00:00,2021-07-03 10:00:00,0.07406
Netherlands,NLD,2021-07-03 09:00:00,2021-07-03 11:00:00,0.07
Netherlands,NLD,2021-07-03 10:00:00,2021-07-03 12:00:00,0.0727
Netherlands,NLD,2021-07-03 11:00:00,2021-07-03 13:00:00,0.0664
Netherlands,NLD,2021-07-03 12:00:00,2021-07-03 14:00:00,0.06659999999999999
Netherlands,NLD,2021-07-03 13:00:00,2021-07-03 15:00:00,0.073
Netherlands,NLD,2021-07-03 14:00:00,2021-07-03 16:00:00,0.0752
Netherlands,NLD,2021-07-03 15:00:00,2021-07-03 17:00:00,0.08545
Netherlands,NLD,2021-07-03 16:00:00,2021-07-03 18:00:00,0.09544
Netherlands,NLD,2021-07-03 17:00:00,2021-07-03 19:00:00,0.10696
Netherlands,NLD,2021-07-03 18:00:00,2021-07-03 20:00:00,0.10743000000000001
Netherlands,NLD,2021-07-03 19:00:00,2021-07-03 21:00:00,0.10697
Netherlands,NLD,2021-07-03 20:00:00,2021-07-03 22:00:00,0.10695
Netherlands,NLD,2021-07-03 21:00:00,2021-07-03 23:00:00,0.1
Netherlands,NLD,2021-07-03 22:00:00,2021-07-04 00:00:00,0.09418000000000001
Netherlands,NLD,2021-07-03 23:00:00,2021-07-04 01:00:00,0.08674
Netherlands,NLD,2021-07-04 00:00:00,2021-07-04 02:00:00,0.08005
Netherlands,NLD,2021-07-04 01:00:00,2021-07-04 03:00:00,0.07561
Netherlands,NLD,2021-07-04 02:00:00,2021-07-04 04:00:00,0.07503
Netherlands,NLD,2021-07-04 03:00:00,2021-07-04 05:00:00,0.07399
Netherlands,NLD,2021-07-04 04:00:00,2021-07-04 06:00:00,0.0745
Netherlands,NLD,2021-07-04 05:00:00,2021-07-04 07:00:00,0.07542
Netherlands,NLD,2021-07-04 06:00:00,2021-07-04 08:00:00,0.07868
Netherlands,NLD,2021-07-04 07:00:00,2021-07-04 09:00:00,0.07708
Netherlands,NLD,2021-07-04 08:00:00,2021-07-04 10:00:00,0.07524
Netherlands,NLD,2021-07-04 09:00:00,2021-07-04 11:00:00,0.07803
Netherlands,NLD,2021-07-04 10:00:00,2021-07-04 12:00:00,0.07801999999999999
Netherlands,NLD,2021-07-04 11:00:00,2021-07-04 13:00:00,0.074
Netherlands,NLD,2021-07-04 12:00:00,2021-07-04 14:00:00,0.06926
Netherlands,NLD,2021-07-04 13:00:00,2021-07-04 15:00:00,0.06993
Netherlands,NLD,2021-07-04 14:00:00,2021-07-04 16:00:00,0.07703
Netherlands,NLD,2021-07-04 15:00:00,2021-07-04 17:00:00,0.08375
Netherlands,NLD,2021-07-04 16:00:00,2021-07-04 18:00:00,0.0965
Netherlands,NLD,2021-07-04 17:00:00,2021-07-04 19:00:00,0.10126
Netherlands,NLD,2021-07-04 18:00:00,2021-07-04 20:00:00,0.1
Netherlands,NLD,2021-07-04 19:00:00,2021-07-04 21:00:00,0.10209
Netherlands,NLD,2021-07-04 20:00:00,2021-07-04 22:00:00,0.10492
Netherlands,NLD,2021-07-04 21:00:00,2021-07-04 23:00:00,0.09573000000000001
Netherlands,NLD,2021-07-04 22:00:00,2021-07-05 00:00:00,0.08155
Netherlands,NLD,2021-07-04 23:00:00,2021-07-05 01:00:00,0.07522
Netherlands,NLD,2021-07-05 00:00:00,2021-07-05 02:00:00,0.07401
Netherlands,NLD,2021-07-05 01:00:00,2021-07-05 03:00:00,0.07201
Netherlands,NLD,2021-07-05 02:00:00,2021-07-05 04:00:00,0.07154
Netherlands,NLD,2021-07-05 03:00:00,2021-07-05 05:00:00,0.07409
Netherlands,NLD,2021-07-05 04:00:00,2021-07-05 06:00:00,0.09157
Netherlands,NLD,2021-07-05 05:00:00,2021-07-05 07:00:00,0.10193
Netherlands,NLD,2021-07-05 06:00:00,2021-07-05 08:00:00,0.10568999999999999
Netherlands,NLD,2021-07-05 07:00:00,2021-07-05 09:00:00,0.10355
Netherlands,NLD,2021-07-05 08:00:00,2021-07-05 10:00:00,0.101
Netherlands,NLD,2021-07-05 09:00:00,2021-07-05 11:00:00,0.10009
Netherlands,NLD,2021-07-05 10:00:00,2021-07-05 12:00:00,0.09791
Netherlands,NLD,2021-07-05 11:00:00,2021-07-05 13:00:00,0.09423000000000001
Netherlands,NLD,2021-07-05 12:00:00,2021-07-05 14:00:00,0.08893000000000001
Netherlands,NLD,2021-07-05 13:00:00,2021-07-05 15:00:00,0.08393
Netherlands,NLD,2021-07-05 14:00:00,2021-07-05 16:00:00,0.0878
Netherlands,NLD,2021-07-05 15:00:00,2021-07-05 17:00:00,0.09935
Netherlands,NLD,2021-07-05 16:00:00,2021-07-05 18:00:00,0.10521
Netherlands,NLD,2021-07-05 17:00:00,2021-07-05 19:00:00,0.11499
Netherlands,NLD,2021-07-05 18:00:00,2021-07-05 20:00:00,0.118
Netherlands,NLD,2021-07-05 19:00:00,2021-07-05 21:00:00,0.11073999999999999
Netherlands,NLD,2021-07-05 20:00:00,2021-07-05 22:00:00,0.10396
Netherlands,NLD,2021-07-05 21:00:00,2021-07-05 23:00:00,0.09458
Netherlands,NLD,2021-07-05 22:00:00,2021-07-06 00:00:00,0.0868
Netherlands,NLD,2021-07-05 23:00:00,2021-07-06 01:00:00,0.07809
Netherlands,NLD,2021-07-06 00:00:00,2021-07-06 02:00:00,0.07314
Netherlands,NLD,2021-07-06 01:00:00,2021-07-06 03:00:00,0.07659999999999999
Netherlands,NLD,2021-07-06 02:00:00,2021-07-06 04:00:00,0.07082
Netherlands,NLD,2021-07-06 03:00:00,2021-07-06 05:00:00,0.0687
Netherlands,NLD,2021-07-06 04:00:00,2021-07-06 06:00:00,0.0785
Netherlands,NLD,2021-07-06 05:00:00,2021-07-06 07:00:00,0.096
Netherlands,NLD,2021-07-06 06:00:00,2021-07-06 08:00:00,0.09706000000000001
Netherlands,NLD,2021-07-06 07:00:00,2021-07-06 09:00:00,0.08729
Netherlands,NLD,2021-07-06 08:00:00,2021-07-06 10:00:00,0.0768
Netherlands,NLD,2021-07-06 09:00:00,2021-07-06 11:00:00,0.06303
Netherlands,NLD,2021-07-06 10:00:00,2021-07-06 12:00:00,0.05378
Netherlands,NLD,2021-07-06 11:00:00,2021-07-06 13:00:00,0.054369999999999995
Netherlands,NLD,2021-07-06 12:00:00,2021-07-06 14:00:00,0.03775
Netherlands,NLD,2021-07-06 13:00:00,2021-07-06 15:00:00,0.044
Netherlands,NLD,2021-07-06 14:00:00,2021-07-06 16:00:00,0.055810000000000005
Netherlands,NLD,2021-07-06 15:00:00,2021-07-06 17:00:00,0.07335
Netherlands,NLD,2021-07-06 16:00:00,2021-07-06 18:00:00,0.09146
Netherlands,NLD,2021-07-06 17:00:00,2021-07-06 19:00:00,0.09994
Netherlands,NLD,2021-07-06 18:00:00,2021-07-06 20:00:00,0.10346999999999999
Netherlands,NLD,2021-07-06 19:00:00,2021-07-06 21:00:00,0.10396999999999999
Netherlands,NLD,2021-07-06 20:00:00,2021-07-06 22:00:00,0.10191
Netherlands,NLD,2021-07-06 21:00:00,2021-07-06 23:00:00,0.09128
Netherlands,NLD,2021-07-06 22:00:00,2021-07-07 00:00:00,0.08234
Netherlands,NLD,2021-07-06 23:00:00,2021-07-07 01:00:00,0.07506
Netherlands,NLD,2021-07-07 00:00:00,2021-07-07 02:00:00,0.07507
Netherlands,NLD,2021-07-07 01:00:00,2021-07-07 03:00:00,0.0751
Netherlands,NLD,2021-07-07 02:00:00,2021-07-07 04:00:00,0.07507
Netherlands,NLD,2021-07-07 03:00:00,2021-07-07 05:00:00,0.07973000000000001
Netherlands,NLD,2021-07-07 04:00:00,2021-07-07 06:00:00,0.09645999999999999
Netherlands,NLD,2021-07-07 05:00:00,2021-07-07 07:00:00,0.10478
Netherlands,NLD,2021-07-07 06:00:00,2021-07-07 08:00:00,0.10831
Netherlands,NLD,2021-07-07 07:00:00,2021-07-07 09:00:00,0.10493000000000001
Netherlands,NLD,2021-07-07 08:00:00,2021-07-07 10:00:00,0.09824
Netherlands,NLD,2021-07-07 09:00:00,2021-07-07 11:00:00,0.09085
Netherlands,NLD,2021-07-07 10:00:00,2021-07-07 12:00:00,0.0829
Netherlands,NLD,2021-07-07 11:00:00,2021-07-07 13:00:00,0.0829
Netherlands,NLD,2021-07-07 12:00:00,2021-07-07 14:00:00,0.08122
Netherlands,NLD,2021-07-07 13:00:00,2021-07-07 15:00:00,0.0828
Netherlands,NLD,2021-07-07 14:00:00,2021-07-07 16:00:00,0.09406
Netherlands,NLD,2021-07-07 15:00:00,2021-07-07 17:00:00,0.10029
Netherlands,NLD,2021-07-07 16:00:00,2021-07-07 18:00:00,0.11084000000000001
Netherlands,NLD,2021-07-07 17:00:00,2021-07-07 19:00:00,0.13348
Netherlands,NLD,2021-07-07 18:00:00,2021-07-07 20:00:00,0.12919999999999998
Netherlands,NLD,2021-07-07 19:00:00,2021-07-07 21:00:00,0.11839
Netherlands,NLD,2021-07-07 20:00:00,2021-07-07 22:00:00,0.11349
Netherlands,NLD,2021-07-07 21:00:00,2021-07-07 23:00:00,0.10365
Netherlands,NLD,2021-07-07 22:00:00,2021-07-08 00:00:00,0.08934
Netherlands,NLD,2021-07-07 23:00:00,2021-07-08 01:00:00,0.08308
Netherlands,NLD,2021-07-08 00:00:00,2021-07-08 02:00:00,0.08038
Netherlands,NLD,2021-07-08 01:00:00,2021-07-08 03:00:00,0.0793
Netherlands,NLD,2021-07-08 02:00:00,2021-07-08 04:00:00,0.07905
Netherlands,NLD,2021-07-08 03:00:00,2021-07-08 05:00:00,0.0823
Netherlands,NLD,2021-07-08 04:00:00,2021-07-08 06:00:00,0.10288
Netherlands,NLD,2021-07-08 05:00:00,2021-07-08 07:00:00,0.1083
Netherlands,NLD,2021-07-08 06:00:00,2021-07-08 08:00:00,0.11084000000000001
Netherlands,NLD,2021-07-08 07:00:00,2021-07-08 09:00:00,0.11219
Netherlands,NLD,2021-07-08 08:00:00,2021-07-08 10:00:00,0.10607
Netherlands,NLD,2021-07-08 09:00:00,2021-07-08 11:00:00,0.09758
Netherlands,NLD,2021-07-08 10:00:00,2021-07-08 12:00:00,0.09465000000000001
Netherlands,NLD,2021-07-08 11:00:00,2021-07-08 13:00:00,0.09251999999999999
Netherlands,NLD,2021-07-08 12:00:00,2021-07-08 14:00:00,0.08106000000000001
Netherlands,NLD,2021-07-08 13:00:00,2021-07-08 15:00:00,0.07614
Netherlands,NLD,2021-07-08 14:00:00,2021-07-08 16:00:00,0.07922
Netherlands,NLD,2021-07-08 15:00:00,2021-07-08 17:00:00,0.097
Netherlands,NLD,2021-07-08 16:00:00,2021-07-08 18:00:00,0.07923999999999999
Netherlands,NLD,2021-07-08 17:00:00,2021-07-08 19:00:00,0.11292
Netherlands,NLD,2021-07-08 18:00:00,2021-07-08 20:00:00,0.13348
Netherlands,NLD,2021-07-08 19:00:00,2021-07-08 21:00:00,0.12082
Netherlands,NLD,2021-07-08 20:00:00,2021-07-08 22:00:00,0.10986
Netherlands,NLD,2021-07-08 21:00:00,2021-07-08 23:00:00,0.09670000000000001
Netherlands,NLD,2021-07-08 22:00:00,2021-07-09 00:00:00,0.08796999999999999
Netherlands,NLD,2021-07-08 23:00:00,2021-07-09 01:00:00,0.07806999999999999
Netherlands,NLD,2021-07-09 00:00:00,2021-07-09 02:00:00,0.07684
Netherlands,NLD,2021-07-09 01:00:00,2021-07-09 03:00:00,0.07515000000000001
Netherlands,NLD,2021-07-09 02:00:00,2021-07-09 04:00:00,0.07524
Netherlands,NLD,2021-07-09 03:00:00,2021-07-09 05:00:00,0.07781
Netherlands,NLD,2021-07-09 04:00:00,2021-07-09 06:00:00,0.09287999999999999
Netherlands,NLD,2021-07-09 05:00:00,2021-07-09 07:00:00,0.10289
Netherlands,NLD,2021-07-09 06:00:00,2021-07-09 08:00:00,0.10784999999999999
Netherlands,NLD,2021-07-09 07:00:00,2021-07-09 09:00:00,0.09996
Netherlands,NLD,2021-07-09 08:00:00,2021-07-09 10:00:00,0.0724
Netherlands,NLD,2021-07-09 09:00:00,2021-07-09 11:00:00,0.07002
Netherlands,NLD,2021-07-09 10:00:00,2021-07-09 12:00:00,0.095
Netherlands,NLD,2021-07-09 11:00:00,2021-07-09 13:00:00,0.09192
Netherlands,NLD,2021-07-09 12:00:00,2021-07-09 14:00:00,0.087
Netherlands,NLD,2021-07-09 13:00:00,2021-07-09 15:00:00,0.08320999999999999
Netherlands,NLD,2021-07-09 14:00:00,2021-07-09 16:00:00,0.0825
Netherlands,NLD,2021-07-09 15:00:00,2021-07-09 17:00:00,0.08815
Netherlands,NLD,2021-07-09 16:00:00,2021-07-09 18:00:00,0.09447
Netherlands,NLD,2021-07-09 17:00:00,2021-07-09 19:00:00,0.09768
Netherlands,NLD,2021-07-09 18:00:00,2021-07-09 20:00:00,0.09825
Netherlands,NLD,2021-07-09 19:00:00,2021-07-09 21:00:00,0.09843
Netherlands,NLD,2021-07-09 20:00:00,2021-07-09 22:00:00,0.09669
Netherlands,NLD,2021-07-09 21:00:00,2021-07-09 23:00:00,0.09198
Netherlands,NLD,2021-07-09 22:00:00,2021-07-10 00:00:00,0.08473
Netherlands,NLD,2021-07-09 23:00:00,2021-07-10 01:00:00,0.08086
Netherlands,NLD,2021-07-10 00:00:00,2021-07-10 02:00:00,0.07575
Netherlands,NLD,2021-07-10 01:00:00,2021-07-10 03:00:00,0.07404000000000001
Netherlands,NLD,2021-07-10 02:00:00,2021-07-10 04:00:00,0.07287
Netherlands,NLD,2021-07-10 03:00:00,2021-07-10 05:00:00,0.07245
Netherlands,NLD,2021-07-10 04:00:00,2021-07-10 06:00:00,0.07402
Netherlands,NLD,2021-07-10 05:00:00,2021-07-10 07:00:00,0.08002
Netherlands,NLD,2021-07-10 06:00:00,2021-07-10 08:00:00,0.08041
Netherlands,NLD,2021-07-10 07:00:00,2021-07-10 09:00:00,0.07922
Netherlands,NLD,2021-07-10 08:00:00,2021-07-10 10:00:00,0.07473
Netherlands,NLD,2021-07-10 09:00:00,2021-07-10 11:00:00,0.07331
Netherlands,NLD,2021-07-10 10:00:00,2021-07-10 12:00:00,0.07421
Netherlands,NLD,2021-07-10 11:00:00,2021-07-10 13:00:00,0.07
Netherlands,NLD,2021-07-10 12:00:00,2021-07-10 14:00:00,0.07291
Netherlands,NLD,2021-07-10 13:00:00,2021-07-10 15:00:00,0.0704
Netherlands,NLD,2021-07-10 14:00:00,2021-07-10 16:00:00,0.073
Netherlands,NLD,2021-07-10 15:00:00,2021-07-10 17:00:00,0.08131000000000001
Netherlands,NLD,2021-07-10 16:00:00,2021-07-10 18:00:00,0.09315999999999999
Netherlands,NLD,2021-07-10 17:00:00,2021-07-10 19:00:00,0.09791
Netherlands,NLD,2021-07-10 18:00:00,2021-07-10 20:00:00,0.09919
Netherlands,NLD,2021-07-10 19:00:00,2021-07-10 21:00:00,0.10005
Netherlands,NLD,2021-07-10 20:00:00,2021-07-10 22:00:00,0.0985
Netherlands,NLD,2021-07-10 21:00:00,2021-07-10 23:00:00,0.095
Netherlands,NLD,2021-07-10 22:00:00,2021-07-11 00:00:00,0.0874
Netherlands,NLD,2021-07-10 23:00:00,2021-07-11 01:00:00,0.07909000000000001
Netherlands,NLD,2021-07-11 00:00:00,2021-07-11 02:00:00,0.07514
Netherlands,NLD,2021-07-11 01:00:00,2021-07-11 03:00:00,0.07013
Netherlands,NLD,2021-07-11 02:00:00,2021-07-11 04:00:00,0.06872
Netherlands,NLD,2021-07-11 03:00:00,2021-07-11 05:00:00,0.06869
Netherlands,NLD,2021-07-11 04:00:00,2021-07-11 06:00:00,0.06863
Netherlands,NLD,2021-07-11 05:00:00,2021-07-11 07:00:00,0.07002
Netherlands,NLD,2021-07-11 06:00:00,2021-07-11 08:00:00,0.07156
Netherlands,NLD,2021-07-11 07:00:00,2021-07-11 09:00:00,0.072
Netherlands,NLD,2021-07-11 08:00:00,2021-07-11 10:00:00,0.07128
Netherlands,NLD,2021-07-11 09:00:00,2021-07-11 11:00:00,0.07345
Netherlands,NLD,2021-07-11 10:00:00,2021-07-11 12:00:00,0.073
Netherlands,NLD,2021-07-11 11:00:00,2021-07-11 13:00:00,0.06809
Netherlands,NLD,2021-07-11 12:00:00,2021-07-11 14:00:00,0.064
Netherlands,NLD,2021-07-11 13:00:00,2021-07-11 15:00:00,0.06522
Netherlands,NLD,2021-07-11 14:00:00,2021-07-11 16:00:00,0.06798
Netherlands,NLD,2021-07-11 15:00:00,2021-07-11 17:00:00,0.07375
Netherlands,NLD,2021-07-11 16:00:00,2021-07-11 18:00:00,0.08084999999999999
Netherlands,NLD,2021-07-11 17:00:00,2021-07-11 19:00:00,0.09425
Netherlands,NLD,2021-07-11 18:00:00,2021-07-11 20:00:00,0.09976
Netherlands,NLD,2021-07-11 19:00:00,2021-07-11 21:00:00,0.1031
Netherlands,NLD,2021-07-11 20:00:00,2021-07-11 22:00:00,0.10363
Netherlands,NLD,2021-07-11 21:00:00,2021-07-11 23:00:00,0.09602
Netherlands,NLD,2021-07-11 22:00:00,2021-07-12 00:00:00,0.0834
Netherlands,NLD,2021-07-11 23:00:00,2021-07-12 01:00:00,0.07604000000000001
Netherlands,NLD,2021-07-12 00:00:00,2021-07-12 02:00:00,0.074
Netherlands,NLD,2021-07-12 01:00:00,2021-07-12 03:00:00,0.07292
Netherlands,NLD,2021-07-12 02:00:00,2021-07-12 04:00:00,0.07306
Netherlands,NLD,2021-07-12 03:00:00,2021-07-12 05:00:00,0.07612000000000001
Netherlands,NLD,2021-07-12 04:00:00,2021-07-12 06:00:00,0.09483
Netherlands,NLD,2021-07-12 05:00:00,2021-07-12 07:00:00,0.10584
Netherlands,NLD,2021-07-12 06:00:00,2021-07-12 08:00:00,0.10601000000000001
Netherlands,NLD,2021-07-12 07:00:00,2021-07-12 09:00:00,0.1018
Netherlands,NLD,2021-07-12 08:00:00,2021-07-12 10:00:00,0.09594
Netherlands,NLD,2021-07-12 09:00:00,2021-07-12 11:00:00,0.09498999999999999
Netherlands,NLD,2021-07-12 10:00:00,2021-07-12 12:00:00,0.09115999999999999
Netherlands,NLD,2021-07-12 11:00:00,2021-07-12 13:00:00,0.087
Netherlands,NLD,2021-07-12 12:00:00,2021-07-12 14:00:00,0.08647
Netherlands,NLD,2021-07-12 13:00:00,2021-07-12 15:00:00,0.08889
Netherlands,NLD,2021-07-12 14:00:00,2021-07-12 16:00:00,0.0917
Netherlands,NLD,2021-07-12 15:00:00,2021-07-12 17:00:00,0.09993
Netherlands,NLD,2021-07-12 16:00:00,2021-07-12 18:00:00,0.10845
Netherlands,NLD,2021-07-12 17:00:00,2021-07-12 19:00:00,0.12049
Netherlands,NLD,2021-07-12 18:00:00,2021-07-12 20:00:00,0.11241
Netherlands,NLD,2021-07-12 19:00:00,2021-07-12 21:00:00,0.1039
Netherlands,NLD,2021-07-12 20:00:00,2021-07-12 22:00:00,0.10226
Netherlands,NLD,2021-07-12 21:00:00,2021-07-12 23:00:00,0.09544
Netherlands,NLD,2021-07-12 22:00:00,2021-07-13 00:00:00,0.08861
Netherlands,NLD,2021-07-12 23:00:00,2021-07-13 01:00:00,0.0834
Netherlands,NLD,2021-07-13 00:00:00,2021-07-13 02:00:00,0.08102
Netherlands,NLD,2021-07-13 01:00:00,2021-07-13 03:00:00,0.07696
Netherlands,NLD,2021-07-13 02:00:00,2021-07-13 04:00:00,0.07695
Netherlands,NLD,2021-07-13 03:00:00,2021-07-13 05:00:00,0.08447
Netherlands,NLD,2021-07-13 04:00:00,2021-07-13 06:00:00,0.09801
Netherlands,NLD,2021-07-13 05:00:00,2021-07-13 07:00:00,0.10375
Netherlands,NLD,2021-07-13 06:00:00,2021-07-13 08:00:00,0.10987999999999999
Netherlands,NLD,2021-07-13 07:00:00,2021-07-13 09:00:00,0.106
Netherlands,NLD,2021-07-13 08:00:00,2021-07-13 10:00:00,0.10251
Netherlands,NLD,2021-07-13 09:00:00,2021-07-13 11:00:00,0.10431
Netherlands,NLD,2021-07-13 10:00:00,2021-07-13 12:00:00,0.09939
Netherlands,NLD,2021-07-13 11:00:00,2021-07-13 13:00:00,0.09795999999999999
Netherlands,NLD,2021-07-13 12:00:00,2021-07-13 14:00:00,0.09528
Netherlands,NLD,2021-07-13 13:00:00,2021-07-13 15:00:00,0.09217
Netherlands,NLD,2021-07-13 14:00:00,2021-07-13 16:00:00,0.09192
Netherlands,NLD,2021-07-13 15:00:00,2021-07-13 17:00:00,0.09834999999999999
Netherlands,NLD,2021-07-13 16:00:00,2021-07-13 18:00:00,0.1031
Netherlands,NLD,2021-07-13 17:00:00,2021-07-13 19:00:00,0.10418000000000001
Netherlands,NLD,2021-07-13 18:00:00,2021-07-13 20:00:00,0.10014
Netherlands,NLD,2021-07-13 19:00:00,2021-07-13 21:00:00,0.09852
Netherlands,NLD,2021-07-13 20:00:00,2021-07-13 22:00:00,0.09503
Netherlands,NLD,2021-07-13 21:00:00,2021-07-13 23:00:00,0.0861
Netherlands,NLD,2021-07-13 22:00:00,2021-07-14 00:00:00,0.078
Netherlands,NLD,2021-07-13 23:00:00,2021-07-14 01:00:00,0.0752
Netherlands,NLD,2021-07-14 00:00:00,2021-07-14 02:00:00,0.07286
Netherlands,NLD,2021-07-14 01:00:00,2021-07-14 03:00:00,0.07042
Netherlands,NLD,2021-07-14 02:00:00,2021-07-14 04:00:00,0.06731000000000001
Netherlands,NLD,2021-07-14 03:00:00,2021-07-14 05:00:00,0.06858
Netherlands,NLD,2021-07-14 04:00:00,2021-07-14 06:00:00,0.08170000000000001
Netherlands,NLD,2021-07-14 05:00:00,2021-07-14 07:00:00,0.09961
Netherlands,NLD,2021-07-14 06:00:00,2021-07-14 08:00:00,0.10621
Netherlands,NLD,2021-07-14 07:00:00,2021-07-14 09:00:00,0.10661
Netherlands,NLD,2021-07-14 08:00:00,2021-07-14 10:00:00,0.10025
Netherlands,NLD,2021-07-14 09:00:00,2021-07-14 11:00:00,0.09969
Netherlands,NLD,2021-07-14 10:00:00,2021-07-14 12:00:00,0.09541
Netherlands,NLD,2021-07-14 11:00:00,2021-07-14 13:00:00,0.08855
Netherlands,NLD,2021-07-14 12:00:00,2021-07-14 14:00:00,0.07873000000000001
Netherlands,NLD,2021-07-14 13:00:00,2021-07-14 15:00:00,0.07381
Netherlands,NLD,2021-07-14 14:00:00,2021-07-14 16:00:00,0.06989
Netherlands,NLD,2021-07-14 15:00:00,2021-07-14 17:00:00,0.08187
Netherlands,NLD,2021-07-14 16:00:00,2021-07-14 18:00:00,0.08975
Netherlands,NLD,2021-07-14 17:00:00,2021-07-14 19:00:00,0.09112
Netherlands,NLD,2021-07-14 18:00:00,2021-07-14 20:00:00,0.09345999999999999
Netherlands,NLD,2021-07-14 19:00:00,2021-07-14 21:00:00,0.08811
Netherlands,NLD,2021-07-14 20:00:00,2021-07-14 22:00:00,0.0855
Netherlands,NLD,2021-07-14 21:00:00,2021-07-14 23:00:00,0.07568000000000001
Netherlands,NLD,2021-07-14 22:00:00,2021-07-15 00:00:00,0.07795
Netherlands,NLD,2021-07-14 23:00:00,2021-07-15 01:00:00,0.0722
Netherlands,NLD,2021-07-15 00:00:00,2021-07-15 02:00:00,0.07052
Netherlands,NLD,2021-07-15 01:00:00,2021-07-15 03:00:00,0.06153
Netherlands,NLD,2021-07-15 02:00:00,2021-07-15 04:00:00,0.06292
Netherlands,NLD,2021-07-15 03:00:00,2021-07-15 05:00:00,0.07238
Netherlands,NLD,2021-07-15 04:00:00,2021-07-15 06:00:00,0.08659
Netherlands,NLD,2021-07-15 05:00:00,2021-07-15 07:00:00,0.0865
Netherlands,NLD,2021-07-15 06:00:00,2021-07-15 08:00:00,0.10312
Netherlands,NLD,2021-07-15 07:00:00,2021-07-15 09:00:00,0.10095
Netherlands,NLD,2021-07-15 08:00:00,2021-07-15 10:00:00,0.09967000000000001
Netherlands,NLD,2021-07-15 09:00:00,2021-07-15 11:00:00,0.0996
Netherlands,NLD,2021-07-15 10:00:00,2021-07-15 12:00:00,0.091
Netherlands,NLD,2021-07-15 11:00:00,2021-07-15 13:00:00,0.09086
Netherlands,NLD,2021-07-15 12:00:00,2021-07-15 14:00:00,0.085
Netherlands,NLD,2021-07-15 13:00:00,2021-07-15 15:00:00,0.07998000000000001
Netherlands,NLD,2021-07-15 14:00:00,2021-07-15 16:00:00,0.07812000000000001
Netherlands,NLD,2021-07-15 15:00:00,2021-07-15 17:00:00,0.09061
Netherlands,NLD,2021-07-15 16:00:00,2021-07-15 18:00:00,0.09464
Netherlands,NLD,2021-07-15 17:00:00,2021-07-15 19:00:00,0.09670000000000001
Netherlands,NLD,2021-07-15 18:00:00,2021-07-15 20:00:00,0.0963
Netherlands,NLD,2021-07-15 19:00:00,2021-07-15 21:00:00,0.09190999999999999
Netherlands,NLD,2021-07-15 20:00:00,2021-07-15 22:00:00,0.09086
Netherlands,NLD,2021-07-15 21:00:00,2021-07-15 23:00:00,0.08517
Netherlands,NLD,2021-07-15 22:00:00,2021-07-16 00:00:00,0.07914
Netherlands,NLD,2021-07-15 23:00:00,2021-07-16 01:00:00,0.07490999999999999
Netherlands,NLD,2021-07-16 00:00:00,2021-07-16 02:00:00,0.07296
Netherlands,NLD,2021-07-16 01:00:00,2021-07-16 03:00:00,0.07092
Netherlands,NLD,2021-07-16 02:00:00,2021-07-16 04:00:00,0.07083
Netherlands,NLD,2021-07-16 03:00:00,2021-07-16 05:00:00,0.07672
Netherlands,NLD,2021-07-16 04:00:00,2021-07-16 06:00:00,0.09342
Netherlands,NLD,2021-07-16 05:00:00,2021-07-16 07:00:00,0.10131
Netherlands,NLD,2021-07-16 06:00:00,2021-07-16 08:00:00,0.10157
Netherlands,NLD,2021-07-16 07:00:00,2021-07-16 09:00:00,0.09791
Netherlands,NLD,2021-07-16 08:00:00,2021-07-16 10:00:00,0.09337000000000001
Netherlands,NLD,2021-07-16 09:00:00,2021-07-16 11:00:00,0.09042
Netherlands,NLD,2021-07-16 10:00:00,2021-07-16 12:00:00,0.08906
Netherlands,NLD,2021-07-16 11:00:00,2021-07-16 13:00:00,0.07801000000000001
Netherlands,NLD,2021-07-16 12:00:00,2021-07-16 14:00:00,0.07415000000000001
Netherlands,NLD,2021-07-16 13:00:00,2021-07-16 15:00:00,0.06876
Netherlands,NLD,2021-07-16 14:00:00,2021-07-16 16:00:00,0.06992
Netherlands,NLD,2021-07-16 15:00:00,2021-07-16 17:00:00,0.07791
Netherlands,NLD,2021-07-16 16:00:00,2021-07-16 18:00:00,0.09
Netherlands,NLD,2021-07-16 17:00:00,2021-07-16 19:00:00,0.09659000000000001
Netherlands,NLD,2021-07-16 18:00:00,2021-07-16 20:00:00,0.09684999999999999
Netherlands,NLD,2021-07-16 19:00:00,2021-07-16 21:00:00,0.09490000000000001
Netherlands,NLD,2021-07-16 20:00:00,2021-07-16 22:00:00,0.09117
Netherlands,NLD,2021-07-16 21:00:00,2021-07-16 23:00:00,0.08117
Netherlands,NLD,2021-07-16 22:00:00,2021-07-17 00:00:00,0.07287
Netherlands,NLD,2021-07-16 23:00:00,2021-07-17 01:00:00,0.07001
Netherlands,NLD,2021-07-17 00:00:00,2021-07-17 02:00:00,0.06602
Netherlands,NLD,2021-07-17 01:00:00,2021-07-17 03:00:00,0.06038
Netherlands,NLD,2021-07-17 02:00:00,2021-07-17 04:00:00,0.05754
Netherlands,NLD,2021-07-17 03:00:00,2021-07-17 05:00:00,0.05692
Netherlands,NLD,2021-07-17 04:00:00,2021-07-17 06:00:00,0.062270000000000006
Netherlands,NLD,2021-07-17 05:00:00,2021-07-17 07:00:00,0.07008
Netherlands,NLD,2021-07-17 06:00:00,2021-07-17 08:00:00,0.07556
Netherlands,NLD,2021-07-17 07:00:00,2021-07-17 09:00:00,0.07384
Netherlands,NLD,2021-07-17 08:00:00,2021-07-17 10:00:00,0.0701
Netherlands,NLD,2021-07-17 09:00:00,2021-07-17 11:00:00,0.06658
Netherlands,NLD,2021-07-17 10:00:00,2021-07-17 12:00:00,0.05237
Netherlands,NLD,2021-07-17 11:00:00,2021-07-17 13:00:00,0.04808
Netherlands,NLD,2021-07-17 12:00:00,2021-07-17 14:00:00,0.03008
Netherlands,NLD,2021-07-17 13:00:00,2021-07-17 15:00:00,0.00871
Netherlands,NLD,2021-07-17 14:00:00,2021-07-17 16:00:00,0.02901
Netherlands,NLD,2021-07-17 15:00:00,2021-07-17 17:00:00,0.05107
Netherlands,NLD,2021-07-17 16:00:00,2021-07-17 18:00:00,0.06803000000000001
Netherlands,NLD,2021-07-17 17:00:00,2021-07-17 19:00:00,0.07756
Netherlands,NLD,2021-07-17 18:00:00,2021-07-17 20:00:00,0.085
Netherlands,NLD,2021-07-17 19:00:00,2021-07-17 21:00:00,0.09676
Netherlands,NLD,2021-07-17 20:00:00,2021-07-17 22:00:00,0.10990000000000001
Netherlands,NLD,2021-07-17 21:00:00,2021-07-17 23:00:00,0.12184
Netherlands,NLD,2021-07-17 22:00:00,2021-07-18 00:00:00,0.07490000000000001
Netherlands,NLD,2021-07-17 23:00:00,2021-07-18 01:00:00,0.05575
Netherlands,NLD,2021-07-18 00:00:00,2021-07-18 02:00:00,0.05086
Netherlands,NLD,2021-07-18 01:00:00,2021-07-18 03:00:00,0.05022
Netherlands,NLD,2021-07-18 02:00:00,2021-07-18 04:00:00,0.04554
Netherlands,NLD,2021-07-18 03:00:00,2021-07-18 05:00:00,0.046380000000000005
Netherlands,NLD,2021-07-18 04:00:00,2021-07-18 06:00:00,0.05088
Netherlands,NLD,2021-07-18 05:00:00,2021-07-18 07:00:00,0.053219999999999996
Netherlands,NLD,2021-07-18 06:00:00,2021-07-18 08:00:00,0.05482
Netherlands,NLD,2021-07-18 07:00:00,2021-07-18 09:00:00,0.04657
Netherlands,NLD,2021-07-18 08:00:00,2021-07-18 10:00:00,0.03533
Netherlands,NLD,2021-07-18 09:00:00,2021-07-18 11:00:00,0.02578
Netherlands,NLD,2021-07-18 10:00:00,2021-07-18 12:00:00,0.019559999999999998
Netherlands,NLD,2021-07-18 11:00:00,2021-07-18 13:00:00,0.0001
Netherlands,NLD,2021-07-18 12:00:00,2021-07-18 14:00:00,-0.0010400000000000001
Netherlands,NLD,2021-07-18 13:00:00,2021-07-18 15:00:00,-0.005
Netherlands,NLD,2021-07-18 14:00:00,2021-07-18 16:00:00,1e-05
Netherlands,NLD,2021-07-18 15:00:00,2021-07-18 17:00:00,0.0225
Netherlands,NLD,2021-07-18 16:00:00,2021-07-18 18:00:00,0.05802
Netherlands,NLD,2021-07-18 17:00:00,2021-07-18 19:00:00,0.07462
Netherlands,NLD,2021-07-18 18:00:00,2021-07-18 20:00:00,0.1001
Netherlands,NLD,2021-07-18 19:00:00,2021-07-18 21:00:00,0.10521
Netherlands,NLD,2021-07-18 20:00:00,2021-07-18 22:00:00,0.09419
Netherlands,NLD,2021-07-18 21:00:00,2021-07-18 23:00:00,0.09112999999999999
Netherlands,NLD,2021-07-18 22:00:00,2021-07-19 00:00:00,0.1259
Netherlands,NLD,2021-07-18 23:00:00,2021-07-19 01:00:00,0.07590000000000001
Netherlands,NLD,2021-07-19 00:00:00,2021-07-19 02:00:00,0.07590000000000001
Netherlands,NLD,2021-07-19 01:00:00,2021-07-19 03:00:00,0.07590000000000001
Netherlands,NLD,2021-07-19 02:00:00,2021-07-19 04:00:00,0.067
Netherlands,NLD,2021-07-19 03:00:00,2021-07-19 05:00:00,0.07348
Netherlands,NLD,2021-07-19 04:00:00,2021-07-19 06:00:00,0.09498999999999999
Netherlands,NLD,2021-07-19 05:00:00,2021-07-19 07:00:00,0.09994
Netherlands,NLD,2021-07-19 06:00:00,2021-07-19 08:00:00,0.10504999999999999
Netherlands,NLD,2021-07-19 07:00:00,2021-07-19 09:00:00,0.09899
Netherlands,NLD,2021-07-19 08:00:00,2021-07-19 10:00:00,0.095
Netherlands,NLD,2021-07-19 09:00:00,2021-07-19 11:00:00,0.09309999999999999
Netherlands,NLD,2021-07-19 10:00:00,2021-07-19 12:00:00,0.08936
Netherlands,NLD,2021-07-19 11:00:00,2021-07-19 13:00:00,0.07740000000000001
Netherlands,NLD,2021-07-19 12:00:00,2021-07-19 14:00:00,0.07529999999999999
Netherlands,NLD,2021-07-19 13:00:00,2021-07-19 15:00:00,0.0773
Netherlands,NLD,2021-07-19 14:00:00,2021-07-19 16:00:00,0.08511
Netherlands,NLD,2021-07-19 15:00:00,2021-07-19 17:00:00,0.0937
Netherlands,NLD,2021-07-19 16:00:00,2021-07-19 18:00:00,0.1
Netherlands,NLD,2021-07-19 17:00:00,2021-07-19 19:00:00,0.10983
Netherlands,NLD,2021-07-19 18:00:00,2021-07-19 20:00:00,0.11377
Netherlands,NLD,2021-07-19 19:00:00,2021-07-19 21:00:00,0.10987000000000001
Netherlands,NLD,2021-07-19 20:00:00,2021-07-19 22:00:00,0.10386
Netherlands,NLD,2021-07-19 21:00:00,2021-07-19 23:00:00,0.09778
Netherlands,NLD,2021-07-19 22:00:00,2021-07-20 00:00:00,0.0857
Netherlands,NLD,2021-07-19 23:00:00,2021-07-20 01:00:00,0.08131000000000001
Netherlands,NLD,2021-07-20 00:00:00,2021-07-20 02:00:00,0.07970000000000001
Netherlands,NLD,2021-07-20 01:00:00,2021-07-20 03:00:00,0.07737999999999999
Netherlands,NLD,2021-07-20 02:00:00,2021-07-20 04:00:00,0.07793000000000001
Netherlands,NLD,2021-07-20 03:00:00,2021-07-20 05:00:00,0.0809
Netherlands,NLD,2021-07-20 04:00:00,2021-07-20 06:00:00,0.09858
Netherlands,NLD,2021-07-20 05:00:00,2021-07-20 07:00:00,0.11443
Netherlands,NLD,2021-07-20 06:00:00,2021-07-20 08:00:00,0.11136
Netherlands,NLD,2021-07-20 07:00:00,2021-07-20 09:00:00,0.10211
Netherlands,NLD,2021-07-20 08:00:00,2021-07-20 10:00:00,0.09301000000000001
Netherlands,NLD,2021-07-20 09:00:00,2021-07-20 11:00:00,0.08892
Netherlands,NLD,2021-07-20 10:00:00,2021-07-20 12:00:00,0.085
Netherlands,NLD,2021-07-20 11:00:00,2021-07-20 13:00:00,0.0783
Netherlands,NLD,2021-07-20 12:00:00,2021-07-20 14:00:00,0.07587
Netherlands,NLD,2021-07-20 13:00:00,2021-07-20 15:00:00,0.07845
Netherlands,NLD,2021-07-20 14:00:00,2021-07-20 16:00:00,0.0803
Netherlands,NLD,2021-07-20 15:00:00,2021-07-20 17:00:00,0.08652
Netherlands,NLD,2021-07-20 16:00:00,2021-07-20 18:00:00,0.09834
Netherlands,NLD,2021-07-20 17:00:00,2021-07-20 19:00:00,0.106
Netherlands,NLD,2021-07-20 18:00:00,2021-07-20 20:00:00,0.11222
Netherlands,NLD,2021-07-20 19:00:00,2021-07-20 21:00:00,0.10997
Netherlands,NLD,2021-07-20 20:00:00,2021-07-20 22:00:00,0.106
Netherlands,NLD,2021-07-20 21:00:00,2021-07-20 23:00:00,0.091
Netherlands,NLD,2021-07-20 22:00:00,2021-07-21 00:00:00,0.08201
Netherlands,NLD,2021-07-20 23:00:00,2021-07-21 01:00:00,0.07818000000000001
Netherlands,NLD,2021-07-21 00:00:00,2021-07-21 02:00:00,0.07615000000000001
Netherlands,NLD,2021-07-21 01:00:00,2021-07-21 03:00:00,0.0765
Netherlands,NLD,2021-07-21 02:00:00,2021-07-21 04:00:00,0.07629999999999999
Netherlands,NLD,2021-07-21 03:00:00,2021-07-21 05:00:00,0.08
Netherlands,NLD,2021-07-21 04:00:00,2021-07-21 06:00:00,0.09326000000000001
Netherlands,NLD,2021-07-21 05:00:00,2021-07-21 07:00:00,0.10656
Netherlands,NLD,2021-07-21 06:00:00,2021-07-21 08:00:00,0.10845
Netherlands,NLD,2021-07-21 07:00:00,2021-07-21 09:00:00,0.09591
Netherlands,NLD,2021-07-21 08:00:00,2021-07-21 10:00:00,0.08707
Netherlands,NLD,2021-07-21 09:00:00,2021-07-21 11:00:00,0.07540999999999999
Netherlands,NLD,2021-07-21 10:00:00,2021-07-21 12:00:00,0.0745
Netherlands,NLD,2021-07-21 11:00:00,2021-07-21 13:00:00,0.07305
Netherlands,NLD,2021-07-21 12:00:00,2021-07-21 14:00:00,0.07314
Netherlands,NLD,2021-07-21 13:00:00,2021-07-21 15:00:00,0.07544
Netherlands,NLD,2021-07-21 14:00:00,2021-07-21 16:00:00,0.0808
Netherlands,NLD,2021-07-21 15:00:00,2021-07-21 17:00:00,0.09073
Netherlands,NLD,2021-07-21 16:00:00,2021-07-21 18:00:00,0.10178
Netherlands,NLD,2021-07-21 17:00:00,2021-07-21 19:00:00,0.11256999999999999
Netherlands,NLD,2021-07-21 18:00:00,2021-07-21 20:00:00,0.11131
Netherlands,NLD,2021-07-21 19:00:00,2021-07-21 21:00:00,0.11
Netherlands,NLD,2021-07-21 20:00:00,2021-07-21 22:00:00,0.10459
Netherlands,NLD,2021-07-21 21:00:00,2021-07-21 23:00:00,0.0955
Netherlands,NLD,2021-07-21 22:00:00,2021-07-22 00:00:00,0.08301
Netherlands,NLD,2021-07-21 23:00:00,2021-07-22 01:00:00,0.07736
Netherlands,NLD,2021-07-22 00:00:00,2021-07-22 02:00:00,0.07598999999999999
Netherlands,NLD,2021-07-22 01:00:00,2021-07-22 03:00:00,0.07501000000000001
Netherlands,NLD,2021-07-22 02:00:00,2021-07-22 04:00:00,0.07412
Netherlands,NLD,2021-07-22 03:00:00,2021-07-22 05:00:00,0.07809999999999999
Netherlands,NLD,2021-07-22 04:00:00,2021-07-22 06:00:00,0.09506
Netherlands,NLD,2021-07-22 05:00:00,2021-07-22 07:00:00,0.10377
Netherlands,NLD,2021-07-22 06:00:00,2021-07-22 08:00:00,0.10525
Netherlands,NLD,2021-07-22 07:00:00,2021-07-22 09:00:00,0.09692
Netherlands,NLD,2021-07-22 08:00:00,2021-07-22 10:00:00,0.08807999999999999
Netherlands,NLD,2021-07-22 09:00:00,2021-07-22 11:00:00,0.08537
Netherlands,NLD,2021-07-22 10:00:00,2021-07-22 12:00:00,0.08131999999999999
Netherlands,NLD,2021-07-22 11:00:00,2021-07-22 13:00:00,0.07859000000000001
Netherlands,NLD,2021-07-22 12:00:00,2021-07-22 14:00:00,0.07478
Netherlands,NLD,2021-07-22 13:00:00,2021-07-22 15:00:00,0.074
Netherlands,NLD,2021-07-22 14:00:00,2021-07-22 16:00:00,0.07992
Netherlands,NLD,2021-07-22 15:00:00,2021-07-22 17:00:00,0.08798
Netherlands,NLD,2021-07-22 16:00:00,2021-07-22 18:00:00,0.09595999999999999
Netherlands,NLD,2021-07-22 17:00:00,2021-07-22 19:00:00,0.102
Netherlands,NLD,2021-07-22 18:00:00,2021-07-22 20:00:00,0.105
Netherlands,NLD,2021-07-22 19:00:00,2021-07-22 21:00:00,0.10203
Netherlands,NLD,2021-07-22 20:00:00,2021-07-22 22:00:00,0.09706000000000001
Netherlands,NLD,2021-07-22 21:00:00,2021-07-22 23:00:00,0.08394
Netherlands,NLD,2021-07-22 22:00:00,2021-07-23 00:00:00,0.08603
Netherlands,NLD,2021-07-22 23:00:00,2021-07-23 01:00:00,0.08009999999999999
Netherlands,NLD,2021-07-23 00:00:00,2021-07-23 02:00:00,0.07648999999999999
Netherlands,NLD,2021-07-23 01:00:00,2021-07-23 03:00:00,0.0751
Netherlands,NLD,2021-07-23 02:00:00,2021-07-23 04:00:00,0.07637999999999999
Netherlands,NLD,2021-07-23 03:00:00,2021-07-23 05:00:00,0.08220999999999999
Netherlands,NLD,2021-07-23 04:00:00,2021-07-23 06:00:00,0.09379000000000001
Netherlands,NLD,2021-07-23 05:00:00,2021-07-23 07:00:00,0.10563
Netherlands,NLD,2021-07-23 06:00:00,2021-07-23 08:00:00,0.10690999999999999
Netherlands,NLD,2021-07-23 07:00:00,2021-07-23 09:00:00,0.09806000000000001
Netherlands,NLD,2021-07-23 08:00:00,2021-07-23 10:00:00,0.09301000000000001
Netherlands,NLD,2021-07-23 09:00:00,2021-07-23 11:00:00,0.08995
Netherlands,NLD,2021-07-23 10:00:00,2021-07-23 12:00:00,0.08809
Netherlands,NLD,2021-07-23 11:00:00,2021-07-23 13:00:00,0.07919
Netherlands,NLD,2021-07-23 12:00:00,2021-07-23 14:00:00,0.07366
Netherlands,NLD,2021-07-23 13:00:00,2021-07-23 15:00:00,0.07501000000000001
Netherlands,NLD,2021-07-23 14:00:00,2021-07-23 16:00:00,0.07579999999999999
Netherlands,NLD,2021-07-23 15:00:00,2021-07-23 17:00:00,0.08545
Netherlands,NLD,2021-07-23 16:00:00,2021-07-23 18:00:00,0.09351000000000001
Netherlands,NLD,2021-07-23 17:00:00,2021-07-23 19:00:00,0.10337
Netherlands,NLD,2021-07-23 18:00:00,2021-07-23 20:00:00,0.10593999999999999
Netherlands,NLD,2021-07-23 19:00:00,2021-07-23 21:00:00,0.09972
Netherlands,NLD,2021-07-23 20:00:00,2021-07-23 22:00:00,0.09515000000000001
Netherlands,NLD,2021-07-23 21:00:00,2021-07-23 23:00:00,0.08992
Netherlands,NLD,2021-07-23 22:00:00,2021-07-24 00:00:00,0.085
Netherlands,NLD,2021-07-23 23:00:00,2021-07-24 01:00:00,0.08042
Netherlands,NLD,2021-07-24 00:00:00,2021-07-24 02:00:00,0.07629999999999999
Netherlands,NLD,2021-07-24 01:00:00,2021-07-24 03:00:00,0.0713
Netherlands,NLD,2021-07-24 02:00:00,2021-07-24 04:00:00,0.0701
Netherlands,NLD,2021-07-24 03:00:00,2021-07-24 05:00:00,0.06929
Netherlands,NLD,2021-07-24 04:00:00,2021-07-24 06:00:00,0.0713
Netherlands,NLD,2021-07-24 05:00:00,2021-07-24 07:00:00,0.07586
Netherlands,NLD,2021-07-24 06:00:00,2021-07-24 08:00:00,0.0783
Netherlands,NLD,2021-07-24 07:00:00,2021-07-24 09:00:00,0.07881
Netherlands,NLD,2021-07-24 08:00:00,2021-07-24 10:00:00,0.07553
Netherlands,NLD,2021-07-24 09:00:00,2021-07-24 11:00:00,0.07203
Netherlands,NLD,2021-07-24 10:00:00,2021-07-24 12:00:00,0.0703
Netherlands,NLD,2021-07-24 11:00:00,2021-07-24 13:00:00,0.06404
Netherlands,NLD,2021-07-24 12:00:00,2021-07-24 14:00:00,0.0631
Netherlands,NLD,2021-07-24 13:00:00,2021-07-24 15:00:00,0.06501
Netherlands,NLD,2021-07-24 14:00:00,2021-07-24 16:00:00,0.06891
Netherlands,NLD,2021-07-24 15:00:00,2021-07-24 17:00:00,0.07772
Netherlands,NLD,2021-07-24 16:00:00,2021-07-24 18:00:00,0.08506999999999999
Netherlands,NLD,2021-07-24 17:00:00,2021-07-24 19:00:00,0.09021
Netherlands,NLD,2021-07-24 18:00:00,2021-07-24 20:00:00,0.09004000000000001
Netherlands,NLD,2021-07-24 19:00:00,2021-07-24 21:00:00,0.087
Netherlands,NLD,2021-07-24 20:00:00,2021-07-24 22:00:00,0.11170999999999999
Netherlands,NLD,2021-07-24 21:00:00,2021-07-24 23:00:00,0.13
Netherlands,NLD,2021-07-24 22:00:00,2021-07-25 00:00:00,0.0831
Netherlands,NLD,2021-07-24 23:00:00,2021-07-25 01:00:00,0.07970000000000001
Netherlands,NLD,2021-07-25 00:00:00,2021-07-25 02:00:00,0.05664
Netherlands,NLD,2021-07-25 01:00:00,2021-07-25 03:00:00,0.04906
Netherlands,NLD,2021-07-25 02:00:00,2021-07-25 04:00:00,0.04909
Netherlands,NLD,2021-07-25 03:00:00,2021-07-25 05:00:00,0.049100000000000005
Netherlands,NLD,2021-07-25 04:00:00,2021-07-25 06:00:00,0.04908
Netherlands,NLD,2021-07-25 05:00:00,2021-07-25 07:00:00,0.04915
Netherlands,NLD,2021-07-25 06:00:00,2021-07-25 08:00:00,0.053579999999999996
Netherlands,NLD,2021-07-25 07:00:00,2021-07-25 09:00:00,0.05241
Netherlands,NLD,2021-07-25 08:00:00,2021-07-25 10:00:00,0.049229999999999996
Netherlands,NLD,2021-07-25 09:00:00,2021-07-25 11:00:00,0.0503
Netherlands,NLD,2021-07-25 10:00:00,2021-07-25 12:00:00,0.0499
Netherlands,NLD,2021-07-25 11:00:00,2021-07-25 13:00:00,0.04856
Netherlands,NLD,2021-07-25 12:00:00,2021-07-25 14:00:00,0.046740000000000004
Netherlands,NLD,2021-07-25 13:00:00,2021-07-25 15:00:00,0.05171
Netherlands,NLD,2021-07-25 14:00:00,2021-07-25 16:00:00,0.05971
Netherlands,NLD,2021-07-25 15:00:00,2021-07-25 17:00:00,0.0686
Netherlands,NLD,2021-07-25 16:00:00,2021-07-25 18:00:00,0.0804
Netherlands,NLD,2021-07-25 17:00:00,2021-07-25 19:00:00,0.08777
Netherlands,NLD,2021-07-25 18:00:00,2021-07-25 20:00:00,0.09146
Netherlands,NLD,2021-07-25 19:00:00,2021-07-25 21:00:00,0.09185
Netherlands,NLD,2021-07-25 20:00:00,2021-07-25 22:00:00,0.09186
Netherlands,NLD,2021-07-25 21:00:00,2021-07-25 23:00:00,0.08593
Netherlands,NLD,2021-07-25 22:00:00,2021-07-26 00:00:00,0.10990000000000001
Netherlands,NLD,2021-07-25 23:00:00,2021-07-26 01:00:00,0.07959999999999999
Netherlands,NLD,2021-07-26 00:00:00,2021-07-26 02:00:00,0.076
Netherlands,NLD,2021-07-26 01:00:00,2021-07-26 03:00:00,0.076
Netherlands,NLD,2021-07-26 02:00:00,2021-07-26 04:00:00,0.0782
Netherlands,NLD,2021-07-26 03:00:00,2021-07-26 05:00:00,0.0783
Netherlands,NLD,2021-07-26 04:00:00,2021-07-26 06:00:00,0.0916
Netherlands,NLD,2021-07-26 05:00:00,2021-07-26 07:00:00,0.10065
Netherlands,NLD,2021-07-26 06:00:00,2021-07-26 08:00:00,0.102
Netherlands,NLD,2021-07-26 07:00:00,2021-07-26 09:00:00,0.09906000000000001
Netherlands,NLD,2021-07-26 08:00:00,2021-07-26 10:00:00,0.09168000000000001
Netherlands,NLD,2021-07-26 09:00:00,2021-07-26 11:00:00,0.08998
Netherlands,NLD,2021-07-26 10:00:00,2021-07-26 12:00:00,0.08683
Netherlands,NLD,2021-07-26 11:00:00,2021-07-26 13:00:00,0.0824
Netherlands,NLD,2021-07-26 12:00:00,2021-07-26 14:00:00,0.08199
Netherlands,NLD,2021-07-26 13:00:00,2021-07-26 15:00:00,0.08343
Netherlands,NLD,2021-07-26 14:00:00,2021-07-26 16:00:00,0.08341
Netherlands,NLD,2021-07-26 15:00:00,2021-07-26 17:00:00,0.09173
Netherlands,NLD,2021-07-26 16:00:00,2021-07-26 18:00:00,0.10341
Netherlands,NLD,2021-07-26 17:00:00,2021-07-26 19:00:00,0.10883
Netherlands,NLD,2021-07-26 18:00:00,2021-07-26 20:00:00,0.10895999999999999
Netherlands,NLD,2021-07-26 19:00:00,2021-07-26 21:00:00,0.10482
Netherlands,NLD,2021-07-26 20:00:00,2021-07-26 22:00:00,0.095
Netherlands,NLD,2021-07-26 21:00:00,2021-07-26 23:00:00,0.08394
Netherlands,NLD,2021-07-26 22:00:00,2021-07-27 00:00:00,0.08008
Netherlands,NLD,2021-07-26 23:00:00,2021-07-27 01:00:00,0.07529999999999999
Netherlands,NLD,2021-07-27 00:00:00,2021-07-27 02:00:00,0.07255
Netherlands,NLD,2021-07-27 01:00:00,2021-07-27 03:00:00,0.07257999999999999
Netherlands,NLD,2021-07-27 02:00:00,2021-07-27 04:00:00,0.07102
Netherlands,NLD,2021-07-27 03:00:00,2021-07-27 05:00:00,0.07556
Netherlands,NLD,2021-07-27 04:00:00,2021-07-27 06:00:00,0.09115000000000001
Netherlands,NLD,2021-07-27 05:00:00,2021-07-27 07:00:00,0.09989
Netherlands,NLD,2021-07-27 06:00:00,2021-07-27 08:00:00,0.10098
Netherlands,NLD,2021-07-27 07:00:00,2021-07-27 09:00:00,0.08927
Netherlands,NLD,2021-07-27 08:00:00,2021-07-27 10:00:00,0.08408
Netherlands,NLD,2021-07-27 09:00:00,2021-07-27 11:00:00,0.08367000000000001
Netherlands,NLD,2021-07-27 10:00:00,2021-07-27 12:00:00,0.083
Netherlands,NLD,2021-07-27 11:00:00,2021-07-27 13:00:00,0.07943
Netherlands,NLD,2021-07-27 12:00:00,2021-07-27 14:00:00,0.078
Netherlands,NLD,2021-07-27 13:00:00,2021-07-27 15:00:00,0.0798
Netherlands,NLD,2021-07-27 14:00:00,2021-07-27 16:00:00,0.08286
Netherlands,NLD,2021-07-27 15:00:00,2021-07-27 17:00:00,0.09232
Netherlands,NLD,2021-07-27 16:00:00,2021-07-27 18:00:00,0.10098
Netherlands,NLD,2021-07-27 17:00:00,2021-07-27 19:00:00,0.11095000000000001
Netherlands,NLD,2021-07-27 18:00:00,2021-07-27 20:00:00,0.10714
Netherlands,NLD,2021-07-27 19:00:00,2021-07-27 21:00:00,0.10411
Netherlands,NLD,2021-07-27 20:00:00,2021-07-27 22:00:00,0.09398999999999999
Netherlands,NLD,2021-07-27 21:00:00,2021-07-27 23:00:00,0.08142
Netherlands,NLD,2021-07-27 22:00:00,2021-07-28 00:00:00,0.08259
Netherlands,NLD,2021-07-27 23:00:00,2021-07-28 01:00:00,0.07540999999999999
Netherlands,NLD,2021-07-28 00:00:00,2021-07-28 02:00:00,0.07096
Netherlands,NLD,2021-07-28 01:00:00,2021-07-28 03:00:00,0.07268000000000001
Netherlands,NLD,2021-07-28 02:00:00,2021-07-28 04:00:00,0.07051
Netherlands,NLD,2021-07-28 03:00:00,2021-07-28 05:00:00,0.07489
Netherlands,NLD,2021-07-28 04:00:00,2021-07-28 06:00:00,0.09512000000000001
Netherlands,NLD,2021-07-28 05:00:00,2021-07-28 07:00:00,0.11052
Netherlands,NLD,2021-07-28 06:00:00,2021-07-28 08:00:00,0.11181
Netherlands,NLD,2021-07-28 07:00:00,2021-07-28 09:00:00,0.09495
Netherlands,NLD,2021-07-28 08:00:00,2021-07-28 10:00:00,0.08508
Netherlands,NLD,2021-07-28 09:00:00,2021-07-28 11:00:00,0.07976000000000001
Netherlands,NLD,2021-07-28 10:00:00,2021-07-28 12:00:00,0.06769
Netherlands,NLD,2021-07-28 11:00:00,2021-07-28 13:00:00,0.06079
Netherlands,NLD,2021-07-28 12:00:00,2021-07-28 14:00:00,0.0591
Netherlands,NLD,2021-07-28 13:00:00,2021-07-28 15:00:00,0.05822
Netherlands,NLD,2021-07-28 14:00:00,2021-07-28 16:00:00,0.0605
Netherlands,NLD,2021-07-28 15:00:00,2021-07-28 17:00:00,0.07296
Netherlands,NLD,2021-07-28 16:00:00,2021-07-28 18:00:00,0.08129
Netherlands,NLD,2021-07-28 17:00:00,2021-07-28 19:00:00,0.09090000000000001
Netherlands,NLD,2021-07-28 18:00:00,2021-07-28 20:00:00,0.09511
Netherlands,NLD,2021-07-28 19:00:00,2021-07-28 21:00:00,0.08826
Netherlands,NLD,2021-07-28 20:00:00,2021-07-28 22:00:00,0.08302
Netherlands,NLD,2021-07-28 21:00:00,2021-07-28 23:00:00,0.07149
Netherlands,NLD,2021-07-28 22:00:00,2021-07-29 00:00:00,0.05558
Netherlands,NLD,2021-07-28 23:00:00,2021-07-29 01:00:00,0.05007
Netherlands,NLD,2021-07-29 00:00:00,2021-07-29 02:00:00,0.044789999999999996
Netherlands,NLD,2021-07-29 01:00:00,2021-07-29 03:00:00,0.03986
Netherlands,NLD,2021-07-29 02:00:00,2021-07-29 04:00:00,0.04032
Netherlands,NLD,2021-07-29 03:00:00,2021-07-29 05:00:00,0.04925
Netherlands,NLD,2021-07-29 04:00:00,2021-07-29 06:00:00,0.056530000000000004
Netherlands,NLD,2021-07-29 05:00:00,2021-07-29 07:00:00,0.0687
Netherlands,NLD,2021-07-29 06:00:00,2021-07-29 08:00:00,0.06564
Netherlands,NLD,2021-07-29 07:00:00,2021-07-29 09:00:00,0.04859
Netherlands,NLD,2021-07-29 08:00:00,2021-07-29 10:00:00,0.00983
Netherlands,NLD,2021-07-29 09:00:00,2021-07-29 11:00:00,7.000000000000001e-05
Netherlands,NLD,2021-07-29 10:00:00,2021-07-29 12:00:00,0.0
Netherlands,NLD,2021-07-29 11:00:00,2021-07-29 13:00:00,-0.00495
Netherlands,NLD,2021-07-29 12:00:00,2021-07-29 14:00:00,-0.00886
Netherlands,NLD,2021-07-29 13:00:00,2021-07-29 15:00:00,-0.00109
Netherlands,NLD,2021-07-29 14:00:00,2021-07-29 16:00:00,8.999999999999999e-05
Netherlands,NLD,2021-07-29 15:00:00,2021-07-29 17:00:00,0.04469
Netherlands,NLD,2021-07-29 16:00:00,2021-07-29 18:00:00,0.07498
Netherlands,NLD,2021-07-29 17:00:00,2021-07-29 19:00:00,0.09135
Netherlands,NLD,2021-07-29 18:00:00,2021-07-29 20:00:00,0.09426000000000001
Netherlands,NLD,2021-07-29 19:00:00,2021-07-29 21:00:00,0.09598000000000001
Netherlands,NLD,2021-07-29 20:00:00,2021-07-29 22:00:00,0.09295
Netherlands,NLD,2021-07-29 21:00:00,2021-07-29 23:00:00,0.08295
Netherlands,NLD,2021-07-29 22:00:00,2021-07-30 00:00:00,0.062130000000000005
Netherlands,NLD,2021-07-29 23:00:00,2021-07-30 01:00:00,0.0606
Netherlands,NLD,2021-07-30 00:00:00,2021-07-30 02:00:00,0.0861
Netherlands,NLD,2021-07-30 01:00:00,2021-07-30 03:00:00,0.09
Netherlands,NLD,2021-07-30 02:00:00,2021-07-30 04:00:00,0.10046
Netherlands,NLD,2021-07-30 03:00:00,2021-07-30 05:00:00,0.0855
Netherlands,NLD,2021-07-30 04:00:00,2021-07-30 06:00:00,0.1162
Netherlands,NLD,2021-07-30 05:00:00,2021-07-30 07:00:00,0.137
Netherlands,NLD,2021-07-30 06:00:00,2021-07-30 08:00:00,0.128
Netherlands,NLD,2021-07-30 07:00:00,2021-07-30 09:00:00,0.14
Netherlands,NLD,2021-07-30 08:00:00,2021-07-30 10:00:00,0.123
Netherlands,NLD,2021-07-30 09:00:00,2021-07-30 11:00:00,0.07
Netherlands,NLD,2021-07-30 10:00:00,2021-07-30 12:00:00,0.063
Netherlands,NLD,2021-07-30 11:00:00,2021-07-30 13:00:00,0.068
Netherlands,NLD,2021-07-30 12:00:00,2021-07-30 14:00:00,0.075
Netherlands,NLD,2021-07-30 13:00:00,2021-07-30 15:00:00,0.09197
Netherlands,NLD,2021-07-30 14:00:00,2021-07-30 16:00:00,0.09261
Netherlands,NLD,2021-07-30 15:00:00,2021-07-30 17:00:00,0.11090000000000001
Netherlands,NLD,2021-07-30 16:00:00,2021-07-30 18:00:00,0.089
Netherlands,NLD,2021-07-30 17:00:00,2021-07-30 19:00:00,0.1005
Netherlands,NLD,2021-07-30 18:00:00,2021-07-30 20:00:00,0.1401
Netherlands,NLD,2021-07-30 19:00:00,2021-07-30 21:00:00,0.10751000000000001
Netherlands,NLD,2021-07-30 20:00:00,2021-07-30 22:00:00,0.08456999999999999
Netherlands,NLD,2021-07-30 21:00:00,2021-07-30 23:00:00,0.06962
Netherlands,NLD,2021-07-30 22:00:00,2021-07-31 00:00:00,0.06561
Netherlands,NLD,2021-07-30 23:00:00,2021-07-31 01:00:00,0.04575
Netherlands,NLD,2021-07-31 00:00:00,2021-07-31 02:00:00,0.03601
Netherlands,NLD,2021-07-31 01:00:00,2021-07-31 03:00:00,0.03422
Netherlands,NLD,2021-07-31 02:00:00,2021-07-31 04:00:00,0.030989999999999997
Netherlands,NLD,2021-07-31 03:00:00,2021-07-31 05:00:00,0.02981
Netherlands,NLD,2021-07-31 04:00:00,2021-07-31 06:00:00,0.03699
Netherlands,NLD,2021-07-31 05:00:00,2021-07-31 07:00:00,0.03682
Netherlands,NLD,2021-07-31 06:00:00,2021-07-31 08:00:00,0.03621
Netherlands,NLD,2021-07-31 07:00:00,2021-07-31 09:00:00,0.03603
Netherlands,NLD,2021-07-31 08:00:00,2021-07-31 10:00:00,0.040119999999999996
Netherlands,NLD,2021-07-31 09:00:00,2021-07-31 11:00:00,0.0399
Netherlands,NLD,2021-07-31 10:00:00,2021-07-31 12:00:00,0.04
Netherlands,NLD,2021-07-31 11:00:00,2021-07-31 13:00:00,0.019899999999999998
Netherlands,NLD,2021-07-31 12:00:00,2021-07-31 14:00:00,0.01461
Netherlands,NLD,2021-07-31 13:00:00,2021-07-31 15:00:00,0.03613
Netherlands,NLD,2021-07-31 14:00:00,2021-07-31 16:00:00,0.03331
Netherlands,NLD,2021-07-31 15:00:00,2021-07-31 17:00:00,0.04846
Netherlands,NLD,2021-07-31 16:00:00,2021-07-31 18:00:00,0.05189
Netherlands,NLD,2021-07-31 17:00:00,2021-07-31 19:00:00,0.075
Netherlands,NLD,2021-07-31 18:00:00,2021-07-31 20:00:00,0.088
Netherlands,NLD,2021-07-31 19:00:00,2021-07-31 21:00:00,0.07091
Netherlands,NLD,2021-07-31 20:00:00,2021-07-31 22:00:00,0.115
Netherlands,NLD,2021-07-31 21:00:00,2021-07-31 23:00:00,0.0999
Netherlands,NLD,2021-07-31 22:00:00,2021-08-01 00:00:00,0.07399
Netherlands,NLD,2021-07-31 23:00:00,2021-08-01 01:00:00,0.08238
Netherlands,NLD,2021-08-01 00:00:00,2021-08-01 02:00:00,0.08145999999999999
Netherlands,NLD,2021-08-01 01:00:00,2021-08-01 03:00:00,0.0599
Netherlands,NLD,2021-08-01 02:00:00,2021-08-01 04:00:00,0.056
Netherlands,NLD,2021-08-01 03:00:00,2021-08-01 05:00:00,0.04899
Netherlands,NLD,2021-08-01 04:00:00,2021-08-01 06:00:00,0.053329999999999995
Netherlands,NLD,2021-08-01 05:00:00,2021-08-01 07:00:00,0.056960000000000004
Netherlands,NLD,2021-08-01 06:00:00,2021-08-01 08:00:00,0.05797
Netherlands,NLD,2021-08-01 07:00:00,2021-08-01 09:00:00,0.084
Netherlands,NLD,2021-08-01 08:00:00,2021-08-01 10:00:00,0.084
Netherlands,NLD,2021-08-01 09:00:00,2021-08-01 11:00:00,0.097
Netherlands,NLD,2021-08-01 10:00:00,2021-08-01 12:00:00,0.07
Netherlands,NLD,2021-08-01 11:00:00,2021-08-01 13:00:00,0.08147
Netherlands,NLD,2021-08-01 12:00:00,2021-08-01 14:00:00,0.08059999999999999
Netherlands,NLD,2021-08-01 13:00:00,2021-08-01 15:00:00,0.094
Netherlands,NLD,2021-08-01 14:00:00,2021-08-01 16:00:00,0.08144
Netherlands,NLD,2021-08-01 15:00:00,2021-08-01 17:00:00,0.07277
Netherlands,NLD,2021-08-01 16:00:00,2021-08-01 18:00:00,0.0699
Netherlands,NLD,2021-08-01 17:00:00,2021-08-01 19:00:00,0.0849
Netherlands,NLD,2021-08-01 18:00:00,2021-08-01 20:00:00,0.0859
Netherlands,NLD,2021-08-01 19:00:00,2021-08-01 21:00:00,0.12195
Netherlands,NLD,2021-08-01 20:00:00,2021-08-01 22:00:00,0.15630000000000002
Netherlands,NLD,2021-08-01 21:00:00,2021-08-01 23:00:00,0.12727
Netherlands,NLD,2021-08-01 22:00:00,2021-08-02 00:00:00,0.063
Netherlands,NLD,2021-08-01 23:00:00,2021-08-02 01:00:00,0.07104
Netherlands,NLD,2021-08-02 00:00:00,2021-08-02 02:00:00,0.07723000000000001
Netherlands,NLD,2021-08-02 01:00:00,2021-08-02 03:00:00,0.071
Netherlands,NLD,2021-08-02 02:00:00,2021-08-02 04:00:00,0.0599
Netherlands,NLD,2021-08-02 03:00:00,2021-08-02 05:00:00,0.07479999999999999
Netherlands,NLD,2021-08-02 04:00:00,2021-08-02 06:00:00,0.08218
Netherlands,NLD,2021-08-02 05:00:00,2021-08-02 07:00:00,0.08992
Netherlands,NLD,2021-08-02 06:00:00,2021-08-02 08:00:00,0.09747
Netherlands,NLD,2021-08-02 07:00:00,2021-08-02 09:00:00,0.10940000000000001
Netherlands,NLD,2021-08-02 08:00:00,2021-08-02 10:00:00,0.0873
Netherlands,NLD,2021-08-02 09:00:00,2021-08-02 11:00:00,0.07995000000000001
Netherlands,NLD,2021-08-02 10:00:00,2021-08-02 12:00:00,0.0847
Netherlands,NLD,2021-08-02 11:00:00,2021-08-02 13:00:00,0.07008
Netherlands,NLD,2021-08-02 12:00:00,2021-08-02 14:00:00,0.07097
Netherlands,NLD,2021-08-02 13:00:00,2021-08-02 15:00:00,0.06867
Netherlands,NLD,2021-08-02 14:00:00,2021-08-02 16:00:00,0.06997
Netherlands,NLD,2021-08-02 15:00:00,2021-08-02 17:00:00,0.0847
Netherlands,NLD,2021-08-02 16:00:00,2021-08-02 18:00:00,0.09559999999999999
Netherlands,NLD,2021-08-02 17:00:00,2021-08-02 19:00:00,0.10840999999999999
Netherlands,NLD,2021-08-02 18:00:00,2021-08-02 20:00:00,0.14276
Netherlands,NLD,2021-08-02 19:00:00,2021-08-02 21:00:00,0.14111
Netherlands,NLD,2021-08-02 20:00:00,2021-08-02 22:00:00,0.10497
Netherlands,NLD,2021-08-02 21:00:00,2021-08-02 23:00:00,0.09290999999999999
Netherlands,NLD,2021-08-02 22:00:00,2021-08-03 00:00:00,0.08542
Netherlands,NLD,2021-08-02 23:00:00,2021-08-03 01:00:00,0.07859000000000001
Netherlands,NLD,2021-08-03 00:00:00,2021-08-03 02:00:00,0.07779000000000001
Netherlands,NLD,2021-08-03 01:00:00,2021-08-03 03:00:00,0.07503
Netherlands,NLD,2021-08-03 02:00:00,2021-08-03 04:00:00,0.07770999999999999
Netherlands,NLD,2021-08-03 03:00:00,2021-08-03 05:00:00,0.07894
Netherlands,NLD,2021-08-03 04:00:00,2021-08-03 06:00:00,0.10081999999999999
Netherlands,NLD,2021-08-03 05:00:00,2021-08-03 07:00:00,0.13116999999999998
Netherlands,NLD,2021-08-03 06:00:00,2021-08-03 08:00:00,0.11852
Netherlands,NLD,2021-08-03 07:00:00,2021-08-03 09:00:00,0.10406
Netherlands,NLD,2021-08-03 08:00:00,2021-08-03 10:00:00,0.09623000000000001
Netherlands,NLD,2021-08-03 09:00:00,2021-08-03 11:00:00,0.09520999999999999
Netherlands,NLD,2021-08-03 10:00:00,2021-08-03 12:00:00,0.09479000000000001
Netherlands,NLD,2021-08-03 11:00:00,2021-08-03 13:00:00,0.08896
Netherlands,NLD,2021-08-03 12:00:00,2021-08-03 14:00:00,0.08548
Netherlands,NLD,2021-08-03 13:00:00,2021-08-03 15:00:00,0.08542
Netherlands,NLD,2021-08-03 14:00:00,2021-08-03 16:00:00,0.08793000000000001
Netherlands,NLD,2021-08-03 15:00:00,2021-08-03 17:00:00,0.09754
Netherlands,NLD,2021-08-03 16:00:00,2021-08-03 18:00:00,0.1123
Netherlands,NLD,2021-08-03 17:00:00,2021-08-03 19:00:00,0.11697
Netherlands,NLD,2021-08-03 18:00:00,2021-08-03 20:00:00,0.11776
Netherlands,NLD,2021-08-03 19:00:00,2021-08-03 21:00:00,0.11
Netherlands,NLD,2021-08-03 20:00:00,2021-08-03 22:00:00,0.10490000000000001
Netherlands,NLD,2021-08-03 21:00:00,2021-08-03 23:00:00,0.09082
Netherlands,NLD,2021-08-03 22:00:00,2021-08-04 00:00:00,0.0861
Netherlands,NLD,2021-08-03 23:00:00,2021-08-04 01:00:00,0.08023000000000001
Netherlands,NLD,2021-08-04 00:00:00,2021-08-04 02:00:00,0.07701999999999999
Netherlands,NLD,2021-08-04 01:00:00,2021-08-04 03:00:00,0.07831
Netherlands,NLD,2021-08-04 02:00:00,2021-08-04 04:00:00,0.08329
Netherlands,NLD,2021-08-04 03:00:00,2021-08-04 05:00:00,0.08632
Netherlands,NLD,2021-08-04 04:00:00,2021-08-04 06:00:00,0.09625
Netherlands,NLD,2021-08-04 05:00:00,2021-08-04 07:00:00,0.10823
Netherlands,NLD,2021-08-04 06:00:00,2021-08-04 08:00:00,0.12174
Netherlands,NLD,2021-08-04 07:00:00,2021-08-04 09:00:00,0.11468
Netherlands,NLD,2021-08-04 08:00:00,2021-08-04 10:00:00,0.11077
Netherlands,NLD,2021-08-04 09:00:00,2021-08-04 11:00:00,0.10198
Netherlands,NLD,2021-08-04 10:00:00,2021-08-04 12:00:00,0.09844
Netherlands,NLD,2021-08-04 11:00:00,2021-08-04 13:00:00,0.09591
Netherlands,NLD,2021-08-04 12:00:00,2021-08-04 14:00:00,0.09083
Netherlands,NLD,2021-08-04 13:00:00,2021-08-04 15:00:00,0.09002
Netherlands,NLD,2021-08-04 14:00:00,2021-08-04 16:00:00,0.08891
Netherlands,NLD,2021-08-04 15:00:00,2021-08-04 17:00:00,0.09597
Netherlands,NLD,2021-08-04 16:00:00,2021-08-04 18:00:00,0.10676999999999999
Netherlands,NLD,2021-08-04 17:00:00,2021-08-04 19:00:00,0.12894
Netherlands,NLD,2021-08-04 18:00:00,2021-08-04 20:00:00,0.12683
Netherlands,NLD,2021-08-04 19:00:00,2021-08-04 21:00:00,0.11134999999999999
Netherlands,NLD,2021-08-04 20:00:00,2021-08-04 22:00:00,0.09922
Netherlands,NLD,2021-08-04 21:00:00,2021-08-04 23:00:00,0.09003
Netherlands,NLD,2021-08-04 22:00:00,2021-08-05 00:00:00,0.08553
Netherlands,NLD,2021-08-04 23:00:00,2021-08-05 01:00:00,0.08098999999999999
Netherlands,NLD,2021-08-05 00:00:00,2021-08-05 02:00:00,0.07815000000000001
Netherlands,NLD,2021-08-05 01:00:00,2021-08-05 03:00:00,0.0778
Netherlands,NLD,2021-08-05 02:00:00,2021-08-05 04:00:00,0.07865000000000001
Netherlands,NLD,2021-08-05 03:00:00,2021-08-05 05:00:00,0.08292000000000001
Netherlands,NLD,2021-08-05 04:00:00,2021-08-05 06:00:00,0.09934
Netherlands,NLD,2021-08-05 05:00:00,2021-08-05 07:00:00,0.12728
Netherlands,NLD,2021-08-05 06:00:00,2021-08-05 08:00:00,0.1262
Netherlands,NLD,2021-08-05 07:00:00,2021-08-05 09:00:00,0.11463
Netherlands,NLD,2021-08-05 08:00:00,2021-08-05 10:00:00,0.10814
Netherlands,NLD,2021-08-05 09:00:00,2021-08-05 11:00:00,0.101
Netherlands,NLD,2021-08-05 10:00:00,2021-08-05 12:00:00,0.099
Netherlands,NLD,2021-08-05 11:00:00,2021-08-05 13:00:00,0.08879000000000001
Netherlands,NLD,2021-08-05 12:00:00,2021-08-05 14:00:00,0.08299
Netherlands,NLD,2021-08-05 13:00:00,2021-08-05 15:00:00,0.08059000000000001
Netherlands,NLD,2021-08-05 14:00:00,2021-08-05 16:00:00,0.07908
Netherlands,NLD,2021-08-05 15:00:00,2021-08-05 17:00:00,0.08832999999999999
Netherlands,NLD,2021-08-05 16:00:00,2021-08-05 18:00:00,0.10748
Netherlands,NLD,2021-08-05 17:00:00,2021-08-05 19:00:00,0.11262
Netherlands,NLD,2021-08-05 18:00:00,2021-08-05 20:00:00,0.116
Netherlands,NLD,2021-08-05 19:00:00,2021-08-05 21:00:00,0.09698999999999999
Netherlands,NLD,2021-08-05 20:00:00,2021-08-05 22:00:00,0.083
Netherlands,NLD,2021-08-05 21:00:00,2021-08-05 23:00:00,0.0706
Netherlands,NLD,2021-08-05 22:00:00,2021-08-06 00:00:00,0.05643
Netherlands,NLD,2021-08-05 23:00:00,2021-08-06 01:00:00,0.055409999999999994
Netherlands,NLD,2021-08-06 00:00:00,2021-08-06 02:00:00,0.05425
Netherlands,NLD,2021-08-06 01:00:00,2021-08-06 03:00:00,0.05659
Netherlands,NLD,2021-08-06 02:00:00,2021-08-06 04:00:00,0.057479999999999996
Netherlands,NLD,2021-08-06 03:00:00,2021-08-06 05:00:00,0.05709
Netherlands,NLD,2021-08-06 04:00:00,2021-08-06 06:00:00,0.07548
Netherlands,NLD,2021-08-06 05:00:00,2021-08-06 07:00:00,0.07840000000000001
Netherlands,NLD,2021-08-06 06:00:00,2021-08-06 08:00:00,0.08494
Netherlands,NLD,2021-08-06 07:00:00,2021-08-06 09:00:00,0.086
Netherlands,NLD,2021-08-06 08:00:00,2021-08-06 10:00:00,0.068
Netherlands,NLD,2021-08-06 09:00:00,2021-08-06 11:00:00,0.068
Netherlands,NLD,2021-08-06 10:00:00,2021-08-06 12:00:00,0.0649
Netherlands,NLD,2021-08-06 11:00:00,2021-08-06 13:00:00,0.06111
Netherlands,NLD,2021-08-06 12:00:00,2021-08-06 14:00:00,0.074
Netherlands,NLD,2021-08-06 13:00:00,2021-08-06 15:00:00,0.05838
Netherlands,NLD,2021-08-06 14:00:00,2021-08-06 16:00:00,0.05966
Netherlands,NLD,2021-08-06 15:00:00,2021-08-06 17:00:00,0.06509999999999999
Netherlands,NLD,2021-08-06 16:00:00,2021-08-06 18:00:00,0.07658
Netherlands,NLD,2021-08-06 17:00:00,2021-08-06 19:00:00,0.08328
Netherlands,NLD,2021-08-06 18:00:00,2021-08-06 20:00:00,0.08391
Netherlands,NLD,2021-08-06 19:00:00,2021-08-06 21:00:00,0.08098000000000001
Netherlands,NLD,2021-08-06 20:00:00,2021-08-06 22:00:00,0.07923999999999999
Netherlands,NLD,2021-08-06 21:00:00,2021-08-06 23:00:00,0.07229000000000001
Netherlands,NLD,2021-08-06 22:00:00,2021-08-07 00:00:00,0.06453
Netherlands,NLD,2021-08-06 23:00:00,2021-08-07 01:00:00,0.05903
Netherlands,NLD,2021-08-07 00:00:00,2021-08-07 02:00:00,0.05778
Netherlands,NLD,2021-08-07 01:00:00,2021-08-07 03:00:00,0.055380000000000006
Netherlands,NLD,2021-08-07 02:00:00,2021-08-07 04:00:00,0.05529
Netherlands,NLD,2021-08-07 03:00:00,2021-08-07 05:00:00,0.05786
Netherlands,NLD,2021-08-07 04:00:00,2021-08-07 06:00:00,0.05745
Netherlands,NLD,2021-08-07 05:00:00,2021-08-07 07:00:00,0.06289
Netherlands,NLD,2021-08-07 06:00:00,2021-08-07 08:00:00,0.0625
Netherlands,NLD,2021-08-07 07:00:00,2021-08-07 09:00:00,0.0599
Netherlands,NLD,2021-08-07 08:00:00,2021-08-07 10:00:00,0.05614
Netherlands,NLD,2021-08-07 09:00:00,2021-08-07 11:00:00,0.053700000000000005
Netherlands,NLD,2021-08-07 10:00:00,2021-08-07 12:00:00,0.05353
Netherlands,NLD,2021-08-07 11:00:00,2021-08-07 13:00:00,0.05185
Netherlands,NLD,2021-08-07 12:00:00,2021-08-07 14:00:00,0.052399999999999995
Netherlands,NLD,2021-08-07 13:00:00,2021-08-07 15:00:00,0.05813
Netherlands,NLD,2021-08-07 14:00:00,2021-08-07 16:00:00,0.06336
Netherlands,NLD,2021-08-07 15:00:00,2021-08-07 17:00:00,0.06291
Netherlands,NLD,2021-08-07 16:00:00,2021-08-07 18:00:00,0.06852
Netherlands,NLD,2021-08-07 17:00:00,2021-08-07 19:00:00,0.0782
Netherlands,NLD,2021-08-07 18:00:00,2021-08-07 20:00:00,0.0751
Netherlands,NLD,2021-08-07 19:00:00,2021-08-07 21:00:00,0.069
Netherlands,NLD,2021-08-07 20:00:00,2021-08-07 22:00:00,0.06419
Netherlands,NLD,2021-08-07 21:00:00,2021-08-07 23:00:00,0.05802
Netherlands,NLD,2021-08-07 22:00:00,2021-08-08 00:00:00,0.01666
Netherlands,NLD,2021-08-07 23:00:00,2021-08-08 01:00:00,0.00134
Netherlands,NLD,2021-08-08 00:00:00,2021-08-08 02:00:00,0.00067
Netherlands,NLD,2021-08-08 01:00:00,2021-08-08 03:00:00,0.0008399999999999999
Netherlands,NLD,2021-08-08 02:00:00,2021-08-08 04:00:00,0.00066
Netherlands,NLD,2021-08-08 03:00:00,2021-08-08 05:00:00,8e-05
Netherlands,NLD,2021-08-08 04:00:00,2021-08-08 06:00:00,0.0
Netherlands,NLD,2021-08-08 05:00:00,2021-08-08 07:00:00,8.999999999999999e-05
Netherlands,NLD,2021-08-08 06:00:00,2021-08-08 08:00:00,-0.00017
Netherlands,NLD,2021-08-08 07:00:00,2021-08-08 09:00:00,-0.00437
Netherlands,NLD,2021-08-08 08:00:00,2021-08-08 10:00:00,-0.014
Netherlands,NLD,2021-08-08 09:00:00,2021-08-08 11:00:00,-0.008400000000000001
Netherlands,NLD,2021-08-08 10:00:00,2021-08-08 12:00:00,-0.01
Netherlands,NLD,2021-08-08 11:00:00,2021-08-08 13:00:00,-0.0433
Netherlands,NLD,2021-08-08 12:00:00,2021-08-08 14:00:00,-0.06303
Netherlands,NLD,2021-08-08 13:00:00,2021-08-08 15:00:00,-0.02139
Netherlands,NLD,2021-08-08 14:00:00,2021-08-08 16:00:00,-0.0058
Netherlands,NLD,2021-08-08 15:00:00,2021-08-08 17:00:00,0.0
Netherlands,NLD,2021-08-08 16:00:00,2021-08-08 18:00:00,0.040740000000000005
Netherlands,NLD,2021-08-08 17:00:00,2021-08-08 19:00:00,0.0601
Netherlands,NLD,2021-08-08 18:00:00,2021-08-08 20:00:00,0.06805
Netherlands,NLD,2021-08-08 19:00:00,2021-08-08 21:00:00,0.0659
Netherlands,NLD,2021-08-08 20:00:00,2021-08-08 22:00:00,0.06373
Netherlands,NLD,2021-08-08 21:00:00,2021-08-08 23:00:00,0.05658
Netherlands,NLD,2021-08-08 22:00:00,2021-08-09 00:00:00,0.044039999999999996
Netherlands,NLD,2021-08-08 23:00:00,2021-08-09 01:00:00,0.039200000000000006
Netherlands,NLD,2021-08-09 00:00:00,2021-08-09 02:00:00,0.038270000000000005
Netherlands,NLD,2021-08-09 01:00:00,2021-08-09 03:00:00,0.031920000000000004
Netherlands,NLD,2021-08-09 02:00:00,2021-08-09 04:00:00,0.03477
Netherlands,NLD,2021-08-09 03:00:00,2021-08-09 05:00:00,0.05061
Netherlands,NLD,2021-08-09 04:00:00,2021-08-09 06:00:00,0.0721
Netherlands,NLD,2021-08-09 05:00:00,2021-08-09 07:00:00,0.08239
Netherlands,NLD,2021-08-09 06:00:00,2021-08-09 08:00:00,0.0869
Netherlands,NLD,2021-08-09 07:00:00,2021-08-09 09:00:00,0.07912999999999999
Netherlands,NLD,2021-08-09 08:00:00,2021-08-09 10:00:00,0.06569
Netherlands,NLD,2021-08-09 09:00:00,2021-08-09 11:00:00,0.06433
Netherlands,NLD,2021-08-09 10:00:00,2021-08-09 12:00:00,0.06242
Netherlands,NLD,2021-08-09 11:00:00,2021-08-09 13:00:00,0.06122
Netherlands,NLD,2021-08-09 12:00:00,2021-08-09 14:00:00,0.06142
Netherlands,NLD,2021-08-09 13:00:00,2021-08-09 15:00:00,0.05497
Netherlands,NLD,2021-08-09 14:00:00,2021-08-09 16:00:00,0.05695
Netherlands,NLD,2021-08-09 15:00:00,2021-08-09 17:00:00,0.07496
Netherlands,NLD,2021-08-09 16:00:00,2021-08-09 18:00:00,0.09137
Netherlands,NLD,2021-08-09 17:00:00,2021-08-09 19:00:00,0.10291
Netherlands,NLD,2021-08-09 18:00:00,2021-08-09 20:00:00,0.10761
Netherlands,NLD,2021-08-09 19:00:00,2021-08-09 21:00:00,0.103
Netherlands,NLD,2021-08-09 20:00:00,2021-08-09 22:00:00,0.09634000000000001
Netherlands,NLD,2021-08-09 21:00:00,2021-08-09 23:00:00,0.08365
Netherlands,NLD,2021-08-09 22:00:00,2021-08-10 00:00:00,0.07365000000000001
Netherlands,NLD,2021-08-09 23:00:00,2021-08-10 01:00:00,0.07096
Netherlands,NLD,2021-08-10 00:00:00,2021-08-10 02:00:00,0.06729
Netherlands,NLD,2021-08-10 01:00:00,2021-08-10 03:00:00,0.06506
Netherlands,NLD,2021-08-10 02:00:00,2021-08-10 04:00:00,0.06724
Netherlands,NLD,2021-08-10 03:00:00,2021-08-10 05:00:00,0.06956
Netherlands,NLD,2021-08-10 04:00:00,2021-08-10 06:00:00,0.08596
Netherlands,NLD,2021-08-10 05:00:00,2021-08-10 07:00:00,0.10523
Netherlands,NLD,2021-08-10 06:00:00,2021-08-10 08:00:00,0.115
Netherlands,NLD,2021-08-10 07:00:00,2021-08-10 09:00:00,0.10635
Netherlands,NLD,2021-08-10 08:00:00,2021-08-10 10:00:00,0.09728
Netherlands,NLD,2021-08-10 09:00:00,2021-08-10 11:00:00,0.08812
Netherlands,NLD,2021-08-10 10:00:00,2021-08-10 12:00:00,0.0846
Netherlands,NLD,2021-08-10 11:00:00,2021-08-10 13:00:00,0.07991
Netherlands,NLD,2021-08-10 12:00:00,2021-08-10 14:00:00,0.07407
Netherlands,NLD,2021-08-10 13:00:00,2021-08-10 15:00:00,0.07549
Netherlands,NLD,2021-08-10 14:00:00,2021-08-10 16:00:00,0.08034999999999999
Netherlands,NLD,2021-08-10 15:00:00,2021-08-10 17:00:00,0.08951
Netherlands,NLD,2021-08-10 16:00:00,2021-08-10 18:00:00,0.10454000000000001
Netherlands,NLD,2021-08-10 17:00:00,2021-08-10 19:00:00,0.11629
Netherlands,NLD,2021-08-10 18:00:00,2021-08-10 20:00:00,0.13717
Netherlands,NLD,2021-08-10 19:00:00,2021-08-10 21:00:00,0.12
Netherlands,NLD,2021-08-10 20:00:00,2021-08-10 22:00:00,0.11159999999999999
Netherlands,NLD,2021-08-10 21:00:00,2021-08-10 23:00:00,0.09225
Netherlands,NLD,2021-08-10 22:00:00,2021-08-11 00:00:00,0.09107
Netherlands,NLD,2021-08-10 23:00:00,2021-08-11 01:00:00,0.0851
Netherlands,NLD,2021-08-11 00:00:00,2021-08-11 02:00:00,0.08393
Netherlands,NLD,2021-08-11 01:00:00,2021-08-11 03:00:00,0.08209999999999999
Netherlands,NLD,2021-08-11 02:00:00,2021-08-11 04:00:00,0.08231999999999999
Netherlands,NLD,2021-08-11 03:00:00,2021-08-11 05:00:00,0.08851
Netherlands,NLD,2021-08-11 04:00:00,2021-08-11 06:00:00,0.10792
Netherlands,NLD,2021-08-11 05:00:00,2021-08-11 07:00:00,0.134
Netherlands,NLD,2021-08-11 06:00:00,2021-08-11 08:00:00,0.12161
Netherlands,NLD,2021-08-11 07:00:00,2021-08-11 09:00:00,0.10898000000000001
Netherlands,NLD,2021-08-11 08:00:00,2021-08-11 10:00:00,0.09297
Netherlands,NLD,2021-08-11 09:00:00,2021-08-11 11:00:00,0.08863
Netherlands,NLD,2021-08-11 10:00:00,2021-08-11 12:00:00,0.0846
Netherlands,NLD,2021-08-11 11:00:00,2021-08-11 13:00:00,0.08220999999999999
Netherlands,NLD,2021-08-11 12:00:00,2021-08-11 14:00:00,0.08029
Netherlands,NLD,2021-08-11 13:00:00,2021-08-11 15:00:00,0.08295999999999999
Netherlands,NLD,2021-08-11 14:00:00,2021-08-11 16:00:00,0.08805
Netherlands,NLD,2021-08-11 15:00:00,2021-08-11 17:00:00,0.10447
Netherlands,NLD,2021-08-11 16:00:00,2021-08-11 18:00:00,0.115
Netherlands,NLD,2021-08-11 17:00:00,2021-08-11 19:00:00,0.12777
Netherlands,NLD,2021-08-11 18:00:00,2021-08-11 20:00:00,0.13987
Netherlands,NLD,2021-08-11 19:00:00,2021-08-11 21:00:00,0.12501
Netherlands,NLD,2021-08-11 20:00:00,2021-08-11 22:00:00,0.117
Netherlands,NLD,2021-08-11 21:00:00,2021-08-11 23:00:00,0.103
Netherlands,NLD,2021-08-11 22:00:00,2021-08-12 00:00:00,0.09667
Netherlands,NLD,2021-08-11 23:00:00,2021-08-12 01:00:00,0.0917
Netherlands,NLD,2021-08-12 00:00:00,2021-08-12 02:00:00,0.09004999999999999
Netherlands,NLD,2021-08-12 01:00:00,2021-08-12 03:00:00,0.087
Netherlands,NLD,2021-08-12 02:00:00,2021-08-12 04:00:00,0.08464
Netherlands,NLD,2021-08-12 03:00:00,2021-08-12 05:00:00,0.08702
Netherlands,NLD,2021-08-12 04:00:00,2021-08-12 06:00:00,0.10692
Netherlands,NLD,2021-08-12 05:00:00,2021-08-12 07:00:00,0.12
Netherlands,NLD,2021-08-12 06:00:00,2021-08-12 08:00:00,0.12077
Netherlands,NLD,2021-08-12 07:00:00,2021-08-12 09:00:00,0.109
Netherlands,NLD,2021-08-12 08:00:00,2021-08-12 10:00:00,0.10272
Netherlands,NLD,2021-08-12 09:00:00,2021-08-12 11:00:00,0.09806000000000001
Netherlands,NLD,2021-08-12 10:00:00,2021-08-12 12:00:00,0.095
Netherlands,NLD,2021-08-12 11:00:00,2021-08-12 13:00:00,0.09194
Netherlands,NLD,2021-08-12 12:00:00,2021-08-12 14:00:00,0.09298999999999999
Netherlands,NLD,2021-08-12 13:00:00,2021-08-12 15:00:00,0.09495
Netherlands,NLD,2021-08-12 14:00:00,2021-08-12 16:00:00,0.10091
Netherlands,NLD,2021-08-12 15:00:00,2021-08-12 17:00:00,0.1114
Netherlands,NLD,2021-08-12 16:00:00,2021-08-12 18:00:00,0.12679
Netherlands,NLD,2021-08-12 17:00:00,2021-08-12 19:00:00,0.145
Netherlands,NLD,2021-08-12 18:00:00,2021-08-12 20:00:00,0.144
Netherlands,NLD,2021-08-12 19:00:00,2021-08-12 21:00:00,0.13375
Netherlands,NLD,2021-08-12 20:00:00,2021-08-12 22:00:00,0.119
Netherlands,NLD,2021-08-12 21:00:00,2021-08-12 23:00:00,0.10712
Netherlands,NLD,2021-08-12 22:00:00,2021-08-13 00:00:00,0.09487000000000001
Netherlands,NLD,2021-08-12 23:00:00,2021-08-13 01:00:00,0.08537
Netherlands,NLD,2021-08-13 00:00:00,2021-08-13 02:00:00,0.08101
Netherlands,NLD,2021-08-13 01:00:00,2021-08-13 03:00:00,0.07995999999999999
Netherlands,NLD,2021-08-13 02:00:00,2021-08-13 04:00:00,0.0813
Netherlands,NLD,2021-08-13 03:00:00,2021-08-13 05:00:00,0.08526
Netherlands,NLD,2021-08-13 04:00:00,2021-08-13 06:00:00,0.113
Netherlands,NLD,2021-08-13 05:00:00,2021-08-13 07:00:00,0.124
Netherlands,NLD,2021-08-13 06:00:00,2021-08-13 08:00:00,0.12193000000000001
Netherlands,NLD,2021-08-13 07:00:00,2021-08-13 09:00:00,0.10966
Netherlands,NLD,2021-08-13 08:00:00,2021-08-13 10:00:00,0.09998
Netherlands,NLD,2021-08-13 09:00:00,2021-08-13 11:00:00,0.08802
Netherlands,NLD,2021-08-13 10:00:00,2021-08-13 12:00:00,0.08375
Netherlands,NLD,2021-08-13 11:00:00,2021-08-13 13:00:00,0.07404999999999999
Netherlands,NLD,2021-08-13 12:00:00,2021-08-13 14:00:00,0.07204
Netherlands,NLD,2021-08-13 13:00:00,2021-08-13 15:00:00,0.07186
Netherlands,NLD,2021-08-13 14:00:00,2021-08-13 16:00:00,0.07257999999999999
Netherlands,NLD,2021-08-13 15:00:00,2021-08-13 17:00:00,0.08613
Netherlands,NLD,2021-08-13 16:00:00,2021-08-13 18:00:00,0.10491
Netherlands,NLD,2021-08-13 17:00:00,2021-08-13 19:00:00,0.11748
Netherlands,NLD,2021-08-13 18:00:00,2021-08-13 20:00:00,0.11568
Netherlands,NLD,2021-08-13 19:00:00,2021-08-13 21:00:00,0.11577
Netherlands,NLD,2021-08-13 20:00:00,2021-08-13 22:00:00,0.10690999999999999
Netherlands,NLD,2021-08-13 21:00:00,2021-08-13 23:00:00,0.09219
Netherlands,NLD,2021-08-13 22:00:00,2021-08-14 00:00:00,0.07801999999999999
Netherlands,NLD,2021-08-13 23:00:00,2021-08-14 01:00:00,0.07565999999999999
Netherlands,NLD,2021-08-14 00:00:00,2021-08-14 02:00:00,0.07155
Netherlands,NLD,2021-08-14 01:00:00,2021-08-14 03:00:00,0.06945
Netherlands,NLD,2021-08-14 02:00:00,2021-08-14 04:00:00,0.06906
Netherlands,NLD,2021-08-14 03:00:00,2021-08-14 05:00:00,0.0692
Netherlands,NLD,2021-08-14 04:00:00,2021-08-14 06:00:00,0.0697
Netherlands,NLD,2021-08-14 05:00:00,2021-08-14 07:00:00,0.07351
Netherlands,NLD,2021-08-14 06:00:00,2021-08-14 08:00:00,0.07501999999999999
Netherlands,NLD,2021-08-14 07:00:00,2021-08-14 09:00:00,0.07386
Netherlands,NLD,2021-08-14 08:00:00,2021-08-14 10:00:00,0.06326
Netherlands,NLD,2021-08-14 09:00:00,2021-08-14 11:00:00,0.05808
Netherlands,NLD,2021-08-14 10:00:00,2021-08-14 12:00:00,0.06037
Netherlands,NLD,2021-08-14 11:00:00,2021-08-14 13:00:00,0.04009
Netherlands,NLD,2021-08-14 12:00:00,2021-08-14 14:00:00,0.005679999999999999
Netherlands,NLD,2021-08-14 13:00:00,2021-08-14 15:00:00,0.0101
Netherlands,NLD,2021-08-14 14:00:00,2021-08-14 16:00:00,0.05069
Netherlands,NLD,2021-08-14 15:00:00,2021-08-14 17:00:00,0.07890000000000001
Netherlands,NLD,2021-08-14 16:00:00,2021-08-14 18:00:00,0.08796999999999999
Netherlands,NLD,2021-08-14 17:00:00,2021-08-14 19:00:00,0.11684
Netherlands,NLD,2021-08-14 18:00:00,2021-08-14 20:00:00,0.1413
Netherlands,NLD,2021-08-14 19:00:00,2021-08-14 21:00:00,0.14483000000000001
Netherlands,NLD,2021-08-14 20:00:00,2021-08-14 22:00:00,0.12254999999999999
Netherlands,NLD,2021-08-14 21:00:00,2021-08-14 23:00:00,0.08009999999999999
Netherlands,NLD,2021-08-14 22:00:00,2021-08-15 00:00:00,0.0737
Netherlands,NLD,2021-08-14 23:00:00,2021-08-15 01:00:00,0.06988
Netherlands,NLD,2021-08-15 00:00:00,2021-08-15 02:00:00,0.06492
Netherlands,NLD,2021-08-15 01:00:00,2021-08-15 03:00:00,0.06243
Netherlands,NLD,2021-08-15 02:00:00,2021-08-15 04:00:00,0.05972
Netherlands,NLD,2021-08-15 03:00:00,2021-08-15 05:00:00,0.05998
Netherlands,NLD,2021-08-15 04:00:00,2021-08-15 06:00:00,0.05901
Netherlands,NLD,2021-08-15 05:00:00,2021-08-15 07:00:00,0.056729999999999996
Netherlands,NLD,2021-08-15 06:00:00,2021-08-15 08:00:00,0.057479999999999996
Netherlands,NLD,2021-08-15 07:00:00,2021-08-15 09:00:00,0.05354
Netherlands,NLD,2021-08-15 08:00:00,2021-08-15 10:00:00,0.05367
Netherlands,NLD,2021-08-15 09:00:00,2021-08-15 11:00:00,0.05305
Netherlands,NLD,2021-08-15 10:00:00,2021-08-15 12:00:00,0.052950000000000004
Netherlands,NLD,2021-08-15 11:00:00,2021-08-15 13:00:00,0.03006
Netherlands,NLD,2021-08-15 12:00:00,2021-08-15 14:00:00,0.0125
Netherlands,NLD,2021-08-15 13:00:00,2021-08-15 15:00:00,0.02041
Netherlands,NLD,2021-08-15 14:00:00,2021-08-15 16:00:00,0.05132
Netherlands,NLD,2021-08-15 15:00:00,2021-08-15 17:00:00,0.06494
Netherlands,NLD,2021-08-15 16:00:00,2021-08-15 18:00:00,0.08461
Netherlands,NLD,2021-08-15 17:00:00,2021-08-15 19:00:00,0.09198999999999999
Netherlands,NLD,2021-08-15 18:00:00,2021-08-15 20:00:00,0.10194
Netherlands,NLD,2021-08-15 19:00:00,2021-08-15 21:00:00,0.09326000000000001
Netherlands,NLD,2021-08-15 20:00:00,2021-08-15 22:00:00,0.08677
Netherlands,NLD,2021-08-15 21:00:00,2021-08-15 23:00:00,0.07695
Netherlands,NLD,2021-08-15 22:00:00,2021-08-16 00:00:00,0.06693
Netherlands,NLD,2021-08-15 23:00:00,2021-08-16 01:00:00,0.0587
Netherlands,NLD,2021-08-16 00:00:00,2021-08-16 02:00:00,0.055060000000000005
Netherlands,NLD,2021-08-16 01:00:00,2021-08-16 03:00:00,0.05158
Netherlands,NLD,2021-08-16 02:00:00,2021-08-16 04:00:00,0.05168
Netherlands,NLD,2021-08-16 03:00:00,2021-08-16 05:00:00,0.06007
Netherlands,NLD,2021-08-16 04:00:00,2021-08-16 06:00:00,0.08374
Netherlands,NLD,2021-08-16 05:00:00,2021-08-16 07:00:00,0.0945
Netherlands,NLD,2021-08-16 06:00:00,2021-08-16 08:00:00,0.0964
Netherlands,NLD,2021-08-16 07:00:00,2021-08-16 09:00:00,0.08
Netherlands,NLD,2021-08-16 08:00:00,2021-08-16 10:00:00,0.076
Netherlands,NLD,2021-08-16 09:00:00,2021-08-16 11:00:00,0.07284
Netherlands,NLD,2021-08-16 10:00:00,2021-08-16 12:00:00,0.067
Netherlands,NLD,2021-08-16 11:00:00,2021-08-16 13:00:00,0.06553
Netherlands,NLD,2021-08-16 12:00:00,2021-08-16 14:00:00,0.06481999999999999
Netherlands,NLD,2021-08-16 13:00:00,2021-08-16 15:00:00,0.06373
Netherlands,NLD,2021-08-16 14:00:00,2021-08-16 16:00:00,0.06409999999999999
Netherlands,NLD,2021-08-16 15:00:00,2021-08-16 17:00:00,0.07016
Netherlands,NLD,2021-08-16 16:00:00,2021-08-16 18:00:00,0.07158
Netherlands,NLD,2021-08-16 17:00:00,2021-08-16 19:00:00,0.07812999999999999
Netherlands,NLD,2021-08-16 18:00:00,2021-08-16 20:00:00,0.07912000000000001
Netherlands,NLD,2021-08-16 19:00:00,2021-08-16 21:00:00,0.0892
Netherlands,NLD,2021-08-16 20:00:00,2021-08-16 22:00:00,0.09490000000000001
Netherlands,NLD,2021-08-16 21:00:00,2021-08-16 23:00:00,0.0998
Netherlands,NLD,2021-08-16 22:00:00,2021-08-17 00:00:00,0.06111
Netherlands,NLD,2021-08-16 23:00:00,2021-08-17 01:00:00,0.06325
Netherlands,NLD,2021-08-17 00:00:00,2021-08-17 02:00:00,0.05162
Netherlands,NLD,2021-08-17 01:00:00,2021-08-17 03:00:00,0.039990000000000005
Netherlands,NLD,2021-08-17 02:00:00,2021-08-17 04:00:00,0.03511
Netherlands,NLD,2021-08-17 03:00:00,2021-08-17 05:00:00,0.053259999999999995
Netherlands,NLD,2021-08-17 04:00:00,2021-08-17 06:00:00,0.06748
Netherlands,NLD,2021-08-17 05:00:00,2021-08-17 07:00:00,0.0799
Netherlands,NLD,2021-08-17 06:00:00,2021-08-17 08:00:00,0.0985
Netherlands,NLD,2021-08-17 07:00:00,2021-08-17 09:00:00,0.0999
Netherlands,NLD,2021-08-17 08:00:00,2021-08-17 10:00:00,0.094
Netherlands,NLD,2021-08-17 09:00:00,2021-08-17 11:00:00,0.0999
Netherlands,NLD,2021-08-17 10:00:00,2021-08-17 12:00:00,0.09067
Netherlands,NLD,2021-08-17 11:00:00,2021-08-17 13:00:00,0.08009999999999999
Netherlands,NLD,2021-08-17 12:00:00,2021-08-17 14:00:00,0.0723
Netherlands,NLD,2021-08-17 13:00:00,2021-08-17 15:00:00,0.0799
Netherlands,NLD,2021-08-17 14:00:00,2021-08-17 16:00:00,0.099
Netherlands,NLD,2021-08-17 15:00:00,2021-08-17 17:00:00,0.15
Netherlands,NLD,2021-08-17 16:00:00,2021-08-17 18:00:00,0.141
Netherlands,NLD,2021-08-17 17:00:00,2021-08-17 19:00:00,0.1199
Netherlands,NLD,2021-08-17 18:00:00,2021-08-17 20:00:00,0.13497
Netherlands,NLD,2021-08-17 19:00:00,2021-08-17 21:00:00,0.1399
Netherlands,NLD,2021-08-17 20:00:00,2021-08-17 22:00:00,0.11662
Netherlands,NLD,2021-08-17 21:00:00,2021-08-17 23:00:00,0.1013
Netherlands,NLD,2021-08-17 22:00:00,2021-08-18 00:00:00,0.061649999999999996
Netherlands,NLD,2021-08-17 23:00:00,2021-08-18 01:00:00,0.06788
Netherlands,NLD,2021-08-18 00:00:00,2021-08-18 02:00:00,0.06578
Netherlands,NLD,2021-08-18 01:00:00,2021-08-18 03:00:00,0.06631000000000001
Netherlands,NLD,2021-08-18 02:00:00,2021-08-18 04:00:00,0.06831
Netherlands,NLD,2021-08-18 03:00:00,2021-08-18 05:00:00,0.0699
Netherlands,NLD,2021-08-18 04:00:00,2021-08-18 06:00:00,0.1009
Netherlands,NLD,2021-08-18 05:00:00,2021-08-18 07:00:00,0.102
Netherlands,NLD,2021-08-18 06:00:00,2021-08-18 08:00:00,0.09809999999999999
Netherlands,NLD,2021-08-18 07:00:00,2021-08-18 09:00:00,0.09652
Netherlands,NLD,2021-08-18 08:00:00,2021-08-18 10:00:00,0.09720000000000001
Netherlands,NLD,2021-08-18 09:00:00,2021-08-18 11:00:00,0.09592
Netherlands,NLD,2021-08-18 10:00:00,2021-08-18 12:00:00,0.09478
Netherlands,NLD,2021-08-18 11:00:00,2021-08-18 13:00:00,0.0799
Netherlands,NLD,2021-08-18 12:00:00,2021-08-18 14:00:00,0.07851000000000001
Netherlands,NLD,2021-08-18 13:00:00,2021-08-18 15:00:00,0.0832
Netherlands,NLD,2021-08-18 14:00:00,2021-08-18 16:00:00,0.07127
Netherlands,NLD,2021-08-18 15:00:00,2021-08-18 17:00:00,0.07504000000000001
Netherlands,NLD,2021-08-18 16:00:00,2021-08-18 18:00:00,0.08990000000000001
Netherlands,NLD,2021-08-18 17:00:00,2021-08-18 19:00:00,0.1016
Netherlands,NLD,2021-08-18 18:00:00,2021-08-18 20:00:00,0.10639
Netherlands,NLD,2021-08-18 19:00:00,2021-08-18 21:00:00,0.11297
Netherlands,NLD,2021-08-18 20:00:00,2021-08-18 22:00:00,0.1006
Netherlands,NLD,2021-08-18 21:00:00,2021-08-18 23:00:00,0.09090000000000001
Netherlands,NLD,2021-08-18 22:00:00,2021-08-19 00:00:00,0.0815
Netherlands,NLD,2021-08-18 23:00:00,2021-08-19 01:00:00,0.09656
Netherlands,NLD,2021-08-19 00:00:00,2021-08-19 02:00:00,0.06670000000000001
Netherlands,NLD,2021-08-19 01:00:00,2021-08-19 03:00:00,0.0701
Netherlands,NLD,2021-08-19 02:00:00,2021-08-19 04:00:00,0.0701
Netherlands,NLD,2021-08-19 03:00:00,2021-08-19 05:00:00,0.074
Netherlands,NLD,2021-08-19 04:00:00,2021-08-19 06:00:00,0.0839
Netherlands,NLD,2021-08-19 05:00:00,2021-08-19 07:00:00,0.1149
Netherlands,NLD,2021-08-19 06:00:00,2021-08-19 08:00:00,0.13862
Netherlands,NLD,2021-08-19 07:00:00,2021-08-19 09:00:00,0.15001
Netherlands,NLD,2021-08-19 08:00:00,2021-08-19 10:00:00,0.13751
Netherlands,NLD,2021-08-19 09:00:00,2021-08-19 11:00:00,0.137
Netherlands,NLD,2021-08-19 10:00:00,2021-08-19 12:00:00,0.12490000000000001
Netherlands,NLD,2021-08-19 11:00:00,2021-08-19 13:00:00,0.095
Netherlands,NLD,2021-08-19 12:00:00,2021-08-19 14:00:00,0.1
Netherlands,NLD,2021-08-19 13:00:00,2021-08-19 15:00:00,0.09656999999999999
Netherlands,NLD,2021-08-19 14:00:00,2021-08-19 16:00:00,0.09193000000000001
Netherlands,NLD,2021-08-19 15:00:00,2021-08-19 17:00:00,0.10051
Netherlands,NLD,2021-08-19 16:00:00,2021-08-19 18:00:00,0.11494
Netherlands,NLD,2021-08-19 17:00:00,2021-08-19 19:00:00,0.12678
Netherlands,NLD,2021-08-19 18:00:00,2021-08-19 20:00:00,0.12812
Netherlands,NLD,2021-08-19 19:00:00,2021-08-19 21:00:00,0.11961
Netherlands,NLD,2021-08-19 20:00:00,2021-08-19 22:00:00,0.11006999999999999
Netherlands,NLD,2021-08-19 21:00:00,2021-08-19 23:00:00,0.1
Netherlands,NLD,2021-08-19 22:00:00,2021-08-20 00:00:00,0.095
Netherlands,NLD,2021-08-19 23:00:00,2021-08-20 01:00:00,0.08622
Netherlands,NLD,2021-08-20 00:00:00,2021-08-20 02:00:00,0.08373
Netherlands,NLD,2021-08-20 01:00:00,2021-08-20 03:00:00,0.0832
Netherlands,NLD,2021-08-20 02:00:00,2021-08-20 04:00:00,0.08395999999999999
Netherlands,NLD,2021-08-20 03:00:00,2021-08-20 05:00:00,0.0887
Netherlands,NLD,2021-08-20 04:00:00,2021-08-20 06:00:00,0.10311
Netherlands,NLD,2021-08-20 05:00:00,2021-08-20 07:00:00,0.119
Netherlands,NLD,2021-08-20 06:00:00,2021-08-20 08:00:00,0.12473999999999999
Netherlands,NLD,2021-08-20 07:00:00,2021-08-20 09:00:00,0.114
Netherlands,NLD,2021-08-20 08:00:00,2021-08-20 10:00:00,0.10699
Netherlands,NLD,2021-08-20 09:00:00,2021-08-20 11:00:00,0.105
Netherlands,NLD,2021-08-20 10:00:00,2021-08-20 12:00:00,0.09911
Netherlands,NLD,2021-08-20 11:00:00,2021-08-20 13:00:00,0.09
Netherlands,NLD,2021-08-20 12:00:00,2021-08-20 14:00:00,0.08518
Netherlands,NLD,2021-08-20 13:00:00,2021-08-20 15:00:00,0.08481
Netherlands,NLD,2021-08-20 14:00:00,2021-08-20 16:00:00,0.09001
Netherlands,NLD,2021-08-20 15:00:00,2021-08-20 17:00:00,0.10331
Netherlands,NLD,2021-08-20 16:00:00,2021-08-20 18:00:00,0.11327
Netherlands,NLD,2021-08-20 17:00:00,2021-08-20 19:00:00,0.12522
Netherlands,NLD,2021-08-20 18:00:00,2021-08-20 20:00:00,0.12614
Netherlands,NLD,2021-08-20 19:00:00,2021-08-20 21:00:00,0.12493000000000001
Netherlands,NLD,2021-08-20 20:00:00,2021-08-20 22:00:00,0.11069
Netherlands,NLD,2021-08-20 21:00:00,2021-08-20 23:00:00,0.106
Netherlands,NLD,2021-08-20 22:00:00,2021-08-21 00:00:00,0.10251
Netherlands,NLD,2021-08-20 23:00:00,2021-08-21 01:00:00,0.0952
Netherlands,NLD,2021-08-21 00:00:00,2021-08-21 02:00:00,0.08852
Netherlands,NLD,2021-08-21 01:00:00,2021-08-21 03:00:00,0.08331000000000001
Netherlands,NLD,2021-08-21 02:00:00,2021-08-21 04:00:00,0.08141
Netherlands,NLD,2021-08-21 03:00:00,2021-08-21 05:00:00,0.08217
Netherlands,NLD,2021-08-21 04:00:00,2021-08-21 06:00:00,0.0902
Netherlands,NLD,2021-08-21 05:00:00,2021-08-21 07:00:00,0.09311
Netherlands,NLD,2021-08-21 06:00:00,2021-08-21 08:00:00,0.09643
Netherlands,NLD,2021-08-21 07:00:00,2021-08-21 09:00:00,0.09240000000000001
Netherlands,NLD,2021-08-21 08:00:00,2021-08-21 10:00:00,0.08195000000000001
Netherlands,NLD,2021-08-21 09:00:00,2021-08-21 11:00:00,0.07911
Netherlands,NLD,2021-08-21 10:00:00,2021-08-21 12:00:00,0.07879000000000001
Netherlands,NLD,2021-08-21 11:00:00,2021-08-21 13:00:00,0.07706
Netherlands,NLD,2021-08-21 12:00:00,2021-08-21 14:00:00,0.07659
Netherlands,NLD,2021-08-21 13:00:00,2021-08-21 15:00:00,0.07806
Netherlands,NLD,2021-08-21 14:00:00,2021-08-21 16:00:00,0.07998999999999999
Netherlands,NLD,2021-08-21 15:00:00,2021-08-21 17:00:00,0.09527
Netherlands,NLD,2021-08-21 16:00:00,2021-08-21 18:00:00,0.10792
Netherlands,NLD,2021-08-21 17:00:00,2021-08-21 19:00:00,0.11208
Netherlands,NLD,2021-08-21 18:00:00,2021-08-21 20:00:00,0.11217
Netherlands,NLD,2021-08-21 19:00:00,2021-08-21 21:00:00,0.108
Netherlands,NLD,2021-08-21 20:00:00,2021-08-21 22:00:00,0.106
Netherlands,NLD,2021-08-21 21:00:00,2021-08-21 23:00:00,0.09686
Netherlands,NLD,2021-08-21 22:00:00,2021-08-22 00:00:00,0.08491
Netherlands,NLD,2021-08-21 23:00:00,2021-08-22 01:00:00,0.07890000000000001
Netherlands,NLD,2021-08-22 00:00:00,2021-08-22 02:00:00,0.075
Netherlands,NLD,2021-08-22 01:00:00,2021-08-22 03:00:00,0.07218000000000001
Netherlands,NLD,2021-08-22 02:00:00,2021-08-22 04:00:00,0.07005
Netherlands,NLD,2021-08-22 03:00:00,2021-08-22 05:00:00,0.06734
Netherlands,NLD,2021-08-22 04:00:00,2021-08-22 06:00:00,0.0679
Netherlands,NLD,2021-08-22 05:00:00,2021-08-22 07:00:00,0.07037
Netherlands,NLD,2021-08-22 06:00:00,2021-08-22 08:00:00,0.07447
Netherlands,NLD,2021-08-22 07:00:00,2021-08-22 09:00:00,0.07684
Netherlands,NLD,2021-08-22 08:00:00,2021-08-22 10:00:00,0.07615999999999999
Netherlands,NLD,2021-08-22 09:00:00,2021-08-22 11:00:00,0.07731
Netherlands,NLD,2021-08-22 10:00:00,2021-08-22 12:00:00,0.07644
Netherlands,NLD,2021-08-22 11:00:00,2021-08-22 13:00:00,0.07540999999999999
Netherlands,NLD,2021-08-22 12:00:00,2021-08-22 14:00:00,0.079
Netherlands,NLD,2021-08-22 13:00:00,2021-08-22 15:00:00,0.07479999999999999
Netherlands,NLD,2021-08-22 14:00:00,2021-08-22 16:00:00,0.079
Netherlands,NLD,2021-08-22 15:00:00,2021-08-22 17:00:00,0.07973999999999999
Netherlands,NLD,2021-08-22 16:00:00,2021-08-22 18:00:00,0.08802
Netherlands,NLD,2021-08-22 17:00:00,2021-08-22 19:00:00,0.095
Netherlands,NLD,2021-08-22 18:00:00,2021-08-22 20:00:00,0.09795999999999999
Netherlands,NLD,2021-08-22 19:00:00,2021-08-22 21:00:00,0.09548000000000001
Netherlands,NLD,2021-08-22 20:00:00,2021-08-22 22:00:00,0.0901
Netherlands,NLD,2021-08-22 21:00:00,2021-08-22 23:00:00,0.08195000000000001
Netherlands,NLD,2021-08-22 22:00:00,2021-08-23 00:00:00,0.07615000000000001
Netherlands,NLD,2021-08-22 23:00:00,2021-08-23 01:00:00,0.07593000000000001
Netherlands,NLD,2021-08-23 00:00:00,2021-08-23 02:00:00,0.0757
Netherlands,NLD,2021-08-23 01:00:00,2021-08-23 03:00:00,0.07352
Netherlands,NLD,2021-08-23 02:00:00,2021-08-23 04:00:00,0.07585
Netherlands,NLD,2021-08-23 03:00:00,2021-08-23 05:00:00,0.07844
Netherlands,NLD,2021-08-23 04:00:00,2021-08-23 06:00:00,0.09439
Netherlands,NLD,2021-08-23 05:00:00,2021-08-23 07:00:00,0.11129
Netherlands,NLD,2021-08-23 06:00:00,2021-08-23 08:00:00,0.11594
Netherlands,NLD,2021-08-23 07:00:00,2021-08-23 09:00:00,0.11418
Netherlands,NLD,2021-08-23 08:00:00,2021-08-23 10:00:00,0.10698
Netherlands,NLD,2021-08-23 09:00:00,2021-08-23 11:00:00,0.10346999999999999
Netherlands,NLD,2021-08-23 10:00:00,2021-08-23 12:00:00,0.09944
Netherlands,NLD,2021-08-23 11:00:00,2021-08-23 13:00:00,0.094
Netherlands,NLD,2021-08-23 12:00:00,2021-08-23 14:00:00,0.08569
Netherlands,NLD,2021-08-23 13:00:00,2021-08-23 15:00:00,0.08395
Netherlands,NLD,2021-08-23 14:00:00,2021-08-23 16:00:00,0.08395
Netherlands,NLD,2021-08-23 15:00:00,2021-08-23 17:00:00,0.09495999999999999
Netherlands,NLD,2021-08-23 16:00:00,2021-08-23 18:00:00,0.105
Netherlands,NLD,2021-08-23 17:00:00,2021-08-23 19:00:00,0.11418
Netherlands,NLD,2021-08-23 18:00:00,2021-08-23 20:00:00,0.11098999999999999
Netherlands,NLD,2021-08-23 19:00:00,2021-08-23 21:00:00,0.10208
Netherlands,NLD,2021-08-23 20:00:00,2021-08-23 22:00:00,0.09392
Netherlands,NLD,2021-08-23 21:00:00,2021-08-23 23:00:00,0.0831
Netherlands,NLD,2021-08-23 22:00:00,2021-08-24 00:00:00,0.08075
Netherlands,NLD,2021-08-23 23:00:00,2021-08-24 01:00:00,0.07868
Netherlands,NLD,2021-08-24 00:00:00,2021-08-24 02:00:00,0.07740999999999999
Netherlands,NLD,2021-08-24 01:00:00,2021-08-24 03:00:00,0.07920999999999999
Netherlands,NLD,2021-08-24 02:00:00,2021-08-24 04:00:00,0.08077
Netherlands,NLD,2021-08-24 03:00:00,2021-08-24 05:00:00,0.08501
Netherlands,NLD,2021-08-24 04:00:00,2021-08-24 06:00:00,0.1002
Netherlands,NLD,2021-08-24 05:00:00,2021-08-24 07:00:00,0.119
Netherlands,NLD,2021-08-24 06:00:00,2021-08-24 08:00:00,0.12705
Netherlands,NLD,2021-08-24 07:00:00,2021-08-24 09:00:00,0.10697
Netherlands,NLD,2021-08-24 08:00:00,2021-08-24 10:00:00,0.101
Netherlands,NLD,2021-08-24 09:00:00,2021-08-24 11:00:00,0.096
Netherlands,NLD,2021-08-24 10:00:00,2021-08-24 12:00:00,0.088
Netherlands,NLD,2021-08-24 11:00:00,2021-08-24 13:00:00,0.08172
Netherlands,NLD,2021-08-24 12:00:00,2021-08-24 14:00:00,0.0778
Netherlands,NLD,2021-08-24 13:00:00,2021-08-24 15:00:00,0.07698
Netherlands,NLD,2021-08-24 14:00:00,2021-08-24 16:00:00,0.07943
Netherlands,NLD,2021-08-24 15:00:00,2021-08-24 17:00:00,0.099
Netherlands,NLD,2021-08-24 16:00:00,2021-08-24 18:00:00,0.10951999999999999
Netherlands,NLD,2021-08-24 17:00:00,2021-08-24 19:00:00,0.1225
Netherlands,NLD,2021-08-24 18:00:00,2021-08-24 20:00:00,0.12398
Netherlands,NLD,2021-08-24 19:00:00,2021-08-24 21:00:00,0.10747
Netherlands,NLD,2021-08-24 20:00:00,2021-08-24 22:00:00,0.1
Netherlands,NLD,2021-08-24 21:00:00,2021-08-24 23:00:00,0.08959
Netherlands,NLD,2021-08-24 22:00:00,2021-08-25 00:00:00,0.08289
Netherlands,NLD,2021-08-24 23:00:00,2021-08-25 01:00:00,0.08170000000000001
Netherlands,NLD,2021-08-25 00:00:00,2021-08-25 02:00:00,0.08103
Netherlands,NLD,2021-08-25 01:00:00,2021-08-25 03:00:00,0.07715999999999999
Netherlands,NLD,2021-08-25 02:00:00,2021-08-25 04:00:00,0.07775
Netherlands,NLD,2021-08-25 03:00:00,2021-08-25 05:00:00,0.08617
Netherlands,NLD,2021-08-25 04:00:00,2021-08-25 06:00:00,0.10131
Netherlands,NLD,2021-08-25 05:00:00,2021-08-25 07:00:00,0.11161
Netherlands,NLD,2021-08-25 06:00:00,2021-08-25 08:00:00,0.10694
Netherlands,NLD,2021-08-25 07:00:00,2021-08-25 09:00:00,0.09512000000000001
Netherlands,NLD,2021-08-25 08:00:00,2021-08-25 10:00:00,0.08446
Netherlands,NLD,2021-08-25 09:00:00,2021-08-25 11:00:00,0.08173
Netherlands,NLD,2021-08-25 10:00:00,2021-08-25 12:00:00,0.07490000000000001
Netherlands,NLD,2021-08-25 11:00:00,2021-08-25 13:00:00,0.07490000000000001
Netherlands,NLD,2021-08-25 12:00:00,2021-08-25 14:00:00,0.07611
Netherlands,NLD,2021-08-25 13:00:00,2021-08-25 15:00:00,0.07632
Netherlands,NLD,2021-08-25 14:00:00,2021-08-25 16:00:00,0.083
Netherlands,NLD,2021-08-25 15:00:00,2021-08-25 17:00:00,0.1001
Netherlands,NLD,2021-08-25 16:00:00,2021-08-25 18:00:00,0.125
Netherlands,NLD,2021-08-25 17:00:00,2021-08-25 19:00:00,0.15378
Netherlands,NLD,2021-08-25 18:00:00,2021-08-25 20:00:00,0.15009999999999998
Netherlands,NLD,2021-08-25 19:00:00,2021-08-25 21:00:00,0.13613999999999998
Netherlands,NLD,2021-08-25 20:00:00,2021-08-25 22:00:00,0.12487999999999999
Netherlands,NLD,2021-08-25 21:00:00,2021-08-25 23:00:00,0.1
Netherlands,NLD,2021-08-25 22:00:00,2021-08-26 00:00:00,0.08666
Netherlands,NLD,2021-08-25 23:00:00,2021-08-26 01:00:00,0.07105
Netherlands,NLD,2021-08-26 00:00:00,2021-08-26 02:00:00,0.07098
Netherlands,NLD,2021-08-26 01:00:00,2021-08-26 03:00:00,0.06995
Netherlands,NLD,2021-08-26 02:00:00,2021-08-26 04:00:00,0.07195
Netherlands,NLD,2021-08-26 03:00:00,2021-08-26 05:00:00,0.07809999999999999
Netherlands,NLD,2021-08-26 04:00:00,2021-08-26 06:00:00,0.09606999999999999
Netherlands,NLD,2021-08-26 05:00:00,2021-08-26 07:00:00,0.112
Netherlands,NLD,2021-08-26 06:00:00,2021-08-26 08:00:00,0.12465000000000001
Netherlands,NLD,2021-08-26 07:00:00,2021-08-26 09:00:00,0.11334999999999999
Netherlands,NLD,2021-08-26 08:00:00,2021-08-26 10:00:00,0.10423
Netherlands,NLD,2021-08-26 09:00:00,2021-08-26 11:00:00,0.10235
Netherlands,NLD,2021-08-26 10:00:00,2021-08-26 12:00:00,0.10015
Netherlands,NLD,2021-08-26 11:00:00,2021-08-26 13:00:00,0.09162000000000001
Netherlands,NLD,2021-08-26 12:00:00,2021-08-26 14:00:00,0.08556
Netherlands,NLD,2021-08-26 13:00:00,2021-08-26 15:00:00,0.08222
Netherlands,NLD,2021-08-26 14:00:00,2021-08-26 16:00:00,0.07984999999999999
Netherlands,NLD,2021-08-26 15:00:00,2021-08-26 17:00:00,0.09121
Netherlands,NLD,2021-08-26 16:00:00,2021-08-26 18:00:00,0.10091
Netherlands,NLD,2021-08-26 17:00:00,2021-08-26 19:00:00,0.10762999999999999
Netherlands,NLD,2021-08-26 18:00:00,2021-08-26 20:00:00,0.109
Netherlands,NLD,2021-08-26 19:00:00,2021-08-26 21:00:00,0.10291
Netherlands,NLD,2021-08-26 20:00:00,2021-08-26 22:00:00,0.0999
Netherlands,NLD,2021-08-26 21:00:00,2021-08-26 23:00:00,0.0999
Netherlands,NLD,2021-08-26 22:00:00,2021-08-27 00:00:00,0.08712
Netherlands,NLD,2021-08-26 23:00:00,2021-08-27 01:00:00,0.08072
Netherlands,NLD,2021-08-27 00:00:00,2021-08-27 02:00:00,0.07973999999999999
Netherlands,NLD,2021-08-27 01:00:00,2021-08-27 03:00:00,0.07848000000000001
Netherlands,NLD,2021-08-27 02:00:00,2021-08-27 04:00:00,0.07809
Netherlands,NLD,2021-08-27 03:00:00,2021-08-27 05:00:00,0.08398
Netherlands,NLD,2021-08-27 04:00:00,2021-08-27 06:00:00,0.10163
Netherlands,NLD,2021-08-27 05:00:00,2021-08-27 07:00:00,0.113
Netherlands,NLD,2021-08-27 06:00:00,2021-08-27 08:00:00,0.11719
Netherlands,NLD,2021-08-27 07:00:00,2021-08-27 09:00:00,0.10897
Netherlands,NLD,2021-08-27 08:00:00,2021-08-27 10:00:00,0.10482
Netherlands,NLD,2021-08-27 09:00:00,2021-08-27 11:00:00,0.10254
Netherlands,NLD,2021-08-27 10:00:00,2021-08-27 12:00:00,0.09959
Netherlands,NLD,2021-08-27 11:00:00,2021-08-27 13:00:00,0.09190000000000001
Netherlands,NLD,2021-08-27 12:00:00,2021-08-27 14:00:00,0.08431
Netherlands,NLD,2021-08-27 13:00:00,2021-08-27 15:00:00,0.08231999999999999
Netherlands,NLD,2021-08-27 14:00:00,2021-08-27 16:00:00,0.0848
Netherlands,NLD,2021-08-27 15:00:00,2021-08-27 17:00:00,0.09659999999999999
Netherlands,NLD,2021-08-27 16:00:00,2021-08-27 18:00:00,0.10479999999999999
Netherlands,NLD,2021-08-27 17:00:00,2021-08-27 19:00:00,0.11374
Netherlands,NLD,2021-08-27 18:00:00,2021-08-27 20:00:00,0.11306999999999999
Netherlands,NLD,2021-08-27 19:00:00,2021-08-27 21:00:00,0.10479999999999999
Netherlands,NLD,2021-08-27 20:00:00,2021-08-27 22:00:00,0.0999
Netherlands,NLD,2021-08-27 21:00:00,2021-08-27 23:00:00,0.09598000000000001
Netherlands,NLD,2021-08-27 22:00:00,2021-08-28 00:00:00,0.08875
Netherlands,NLD,2021-08-27 23:00:00,2021-08-28 01:00:00,0.08131000000000001
Netherlands,NLD,2021-08-28 00:00:00,2021-08-28 02:00:00,0.0777
Netherlands,NLD,2021-08-28 01:00:00,2021-08-28 03:00:00,0.07977
Netherlands,NLD,2021-08-28 02:00:00,2021-08-28 04:00:00,0.0773
Netherlands,NLD,2021-08-28 03:00:00,2021-08-28 05:00:00,0.07662000000000001
Netherlands,NLD,2021-08-28 04:00:00,2021-08-28 06:00:00,0.07803
Netherlands,NLD,2021-08-28 05:00:00,2021-08-28 07:00:00,0.085
Netherlands,NLD,2021-08-28 06:00:00,2021-08-28 08:00:00,0.09001
Netherlands,NLD,2021-08-28 07:00:00,2021-08-28 09:00:00,0.09154999999999999
Netherlands,NLD,2021-08-28 08:00:00,2021-08-28 10:00:00,0.08765
Netherlands,NLD,2021-08-28 09:00:00,2021-08-28 11:00:00,0.08576
Netherlands,NLD,2021-08-28 10:00:00,2021-08-28 12:00:00,0.08101
Netherlands,NLD,2021-08-28 11:00:00,2021-08-28 13:00:00,0.07526999999999999
Netherlands,NLD,2021-08-28 12:00:00,2021-08-28 14:00:00,0.06837
Netherlands,NLD,2021-08-28 13:00:00,2021-08-28 15:00:00,0.06822
Netherlands,NLD,2021-08-28 14:00:00,2021-08-28 16:00:00,0.0709
Netherlands,NLD,2021-08-28 15:00:00,2021-08-28 17:00:00,0.081
Netherlands,NLD,2021-08-28 16:00:00,2021-08-28 18:00:00,0.09134
Netherlands,NLD,2021-08-28 17:00:00,2021-08-28 19:00:00,0.09985
Netherlands,NLD,2021-08-28 18:00:00,2021-08-28 20:00:00,0.10132
Netherlands,NLD,2021-08-28 19:00:00,2021-08-28 21:00:00,0.09609000000000001
Netherlands,NLD,2021-08-28 20:00:00,2021-08-28 22:00:00,0.09408
Netherlands,NLD,2021-08-28 21:00:00,2021-08-28 23:00:00,0.08444
Netherlands,NLD,2021-08-28 22:00:00,2021-08-29 00:00:00,0.07806
Netherlands,NLD,2021-08-28 23:00:00,2021-08-29 01:00:00,0.07357
Netherlands,NLD,2021-08-29 00:00:00,2021-08-29 02:00:00,0.07054
Netherlands,NLD,2021-08-29 01:00:00,2021-08-29 03:00:00,0.06875
Netherlands,NLD,2021-08-29 02:00:00,2021-08-29 04:00:00,0.06639
Netherlands,NLD,2021-08-29 03:00:00,2021-08-29 05:00:00,0.0669
Netherlands,NLD,2021-08-29 04:00:00,2021-08-29 06:00:00,0.0732
Netherlands,NLD,2021-08-29 05:00:00,2021-08-29 07:00:00,0.07335
Netherlands,NLD,2021-08-29 06:00:00,2021-08-29 08:00:00,0.07704000000000001
Netherlands,NLD,2021-08-29 07:00:00,2021-08-29 09:00:00,0.08072
Netherlands,NLD,2021-08-29 08:00:00,2021-08-29 10:00:00,0.08065
Netherlands,NLD,2021-08-29 09:00:00,2021-08-29 11:00:00,0.085
Netherlands,NLD,2021-08-29 10:00:00,2021-08-29 12:00:00,0.08284
Netherlands,NLD,2021-08-29 11:00:00,2021-08-29 13:00:00,0.07823999999999999
Netherlands,NLD,2021-08-29 12:00:00,2021-08-29 14:00:00,0.07490999999999999
Netherlands,NLD,2021-08-29 13:00:00,2021-08-29 15:00:00,0.07382999999999999
Netherlands,NLD,2021-08-29 14:00:00,2021-08-29 16:00:00,0.07
Netherlands,NLD,2021-08-29 15:00:00,2021-08-29 17:00:00,0.08875
Netherlands,NLD,2021-08-29 16:00:00,2021-08-29 18:00:00,0.09355
Netherlands,NLD,2021-08-29 17:00:00,2021-08-29 19:00:00,0.10106
Netherlands,NLD,2021-08-29 18:00:00,2021-08-29 20:00:00,0.10166
Netherlands,NLD,2021-08-29 19:00:00,2021-08-29 21:00:00,0.09837
Netherlands,NLD,2021-08-29 20:00:00,2021-08-29 22:00:00,0.09165000000000001
Netherlands,NLD,2021-08-29 21:00:00,2021-08-29 23:00:00,0.08657
Netherlands,NLD,2021-08-29 22:00:00,2021-08-30 00:00:00,0.07970000000000001
Netherlands,NLD,2021-08-29 23:00:00,2021-08-30 01:00:00,0.0799
Netherlands,NLD,2021-08-30 00:00:00,2021-08-30 02:00:00,0.07657
Netherlands,NLD,2021-08-30 01:00:00,2021-08-30 03:00:00,0.0728
Netherlands,NLD,2021-08-30 02:00:00,2021-08-30 04:00:00,0.07637999999999999
Netherlands,NLD,2021-08-30 03:00:00,2021-08-30 05:00:00,0.07964
Netherlands,NLD,2021-08-30 04:00:00,2021-08-30 06:00:00,0.11017
Netherlands,NLD,2021-08-30 05:00:00,2021-08-30 07:00:00,0.126
Netherlands,NLD,2021-08-30 06:00:00,2021-08-30 08:00:00,0.13191999999999998
Netherlands,NLD,2021-08-30 07:00:00,2021-08-30 09:00:00,0.13291999999999998
Netherlands,NLD,2021-08-30 08:00:00,2021-08-30 10:00:00,0.12853
Netherlands,NLD,2021-08-30 09:00:00,2021-08-30 11:00:00,0.1261
Netherlands,NLD,2021-08-30 10:00:00,2021-08-30 12:00:00,0.122
Netherlands,NLD,2021-08-30 11:00:00,2021-08-30 13:00:00,0.11259999999999999
Netherlands,NLD,2021-08-30 12:00:00,2021-08-30 14:00:00,0.10493999999999999
Netherlands,NLD,2021-08-30 13:00:00,2021-08-30 15:00:00,0.101
Netherlands,NLD,2021-08-30 14:00:00,2021-08-30 16:00:00,0.10099
Netherlands,NLD,2021-08-30 15:00:00,2021-08-30 17:00:00,0.10958
Netherlands,NLD,2021-08-30 16:00:00,2021-08-30 18:00:00,0.11674
Netherlands,NLD,2021-08-30 17:00:00,2021-08-30 19:00:00,0.12847999999999998
Netherlands,NLD,2021-08-30 18:00:00,2021-08-30 20:00:00,0.13004
Netherlands,NLD,2021-08-30 19:00:00,2021-08-30 21:00:00,0.13991
Netherlands,NLD,2021-08-30 20:00:00,2021-08-30 22:00:00,0.12204000000000001
Netherlands,NLD,2021-08-30 21:00:00,2021-08-30 23:00:00,0.1201
Netherlands,NLD,2021-08-30 22:00:00,2021-08-31 00:00:00,0.09487000000000001
Netherlands,NLD,2021-08-30 23:00:00,2021-08-31 01:00:00,0.09002
Netherlands,NLD,2021-08-31 00:00:00,2021-08-31 02:00:00,0.08754
Netherlands,NLD,2021-08-31 01:00:00,2021-08-31 03:00:00,0.08893999999999999
Netherlands,NLD,2021-08-31 02:00:00,2021-08-31 04:00:00,0.09342
Netherlands,NLD,2021-08-31 03:00:00,2021-08-31 05:00:00,0.09440000000000001
Netherlands,NLD,2021-08-31 04:00:00,2021-08-31 06:00:00,0.115
Netherlands,NLD,2021-08-31 05:00:00,2021-08-31 07:00:00,0.13964
Netherlands,NLD,2021-08-31 06:00:00,2021-08-31 08:00:00,0.13702
Netherlands,NLD,2021-08-31 07:00:00,2021-08-31 09:00:00,0.13584000000000002
Netherlands,NLD,2021-08-31 08:00:00,2021-08-31 10:00:00,0.12513
Netherlands,NLD,2021-08-31 09:00:00,2021-08-31 11:00:00,0.11619
Netherlands,NLD,2021-08-31 10:00:00,2021-08-31 12:00:00,0.11361
Netherlands,NLD,2021-08-31 11:00:00,2021-08-31 13:00:00,0.10466
Netherlands,NLD,2021-08-31 12:00:00,2021-08-31 14:00:00,0.09720000000000001
Netherlands,NLD,2021-08-31 13:00:00,2021-08-31 15:00:00,0.09523999999999999
Netherlands,NLD,2021-08-31 14:00:00,2021-08-31 16:00:00,0.09551000000000001
Netherlands,NLD,2021-08-31 15:00:00,2021-08-31 17:00:00,0.11045
Netherlands,NLD,2021-08-31 16:00:00,2021-08-31 18:00:00,0.12381
Netherlands,NLD,2021-08-31 17:00:00,2021-08-31 19:00:00,0.13407
Netherlands,NLD,2021-08-31 18:00:00,2021-08-31 20:00:00,0.1349
Netherlands,NLD,2021-08-31 19:00:00,2021-08-31 21:00:00,0.12844
Netherlands,NLD,2021-08-31 20:00:00,2021-08-31 22:00:00,0.10629999999999999
Netherlands,NLD,2021-08-31 21:00:00,2021-08-31 23:00:00,0.0991
Netherlands,NLD,2021-08-31 22:00:00,2021-09-01 00:00:00,0.09478
Netherlands,NLD,2021-08-31 23:00:00,2021-09-01 01:00:00,0.09420999999999999
Netherlands,NLD,2021-09-01 00:00:00,2021-09-01 02:00:00,0.09731999999999999
Netherlands,NLD,2021-09-01 01:00:00,2021-09-01 03:00:00,0.10018
Netherlands,NLD,2021-09-01 02:00:00,2021-09-01 04:00:00,0.10623
Netherlands,NLD,2021-09-01 03:00:00,2021-09-01 05:00:00,0.1047
Netherlands,NLD,2021-09-01 04:00:00,2021-09-01 06:00:00,0.133
Netherlands,NLD,2021-09-01 05:00:00,2021-09-01 07:00:00,0.13867
Netherlands,NLD,2021-09-01 06:00:00,2021-09-01 08:00:00,0.14294
Netherlands,NLD,2021-09-01 07:00:00,2021-09-01 09:00:00,0.13951
Netherlands,NLD,2021-09-01 08:00:00,2021-09-01 10:00:00,0.11699
Netherlands,NLD,2021-09-01 09:00:00,2021-09-01 11:00:00,0.10975
Netherlands,NLD,2021-09-01 10:00:00,2021-09-01 12:00:00,0.10388
Netherlands,NLD,2021-09-01 11:00:00,2021-09-01 13:00:00,0.098
Netherlands,NLD,2021-09-01 12:00:00,2021-09-01 14:00:00,0.09498000000000001
Netherlands,NLD,2021-09-01 13:00:00,2021-09-01 15:00:00,0.09506
Netherlands,NLD,2021-09-01 14:00:00,2021-09-01 16:00:00,0.09784000000000001
Netherlands,NLD,2021-09-01 15:00:00,2021-09-01 17:00:00,0.11797
Netherlands,NLD,2021-09-01 16:00:00,2021-09-01 18:00:00,0.13688
Netherlands,NLD,2021-09-01 17:00:00,2021-09-01 19:00:00,0.15153999999999998
Netherlands,NLD,2021-09-01 18:00:00,2021-09-01 20:00:00,0.15119
Netherlands,NLD,2021-09-01 19:00:00,2021-09-01 21:00:00,0.12856
Netherlands,NLD,2021-09-01 20:00:00,2021-09-01 22:00:00,0.11439
Netherlands,NLD,2021-09-01 21:00:00,2021-09-01 23:00:00,0.10273
Netherlands,NLD,2021-09-01 22:00:00,2021-09-02 00:00:00,0.10141
Netherlands,NLD,2021-09-01 23:00:00,2021-09-02 01:00:00,0.10645
Netherlands,NLD,2021-09-02 00:00:00,2021-09-02 02:00:00,0.104
Netherlands,NLD,2021-09-02 01:00:00,2021-09-02 03:00:00,0.10540000000000001
Netherlands,NLD,2021-09-02 02:00:00,2021-09-02 04:00:00,0.11393
Netherlands,NLD,2021-09-02 03:00:00,2021-09-02 05:00:00,0.11438
Netherlands,NLD,2021-09-02 04:00:00,2021-09-02 06:00:00,0.14363
Netherlands,NLD,2021-09-02 05:00:00,2021-09-02 07:00:00,0.16491
Netherlands,NLD,2021-09-02 06:00:00,2021-09-02 08:00:00,0.15197999999999998
Netherlands,NLD,2021-09-02 07:00:00,2021-09-02 09:00:00,0.1499
Netherlands,NLD,2021-09-02 08:00:00,2021-09-02 10:00:00,0.11892
Netherlands,NLD,2021-09-02 09:00:00,2021-09-02 11:00:00,0.113
Netherlands,NLD,2021-09-02 10:00:00,2021-09-02 12:00:00,0.10784
Netherlands,NLD,2021-09-02 11:00:00,2021-09-02 13:00:00,0.10099
Netherlands,NLD,2021-09-02 12:00:00,2021-09-02 14:00:00,0.09797
Netherlands,NLD,2021-09-02 13:00:00,2021-09-02 15:00:00,0.10504999999999999
Netherlands,NLD,2021-09-02 14:00:00,2021-09-02 16:00:00,0.11244
Netherlands,NLD,2021-09-02 15:00:00,2021-09-02 17:00:00,0.12265999999999999
Netherlands,NLD,2021-09-02 16:00:00,2021-09-02 18:00:00,0.138
Netherlands,NLD,2021-09-02 17:00:00,2021-09-02 19:00:00,0.17303
Netherlands,NLD,2021-09-02 18:00:00,2021-09-02 20:00:00,0.16933
Netherlands,NLD,2021-09-02 19:00:00,2021-09-02 21:00:00,0.13043000000000002
Netherlands,NLD,2021-09-02 20:00:00,2021-09-02 22:00:00,0.11869
Netherlands,NLD,2021-09-02 21:00:00,2021-09-02 23:00:00,0.11325
Netherlands,NLD,2021-09-02 22:00:00,2021-09-03 00:00:00,0.101
Netherlands,NLD,2021-09-02 23:00:00,2021-09-03 01:00:00,0.1006
Netherlands,NLD,2021-09-03 00:00:00,2021-09-03 02:00:00,0.09859
Netherlands,NLD,2021-09-03 01:00:00,2021-09-03 03:00:00,0.0996
Netherlands,NLD,2021-09-03 02:00:00,2021-09-03 04:00:00,0.09904
Netherlands,NLD,2021-09-03 03:00:00,2021-09-03 05:00:00,0.09956
Netherlands,NLD,2021-09-03 04:00:00,2021-09-03 06:00:00,0.12928
Netherlands,NLD,2021-09-03 05:00:00,2021-09-03 07:00:00,0.14809999999999998
Netherlands,NLD,2021-09-03 06:00:00,2021-09-03 08:00:00,0.15
Netherlands,NLD,2021-09-03 07:00:00,2021-09-03 09:00:00,0.124
Netherlands,NLD,2021-09-03 08:00:00,2021-09-03 10:00:00,0.112
Netherlands,NLD,2021-09-03 09:00:00,2021-09-03 11:00:00,0.09606
Netherlands,NLD,2021-09-03 10:00:00,2021-09-03 12:00:00,0.08009999999999999
Netherlands,NLD,2021-09-03 11:00:00,2021-09-03 13:00:00,0.08848
Netherlands,NLD,2021-09-03 12:00:00,2021-09-03 14:00:00,0.08056999999999999
Netherlands,NLD,2021-09-03 13:00:00,2021-09-03 15:00:00,0.08959
Netherlands,NLD,2021-09-03 14:00:00,2021-09-03 16:00:00,0.09232
Netherlands,NLD,2021-09-03 15:00:00,2021-09-03 17:00:00,0.11901
Netherlands,NLD,2021-09-03 16:00:00,2021-09-03 18:00:00,0.13157
Netherlands,NLD,2021-09-03 17:00:00,2021-09-03 19:00:00,0.14393
Netherlands,NLD,2021-09-03 18:00:00,2021-09-03 20:00:00,0.14338
Netherlands,NLD,2021-09-03 19:00:00,2021-09-03 21:00:00,0.12994
Netherlands,NLD,2021-09-03 20:00:00,2021-09-03 22:00:00,0.12096
Netherlands,NLD,2021-09-03 21:00:00,2021-09-03 23:00:00,0.11785999999999999
Netherlands,NLD,2021-09-03 22:00:00,2021-09-04 00:00:00,0.11415
Netherlands,NLD,2021-09-03 23:00:00,2021-09-04 01:00:00,0.10598
Netherlands,NLD,2021-09-04 00:00:00,2021-09-04 02:00:00,0.09805
Netherlands,NLD,2021-09-04 01:00:00,2021-09-04 03:00:00,0.09570999999999999
Netherlands,NLD,2021-09-04 02:00:00,2021-09-04 04:00:00,0.09566
Netherlands,NLD,2021-09-04 03:00:00,2021-09-04 05:00:00,0.09620000000000001
Netherlands,NLD,2021-09-04 04:00:00,2021-09-04 06:00:00,0.1038
Netherlands,NLD,2021-09-04 05:00:00,2021-09-04 07:00:00,0.12098
Netherlands,NLD,2021-09-04 06:00:00,2021-09-04 08:00:00,0.122
Netherlands,NLD,2021-09-04 07:00:00,2021-09-04 09:00:00,0.11599
Netherlands,NLD,2021-09-04 08:00:00,2021-09-04 10:00:00,0.09566
Netherlands,NLD,2021-09-04 09:00:00,2021-09-04 11:00:00,0.08947
Netherlands,NLD,2021-09-04 10:00:00,2021-09-04 12:00:00,0.08951
Netherlands,NLD,2021-09-04 11:00:00,2021-09-04 13:00:00,0.08706
Netherlands,NLD,2021-09-04 12:00:00,2021-09-04 14:00:00,0.08416
Netherlands,NLD,2021-09-04 13:00:00,2021-09-04 15:00:00,0.08646
Netherlands,NLD,2021-09-04 14:00:00,2021-09-04 16:00:00,0.08927
Netherlands,NLD,2021-09-04 15:00:00,2021-09-04 17:00:00,0.10754000000000001
Netherlands,NLD,2021-09-04 16:00:00,2021-09-04 18:00:00,0.12733
Netherlands,NLD,2021-09-04 17:00:00,2021-09-04 19:00:00,0.14255
Netherlands,NLD,2021-09-04 18:00:00,2021-09-04 20:00:00,0.1424
Netherlands,NLD,2021-09-04 19:00:00,2021-09-04 21:00:00,0.12792
Netherlands,NLD,2021-09-04 20:00:00,2021-09-04 22:00:00,0.12459999999999999
Netherlands,NLD,2021-09-04 21:00:00,2021-09-04 23:00:00,0.11
Netherlands,NLD,2021-09-04 22:00:00,2021-09-05 00:00:00,0.11606
Netherlands,NLD,2021-09-04 23:00:00,2021-09-05 01:00:00,0.10037
Netherlands,NLD,2021-09-05 00:00:00,2021-09-05 02:00:00,0.09534999999999999
Netherlands,NLD,2021-09-05 01:00:00,2021-09-05 03:00:00,0.09254000000000001
Netherlands,NLD,2021-09-05 02:00:00,2021-09-05 04:00:00,0.09204000000000001
Netherlands,NLD,2021-09-05 03:00:00,2021-09-05 05:00:00,0.09256
Netherlands,NLD,2021-09-05 04:00:00,2021-09-05 06:00:00,0.09381
Netherlands,NLD,2021-09-05 05:00:00,2021-09-05 07:00:00,0.09287999999999999
Netherlands,NLD,2021-09-05 06:00:00,2021-09-05 08:00:00,0.09344
Netherlands,NLD,2021-09-05 07:00:00,2021-09-05 09:00:00,0.09204000000000001
Netherlands,NLD,2021-09-05 08:00:00,2021-09-05 10:00:00,0.08868000000000001
Netherlands,NLD,2021-09-05 09:00:00,2021-09-05 11:00:00,0.08401
Netherlands,NLD,2021-09-05 10:00:00,2021-09-05 12:00:00,0.08147
Netherlands,NLD,2021-09-05 11:00:00,2021-09-05 13:00:00,0.06566
Netherlands,NLD,2021-09-05 12:00:00,2021-09-05 14:00:00,0.06006
Netherlands,NLD,2021-09-05 13:00:00,2021-09-05 15:00:00,0.06909
Netherlands,NLD,2021-09-05 14:00:00,2021-09-05 16:00:00,0.0849
Netherlands,NLD,2021-09-05 15:00:00,2021-09-05 17:00:00,0.09518
Netherlands,NLD,2021-09-05 16:00:00,2021-09-05 18:00:00,0.12745
Netherlands,NLD,2021-09-05 17:00:00,2021-09-05 19:00:00,0.13869
Netherlands,NLD,2021-09-05 18:00:00,2021-09-05 20:00:00,0.13907
Netherlands,NLD,2021-09-05 19:00:00,2021-09-05 21:00:00,0.1499
Netherlands,NLD,2021-09-05 20:00:00,2021-09-05 22:00:00,0.1499
Netherlands,NLD,2021-09-05 21:00:00,2021-09-05 23:00:00,0.12
Netherlands,NLD,2021-09-05 22:00:00,2021-09-06 00:00:00,0.10532
Netherlands,NLD,2021-09-05 23:00:00,2021-09-06 01:00:00,0.10479000000000001
Netherlands,NLD,2021-09-06 00:00:00,2021-09-06 02:00:00,0.10185
Netherlands,NLD,2021-09-06 01:00:00,2021-09-06 03:00:00,0.09797
Netherlands,NLD,2021-09-06 02:00:00,2021-09-06 04:00:00,0.1
Netherlands,NLD,2021-09-06 03:00:00,2021-09-06 05:00:00,0.11
Netherlands,NLD,2021-09-06 04:00:00,2021-09-06 06:00:00,0.13597
Netherlands,NLD,2021-09-06 05:00:00,2021-09-06 07:00:00,0.17927
Netherlands,NLD,2021-09-06 06:00:00,2021-09-06 08:00:00,0.16882
Netherlands,NLD,2021-09-06 07:00:00,2021-09-06 09:00:00,0.13926
Netherlands,NLD,2021-09-06 08:00:00,2021-09-06 10:00:00,0.12804
Netherlands,NLD,2021-09-06 09:00:00,2021-09-06 11:00:00,0.1107
Netherlands,NLD,2021-09-06 10:00:00,2021-09-06 12:00:00,0.10557
Netherlands,NLD,2021-09-06 11:00:00,2021-09-06 13:00:00,0.10542
Netherlands,NLD,2021-09-06 12:00:00,2021-09-06 14:00:00,0.10549
Netherlands,NLD,2021-09-06 13:00:00,2021-09-06 15:00:00,0.11508
Netherlands,NLD,2021-09-06 14:00:00,2021-09-06 16:00:00,0.12866999999999998
Netherlands,NLD,2021-09-06 15:00:00,2021-09-06 17:00:00,0.13773
Netherlands,NLD,2021-09-06 16:00:00,2021-09-06 18:00:00,0.15028
Netherlands,NLD,2021-09-06 17:00:00,2021-09-06 19:00:00,0.1943
Netherlands,NLD,2021-09-06 18:00:00,2021-09-06 20:00:00,0.1854
Netherlands,NLD,2021-09-06 19:00:00,2021-09-06 21:00:00,0.1499
Netherlands,NLD,2021-09-06 20:00:00,2021-09-06 22:00:00,0.13266
Netherlands,NLD,2021-09-06 21:00:00,2021-09-06 23:00:00,0.11079
Netherlands,NLD,2021-09-06 22:00:00,2021-09-07 00:00:00,0.11072
Netherlands,NLD,2021-09-06 23:00:00,2021-09-07 01:00:00,0.112
Netherlands,NLD,2021-09-07 00:00:00,2021-09-07 02:00:00,0.10851999999999999
Netherlands,NLD,2021-09-07 01:00:00,2021-09-07 03:00:00,0.10862000000000001
Netherlands,NLD,2021-09-07 02:00:00,2021-09-07 04:00:00,0.109
Netherlands,NLD,2021-09-07 03:00:00,2021-09-07 05:00:00,0.11175
Netherlands,NLD,2021-09-07 04:00:00,2021-09-07 06:00:00,0.14538
Netherlands,NLD,2021-09-07 05:00:00,2021-09-07 07:00:00,0.165
Netherlands,NLD,2021-09-07 06:00:00,2021-09-07 08:00:00,0.17402
Netherlands,NLD,2021-09-07 07:00:00,2021-09-07 09:00:00,0.1425
Netherlands,NLD,2021-09-07 08:00:00,2021-09-07 10:00:00,0.13451
Netherlands,NLD,2021-09-07 09:00:00,2021-09-07 11:00:00,0.12
Netherlands,NLD,2021-09-07 10:00:00,2021-09-07 12:00:00,0.10811
Netherlands,NLD,2021-09-07 11:00:00,2021-09-07 13:00:00,0.10872
Netherlands,NLD,2021-09-07 12:00:00,2021-09-07 14:00:00,0.10828
Netherlands,NLD,2021-09-07 13:00:00,2021-09-07 15:00:00,0.10798
Netherlands,NLD,2021-09-07 14:00:00,2021-09-07 16:00:00,0.11306999999999999
Netherlands,NLD,2021-09-07 15:00:00,2021-09-07 17:00:00,0.13583
Netherlands,NLD,2021-09-07 16:00:00,2021-09-07 18:00:00,0.1459
Netherlands,NLD,2021-09-07 17:00:00,2021-09-07 19:00:00,0.18
Netherlands,NLD,2021-09-07 18:00:00,2021-09-07 20:00:00,0.16541
Netherlands,NLD,2021-09-07 19:00:00,2021-09-07 21:00:00,0.14132
Netherlands,NLD,2021-09-07 20:00:00,2021-09-07 22:00:00,0.1265
Netherlands,NLD,2021-09-07 21:00:00,2021-09-07 23:00:00,0.10909999999999999
Netherlands,NLD,2021-09-07 22:00:00,2021-09-08 00:00:00,0.115
Netherlands,NLD,2021-09-07 23:00:00,2021-09-08 01:00:00,0.11
Netherlands,NLD,2021-09-08 00:00:00,2021-09-08 02:00:00,0.10662
Netherlands,NLD,2021-09-08 01:00:00,2021-09-08 03:00:00,0.10479999999999999
Netherlands,NLD,2021-09-08 02:00:00,2021-09-08 04:00:00,0.1148
Netherlands,NLD,2021-09-08 03:00:00,2021-09-08 05:00:00,0.11716
Netherlands,NLD,2021-09-08 04:00:00,2021-09-08 06:00:00,0.14698
Netherlands,NLD,2021-09-08 05:00:00,2021-09-08 07:00:00,0.15280000000000002
Netherlands,NLD,2021-09-08 06:00:00,2021-09-08 08:00:00,0.15050999999999998
Netherlands,NLD,2021-09-08 07:00:00,2021-09-08 09:00:00,0.138
Netherlands,NLD,2021-09-08 08:00:00,2021-09-08 10:00:00,0.12417
Netherlands,NLD,2021-09-08 09:00:00,2021-09-08 11:00:00,0.10945999999999999
Netherlands,NLD,2021-09-08 10:00:00,2021-09-08 12:00:00,0.10603
Netherlands,NLD,2021-09-08 11:00:00,2021-09-08 13:00:00,0.10301
Netherlands,NLD,2021-09-08 12:00:00,2021-09-08 14:00:00,0.10393000000000001
Netherlands,NLD,2021-09-08 13:00:00,2021-09-08 15:00:00,0.10908
Netherlands,NLD,2021-09-08 14:00:00,2021-09-08 16:00:00,0.11752
Netherlands,NLD,2021-09-08 15:00:00,2021-09-08 17:00:00,0.13603
Netherlands,NLD,2021-09-08 16:00:00,2021-09-08 18:00:00,0.15009
Netherlands,NLD,2021-09-08 17:00:00,2021-09-08 19:00:00,0.16983
Netherlands,NLD,2021-09-08 18:00:00,2021-09-08 20:00:00,0.15236000000000002
Netherlands,NLD,2021-09-08 19:00:00,2021-09-08 21:00:00,0.13711
Netherlands,NLD,2021-09-08 20:00:00,2021-09-08 22:00:00,0.12501
Netherlands,NLD,2021-09-08 21:00:00,2021-09-08 23:00:00,0.11054
Netherlands,NLD,2021-09-08 22:00:00,2021-09-09 00:00:00,0.10773
Netherlands,NLD,2021-09-08 23:00:00,2021-09-09 01:00:00,0.10772
Netherlands,NLD,2021-09-09 00:00:00,2021-09-09 02:00:00,0.10503
Netherlands,NLD,2021-09-09 01:00:00,2021-09-09 03:00:00,0.10188
Netherlands,NLD,2021-09-09 02:00:00,2021-09-09 04:00:00,0.10316
Netherlands,NLD,2021-09-09 03:00:00,2021-09-09 05:00:00,0.10901999999999999
Netherlands,NLD,2021-09-09 04:00:00,2021-09-09 06:00:00,0.13838
Netherlands,NLD,2021-09-09 05:00:00,2021-09-09 07:00:00,0.14805000000000001
Netherlands,NLD,2021-09-09 06:00:00,2021-09-09 08:00:00,0.14943
Netherlands,NLD,2021-09-09 07:00:00,2021-09-09 09:00:00,0.14499
Netherlands,NLD,2021-09-09 08:00:00,2021-09-09 10:00:00,0.135
Netherlands,NLD,2021-09-09 09:00:00,2021-09-09 11:00:00,0.1093
Netherlands,NLD,2021-09-09 10:00:00,2021-09-09 12:00:00,0.11006
Netherlands,NLD,2021-09-09 11:00:00,2021-09-09 13:00:00,0.11131999999999999
Netherlands,NLD,2021-09-09 12:00:00,2021-09-09 14:00:00,0.1133
Netherlands,NLD,2021-09-09 13:00:00,2021-09-09 15:00:00,0.12383
Netherlands,NLD,2021-09-09 14:00:00,2021-09-09 16:00:00,0.137
Netherlands,NLD,2021-09-09 15:00:00,2021-09-09 17:00:00,0.14784
Netherlands,NLD,2021-09-09 16:00:00,2021-09-09 18:00:00,0.16341
Netherlands,NLD,2021-09-09 17:00:00,2021-09-09 19:00:00,0.18
Netherlands,NLD,2021-09-09 18:00:00,2021-09-09 20:00:00,0.18718
Netherlands,NLD,2021-09-09 19:00:00,2021-09-09 21:00:00,0.148
Netherlands,NLD,2021-09-09 20:00:00,2021-09-09 22:00:00,0.13986
Netherlands,NLD,2021-09-09 21:00:00,2021-09-09 23:00:00,0.12411
Netherlands,NLD,2021-09-09 22:00:00,2021-09-10 00:00:00,0.11901
Netherlands,NLD,2021-09-09 23:00:00,2021-09-10 01:00:00,0.11443
Netherlands,NLD,2021-09-10 00:00:00,2021-09-10 02:00:00,0.11388
Netherlands,NLD,2021-09-10 01:00:00,2021-09-10 03:00:00,0.11167
Netherlands,NLD,2021-09-10 02:00:00,2021-09-10 04:00:00,0.11381999999999999
Netherlands,NLD,2021-09-10 03:00:00,2021-09-10 05:00:00,0.11758
Netherlands,NLD,2021-09-10 04:00:00,2021-09-10 06:00:00,0.14545
Netherlands,NLD,2021-09-10 05:00:00,2021-09-10 07:00:00,0.15807
Netherlands,NLD,2021-09-10 06:00:00,2021-09-10 08:00:00,0.16338
Netherlands,NLD,2021-09-10 07:00:00,2021-09-10 09:00:00,0.15666
Netherlands,NLD,2021-09-10 08:00:00,2021-09-10 10:00:00,0.14922
Netherlands,NLD,2021-09-10 09:00:00,2021-09-10 11:00:00,0.14422
Netherlands,NLD,2021-09-10 10:00:00,2021-09-10 12:00:00,0.14
Netherlands,NLD,2021-09-10 11:00:00,2021-09-10 13:00:00,0.128
Netherlands,NLD,2021-09-10 12:00:00,2021-09-10 14:00:00,0.12052
Netherlands,NLD,2021-09-10 13:00:00,2021-09-10 15:00:00,0.13061
Netherlands,NLD,2021-09-10 14:00:00,2021-09-10 16:00:00,0.14009
Netherlands,NLD,2021-09-10 15:00:00,2021-09-10 17:00:00,0.15550999999999998
Netherlands,NLD,2021-09-10 16:00:00,2021-09-10 18:00:00,0.16087
Netherlands,NLD,2021-09-10 17:00:00,2021-09-10 19:00:00,0.16029
Netherlands,NLD,2021-09-10 18:00:00,2021-09-10 20:00:00,0.15931
Netherlands,NLD,2021-09-10 19:00:00,2021-09-10 21:00:00,0.14864
Netherlands,NLD,2021-09-10 20:00:00,2021-09-10 22:00:00,0.14152
Netherlands,NLD,2021-09-10 21:00:00,2021-09-10 23:00:00,0.13266
Netherlands,NLD,2021-09-10 22:00:00,2021-09-11 00:00:00,0.14016
Netherlands,NLD,2021-09-10 23:00:00,2021-09-11 01:00:00,0.12977
Netherlands,NLD,2021-09-11 00:00:00,2021-09-11 02:00:00,0.11596
Netherlands,NLD,2021-09-11 01:00:00,2021-09-11 03:00:00,0.10981999999999999
Netherlands,NLD,2021-09-11 02:00:00,2021-09-11 04:00:00,0.11001999999999999
Netherlands,NLD,2021-09-11 03:00:00,2021-09-11 05:00:00,0.11120999999999999
Netherlands,NLD,2021-09-11 04:00:00,2021-09-11 06:00:00,0.13006
Netherlands,NLD,2021-09-11 05:00:00,2021-09-11 07:00:00,0.13612
Netherlands,NLD,2021-09-11 06:00:00,2021-09-11 08:00:00,0.14346
Netherlands,NLD,2021-09-11 07:00:00,2021-09-11 09:00:00,0.14503
Netherlands,NLD,2021-09-11 08:00:00,2021-09-11 10:00:00,0.14132
Netherlands,NLD,2021-09-11 09:00:00,2021-09-11 11:00:00,0.13368
Netherlands,NLD,2021-09-11 10:00:00,2021-09-11 12:00:00,0.12201999999999999
Netherlands,NLD,2021-09-11 11:00:00,2021-09-11 13:00:00,0.11159000000000001
Netherlands,NLD,2021-09-11 12:00:00,2021-09-11 14:00:00,0.1097
Netherlands,NLD,2021-09-11 13:00:00,2021-09-11 15:00:00,0.10966
Netherlands,NLD,2021-09-11 14:00:00,2021-09-11 16:00:00,0.11236
Netherlands,NLD,2021-09-11 15:00:00,2021-09-11 17:00:00,0.12919999999999998
Netherlands,NLD,2021-09-11 16:00:00,2021-09-11 18:00:00,0.14698
Netherlands,NLD,2021-09-11 17:00:00,2021-09-11 19:00:00,0.15509
Netherlands,NLD,2021-09-11 18:00:00,2021-09-11 20:00:00,0.1539
Netherlands,NLD,2021-09-11 19:00:00,2021-09-11 21:00:00,0.14503
Netherlands,NLD,2021-09-11 20:00:00,2021-09-11 22:00:00,0.13868
Netherlands,NLD,2021-09-11 21:00:00,2021-09-11 23:00:00,0.12108
Netherlands,NLD,2021-09-11 22:00:00,2021-09-12 00:00:00,0.2085
Netherlands,NLD,2021-09-11 23:00:00,2021-09-12 01:00:00,0.17
Netherlands,NLD,2021-09-12 00:00:00,2021-09-12 02:00:00,0.1151
Netherlands,NLD,2021-09-12 01:00:00,2021-09-12 03:00:00,0.1151
Netherlands,NLD,2021-09-12 02:00:00,2021-09-12 04:00:00,0.09756999999999999
Netherlands,NLD,2021-09-12 03:00:00,2021-09-12 05:00:00,0.09764
Netherlands,NLD,2021-09-12 04:00:00,2021-09-12 06:00:00,0.161
Netherlands,NLD,2021-09-12 05:00:00,2021-09-12 07:00:00,0.10134
Netherlands,NLD,2021-09-12 06:00:00,2021-09-12 08:00:00,0.10640999999999999
Netherlands,NLD,2021-09-12 07:00:00,2021-09-12 09:00:00,0.10717
Netherlands,NLD,2021-09-12 08:00:00,2021-09-12 10:00:00,0.10192
Netherlands,NLD,2021-09-12 09:00:00,2021-09-12 11:00:00,0.10083
Netherlands,NLD,2021-09-12 10:00:00,2021-09-12 12:00:00,0.09456999999999999
Netherlands,NLD,2021-09-12 11:00:00,2021-09-12 13:00:00,0.08106999999999999
Netherlands,NLD,2021-09-12 12:00:00,2021-09-12 14:00:00,0.06968
Netherlands,NLD,2021-09-12 13:00:00,2021-09-12 15:00:00,0.09129999999999999
Netherlands,NLD,2021-09-12 14:00:00,2021-09-12 16:00:00,0.132
Netherlands,NLD,2021-09-12 15:00:00,2021-09-12 17:00:00,0.16791
Netherlands,NLD,2021-09-12 16:00:00,2021-09-12 18:00:00,0.13637
Netherlands,NLD,2021-09-12 17:00:00,2021-09-12 19:00:00,0.15
Netherlands,NLD,2021-09-12 18:00:00,2021-09-12 20:00:00,0.1739
Netherlands,NLD,2021-09-12 19:00:00,2021-09-12 21:00:00,0.16213999999999998
Netherlands,NLD,2021-09-12 20:00:00,2021-09-12 22:00:00,0.12907
Netherlands,NLD,2021-09-12 21:00:00,2021-09-12 23:00:00,0.1499
Netherlands,NLD,2021-09-12 22:00:00,2021-09-13 00:00:00,0.11301
Netherlands,NLD,2021-09-12 23:00:00,2021-09-13 01:00:00,0.1082
Netherlands,NLD,2021-09-13 00:00:00,2021-09-13 02:00:00,0.10392
Netherlands,NLD,2021-09-13 01:00:00,2021-09-13 03:00:00,0.10379000000000001
Netherlands,NLD,2021-09-13 02:00:00,2021-09-13 04:00:00,0.10485
Netherlands,NLD,2021-09-13 03:00:00,2021-09-13 05:00:00,0.11001000000000001
Netherlands,NLD,2021-09-13 04:00:00,2021-09-13 06:00:00,0.15208000000000002
Netherlands,NLD,2021-09-13 05:00:00,2021-09-13 07:00:00,0.16481
Netherlands,NLD,2021-09-13 06:00:00,2021-09-13 08:00:00,0.17587
Netherlands,NLD,2021-09-13 07:00:00,2021-09-13 09:00:00,0.157
Netherlands,NLD,2021-09-13 08:00:00,2021-09-13 10:00:00,0.14793
Netherlands,NLD,2021-09-13 09:00:00,2021-09-13 11:00:00,0.14006
Netherlands,NLD,2021-09-13 10:00:00,2021-09-13 12:00:00,0.11884
Netherlands,NLD,2021-09-13 11:00:00,2021-09-13 13:00:00,0.1169
Netherlands,NLD,2021-09-13 12:00:00,2021-09-13 14:00:00,0.119
Netherlands,NLD,2021-09-13 13:00:00,2021-09-13 15:00:00,0.14163
Netherlands,NLD,2021-09-13 14:00:00,2021-09-13 16:00:00,0.15093
Netherlands,NLD,2021-09-13 15:00:00,2021-09-13 17:00:00,0.15909
Netherlands,NLD,2021-09-13 16:00:00,2021-09-13 18:00:00,0.18461000000000002
Netherlands,NLD,2021-09-13 17:00:00,2021-09-13 19:00:00,0.20332
Netherlands,NLD,2021-09-13 18:00:00,2021-09-13 20:00:00,0.19822
Netherlands,NLD,2021-09-13 19:00:00,2021-09-13 21:00:00,0.16091
Netherlands,NLD,2021-09-13 20:00:00,2021-09-13 22:00:00,0.14715
Netherlands,NLD,2021-09-13 21:00:00,2021-09-13 23:00:00,0.13118000000000002
Netherlands,NLD,2021-09-13 22:00:00,2021-09-14 00:00:00,0.12223
Netherlands,NLD,2021-09-13 23:00:00,2021-09-14 01:00:00,0.12159
Netherlands,NLD,2021-09-14 00:00:00,2021-09-14 02:00:00,0.11383
Netherlands,NLD,2021-09-14 01:00:00,2021-09-14 03:00:00,0.10784
Netherlands,NLD,2021-09-14 02:00:00,2021-09-14 04:00:00,0.11003
Netherlands,NLD,2021-09-14 03:00:00,2021-09-14 05:00:00,0.12203
Netherlands,NLD,2021-09-14 04:00:00,2021-09-14 06:00:00,0.15419
Netherlands,NLD,2021-09-14 05:00:00,2021-09-14 07:00:00,0.16756000000000001
Netherlands,NLD,2021-09-14 06:00:00,2021-09-14 08:00:00,0.17429
Netherlands,NLD,2021-09-14 07:00:00,2021-09-14 09:00:00,0.16290000000000002
Netherlands,NLD,2021-09-14 08:00:00,2021-09-14 10:00:00,0.15215
Netherlands,NLD,2021-09-14 09:00:00,2021-09-14 11:00:00,0.12401000000000001
Netherlands,NLD,2021-09-14 10:00:00,2021-09-14 12:00:00,0.12106
Netherlands,NLD,2021-09-14 11:00:00,2021-09-14 13:00:00,0.11727
Netherlands,NLD,2021-09-14 12:00:00,2021-09-14 14:00:00,0.12543
Netherlands,NLD,2021-09-14 13:00:00,2021-09-14 15:00:00,0.15116
Netherlands,NLD,2021-09-14 14:00:00,2021-09-14 16:00:00,0.15872
Netherlands,NLD,2021-09-14 15:00:00,2021-09-14 17:00:00,0.172
Netherlands,NLD,2021-09-14 16:00:00,2021-09-14 18:00:00,0.2
Netherlands,NLD,2021-09-14 17:00:00,2021-09-14 19:00:00,0.2
Netherlands,NLD,2021-09-14 18:00:00,2021-09-14 20:00:00,0.17648
Netherlands,NLD,2021-09-14 19:00:00,2021-09-14 21:00:00,0.1554
Netherlands,NLD,2021-09-14 20:00:00,2021-09-14 22:00:00,0.14465
Netherlands,NLD,2021-09-14 21:00:00,2021-09-14 23:00:00,0.1306
Netherlands,NLD,2021-09-14 22:00:00,2021-09-15 00:00:00,0.13508
Netherlands,NLD,2021-09-14 23:00:00,2021-09-15 01:00:00,0.13340000000000002
Netherlands,NLD,2021-09-15 00:00:00,2021-09-15 02:00:00,0.12894999999999998
Netherlands,NLD,2021-09-15 01:00:00,2021-09-15 03:00:00,0.1231
Netherlands,NLD,2021-09-15 02:00:00,2021-09-15 04:00:00,0.12800999999999998
Netherlands,NLD,2021-09-15 03:00:00,2021-09-15 05:00:00,0.13701
Netherlands,NLD,2021-09-15 04:00:00,2021-09-15 06:00:00,0.16694
Netherlands,NLD,2021-09-15 05:00:00,2021-09-15 07:00:00,0.18072
Netherlands,NLD,2021-09-15 06:00:00,2021-09-15 08:00:00,0.19211
Netherlands,NLD,2021-09-15 07:00:00,2021-09-15 09:00:00,0.19132
Netherlands,NLD,2021-09-15 08:00:00,2021-09-15 10:00:00,0.18741999999999998
Netherlands,NLD,2021-09-15 09:00:00,2021-09-15 11:00:00,0.18080000000000002
Netherlands,NLD,2021-09-15 10:00:00,2021-09-15 12:00:00,0.18
Netherlands,NLD,2021-09-15 11:00:00,2021-09-15 13:00:00,0.17574
Netherlands,NLD,2021-09-15 12:00:00,2021-09-15 14:00:00,0.17576
Netherlands,NLD,2021-09-15 13:00:00,2021-09-15 15:00:00,0.17909
Netherlands,NLD,2021-09-15 14:00:00,2021-09-15 16:00:00,0.1795
Netherlands,NLD,2021-09-15 15:00:00,2021-09-15 17:00:00,0.19047
Netherlands,NLD,2021-09-15 16:00:00,2021-09-15 18:00:00,0.19402
Netherlands,NLD,2021-09-15 17:00:00,2021-09-15 19:00:00,0.19658
Netherlands,NLD,2021-09-15 18:00:00,2021-09-15 20:00:00,0.19
Netherlands,NLD,2021-09-15 19:00:00,2021-09-15 21:00:00,0.17678
Netherlands,NLD,2021-09-15 20:00:00,2021-09-15 22:00:00,0.16297999999999999
Netherlands,NLD,2021-09-15 21:00:00,2021-09-15 23:00:00,0.15302000000000002
Netherlands,NLD,2021-09-15 22:00:00,2021-09-16 00:00:00,0.13144999999999998
Netherlands,NLD,2021-09-15 23:00:00,2021-09-16 01:00:00,0.12940000000000002
Netherlands,NLD,2021-09-16 00:00:00,2021-09-16 02:00:00,0.12373
Netherlands,NLD,2021-09-16 01:00:00,2021-09-16 03:00:00,0.11792
Netherlands,NLD,2021-09-16 02:00:00,2021-09-16 04:00:00,0.11519
Netherlands,NLD,2021-09-16 03:00:00,2021-09-16 05:00:00,0.13503
Netherlands,NLD,2021-09-16 04:00:00,2021-09-16 06:00:00,0.16972
Netherlands,NLD,2021-09-16 05:00:00,2021-09-16 07:00:00,0.194
Netherlands,NLD,2021-09-16 06:00:00,2021-09-16 08:00:00,0.19781
Netherlands,NLD,2021-09-16 07:00:00,2021-09-16 09:00:00,0.19391
Netherlands,NLD,2021-09-16 08:00:00,2021-09-16 10:00:00,0.18668
Netherlands,NLD,2021-09-16 09:00:00,2021-09-16 11:00:00,0.17908000000000002
Netherlands,NLD,2021-09-16 10:00:00,2021-09-16 12:00:00,0.16
Netherlands,NLD,2021-09-16 11:00:00,2021-09-16 13:00:00,0.14506
Netherlands,NLD,2021-09-16 12:00:00,2021-09-16 14:00:00,0.13652
Netherlands,NLD,2021-09-16 13:00:00,2021-09-16 15:00:00,0.15
Netherlands,NLD,2021-09-16 14:00:00,2021-09-16 16:00:00,0.13423
Netherlands,NLD,2021-09-16 15:00:00,2021-09-16 17:00:00,0.17871
Netherlands,NLD,2021-09-16 16:00:00,2021-09-16 18:00:00,0.18811000000000003
Netherlands,NLD,2021-09-16 17:00:00,2021-09-16 19:00:00,0.19759000000000002
Netherlands,NLD,2021-09-16 18:00:00,2021-09-16 20:00:00,0.19802
Netherlands,NLD,2021-09-16 19:00:00,2021-09-16 21:00:00,0.17978
Netherlands,NLD,2021-09-16 20:00:00,2021-09-16 22:00:00,0.17042
Netherlands,NLD,2021-09-16 21:00:00,2021-09-16 23:00:00,0.1381
Netherlands,NLD,2021-09-16 22:00:00,2021-09-17 00:00:00,0.18
Netherlands,NLD,2021-09-16 23:00:00,2021-09-17 01:00:00,0.1445
Netherlands,NLD,2021-09-17 00:00:00,2021-09-17 02:00:00,0.146
Netherlands,NLD,2021-09-17 01:00:00,2021-09-17 03:00:00,0.13133
Netherlands,NLD,2021-09-17 02:00:00,2021-09-17 04:00:00,0.12592
Netherlands,NLD,2021-09-17 03:00:00,2021-09-17 05:00:00,0.13487000000000002
Netherlands,NLD,2021-09-17 04:00:00,2021-09-17 06:00:00,0.16927
Netherlands,NLD,2021-09-17 05:00:00,2021-09-17 07:00:00,0.18197
Netherlands,NLD,2021-09-17 06:00:00,2021-09-17 08:00:00,0.18816999999999998
Netherlands,NLD,2021-09-17 07:00:00,2021-09-17 09:00:00,0.18286000000000002
Netherlands,NLD,2021-09-17 08:00:00,2021-09-17 10:00:00,0.17533
Netherlands,NLD,2021-09-17 09:00:00,2021-09-17 11:00:00,0.16713
Netherlands,NLD,2021-09-17 10:00:00,2021-09-17 12:00:00,0.1603
Netherlands,NLD,2021-09-17 11:00:00,2021-09-17 13:00:00,0.14066
Netherlands,NLD,2021-09-17 12:00:00,2021-09-17 14:00:00,0.14066
Netherlands,NLD,2021-09-17 13:00:00,2021-09-17 15:00:00,0.14066
Netherlands,NLD,2021-09-17 14:00:00,2021-09-17 16:00:00,0.14066
Netherlands,NLD,2021-09-17 15:00:00,2021-09-17 17:00:00,0.16553
Netherlands,NLD,2021-09-17 16:00:00,2021-09-17 18:00:00,0.1866
Netherlands,NLD,2021-09-17 17:00:00,2021-09-17 19:00:00,0.19233
Netherlands,NLD,2021-09-17 18:00:00,2021-09-17 20:00:00,0.18519999999999998
Netherlands,NLD,2021-09-17 19:00:00,2021-09-17 21:00:00,0.17904
Netherlands,NLD,2021-09-17 20:00:00,2021-09-17 22:00:00,0.17127
Netherlands,NLD,2021-09-17 21:00:00,2021-09-17 23:00:00,0.15392
Netherlands,NLD,2021-09-17 22:00:00,2021-09-18 00:00:00,0.14959
Netherlands,NLD,2021-09-17 23:00:00,2021-09-18 01:00:00,0.13063999999999998
Netherlands,NLD,2021-09-18 00:00:00,2021-09-18 02:00:00,0.12543
Netherlands,NLD,2021-09-18 01:00:00,2021-09-18 03:00:00,0.12062
Netherlands,NLD,2021-09-18 02:00:00,2021-09-18 04:00:00,0.11502
Netherlands,NLD,2021-09-18 03:00:00,2021-09-18 05:00:00,0.11701
Netherlands,NLD,2021-09-18 04:00:00,2021-09-18 06:00:00,0.12706
Netherlands,NLD,2021-09-18 05:00:00,2021-09-18 07:00:00,0.14909
Netherlands,NLD,2021-09-18 06:00:00,2021-09-18 08:00:00,0.1625
Netherlands,NLD,2021-09-18 07:00:00,2021-09-18 09:00:00,0.15509
Netherlands,NLD,2021-09-18 08:00:00,2021-09-18 10:00:00,0.13288
Netherlands,NLD,2021-09-18 09:00:00,2021-09-18 11:00:00,0.12577
Netherlands,NLD,2021-09-18 10:00:00,2021-09-18 12:00:00,0.12165000000000001
Netherlands,NLD,2021-09-18 11:00:00,2021-09-18 13:00:00,0.11386
Netherlands,NLD,2021-09-18 12:00:00,2021-09-18 14:00:00,0.11277
Netherlands,NLD,2021-09-18 13:00:00,2021-09-18 15:00:00,0.11798
Netherlands,NLD,2021-09-18 14:00:00,2021-09-18 16:00:00,0.12594
Netherlands,NLD,2021-09-18 15:00:00,2021-09-18 17:00:00,0.13681000000000001
Netherlands,NLD,2021-09-18 16:00:00,2021-09-18 18:00:00,0.17712
Netherlands,NLD,2021-09-18 17:00:00,2021-09-18 19:00:00,0.17991
Netherlands,NLD,2021-09-18 18:00:00,2021-09-18 20:00:00,0.17897
Netherlands,NLD,2021-09-18 19:00:00,2021-09-18 21:00:00,0.15131999999999998
Netherlands,NLD,2021-09-18 20:00:00,2021-09-18 22:00:00,0.1569
Netherlands,NLD,2021-09-18 21:00:00,2021-09-18 23:00:00,0.1849
Netherlands,NLD,2021-09-18 22:00:00,2021-09-19 00:00:00,0.11208
Netherlands,NLD,2021-09-18 23:00:00,2021-09-19 01:00:00,0.095
Netherlands,NLD,2021-09-19 00:00:00,2021-09-19 02:00:00,0.08567
Netherlands,NLD,2021-09-19 01:00:00,2021-09-19 03:00:00,0.08204
Netherlands,NLD,2021-09-19 02:00:00,2021-09-19 04:00:00,0.07764
Netherlands,NLD,2021-09-19 03:00:00,2021-09-19 05:00:00,0.07659999999999999
Netherlands,NLD,2021-09-19 04:00:00,2021-09-19 06:00:00,0.08168
Netherlands,NLD,2021-09-19 05:00:00,2021-09-19 07:00:00,0.08247
Netherlands,NLD,2021-09-19 06:00:00,2021-09-19 08:00:00,0.088
Netherlands,NLD,2021-09-19 07:00:00,2021-09-19 09:00:00,0.08825
Netherlands,NLD,2021-09-19 08:00:00,2021-09-19 10:00:00,0.08017
Netherlands,NLD,2021-09-19 09:00:00,2021-09-19 11:00:00,0.08065
Netherlands,NLD,2021-09-19 10:00:00,2021-09-19 12:00:00,0.0849
Netherlands,NLD,2021-09-19 11:00:00,2021-09-19 13:00:00,0.07912000000000001
Netherlands,NLD,2021-09-19 12:00:00,2021-09-19 14:00:00,0.07415999999999999
Netherlands,NLD,2021-09-19 13:00:00,2021-09-19 15:00:00,0.07809999999999999
Netherlands,NLD,2021-09-19 14:00:00,2021-09-19 16:00:00,0.08375
Netherlands,NLD,2021-09-19 15:00:00,2021-09-19 17:00:00,0.13
Netherlands,NLD,2021-09-19 16:00:00,2021-09-19 18:00:00,0.15436000000000002
Netherlands,NLD,2021-09-19 17:00:00,2021-09-19 19:00:00,0.16769
Netherlands,NLD,2021-09-19 18:00:00,2021-09-19 20:00:00,0.17063
Netherlands,NLD,2021-09-19 19:00:00,2021-09-19 21:00:00,0.1699
Netherlands,NLD,2021-09-19 20:00:00,2021-09-19 22:00:00,0.1705
Netherlands,NLD,2021-09-19 21:00:00,2021-09-19 23:00:00,0.15147
Netherlands,NLD,2021-09-19 22:00:00,2021-09-20 00:00:00,0.1608
Netherlands,NLD,2021-09-19 23:00:00,2021-09-20 01:00:00,0.15
Netherlands,NLD,2021-09-20 00:00:00,2021-09-20 02:00:00,0.12990000000000002
Netherlands,NLD,2021-09-20 01:00:00,2021-09-20 03:00:00,0.144
Netherlands,NLD,2021-09-20 02:00:00,2021-09-20 04:00:00,0.13513
Netherlands,NLD,2021-09-20 03:00:00,2021-09-20 05:00:00,0.1182
Netherlands,NLD,2021-09-20 04:00:00,2021-09-20 06:00:00,0.16133
Netherlands,NLD,2021-09-20 05:00:00,2021-09-20 07:00:00,0.17952
Netherlands,NLD,2021-09-20 06:00:00,2021-09-20 08:00:00,0.18863999999999997
Netherlands,NLD,2021-09-20 07:00:00,2021-09-20 09:00:00,0.18
Netherlands,NLD,2021-09-20 08:00:00,2021-09-20 10:00:00,0.17267
Netherlands,NLD,2021-09-20 09:00:00,2021-09-20 11:00:00,0.164
Netherlands,NLD,2021-09-20 10:00:00,2021-09-20 12:00:00,0.155
Netherlands,NLD,2021-09-20 11:00:00,2021-09-20 13:00:00,0.14976
Netherlands,NLD,2021-09-20 12:00:00,2021-09-20 14:00:00,0.1286
Netherlands,NLD,2021-09-20 13:00:00,2021-09-20 15:00:00,0.15016
Netherlands,NLD,2021-09-20 14:00:00,2021-09-20 16:00:00,0.16258
Netherlands,NLD,2021-09-20 15:00:00,2021-09-20 17:00:00,0.17233
Netherlands,NLD,2021-09-20 16:00:00,2021-09-20 18:00:00,0.17998
Netherlands,NLD,2021-09-20 17:00:00,2021-09-20 19:00:00,0.2094
Netherlands,NLD,2021-09-20 18:00:00,2021-09-20 20:00:00,0.18580000000000002
Netherlands,NLD,2021-09-20 19:00:00,2021-09-20 21:00:00,0.17115
Netherlands,NLD,2021-09-20 20:00:00,2021-09-20 22:00:00,0.15453
Netherlands,NLD,2021-09-20 21:00:00,2021-09-20 23:00:00,0.13348
Netherlands,NLD,2021-09-20 22:00:00,2021-09-21 00:00:00,0.13012
Netherlands,NLD,2021-09-20 23:00:00,2021-09-21 01:00:00,0.12800999999999998
Netherlands,NLD,2021-09-21 00:00:00,2021-09-21 02:00:00,0.12134
Netherlands,NLD,2021-09-21 01:00:00,2021-09-21 03:00:00,0.11494
Netherlands,NLD,2021-09-21 02:00:00,2021-09-21 04:00:00,0.11904
Netherlands,NLD,2021-09-21 03:00:00,2021-09-21 05:00:00,0.13298
Netherlands,NLD,2021-09-21 04:00:00,2021-09-21 06:00:00,0.17234
Netherlands,NLD,2021-09-21 05:00:00,2021-09-21 07:00:00,0.19085
Netherlands,NLD,2021-09-21 06:00:00,2021-09-21 08:00:00,0.19
Netherlands,NLD,2021-09-21 07:00:00,2021-09-21 09:00:00,0.17692
Netherlands,NLD,2021-09-21 08:00:00,2021-09-21 10:00:00,0.1601
Netherlands,NLD,2021-09-21 09:00:00,2021-09-21 11:00:00,0.15180000000000002
Netherlands,NLD,2021-09-21 10:00:00,2021-09-21 12:00:00,0.14506
Netherlands,NLD,2021-09-21 11:00:00,2021-09-21 13:00:00,0.1325
Netherlands,NLD,2021-09-21 12:00:00,2021-09-21 14:00:00,0.12971000000000002
Netherlands,NLD,2021-09-21 13:00:00,2021-09-21 15:00:00,0.12853
Netherlands,NLD,2021-09-21 14:00:00,2021-09-21 16:00:00,0.1325
Netherlands,NLD,2021-09-21 15:00:00,2021-09-21 17:00:00,0.16521
Netherlands,NLD,2021-09-21 16:00:00,2021-09-21 18:00:00,0.17748
Netherlands,NLD,2021-09-21 17:00:00,2021-09-21 19:00:00,0.19134
Netherlands,NLD,2021-09-21 18:00:00,2021-09-21 20:00:00,0.18287
Netherlands,NLD,2021-09-21 19:00:00,2021-09-21 21:00:00,0.16308
Netherlands,NLD,2021-09-21 20:00:00,2021-09-21 22:00:00,0.1413
Netherlands,NLD,2021-09-21 21:00:00,2021-09-21 23:00:00,0.13118000000000002
Netherlands,NLD,2021-09-21 22:00:00,2021-09-22 00:00:00,0.19605
Netherlands,NLD,2021-09-21 23:00:00,2021-09-22 01:00:00,0.10478
Netherlands,NLD,2021-09-22 00:00:00,2021-09-22 02:00:00,0.09964
Netherlands,NLD,2021-09-22 01:00:00,2021-09-22 03:00:00,0.09459999999999999
Netherlands,NLD,2021-09-22 02:00:00,2021-09-22 04:00:00,0.10004
Netherlands,NLD,2021-09-22 03:00:00,2021-09-22 05:00:00,0.11909
Netherlands,NLD,2021-09-22 04:00:00,2021-09-22 06:00:00,0.181
Netherlands,NLD,2021-09-22 05:00:00,2021-09-22 07:00:00,0.2039
Netherlands,NLD,2021-09-22 06:00:00,2021-09-22 08:00:00,0.2179
Netherlands,NLD,2021-09-22 07:00:00,2021-09-22 09:00:00,0.18525999999999998
Netherlands,NLD,2021-09-22 08:00:00,2021-09-22 10:00:00,0.17015
Netherlands,NLD,2021-09-22 09:00:00,2021-09-22 11:00:00,0.15993000000000002
Netherlands,NLD,2021-09-22 10:00:00,2021-09-22 12:00:00,0.151
Netherlands,NLD,2021-09-22 11:00:00,2021-09-22 13:00:00,0.13969
Netherlands,NLD,2021-09-22 12:00:00,2021-09-22 14:00:00,0.13232
Netherlands,NLD,2021-09-22 13:00:00,2021-09-22 15:00:00,0.13233
Netherlands,NLD,2021-09-22 14:00:00,2021-09-22 16:00:00,0.13997
Netherlands,NLD,2021-09-22 15:00:00,2021-09-22 17:00:00,0.1659
Netherlands,NLD,2021-09-22 16:00:00,2021-09-22 18:00:00,0.18378999999999998
Netherlands,NLD,2021-09-22 17:00:00,2021-09-22 19:00:00,0.20555
Netherlands,NLD,2021-09-22 18:00:00,2021-09-22 20:00:00,0.24828
Netherlands,NLD,2021-09-22 19:00:00,2021-09-22 21:00:00,0.15765
Netherlands,NLD,2021-09-22 20:00:00,2021-09-22 22:00:00,0.16397
Netherlands,NLD,2021-09-22 21:00:00,2021-09-22 23:00:00,0.14368999999999998
Netherlands,NLD,2021-09-22 22:00:00,2021-09-23 00:00:00,0.14326
Netherlands,NLD,2021-09-22 23:00:00,2021-09-23 01:00:00,0.10293000000000001
Netherlands,NLD,2021-09-23 00:00:00,2021-09-23 02:00:00,0.08423
Netherlands,NLD,2021-09-23 01:00:00,2021-09-23 03:00:00,0.07532
Netherlands,NLD,2021-09-23 02:00:00,2021-09-23 04:00:00,0.07006
Netherlands,NLD,2021-09-23 03:00:00,2021-09-23 05:00:00,0.07891
Netherlands,NLD,2021-09-23 04:00:00,2021-09-23 06:00:00,0.12002
Netherlands,NLD,2021-09-23 05:00:00,2021-09-23 07:00:00,0.1797
Netherlands,NLD,2021-09-23 06:00:00,2021-09-23 08:00:00,0.20006000000000002
Netherlands,NLD,2021-09-23 07:00:00,2021-09-23 09:00:00,0.16272999999999999
Netherlands,NLD,2021-09-23 08:00:00,2021-09-23 10:00:00,0.12440000000000001
Netherlands,NLD,2021-09-23 09:00:00,2021-09-23 11:00:00,0.0799
Netherlands,NLD,2021-09-23 10:00:00,2021-09-23 12:00:00,0.078
Netherlands,NLD,2021-09-23 11:00:00,2021-09-23 13:00:00,0.0799
Netherlands,NLD,2021-09-23 12:00:00,2021-09-23 14:00:00,0.078
Netherlands,NLD,2021-09-23 13:00:00,2021-09-23 15:00:00,0.1
Netherlands,NLD,2021-09-23 14:00:00,2021-09-23 16:00:00,0.11
Netherlands,NLD,2021-09-23 15:00:00,2021-09-23 17:00:00,0.16
Netherlands,NLD,2021-09-23 16:00:00,2021-09-23 18:00:00,0.16594
Netherlands,NLD,2021-09-23 17:00:00,2021-09-23 19:00:00,0.2332
Netherlands,NLD,2021-09-23 18:00:00,2021-09-23 20:00:00,0.19490000000000002
Netherlands,NLD,2021-09-23 19:00:00,2021-09-23 21:00:00,0.184
Netherlands,NLD,2021-09-23 20:00:00,2021-09-23 22:00:00,0.17637
Netherlands,NLD,2021-09-23 21:00:00,2021-09-23 23:00:00,0.16616999999999998
Netherlands,NLD,2021-09-23 22:00:00,2021-09-24 00:00:00,0.17081
Netherlands,NLD,2021-09-23 23:00:00,2021-09-24 01:00:00,0.17029
Netherlands,NLD,2021-09-24 00:00:00,2021-09-24 02:00:00,0.18838999999999997
Netherlands,NLD,2021-09-24 01:00:00,2021-09-24 03:00:00,0.151
Netherlands,NLD,2021-09-24 02:00:00,2021-09-24 04:00:00,0.125
Netherlands,NLD,2021-09-24 03:00:00,2021-09-24 05:00:00,0.10990000000000001
Netherlands,NLD,2021-09-24 04:00:00,2021-09-24 06:00:00,0.15009999999999998
Netherlands,NLD,2021-09-24 05:00:00,2021-09-24 07:00:00,0.18685
Netherlands,NLD,2021-09-24 06:00:00,2021-09-24 08:00:00,0.1991
Netherlands,NLD,2021-09-24 07:00:00,2021-09-24 09:00:00,0.217
Netherlands,NLD,2021-09-24 08:00:00,2021-09-24 10:00:00,0.1669
Netherlands,NLD,2021-09-24 09:00:00,2021-09-24 11:00:00,0.12490000000000001
Netherlands,NLD,2021-09-24 10:00:00,2021-09-24 12:00:00,0.10457999999999999
Netherlands,NLD,2021-09-24 11:00:00,2021-09-24 13:00:00,0.09565
Netherlands,NLD,2021-09-24 12:00:00,2021-09-24 14:00:00,0.08742
Netherlands,NLD,2021-09-24 13:00:00,2021-09-24 15:00:00,0.09411
Netherlands,NLD,2021-09-24 14:00:00,2021-09-24 16:00:00,0.12
Netherlands,NLD,2021-09-24 15:00:00,2021-09-24 17:00:00,0.15990000000000001
Netherlands,NLD,2021-09-24 16:00:00,2021-09-24 18:00:00,0.1663
Netherlands,NLD,2021-09-24 17:00:00,2021-09-24 19:00:00,0.18259999999999998
Netherlands,NLD,2021-09-24 18:00:00,2021-09-24 20:00:00,0.21359999999999998
Netherlands,NLD,2021-09-24 19:00:00,2021-09-24 21:00:00,0.1999
Netherlands,NLD,2021-09-24 20:00:00,2021-09-24 22:00:00,0.1997
Netherlands,NLD,2021-09-24 21:00:00,2021-09-24 23:00:00,0.1859
Netherlands,NLD,2021-09-24 22:00:00,2021-09-25 00:00:00,0.15453
Netherlands,NLD,2021-09-24 23:00:00,2021-09-25 01:00:00,0.15306999999999998
Netherlands,NLD,2021-09-25 00:00:00,2021-09-25 02:00:00,0.1512
Netherlands,NLD,2021-09-25 01:00:00,2021-09-25 03:00:00,0.13559000000000002
Netherlands,NLD,2021-09-25 02:00:00,2021-09-25 04:00:00,0.12490000000000001
Netherlands,NLD,2021-09-25 03:00:00,2021-09-25 05:00:00,0.15009999999999998
Netherlands,NLD,2021-09-25 04:00:00,2021-09-25 06:00:00,0.17997
Netherlands,NLD,2021-09-25 05:00:00,2021-09-25 07:00:00,0.1699
Netherlands,NLD,2021-09-25 06:00:00,2021-09-25 08:00:00,0.1778
Netherlands,NLD,2021-09-25 07:00:00,2021-09-25 09:00:00,0.1895
Netherlands,NLD,2021-09-25 08:00:00,2021-09-25 10:00:00,0.17101
Netherlands,NLD,2021-09-25 09:00:00,2021-09-25 11:00:00,0.1378
Netherlands,NLD,2021-09-25 10:00:00,2021-09-25 12:00:00,0.11158
Netherlands,NLD,2021-09-25 11:00:00,2021-09-25 13:00:00,0.104
Netherlands,NLD,2021-09-25 12:00:00,2021-09-25 14:00:00,0.10559
Netherlands,NLD,2021-09-25 13:00:00,2021-09-25 15:00:00,0.11437
Netherlands,NLD,2021-09-25 14:00:00,2021-09-25 16:00:00,0.12599
Netherlands,NLD,2021-09-25 15:00:00,2021-09-25 17:00:00,0.1661
Netherlands,NLD,2021-09-25 16:00:00,2021-09-25 18:00:00,0.181
Netherlands,NLD,2021-09-25 17:00:00,2021-09-25 19:00:00,0.214
Netherlands,NLD,2021-09-25 18:00:00,2021-09-25 20:00:00,0.18816999999999998
Netherlands,NLD,2021-09-25 19:00:00,2021-09-25 21:00:00,0.1699
Netherlands,NLD,2021-09-25 20:00:00,2021-09-25 22:00:00,0.16491
Netherlands,NLD,2021-09-25 21:00:00,2021-09-25 23:00:00,0.15830000000000002
Netherlands,NLD,2021-09-25 22:00:00,2021-09-26 00:00:00,0.14528
Netherlands,NLD,2021-09-25 23:00:00,2021-09-26 01:00:00,0.12495
Netherlands,NLD,2021-09-26 00:00:00,2021-09-26 02:00:00,0.11345999999999999
Netherlands,NLD,2021-09-26 01:00:00,2021-09-26 03:00:00,0.10611
Netherlands,NLD,2021-09-26 02:00:00,2021-09-26 04:00:00,0.10509
Netherlands,NLD,2021-09-26 03:00:00,2021-09-26 05:00:00,0.10468000000000001
Netherlands,NLD,2021-09-26 04:00:00,2021-09-26 06:00:00,0.11195999999999999
Netherlands,NLD,2021-09-26 05:00:00,2021-09-26 07:00:00,0.11309000000000001
Netherlands,NLD,2021-09-26 06:00:00,2021-09-26 08:00:00,0.11781
Netherlands,NLD,2021-09-26 07:00:00,2021-09-26 09:00:00,0.11534
Netherlands,NLD,2021-09-26 08:00:00,2021-09-26 10:00:00,0.11211
Netherlands,NLD,2021-09-26 09:00:00,2021-09-26 11:00:00,0.10631
Netherlands,NLD,2021-09-26 10:00:00,2021-09-26 12:00:00,0.10298
Netherlands,NLD,2021-09-26 11:00:00,2021-09-26 13:00:00,0.09312999999999999
Netherlands,NLD,2021-09-26 12:00:00,2021-09-26 14:00:00,0.09065000000000001
Netherlands,NLD,2021-09-26 13:00:00,2021-09-26 15:00:00,0.09479000000000001
Netherlands,NLD,2021-09-26 14:00:00,2021-09-26 16:00:00,0.11233
Netherlands,NLD,2021-09-26 15:00:00,2021-09-26 17:00:00,0.13736
Netherlands,NLD,2021-09-26 16:00:00,2021-09-26 18:00:00,0.1708
Netherlands,NLD,2021-09-26 17:00:00,2021-09-26 19:00:00,0.18585
Netherlands,NLD,2021-09-26 18:00:00,2021-09-26 20:00:00,0.17918
Netherlands,NLD,2021-09-26 19:00:00,2021-09-26 21:00:00,0.16652
Netherlands,NLD,2021-09-26 20:00:00,2021-09-26 22:00:00,0.16394
Netherlands,NLD,2021-09-26 21:00:00,2021-09-26 23:00:00,0.1435
Netherlands,NLD,2021-09-26 22:00:00,2021-09-27 00:00:00,0.13327
Netherlands,NLD,2021-09-26 23:00:00,2021-09-27 01:00:00,0.11203
Netherlands,NLD,2021-09-27 00:00:00,2021-09-27 02:00:00,0.10599
Netherlands,NLD,2021-09-27 01:00:00,2021-09-27 03:00:00,0.1
Netherlands,NLD,2021-09-27 02:00:00,2021-09-27 04:00:00,0.10223
Netherlands,NLD,2021-09-27 03:00:00,2021-09-27 05:00:00,0.11309000000000001
Netherlands,NLD,2021-09-27 04:00:00,2021-09-27 06:00:00,0.17178
Netherlands,NLD,2021-09-27 05:00:00,2021-09-27 07:00:00,0.18472999999999998
Netherlands,NLD,2021-09-27 06:00:00,2021-09-27 08:00:00,0.19084
Netherlands,NLD,2021-09-27 07:00:00,2021-09-27 09:00:00,0.181
Netherlands,NLD,2021-09-27 08:00:00,2021-09-27 10:00:00,0.17215
Netherlands,NLD,2021-09-27 09:00:00,2021-09-27 11:00:00,0.154
Netherlands,NLD,2021-09-27 10:00:00,2021-09-27 12:00:00,0.1251
Netherlands,NLD,2021-09-27 11:00:00,2021-09-27 13:00:00,0.11220999999999999
Netherlands,NLD,2021-09-27 12:00:00,2021-09-27 14:00:00,0.11120000000000001
Netherlands,NLD,2021-09-27 13:00:00,2021-09-27 15:00:00,0.11524
Netherlands,NLD,2021-09-27 14:00:00,2021-09-27 16:00:00,0.1379
Netherlands,NLD,2021-09-27 15:00:00,2021-09-27 17:00:00,0.16338999999999998
Netherlands,NLD,2021-09-27 16:00:00,2021-09-27 18:00:00,0.1731
Netherlands,NLD,2021-09-27 17:00:00,2021-09-27 19:00:00,0.18519
Netherlands,NLD,2021-09-27 18:00:00,2021-09-27 20:00:00,0.16996
Netherlands,NLD,2021-09-27 19:00:00,2021-09-27 21:00:00,0.15
Netherlands,NLD,2021-09-27 20:00:00,2021-09-27 22:00:00,0.12748
Netherlands,NLD,2021-09-27 21:00:00,2021-09-27 23:00:00,0.10116
Netherlands,NLD,2021-09-27 22:00:00,2021-09-28 00:00:00,0.10769
Netherlands,NLD,2021-09-27 23:00:00,2021-09-28 01:00:00,0.10198
Netherlands,NLD,2021-09-28 00:00:00,2021-09-28 02:00:00,0.09837
Netherlands,NLD,2021-09-28 01:00:00,2021-09-28 03:00:00,0.09809999999999999
Netherlands,NLD,2021-09-28 02:00:00,2021-09-28 04:00:00,0.10597
Netherlands,NLD,2021-09-28 03:00:00,2021-09-28 05:00:00,0.11991
Netherlands,NLD,2021-09-28 04:00:00,2021-09-28 06:00:00,0.17052
Netherlands,NLD,2021-09-28 05:00:00,2021-09-28 07:00:00,0.19021000000000002
Netherlands,NLD,2021-09-28 06:00:00,2021-09-28 08:00:00,0.1951
Netherlands,NLD,2021-09-28 07:00:00,2021-09-28 09:00:00,0.18794
Netherlands,NLD,2021-09-28 08:00:00,2021-09-28 10:00:00,0.17421
Netherlands,NLD,2021-09-28 09:00:00,2021-09-28 11:00:00,0.15491999999999997
Netherlands,NLD,2021-09-28 10:00:00,2021-09-28 12:00:00,0.12537
Netherlands,NLD,2021-09-28 11:00:00,2021-09-28 13:00:00,0.116
Netherlands,NLD,2021-09-28 12:00:00,2021-09-28 14:00:00,0.13269
Netherlands,NLD,2021-09-28 13:00:00,2021-09-28 15:00:00,0.1468
Netherlands,NLD,2021-09-28 14:00:00,2021-09-28 16:00:00,0.165
Netherlands,NLD,2021-09-28 15:00:00,2021-09-28 17:00:00,0.18009999999999998
Netherlands,NLD,2021-09-28 16:00:00,2021-09-28 18:00:00,0.19769
Netherlands,NLD,2021-09-28 17:00:00,2021-09-28 19:00:00,0.23701
Netherlands,NLD,2021-09-28 18:00:00,2021-09-28 20:00:00,0.19533
Netherlands,NLD,2021-09-28 19:00:00,2021-09-28 21:00:00,0.17712999999999998
Netherlands,NLD,2021-09-28 20:00:00,2021-09-28 22:00:00,0.16491
Netherlands,NLD,2021-09-28 21:00:00,2021-09-28 23:00:00,0.13957
Netherlands,NLD,2021-09-28 22:00:00,2021-09-29 00:00:00,0.12054999999999999
Netherlands,NLD,2021-09-28 23:00:00,2021-09-29 01:00:00,0.11083
Netherlands,NLD,2021-09-29 00:00:00,2021-09-29 02:00:00,0.09534999999999999
Netherlands,NLD,2021-09-29 01:00:00,2021-09-29 03:00:00,0.08853
Netherlands,NLD,2021-09-29 02:00:00,2021-09-29 04:00:00,0.08773
Netherlands,NLD,2021-09-29 03:00:00,2021-09-29 05:00:00,0.10406
Netherlands,NLD,2021-09-29 04:00:00,2021-09-29 06:00:00,0.16268000000000002
Netherlands,NLD,2021-09-29 05:00:00,2021-09-29 07:00:00,0.19493000000000002
Netherlands,NLD,2021-09-29 06:00:00,2021-09-29 08:00:00,0.20451
Netherlands,NLD,2021-09-29 07:00:00,2021-09-29 09:00:00,0.19528
Netherlands,NLD,2021-09-29 08:00:00,2021-09-29 10:00:00,0.18359
Netherlands,NLD,2021-09-29 09:00:00,2021-09-29 11:00:00,0.1689
Netherlands,NLD,2021-09-29 10:00:00,2021-09-29 12:00:00,0.12941
Netherlands,NLD,2021-09-29 11:00:00,2021-09-29 13:00:00,0.11131
Netherlands,NLD,2021-09-29 12:00:00,2021-09-29 14:00:00,0.10834999999999999
Netherlands,NLD,2021-09-29 13:00:00,2021-09-29 15:00:00,0.10201
Netherlands,NLD,2021-09-29 14:00:00,2021-09-29 16:00:00,0.10661
Netherlands,NLD,2021-09-29 15:00:00,2021-09-29 17:00:00,0.12772
Netherlands,NLD,2021-09-29 16:00:00,2021-09-29 18:00:00,0.17323
Netherlands,NLD,2021-09-29 17:00:00,2021-09-29 19:00:00,0.18812
Netherlands,NLD,2021-09-29 18:00:00,2021-09-29 20:00:00,0.181
Netherlands,NLD,2021-09-29 19:00:00,2021-09-29 21:00:00,0.1158
Netherlands,NLD,2021-09-29 20:00:00,2021-09-29 22:00:00,0.0999
Netherlands,NLD,2021-09-29 21:00:00,2021-09-29 23:00:00,0.08832999999999999
Netherlands,NLD,2021-09-29 22:00:00,2021-09-30 00:00:00,0.1002
Netherlands,NLD,2021-09-29 23:00:00,2021-09-30 01:00:00,0.07203
Netherlands,NLD,2021-09-30 00:00:00,2021-09-30 02:00:00,0.06697
Netherlands,NLD,2021-09-30 01:00:00,2021-09-30 03:00:00,0.06620999999999999
Netherlands,NLD,2021-09-30 02:00:00,2021-09-30 04:00:00,0.08721
Netherlands,NLD,2021-09-30 03:00:00,2021-09-30 05:00:00,0.1259
Netherlands,NLD,2021-09-30 04:00:00,2021-09-30 06:00:00,0.18941999999999998
Netherlands,NLD,2021-09-30 05:00:00,2021-09-30 07:00:00,0.22615000000000002
Netherlands,NLD,2021-09-30 06:00:00,2021-09-30 08:00:00,0.23643
Netherlands,NLD,2021-09-30 07:00:00,2021-09-30 09:00:00,0.2001
Netherlands,NLD,2021-09-30 08:00:00,2021-09-30 10:00:00,0.1259
Netherlands,NLD,2021-09-30 09:00:00,2021-09-30 11:00:00,0.1199
Netherlands,NLD,2021-09-30 10:00:00,2021-09-30 12:00:00,0.09167
Netherlands,NLD,2021-09-30 11:00:00,2021-09-30 13:00:00,0.08267000000000001
Netherlands,NLD,2021-09-30 12:00:00,2021-09-30 14:00:00,0.08302
Netherlands,NLD,2021-09-30 13:00:00,2021-09-30 15:00:00,0.09512000000000001
Netherlands,NLD,2021-09-30 14:00:00,2021-09-30 16:00:00,0.11819
Netherlands,NLD,2021-09-30 15:00:00,2021-09-30 17:00:00,0.17665999999999998
Netherlands,NLD,2021-09-30 16:00:00,2021-09-30 18:00:00,0.20103000000000001
Netherlands,NLD,2021-09-30 17:00:00,2021-09-30 19:00:00,0.21993000000000001
Netherlands,NLD,2021-09-30 18:00:00,2021-09-30 20:00:00,0.19528
Netherlands,NLD,2021-09-30 19:00:00,2021-09-30 21:00:00,0.142
Netherlands,NLD,2021-09-30 20:00:00,2021-09-30 22:00:00,0.10123
Netherlands,NLD,2021-09-30 21:00:00,2021-09-30 23:00:00,0.08807999999999999
Netherlands,NLD,2021-09-30 22:00:00,2021-10-01 00:00:00,0.09
Netherlands,NLD,2021-09-30 23:00:00,2021-10-01 01:00:00,0.06706999999999999
Netherlands,NLD,2021-10-01 00:00:00,2021-10-01 02:00:00,0.05966
Netherlands,NLD,2021-10-01 01:00:00,2021-10-01 03:00:00,0.047939999999999997
Netherlands,NLD,2021-10-01 02:00:00,2021-10-01 04:00:00,0.054520000000000006
Netherlands,NLD,2021-10-01 03:00:00,2021-10-01 05:00:00,0.06488
Netherlands,NLD,2021-10-01 04:00:00,2021-10-01 06:00:00,0.10490000000000001
Netherlands,NLD,2021-10-01 05:00:00,2021-10-01 07:00:00,0.13112000000000001
Netherlands,NLD,2021-10-01 06:00:00,2021-10-01 08:00:00,0.14205
Netherlands,NLD,2021-10-01 07:00:00,2021-10-01 09:00:00,0.10795
Netherlands,NLD,2021-10-01 08:00:00,2021-10-01 10:00:00,0.08256999999999999
Netherlands,NLD,2021-10-01 09:00:00,2021-10-01 11:00:00,0.0799
Netherlands,NLD,2021-10-01 10:00:00,2021-10-01 12:00:00,0.06529
Netherlands,NLD,2021-10-01 11:00:00,2021-10-01 13:00:00,0.052020000000000004
Netherlands,NLD,2021-10-01 12:00:00,2021-10-01 14:00:00,0.08990000000000001
Netherlands,NLD,2021-10-01 13:00:00,2021-10-01 15:00:00,0.09021
Netherlands,NLD,2021-10-01 14:00:00,2021-10-01 16:00:00,0.12358
Netherlands,NLD,2021-10-01 15:00:00,2021-10-01 17:00:00,0.15881
Netherlands,NLD,2021-10-01 16:00:00,2021-10-01 18:00:00,0.18327000000000002
Netherlands,NLD,2021-10-01 17:00:00,2021-10-01 19:00:00,0.19409
Netherlands,NLD,2021-10-01 18:00:00,2021-10-01 20:00:00,0.1999
Netherlands,NLD,2021-10-01 19:00:00,2021-10-01 21:00:00,0.185
Netherlands,NLD,2021-10-01 20:00:00,2021-10-01 22:00:00,0.205
Netherlands,NLD,2021-10-01 21:00:00,2021-10-01 23:00:00,0.217
Netherlands,NLD,2021-10-01 22:00:00,2021-10-02 00:00:00,0.11502
Netherlands,NLD,2021-10-01 23:00:00,2021-10-02 01:00:00,0.10532
Netherlands,NLD,2021-10-02 00:00:00,2021-10-02 02:00:00,0.10643999999999999
Netherlands,NLD,2021-10-02 01:00:00,2021-10-02 03:00:00,0.10227
Netherlands,NLD,2021-10-02 02:00:00,2021-10-02 04:00:00,0.10471
Netherlands,NLD,2021-10-02 03:00:00,2021-10-02 05:00:00,0.11202
Netherlands,NLD,2021-10-02 04:00:00,2021-10-02 06:00:00,0.14
Netherlands,NLD,2021-10-02 05:00:00,2021-10-02 07:00:00,0.15618
Netherlands,NLD,2021-10-02 06:00:00,2021-10-02 08:00:00,0.16491
Netherlands,NLD,2021-10-02 07:00:00,2021-10-02 09:00:00,0.16491999999999998
Netherlands,NLD,2021-10-02 08:00:00,2021-10-02 10:00:00,0.13558
Netherlands,NLD,2021-10-02 09:00:00,2021-10-02 11:00:00,0.12401999999999999
Netherlands,NLD,2021-10-02 10:00:00,2021-10-02 12:00:00,0.10772
Netherlands,NLD,2021-10-02 11:00:00,2021-10-02 13:00:00,0.08823
Netherlands,NLD,2021-10-02 12:00:00,2021-10-02 14:00:00,0.09059
Netherlands,NLD,2021-10-02 13:00:00,2021-10-02 15:00:00,0.09804
Netherlands,NLD,2021-10-02 14:00:00,2021-10-02 16:00:00,0.12
Netherlands,NLD,2021-10-02 15:00:00,2021-10-02 17:00:00,0.12490000000000001
Netherlands,NLD,2021-10-02 16:00:00,2021-10-02 18:00:00,0.12
Netherlands,NLD,2021-10-02 17:00:00,2021-10-02 19:00:00,0.11556
Netherlands,NLD,2021-10-02 18:00:00,2021-10-02 20:00:00,0.09279000000000001
Netherlands,NLD,2021-10-02 19:00:00,2021-10-02 21:00:00,0.08045999999999999
Netherlands,NLD,2021-10-02 20:00:00,2021-10-02 22:00:00,0.03915
Netherlands,NLD,2021-10-02 21:00:00,2021-10-02 23:00:00,0.01509
Netherlands,NLD,2021-10-02 22:00:00,2021-10-03 00:00:00,1e-05
Netherlands,NLD,2021-10-02 23:00:00,2021-10-03 01:00:00,-2.9999999999999997e-05
Netherlands,NLD,2021-10-03 00:00:00,2021-10-03 02:00:00,-0.00102
Netherlands,NLD,2021-10-03 01:00:00,2021-10-03 03:00:00,-0.00191
Netherlands,NLD,2021-10-03 02:00:00,2021-10-03 04:00:00,-0.00202
Netherlands,NLD,2021-10-03 03:00:00,2021-10-03 05:00:00,-0.001
Netherlands,NLD,2021-10-03 04:00:00,2021-10-03 06:00:00,2e-05
Netherlands,NLD,2021-10-03 05:00:00,2021-10-03 07:00:00,0.1199
Netherlands,NLD,2021-10-03 06:00:00,2021-10-03 08:00:00,0.1673
Netherlands,NLD,2021-10-03 07:00:00,2021-10-03 09:00:00,0.20574
Netherlands,NLD,2021-10-03 08:00:00,2021-10-03 10:00:00,0.24
Netherlands,NLD,2021-10-03 09:00:00,2021-10-03 11:00:00,0.2399
Netherlands,NLD,2021-10-03 10:00:00,2021-10-03 12:00:00,0.23197
Netherlands,NLD,2021-10-03 11:00:00,2021-10-03 13:00:00,0.19490000000000002
Netherlands,NLD,2021-10-03 12:00:00,2021-10-03 14:00:00,0.15
Netherlands,NLD,2021-10-03 13:00:00,2021-10-03 15:00:00,0.12
Netherlands,NLD,2021-10-03 14:00:00,2021-10-03 16:00:00,0.105
Netherlands,NLD,2021-10-03 15:00:00,2021-10-03 17:00:00,0.115
Netherlands,NLD,2021-10-03 16:00:00,2021-10-03 18:00:00,0.12759
Netherlands,NLD,2021-10-03 17:00:00,2021-10-03 19:00:00,0.15384
Netherlands,NLD,2021-10-03 18:00:00,2021-10-03 20:00:00,0.16490000000000002
Netherlands,NLD,2021-10-03 19:00:00,2021-10-03 21:00:00,0.12007999999999999
Netherlands,NLD,2021-10-03 20:00:00,2021-10-03 22:00:00,0.1197
Netherlands,NLD,2021-10-03 21:00:00,2021-10-03 23:00:00,0.10840000000000001
Netherlands,NLD,2021-10-03 22:00:00,2021-10-04 00:00:00,0.0742
Netherlands,NLD,2021-10-03 23:00:00,2021-10-04 01:00:00,0.07113
Netherlands,NLD,2021-10-04 00:00:00,2021-10-04 02:00:00,0.07045
Netherlands,NLD,2021-10-04 01:00:00,2021-10-04 03:00:00,0.06734
Netherlands,NLD,2021-10-04 02:00:00,2021-10-04 04:00:00,0.0673
Netherlands,NLD,2021-10-04 03:00:00,2021-10-04 05:00:00,0.0902
Netherlands,NLD,2021-10-04 04:00:00,2021-10-04 06:00:00,0.17808000000000002
Netherlands,NLD,2021-10-04 05:00:00,2021-10-04 07:00:00,0.2171
Netherlands,NLD,2021-10-04 06:00:00,2021-10-04 08:00:00,0.22199000000000002
Netherlands,NLD,2021-10-04 07:00:00,2021-10-04 09:00:00,0.21359999999999998
Netherlands,NLD,2021-10-04 08:00:00,2021-10-04 10:00:00,0.19693
Netherlands,NLD,2021-10-04 09:00:00,2021-10-04 11:00:00,0.14
Netherlands,NLD,2021-10-04 10:00:00,2021-10-04 12:00:00,0.11
Netherlands,NLD,2021-10-04 11:00:00,2021-10-04 13:00:00,0.10490000000000001
Netherlands,NLD,2021-10-04 12:00:00,2021-10-04 14:00:00,0.10393000000000001
Netherlands,NLD,2021-10-04 13:00:00,2021-10-04 15:00:00,0.11115
Netherlands,NLD,2021-10-04 14:00:00,2021-10-04 16:00:00,0.14
Netherlands,NLD,2021-10-04 15:00:00,2021-10-04 17:00:00,0.19706
Netherlands,NLD,2021-10-04 16:00:00,2021-10-04 18:00:00,0.21233000000000002
Netherlands,NLD,2021-10-04 17:00:00,2021-10-04 19:00:00,0.23
Netherlands,NLD,2021-10-04 18:00:00,2021-10-04 20:00:00,0.2072
Netherlands,NLD,2021-10-04 19:00:00,2021-10-04 21:00:00,0.1706
Netherlands,NLD,2021-10-04 20:00:00,2021-10-04 22:00:00,0.15907
Netherlands,NLD,2021-10-04 21:00:00,2021-10-04 23:00:00,0.1331
Netherlands,NLD,2021-10-04 22:00:00,2021-10-05 00:00:00,0.12165000000000001
Netherlands,NLD,2021-10-04 23:00:00,2021-10-05 01:00:00,0.1124
Netherlands,NLD,2021-10-05 00:00:00,2021-10-05 02:00:00,0.10038
Netherlands,NLD,2021-10-05 01:00:00,2021-10-05 03:00:00,0.09458
Netherlands,NLD,2021-10-05 02:00:00,2021-10-05 04:00:00,0.09491
Netherlands,NLD,2021-10-05 03:00:00,2021-10-05 05:00:00,0.11095999999999999
Netherlands,NLD,2021-10-05 04:00:00,2021-10-05 06:00:00,0.16812
Netherlands,NLD,2021-10-05 05:00:00,2021-10-05 07:00:00,0.21761000000000003
Netherlands,NLD,2021-10-05 06:00:00,2021-10-05 08:00:00,0.22905
Netherlands,NLD,2021-10-05 07:00:00,2021-10-05 09:00:00,0.21753999999999998
Netherlands,NLD,2021-10-05 08:00:00,2021-10-05 10:00:00,0.20404
Netherlands,NLD,2021-10-05 09:00:00,2021-10-05 11:00:00,0.19491999999999998
Netherlands,NLD,2021-10-05 10:00:00,2021-10-05 12:00:00,0.18071
Netherlands,NLD,2021-10-05 11:00:00,2021-10-05 13:00:00,0.16218000000000002
Netherlands,NLD,2021-10-05 12:00:00,2021-10-05 14:00:00,0.155
Netherlands,NLD,2021-10-05 13:00:00,2021-10-05 15:00:00,0.15531
Netherlands,NLD,2021-10-05 14:00:00,2021-10-05 16:00:00,0.15955000000000003
Netherlands,NLD,2021-10-05 15:00:00,2021-10-05 17:00:00,0.1829
Netherlands,NLD,2021-10-05 16:00:00,2021-10-05 18:00:00,0.20698
Netherlands,NLD,2021-10-05 17:00:00,2021-10-05 19:00:00,0.21753999999999998
Netherlands,NLD,2021-10-05 18:00:00,2021-10-05 20:00:00,0.18591999999999997
Netherlands,NLD,2021-10-05 19:00:00,2021-10-05 21:00:00,0.14103
Netherlands,NLD,2021-10-05 20:00:00,2021-10-05 22:00:00,0.1199
Netherlands,NLD,2021-10-05 21:00:00,2021-10-05 23:00:00,0.10003000000000001
Netherlands,NLD,2021-10-05 22:00:00,2021-10-06 00:00:00,0.08098999999999999
Netherlands,NLD,2021-10-05 23:00:00,2021-10-06 01:00:00,0.07498
Netherlands,NLD,2021-10-06 00:00:00,2021-10-06 02:00:00,0.07066
Netherlands,NLD,2021-10-06 01:00:00,2021-10-06 03:00:00,0.06041
Netherlands,NLD,2021-10-06 02:00:00,2021-10-06 04:00:00,0.06048
Netherlands,NLD,2021-10-06 03:00:00,2021-10-06 05:00:00,0.07719
Netherlands,NLD,2021-10-06 04:00:00,2021-10-06 06:00:00,0.1489
Netherlands,NLD,2021-10-06 05:00:00,2021-10-06 07:00:00,0.22
Netherlands,NLD,2021-10-06 06:00:00,2021-10-06 08:00:00,0.24803
Netherlands,NLD,2021-10-06 07:00:00,2021-10-06 09:00:00,0.24012
Netherlands,NLD,2021-10-06 08:00:00,2021-10-06 10:00:00,0.21202000000000001
Netherlands,NLD,2021-10-06 09:00:00,2021-10-06 11:00:00,0.2055
Netherlands,NLD,2021-10-06 10:00:00,2021-10-06 12:00:00,0.2
Netherlands,NLD,2021-10-06 11:00:00,2021-10-06 13:00:00,0.19343000000000002
Netherlands,NLD,2021-10-06 12:00:00,2021-10-06 14:00:00,0.19419999999999998
Netherlands,NLD,2021-10-06 13:00:00,2021-10-06 15:00:00,0.19513
Netherlands,NLD,2021-10-06 14:00:00,2021-10-06 16:00:00,0.21406999999999998
Netherlands,NLD,2021-10-06 15:00:00,2021-10-06 17:00:00,0.24849000000000002
Netherlands,NLD,2021-10-06 16:00:00,2021-10-06 18:00:00,0.2522
Netherlands,NLD,2021-10-06 17:00:00,2021-10-06 19:00:00,0.29097
Netherlands,NLD,2021-10-06 18:00:00,2021-10-06 20:00:00,0.26
Netherlands,NLD,2021-10-06 19:00:00,2021-10-06 21:00:00,0.24498
Netherlands,NLD,2021-10-06 20:00:00,2021-10-06 22:00:00,0.22019
Netherlands,NLD,2021-10-06 21:00:00,2021-10-06 23:00:00,0.2057
Netherlands,NLD,2021-10-06 22:00:00,2021-10-07 00:00:00,0.261
Netherlands,NLD,2021-10-06 23:00:00,2021-10-07 01:00:00,0.25286000000000003
Netherlands,NLD,2021-10-07 00:00:00,2021-10-07 02:00:00,0.25
Netherlands,NLD,2021-10-07 01:00:00,2021-10-07 03:00:00,0.23686000000000001
Netherlands,NLD,2021-10-07 02:00:00,2021-10-07 04:00:00,0.24187999999999998
Netherlands,NLD,2021-10-07 03:00:00,2021-10-07 05:00:00,0.26431
Netherlands,NLD,2021-10-07 04:00:00,2021-10-07 06:00:00,0.31005
Netherlands,NLD,2021-10-07 05:00:00,2021-10-07 07:00:00,0.35608999999999996
Netherlands,NLD,2021-10-07 06:00:00,2021-10-07 08:00:00,0.3931
Netherlands,NLD,2021-10-07 07:00:00,2021-10-07 09:00:00,0.35255000000000003
Netherlands,NLD,2021-10-07 08:00:00,2021-10-07 10:00:00,0.3
Netherlands,NLD,2021-10-07 09:00:00,2021-10-07 11:00:00,0.29992
Netherlands,NLD,2021-10-07 10:00:00,2021-10-07 12:00:00,0.29641
Netherlands,NLD,2021-10-07 11:00:00,2021-10-07 13:00:00,0.287
Netherlands,NLD,2021-10-07 12:00:00,2021-10-07 14:00:00,0.28002
Netherlands,NLD,2021-10-07 13:00:00,2021-10-07 15:00:00,0.28
Netherlands,NLD,2021-10-07 14:00:00,2021-10-07 16:00:00,0.29894
Netherlands,NLD,2021-10-07 15:00:00,2021-10-07 17:00:00,0.3178
Netherlands,NLD,2021-10-07 16:00:00,2021-10-07 18:00:00,0.35052
Netherlands,NLD,2021-10-07 17:00:00,2021-10-07 19:00:00,0.44289999999999996
Netherlands,NLD,2021-10-07 18:00:00,2021-10-07 20:00:00,0.31903
Netherlands,NLD,2021-10-07 19:00:00,2021-10-07 21:00:00,0.3
Netherlands,NLD,2021-10-07 20:00:00,2021-10-07 22:00:00,0.29891
Netherlands,NLD,2021-10-07 21:00:00,2021-10-07 23:00:00,0.2707
Netherlands,NLD,2021-10-07 22:00:00,2021-10-08 00:00:00,0.17661000000000002
Netherlands,NLD,2021-10-07 23:00:00,2021-10-08 01:00:00,0.16736
Netherlands,NLD,2021-10-08 00:00:00,2021-10-08 02:00:00,0.16435
Netherlands,NLD,2021-10-08 01:00:00,2021-10-08 03:00:00,0.16008
Netherlands,NLD,2021-10-08 02:00:00,2021-10-08 04:00:00,0.16274
Netherlands,NLD,2021-10-08 03:00:00,2021-10-08 05:00:00,0.17412
Netherlands,NLD,2021-10-08 04:00:00,2021-10-08 06:00:00,0.23346
Netherlands,NLD,2021-10-08 05:00:00,2021-10-08 07:00:00,0.2694
Netherlands,NLD,2021-10-08 06:00:00,2021-10-08 08:00:00,0.29142
Netherlands,NLD,2021-10-08 07:00:00,2021-10-08 09:00:00,0.26
Netherlands,NLD,2021-10-08 08:00:00,2021-10-08 10:00:00,0.23024
Netherlands,NLD,2021-10-08 09:00:00,2021-10-08 11:00:00,0.21131999999999998
Netherlands,NLD,2021-10-08 10:00:00,2021-10-08 12:00:00,0.1926
Netherlands,NLD,2021-10-08 11:00:00,2021-10-08 13:00:00,0.1696
Netherlands,NLD,2021-10-08 12:00:00,2021-10-08 14:00:00,0.1605
Netherlands,NLD,2021-10-08 13:00:00,2021-10-08 15:00:00,0.16472
Netherlands,NLD,2021-10-08 14:00:00,2021-10-08 16:00:00,0.1923
Netherlands,NLD,2021-10-08 15:00:00,2021-10-08 17:00:00,0.22994
Netherlands,NLD,2021-10-08 16:00:00,2021-10-08 18:00:00,0.25316
Netherlands,NLD,2021-10-08 17:00:00,2021-10-08 19:00:00,0.2697
Netherlands,NLD,2021-10-08 18:00:00,2021-10-08 20:00:00,0.23567
Netherlands,NLD,2021-10-08 19:00:00,2021-10-08 21:00:00,0.19421000000000002
Netherlands,NLD,2021-10-08 20:00:00,2021-10-08 22:00:00,0.1812
Netherlands,NLD,2021-10-08 21:00:00,2021-10-08 23:00:00,0.15
Netherlands,NLD,2021-10-08 22:00:00,2021-10-09 00:00:00,0.16359
Netherlands,NLD,2021-10-08 23:00:00,2021-10-09 01:00:00,0.15172
Netherlands,NLD,2021-10-09 00:00:00,2021-10-09 02:00:00,0.14984
Netherlands,NLD,2021-10-09 01:00:00,2021-10-09 03:00:00,0.14121
Netherlands,NLD,2021-10-09 02:00:00,2021-10-09 04:00:00,0.14
Netherlands,NLD,2021-10-09 03:00:00,2021-10-09 05:00:00,0.14229
Netherlands,NLD,2021-10-09 04:00:00,2021-10-09 06:00:00,0.15184999999999998
Netherlands,NLD,2021-10-09 05:00:00,2021-10-09 07:00:00,0.18634
Netherlands,NLD,2021-10-09 06:00:00,2021-10-09 08:00:00,0.19613999999999998
Netherlands,NLD,2021-10-09 07:00:00,2021-10-09 09:00:00,0.18972
Netherlands,NLD,2021-10-09 08:00:00,2021-10-09 10:00:00,0.16813999999999998
Netherlands,NLD,2021-10-09 09:00:00,2021-10-09 11:00:00,0.124
Netherlands,NLD,2021-10-09 10:00:00,2021-10-09 12:00:00,0.1
Netherlands,NLD,2021-10-09 11:00:00,2021-10-09 13:00:00,0.08368
Netherlands,NLD,2021-10-09 12:00:00,2021-10-09 14:00:00,0.08009999999999999
Netherlands,NLD,2021-10-09 13:00:00,2021-10-09 15:00:00,0.09381999999999999
Netherlands,NLD,2021-10-09 14:00:00,2021-10-09 16:00:00,0.13752
Netherlands,NLD,2021-10-09 15:00:00,2021-10-09 17:00:00,0.2
Netherlands,NLD,2021-10-09 16:00:00,2021-10-09 18:00:00,0.2292
Netherlands,NLD,2021-10-09 17:00:00,2021-10-09 19:00:00,0.24844999999999998
Netherlands,NLD,2021-10-09 18:00:00,2021-10-09 20:00:00,0.25
Netherlands,NLD,2021-10-09 19:00:00,2021-10-09 21:00:00,0.2099
Netherlands,NLD,2021-10-09 20:00:00,2021-10-09 22:00:00,0.2134
Netherlands,NLD,2021-10-09 21:00:00,2021-10-09 23:00:00,0.2299
Netherlands,NLD,2021-10-09 22:00:00,2021-10-10 00:00:00,0.14493999999999999
Netherlands,NLD,2021-10-09 23:00:00,2021-10-10 01:00:00,0.13219999999999998
Netherlands,NLD,2021-10-10 00:00:00,2021-10-10 02:00:00,0.12224
Netherlands,NLD,2021-10-10 01:00:00,2021-10-10 03:00:00,0.11941
Netherlands,NLD,2021-10-10 02:00:00,2021-10-10 04:00:00,0.11888
Netherlands,NLD,2021-10-10 03:00:00,2021-10-10 05:00:00,0.12088
Netherlands,NLD,2021-10-10 04:00:00,2021-10-10 06:00:00,0.1405
Netherlands,NLD,2021-10-10 05:00:00,2021-10-10 07:00:00,0.16399
Netherlands,NLD,2021-10-10 06:00:00,2021-10-10 08:00:00,0.16911
Netherlands,NLD,2021-10-10 07:00:00,2021-10-10 09:00:00,0.15999000000000002
Netherlands,NLD,2021-10-10 08:00:00,2021-10-10 10:00:00,0.14648
Netherlands,NLD,2021-10-10 09:00:00,2021-10-10 11:00:00,0.12588
Netherlands,NLD,2021-10-10 10:00:00,2021-10-10 12:00:00,0.11
Netherlands,NLD,2021-10-10 11:00:00,2021-10-10 13:00:00,0.08925
Netherlands,NLD,2021-10-10 12:00:00,2021-10-10 14:00:00,0.0711
Netherlands,NLD,2021-10-10 13:00:00,2021-10-10 15:00:00,0.09156
Netherlands,NLD,2021-10-10 14:00:00,2021-10-10 16:00:00,0.12467
Netherlands,NLD,2021-10-10 15:00:00,2021-10-10 17:00:00,0.16529
Netherlands,NLD,2021-10-10 16:00:00,2021-10-10 18:00:00,0.21606
Netherlands,NLD,2021-10-10 17:00:00,2021-10-10 19:00:00,0.24057
Netherlands,NLD,2021-10-10 18:00:00,2021-10-10 20:00:00,0.22169999999999998
Netherlands,NLD,2021-10-10 19:00:00,2021-10-10 21:00:00,0.195
Netherlands,NLD,2021-10-10 20:00:00,2021-10-10 22:00:00,0.17972
Netherlands,NLD,2021-10-10 21:00:00,2021-10-10 23:00:00,0.15916
Netherlands,NLD,2021-10-10 22:00:00,2021-10-11 00:00:00,0.14914
Netherlands,NLD,2021-10-10 23:00:00,2021-10-11 01:00:00,0.14151
Netherlands,NLD,2021-10-11 00:00:00,2021-10-11 02:00:00,0.12355
Netherlands,NLD,2021-10-11 01:00:00,2021-10-11 03:00:00,0.11368
Netherlands,NLD,2021-10-11 02:00:00,2021-10-11 04:00:00,0.1186
Netherlands,NLD,2021-10-11 03:00:00,2021-10-11 05:00:00,0.14615999999999998
Netherlands,NLD,2021-10-11 04:00:00,2021-10-11 06:00:00,0.2
Netherlands,NLD,2021-10-11 05:00:00,2021-10-11 07:00:00,0.25246
Netherlands,NLD,2021-10-11 06:00:00,2021-10-11 08:00:00,0.26002
Netherlands,NLD,2021-10-11 07:00:00,2021-10-11 09:00:00,0.23702
Netherlands,NLD,2021-10-11 08:00:00,2021-10-11 10:00:00,0.21394
Netherlands,NLD,2021-10-11 09:00:00,2021-10-11 11:00:00,0.181
Netherlands,NLD,2021-10-11 10:00:00,2021-10-11 12:00:00,0.1585
Netherlands,NLD,2021-10-11 11:00:00,2021-10-11 13:00:00,0.14
Netherlands,NLD,2021-10-11 12:00:00,2021-10-11 14:00:00,0.13
Netherlands,NLD,2021-10-11 13:00:00,2021-10-11 15:00:00,0.14980000000000002
Netherlands,NLD,2021-10-11 14:00:00,2021-10-11 16:00:00,0.14507
Netherlands,NLD,2021-10-11 15:00:00,2021-10-11 17:00:00,0.19213
Netherlands,NLD,2021-10-11 16:00:00,2021-10-11 18:00:00,0.22811
Netherlands,NLD,2021-10-11 17:00:00,2021-10-11 19:00:00,0.24057
Netherlands,NLD,2021-10-11 18:00:00,2021-10-11 20:00:00,0.22924
Netherlands,NLD,2021-10-11 19:00:00,2021-10-11 21:00:00,0.181
Netherlands,NLD,2021-10-11 20:00:00,2021-10-11 22:00:00,0.19
Netherlands,NLD,2021-10-11 21:00:00,2021-10-11 23:00:00,0.186
Netherlands,NLD,2021-10-11 22:00:00,2021-10-12 00:00:00,0.19759000000000002
Netherlands,NLD,2021-10-11 23:00:00,2021-10-12 01:00:00,0.1859
Netherlands,NLD,2021-10-12 00:00:00,2021-10-12 02:00:00,0.16413
Netherlands,NLD,2021-10-12 01:00:00,2021-10-12 03:00:00,0.1187
Netherlands,NLD,2021-10-12 02:00:00,2021-10-12 04:00:00,0.10302
Netherlands,NLD,2021-10-12 03:00:00,2021-10-12 05:00:00,0.155
Netherlands,NLD,2021-10-12 04:00:00,2021-10-12 06:00:00,0.143
Netherlands,NLD,2021-10-12 05:00:00,2021-10-12 07:00:00,0.20965999999999999
Netherlands,NLD,2021-10-12 06:00:00,2021-10-12 08:00:00,0.23621
Netherlands,NLD,2021-10-12 07:00:00,2021-10-12 09:00:00,0.23791
Netherlands,NLD,2021-10-12 08:00:00,2021-10-12 10:00:00,0.22
Netherlands,NLD,2021-10-12 09:00:00,2021-10-12 11:00:00,0.20894
Netherlands,NLD,2021-10-12 10:00:00,2021-10-12 12:00:00,0.18459
Netherlands,NLD,2021-10-12 11:00:00,2021-10-12 13:00:00,0.15124
Netherlands,NLD,2021-10-12 12:00:00,2021-10-12 14:00:00,0.13995
Netherlands,NLD,2021-10-12 13:00:00,2021-10-12 15:00:00,0.13944
Netherlands,NLD,2021-10-12 14:00:00,2021-10-12 16:00:00,0.14936000000000002
Netherlands,NLD,2021-10-12 15:00:00,2021-10-12 17:00:00,0.2
Netherlands,NLD,2021-10-12 16:00:00,2021-10-12 18:00:00,0.23544
Netherlands,NLD,2021-10-12 17:00:00,2021-10-12 19:00:00,0.24808000000000002
Netherlands,NLD,2021-10-12 18:00:00,2021-10-12 20:00:00,0.22674
Netherlands,NLD,2021-10-12 19:00:00,2021-10-12 21:00:00,0.19319999999999998
Netherlands,NLD,2021-10-12 20:00:00,2021-10-12 22:00:00,0.18930000000000002
Netherlands,NLD,2021-10-12 21:00:00,2021-10-12 23:00:00,0.1711
Netherlands,NLD,2021-10-12 22:00:00,2021-10-13 00:00:00,0.1752
Netherlands,NLD,2021-10-12 23:00:00,2021-10-13 01:00:00,0.15200999999999998
Netherlands,NLD,2021-10-13 00:00:00,2021-10-13 02:00:00,0.14007
Netherlands,NLD,2021-10-13 01:00:00,2021-10-13 03:00:00,0.13243000000000002
Netherlands,NLD,2021-10-13 02:00:00,2021-10-13 04:00:00,0.135
Netherlands,NLD,2021-10-13 03:00:00,2021-10-13 05:00:00,0.15145
Netherlands,NLD,2021-10-13 04:00:00,2021-10-13 06:00:00,0.19616999999999998
Netherlands,NLD,2021-10-13 05:00:00,2021-10-13 07:00:00,0.2293
Netherlands,NLD,2021-10-13 06:00:00,2021-10-13 08:00:00,0.25059
Netherlands,NLD,2021-10-13 07:00:00,2021-10-13 09:00:00,0.23897
Netherlands,NLD,2021-10-13 08:00:00,2021-10-13 10:00:00,0.21131
Netherlands,NLD,2021-10-13 09:00:00,2021-10-13 11:00:00,0.175
Netherlands,NLD,2021-10-13 10:00:00,2021-10-13 12:00:00,0.18975
Netherlands,NLD,2021-10-13 11:00:00,2021-10-13 13:00:00,0.16874
Netherlands,NLD,2021-10-13 12:00:00,2021-10-13 14:00:00,0.16541999999999998
Netherlands,NLD,2021-10-13 13:00:00,2021-10-13 15:00:00,0.1676
Netherlands,NLD,2021-10-13 14:00:00,2021-10-13 16:00:00,0.1899
Netherlands,NLD,2021-10-13 15:00:00,2021-10-13 17:00:00,0.21396
Netherlands,NLD,2021-10-13 16:00:00,2021-10-13 18:00:00,0.24699000000000002
Netherlands,NLD,2021-10-13 17:00:00,2021-10-13 19:00:00,0.28731
Netherlands,NLD,2021-10-13 18:00:00,2021-10-13 20:00:00,0.235
Netherlands,NLD,2021-10-13 19:00:00,2021-10-13 21:00:00,0.19683
Netherlands,NLD,2021-10-13 20:00:00,2021-10-13 22:00:00,0.172
Netherlands,NLD,2021-10-13 21:00:00,2021-10-13 23:00:00,0.1677
Netherlands,NLD,2021-10-13 22:00:00,2021-10-14 00:00:00,0.20131
Netherlands,NLD,2021-10-13 23:00:00,2021-10-14 01:00:00,0.19971
Netherlands,NLD,2021-10-14 00:00:00,2021-10-14 02:00:00,0.18494
Netherlands,NLD,2021-10-14 01:00:00,2021-10-14 03:00:00,0.13
Netherlands,NLD,2021-10-14 02:00:00,2021-10-14 04:00:00,0.13501
Netherlands,NLD,2021-10-14 03:00:00,2021-10-14 05:00:00,0.16
Netherlands,NLD,2021-10-14 04:00:00,2021-10-14 06:00:00,0.209
Netherlands,NLD,2021-10-14 05:00:00,2021-10-14 07:00:00,0.23505
Netherlands,NLD,2021-10-14 06:00:00,2021-10-14 08:00:00,0.26
Netherlands,NLD,2021-10-14 07:00:00,2021-10-14 09:00:00,0.245
Netherlands,NLD,2021-10-14 08:00:00,2021-10-14 10:00:00,0.22255
Netherlands,NLD,2021-10-14 09:00:00,2021-10-14 11:00:00,0.182
Netherlands,NLD,2021-10-14 10:00:00,2021-10-14 12:00:00,0.17435
Netherlands,NLD,2021-10-14 11:00:00,2021-10-14 13:00:00,0.164
Netherlands,NLD,2021-10-14 12:00:00,2021-10-14 14:00:00,0.14455
Netherlands,NLD,2021-10-14 13:00:00,2021-10-14 15:00:00,0.14427
Netherlands,NLD,2021-10-14 14:00:00,2021-10-14 16:00:00,0.15192
Netherlands,NLD,2021-10-14 15:00:00,2021-10-14 17:00:00,0.19913
Netherlands,NLD,2021-10-14 16:00:00,2021-10-14 18:00:00,0.22172999999999998
Netherlands,NLD,2021-10-14 17:00:00,2021-10-14 19:00:00,0.256
Netherlands,NLD,2021-10-14 18:00:00,2021-10-14 20:00:00,0.23696
Netherlands,NLD,2021-10-14 19:00:00,2021-10-14 21:00:00,0.188
Netherlands,NLD,2021-10-14 20:00:00,2021-10-14 22:00:00,0.1804
Netherlands,NLD,2021-10-14 21:00:00,2021-10-14 23:00:00,0.11
Netherlands,NLD,2021-10-14 22:00:00,2021-10-15 00:00:00,0.09706000000000001
Netherlands,NLD,2021-10-14 23:00:00,2021-10-15 01:00:00,0.08608
Netherlands,NLD,2021-10-15 00:00:00,2021-10-15 02:00:00,0.0803
Netherlands,NLD,2021-10-15 01:00:00,2021-10-15 03:00:00,0.0729
Netherlands,NLD,2021-10-15 02:00:00,2021-10-15 04:00:00,0.07662999999999999
Netherlands,NLD,2021-10-15 03:00:00,2021-10-15 05:00:00,0.07726000000000001
Netherlands,NLD,2021-10-15 04:00:00,2021-10-15 06:00:00,0.13
Netherlands,NLD,2021-10-15 05:00:00,2021-10-15 07:00:00,0.20279
Netherlands,NLD,2021-10-15 06:00:00,2021-10-15 08:00:00,0.265
Netherlands,NLD,2021-10-15 07:00:00,2021-10-15 09:00:00,0.26
Netherlands,NLD,2021-10-15 08:00:00,2021-10-15 10:00:00,0.24659
Netherlands,NLD,2021-10-15 09:00:00,2021-10-15 11:00:00,0.237
Netherlands,NLD,2021-10-15 10:00:00,2021-10-15 12:00:00,0.2001
Netherlands,NLD,2021-10-15 11:00:00,2021-10-15 13:00:00,0.16357
Netherlands,NLD,2021-10-15 12:00:00,2021-10-15 14:00:00,0.155
Netherlands,NLD,2021-10-15 13:00:00,2021-10-15 15:00:00,0.1958
Netherlands,NLD,2021-10-15 14:00:00,2021-10-15 16:00:00,0.20973
Netherlands,NLD,2021-10-15 15:00:00,2021-10-15 17:00:00,0.25488
Netherlands,NLD,2021-10-15 16:00:00,2021-10-15 18:00:00,0.25
Netherlands,NLD,2021-10-15 17:00:00,2021-10-15 19:00:00,0.30545999999999995
Netherlands,NLD,2021-10-15 18:00:00,2021-10-15 20:00:00,0.275
Netherlands,NLD,2021-10-15 19:00:00,2021-10-15 21:00:00,0.2297
Netherlands,NLD,2021-10-15 20:00:00,2021-10-15 22:00:00,0.23233
Netherlands,NLD,2021-10-15 21:00:00,2021-10-15 23:00:00,0.2788
Netherlands,NLD,2021-10-15 22:00:00,2021-10-16 00:00:00,0.28258999999999995
Netherlands,NLD,2021-10-15 23:00:00,2021-10-16 01:00:00,0.238
Netherlands,NLD,2021-10-16 00:00:00,2021-10-16 02:00:00,0.19928
Netherlands,NLD,2021-10-16 01:00:00,2021-10-16 03:00:00,0.18280000000000002
Netherlands,NLD,2021-10-16 02:00:00,2021-10-16 04:00:00,0.15105000000000002
Netherlands,NLD,2021-10-16 03:00:00,2021-10-16 05:00:00,0.15968000000000002
Netherlands,NLD,2021-10-16 04:00:00,2021-10-16 06:00:00,0.219
Netherlands,NLD,2021-10-16 05:00:00,2021-10-16 07:00:00,0.1955
Netherlands,NLD,2021-10-16 06:00:00,2021-10-16 08:00:00,0.22728
Netherlands,NLD,2021-10-16 07:00:00,2021-10-16 09:00:00,0.23967
Netherlands,NLD,2021-10-16 08:00:00,2021-10-16 10:00:00,0.2
Netherlands,NLD,2021-10-16 09:00:00,2021-10-16 11:00:00,0.2
Netherlands,NLD,2021-10-16 10:00:00,2021-10-16 12:00:00,0.16583
Netherlands,NLD,2021-10-16 11:00:00,2021-10-16 13:00:00,0.1149
Netherlands,NLD,2021-10-16 12:00:00,2021-10-16 14:00:00,0.1348
Netherlands,NLD,2021-10-16 13:00:00,2021-10-16 15:00:00,0.14947
Netherlands,NLD,2021-10-16 14:00:00,2021-10-16 16:00:00,0.1414
Netherlands,NLD,2021-10-16 15:00:00,2021-10-16 17:00:00,0.20252
Netherlands,NLD,2021-10-16 16:00:00,2021-10-16 18:00:00,0.23509
Netherlands,NLD,2021-10-16 17:00:00,2021-10-16 19:00:00,0.25306
Netherlands,NLD,2021-10-16 18:00:00,2021-10-16 20:00:00,0.23194
Netherlands,NLD,2021-10-16 19:00:00,2021-10-16 21:00:00,0.20034
Netherlands,NLD,2021-10-16 20:00:00,2021-10-16 22:00:00,0.21653999999999998
Netherlands,NLD,2021-10-16 21:00:00,2021-10-16 23:00:00,0.21108000000000002
Netherlands,NLD,2021-10-16 22:00:00,2021-10-17 00:00:00,0.18009999999999998
Netherlands,NLD,2021-10-16 23:00:00,2021-10-17 01:00:00,0.19869
Netherlands,NLD,2021-10-17 00:00:00,2021-10-17 02:00:00,0.18719999999999998
Netherlands,NLD,2021-10-17 01:00:00,2021-10-17 03:00:00,0.17649
Netherlands,NLD,2021-10-17 02:00:00,2021-10-17 04:00:00,0.1192
Netherlands,NLD,2021-10-17 03:00:00,2021-10-17 05:00:00,0.11654
Netherlands,NLD,2021-10-17 04:00:00,2021-10-17 06:00:00,0.1717
Netherlands,NLD,2021-10-17 05:00:00,2021-10-17 07:00:00,0.13988
Netherlands,NLD,2021-10-17 06:00:00,2021-10-17 08:00:00,0.17087
Netherlands,NLD,2021-10-17 07:00:00,2021-10-17 09:00:00,0.18017
Netherlands,NLD,2021-10-17 08:00:00,2021-10-17 10:00:00,0.17081
Netherlands,NLD,2021-10-17 09:00:00,2021-10-17 11:00:00,0.14728
Netherlands,NLD,2021-10-17 10:00:00,2021-10-17 12:00:00,0.13911
Netherlands,NLD,2021-10-17 11:00:00,2021-10-17 13:00:00,0.11937
Netherlands,NLD,2021-10-17 12:00:00,2021-10-17 14:00:00,0.10884999999999999
Netherlands,NLD,2021-10-17 13:00:00,2021-10-17 15:00:00,0.12
Netherlands,NLD,2021-10-17 14:00:00,2021-10-17 16:00:00,0.13386
Netherlands,NLD,2021-10-17 15:00:00,2021-10-17 17:00:00,0.1825
Netherlands,NLD,2021-10-17 16:00:00,2021-10-17 18:00:00,0.216
Netherlands,NLD,2021-10-17 17:00:00,2021-10-17 19:00:00,0.23829
Netherlands,NLD,2021-10-17 18:00:00,2021-10-17 20:00:00,0.23117
Netherlands,NLD,2021-10-17 19:00:00,2021-10-17 21:00:00,0.217
Netherlands,NLD,2021-10-17 20:00:00,2021-10-17 22:00:00,0.181
Netherlands,NLD,2021-10-17 21:00:00,2021-10-17 23:00:00,0.188
Netherlands,NLD,2021-10-17 22:00:00,2021-10-18 00:00:00,0.12753
Netherlands,NLD,2021-10-17 23:00:00,2021-10-18 01:00:00,0.1495
Netherlands,NLD,2021-10-18 00:00:00,2021-10-18 02:00:00,0.11512
Netherlands,NLD,2021-10-18 01:00:00,2021-10-18 03:00:00,0.11059999999999999
Netherlands,NLD,2021-10-18 02:00:00,2021-10-18 04:00:00,0.118
Netherlands,NLD,2021-10-18 03:00:00,2021-10-18 05:00:00,0.15682
Netherlands,NLD,2021-10-18 04:00:00,2021-10-18 06:00:00,0.2166
Netherlands,NLD,2021-10-18 05:00:00,2021-10-18 07:00:00,0.25812999999999997
Netherlands,NLD,2021-10-18 06:00:00,2021-10-18 08:00:00,0.26832
Netherlands,NLD,2021-10-18 07:00:00,2021-10-18 09:00:00,0.2505
Netherlands,NLD,2021-10-18 08:00:00,2021-10-18 10:00:00,0.216
Netherlands,NLD,2021-10-18 09:00:00,2021-10-18 11:00:00,0.19666999999999998
Netherlands,NLD,2021-10-18 10:00:00,2021-10-18 12:00:00,0.18
Netherlands,NLD,2021-10-18 11:00:00,2021-10-18 13:00:00,0.16679
Netherlands,NLD,2021-10-18 12:00:00,2021-10-18 14:00:00,0.17374
Netherlands,NLD,2021-10-18 13:00:00,2021-10-18 15:00:00,0.19097999999999998
Netherlands,NLD,2021-10-18 14:00:00,2021-10-18 16:00:00,0.20535
Netherlands,NLD,2021-10-18 15:00:00,2021-10-18 17:00:00,0.22997
Netherlands,NLD,2021-10-18 16:00:00,2021-10-18 18:00:00,0.25297
Netherlands,NLD,2021-10-18 17:00:00,2021-10-18 19:00:00,0.26212
Netherlands,NLD,2021-10-18 18:00:00,2021-10-18 20:00:00,0.214
Netherlands,NLD,2021-10-18 19:00:00,2021-10-18 21:00:00,0.206
Netherlands,NLD,2021-10-18 20:00:00,2021-10-18 22:00:00,0.18142
Netherlands,NLD,2021-10-18 21:00:00,2021-10-18 23:00:00,0.15212
Netherlands,NLD,2021-10-18 22:00:00,2021-10-19 00:00:00,0.11347
Netherlands,NLD,2021-10-18 23:00:00,2021-10-19 01:00:00,0.10628
Netherlands,NLD,2021-10-19 00:00:00,2021-10-19 02:00:00,0.10205
Netherlands,NLD,2021-10-19 01:00:00,2021-10-19 03:00:00,0.09212000000000001
Netherlands,NLD,2021-10-19 02:00:00,2021-10-19 04:00:00,0.09717
Netherlands,NLD,2021-10-19 03:00:00,2021-10-19 05:00:00,0.11497
Netherlands,NLD,2021-10-19 04:00:00,2021-10-19 06:00:00,0.1651
Netherlands,NLD,2021-10-19 05:00:00,2021-10-19 07:00:00,0.2159
Netherlands,NLD,2021-10-19 06:00:00,2021-10-19 08:00:00,0.23592
Netherlands,NLD,2021-10-19 07:00:00,2021-10-19 09:00:00,0.232
Netherlands,NLD,2021-10-19 08:00:00,2021-10-19 10:00:00,0.21477000000000002
Netherlands,NLD,2021-10-19 09:00:00,2021-10-19 11:00:00,0.19963
Netherlands,NLD,2021-10-19 10:00:00,2021-10-19 12:00:00,0.19963999999999998
Netherlands,NLD,2021-10-19 11:00:00,2021-10-19 13:00:00,0.18888
Netherlands,NLD,2021-10-19 12:00:00,2021-10-19 14:00:00,0.182
Netherlands,NLD,2021-10-19 13:00:00,2021-10-19 15:00:00,0.1716
Netherlands,NLD,2021-10-19 14:00:00,2021-10-19 16:00:00,0.17209
Netherlands,NLD,2021-10-19 15:00:00,2021-10-19 17:00:00,0.18327000000000002
Netherlands,NLD,2021-10-19 16:00:00,2021-10-19 18:00:00,0.20572
Netherlands,NLD,2021-10-19 17:00:00,2021-10-19 19:00:00,0.23954
Netherlands,NLD,2021-10-19 18:00:00,2021-10-19 20:00:00,0.16829
Netherlands,NLD,2021-10-19 19:00:00,2021-10-19 21:00:00,0.09812
Netherlands,NLD,2021-10-19 20:00:00,2021-10-19 22:00:00,0.09320999999999999
Netherlands,NLD,2021-10-19 21:00:00,2021-10-19 23:00:00,0.0805
Netherlands,NLD,2021-10-19 22:00:00,2021-10-20 00:00:00,0.07192
Netherlands,NLD,2021-10-19 23:00:00,2021-10-20 01:00:00,0.0056500000000000005
Netherlands,NLD,2021-10-20 00:00:00,2021-10-20 02:00:00,0.00411
Netherlands,NLD,2021-10-20 01:00:00,2021-10-20 03:00:00,0.0
Netherlands,NLD,2021-10-20 02:00:00,2021-10-20 04:00:00,0.00015
Netherlands,NLD,2021-10-20 03:00:00,2021-10-20 05:00:00,0.014070000000000001
Netherlands,NLD,2021-10-20 04:00:00,2021-10-20 06:00:00,0.06295
Netherlands,NLD,2021-10-20 05:00:00,2021-10-20 07:00:00,0.13216999999999998
Netherlands,NLD,2021-10-20 06:00:00,2021-10-20 08:00:00,0.161
Netherlands,NLD,2021-10-20 07:00:00,2021-10-20 09:00:00,0.16175
Netherlands,NLD,2021-10-20 08:00:00,2021-10-20 10:00:00,0.10990000000000001
Netherlands,NLD,2021-10-20 09:00:00,2021-10-20 11:00:00,0.09442
Netherlands,NLD,2021-10-20 10:00:00,2021-10-20 12:00:00,0.09405
Netherlands,NLD,2021-10-20 11:00:00,2021-10-20 13:00:00,0.099
Netherlands,NLD,2021-10-20 12:00:00,2021-10-20 14:00:00,0.1005
Netherlands,NLD,2021-10-20 13:00:00,2021-10-20 15:00:00,0.09383
Netherlands,NLD,2021-10-20 14:00:00,2021-10-20 16:00:00,0.09416
Netherlands,NLD,2021-10-20 15:00:00,2021-10-20 17:00:00,0.13731000000000002
Netherlands,NLD,2021-10-20 16:00:00,2021-10-20 18:00:00,0.16074000000000002
Netherlands,NLD,2021-10-20 17:00:00,2021-10-20 19:00:00,0.20239
Netherlands,NLD,2021-10-20 18:00:00,2021-10-20 20:00:00,0.13294
Netherlands,NLD,2021-10-20 19:00:00,2021-10-20 21:00:00,0.111
Netherlands,NLD,2021-10-20 20:00:00,2021-10-20 22:00:00,0.105
Netherlands,NLD,2021-10-20 21:00:00,2021-10-20 23:00:00,0.0836
Netherlands,NLD,2021-10-20 22:00:00,2021-10-21 00:00:00,0.125
Netherlands,NLD,2021-10-20 23:00:00,2021-10-21 01:00:00,0.10540999999999999
Netherlands,NLD,2021-10-21 00:00:00,2021-10-21 02:00:00,0.0348
Netherlands,NLD,2021-10-21 01:00:00,2021-10-21 03:00:00,0.0188
Netherlands,NLD,2021-10-21 02:00:00,2021-10-21 04:00:00,0.02914
Netherlands,NLD,2021-10-21 03:00:00,2021-10-21 05:00:00,0.047740000000000005
Netherlands,NLD,2021-10-21 04:00:00,2021-10-21 06:00:00,0.07709999999999999
Netherlands,NLD,2021-10-21 05:00:00,2021-10-21 07:00:00,0.15303
Netherlands,NLD,2021-10-21 06:00:00,2021-10-21 08:00:00,0.2299
Netherlands,NLD,2021-10-21 07:00:00,2021-10-21 09:00:00,0.225
Netherlands,NLD,2021-10-21 08:00:00,2021-10-21 10:00:00,0.1669
Netherlands,NLD,2021-10-21 09:00:00,2021-10-21 11:00:00,0.18009999999999998
Netherlands,NLD,2021-10-21 10:00:00,2021-10-21 12:00:00,0.12
Netherlands,NLD,2021-10-21 11:00:00,2021-10-21 13:00:00,0.11
Netherlands,NLD,2021-10-21 12:00:00,2021-10-21 14:00:00,0.15
Netherlands,NLD,2021-10-21 13:00:00,2021-10-21 15:00:00,0.16
Netherlands,NLD,2021-10-21 14:00:00,2021-10-21 16:00:00,0.1575
Netherlands,NLD,2021-10-21 15:00:00,2021-10-21 17:00:00,0.2035
Netherlands,NLD,2021-10-21 16:00:00,2021-10-21 18:00:00,0.2275
Netherlands,NLD,2021-10-21 17:00:00,2021-10-21 19:00:00,0.27247000000000005
Netherlands,NLD,2021-10-21 18:00:00,2021-10-21 20:00:00,0.25
Netherlands,NLD,2021-10-21 19:00:00,2021-10-21 21:00:00,0.21
Netherlands,NLD,2021-10-21 20:00:00,2021-10-21 22:00:00,0.217
Netherlands,NLD,2021-10-21 21:00:00,2021-10-21 23:00:00,0.1759
Netherlands,NLD,2021-10-21 22:00:00,2021-10-22 00:00:00,0.11995
Netherlands,NLD,2021-10-21 23:00:00,2021-10-22 01:00:00,0.11
Netherlands,NLD,2021-10-22 00:00:00,2021-10-22 02:00:00,0.08369
Netherlands,NLD,2021-10-22 01:00:00,2021-10-22 03:00:00,0.08
Netherlands,NLD,2021-10-22 02:00:00,2021-10-22 04:00:00,0.08209999999999999
Netherlands,NLD,2021-10-22 03:00:00,2021-10-22 05:00:00,0.07305
Netherlands,NLD,2021-10-22 04:00:00,2021-10-22 06:00:00,0.11116
Netherlands,NLD,2021-10-22 05:00:00,2021-10-22 07:00:00,0.195
Netherlands,NLD,2021-10-22 06:00:00,2021-10-22 08:00:00,0.1999
Netherlands,NLD,2021-10-22 07:00:00,2021-10-22 09:00:00,0.20591
Netherlands,NLD,2021-10-22 08:00:00,2021-10-22 10:00:00,0.15
Netherlands,NLD,2021-10-22 09:00:00,2021-10-22 11:00:00,0.114
Netherlands,NLD,2021-10-22 10:00:00,2021-10-22 12:00:00,0.08988
Netherlands,NLD,2021-10-22 11:00:00,2021-10-22 13:00:00,0.1199
Netherlands,NLD,2021-10-22 12:00:00,2021-10-22 14:00:00,0.125
Netherlands,NLD,2021-10-22 13:00:00,2021-10-22 15:00:00,0.1201
Netherlands,NLD,2021-10-22 14:00:00,2021-10-22 16:00:00,0.1601
Netherlands,NLD,2021-10-22 15:00:00,2021-10-22 17:00:00,0.20852
Netherlands,NLD,2021-10-22 16:00:00,2021-10-22 18:00:00,0.21158000000000002
Netherlands,NLD,2021-10-22 17:00:00,2021-10-22 19:00:00,0.26682
Netherlands,NLD,2021-10-22 18:00:00,2021-10-22 20:00:00,0.20705
Netherlands,NLD,2021-10-22 19:00:00,2021-10-22 21:00:00,0.1899
Netherlands,NLD,2021-10-22 20:00:00,2021-10-22 22:00:00,0.2
Netherlands,NLD,2021-10-22 21:00:00,2021-10-22 23:00:00,0.2001
Netherlands,NLD,2021-10-22 22:00:00,2021-10-23 00:00:00,0.24293
Netherlands,NLD,2021-10-22 23:00:00,2021-10-23 01:00:00,0.218
Netherlands,NLD,2021-10-23 00:00:00,2021-10-23 02:00:00,0.2
Netherlands,NLD,2021-10-23 01:00:00,2021-10-23 03:00:00,0.2049
Netherlands,NLD,2021-10-23 02:00:00,2021-10-23 04:00:00,0.1866
Netherlands,NLD,2021-10-23 03:00:00,2021-10-23 05:00:00,0.2
Netherlands,NLD,2021-10-23 04:00:00,2021-10-23 06:00:00,0.1999
Netherlands,NLD,2021-10-23 05:00:00,2021-10-23 07:00:00,0.1763
Netherlands,NLD,2021-10-23 06:00:00,2021-10-23 08:00:00,0.263
Netherlands,NLD,2021-10-23 07:00:00,2021-10-23 09:00:00,0.276
Netherlands,NLD,2021-10-23 08:00:00,2021-10-23 10:00:00,0.196
Netherlands,NLD,2021-10-23 09:00:00,2021-10-23 11:00:00,0.167
Netherlands,NLD,2021-10-23 10:00:00,2021-10-23 12:00:00,0.2
Netherlands,NLD,2021-10-23 11:00:00,2021-10-23 13:00:00,0.14
Netherlands,NLD,2021-10-23 12:00:00,2021-10-23 14:00:00,0.14359
Netherlands,NLD,2021-10-23 13:00:00,2021-10-23 15:00:00,0.16007
Netherlands,NLD,2021-10-23 14:00:00,2021-10-23 16:00:00,0.18034999999999998
Netherlands,NLD,2021-10-23 15:00:00,2021-10-23 17:00:00,0.21099
Netherlands,NLD,2021-10-23 16:00:00,2021-10-23 18:00:00,0.23822
Netherlands,NLD,2021-10-23 17:00:00,2021-10-23 19:00:00,0.25647000000000003
Netherlands,NLD,2021-10-23 18:00:00,2021-10-23 20:00:00,0.22581
Netherlands,NLD,2021-10-23 19:00:00,2021-10-23 21:00:00,0.21
Netherlands,NLD,2021-10-23 20:00:00,2021-10-23 22:00:00,0.1726
Netherlands,NLD,2021-10-23 21:00:00,2021-10-23 23:00:00,0.15065
Netherlands,NLD,2021-10-23 22:00:00,2021-10-24 00:00:00,0.15275
Netherlands,NLD,2021-10-23 23:00:00,2021-10-24 01:00:00,0.115
Netherlands,NLD,2021-10-24 00:00:00,2021-10-24 02:00:00,0.09404000000000001
Netherlands,NLD,2021-10-24 01:00:00,2021-10-24 03:00:00,0.11459
Netherlands,NLD,2021-10-24 02:00:00,2021-10-24 04:00:00,0.09328
Netherlands,NLD,2021-10-24 03:00:00,2021-10-24 05:00:00,0.10362
Netherlands,NLD,2021-10-24 04:00:00,2021-10-24 06:00:00,0.07678
Netherlands,NLD,2021-10-24 05:00:00,2021-10-24 07:00:00,0.08595
Netherlands,NLD,2021-10-24 06:00:00,2021-10-24 08:00:00,0.12340000000000001
Netherlands,NLD,2021-10-24 07:00:00,2021-10-24 09:00:00,0.15
Netherlands,NLD,2021-10-24 08:00:00,2021-10-24 10:00:00,0.09942000000000001
Netherlands,NLD,2021-10-24 09:00:00,2021-10-24 11:00:00,0.08771999999999999
Netherlands,NLD,2021-10-24 10:00:00,2021-10-24 12:00:00,0.08393
Netherlands,NLD,2021-10-24 11:00:00,2021-10-24 13:00:00,0.08807
Netherlands,NLD,2021-10-24 12:00:00,2021-10-24 14:00:00,0.06548999999999999
Netherlands,NLD,2021-10-24 13:00:00,2021-10-24 15:00:00,0.07705
Netherlands,NLD,2021-10-24 14:00:00,2021-10-24 16:00:00,0.12490000000000001
Netherlands,NLD,2021-10-24 15:00:00,2021-10-24 17:00:00,0.16636
Netherlands,NLD,2021-10-24 16:00:00,2021-10-24 18:00:00,0.208
Netherlands,NLD,2021-10-24 17:00:00,2021-10-24 19:00:00,0.326
Netherlands,NLD,2021-10-24 18:00:00,2021-10-24 20:00:00,0.1817
Netherlands,NLD,2021-10-24 19:00:00,2021-10-24 21:00:00,0.1692
Netherlands,NLD,2021-10-24 20:00:00,2021-10-24 22:00:00,0.1709
Netherlands,NLD,2021-10-24 21:00:00,2021-10-24 23:00:00,0.1349
Netherlands,NLD,2021-10-24 22:00:00,2021-10-25 00:00:00,0.09090999999999999
Netherlands,NLD,2021-10-24 23:00:00,2021-10-25 01:00:00,0.08776
Netherlands,NLD,2021-10-25 00:00:00,2021-10-25 02:00:00,0.09068000000000001
Netherlands,NLD,2021-10-25 01:00:00,2021-10-25 03:00:00,0.08512
Netherlands,NLD,2021-10-25 02:00:00,2021-10-25 04:00:00,0.08898
Netherlands,NLD,2021-10-25 03:00:00,2021-10-25 05:00:00,0.11634
Netherlands,NLD,2021-10-25 04:00:00,2021-10-25 06:00:00,0.2036
Netherlands,NLD,2021-10-25 05:00:00,2021-10-25 07:00:00,0.215
Netherlands,NLD,2021-10-25 06:00:00,2021-10-25 08:00:00,0.24192
Netherlands,NLD,2021-10-25 07:00:00,2021-10-25 09:00:00,0.21109999999999998
Netherlands,NLD,2021-10-25 08:00:00,2021-10-25 10:00:00,0.1702
Netherlands,NLD,2021-10-25 09:00:00,2021-10-25 11:00:00,0.18284999999999998
Netherlands,NLD,2021-10-25 10:00:00,2021-10-25 12:00:00,0.1556
Netherlands,NLD,2021-10-25 11:00:00,2021-10-25 13:00:00,0.16959
Netherlands,NLD,2021-10-25 12:00:00,2021-10-25 14:00:00,0.17402
Netherlands,NLD,2021-10-25 13:00:00,2021-10-25 15:00:00,0.20091
Netherlands,NLD,2021-10-25 14:00:00,2021-10-25 16:00:00,0.21697
Netherlands,NLD,2021-10-25 15:00:00,2021-10-25 17:00:00,0.235
Netherlands,NLD,2021-10-25 16:00:00,2021-10-25 18:00:00,0.2551
Netherlands,NLD,2021-10-25 17:00:00,2021-10-25 19:00:00,0.262
Netherlands,NLD,2021-10-25 18:00:00,2021-10-25 20:00:00,0.195
Netherlands,NLD,2021-10-25 19:00:00,2021-10-25 21:00:00,0.18266
Netherlands,NLD,2021-10-25 20:00:00,2021-10-25 22:00:00,0.195
Netherlands,NLD,2021-10-25 21:00:00,2021-10-25 23:00:00,0.17648
Netherlands,NLD,2021-10-25 22:00:00,2021-10-26 00:00:00,0.1603
Netherlands,NLD,2021-10-25 23:00:00,2021-10-26 01:00:00,0.16452
Netherlands,NLD,2021-10-26 00:00:00,2021-10-26 02:00:00,0.15303999999999998
Netherlands,NLD,2021-10-26 01:00:00,2021-10-26 03:00:00,0.14923
Netherlands,NLD,2021-10-26 02:00:00,2021-10-26 04:00:00,0.15430000000000002
Netherlands,NLD,2021-10-26 03:00:00,2021-10-26 05:00:00,0.1807
Netherlands,NLD,2021-10-26 04:00:00,2021-10-26 06:00:00,0.2145
Netherlands,NLD,2021-10-26 05:00:00,2021-10-26 07:00:00,0.23571
Netherlands,NLD,2021-10-26 06:00:00,2021-10-26 08:00:00,0.2501
Netherlands,NLD,2021-10-26 07:00:00,2021-10-26 09:00:00,0.23783
Netherlands,NLD,2021-10-26 08:00:00,2021-10-26 10:00:00,0.22401
Netherlands,NLD,2021-10-26 09:00:00,2021-10-26 11:00:00,0.2013
Netherlands,NLD,2021-10-26 10:00:00,2021-10-26 12:00:00,0.18123
Netherlands,NLD,2021-10-26 11:00:00,2021-10-26 13:00:00,0.1752
Netherlands,NLD,2021-10-26 12:00:00,2021-10-26 14:00:00,0.15372999999999998
Netherlands,NLD,2021-10-26 13:00:00,2021-10-26 15:00:00,0.1751
Netherlands,NLD,2021-10-26 14:00:00,2021-10-26 16:00:00,0.19019999999999998
Netherlands,NLD,2021-10-26 15:00:00,2021-10-26 17:00:00,0.22347
Netherlands,NLD,2021-10-26 16:00:00,2021-10-26 18:00:00,0.243
Netherlands,NLD,2021-10-26 17:00:00,2021-10-26 19:00:00,0.20275
Netherlands,NLD,2021-10-26 18:00:00,2021-10-26 20:00:00,0.16645
Netherlands,NLD,2021-10-26 19:00:00,2021-10-26 21:00:00,0.188
Netherlands,NLD,2021-10-26 20:00:00,2021-10-26 22:00:00,0.1999
Netherlands,NLD,2021-10-26 21:00:00,2021-10-26 23:00:00,0.10990000000000001
Netherlands,NLD,2021-10-26 22:00:00,2021-10-27 00:00:00,0.1199
Netherlands,NLD,2021-10-26 23:00:00,2021-10-27 01:00:00,0.07784
Netherlands,NLD,2021-10-27 00:00:00,2021-10-27 02:00:00,0.07193000000000001
Netherlands,NLD,2021-10-27 01:00:00,2021-10-27 03:00:00,0.07213
Netherlands,NLD,2021-10-27 02:00:00,2021-10-27 04:00:00,0.08042
Netherlands,NLD,2021-10-27 03:00:00,2021-10-27 05:00:00,0.094
Netherlands,NLD,2021-10-27 04:00:00,2021-10-27 06:00:00,0.12478
Netherlands,NLD,2021-10-27 05:00:00,2021-10-27 07:00:00,0.19755
Netherlands,NLD,2021-10-27 06:00:00,2021-10-27 08:00:00,0.24291
Netherlands,NLD,2021-10-27 07:00:00,2021-10-27 09:00:00,0.22907
Netherlands,NLD,2021-10-27 08:00:00,2021-10-27 10:00:00,0.2132
Netherlands,NLD,2021-10-27 09:00:00,2021-10-27 11:00:00,0.1709
Netherlands,NLD,2021-10-27 10:00:00,2021-10-27 12:00:00,0.1349
Netherlands,NLD,2021-10-27 11:00:00,2021-10-27 13:00:00,0.1
Netherlands,NLD,2021-10-27 12:00:00,2021-10-27 14:00:00,0.10003000000000001
Netherlands,NLD,2021-10-27 13:00:00,2021-10-27 15:00:00,0.13
Netherlands,NLD,2021-10-27 14:00:00,2021-10-27 16:00:00,0.152
Netherlands,NLD,2021-10-27 15:00:00,2021-10-27 17:00:00,0.20756
Netherlands,NLD,2021-10-27 16:00:00,2021-10-27 18:00:00,0.23527
Netherlands,NLD,2021-10-27 17:00:00,2021-10-27 19:00:00,0.24015
Netherlands,NLD,2021-10-27 18:00:00,2021-10-27 20:00:00,0.22234
Netherlands,NLD,2021-10-27 19:00:00,2021-10-27 21:00:00,0.168
Netherlands,NLD,2021-10-27 20:00:00,2021-10-27 22:00:00,0.1758
Netherlands,NLD,2021-10-27 21:00:00,2021-10-27 23:00:00,0.1999
Netherlands,NLD,2021-10-27 22:00:00,2021-10-28 00:00:00,0.193
Netherlands,NLD,2021-10-27 23:00:00,2021-10-28 01:00:00,0.16490000000000002
Netherlands,NLD,2021-10-28 00:00:00,2021-10-28 02:00:00,0.16490000000000002
Netherlands,NLD,2021-10-28 01:00:00,2021-10-28 03:00:00,0.1349
Netherlands,NLD,2021-10-28 02:00:00,2021-10-28 04:00:00,0.13169999999999998
Netherlands,NLD,2021-10-28 03:00:00,2021-10-28 05:00:00,0.16122
Netherlands,NLD,2021-10-28 04:00:00,2021-10-28 06:00:00,0.18
Netherlands,NLD,2021-10-28 05:00:00,2021-10-28 07:00:00,0.22502
Netherlands,NLD,2021-10-28 06:00:00,2021-10-28 08:00:00,0.25034
Netherlands,NLD,2021-10-28 07:00:00,2021-10-28 09:00:00,0.20951
Netherlands,NLD,2021-10-28 08:00:00,2021-10-28 10:00:00,0.17511000000000002
Netherlands,NLD,2021-10-28 09:00:00,2021-10-28 11:00:00,0.14992
Netherlands,NLD,2021-10-28 10:00:00,2021-10-28 12:00:00,0.12800999999999998
Netherlands,NLD,2021-10-28 11:00:00,2021-10-28 13:00:00,0.112
Netherlands,NLD,2021-10-28 12:00:00,2021-10-28 14:00:00,0.11301
Netherlands,NLD,2021-10-28 13:00:00,2021-10-28 15:00:00,0.14
Netherlands,NLD,2021-10-28 14:00:00,2021-10-28 16:00:00,0.17305
Netherlands,NLD,2021-10-28 15:00:00,2021-10-28 17:00:00,0.19893
Netherlands,NLD,2021-10-28 16:00:00,2021-10-28 18:00:00,0.22069
Netherlands,NLD,2021-10-28 17:00:00,2021-10-28 19:00:00,0.24936000000000003
Netherlands,NLD,2021-10-28 18:00:00,2021-10-28 20:00:00,0.17997
Netherlands,NLD,2021-10-28 19:00:00,2021-10-28 21:00:00,0.166
Netherlands,NLD,2021-10-28 20:00:00,2021-10-28 22:00:00,0.163
Netherlands,NLD,2021-10-28 21:00:00,2021-10-28 23:00:00,0.1499
Netherlands,NLD,2021-10-28 22:00:00,2021-10-29 00:00:00,0.10356
Netherlands,NLD,2021-10-28 23:00:00,2021-10-29 01:00:00,0.08399
Netherlands,NLD,2021-10-29 00:00:00,2021-10-29 02:00:00,0.07834999999999999
Netherlands,NLD,2021-10-29 01:00:00,2021-10-29 03:00:00,0.06941
Netherlands,NLD,2021-10-29 02:00:00,2021-10-29 04:00:00,0.07411
Netherlands,NLD,2021-10-29 03:00:00,2021-10-29 05:00:00,0.0912
Netherlands,NLD,2021-10-29 04:00:00,2021-10-29 06:00:00,0.13265000000000002
Netherlands,NLD,2021-10-29 05:00:00,2021-10-29 07:00:00,0.19168000000000002
Netherlands,NLD,2021-10-29 06:00:00,2021-10-29 08:00:00,0.19936
Netherlands,NLD,2021-10-29 07:00:00,2021-10-29 09:00:00,0.21112999999999998
Netherlands,NLD,2021-10-29 08:00:00,2021-10-29 10:00:00,0.15021
Netherlands,NLD,2021-10-29 09:00:00,2021-10-29 11:00:00,0.10837999999999999
Netherlands,NLD,2021-10-29 10:00:00,2021-10-29 12:00:00,0.09545999999999999
Netherlands,NLD,2021-10-29 11:00:00,2021-10-29 13:00:00,0.08204
Netherlands,NLD,2021-10-29 12:00:00,2021-10-29 14:00:00,0.08990000000000001
Netherlands,NLD,2021-10-29 13:00:00,2021-10-29 15:00:00,0.10105
Netherlands,NLD,2021-10-29 14:00:00,2021-10-29 16:00:00,0.1379
Netherlands,NLD,2021-10-29 15:00:00,2021-10-29 17:00:00,0.19
Netherlands,NLD,2021-10-29 16:00:00,2021-10-29 18:00:00,0.21881
Netherlands,NLD,2021-10-29 17:00:00,2021-10-29 19:00:00,0.2251
Netherlands,NLD,2021-10-29 18:00:00,2021-10-29 20:00:00,0.206
Netherlands,NLD,2021-10-29 19:00:00,2021-10-29 21:00:00,0.202
Netherlands,NLD,2021-10-29 20:00:00,2021-10-29 22:00:00,0.193
Netherlands,NLD,2021-10-29 21:00:00,2021-10-29 23:00:00,0.181
Netherlands,NLD,2021-10-29 22:00:00,2021-10-30 00:00:00,0.11247
Netherlands,NLD,2021-10-29 23:00:00,2021-10-30 01:00:00,0.09561
Netherlands,NLD,2021-10-30 00:00:00,2021-10-30 02:00:00,0.07604000000000001
Netherlands,NLD,2021-10-30 01:00:00,2021-10-30 03:00:00,0.07008
Netherlands,NLD,2021-10-30 02:00:00,2021-10-30 04:00:00,0.07041
Netherlands,NLD,2021-10-30 03:00:00,2021-10-30 05:00:00,0.0775
Netherlands,NLD,2021-10-30 04:00:00,2021-10-30 06:00:00,0.0813
Netherlands,NLD,2021-10-30 05:00:00,2021-10-30 07:00:00,0.09406
Netherlands,NLD,2021-10-30 06:00:00,2021-10-30 08:00:00,0.11765
Netherlands,NLD,2021-10-30 07:00:00,2021-10-30 09:00:00,0.1946
Netherlands,NLD,2021-10-30 08:00:00,2021-10-30 10:00:00,0.2006
Netherlands,NLD,2021-10-30 09:00:00,2021-10-30 11:00:00,0.19490000000000002
Netherlands,NLD,2021-10-30 10:00:00,2021-10-30 12:00:00,0.17775
Netherlands,NLD,2021-10-30 11:00:00,2021-10-30 13:00:00,0.15161000000000002
Netherlands,NLD,2021-10-30 12:00:00,2021-10-30 14:00:00,0.13059
Netherlands,NLD,2021-10-30 13:00:00,2021-10-30 15:00:00,0.11148999999999999
Netherlands,NLD,2021-10-30 14:00:00,2021-10-30 16:00:00,0.13346
Netherlands,NLD,2021-10-30 15:00:00,2021-10-30 17:00:00,0.1885
Netherlands,NLD,2021-10-30 16:00:00,2021-10-30 18:00:00,0.2001
Netherlands,NLD,2021-10-30 17:00:00,2021-10-30 19:00:00,0.24
Netherlands,NLD,2021-10-30 18:00:00,2021-10-30 20:00:00,0.195
Netherlands,NLD,2021-10-30 19:00:00,2021-10-30 21:00:00,0.15243
Netherlands,NLD,2021-10-30 20:00:00,2021-10-30 22:00:00,0.18994
Netherlands,NLD,2021-10-30 21:00:00,2021-10-30 23:00:00,0.18030000000000002
Netherlands,NLD,2021-10-30 22:00:00,2021-10-31 00:00:00,0.12962
Netherlands,NLD,2021-10-30 23:00:00,2021-10-31 01:00:00,0.11414
Netherlands,NLD,2021-10-31 00:00:00,2021-10-31 02:00:00,0.08004
Netherlands,NLD,2021-10-31 01:00:00,2021-10-31 02:00:00,0.06861
Netherlands,NLD,2021-10-31 02:00:00,2021-10-31 03:00:00,0.05711
Netherlands,NLD,2021-10-31 03:00:00,2021-10-31 04:00:00,0.05865
Netherlands,NLD,2021-10-31 04:00:00,2021-10-31 05:00:00,0.05361
Netherlands,NLD,2021-10-31 05:00:00,2021-10-31 06:00:00,0.054729999999999994
Netherlands,NLD,2021-10-31 06:00:00,2021-10-31 07:00:00,0.06024
Netherlands,NLD,2021-10-31 07:00:00,2021-10-31 08:00:00,0.061090000000000005
Netherlands,NLD,2021-10-31 08:00:00,2021-10-31 09:00:00,0.07171
Netherlands,NLD,2021-10-31 09:00:00,2021-10-31 10:00:00,0.06498999999999999
Netherlands,NLD,2021-10-31 10:00:00,2021-10-31 11:00:00,0.06491
Netherlands,NLD,2021-10-31 11:00:00,2021-10-31 12:00:00,0.06166
Netherlands,NLD,2021-10-31 12:00:00,2021-10-31 13:00:00,0.056119999999999996
Netherlands,NLD,2021-10-31 13:00:00,2021-10-31 14:00:00,0.05615
Netherlands,NLD,2021-10-31 14:00:00,2021-10-31 15:00:00,0.0631
Netherlands,NLD,2021-10-31 15:00:00,2021-10-31 16:00:00,0.06992
Netherlands,NLD,2021-10-31 16:00:00,2021-10-31 17:00:00,0.08175
Netherlands,NLD,2021-10-31 17:00:00,2021-10-31 18:00:00,0.10751999999999999
Netherlands,NLD,2021-10-31 18:00:00,2021-10-31 19:00:00,0.1199
Netherlands,NLD,2021-10-31 19:00:00,2021-10-31 20:00:00,0.1
Netherlands,NLD,2021-10-31 20:00:00,2021-10-31 21:00:00,0.05795
Netherlands,NLD,2021-10-31 21:00:00,2021-10-31 22:00:00,0.0799
Netherlands,NLD,2021-10-31 22:00:00,2021-10-31 23:00:00,0.059340000000000004
Netherlands,NLD,2021-10-31 23:00:00,2021-11-01 00:00:00,0.0925
Netherlands,NLD,2021-11-01 00:00:00,2021-11-01 01:00:00,0.055060000000000005
Netherlands,NLD,2021-11-01 01:00:00,2021-11-01 02:00:00,0.04392
Netherlands,NLD,2021-11-01 02:00:00,2021-11-01 03:00:00,0.02205
Netherlands,NLD,2021-11-01 03:00:00,2021-11-01 04:00:00,0.02036
Netherlands,NLD,2021-11-01 04:00:00,2021-11-01 05:00:00,0.04182
Netherlands,NLD,2021-11-01 05:00:00,2021-11-01 06:00:00,0.05829
Netherlands,NLD,2021-11-01 06:00:00,2021-11-01 07:00:00,0.07778
Netherlands,NLD,2021-11-01 07:00:00,2021-11-01 08:00:00,0.10115
Netherlands,NLD,2021-11-01 08:00:00,2021-11-01 09:00:00,0.08796999999999999
Netherlands,NLD,2021-11-01 09:00:00,2021-11-01 10:00:00,0.0832
Netherlands,NLD,2021-11-01 10:00:00,2021-11-01 11:00:00,0.07831
Netherlands,NLD,2021-11-01 11:00:00,2021-11-01 12:00:00,0.07898000000000001
Netherlands,NLD,2021-11-01 12:00:00,2021-11-01 13:00:00,0.08055
Netherlands,NLD,2021-11-01 13:00:00,2021-11-01 14:00:00,0.08152
Netherlands,NLD,2021-11-01 14:00:00,2021-11-01 15:00:00,0.09883
Netherlands,NLD,2021-11-01 15:00:00,2021-11-01 16:00:00,0.10890000000000001
Netherlands,NLD,2021-11-01 16:00:00,2021-11-01 17:00:00,0.1699
Netherlands,NLD,2021-11-01 17:00:00,2021-11-01 18:00:00,0.183
Netherlands,NLD,2021-11-01 18:00:00,2021-11-01 19:00:00,0.1799
Netherlands,NLD,2021-11-01 19:00:00,2021-11-01 20:00:00,0.16308
Netherlands,NLD,2021-11-01 20:00:00,2021-11-01 21:00:00,0.15150999999999998
Netherlands,NLD,2021-11-01 21:00:00,2021-11-01 22:00:00,0.14737
Netherlands,NLD,2021-11-01 22:00:00,2021-11-01 23:00:00,0.1349
Netherlands,NLD,2021-11-01 23:00:00,2021-11-02 00:00:00,0.145
Netherlands,NLD,2021-11-02 00:00:00,2021-11-02 01:00:00,0.13194999999999998
Netherlands,NLD,2021-11-02 01:00:00,2021-11-02 02:00:00,0.12891999999999998
Netherlands,NLD,2021-11-02 02:00:00,2021-11-02 03:00:00,0.11120000000000001
Netherlands,NLD,2021-11-02 03:00:00,2021-11-02 04:00:00,0.12351000000000001
Netherlands,NLD,2021-11-02 04:00:00,2021-11-02 05:00:00,0.14301
Netherlands,NLD,2021-11-02 05:00:00,2021-11-02 06:00:00,0.18215
Netherlands,NLD,2021-11-02 06:00:00,2021-11-02 07:00:00,0.21683000000000002
Netherlands,NLD,2021-11-02 07:00:00,2021-11-02 08:00:00,0.23498
Netherlands,NLD,2021-11-02 08:00:00,2021-11-02 09:00:00,0.22804
Netherlands,NLD,2021-11-02 09:00:00,2021-11-02 10:00:00,0.22174000000000002
Netherlands,NLD,2021-11-02 10:00:00,2021-11-02 11:00:00,0.22321000000000002
Netherlands,NLD,2021-11-02 11:00:00,2021-11-02 12:00:00,0.21594999999999998
Netherlands,NLD,2021-11-02 12:00:00,2021-11-02 13:00:00,0.21735
Netherlands,NLD,2021-11-02 13:00:00,2021-11-02 14:00:00,0.22491
Netherlands,NLD,2021-11-02 14:00:00,2021-11-02 15:00:00,0.2303
Netherlands,NLD,2021-11-02 15:00:00,2021-11-02 16:00:00,0.24841999999999997
Netherlands,NLD,2021-11-02 16:00:00,2021-11-02 17:00:00,0.29897
Netherlands,NLD,2021-11-02 17:00:00,2021-11-02 18:00:00,0.31267
Netherlands,NLD,2021-11-02 18:00:00,2021-11-02 19:00:00,0.28
Netherlands,NLD,2021-11-02 19:00:00,2021-11-02 20:00:00,0.231
Netherlands,NLD,2021-11-02 20:00:00,2021-11-02 21:00:00,0.201
Netherlands,NLD,2021-11-02 21:00:00,2021-11-02 22:00:00,0.17999
Netherlands,NLD,2021-11-02 22:00:00,2021-11-02 23:00:00,0.167
Netherlands,NLD,2021-11-02 23:00:00,2021-11-03 00:00:00,0.14668
Netherlands,NLD,2021-11-03 00:00:00,2021-11-03 01:00:00,0.14308
Netherlands,NLD,2021-11-03 01:00:00,2021-11-03 02:00:00,0.14025
Netherlands,NLD,2021-11-03 02:00:00,2021-11-03 03:00:00,0.13084
Netherlands,NLD,2021-11-03 03:00:00,2021-11-03 04:00:00,0.13003
Netherlands,NLD,2021-11-03 04:00:00,2021-11-03 05:00:00,0.1387
Netherlands,NLD,2021-11-03 05:00:00,2021-11-03 06:00:00,0.14511000000000002
Netherlands,NLD,2021-11-03 06:00:00,2021-11-03 07:00:00,0.194
Netherlands,NLD,2021-11-03 07:00:00,2021-11-03 08:00:00,0.23009000000000002
Netherlands,NLD,2021-11-03 08:00:00,2021-11-03 09:00:00,0.21909
Netherlands,NLD,2021-11-03 09:00:00,2021-11-03 10:00:00,0.20762
Netherlands,NLD,2021-11-03 10:00:00,2021-11-03 11:00:00,0.195
Netherlands,NLD,2021-11-03 11:00:00,2021-11-03 12:00:00,0.157
Netherlands,NLD,2021-11-03 12:00:00,2021-11-03 13:00:00,0.158
Netherlands,NLD,2021-11-03 13:00:00,2021-11-03 14:00:00,0.16047
Netherlands,NLD,2021-11-03 14:00:00,2021-11-03 15:00:00,0.16791999999999999
Netherlands,NLD,2021-11-03 15:00:00,2021-11-03 16:00:00,0.191
Netherlands,NLD,2021-11-03 16:00:00,2021-11-03 17:00:00,0.2545
Netherlands,NLD,2021-11-03 17:00:00,2021-11-03 18:00:00,0.27432999999999996
Netherlands,NLD,2021-11-03 18:00:00,2021-11-03 19:00:00,0.236
Netherlands,NLD,2021-11-03 19:00:00,2021-11-03 20:00:00,0.20295
Netherlands,NLD,2021-11-03 20:00:00,2021-11-03 21:00:00,0.18363
Netherlands,NLD,2021-11-03 21:00:00,2021-11-03 22:00:00,0.16591999999999998
Netherlands,NLD,2021-11-03 22:00:00,2021-11-03 23:00:00,0.14507
Netherlands,NLD,2021-11-03 23:00:00,2021-11-04 00:00:00,0.16538999999999998
Netherlands,NLD,2021-11-04 00:00:00,2021-11-04 01:00:00,0.15250999999999998
Netherlands,NLD,2021-11-04 01:00:00,2021-11-04 02:00:00,0.14587
Netherlands,NLD,2021-11-04 02:00:00,2021-11-04 03:00:00,0.14306
Netherlands,NLD,2021-11-04 03:00:00,2021-11-04 04:00:00,0.14538
Netherlands,NLD,2021-11-04 04:00:00,2021-11-04 05:00:00,0.15961
Netherlands,NLD,2021-11-04 05:00:00,2021-11-04 06:00:00,0.18377000000000002
Netherlands,NLD,2021-11-04 06:00:00,2021-11-04 07:00:00,0.21080000000000002
Netherlands,NLD,2021-11-04 07:00:00,2021-11-04 08:00:00,0.21377000000000002
Netherlands,NLD,2021-11-04 08:00:00,2021-11-04 09:00:00,0.20333
Netherlands,NLD,2021-11-04 09:00:00,2021-11-04 10:00:00,0.20097
Netherlands,NLD,2021-11-04 10:00:00,2021-11-04 11:00:00,0.1809
Netherlands,NLD,2021-11-04 11:00:00,2021-11-04 12:00:00,0.16
Netherlands,NLD,2021-11-04 12:00:00,2021-11-04 13:00:00,0.155
Netherlands,NLD,2021-11-04 13:00:00,2021-11-04 14:00:00,0.16557
Netherlands,NLD,2021-11-04 14:00:00,2021-11-04 15:00:00,0.16394
Netherlands,NLD,2021-11-04 15:00:00,2021-11-04 16:00:00,0.17801
Netherlands,NLD,2021-11-04 16:00:00,2021-11-04 17:00:00,0.20093
Netherlands,NLD,2021-11-04 17:00:00,2021-11-04 18:00:00,0.195
Netherlands,NLD,2021-11-04 18:00:00,2021-11-04 19:00:00,0.19347
Netherlands,NLD,2021-11-04 19:00:00,2021-11-04 20:00:00,0.17066
Netherlands,NLD,2021-11-04 20:00:00,2021-11-04 21:00:00,0.16294
Netherlands,NLD,2021-11-04 21:00:00,2021-11-04 22:00:00,0.15541
Netherlands,NLD,2021-11-04 22:00:00,2021-11-04 23:00:00,0.1487
Netherlands,NLD,2021-11-04 23:00:00,2021-11-05 00:00:00,0.13225
Netherlands,NLD,2021-11-05 00:00:00,2021-11-05 01:00:00,0.13259
Netherlands,NLD,2021-11-05 01:00:00,2021-11-05 02:00:00,0.12988999999999998
Netherlands,NLD,2021-11-05 02:00:00,2021-11-05 03:00:00,0.13290000000000002
Netherlands,NLD,2021-11-05 03:00:00,2021-11-05 04:00:00,0.13213999999999998
Netherlands,NLD,2021-11-05 04:00:00,2021-11-05 05:00:00,0.14434
Netherlands,NLD,2021-11-05 05:00:00,2021-11-05 06:00:00,0.18111000000000002
Netherlands,NLD,2021-11-05 06:00:00,2021-11-05 07:00:00,0.19992
Netherlands,NLD,2021-11-05 07:00:00,2021-11-05 08:00:00,0.20298
Netherlands,NLD,2021-11-05 08:00:00,2021-11-05 09:00:00,0.20126
Netherlands,NLD,2021-11-05 09:00:00,2021-11-05 10:00:00,0.16
Netherlands,NLD,2021-11-05 10:00:00,2021-11-05 11:00:00,0.1535
Netherlands,NLD,2021-11-05 11:00:00,2021-11-05 12:00:00,0.1535
Netherlands,NLD,2021-11-05 12:00:00,2021-11-05 13:00:00,0.1534
Netherlands,NLD,2021-11-05 13:00:00,2021-11-05 14:00:00,0.174
Netherlands,NLD,2021-11-05 14:00:00,2021-11-05 15:00:00,0.19119999999999998
Netherlands,NLD,2021-11-05 15:00:00,2021-11-05 16:00:00,0.19996
Netherlands,NLD,2021-11-05 16:00:00,2021-11-05 17:00:00,0.20151
Netherlands,NLD,2021-11-05 17:00:00,2021-11-05 18:00:00,0.20468
Netherlands,NLD,2021-11-05 18:00:00,2021-11-05 19:00:00,0.19055000000000002
Netherlands,NLD,2021-11-05 19:00:00,2021-11-05 20:00:00,0.17593
Netherlands,NLD,2021-11-05 20:00:00,2021-11-05 21:00:00,0.1747
Netherlands,NLD,2021-11-05 21:00:00,2021-11-05 22:00:00,0.18825999999999998
Netherlands,NLD,2021-11-05 22:00:00,2021-11-05 23:00:00,0.15230000000000002
Netherlands,NLD,2021-11-05 23:00:00,2021-11-06 00:00:00,0.13391
Netherlands,NLD,2021-11-06 00:00:00,2021-11-06 01:00:00,0.10756
Netherlands,NLD,2021-11-06 01:00:00,2021-11-06 02:00:00,0.1062
Netherlands,NLD,2021-11-06 02:00:00,2021-11-06 03:00:00,0.1128
Netherlands,NLD,2021-11-06 03:00:00,2021-11-06 04:00:00,0.14194
Netherlands,NLD,2021-11-06 04:00:00,2021-11-06 05:00:00,0.11
Netherlands,NLD,2021-11-06 05:00:00,2021-11-06 06:00:00,0.14196999999999999
Netherlands,NLD,2021-11-06 06:00:00,2021-11-06 07:00:00,0.176
Netherlands,NLD,2021-11-06 07:00:00,2021-11-06 08:00:00,0.1871
Netherlands,NLD,2021-11-06 08:00:00,2021-11-06 09:00:00,0.18
Netherlands,NLD,2021-11-06 09:00:00,2021-11-06 10:00:00,0.1799
Netherlands,NLD,2021-11-06 10:00:00,2021-11-06 11:00:00,0.178
Netherlands,NLD,2021-11-06 11:00:00,2021-11-06 12:00:00,0.18694999999999998
Netherlands,NLD,2021-11-06 12:00:00,2021-11-06 13:00:00,0.185
Netherlands,NLD,2021-11-06 13:00:00,2021-11-06 14:00:00,0.158
Netherlands,NLD,2021-11-06 14:00:00,2021-11-06 15:00:00,0.1425
Netherlands,NLD,2021-11-06 15:00:00,2021-11-06 16:00:00,0.15500999999999998
Netherlands,NLD,2021-11-06 16:00:00,2021-11-06 17:00:00,0.19899
Netherlands,NLD,2021-11-06 17:00:00,2021-11-06 18:00:00,0.1812
Netherlands,NLD,2021-11-06 18:00:00,2021-11-06 19:00:00,0.2313
Netherlands,NLD,2021-11-06 19:00:00,2021-11-06 20:00:00,0.16398
Netherlands,NLD,2021-11-06 20:00:00,2021-11-06 21:00:00,0.07393000000000001
Netherlands,NLD,2021-11-06 21:00:00,2021-11-06 22:00:00,0.0999
Netherlands,NLD,2021-11-06 22:00:00,2021-11-06 23:00:00,0.0702
Netherlands,NLD,2021-11-06 23:00:00,2021-11-07 00:00:00,0.06422
Netherlands,NLD,2021-11-07 00:00:00,2021-11-07 01:00:00,0.06262
Netherlands,NLD,2021-11-07 01:00:00,2021-11-07 02:00:00,0.05483
Netherlands,NLD,2021-11-07 02:00:00,2021-11-07 03:00:00,0.038799999999999994
Netherlands,NLD,2021-11-07 03:00:00,2021-11-07 04:00:00,0.0296
Netherlands,NLD,2021-11-07 04:00:00,2021-11-07 05:00:00,0.04354
Netherlands,NLD,2021-11-07 05:00:00,2021-11-07 06:00:00,0.06197
Netherlands,NLD,2021-11-07 06:00:00,2021-11-07 07:00:00,0.062049999999999994
Netherlands,NLD,2021-11-07 07:00:00,2021-11-07 08:00:00,0.07153
Netherlands,NLD,2021-11-07 08:00:00,2021-11-07 09:00:00,0.07671
Netherlands,NLD,2021-11-07 09:00:00,2021-11-07 10:00:00,0.07994
Netherlands,NLD,2021-11-07 10:00:00,2021-11-07 11:00:00,0.08056
Netherlands,NLD,2021-11-07 11:00:00,2021-11-07 12:00:00,0.08209000000000001
Netherlands,NLD,2021-11-07 12:00:00,2021-11-07 13:00:00,0.07651000000000001
Netherlands,NLD,2021-11-07 13:00:00,2021-11-07 14:00:00,0.07947
Netherlands,NLD,2021-11-07 14:00:00,2021-11-07 15:00:00,0.09865
Netherlands,NLD,2021-11-07 15:00:00,2021-11-07 16:00:00,0.14515
Netherlands,NLD,2021-11-07 16:00:00,2021-11-07 17:00:00,0.18858000000000003
Netherlands,NLD,2021-11-07 17:00:00,2021-11-07 18:00:00,0.16618
Netherlands,NLD,2021-11-07 18:00:00,2021-11-07 19:00:00,0.195
Netherlands,NLD,2021-11-07 19:00:00,2021-11-07 20:00:00,0.16338
Netherlands,NLD,2021-11-07 20:00:00,2021-11-07 21:00:00,0.15238
Netherlands,NLD,2021-11-07 21:00:00,2021-11-07 22:00:00,0.195
Netherlands,NLD,2021-11-07 22:00:00,2021-11-07 23:00:00,0.1899
Netherlands,NLD,2021-11-07 23:00:00,2021-11-08 00:00:00,0.2001
Netherlands,NLD,2021-11-08 00:00:00,2021-11-08 01:00:00,0.189
Netherlands,NLD,2021-11-08 01:00:00,2021-11-08 02:00:00,0.18
Netherlands,NLD,2021-11-08 02:00:00,2021-11-08 03:00:00,0.14819
Netherlands,NLD,2021-11-08 03:00:00,2021-11-08 04:00:00,0.1541
Netherlands,NLD,2021-11-08 04:00:00,2021-11-08 05:00:00,0.134
Netherlands,NLD,2021-11-08 05:00:00,2021-11-08 06:00:00,0.17899
Netherlands,NLD,2021-11-08 06:00:00,2021-11-08 07:00:00,0.224
Netherlands,NLD,2021-11-08 07:00:00,2021-11-08 08:00:00,0.22502
Netherlands,NLD,2021-11-08 08:00:00,2021-11-08 09:00:00,0.21368
Netherlands,NLD,2021-11-08 09:00:00,2021-11-08 10:00:00,0.19713
Netherlands,NLD,2021-11-08 10:00:00,2021-11-08 11:00:00,0.18859
Netherlands,NLD,2021-11-08 11:00:00,2021-11-08 12:00:00,0.19587000000000002
Netherlands,NLD,2021-11-08 12:00:00,2021-11-08 13:00:00,0.21458000000000002
Netherlands,NLD,2021-11-08 13:00:00,2021-11-08 14:00:00,0.21296
Netherlands,NLD,2021-11-08 14:00:00,2021-11-08 15:00:00,0.22009
Netherlands,NLD,2021-11-08 15:00:00,2021-11-08 16:00:00,0.2296
Netherlands,NLD,2021-11-08 16:00:00,2021-11-08 17:00:00,0.29036
Netherlands,NLD,2021-11-08 17:00:00,2021-11-08 18:00:00,0.2999
Netherlands,NLD,2021-11-08 18:00:00,2021-11-08 19:00:00,0.27
Netherlands,NLD,2021-11-08 19:00:00,2021-11-08 20:00:00,0.22219999999999998
Netherlands,NLD,2021-11-08 20:00:00,2021-11-08 21:00:00,0.205
Netherlands,NLD,2021-11-08 21:00:00,2021-11-08 22:00:00,0.16504
Netherlands,NLD,2021-11-08 22:00:00,2021-11-08 23:00:00,0.1469
Netherlands,NLD,2021-11-08 23:00:00,2021-11-09 00:00:00,0.15300999999999998
Netherlands,NLD,2021-11-09 00:00:00,2021-11-09 01:00:00,0.15123
Netherlands,NLD,2021-11-09 01:00:00,2021-11-09 02:00:00,0.15100999999999998
Netherlands,NLD,2021-11-09 02:00:00,2021-11-09 03:00:00,0.14536000000000002
Netherlands,NLD,2021-11-09 03:00:00,2021-11-09 04:00:00,0.1455
Netherlands,NLD,2021-11-09 04:00:00,2021-11-09 05:00:00,0.14805000000000001
Netherlands,NLD,2021-11-09 05:00:00,2021-11-09 06:00:00,0.19
Netherlands,NLD,2021-11-09 06:00:00,2021-11-09 07:00:00,0.21915
Netherlands,NLD,2021-11-09 07:00:00,2021-11-09 08:00:00,0.18811000000000003
Netherlands,NLD,2021-11-09 08:00:00,2021-11-09 09:00:00,0.16106
Netherlands,NLD,2021-11-09 09:00:00,2021-11-09 10:00:00,0.1466
Netherlands,NLD,2021-11-09 10:00:00,2021-11-09 11:00:00,0.14576
Netherlands,NLD,2021-11-09 11:00:00,2021-11-09 12:00:00,0.1482
Netherlands,NLD,2021-11-09 12:00:00,2021-11-09 13:00:00,0.15109999999999998
Netherlands,NLD,2021-11-09 13:00:00,2021-11-09 14:00:00,0.15294999999999997
Netherlands,NLD,2021-11-09 14:00:00,2021-11-09 15:00:00,0.17
Netherlands,NLD,2021-11-09 15:00:00,2021-11-09 16:00:00,0.2039
Netherlands,NLD,2021-11-09 16:00:00,2021-11-09 17:00:00,0.22366999999999998
Netherlands,NLD,2021-11-09 17:00:00,2021-11-09 18:00:00,0.215
Netherlands,NLD,2021-11-09 18:00:00,2021-11-09 19:00:00,0.181
Netherlands,NLD,2021-11-09 19:00:00,2021-11-09 20:00:00,0.15230000000000002
Netherlands,NLD,2021-11-09 20:00:00,2021-11-09 21:00:00,0.15209999999999999
Netherlands,NLD,2021-11-09 21:00:00,2021-11-09 22:00:00,0.1522
Netherlands,NLD,2021-11-09 22:00:00,2021-11-09 23:00:00,0.15230000000000002
Netherlands,NLD,2021-11-09 23:00:00,2021-11-10 00:00:00,0.09373999999999999
Netherlands,NLD,2021-11-10 00:00:00,2021-11-10 01:00:00,0.0999
Netherlands,NLD,2021-11-10 01:00:00,2021-11-10 02:00:00,0.09486
Netherlands,NLD,2021-11-10 02:00:00,2021-11-10 03:00:00,0.09595000000000001
Netherlands,NLD,2021-11-10 03:00:00,2021-11-10 04:00:00,0.1155
Netherlands,NLD,2021-11-10 04:00:00,2021-11-10 05:00:00,0.14005
Netherlands,NLD,2021-11-10 05:00:00,2021-11-10 06:00:00,0.175
Netherlands,NLD,2021-11-10 06:00:00,2021-11-10 07:00:00,0.20498
Netherlands,NLD,2021-11-10 07:00:00,2021-11-10 08:00:00,0.2001
Netherlands,NLD,2021-11-10 08:00:00,2021-11-10 09:00:00,0.15606
Netherlands,NLD,2021-11-10 09:00:00,2021-11-10 10:00:00,0.14814
Netherlands,NLD,2021-11-10 10:00:00,2021-11-10 11:00:00,0.1502
Netherlands,NLD,2021-11-10 11:00:00,2021-11-10 12:00:00,0.15421
Netherlands,NLD,2021-11-10 12:00:00,2021-11-10 13:00:00,0.16883
Netherlands,NLD,2021-11-10 13:00:00,2021-11-10 14:00:00,0.21193
Netherlands,NLD,2021-11-10 14:00:00,2021-11-10 15:00:00,0.23662
Netherlands,NLD,2021-11-10 15:00:00,2021-11-10 16:00:00,0.25006
Netherlands,NLD,2021-11-10 16:00:00,2021-11-10 17:00:00,0.295
Netherlands,NLD,2021-11-10 17:00:00,2021-11-10 18:00:00,0.27505
Netherlands,NLD,2021-11-10 18:00:00,2021-11-10 19:00:00,0.23
Netherlands,NLD,2021-11-10 19:00:00,2021-11-10 20:00:00,0.21993000000000001
Netherlands,NLD,2021-11-10 20:00:00,2021-11-10 21:00:00,0.19366999999999998
Netherlands,NLD,2021-11-10 21:00:00,2021-11-10 22:00:00,0.1699
Netherlands,NLD,2021-11-10 22:00:00,2021-11-10 23:00:00,0.1555
Netherlands,NLD,2021-11-10 23:00:00,2021-11-11 00:00:00,0.16803
Netherlands,NLD,2021-11-11 00:00:00,2021-11-11 01:00:00,0.16136
Netherlands,NLD,2021-11-11 01:00:00,2021-11-11 02:00:00,0.16
Netherlands,NLD,2021-11-11 02:00:00,2021-11-11 03:00:00,0.1525
Netherlands,NLD,2021-11-11 03:00:00,2021-11-11 04:00:00,0.155
Netherlands,NLD,2021-11-11 04:00:00,2021-11-11 05:00:00,0.16009
Netherlands,NLD,2021-11-11 05:00:00,2021-11-11 06:00:00,0.1401
Netherlands,NLD,2021-11-11 06:00:00,2021-11-11 07:00:00,0.163
Netherlands,NLD,2021-11-11 07:00:00,2021-11-11 08:00:00,0.21994
Netherlands,NLD,2021-11-11 08:00:00,2021-11-11 09:00:00,0.21594999999999998
Netherlands,NLD,2021-11-11 09:00:00,2021-11-11 10:00:00,0.1992
Netherlands,NLD,2021-11-11 10:00:00,2021-11-11 11:00:00,0.1615
Netherlands,NLD,2021-11-11 11:00:00,2021-11-11 12:00:00,0.14987999999999999
Netherlands,NLD,2021-11-11 12:00:00,2021-11-11 13:00:00,0.15838
Netherlands,NLD,2021-11-11 13:00:00,2021-11-11 14:00:00,0.16378
Netherlands,NLD,2021-11-11 14:00:00,2021-11-11 15:00:00,0.16
Netherlands,NLD,2021-11-11 15:00:00,2021-11-11 16:00:00,0.21603
Netherlands,NLD,2021-11-11 16:00:00,2021-11-11 17:00:00,0.23837
Netherlands,NLD,2021-11-11 17:00:00,2021-11-11 18:00:00,0.25212
Netherlands,NLD,2021-11-11 18:00:00,2021-11-11 19:00:00,0.23209
Netherlands,NLD,2021-11-11 19:00:00,2021-11-11 20:00:00,0.218
Netherlands,NLD,2021-11-11 20:00:00,2021-11-11 21:00:00,0.201
Netherlands,NLD,2021-11-11 21:00:00,2021-11-11 22:00:00,0.18001
Netherlands,NLD,2021-11-11 22:00:00,2021-11-11 23:00:00,0.15086000000000002
Netherlands,NLD,2021-11-11 23:00:00,2021-11-12 00:00:00,0.16772
Netherlands,NLD,2021-11-12 00:00:00,2021-11-12 01:00:00,0.16425
Netherlands,NLD,2021-11-12 01:00:00,2021-11-12 02:00:00,0.16216
Netherlands,NLD,2021-11-12 02:00:00,2021-11-12 03:00:00,0.153
Netherlands,NLD,2021-11-12 03:00:00,2021-11-12 04:00:00,0.14528
Netherlands,NLD,2021-11-12 04:00:00,2021-11-12 05:00:00,0.13668
Netherlands,NLD,2021-11-12 05:00:00,2021-11-12 06:00:00,0.174
Netherlands,NLD,2021-11-12 06:00:00,2021-11-12 07:00:00,0.208
Netherlands,NLD,2021-11-12 07:00:00,2021-11-12 08:00:00,0.20676
Netherlands,NLD,2021-11-12 08:00:00,2021-11-12 09:00:00,0.2006
Netherlands,NLD,2021-11-12 09:00:00,2021-11-12 10:00:00,0.182
Netherlands,NLD,2021-11-12 10:00:00,2021-11-12 11:00:00,0.16561
Netherlands,NLD,2021-11-12 11:00:00,2021-11-12 12:00:00,0.15543
Netherlands,NLD,2021-11-12 12:00:00,2021-11-12 13:00:00,0.14686000000000002
Netherlands,NLD,2021-11-12 13:00:00,2021-11-12 14:00:00,0.142
Netherlands,NLD,2021-11-12 14:00:00,2021-11-12 15:00:00,0.16035
Netherlands,NLD,2021-11-12 15:00:00,2021-11-12 16:00:00,0.16645
Netherlands,NLD,2021-11-12 16:00:00,2021-11-12 17:00:00,0.2112
Netherlands,NLD,2021-11-12 17:00:00,2021-11-12 18:00:00,0.1579
Netherlands,NLD,2021-11-12 18:00:00,2021-11-12 19:00:00,0.11106999999999999
Netherlands,NLD,2021-11-12 19:00:00,2021-11-12 20:00:00,0.18006
Netherlands,NLD,2021-11-12 20:00:00,2021-11-12 21:00:00,0.14859999999999998
Netherlands,NLD,2021-11-12 21:00:00,2021-11-12 22:00:00,0.14005
Netherlands,NLD,2021-11-12 22:00:00,2021-11-12 23:00:00,0.1
Netherlands,NLD,2021-11-12 23:00:00,2021-11-13 00:00:00,0.0845
Netherlands,NLD,2021-11-13 00:00:00,2021-11-13 01:00:00,0.08425
Netherlands,NLD,2021-11-13 01:00:00,2021-11-13 02:00:00,0.08406999999999999
Netherlands,NLD,2021-11-13 02:00:00,2021-11-13 03:00:00,0.08416
Netherlands,NLD,2021-11-13 03:00:00,2021-11-13 04:00:00,0.1134
Netherlands,NLD,2021-11-13 04:00:00,2021-11-13 05:00:00,0.102
Netherlands,NLD,2021-11-13 05:00:00,2021-11-13 06:00:00,0.13191
Netherlands,NLD,2021-11-13 06:00:00,2021-11-13 07:00:00,0.15531
Netherlands,NLD,2021-11-13 07:00:00,2021-11-13 08:00:00,0.1512
Netherlands,NLD,2021-11-13 08:00:00,2021-11-13 09:00:00,0.16175
Netherlands,NLD,2021-11-13 09:00:00,2021-11-13 10:00:00,0.17389
Netherlands,NLD,2021-11-13 10:00:00,2021-11-13 11:00:00,0.17747
Netherlands,NLD,2021-11-13 11:00:00,2021-11-13 12:00:00,0.1775
Netherlands,NLD,2021-11-13 12:00:00,2021-11-13 13:00:00,0.17652
Netherlands,NLD,2021-11-13 13:00:00,2021-11-13 14:00:00,0.17652
Netherlands,NLD,2021-11-13 14:00:00,2021-11-13 15:00:00,0.17652
Netherlands,NLD,2021-11-13 15:00:00,2021-11-13 16:00:00,0.18059999999999998
Netherlands,NLD,2021-11-13 16:00:00,2021-11-13 17:00:00,0.21
Netherlands,NLD,2021-11-13 17:00:00,2021-11-13 18:00:00,0.22
Netherlands,NLD,2021-11-13 18:00:00,2021-11-13 19:00:00,0.21375
Netherlands,NLD,2021-11-13 19:00:00,2021-11-13 20:00:00,0.18009999999999998
Netherlands,NLD,2021-11-13 20:00:00,2021-11-13 21:00:00,0.16483
Netherlands,NLD,2021-11-13 21:00:00,2021-11-13 22:00:00,0.16143000000000002
Netherlands,NLD,2021-11-13 22:00:00,2021-11-13 23:00:00,0.1514
Netherlands,NLD,2021-11-13 23:00:00,2021-11-14 00:00:00,0.18472999999999998
Netherlands,NLD,2021-11-14 00:00:00,2021-11-14 01:00:00,0.17003000000000001
Netherlands,NLD,2021-11-14 01:00:00,2021-11-14 02:00:00,0.16724
Netherlands,NLD,2021-11-14 02:00:00,2021-11-14 03:00:00,0.15563
Netherlands,NLD,2021-11-14 03:00:00,2021-11-14 04:00:00,0.1451
Netherlands,NLD,2021-11-14 04:00:00,2021-11-14 05:00:00,0.14135
Netherlands,NLD,2021-11-14 05:00:00,2021-11-14 06:00:00,0.195
Netherlands,NLD,2021-11-14 06:00:00,2021-11-14 07:00:00,0.17687
Netherlands,NLD,2021-11-14 07:00:00,2021-11-14 08:00:00,0.16054
Netherlands,NLD,2021-11-14 08:00:00,2021-11-14 09:00:00,0.17007
Netherlands,NLD,2021-11-14 09:00:00,2021-11-14 10:00:00,0.1772
Netherlands,NLD,2021-11-14 10:00:00,2021-11-14 11:00:00,0.17893
Netherlands,NLD,2021-11-14 11:00:00,2021-11-14 12:00:00,0.18458000000000002
Netherlands,NLD,2021-11-14 12:00:00,2021-11-14 13:00:00,0.17002
Netherlands,NLD,2021-11-14 13:00:00,2021-11-14 14:00:00,0.158
Netherlands,NLD,2021-11-14 14:00:00,2021-11-14 15:00:00,0.16
Netherlands,NLD,2021-11-14 15:00:00,2021-11-14 16:00:00,0.1666
Netherlands,NLD,2021-11-14 16:00:00,2021-11-14 17:00:00,0.19794
Netherlands,NLD,2021-11-14 17:00:00,2021-11-14 18:00:00,0.20446999999999999
Netherlands,NLD,2021-11-14 18:00:00,2021-11-14 19:00:00,0.20621
Netherlands,NLD,2021-11-14 19:00:00,2021-11-14 20:00:00,0.195
Netherlands,NLD,2021-11-14 20:00:00,2021-11-14 21:00:00,0.16761
Netherlands,NLD,2021-11-14 21:00:00,2021-11-14 22:00:00,0.17318
Netherlands,NLD,2021-11-14 22:00:00,2021-11-14 23:00:00,0.1585
Netherlands,NLD,2021-11-14 23:00:00,2021-11-15 00:00:00,0.16585
Netherlands,NLD,2021-11-15 00:00:00,2021-11-15 01:00:00,0.1589
Netherlands,NLD,2021-11-15 01:00:00,2021-11-15 02:00:00,0.15581
Netherlands,NLD,2021-11-15 02:00:00,2021-11-15 03:00:00,0.15134999999999998
Netherlands,NLD,2021-11-15 03:00:00,2021-11-15 04:00:00,0.14964
Netherlands,NLD,2021-11-15 04:00:00,2021-11-15 05:00:00,0.16391999999999998
Netherlands,NLD,2021-11-15 05:00:00,2021-11-15 06:00:00,0.19112
Netherlands,NLD,2021-11-15 06:00:00,2021-11-15 07:00:00,0.24534999999999998
Netherlands,NLD,2021-11-15 07:00:00,2021-11-15 08:00:00,0.26218
Netherlands,NLD,2021-11-15 08:00:00,2021-11-15 09:00:00,0.265
Netherlands,NLD,2021-11-15 09:00:00,2021-11-15 10:00:00,0.26333
Netherlands,NLD,2021-11-15 10:00:00,2021-11-15 11:00:00,0.2689
Netherlands,NLD,2021-11-15 11:00:00,2021-11-15 12:00:00,0.26006
Netherlands,NLD,2021-11-15 12:00:00,2021-11-15 13:00:00,0.2581
Netherlands,NLD,2021-11-15 13:00:00,2021-11-15 14:00:00,0.26817
Netherlands,NLD,2021-11-15 14:00:00,2021-11-15 15:00:00,0.26599
Netherlands,NLD,2021-11-15 15:00:00,2021-11-15 16:00:00,0.27494
Netherlands,NLD,2021-11-15 16:00:00,2021-11-15 17:00:00,0.30001
Netherlands,NLD,2021-11-15 17:00:00,2021-11-15 18:00:00,0.3
Netherlands,NLD,2021-11-15 18:00:00,2021-11-15 19:00:00,0.27257
Netherlands,NLD,2021-11-15 19:00:00,2021-11-15 20:00:00,0.23876
Netherlands,NLD,2021-11-15 20:00:00,2021-11-15 21:00:00,0.21778999999999998
Netherlands,NLD,2021-11-15 21:00:00,2021-11-15 22:00:00,0.19375
Netherlands,NLD,2021-11-15 22:00:00,2021-11-15 23:00:00,0.1762
Netherlands,NLD,2021-11-15 23:00:00,2021-11-16 00:00:00,0.18238
Netherlands,NLD,2021-11-16 00:00:00,2021-11-16 01:00:00,0.16737
Netherlands,NLD,2021-11-16 01:00:00,2021-11-16 02:00:00,0.16213999999999998
Netherlands,NLD,2021-11-16 02:00:00,2021-11-16 03:00:00,0.1596
Netherlands,NLD,2021-11-16 03:00:00,2021-11-16 04:00:00,0.15178999999999998
Netherlands,NLD,2021-11-16 04:00:00,2021-11-16 05:00:00,0.16216999999999998
Netherlands,NLD,2021-11-16 05:00:00,2021-11-16 06:00:00,0.18480000000000002
Netherlands,NLD,2021-11-16 06:00:00,2021-11-16 07:00:00,0.25
Netherlands,NLD,2021-11-16 07:00:00,2021-11-16 08:00:00,0.28006
Netherlands,NLD,2021-11-16 08:00:00,2021-11-16 09:00:00,0.28002999999999995
Netherlands,NLD,2021-11-16 09:00:00,2021-11-16 10:00:00,0.274
Netherlands,NLD,2021-11-16 10:00:00,2021-11-16 11:00:00,0.2699
Netherlands,NLD,2021-11-16 11:00:00,2021-11-16 12:00:00,0.22147
Netherlands,NLD,2021-11-16 12:00:00,2021-11-16 13:00:00,0.22607
Netherlands,NLD,2021-11-16 13:00:00,2021-11-16 14:00:00,0.2501
Netherlands,NLD,2021-11-16 14:00:00,2021-11-16 15:00:00,0.26203
Netherlands,NLD,2021-11-16 15:00:00,2021-11-16 16:00:00,0.28002999999999995
Netherlands,NLD,2021-11-16 16:00:00,2021-11-16 17:00:00,0.301
Netherlands,NLD,2021-11-16 17:00:00,2021-11-16 18:00:00,0.29698
Netherlands,NLD,2021-11-16 18:00:00,2021-11-16 19:00:00,0.2791
Netherlands,NLD,2021-11-16 19:00:00,2021-11-16 20:00:00,0.25
Netherlands,NLD,2021-11-16 20:00:00,2021-11-16 21:00:00,0.1999
Netherlands,NLD,2021-11-16 21:00:00,2021-11-16 22:00:00,0.1608
Netherlands,NLD,2021-11-16 22:00:00,2021-11-16 23:00:00,0.13728
Netherlands,NLD,2021-11-16 23:00:00,2021-11-17 00:00:00,0.19401
Netherlands,NLD,2021-11-17 00:00:00,2021-11-17 01:00:00,0.18912
Netherlands,NLD,2021-11-17 01:00:00,2021-11-17 02:00:00,0.17346999999999999
Netherlands,NLD,2021-11-17 02:00:00,2021-11-17 03:00:00,0.16602
Netherlands,NLD,2021-11-17 03:00:00,2021-11-17 04:00:00,0.16322
Netherlands,NLD,2021-11-17 04:00:00,2021-11-17 05:00:00,0.17352
Netherlands,NLD,2021-11-17 05:00:00,2021-11-17 06:00:00,0.181
Netherlands,NLD,2021-11-17 06:00:00,2021-11-17 07:00:00,0.226
Netherlands,NLD,2021-11-17 07:00:00,2021-11-17 08:00:00,0.214
Netherlands,NLD,2021-11-17 08:00:00,2021-11-17 09:00:00,0.2388
Netherlands,NLD,2021-11-17 09:00:00,2021-11-17 10:00:00,0.2299
Netherlands,NLD,2021-11-17 10:00:00,2021-11-17 11:00:00,0.22069999999999998
Netherlands,NLD,2021-11-17 11:00:00,2021-11-17 12:00:00,0.1996
Netherlands,NLD,2021-11-17 12:00:00,2021-11-17 13:00:00,0.2014
Netherlands,NLD,2021-11-17 13:00:00,2021-11-17 14:00:00,0.1795
Netherlands,NLD,2021-11-17 14:00:00,2021-11-17 15:00:00,0.1976
Netherlands,NLD,2021-11-17 15:00:00,2021-11-17 16:00:00,0.17794
Netherlands,NLD,2021-11-17 16:00:00,2021-11-17 17:00:00,0.25
Netherlands,NLD,2021-11-17 17:00:00,2021-11-17 18:00:00,0.2001
Netherlands,NLD,2021-11-17 18:00:00,2021-11-17 19:00:00,0.18
Netherlands,NLD,2021-11-17 19:00:00,2021-11-17 20:00:00,0.19304
Netherlands,NLD,2021-11-17 20:00:00,2021-11-17 21:00:00,0.21459999999999999
Netherlands,NLD,2021-11-17 21:00:00,2021-11-17 22:00:00,0.195
Netherlands,NLD,2021-11-17 22:00:00,2021-11-17 23:00:00,0.1804
Netherlands,NLD,2021-11-17 23:00:00,2021-11-18 00:00:00,0.2
Netherlands,NLD,2021-11-18 00:00:00,2021-11-18 01:00:00,0.19169999999999998
Netherlands,NLD,2021-11-18 01:00:00,2021-11-18 02:00:00,0.2
Netherlands,NLD,2021-11-18 02:00:00,2021-11-18 03:00:00,0.18574000000000002
Netherlands,NLD,2021-11-18 03:00:00,2021-11-18 04:00:00,0.18
Netherlands,NLD,2021-11-18 04:00:00,2021-11-18 05:00:00,0.18691
Netherlands,NLD,2021-11-18 05:00:00,2021-11-18 06:00:00,0.22291999999999998
Netherlands,NLD,2021-11-18 06:00:00,2021-11-18 07:00:00,0.2687
Netherlands,NLD,2021-11-18 07:00:00,2021-11-18 08:00:00,0.262
Netherlands,NLD,2021-11-18 08:00:00,2021-11-18 09:00:00,0.2504
Netherlands,NLD,2021-11-18 09:00:00,2021-11-18 10:00:00,0.199
Netherlands,NLD,2021-11-18 10:00:00,2021-11-18 11:00:00,0.1923
Netherlands,NLD,2021-11-18 11:00:00,2021-11-18 12:00:00,0.196
Netherlands,NLD,2021-11-18 12:00:00,2021-11-18 13:00:00,0.178
Netherlands,NLD,2021-11-18 13:00:00,2021-11-18 14:00:00,0.18578999999999998
Netherlands,NLD,2021-11-18 14:00:00,2021-11-18 15:00:00,0.1961
Netherlands,NLD,2021-11-18 15:00:00,2021-11-18 16:00:00,0.22265000000000001
Netherlands,NLD,2021-11-18 16:00:00,2021-11-18 17:00:00,0.28599
Netherlands,NLD,2021-11-18 17:00:00,2021-11-18 18:00:00,0.228
Netherlands,NLD,2021-11-18 18:00:00,2021-11-18 19:00:00,0.2199
Netherlands,NLD,2021-11-18 19:00:00,2021-11-18 20:00:00,0.2099
Netherlands,NLD,2021-11-18 20:00:00,2021-11-18 21:00:00,0.2001
Netherlands,NLD,2021-11-18 21:00:00,2021-11-18 22:00:00,0.1999
Netherlands,NLD,2021-11-18 22:00:00,2021-11-18 23:00:00,0.1595
Netherlands,NLD,2021-11-18 23:00:00,2021-11-19 00:00:00,0.195
Netherlands,NLD,2021-11-19 00:00:00,2021-11-19 01:00:00,0.174
Netherlands,NLD,2021-11-19 01:00:00,2021-11-19 02:00:00,0.17102
Netherlands,NLD,2021-11-19 02:00:00,2021-11-19 03:00:00,0.169
Netherlands,NLD,2021-11-19 03:00:00,2021-11-19 04:00:00,0.154
Netherlands,NLD,2021-11-19 04:00:00,2021-11-19 05:00:00,0.1749
Netherlands,NLD,2021-11-19 05:00:00,2021-11-19 06:00:00,0.2001
Netherlands,NLD,2021-11-19 06:00:00,2021-11-19 07:00:00,0.197
Netherlands,NLD,2021-11-19 07:00:00,2021-11-19 08:00:00,0.2225
Netherlands,NLD,2021-11-19 08:00:00,2021-11-19 09:00:00,0.2449
Netherlands,NLD,2021-11-19 09:00:00,2021-11-19 10:00:00,0.19211
Netherlands,NLD,2021-11-19 10:00:00,2021-11-19 11:00:00,0.2001
Netherlands,NLD,2021-11-19 11:00:00,2021-11-19 12:00:00,0.19318000000000002
Netherlands,NLD,2021-11-19 12:00:00,2021-11-19 13:00:00,0.1805
Netherlands,NLD,2021-11-19 13:00:00,2021-11-19 14:00:00,0.195
Netherlands,NLD,2021-11-19 14:00:00,2021-11-19 15:00:00,0.206
Netherlands,NLD,2021-11-19 15:00:00,2021-11-19 16:00:00,0.23198
Netherlands,NLD,2021-11-19 16:00:00,2021-11-19 17:00:00,0.27
Netherlands,NLD,2021-11-19 17:00:00,2021-11-19 18:00:00,0.2799
Netherlands,NLD,2021-11-19 18:00:00,2021-11-19 19:00:00,0.1856
Netherlands,NLD,2021-11-19 19:00:00,2021-11-19 20:00:00,0.1992
Netherlands,NLD,2021-11-19 20:00:00,2021-11-19 21:00:00,0.195
Netherlands,NLD,2021-11-19 21:00:00,2021-11-19 22:00:00,0.18469999999999998
Netherlands,NLD,2021-11-19 22:00:00,2021-11-19 23:00:00,0.18080000000000002
Netherlands,NLD,2021-11-19 23:00:00,2021-11-20 00:00:00,0.176
Netherlands,NLD,2021-11-20 00:00:00,2021-11-20 01:00:00,0.176
Netherlands,NLD,2021-11-20 01:00:00,2021-11-20 02:00:00,0.195
Netherlands,NLD,2021-11-20 02:00:00,2021-11-20 03:00:00,0.195
Netherlands,NLD,2021-11-20 03:00:00,2021-11-20 04:00:00,0.1866
Netherlands,NLD,2021-11-20 04:00:00,2021-11-20 05:00:00,0.173
Netherlands,NLD,2021-11-20 05:00:00,2021-11-20 06:00:00,0.155
Netherlands,NLD,2021-11-20 06:00:00,2021-11-20 07:00:00,0.18530000000000002
Netherlands,NLD,2021-11-20 07:00:00,2021-11-20 08:00:00,0.18569999999999998
Netherlands,NLD,2021-11-20 08:00:00,2021-11-20 09:00:00,0.1761
Netherlands,NLD,2021-11-20 09:00:00,2021-11-20 10:00:00,0.16390000000000002
Netherlands,NLD,2021-11-20 10:00:00,2021-11-20 11:00:00,0.188
Netherlands,NLD,2021-11-20 11:00:00,2021-11-20 12:00:00,0.1767
Netherlands,NLD,2021-11-20 12:00:00,2021-11-20 13:00:00,0.19
Netherlands,NLD,2021-11-20 13:00:00,2021-11-20 14:00:00,0.15268
Netherlands,NLD,2021-11-20 14:00:00,2021-11-20 15:00:00,0.22130000000000002
Netherlands,NLD,2021-11-20 15:00:00,2021-11-20 16:00:00,0.22344
Netherlands,NLD,2021-11-20 16:00:00,2021-11-20 17:00:00,0.25
Netherlands,NLD,2021-11-20 17:00:00,2021-11-20 18:00:00,0.1799
Netherlands,NLD,2021-11-20 18:00:00,2021-11-20 19:00:00,0.2099
Netherlands,NLD,2021-11-20 19:00:00,2021-11-20 20:00:00,0.1584
Netherlands,NLD,2021-11-20 20:00:00,2021-11-20 21:00:00,0.195
Netherlands,NLD,2021-11-20 21:00:00,2021-11-20 22:00:00,0.2293
Netherlands,NLD,2021-11-20 22:00:00,2021-11-20 23:00:00,0.12111
Netherlands,NLD,2021-11-20 23:00:00,2021-11-21 00:00:00,0.14287
Netherlands,NLD,2021-11-21 00:00:00,2021-11-21 01:00:00,0.08421
Netherlands,NLD,2021-11-21 01:00:00,2021-11-21 02:00:00,0.08256000000000001
Netherlands,NLD,2021-11-21 02:00:00,2021-11-21 03:00:00,0.08774
Netherlands,NLD,2021-11-21 03:00:00,2021-11-21 04:00:00,0.07906
Netherlands,NLD,2021-11-21 04:00:00,2021-11-21 05:00:00,0.07063
Netherlands,NLD,2021-11-21 05:00:00,2021-11-21 06:00:00,0.125
Netherlands,NLD,2021-11-21 06:00:00,2021-11-21 07:00:00,0.06038
Netherlands,NLD,2021-11-21 07:00:00,2021-11-21 08:00:00,0.10102
Netherlands,NLD,2021-11-21 08:00:00,2021-11-21 09:00:00,0.15092
Netherlands,NLD,2021-11-21 09:00:00,2021-11-21 10:00:00,0.1779
Netherlands,NLD,2021-11-21 10:00:00,2021-11-21 11:00:00,0.185
Netherlands,NLD,2021-11-21 11:00:00,2021-11-21 12:00:00,0.18
Netherlands,NLD,2021-11-21 12:00:00,2021-11-21 13:00:00,0.15969999999999998
Netherlands,NLD,2021-11-21 13:00:00,2021-11-21 14:00:00,0.155
Netherlands,NLD,2021-11-21 14:00:00,2021-11-21 15:00:00,0.195
Netherlands,NLD,2021-11-21 15:00:00,2021-11-21 16:00:00,0.21171
Netherlands,NLD,2021-11-21 16:00:00,2021-11-21 17:00:00,0.24
Netherlands,NLD,2021-11-21 17:00:00,2021-11-21 18:00:00,0.24433000000000002
Netherlands,NLD,2021-11-21 18:00:00,2021-11-21 19:00:00,0.2
Netherlands,NLD,2021-11-21 19:00:00,2021-11-21 20:00:00,0.16641
Netherlands,NLD,2021-11-21 20:00:00,2021-11-21 21:00:00,0.16
Netherlands,NLD,2021-11-21 21:00:00,2021-11-21 22:00:00,0.15907
Netherlands,NLD,2021-11-21 22:00:00,2021-11-21 23:00:00,0.10369
Netherlands,NLD,2021-11-21 23:00:00,2021-11-22 00:00:00,0.17586000000000002
Netherlands,NLD,2021-11-22 00:00:00,2021-11-22 01:00:00,0.15375
Netherlands,NLD,2021-11-22 01:00:00,2021-11-22 02:00:00,0.13832
Netherlands,NLD,2021-11-22 02:00:00,2021-11-22 03:00:00,0.13169999999999998
Netherlands,NLD,2021-11-22 03:00:00,2021-11-22 04:00:00,0.15263
Netherlands,NLD,2021-11-22 04:00:00,2021-11-22 05:00:00,0.16394999999999998
Netherlands,NLD,2021-11-22 05:00:00,2021-11-22 06:00:00,0.23936000000000002
Netherlands,NLD,2021-11-22 06:00:00,2021-11-22 07:00:00,0.20633
Netherlands,NLD,2021-11-22 07:00:00,2021-11-22 08:00:00,0.23459
Netherlands,NLD,2021-11-22 08:00:00,2021-11-22 09:00:00,0.23002
Netherlands,NLD,2021-11-22 09:00:00,2021-11-22 10:00:00,0.1742
Netherlands,NLD,2021-11-22 10:00:00,2021-11-22 11:00:00,0.22
Netherlands,NLD,2021-11-22 11:00:00,2021-11-22 12:00:00,0.18
Netherlands,NLD,2021-11-22 12:00:00,2021-11-22 13:00:00,0.18944
Netherlands,NLD,2021-11-22 13:00:00,2021-11-22 14:00:00,0.19
Netherlands,NLD,2021-11-22 14:00:00,2021-11-22 15:00:00,0.1769
Netherlands,NLD,2021-11-22 15:00:00,2021-11-22 16:00:00,0.1849
Netherlands,NLD,2021-11-22 16:00:00,2021-11-22 17:00:00,0.31887
Netherlands,NLD,2021-11-22 17:00:00,2021-11-22 18:00:00,0.29129
Netherlands,NLD,2021-11-22 18:00:00,2021-11-22 19:00:00,0.18634
Netherlands,NLD,2021-11-22 19:00:00,2021-11-22 20:00:00,0.1866
Netherlands,NLD,2021-11-22 20:00:00,2021-11-22 21:00:00,0.1744
Netherlands,NLD,2021-11-22 21:00:00,2021-11-22 22:00:00,0.1745
Netherlands,NLD,2021-11-22 22:00:00,2021-11-22 23:00:00,0.184
Netherlands,NLD,2021-11-22 23:00:00,2021-11-23 00:00:00,0.163
Netherlands,NLD,2021-11-23 00:00:00,2021-11-23 01:00:00,0.164
Netherlands,NLD,2021-11-23 01:00:00,2021-11-23 02:00:00,0.157
Netherlands,NLD,2021-11-23 02:00:00,2021-11-23 03:00:00,0.14846
Netherlands,NLD,2021-11-23 03:00:00,2021-11-23 04:00:00,0.16441999999999998
Netherlands,NLD,2021-11-23 04:00:00,2021-11-23 05:00:00,0.1673
Netherlands,NLD,2021-11-23 05:00:00,2021-11-23 06:00:00,0.15832
Netherlands,NLD,2021-11-23 06:00:00,2021-11-23 07:00:00,0.18
Netherlands,NLD,2021-11-23 07:00:00,2021-11-23 08:00:00,0.24872999999999998
Netherlands,NLD,2021-11-23 08:00:00,2021-11-23 09:00:00,0.23003
Netherlands,NLD,2021-11-23 09:00:00,2021-11-23 10:00:00,0.2
Netherlands,NLD,2021-11-23 10:00:00,2021-11-23 11:00:00,0.22496000000000002
Netherlands,NLD,2021-11-23 11:00:00,2021-11-23 12:00:00,0.20902
Netherlands,NLD,2021-11-23 12:00:00,2021-11-23 13:00:00,0.23759
Netherlands,NLD,2021-11-23 13:00:00,2021-11-23 14:00:00,0.25989999999999996
Netherlands,NLD,2021-11-23 14:00:00,2021-11-23 15:00:00,0.3
Netherlands,NLD,2021-11-23 15:00:00,2021-11-23 16:00:00,0.31733999999999996
Netherlands,NLD,2021-11-23 16:00:00,2021-11-23 17:00:00,0.34820999999999996
Netherlands,NLD,2021-11-23 17:00:00,2021-11-23 18:00:00,0.34213
Netherlands,NLD,2021-11-23 18:00:00,2021-11-23 19:00:00,0.26659
Netherlands,NLD,2021-11-23 19:00:00,2021-11-23 20:00:00,0.2469
Netherlands,NLD,2021-11-23 20:00:00,2021-11-23 21:00:00,0.18819999999999998
Netherlands,NLD,2021-11-23 21:00:00,2021-11-23 22:00:00,0.18419999999999997
Netherlands,NLD,2021-11-23 22:00:00,2021-11-23 23:00:00,0.172
Netherlands,NLD,2021-11-23 23:00:00,2021-11-24 00:00:00,0.1756
Netherlands,NLD,2021-11-24 00:00:00,2021-11-24 01:00:00,0.16754
Netherlands,NLD,2021-11-24 01:00:00,2021-11-24 02:00:00,0.1733
Netherlands,NLD,2021-11-24 02:00:00,2021-11-24 03:00:00,0.17111
Netherlands,NLD,2021-11-24 03:00:00,2021-11-24 04:00:00,0.19108
Netherlands,NLD,2021-11-24 04:00:00,2021-11-24 05:00:00,0.19486
Netherlands,NLD,2021-11-24 05:00:00,2021-11-24 06:00:00,0.18380000000000002
Netherlands,NLD,2021-11-24 06:00:00,2021-11-24 07:00:00,0.27401
Netherlands,NLD,2021-11-24 07:00:00,2021-11-24 08:00:00,0.34498
Netherlands,NLD,2021-11-24 08:00:00,2021-11-24 09:00:00,0.33002
Netherlands,NLD,2021-11-24 09:00:00,2021-11-24 10:00:00,0.32135
Netherlands,NLD,2021-11-24 10:00:00,2021-11-24 11:00:00,0.31305
Netherlands,NLD,2021-11-24 11:00:00,2021-11-24 12:00:00,0.29999000000000003
Netherlands,NLD,2021-11-24 12:00:00,2021-11-24 13:00:00,0.3
Netherlands,NLD,2021-11-24 13:00:00,2021-11-24 14:00:00,0.328
Netherlands,NLD,2021-11-24 14:00:00,2021-11-24 15:00:00,0.34218
Netherlands,NLD,2021-11-24 15:00:00,2021-11-24 16:00:00,0.35092
Netherlands,NLD,2021-11-24 16:00:00,2021-11-24 17:00:00,0.385
Netherlands,NLD,2021-11-24 17:00:00,2021-11-24 18:00:00,0.2699
Netherlands,NLD,2021-11-24 18:00:00,2021-11-24 19:00:00,0.21559999999999999
Netherlands,NLD,2021-11-24 19:00:00,2021-11-24 20:00:00,0.1999
Netherlands,NLD,2021-11-24 20:00:00,2021-11-24 21:00:00,0.195
Netherlands,NLD,2021-11-24 21:00:00,2021-11-24 22:00:00,0.19401
Netherlands,NLD,2021-11-24 22:00:00,2021-11-24 23:00:00,0.175
Netherlands,NLD,2021-11-24 23:00:00,2021-11-25 00:00:00,0.19179
Netherlands,NLD,2021-11-25 00:00:00,2021-11-25 01:00:00,0.20303
Netherlands,NLD,2021-11-25 01:00:00,2021-11-25 02:00:00,0.19858
Netherlands,NLD,2021-11-25 02:00:00,2021-11-25 03:00:00,0.19688999999999998
Netherlands,NLD,2021-11-25 03:00:00,2021-11-25 04:00:00,0.19
Netherlands,NLD,2021-11-25 04:00:00,2021-11-25 05:00:00,0.20992
Netherlands,NLD,2021-11-25 05:00:00,2021-11-25 06:00:00,0.18430000000000002
Netherlands,NLD,2021-11-25 06:00:00,2021-11-25 07:00:00,0.24669999999999997
Netherlands,NLD,2021-11-25 07:00:00,2021-11-25 08:00:00,0.199
Netherlands,NLD,2021-11-25 08:00:00,2021-11-25 09:00:00,0.246
Netherlands,NLD,2021-11-25 09:00:00,2021-11-25 10:00:00,0.192
Netherlands,NLD,2021-11-25 10:00:00,2021-11-25 11:00:00,0.187
Netherlands,NLD,2021-11-25 11:00:00,2021-11-25 12:00:00,0.1737
Netherlands,NLD,2021-11-25 12:00:00,2021-11-25 13:00:00,0.174
Netherlands,NLD,2021-11-25 13:00:00,2021-11-25 14:00:00,0.16995
Netherlands,NLD,2021-11-25 14:00:00,2021-11-25 15:00:00,0.17288
Netherlands,NLD,2021-11-25 15:00:00,2021-11-25 16:00:00,0.276
Netherlands,NLD,2021-11-25 16:00:00,2021-11-25 17:00:00,0.20894
Netherlands,NLD,2021-11-25 17:00:00,2021-11-25 18:00:00,0.18430000000000002
Netherlands,NLD,2021-11-25 18:00:00,2021-11-25 19:00:00,0.18766999999999998
Netherlands,NLD,2021-11-25 19:00:00,2021-11-25 20:00:00,0.219
Netherlands,NLD,2021-11-25 20:00:00,2021-11-25 21:00:00,0.17306
Netherlands,NLD,2021-11-25 21:00:00,2021-11-25 22:00:00,0.16579
Netherlands,NLD,2021-11-25 22:00:00,2021-11-25 23:00:00,0.16182
Netherlands,NLD,2021-11-25 23:00:00,2021-11-26 00:00:00,0.172
Netherlands,NLD,2021-11-26 00:00:00,2021-11-26 01:00:00,0.17472
Netherlands,NLD,2021-11-26 01:00:00,2021-11-26 02:00:00,0.1659
Netherlands,NLD,2021-11-26 02:00:00,2021-11-26 03:00:00,0.15990000000000001
Netherlands,NLD,2021-11-26 03:00:00,2021-11-26 04:00:00,0.14342
Netherlands,NLD,2021-11-26 04:00:00,2021-11-26 05:00:00,0.15256999999999998
Netherlands,NLD,2021-11-26 05:00:00,2021-11-26 06:00:00,0.21330000000000002
Netherlands,NLD,2021-11-26 06:00:00,2021-11-26 07:00:00,0.23952
Netherlands,NLD,2021-11-26 07:00:00,2021-11-26 08:00:00,0.25610000000000005
Netherlands,NLD,2021-11-26 08:00:00,2021-11-26 09:00:00,0.2329
Netherlands,NLD,2021-11-26 09:00:00,2021-11-26 10:00:00,0.23591
Netherlands,NLD,2021-11-26 10:00:00,2021-11-26 11:00:00,0.19540000000000002
Netherlands,NLD,2021-11-26 11:00:00,2021-11-26 12:00:00,0.20191
Netherlands,NLD,2021-11-26 12:00:00,2021-11-26 13:00:00,0.1749
Netherlands,NLD,2021-11-26 13:00:00,2021-11-26 14:00:00,0.16975
Netherlands,NLD,2021-11-26 14:00:00,2021-11-26 15:00:00,0.16549
Netherlands,NLD,2021-11-26 15:00:00,2021-11-26 16:00:00,0.17892
Netherlands,NLD,2021-11-26 16:00:00,2021-11-26 17:00:00,0.27976999999999996
Netherlands,NLD,2021-11-26 17:00:00,2021-11-26 18:00:00,0.206
Netherlands,NLD,2021-11-26 18:00:00,2021-11-26 19:00:00,0.19490000000000002
Netherlands,NLD,2021-11-26 19:00:00,2021-11-26 20:00:00,0.219
Netherlands,NLD,2021-11-26 20:00:00,2021-11-26 21:00:00,0.219
Netherlands,NLD,2021-11-26 21:00:00,2021-11-26 22:00:00,0.208
Netherlands,NLD,2021-11-26 22:00:00,2021-11-26 23:00:00,0.189
Netherlands,NLD,2021-11-26 23:00:00,2021-11-27 00:00:00,0.2501
Netherlands,NLD,2021-11-27 00:00:00,2021-11-27 01:00:00,0.19
Netherlands,NLD,2021-11-27 01:00:00,2021-11-27 02:00:00,0.182
Netherlands,NLD,2021-11-27 02:00:00,2021-11-27 03:00:00,0.16771
Netherlands,NLD,2021-11-27 03:00:00,2021-11-27 04:00:00,0.1673
Netherlands,NLD,2021-11-27 04:00:00,2021-11-27 05:00:00,0.16918
Netherlands,NLD,2021-11-27 05:00:00,2021-11-27 06:00:00,0.17507
Netherlands,NLD,2021-11-27 06:00:00,2021-11-27 07:00:00,0.20342
Netherlands,NLD,2021-11-27 07:00:00,2021-11-27 08:00:00,0.20926
Netherlands,NLD,2021-11-27 08:00:00,2021-11-27 09:00:00,0.21383000000000002
Netherlands,NLD,2021-11-27 09:00:00,2021-11-27 10:00:00,0.20912999999999998
Netherlands,NLD,2021-11-27 10:00:00,2021-11-27 11:00:00,0.22554
Netherlands,NLD,2021-11-27 11:00:00,2021-11-27 12:00:00,0.21358000000000002
Netherlands,NLD,2021-11-27 12:00:00,2021-11-27 13:00:00,0.21602000000000002
Netherlands,NLD,2021-11-27 13:00:00,2021-11-27 14:00:00,0.2189
Netherlands,NLD,2021-11-27 14:00:00,2021-11-27 15:00:00,0.225
Netherlands,NLD,2021-11-27 15:00:00,2021-11-27 16:00:00,0.22738
Netherlands,NLD,2021-11-27 16:00:00,2021-11-27 17:00:00,0.2708
Netherlands,NLD,2021-11-27 17:00:00,2021-11-27 18:00:00,0.25
Netherlands,NLD,2021-11-27 18:00:00,2021-11-27 19:00:00,0.21403
Netherlands,NLD,2021-11-27 19:00:00,2021-11-27 20:00:00,0.18409999999999999
Netherlands,NLD,2021-11-27 20:00:00,2021-11-27 21:00:00,0.2
Netherlands,NLD,2021-11-27 21:00:00,2021-11-27 22:00:00,0.2001
Netherlands,NLD,2021-11-27 22:00:00,2021-11-27 23:00:00,0.18972999999999998
Netherlands,NLD,2021-11-27 23:00:00,2021-11-28 00:00:00,0.18888999999999997
Netherlands,NLD,2021-11-28 00:00:00,2021-11-28 01:00:00,0.19237
Netherlands,NLD,2021-11-28 01:00:00,2021-11-28 02:00:00,0.18812
Netherlands,NLD,2021-11-28 02:00:00,2021-11-28 03:00:00,0.1812
Netherlands,NLD,2021-11-28 03:00:00,2021-11-28 04:00:00,0.176
Netherlands,NLD,2021-11-28 04:00:00,2021-11-28 05:00:00,0.1745
Netherlands,NLD,2021-11-28 05:00:00,2021-11-28 06:00:00,0.1814
Netherlands,NLD,2021-11-28 06:00:00,2021-11-28 07:00:00,0.18477000000000002
Netherlands,NLD,2021-11-28 07:00:00,2021-11-28 08:00:00,0.18599000000000002
Netherlands,NLD,2021-11-28 08:00:00,2021-11-28 09:00:00,0.19999
Netherlands,NLD,2021-11-28 09:00:00,2021-11-28 10:00:00,0.20301
Netherlands,NLD,2021-11-28 10:00:00,2021-11-28 11:00:00,0.20976
Netherlands,NLD,2021-11-28 11:00:00,2021-11-28 12:00:00,0.21007
Netherlands,NLD,2021-11-28 12:00:00,2021-11-28 13:00:00,0.19828
Netherlands,NLD,2021-11-28 13:00:00,2021-11-28 14:00:00,0.19834000000000002
Netherlands,NLD,2021-11-28 14:00:00,2021-11-28 15:00:00,0.20511000000000001
Netherlands,NLD,2021-11-28 15:00:00,2021-11-28 16:00:00,0.21703
Netherlands,NLD,2021-11-28 16:00:00,2021-11-28 17:00:00,0.24513
Netherlands,NLD,2021-11-28 17:00:00,2021-11-28 18:00:00,0.24794
Netherlands,NLD,2021-11-28 18:00:00,2021-11-28 19:00:00,0.23513
Netherlands,NLD,2021-11-28 19:00:00,2021-11-28 20:00:00,0.19569999999999999
Netherlands,NLD,2021-11-28 20:00:00,2021-11-28 21:00:00,0.189
Netherlands,NLD,2021-11-28 21:00:00,2021-11-28 22:00:00,0.19237
Netherlands,NLD,2021-11-28 22:00:00,2021-11-28 23:00:00,0.15829
Netherlands,NLD,2021-11-28 23:00:00,2021-11-29 00:00:00,0.16777
Netherlands,NLD,2021-11-29 00:00:00,2021-11-29 01:00:00,0.16917
Netherlands,NLD,2021-11-29 01:00:00,2021-11-29 02:00:00,0.15563
Netherlands,NLD,2021-11-29 02:00:00,2021-11-29 03:00:00,0.13707
Netherlands,NLD,2021-11-29 03:00:00,2021-11-29 04:00:00,0.14384
Netherlands,NLD,2021-11-29 04:00:00,2021-11-29 05:00:00,0.15765
Netherlands,NLD,2021-11-29 05:00:00,2021-11-29 06:00:00,0.2033
Netherlands,NLD,2021-11-29 06:00:00,2021-11-29 07:00:00,0.22461
Netherlands,NLD,2021-11-29 07:00:00,2021-11-29 08:00:00,0.30812
Netherlands,NLD,2021-11-29 08:00:00,2021-11-29 09:00:00,0.28923000000000004
Netherlands,NLD,2021-11-29 09:00:00,2021-11-29 10:00:00,0.25066
Netherlands,NLD,2021-11-29 10:00:00,2021-11-29 11:00:00,0.253
Netherlands,NLD,2021-11-29 11:00:00,2021-11-29 12:00:00,0.26897000000000004
Netherlands,NLD,2021-11-29 12:00:00,2021-11-29 13:00:00,0.3292
Netherlands,NLD,2021-11-29 13:00:00,2021-11-29 14:00:00,0.34276999999999996
Netherlands,NLD,2021-11-29 14:00:00,2021-11-29 15:00:00,0.35211000000000003
Netherlands,NLD,2021-11-29 15:00:00,2021-11-29 16:00:00,0.36
Netherlands,NLD,2021-11-29 16:00:00,2021-11-29 17:00:00,0.42187
Netherlands,NLD,2021-11-29 17:00:00,2021-11-29 18:00:00,0.41013
Netherlands,NLD,2021-11-29 18:00:00,2021-11-29 19:00:00,0.35506
Netherlands,NLD,2021-11-29 19:00:00,2021-11-29 20:00:00,0.31016000000000005
Netherlands,NLD,2021-11-29 20:00:00,2021-11-29 21:00:00,0.20647
Netherlands,NLD,2021-11-29 21:00:00,2021-11-29 22:00:00,0.19
Netherlands,NLD,2021-11-29 22:00:00,2021-11-29 23:00:00,0.14378
Netherlands,NLD,2021-11-29 23:00:00,2021-11-30 00:00:00,0.10859
Netherlands,NLD,2021-11-30 00:00:00,2021-11-30 01:00:00,0.10051
Netherlands,NLD,2021-11-30 01:00:00,2021-11-30 02:00:00,0.09193000000000001
Netherlands,NLD,2021-11-30 02:00:00,2021-11-30 03:00:00,0.09409999999999999
Netherlands,NLD,2021-11-30 03:00:00,2021-11-30 04:00:00,0.09394
Netherlands,NLD,2021-11-30 04:00:00,2021-11-30 05:00:00,0.09836
Netherlands,NLD,2021-11-30 05:00:00,2021-11-30 06:00:00,0.10056999999999999
Netherlands,NLD,2021-11-30 06:00:00,2021-11-30 07:00:00,0.214
Netherlands,NLD,2021-11-30 07:00:00,2021-11-30 08:00:00,0.201
Netherlands,NLD,2021-11-30 08:00:00,2021-11-30 09:00:00,0.2
Netherlands,NLD,2021-11-30 09:00:00,2021-11-30 10:00:00,0.21
Netherlands,NLD,2021-11-30 10:00:00,2021-11-30 11:00:00,0.191
Netherlands,NLD,2021-11-30 11:00:00,2021-11-30 12:00:00,0.19696
Netherlands,NLD,2021-11-30 12:00:00,2021-11-30 13:00:00,0.1999
Netherlands,NLD,2021-11-30 13:00:00,2021-11-30 14:00:00,0.2399
Netherlands,NLD,2021-11-30 14:00:00,2021-11-30 15:00:00,0.253
Netherlands,NLD,2021-11-30 15:00:00,2021-11-30 16:00:00,0.259
Netherlands,NLD,2021-11-30 16:00:00,2021-11-30 17:00:00,0.25295
Netherlands,NLD,2021-11-30 17:00:00,2021-11-30 18:00:00,0.22891999999999998
Netherlands,NLD,2021-11-30 18:00:00,2021-11-30 19:00:00,0.2326
Netherlands,NLD,2021-11-30 19:00:00,2021-11-30 20:00:00,0.21443
Netherlands,NLD,2021-11-30 20:00:00,2021-11-30 21:00:00,0.17251
Netherlands,NLD,2021-11-30 21:00:00,2021-11-30 22:00:00,0.14605
Netherlands,NLD,2021-11-30 22:00:00,2021-11-30 23:00:00,0.12694
Netherlands,NLD,2021-11-30 23:00:00,2021-12-01 00:00:00,0.13146000000000002
Netherlands,NLD,2021-12-01 00:00:00,2021-12-01 01:00:00,0.10615999999999999
Netherlands,NLD,2021-12-01 01:00:00,2021-12-01 02:00:00,0.09739
Netherlands,NLD,2021-12-01 02:00:00,2021-12-01 03:00:00,0.09387999999999999
Netherlands,NLD,2021-12-01 03:00:00,2021-12-01 04:00:00,0.08695
Netherlands,NLD,2021-12-01 04:00:00,2021-12-01 05:00:00,0.09426999999999999
Netherlands,NLD,2021-12-01 05:00:00,2021-12-01 06:00:00,0.11581999999999999
Netherlands,NLD,2021-12-01 06:00:00,2021-12-01 07:00:00,0.15
Netherlands,NLD,2021-12-01 07:00:00,2021-12-01 08:00:00,0.24830000000000002
Netherlands,NLD,2021-12-01 08:00:00,2021-12-01 09:00:00,0.25
Netherlands,NLD,2021-12-01 09:00:00,2021-12-01 10:00:00,0.2021
Netherlands,NLD,2021-12-01 10:00:00,2021-12-01 11:00:00,0.234
Netherlands,NLD,2021-12-01 11:00:00,2021-12-01 12:00:00,0.23632
Netherlands,NLD,2021-12-01 12:00:00,2021-12-01 13:00:00,0.203
Netherlands,NLD,2021-12-01 13:00:00,2021-12-01 14:00:00,0.2251
Netherlands,NLD,2021-12-01 14:00:00,2021-12-01 15:00:00,0.219
Netherlands,NLD,2021-12-01 15:00:00,2021-12-01 16:00:00,0.23402
Netherlands,NLD,2021-12-01 16:00:00,2021-12-01 17:00:00,0.32239999999999996
Netherlands,NLD,2021-12-01 17:00:00,2021-12-01 18:00:00,0.2699
Netherlands,NLD,2021-12-01 18:00:00,2021-12-01 19:00:00,0.2299
Netherlands,NLD,2021-12-01 19:00:00,2021-12-01 20:00:00,0.18009999999999998
Netherlands,NLD,2021-12-01 20:00:00,2021-12-01 21:00:00,0.2399
Netherlands,NLD,2021-12-01 21:00:00,2021-12-01 22:00:00,0.26394
Netherlands,NLD,2021-12-01 22:00:00,2021-12-01 23:00:00,0.1401
Netherlands,NLD,2021-12-01 23:00:00,2021-12-02 00:00:00,0.1199
Netherlands,NLD,2021-12-02 00:00:00,2021-12-02 01:00:00,0.11593
Netherlands,NLD,2021-12-02 01:00:00,2021-12-02 02:00:00,0.10915000000000001
Netherlands,NLD,2021-12-02 02:00:00,2021-12-02 03:00:00,0.11056999999999999
Netherlands,NLD,2021-12-02 03:00:00,2021-12-02 04:00:00,0.11266
Netherlands,NLD,2021-12-02 04:00:00,2021-12-02 05:00:00,0.11597
Netherlands,NLD,2021-12-02 05:00:00,2021-12-02 06:00:00,0.205
Netherlands,NLD,2021-12-02 06:00:00,2021-12-02 07:00:00,0.1991
Netherlands,NLD,2021-12-02 07:00:00,2021-12-02 08:00:00,0.22069999999999998
Netherlands,NLD,2021-12-02 08:00:00,2021-12-02 09:00:00,0.21525
Netherlands,NLD,2021-12-02 09:00:00,2021-12-02 10:00:00,0.19648
Netherlands,NLD,2021-12-02 10:00:00,2021-12-02 11:00:00,0.2228
Netherlands,NLD,2021-12-02 11:00:00,2021-12-02 12:00:00,0.21752000000000002
Netherlands,NLD,2021-12-02 12:00:00,2021-12-02 13:00:00,0.22637000000000002
Netherlands,NLD,2021-12-02 13:00:00,2021-12-02 14:00:00,0.2519
Netherlands,NLD,2021-12-02 14:00:00,2021-12-02 15:00:00,0.30495999999999995
Netherlands,NLD,2021-12-02 15:00:00,2021-12-02 16:00:00,0.32782
Netherlands,NLD,2021-12-02 16:00:00,2021-12-02 17:00:00,0.35498
Netherlands,NLD,2021-12-02 17:00:00,2021-12-02 18:00:00,0.3152
Netherlands,NLD,2021-12-02 18:00:00,2021-12-02 19:00:00,0.219
Netherlands,NLD,2021-12-02 19:00:00,2021-12-02 20:00:00,0.2088
Netherlands,NLD,2021-12-02 20:00:00,2021-12-02 21:00:00,0.205
Netherlands,NLD,2021-12-02 21:00:00,2021-12-02 22:00:00,0.20678
Netherlands,NLD,2021-12-02 22:00:00,2021-12-02 23:00:00,0.17248
Netherlands,NLD,2021-12-02 23:00:00,2021-12-03 00:00:00,0.2379
Netherlands,NLD,2021-12-03 00:00:00,2021-12-03 01:00:00,0.2296
Netherlands,NLD,2021-12-03 01:00:00,2021-12-03 02:00:00,0.21649000000000002
Netherlands,NLD,2021-12-03 02:00:00,2021-12-03 03:00:00,0.1735
Netherlands,NLD,2021-12-03 03:00:00,2021-12-03 04:00:00,0.12262
Netherlands,NLD,2021-12-03 04:00:00,2021-12-03 05:00:00,0.12593000000000001
Netherlands,NLD,2021-12-03 05:00:00,2021-12-03 06:00:00,0.16995
Netherlands,NLD,2021-12-03 06:00:00,2021-12-03 07:00:00,0.2321
Netherlands,NLD,2021-12-03 07:00:00,2021-12-03 08:00:00,0.24387999999999999
Netherlands,NLD,2021-12-03 08:00:00,2021-12-03 09:00:00,0.21775
Netherlands,NLD,2021-12-03 09:00:00,2021-12-03 10:00:00,0.18096
Netherlands,NLD,2021-12-03 10:00:00,2021-12-03 11:00:00,0.16041
Netherlands,NLD,2021-12-03 11:00:00,2021-12-03 12:00:00,0.14001
Netherlands,NLD,2021-12-03 12:00:00,2021-12-03 13:00:00,0.1408
Netherlands,NLD,2021-12-03 13:00:00,2021-12-03 14:00:00,0.17993
Netherlands,NLD,2021-12-03 14:00:00,2021-12-03 15:00:00,0.16490000000000002
Netherlands,NLD,2021-12-03 15:00:00,2021-12-03 16:00:00,0.18
Netherlands,NLD,2021-12-03 16:00:00,2021-12-03 17:00:00,0.28
Netherlands,NLD,2021-12-03 17:00:00,2021-12-03 18:00:00,0.26694999999999997
Netherlands,NLD,2021-12-03 18:00:00,2021-12-03 19:00:00,0.1846
Netherlands,NLD,2021-12-03 19:00:00,2021-12-03 20:00:00,0.219
Netherlands,NLD,2021-12-03 20:00:00,2021-12-03 21:00:00,0.1999
Netherlands,NLD,2021-12-03 21:00:00,2021-12-03 22:00:00,0.19993
Netherlands,NLD,2021-12-03 22:00:00,2021-12-03 23:00:00,0.22
Netherlands,NLD,2021-12-03 23:00:00,2021-12-04 00:00:00,0.258
Netherlands,NLD,2021-12-04 00:00:00,2021-12-04 01:00:00,0.198
Netherlands,NLD,2021-12-04 01:00:00,2021-12-04 02:00:00,0.16379
Netherlands,NLD,2021-12-04 02:00:00,2021-12-04 03:00:00,0.185
Netherlands,NLD,2021-12-04 03:00:00,2021-12-04 04:00:00,0.18500999999999998
Netherlands,NLD,2021-12-04 04:00:00,2021-12-04 05:00:00,0.18378999999999998
Netherlands,NLD,2021-12-04 05:00:00,2021-12-04 06:00:00,0.1876
Netherlands,NLD,2021-12-04 06:00:00,2021-12-04 07:00:00,0.205
Netherlands,NLD,2021-12-04 07:00:00,2021-12-04 08:00:00,0.22279
Netherlands,NLD,2021-12-04 08:00:00,2021-12-04 09:00:00,0.23501
Netherlands,NLD,2021-12-04 09:00:00,2021-12-04 10:00:00,0.23955
Netherlands,NLD,2021-12-04 10:00:00,2021-12-04 11:00:00,0.23501
Netherlands,NLD,2021-12-04 11:00:00,2021-12-04 12:00:00,0.23792
Netherlands,NLD,2021-12-04 12:00:00,2021-12-04 13:00:00,0.222
Netherlands,NLD,2021-12-04 13:00:00,2021-12-04 14:00:00,0.21872999999999998
Netherlands,NLD,2021-12-04 14:00:00,2021-12-04 15:00:00,0.21
Netherlands,NLD,2021-12-04 15:00:00,2021-12-04 16:00:00,0.222
Netherlands,NLD,2021-12-04 16:00:00,2021-12-04 17:00:00,0.24305000000000002
Netherlands,NLD,2021-12-04 17:00:00,2021-12-04 18:00:00,0.203
Netherlands,NLD,2021-12-04 18:00:00,2021-12-04 19:00:00,0.17147
Netherlands,NLD,2021-12-04 19:00:00,2021-12-04 20:00:00,0.18941999999999998
Netherlands,NLD,2021-12-04 20:00:00,2021-12-04 21:00:00,0.13688
Netherlands,NLD,2021-12-04 21:00:00,2021-12-04 22:00:00,0.12987
Netherlands,NLD,2021-12-04 22:00:00,2021-12-04 23:00:00,0.12086
Netherlands,NLD,2021-12-04 23:00:00,2021-12-05 00:00:00,0.08739
Netherlands,NLD,2021-12-05 00:00:00,2021-12-05 01:00:00,0.10296
Netherlands,NLD,2021-12-05 01:00:00,2021-12-05 02:00:00,0.10973999999999999
Netherlands,NLD,2021-12-05 02:00:00,2021-12-05 03:00:00,0.10956
Netherlands,NLD,2021-12-05 03:00:00,2021-12-05 04:00:00,0.11009000000000001
Netherlands,NLD,2021-12-05 04:00:00,2021-12-05 05:00:00,0.11277
Netherlands,NLD,2021-12-05 05:00:00,2021-12-05 06:00:00,0.18009999999999998
Netherlands,NLD,2021-12-05 06:00:00,2021-12-05 07:00:00,0.211
Netherlands,NLD,2021-12-05 07:00:00,2021-12-05 08:00:00,0.2
Netherlands,NLD,2021-12-05 08:00:00,2021-12-05 09:00:00,0.2001
Netherlands,NLD,2021-12-05 09:00:00,2021-12-05 10:00:00,0.18009999999999998
Netherlands,NLD,2021-12-05 10:00:00,2021-12-05 11:00:00,0.235
Netherlands,NLD,2021-12-05 11:00:00,2021-12-05 12:00:00,0.218
Netherlands,NLD,2021-12-05 12:00:00,2021-12-05 13:00:00,0.217
Netherlands,NLD,2021-12-05 13:00:00,2021-12-05 14:00:00,0.19913999999999998
Netherlands,NLD,2021-12-05 14:00:00,2021-12-05 15:00:00,0.20927
Netherlands,NLD,2021-12-05 15:00:00,2021-12-05 16:00:00,0.22907
Netherlands,NLD,2021-12-05 16:00:00,2021-12-05 17:00:00,0.25691
Netherlands,NLD,2021-12-05 17:00:00,2021-12-05 18:00:00,0.25379
Netherlands,NLD,2021-12-05 18:00:00,2021-12-05 19:00:00,0.19754
Netherlands,NLD,2021-12-05 19:00:00,2021-12-05 20:00:00,0.2
Netherlands,NLD,2021-12-05 20:00:00,2021-12-05 21:00:00,0.18149
Netherlands,NLD,2021-12-05 21:00:00,2021-12-05 22:00:00,0.19197999999999998
Netherlands,NLD,2021-12-05 22:00:00,2021-12-05 23:00:00,0.14701
Netherlands,NLD,2021-12-05 23:00:00,2021-12-06 00:00:00,0.19678
Netherlands,NLD,2021-12-06 00:00:00,2021-12-06 01:00:00,0.18
Netherlands,NLD,2021-12-06 01:00:00,2021-12-06 02:00:00,0.18275
Netherlands,NLD,2021-12-06 02:00:00,2021-12-06 03:00:00,0.17278
Netherlands,NLD,2021-12-06 03:00:00,2021-12-06 04:00:00,0.17355
Netherlands,NLD,2021-12-06 04:00:00,2021-12-06 05:00:00,0.18016
Netherlands,NLD,2021-12-06 05:00:00,2021-12-06 06:00:00,0.25903
Netherlands,NLD,2021-12-06 06:00:00,2021-12-06 07:00:00,0.3481
Netherlands,NLD,2021-12-06 07:00:00,2021-12-06 08:00:00,0.37154000000000004
Netherlands,NLD,2021-12-06 08:00:00,2021-12-06 09:00:00,0.36367
Netherlands,NLD,2021-12-06 09:00:00,2021-12-06 10:00:00,0.36
Netherlands,NLD,2021-12-06 10:00:00,2021-12-06 11:00:00,0.35301
Netherlands,NLD,2021-12-06 11:00:00,2021-12-06 12:00:00,0.33171
Netherlands,NLD,2021-12-06 12:00:00,2021-12-06 13:00:00,0.31513
Netherlands,NLD,2021-12-06 13:00:00,2021-12-06 14:00:00,0.31493
Netherlands,NLD,2021-12-06 14:00:00,2021-12-06 15:00:00,0.2815
Netherlands,NLD,2021-12-06 15:00:00,2021-12-06 16:00:00,0.2348
Netherlands,NLD,2021-12-06 16:00:00,2021-12-06 17:00:00,0.3
Netherlands,NLD,2021-12-06 17:00:00,2021-12-06 18:00:00,0.221
Netherlands,NLD,2021-12-06 18:00:00,2021-12-06 19:00:00,0.1817
Netherlands,NLD,2021-12-06 19:00:00,2021-12-06 20:00:00,0.17247
Netherlands,NLD,2021-12-06 20:00:00,2021-12-06 21:00:00,0.15522
Netherlands,NLD,2021-12-06 21:00:00,2021-12-06 22:00:00,0.15628
Netherlands,NLD,2021-12-06 22:00:00,2021-12-06 23:00:00,0.12812
Netherlands,NLD,2021-12-06 23:00:00,2021-12-07 00:00:00,0.13037
Netherlands,NLD,2021-12-07 00:00:00,2021-12-07 01:00:00,0.12390999999999999
Netherlands,NLD,2021-12-07 01:00:00,2021-12-07 02:00:00,0.1149
Netherlands,NLD,2021-12-07 02:00:00,2021-12-07 03:00:00,0.11461
Netherlands,NLD,2021-12-07 03:00:00,2021-12-07 04:00:00,0.13113999999999998
Netherlands,NLD,2021-12-07 04:00:00,2021-12-07 05:00:00,0.13382
Netherlands,NLD,2021-12-07 05:00:00,2021-12-07 06:00:00,0.20322
Netherlands,NLD,2021-12-07 06:00:00,2021-12-07 07:00:00,0.25706
Netherlands,NLD,2021-12-07 07:00:00,2021-12-07 08:00:00,0.27591000000000004
Netherlands,NLD,2021-12-07 08:00:00,2021-12-07 09:00:00,0.27982
Netherlands,NLD,2021-12-07 09:00:00,2021-12-07 10:00:00,0.27399
Netherlands,NLD,2021-12-07 10:00:00,2021-12-07 11:00:00,0.219
Netherlands,NLD,2021-12-07 11:00:00,2021-12-07 12:00:00,0.19496
Netherlands,NLD,2021-12-07 12:00:00,2021-12-07 13:00:00,0.1899
Netherlands,NLD,2021-12-07 13:00:00,2021-12-07 14:00:00,0.19862
Netherlands,NLD,2021-12-07 14:00:00,2021-12-07 15:00:00,0.19006
Netherlands,NLD,2021-12-07 15:00:00,2021-12-07 16:00:00,0.18203999999999998
Netherlands,NLD,2021-12-07 16:00:00,2021-12-07 17:00:00,0.26379
Netherlands,NLD,2021-12-07 17:00:00,2021-12-07 18:00:00,0.18869
Netherlands,NLD,2021-12-07 18:00:00,2021-12-07 19:00:00,0.16187
Netherlands,NLD,2021-12-07 19:00:00,2021-12-07 20:00:00,0.179
Netherlands,NLD,2021-12-07 20:00:00,2021-12-07 21:00:00,0.16993
Netherlands,NLD,2021-12-07 21:00:00,2021-12-07 22:00:00,0.12253
Netherlands,NLD,2021-12-07 22:00:00,2021-12-07 23:00:00,0.093
Netherlands,NLD,2021-12-07 23:00:00,2021-12-08 00:00:00,0.13
Netherlands,NLD,2021-12-08 00:00:00,2021-12-08 01:00:00,0.07764
Netherlands,NLD,2021-12-08 01:00:00,2021-12-08 02:00:00,0.12414
Netherlands,NLD,2021-12-08 02:00:00,2021-12-08 03:00:00,0.12079999999999999
Netherlands,NLD,2021-12-08 03:00:00,2021-12-08 04:00:00,0.07995000000000001
Netherlands,NLD,2021-12-08 04:00:00,2021-12-08 05:00:00,0.12603
Netherlands,NLD,2021-12-08 05:00:00,2021-12-08 06:00:00,0.11746
Netherlands,NLD,2021-12-08 06:00:00,2021-12-08 07:00:00,0.175
Netherlands,NLD,2021-12-08 07:00:00,2021-12-08 08:00:00,0.22247999999999998
Netherlands,NLD,2021-12-08 08:00:00,2021-12-08 09:00:00,0.21697
Netherlands,NLD,2021-12-08 09:00:00,2021-12-08 10:00:00,0.19369999999999998
Netherlands,NLD,2021-12-08 10:00:00,2021-12-08 11:00:00,0.1945
Netherlands,NLD,2021-12-08 11:00:00,2021-12-08 12:00:00,0.18834
Netherlands,NLD,2021-12-08 12:00:00,2021-12-08 13:00:00,0.21527000000000002
Netherlands,NLD,2021-12-08 13:00:00,2021-12-08 14:00:00,0.2299
Netherlands,NLD,2021-12-08 14:00:00,2021-12-08 15:00:00,0.24569
Netherlands,NLD,2021-12-08 15:00:00,2021-12-08 16:00:00,0.24533000000000002
Netherlands,NLD,2021-12-08 16:00:00,2021-12-08 17:00:00,0.292
Netherlands,NLD,2021-12-08 17:00:00,2021-12-08 18:00:00,0.2499
Netherlands,NLD,2021-12-08 18:00:00,2021-12-08 19:00:00,0.223
Netherlands,NLD,2021-12-08 19:00:00,2021-12-08 20:00:00,0.2063
Netherlands,NLD,2021-12-08 20:00:00,2021-12-08 21:00:00,0.191
Netherlands,NLD,2021-12-08 21:00:00,2021-12-08 22:00:00,0.219
Netherlands,NLD,2021-12-08 22:00:00,2021-12-08 23:00:00,0.16071000000000002
Netherlands,NLD,2021-12-08 23:00:00,2021-12-09 00:00:00,0.18481
Netherlands,NLD,2021-12-09 00:00:00,2021-12-09 01:00:00,0.19201
Netherlands,NLD,2021-12-09 01:00:00,2021-12-09 02:00:00,0.15990000000000001
Netherlands,NLD,2021-12-09 02:00:00,2021-12-09 03:00:00,0.17445
Netherlands,NLD,2021-12-09 03:00:00,2021-12-09 04:00:00,0.19496
Netherlands,NLD,2021-12-09 04:00:00,2021-12-09 05:00:00,0.19411
Netherlands,NLD,2021-12-09 05:00:00,2021-12-09 06:00:00,0.2417
Netherlands,NLD,2021-12-09 06:00:00,2021-12-09 07:00:00,0.3082
Netherlands,NLD,2021-12-09 07:00:00,2021-12-09 08:00:00,0.33829000000000004
Netherlands,NLD,2021-12-09 08:00:00,2021-12-09 09:00:00,0.3462
Netherlands,NLD,2021-12-09 09:00:00,2021-12-09 10:00:00,0.33899
Netherlands,NLD,2021-12-09 10:00:00,2021-12-09 11:00:00,0.34
Netherlands,NLD,2021-12-09 11:00:00,2021-12-09 12:00:00,0.33564
Netherlands,NLD,2021-12-09 12:00:00,2021-12-09 13:00:00,0.33451
Netherlands,NLD,2021-12-09 13:00:00,2021-12-09 14:00:00,0.34219
Netherlands,NLD,2021-12-09 14:00:00,2021-12-09 15:00:00,0.343
Netherlands,NLD,2021-12-09 15:00:00,2021-12-09 16:00:00,0.34920999999999996
Netherlands,NLD,2021-12-09 16:00:00,2021-12-09 17:00:00,0.35569
Netherlands,NLD,2021-12-09 17:00:00,2021-12-09 18:00:00,0.345
Netherlands,NLD,2021-12-09 18:00:00,2021-12-09 19:00:00,0.3163
Netherlands,NLD,2021-12-09 19:00:00,2021-12-09 20:00:00,0.2399
Netherlands,NLD,2021-12-09 20:00:00,2021-12-09 21:00:00,0.21799000000000002
Netherlands,NLD,2021-12-09 21:00:00,2021-12-09 22:00:00,0.22451
Netherlands,NLD,2021-12-09 22:00:00,2021-12-09 23:00:00,0.1926
Netherlands,NLD,2021-12-09 23:00:00,2021-12-10 00:00:00,0.19554
Netherlands,NLD,2021-12-10 00:00:00,2021-12-10 01:00:00,0.17078
Netherlands,NLD,2021-12-10 01:00:00,2021-12-10 02:00:00,0.14349
Netherlands,NLD,2021-12-10 02:00:00,2021-12-10 03:00:00,0.14678
Netherlands,NLD,2021-12-10 03:00:00,2021-12-10 04:00:00,0.15500999999999998
Netherlands,NLD,2021-12-10 04:00:00,2021-12-10 05:00:00,0.20002
Netherlands,NLD,2021-12-10 05:00:00,2021-12-10 06:00:00,0.22687000000000002
Netherlands,NLD,2021-12-10 06:00:00,2021-12-10 07:00:00,0.28282999999999997
Netherlands,NLD,2021-12-10 07:00:00,2021-12-10 08:00:00,0.29942
Netherlands,NLD,2021-12-10 08:00:00,2021-12-10 09:00:00,0.29081
Netherlands,NLD,2021-12-10 09:00:00,2021-12-10 10:00:00,0.28278
Netherlands,NLD,2021-12-10 10:00:00,2021-12-10 11:00:00,0.26649
Netherlands,NLD,2021-12-10 11:00:00,2021-12-10 12:00:00,0.25079
Netherlands,NLD,2021-12-10 12:00:00,2021-12-10 13:00:00,0.24509999999999998
Netherlands,NLD,2021-12-10 13:00:00,2021-12-10 14:00:00,0.24284999999999998
Netherlands,NLD,2021-12-10 14:00:00,2021-12-10 15:00:00,0.25461
Netherlands,NLD,2021-12-10 15:00:00,2021-12-10 16:00:00,0.27476
Netherlands,NLD,2021-12-10 16:00:00,2021-12-10 17:00:00,0.30004000000000003
Netherlands,NLD,2021-12-10 17:00:00,2021-12-10 18:00:00,0.29298
Netherlands,NLD,2021-12-10 18:00:00,2021-12-10 19:00:00,0.25028
Netherlands,NLD,2021-12-10 19:00:00,2021-12-10 20:00:00,0.25
Netherlands,NLD,2021-12-10 20:00:00,2021-12-10 21:00:00,0.22891999999999998
Netherlands,NLD,2021-12-10 21:00:00,2021-12-10 22:00:00,0.23148
Netherlands,NLD,2021-12-10 22:00:00,2021-12-10 23:00:00,0.20918
Netherlands,NLD,2021-12-10 23:00:00,2021-12-11 00:00:00,0.22111
Netherlands,NLD,2021-12-11 00:00:00,2021-12-11 01:00:00,0.21353
Netherlands,NLD,2021-12-11 01:00:00,2021-12-11 02:00:00,0.20803
Netherlands,NLD,2021-12-11 02:00:00,2021-12-11 03:00:00,0.2066
Netherlands,NLD,2021-12-11 03:00:00,2021-12-11 04:00:00,0.2016
Netherlands,NLD,2021-12-11 04:00:00,2021-12-11 05:00:00,0.2067
Netherlands,NLD,2021-12-11 05:00:00,2021-12-11 06:00:00,0.22007
Netherlands,NLD,2021-12-11 06:00:00,2021-12-11 07:00:00,0.2439
Netherlands,NLD,2021-12-11 07:00:00,2021-12-11 08:00:00,0.26662
Netherlands,NLD,2021-12-11 08:00:00,2021-12-11 09:00:00,0.2906
Netherlands,NLD,2021-12-11 09:00:00,2021-12-11 10:00:00,0.279
Netherlands,NLD,2021-12-11 10:00:00,2021-12-11 11:00:00,0.2063
Netherlands,NLD,2021-12-11 11:00:00,2021-12-11 12:00:00,0.2023
Netherlands,NLD,2021-12-11 12:00:00,2021-12-11 13:00:00,0.2
Netherlands,NLD,2021-12-11 13:00:00,2021-12-11 14:00:00,0.2353
Netherlands,NLD,2021-12-11 14:00:00,2021-12-11 15:00:00,0.24706999999999998
Netherlands,NLD,2021-12-11 15:00:00,2021-12-11 16:00:00,0.26373
Netherlands,NLD,2021-12-11 16:00:00,2021-12-11 17:00:00,0.28158999999999995
Netherlands,NLD,2021-12-11 17:00:00,2021-12-11 18:00:00,0.27419
Netherlands,NLD,2021-12-11 18:00:00,2021-12-11 19:00:00,0.2225
Netherlands,NLD,2021-12-11 19:00:00,2021-12-11 20:00:00,0.21880000000000002
Netherlands,NLD,2021-12-11 20:00:00,2021-12-11 21:00:00,0.19361
Netherlands,NLD,2021-12-11 21:00:00,2021-12-11 22:00:00,0.16055
Netherlands,NLD,2021-12-11 22:00:00,2021-12-11 23:00:00,0.13001
Netherlands,NLD,2021-12-11 23:00:00,2021-12-12 00:00:00,0.10665000000000001
Netherlands,NLD,2021-12-12 00:00:00,2021-12-12 01:00:00,0.11664
Netherlands,NLD,2021-12-12 01:00:00,2021-12-12 02:00:00,0.09998
Netherlands,NLD,2021-12-12 02:00:00,2021-12-12 03:00:00,0.095
Netherlands,NLD,2021-12-12 03:00:00,2021-12-12 04:00:00,0.10401
Netherlands,NLD,2021-12-12 04:00:00,2021-12-12 05:00:00,0.10568000000000001
Netherlands,NLD,2021-12-12 05:00:00,2021-12-12 06:00:00,0.10593999999999999
Netherlands,NLD,2021-12-12 06:00:00,2021-12-12 07:00:00,0.10826999999999999
Netherlands,NLD,2021-12-12 07:00:00,2021-12-12 08:00:00,0.137
Netherlands,NLD,2021-12-12 08:00:00,2021-12-12 09:00:00,0.2001
Netherlands,NLD,2021-12-12 09:00:00,2021-12-12 10:00:00,0.225
Netherlands,NLD,2021-12-12 10:00:00,2021-12-12 11:00:00,0.239
Netherlands,NLD,2021-12-12 11:00:00,2021-12-12 12:00:00,0.23
Netherlands,NLD,2021-12-12 12:00:00,2021-12-12 13:00:00,0.242
Netherlands,NLD,2021-12-12 13:00:00,2021-12-12 14:00:00,0.25801
Netherlands,NLD,2021-12-12 14:00:00,2021-12-12 15:00:00,0.23108
Netherlands,NLD,2021-12-12 15:00:00,2021-12-12 16:00:00,0.25333
Netherlands,NLD,2021-12-12 16:00:00,2021-12-12 17:00:00,0.282
Netherlands,NLD,2021-12-12 17:00:00,2021-12-12 18:00:00,0.28756
Netherlands,NLD,2021-12-12 18:00:00,2021-12-12 19:00:00,0.25081
Netherlands,NLD,2021-12-12 19:00:00,2021-12-12 20:00:00,0.26097000000000004
Netherlands,NLD,2021-12-12 20:00:00,2021-12-12 21:00:00,0.23023
Netherlands,NLD,2021-12-12 21:00:00,2021-12-12 22:00:00,0.23501
Netherlands,NLD,2021-12-12 22:00:00,2021-12-12 23:00:00,0.17842
Netherlands,NLD,2021-12-12 23:00:00,2021-12-13 00:00:00,0.17604
Netherlands,NLD,2021-12-13 00:00:00,2021-12-13 01:00:00,0.1449
Netherlands,NLD,2021-12-13 01:00:00,2021-12-13 02:00:00,0.13125
Netherlands,NLD,2021-12-13 02:00:00,2021-12-13 03:00:00,0.12765
Netherlands,NLD,2021-12-13 03:00:00,2021-12-13 04:00:00,0.13419999999999999
Netherlands,NLD,2021-12-13 04:00:00,2021-12-13 05:00:00,0.14587
Netherlands,NLD,2021-12-13 05:00:00,2021-12-13 06:00:00,0.2692
Netherlands,NLD,2021-12-13 06:00:00,2021-12-13 07:00:00,0.29836
Netherlands,NLD,2021-12-13 07:00:00,2021-12-13 08:00:00,0.29073000000000004
Netherlands,NLD,2021-12-13 08:00:00,2021-12-13 09:00:00,0.30336
Netherlands,NLD,2021-12-13 09:00:00,2021-12-13 10:00:00,0.29994
Netherlands,NLD,2021-12-13 10:00:00,2021-12-13 11:00:00,0.268
Netherlands,NLD,2021-12-13 11:00:00,2021-12-13 12:00:00,0.27
Netherlands,NLD,2021-12-13 12:00:00,2021-12-13 13:00:00,0.25004
Netherlands,NLD,2021-12-13 13:00:00,2021-12-13 14:00:00,0.278
Netherlands,NLD,2021-12-13 14:00:00,2021-12-13 15:00:00,0.3
Netherlands,NLD,2021-12-13 15:00:00,2021-12-13 16:00:00,0.32882
Netherlands,NLD,2021-12-13 16:00:00,2021-12-13 17:00:00,0.35373000000000004
Netherlands,NLD,2021-12-13 17:00:00,2021-12-13 18:00:00,0.27876
Netherlands,NLD,2021-12-13 18:00:00,2021-12-13 19:00:00,0.27
Netherlands,NLD,2021-12-13 19:00:00,2021-12-13 20:00:00,0.23663
Netherlands,NLD,2021-12-13 20:00:00,2021-12-13 21:00:00,0.22202000000000002
Netherlands,NLD,2021-12-13 21:00:00,2021-12-13 22:00:00,0.2275
Netherlands,NLD,2021-12-13 22:00:00,2021-12-13 23:00:00,0.1999
Netherlands,NLD,2021-12-13 23:00:00,2021-12-14 00:00:00,0.1999
Netherlands,NLD,2021-12-14 00:00:00,2021-12-14 01:00:00,0.14931999999999998
Netherlands,NLD,2021-12-14 01:00:00,2021-12-14 02:00:00,0.13277
Netherlands,NLD,2021-12-14 02:00:00,2021-12-14 03:00:00,0.12902000000000002
Netherlands,NLD,2021-12-14 03:00:00,2021-12-14 04:00:00,0.14558000000000001
Netherlands,NLD,2021-12-14 04:00:00,2021-12-14 05:00:00,0.18691999999999998
Netherlands,NLD,2021-12-14 05:00:00,2021-12-14 06:00:00,0.20113
Netherlands,NLD,2021-12-14 06:00:00,2021-12-14 07:00:00,0.277
Netherlands,NLD,2021-12-14 07:00:00,2021-12-14 08:00:00,0.33784
Netherlands,NLD,2021-12-14 08:00:00,2021-12-14 09:00:00,0.36371
Netherlands,NLD,2021-12-14 09:00:00,2021-12-14 10:00:00,0.36260000000000003
Netherlands,NLD,2021-12-14 10:00:00,2021-12-14 11:00:00,0.34
Netherlands,NLD,2021-12-14 11:00:00,2021-12-14 12:00:00,0.30010000000000003
Netherlands,NLD,2021-12-14 12:00:00,2021-12-14 13:00:00,0.304
Netherlands,NLD,2021-12-14 13:00:00,2021-12-14 14:00:00,0.3135
Netherlands,NLD,2021-12-14 14:00:00,2021-12-14 15:00:00,0.35164999999999996
Netherlands,NLD,2021-12-14 15:00:00,2021-12-14 16:00:00,0.37339999999999995
Netherlands,NLD,2021-12-14 16:00:00,2021-12-14 17:00:00,0.4
Netherlands,NLD,2021-12-14 17:00:00,2021-12-14 18:00:00,0.3935
Netherlands,NLD,2021-12-14 18:00:00,2021-12-14 19:00:00,0.35968
Netherlands,NLD,2021-12-14 19:00:00,2021-12-14 20:00:00,0.33788999999999997
Netherlands,NLD,2021-12-14 20:00:00,2021-12-14 21:00:00,0.28782
Netherlands,NLD,2021-12-14 21:00:00,2021-12-14 22:00:00,0.25
Netherlands,NLD,2021-12-14 22:00:00,2021-12-14 23:00:00,0.23096
Netherlands,NLD,2021-12-14 23:00:00,2021-12-15 00:00:00,0.2194
Netherlands,NLD,2021-12-15 00:00:00,2021-12-15 01:00:00,0.20369
Netherlands,NLD,2021-12-15 01:00:00,2021-12-15 02:00:00,0.20674
Netherlands,NLD,2021-12-15 02:00:00,2021-12-15 03:00:00,0.20038999999999998
Netherlands,NLD,2021-12-15 03:00:00,2021-12-15 04:00:00,0.19683
Netherlands,NLD,2021-12-15 04:00:00,2021-12-15 05:00:00,0.2299
Netherlands,NLD,2021-12-15 05:00:00,2021-12-15 06:00:00,0.2636
Netherlands,NLD,2021-12-15 06:00:00,2021-12-15 07:00:00,0.30010000000000003
Netherlands,NLD,2021-12-15 07:00:00,2021-12-15 08:00:00,0.26938999999999996
Netherlands,NLD,2021-12-15 08:00:00,2021-12-15 09:00:00,0.28017000000000003
Netherlands,NLD,2021-12-15 09:00:00,2021-12-15 10:00:00,0.29089
Netherlands,NLD,2021-12-15 10:00:00,2021-12-15 11:00:00,0.30010000000000003
Netherlands,NLD,2021-12-15 11:00:00,2021-12-15 12:00:00,0.30388
Netherlands,NLD,2021-12-15 12:00:00,2021-12-15 13:00:00,0.31460000000000005
Netherlands,NLD,2021-12-15 13:00:00,2021-12-15 14:00:00,0.3396
Netherlands,NLD,2021-12-15 14:00:00,2021-12-15 15:00:00,0.34992
Netherlands,NLD,2021-12-15 15:00:00,2021-12-15 16:00:00,0.35
Netherlands,NLD,2021-12-15 16:00:00,2021-12-15 17:00:00,0.402
Netherlands,NLD,2021-12-15 17:00:00,2021-12-15 18:00:00,0.30395999999999995
Netherlands,NLD,2021-12-15 18:00:00,2021-12-15 19:00:00,0.27781
Netherlands,NLD,2021-12-15 19:00:00,2021-12-15 20:00:00,0.27229000000000003
Netherlands,NLD,2021-12-15 20:00:00,2021-12-15 21:00:00,0.24494
Netherlands,NLD,2021-12-15 21:00:00,2021-12-15 22:00:00,0.25117
Netherlands,NLD,2021-12-15 22:00:00,2021-12-15 23:00:00,0.24621
Netherlands,NLD,2021-12-15 23:00:00,2021-12-16 00:00:00,0.2399
Netherlands,NLD,2021-12-16 00:00:00,2021-12-16 01:00:00,0.22649
Netherlands,NLD,2021-12-16 01:00:00,2021-12-16 02:00:00,0.20196
Netherlands,NLD,2021-12-16 02:00:00,2021-12-16 03:00:00,0.22782
Netherlands,NLD,2021-12-16 03:00:00,2021-12-16 04:00:00,0.25178
Netherlands,NLD,2021-12-16 04:00:00,2021-12-16 05:00:00,0.26649
Netherlands,NLD,2021-12-16 05:00:00,2021-12-16 06:00:00,0.30039
Netherlands,NLD,2021-12-16 06:00:00,2021-12-16 07:00:00,0.298
Netherlands,NLD,2021-12-16 07:00:00,2021-12-16 08:00:00,0.41112
Netherlands,NLD,2021-12-16 08:00:00,2021-12-16 09:00:00,0.4168
Netherlands,NLD,2021-12-16 09:00:00,2021-12-16 10:00:00,0.4088
Netherlands,NLD,2021-12-16 10:00:00,2021-12-16 11:00:00,0.4
Netherlands,NLD,2021-12-16 11:00:00,2021-12-16 12:00:00,0.3742
Netherlands,NLD,2021-12-16 12:00:00,2021-12-16 13:00:00,0.38700999999999997
Netherlands,NLD,2021-12-16 13:00:00,2021-12-16 14:00:00,0.39524000000000004
Netherlands,NLD,2021-12-16 14:00:00,2021-12-16 15:00:00,0.39972
Netherlands,NLD,2021-12-16 15:00:00,2021-12-16 16:00:00,0.41623000000000004
Netherlands,NLD,2021-12-16 16:00:00,2021-12-16 17:00:00,0.425
Netherlands,NLD,2021-12-16 17:00:00,2021-12-16 18:00:00,0.41725
Netherlands,NLD,2021-12-16 18:00:00,2021-12-16 19:00:00,0.40457
Netherlands,NLD,2021-12-16 19:00:00,2021-12-16 20:00:00,0.35
Netherlands,NLD,2021-12-16 20:00:00,2021-12-16 21:00:00,0.24378
Netherlands,NLD,2021-12-16 21:00:00,2021-12-16 22:00:00,0.28123000000000004
Netherlands,NLD,2021-12-16 22:00:00,2021-12-16 23:00:00,0.25344
Netherlands,NLD,2021-12-16 23:00:00,2021-12-17 00:00:00,0.28926
Netherlands,NLD,2021-12-17 00:00:00,2021-12-17 01:00:00,0.26131
Netherlands,NLD,2021-12-17 01:00:00,2021-12-17 02:00:00,0.24742
Netherlands,NLD,2021-12-17 02:00:00,2021-12-17 03:00:00,0.23888
Netherlands,NLD,2021-12-17 03:00:00,2021-12-17 04:00:00,0.25
Netherlands,NLD,2021-12-17 04:00:00,2021-12-17 05:00:00,0.27009
Netherlands,NLD,2021-12-17 05:00:00,2021-12-17 06:00:00,0.30381
Netherlands,NLD,2021-12-17 06:00:00,2021-12-17 07:00:00,0.391
Netherlands,NLD,2021-12-17 07:00:00,2021-12-17 08:00:00,0.40392
Netherlands,NLD,2021-12-17 08:00:00,2021-12-17 09:00:00,0.40392
Netherlands,NLD,2021-12-17 09:00:00,2021-12-17 10:00:00,0.39894999999999997
Netherlands,NLD,2021-12-17 10:00:00,2021-12-17 11:00:00,0.39246
Netherlands,NLD,2021-12-17 11:00:00,2021-12-17 12:00:00,0.37613
Netherlands,NLD,2021-12-17 12:00:00,2021-12-17 13:00:00,0.35170999999999997
Netherlands,NLD,2021-12-17 13:00:00,2021-12-17 14:00:00,0.36151
Netherlands,NLD,2021-12-17 14:00:00,2021-12-17 15:00:00,0.3921
Netherlands,NLD,2021-12-17 15:00:00,2021-12-17 16:00:00,0.38232
Netherlands,NLD,2021-12-17 16:00:00,2021-12-17 17:00:00,0.3973
Netherlands,NLD,2021-12-17 17:00:00,2021-12-17 18:00:00,0.39442
Netherlands,NLD,2021-12-17 18:00:00,2021-12-17 19:00:00,0.3901
Netherlands,NLD,2021-12-17 19:00:00,2021-12-17 20:00:00,0.34198
Netherlands,NLD,2021-12-17 20:00:00,2021-12-17 21:00:00,0.294
Netherlands,NLD,2021-12-17 21:00:00,2021-12-17 22:00:00,0.29496
Netherlands,NLD,2021-12-17 22:00:00,2021-12-17 23:00:00,0.26689999999999997
Netherlands,NLD,2021-12-17 23:00:00,2021-12-18 00:00:00,0.31012
Netherlands,NLD,2021-12-18 00:00:00,2021-12-18 01:00:00,0.27163
Netherlands,NLD,2021-12-18 01:00:00,2021-12-18 02:00:00,0.2501
Netherlands,NLD,2021-12-18 02:00:00,2021-12-18 03:00:00,0.26975
Netherlands,NLD,2021-12-18 03:00:00,2021-12-18 04:00:00,0.2524
Netherlands,NLD,2021-12-18 04:00:00,2021-12-18 05:00:00,0.23275
Netherlands,NLD,2021-12-18 05:00:00,2021-12-18 06:00:00,0.2782
Netherlands,NLD,2021-12-18 06:00:00,2021-12-18 07:00:00,0.29967
Netherlands,NLD,2021-12-18 07:00:00,2021-12-18 08:00:00,0.31307999999999997
Netherlands,NLD,2021-12-18 08:00:00,2021-12-18 09:00:00,0.33527999999999997
Netherlands,NLD,2021-12-18 09:00:00,2021-12-18 10:00:00,0.3241
Netherlands,NLD,2021-12-18 10:00:00,2021-12-18 11:00:00,0.312
Netherlands,NLD,2021-12-18 11:00:00,2021-12-18 12:00:00,0.295
Netherlands,NLD,2021-12-18 12:00:00,2021-12-18 13:00:00,0.28526
Netherlands,NLD,2021-12-18 13:00:00,2021-12-18 14:00:00,0.2868
Netherlands,NLD,2021-12-18 14:00:00,2021-12-18 15:00:00,0.28008999999999995
Netherlands,NLD,2021-12-18 15:00:00,2021-12-18 16:00:00,0.31101
Netherlands,NLD,2021-12-18 16:00:00,2021-12-18 17:00:00,0.33253
Netherlands,NLD,2021-12-18 17:00:00,2021-12-18 18:00:00,0.345
Netherlands,NLD,2021-12-18 18:00:00,2021-12-18 19:00:00,0.26672
Netherlands,NLD,2021-12-18 19:00:00,2021-12-18 20:00:00,0.251
Netherlands,NLD,2021-12-18 20:00:00,2021-12-18 21:00:00,0.33
Netherlands,NLD,2021-12-18 21:00:00,2021-12-18 22:00:00,0.25
Netherlands,NLD,2021-12-18 22:00:00,2021-12-18 23:00:00,0.338
Netherlands,NLD,2021-12-18 23:00:00,2021-12-19 00:00:00,0.3501
Netherlands,NLD,2021-12-19 00:00:00,2021-12-19 01:00:00,0.332
Netherlands,NLD,2021-12-19 01:00:00,2021-12-19 02:00:00,0.30010000000000003
Netherlands,NLD,2021-12-19 02:00:00,2021-12-19 03:00:00,0.293
Netherlands,NLD,2021-12-19 03:00:00,2021-12-19 04:00:00,0.2501
Netherlands,NLD,2021-12-19 04:00:00,2021-12-19 05:00:00,0.2501
Netherlands,NLD,2021-12-19 05:00:00,2021-12-19 06:00:00,0.2479
Netherlands,NLD,2021-12-19 06:00:00,2021-12-19 07:00:00,0.2547
Netherlands,NLD,2021-12-19 07:00:00,2021-12-19 08:00:00,0.26
Netherlands,NLD,2021-12-19 08:00:00,2021-12-19 09:00:00,0.30710000000000004
Netherlands,NLD,2021-12-19 09:00:00,2021-12-19 10:00:00,0.326
Netherlands,NLD,2021-12-19 10:00:00,2021-12-19 11:00:00,0.332
Netherlands,NLD,2021-12-19 11:00:00,2021-12-19 12:00:00,0.35
Netherlands,NLD,2021-12-19 12:00:00,2021-12-19 13:00:00,0.32541000000000003
Netherlands,NLD,2021-12-19 13:00:00,2021-12-19 14:00:00,0.25622
Netherlands,NLD,2021-12-19 14:00:00,2021-12-19 15:00:00,0.25780000000000003
Netherlands,NLD,2021-12-19 15:00:00,2021-12-19 16:00:00,0.245
Netherlands,NLD,2021-12-19 16:00:00,2021-12-19 17:00:00,0.29
Netherlands,NLD,2021-12-19 17:00:00,2021-12-19 18:00:00,0.2699
Netherlands,NLD,2021-12-19 18:00:00,2021-12-19 19:00:00,0.2536
Netherlands,NLD,2021-12-19 19:00:00,2021-12-19 20:00:00,0.31989999999999996
Netherlands,NLD,2021-12-19 20:00:00,2021-12-19 21:00:00,0.31989999999999996
Netherlands,NLD,2021-12-19 21:00:00,2021-12-19 22:00:00,0.328
Netherlands,NLD,2021-12-19 22:00:00,2021-12-19 23:00:00,0.23307
Netherlands,NLD,2021-12-19 23:00:00,2021-12-20 00:00:00,0.3331
Netherlands,NLD,2021-12-20 00:00:00,2021-12-20 01:00:00,0.30010000000000003
Netherlands,NLD,2021-12-20 01:00:00,2021-12-20 02:00:00,0.26044
Netherlands,NLD,2021-12-20 02:00:00,2021-12-20 03:00:00,0.24846000000000001
Netherlands,NLD,2021-12-20 03:00:00,2021-12-20 04:00:00,0.29279
Netherlands,NLD,2021-12-20 04:00:00,2021-12-20 05:00:00,0.294
Netherlands,NLD,2021-12-20 05:00:00,2021-12-20 06:00:00,0.2999
Netherlands,NLD,2021-12-20 06:00:00,2021-12-20 07:00:00,0.396
Netherlands,NLD,2021-12-20 07:00:00,2021-12-20 08:00:00,0.43347
Netherlands,NLD,2021-12-20 08:00:00,2021-12-20 09:00:00,0.41002999999999995
Netherlands,NLD,2021-12-20 09:00:00,2021-12-20 10:00:00,0.37377999999999995
Netherlands,NLD,2021-12-20 10:00:00,2021-12-20 11:00:00,0.3399
Netherlands,NLD,2021-12-20 11:00:00,2021-12-20 12:00:00,0.28962
Netherlands,NLD,2021-12-20 12:00:00,2021-12-20 13:00:00,0.35196
Netherlands,NLD,2021-12-20 13:00:00,2021-12-20 14:00:00,0.40492
Netherlands,NLD,2021-12-20 14:00:00,2021-12-20 15:00:00,0.42882
Netherlands,NLD,2021-12-20 15:00:00,2021-12-20 16:00:00,0.43997
Netherlands,NLD,2021-12-20 16:00:00,2021-12-20 17:00:00,0.46008
Netherlands,NLD,2021-12-20 17:00:00,2021-12-20 18:00:00,0.46598
Netherlands,NLD,2021-12-20 18:00:00,2021-12-20 19:00:00,0.43997
Netherlands,NLD,2021-12-20 19:00:00,2021-12-20 20:00:00,0.424
Netherlands,NLD,2021-12-20 20:00:00,2021-12-20 21:00:00,0.37195999999999996
Netherlands,NLD,2021-12-20 21:00:00,2021-12-20 22:00:00,0.33
Netherlands,NLD,2021-12-20 22:00:00,2021-12-20 23:00:00,0.2695
Netherlands,NLD,2021-12-20 23:00:00,2021-12-21 00:00:00,0.27991000000000005
Netherlands,NLD,2021-12-21 00:00:00,2021-12-21 01:00:00,0.29808999999999997
Netherlands,NLD,2021-12-21 01:00:00,2021-12-21 02:00:00,0.2932
Netherlands,NLD,2021-12-21 02:00:00,2021-12-21 03:00:00,0.29414
Netherlands,NLD,2021-12-21 03:00:00,2021-12-21 04:00:00,0.29072000000000003
Netherlands,NLD,2021-12-21 04:00:00,2021-12-21 05:00:00,0.32248000000000004
Netherlands,NLD,2021-12-21 05:00:00,2021-12-21 06:00:00,0.39998
Netherlands,NLD,2021-12-21 06:00:00,2021-12-21 07:00:00,0.47102
Netherlands,NLD,2021-12-21 07:00:00,2021-12-21 08:00:00,0.51002
Netherlands,NLD,2021-12-21 08:00:00,2021-12-21 09:00:00,0.51358
Netherlands,NLD,2021-12-21 09:00:00,2021-12-21 10:00:00,0.50339
Netherlands,NLD,2021-12-21 10:00:00,2021-12-21 11:00:00,0.48
Netherlands,NLD,2021-12-21 11:00:00,2021-12-21 12:00:00,0.45475
Netherlands,NLD,2021-12-21 12:00:00,2021-12-21 13:00:00,0.46
Netherlands,NLD,2021-12-21 13:00:00,2021-12-21 14:00:00,0.47620999999999997
Netherlands,NLD,2021-12-21 14:00:00,2021-12-21 15:00:00,0.50513
Netherlands,NLD,2021-12-21 15:00:00,2021-12-21 16:00:00,0.53991
Netherlands,NLD,2021-12-21 16:00:00,2021-12-21 17:00:00,0.62
Netherlands,NLD,2021-12-21 17:00:00,2021-12-21 18:00:00,0.6001000000000001
Netherlands,NLD,2021-12-21 18:00:00,2021-12-21 19:00:00,0.52
Netherlands,NLD,2021-12-21 19:00:00,2021-12-21 20:00:00,0.47058999999999995
Netherlands,NLD,2021-12-21 20:00:00,2021-12-21 21:00:00,0.40057
Netherlands,NLD,2021-12-21 21:00:00,2021-12-21 22:00:00,0.32611
Netherlands,NLD,2021-12-21 22:00:00,2021-12-21 23:00:00,0.28632
Netherlands,NLD,2021-12-21 23:00:00,2021-12-22 00:00:00,0.33144
Netherlands,NLD,2021-12-22 00:00:00,2021-12-22 01:00:00,0.3226
Netherlands,NLD,2021-12-22 01:00:00,2021-12-22 02:00:00,0.31122000000000005
Netherlands,NLD,2021-12-22 02:00:00,2021-12-22 03:00:00,0.29718
Netherlands,NLD,2021-12-22 03:00:00,2021-12-22 04:00:00,0.30907
Netherlands,NLD,2021-12-22 04:00:00,2021-12-22 05:00:00,0.327
Netherlands,NLD,2021-12-22 05:00:00,2021-12-22 06:00:00,0.3999
Netherlands,NLD,2021-12-22 06:00:00,2021-12-22 07:00:00,0.5
Netherlands,NLD,2021-12-22 07:00:00,2021-12-22 08:00:00,0.48969
Netherlands,NLD,2021-12-22 08:00:00,2021-12-22 09:00:00,0.48102999999999996
Netherlands,NLD,2021-12-22 09:00:00,2021-12-22 10:00:00,0.4584
Netherlands,NLD,2021-12-22 10:00:00,2021-12-22 11:00:00,0.385
Netherlands,NLD,2021-12-22 11:00:00,2021-12-22 12:00:00,0.31989999999999996
Netherlands,NLD,2021-12-22 12:00:00,2021-12-22 13:00:00,0.3529
Netherlands,NLD,2021-12-22 13:00:00,2021-12-22 14:00:00,0.46603
Netherlands,NLD,2021-12-22 14:00:00,2021-12-22 15:00:00,0.482
Netherlands,NLD,2021-12-22 15:00:00,2021-12-22 16:00:00,0.5055
Netherlands,NLD,2021-12-22 16:00:00,2021-12-22 17:00:00,0.5292
Netherlands,NLD,2021-12-22 17:00:00,2021-12-22 18:00:00,0.5004700000000001
Netherlands,NLD,2021-12-22 18:00:00,2021-12-22 19:00:00,0.43359
Netherlands,NLD,2021-12-22 19:00:00,2021-12-22 20:00:00,0.33546
Netherlands,NLD,2021-12-22 20:00:00,2021-12-22 21:00:00,0.31880000000000003
Netherlands,NLD,2021-12-22 21:00:00,2021-12-22 22:00:00,0.325
Netherlands,NLD,2021-12-22 22:00:00,2021-12-22 23:00:00,0.33175
Netherlands,NLD,2021-12-22 23:00:00,2021-12-23 00:00:00,0.35664
Netherlands,NLD,2021-12-23 00:00:00,2021-12-23 01:00:00,0.33431
Netherlands,NLD,2021-12-23 01:00:00,2021-12-23 02:00:00,0.30537000000000003
Netherlands,NLD,2021-12-23 02:00:00,2021-12-23 03:00:00,0.28351
Netherlands,NLD,2021-12-23 03:00:00,2021-12-23 04:00:00,0.2994
Netherlands,NLD,2021-12-23 04:00:00,2021-12-23 05:00:00,0.32468
Netherlands,NLD,2021-12-23 05:00:00,2021-12-23 06:00:00,0.379
Netherlands,NLD,2021-12-23 06:00:00,2021-12-23 07:00:00,0.39154
Netherlands,NLD,2021-12-23 07:00:00,2021-12-23 08:00:00,0.42536
Netherlands,NLD,2021-12-23 08:00:00,2021-12-23 09:00:00,0.45
Netherlands,NLD,2021-12-23 09:00:00,2021-12-23 10:00:00,0.39
Netherlands,NLD,2021-12-23 10:00:00,2021-12-23 11:00:00,0.38
Netherlands,NLD,2021-12-23 11:00:00,2021-12-23 12:00:00,0.34107
Netherlands,NLD,2021-12-23 12:00:00,2021-12-23 13:00:00,0.35
Netherlands,NLD,2021-12-23 13:00:00,2021-12-23 14:00:00,0.3351
Netherlands,NLD,2021-12-23 14:00:00,2021-12-23 15:00:00,0.35
Netherlands,NLD,2021-12-23 15:00:00,2021-12-23 16:00:00,0.35
Netherlands,NLD,2021-12-23 16:00:00,2021-12-23 17:00:00,0.436
Netherlands,NLD,2021-12-23 17:00:00,2021-12-23 18:00:00,0.3341
Netherlands,NLD,2021-12-23 18:00:00,2021-12-23 19:00:00,0.30110000000000003
Netherlands,NLD,2021-12-23 19:00:00,2021-12-23 20:00:00,0.3
Netherlands,NLD,2021-12-23 20:00:00,2021-12-23 21:00:00,0.2399
Netherlands,NLD,2021-12-23 21:00:00,2021-12-23 22:00:00,0.18649000000000002
Netherlands,NLD,2021-12-23 22:00:00,2021-12-23 23:00:00,0.14998
Netherlands,NLD,2021-12-23 23:00:00,2021-12-24 00:00:00,0.17894
Netherlands,NLD,2021-12-24 00:00:00,2021-12-24 01:00:00,0.1666
Netherlands,NLD,2021-12-24 01:00:00,2021-12-24 02:00:00,0.16115000000000002
Netherlands,NLD,2021-12-24 02:00:00,2021-12-24 03:00:00,0.16596
Netherlands,NLD,2021-12-24 03:00:00,2021-12-24 04:00:00,0.16745
Netherlands,NLD,2021-12-24 04:00:00,2021-12-24 05:00:00,0.211
Netherlands,NLD,2021-12-24 05:00:00,2021-12-24 06:00:00,0.3
Netherlands,NLD,2021-12-24 06:00:00,2021-12-24 07:00:00,0.2999
Netherlands,NLD,2021-12-24 07:00:00,2021-12-24 08:00:00,0.30989999999999995
Netherlands,NLD,2021-12-24 08:00:00,2021-12-24 09:00:00,0.3999
Netherlands,NLD,2021-12-24 09:00:00,2021-12-24 10:00:00,0.42
Netherlands,NLD,2021-12-24 10:00:00,2021-12-24 11:00:00,0.32989999999999997
Netherlands,NLD,2021-12-24 11:00:00,2021-12-24 12:00:00,0.28
Netherlands,NLD,2021-12-24 12:00:00,2021-12-24 13:00:00,0.32989999999999997
Netherlands,NLD,2021-12-24 13:00:00,2021-12-24 14:00:00,0.3807
Netherlands,NLD,2021-12-24 14:00:00,2021-12-24 15:00:00,0.313
Netherlands,NLD,2021-12-24 15:00:00,2021-12-24 16:00:00,0.32989999999999997
Netherlands,NLD,2021-12-24 16:00:00,2021-12-24 17:00:00,0.39192
Netherlands,NLD,2021-12-24 17:00:00,2021-12-24 18:00:00,0.30010000000000003
Netherlands,NLD,2021-12-24 18:00:00,2021-12-24 19:00:00,0.32208
Netherlands,NLD,2021-12-24 19:00:00,2021-12-24 20:00:00,0.30327
Netherlands,NLD,2021-12-24 20:00:00,2021-12-24 21:00:00,0.2704
Netherlands,NLD,2021-12-24 21:00:00,2021-12-24 22:00:00,0.26546
Netherlands,NLD,2021-12-24 22:00:00,2021-12-24 23:00:00,0.25976
Netherlands,NLD,2021-12-24 23:00:00,2021-12-25 00:00:00,0.21259999999999998
Netherlands,NLD,2021-12-25 00:00:00,2021-12-25 01:00:00,0.19697
Netherlands,NLD,2021-12-25 01:00:00,2021-12-25 02:00:00,0.18406999999999998
Netherlands,NLD,2021-12-25 02:00:00,2021-12-25 03:00:00,0.16222
Netherlands,NLD,2021-12-25 03:00:00,2021-12-25 04:00:00,0.135
Netherlands,NLD,2021-12-25 04:00:00,2021-12-25 05:00:00,0.12531
Netherlands,NLD,2021-12-25 05:00:00,2021-12-25 06:00:00,0.12803
Netherlands,NLD,2021-12-25 06:00:00,2021-12-25 07:00:00,0.12579
Netherlands,NLD,2021-12-25 07:00:00,2021-12-25 08:00:00,0.16444
Netherlands,NLD,2021-12-25 08:00:00,2021-12-25 09:00:00,0.19969
Netherlands,NLD,2021-12-25 09:00:00,2021-12-25 10:00:00,0.21259999999999998
Netherlands,NLD,2021-12-25 10:00:00,2021-12-25 11:00:00,0.21259999999999998
Netherlands,NLD,2021-12-25 11:00:00,2021-12-25 12:00:00,0.2099
Netherlands,NLD,2021-12-25 12:00:00,2021-12-25 13:00:00,0.2
Netherlands,NLD,2021-12-25 13:00:00,2021-12-25 14:00:00,0.2127
Netherlands,NLD,2021-12-25 14:00:00,2021-12-25 15:00:00,0.226
Netherlands,NLD,2021-12-25 15:00:00,2021-12-25 16:00:00,0.23152
Netherlands,NLD,2021-12-25 16:00:00,2021-12-25 17:00:00,0.24481
Netherlands,NLD,2021-12-25 17:00:00,2021-12-25 18:00:00,0.24509999999999998
Netherlands,NLD,2021-12-25 18:00:00,2021-12-25 19:00:00,0.21127
Netherlands,NLD,2021-12-25 19:00:00,2021-12-25 20:00:00,0.22215000000000001
Netherlands,NLD,2021-12-25 20:00:00,2021-12-25 21:00:00,0.22084
Netherlands,NLD,2021-12-25 21:00:00,2021-12-25 22:00:00,0.22811
Netherlands,NLD,2021-12-25 22:00:00,2021-12-25 23:00:00,0.17912
Netherlands,NLD,2021-12-25 23:00:00,2021-12-26 00:00:00,0.17441
Netherlands,NLD,2021-12-26 00:00:00,2021-12-26 01:00:00,0.15383000000000002
Netherlands,NLD,2021-12-26 01:00:00,2021-12-26 02:00:00,0.15237
Netherlands,NLD,2021-12-26 02:00:00,2021-12-26 03:00:00,0.13326
Netherlands,NLD,2021-12-26 03:00:00,2021-12-26 04:00:00,0.12666
Netherlands,NLD,2021-12-26 04:00:00,2021-12-26 05:00:00,0.13024000000000002
Netherlands,NLD,2021-12-26 05:00:00,2021-12-26 06:00:00,0.13224
Netherlands,NLD,2021-12-26 06:00:00,2021-12-26 07:00:00,0.1625
Netherlands,NLD,2021-12-26 07:00:00,2021-12-26 08:00:00,0.17439
Netherlands,NLD,2021-12-26 08:00:00,2021-12-26 09:00:00,0.18594
Netherlands,NLD,2021-12-26 09:00:00,2021-12-26 10:00:00,0.19935
Netherlands,NLD,2021-12-26 10:00:00,2021-12-26 11:00:00,0.20281
Netherlands,NLD,2021-12-26 11:00:00,2021-12-26 12:00:00,0.1994
Netherlands,NLD,2021-12-26 12:00:00,2021-12-26 13:00:00,0.19372999999999999
Netherlands,NLD,2021-12-26 13:00:00,2021-12-26 14:00:00,0.1933
Netherlands,NLD,2021-12-26 14:00:00,2021-12-26 15:00:00,0.19338999999999998
Netherlands,NLD,2021-12-26 15:00:00,2021-12-26 16:00:00,0.19565000000000002
Netherlands,NLD,2021-12-26 16:00:00,2021-12-26 17:00:00,0.22475
Netherlands,NLD,2021-12-26 17:00:00,2021-12-26 18:00:00,0.28270999999999996
Netherlands,NLD,2021-12-26 18:00:00,2021-12-26 19:00:00,0.27
Netherlands,NLD,2021-12-26 19:00:00,2021-12-26 20:00:00,0.20774
Netherlands,NLD,2021-12-26 20:00:00,2021-12-26 21:00:00,0.19974
Netherlands,NLD,2021-12-26 21:00:00,2021-12-26 22:00:00,0.19106
Netherlands,NLD,2021-12-26 22:00:00,2021-12-26 23:00:00,0.1727
Netherlands,NLD,2021-12-26 23:00:00,2021-12-27 00:00:00,0.1802
Netherlands,NLD,2021-12-27 00:00:00,2021-12-27 01:00:00,0.15803
Netherlands,NLD,2021-12-27 01:00:00,2021-12-27 02:00:00,0.15961
Netherlands,NLD,2021-12-27 02:00:00,2021-12-27 03:00:00,0.11438
Netherlands,NLD,2021-12-27 03:00:00,2021-12-27 04:00:00,0.07604000000000001
Netherlands,NLD,2021-12-27 04:00:00,2021-12-27 05:00:00,0.09753
Netherlands,NLD,2021-12-27 05:00:00,2021-12-27 06:00:00,0.17973
Netherlands,NLD,2021-12-27 06:00:00,2021-12-27 07:00:00,0.18997
Netherlands,NLD,2021-12-27 07:00:00,2021-12-27 08:00:00,0.1905
Netherlands,NLD,2021-12-27 08:00:00,2021-12-27 09:00:00,0.2199
Netherlands,NLD,2021-12-27 09:00:00,2021-12-27 10:00:00,0.21175
Netherlands,NLD,2021-12-27 10:00:00,2021-12-27 11:00:00,0.21177
Netherlands,NLD,2021-12-27 11:00:00,2021-12-27 12:00:00,0.21004
Netherlands,NLD,2021-12-27 12:00:00,2021-12-27 13:00:00,0.20018
Netherlands,NLD,2021-12-27 13:00:00,2021-12-27 14:00:00,0.18843000000000001
Netherlands,NLD,2021-12-27 14:00:00,2021-12-27 15:00:00,0.186
Netherlands,NLD,2021-12-27 15:00:00,2021-12-27 16:00:00,0.1802
Netherlands,NLD,2021-12-27 16:00:00,2021-12-27 17:00:00,0.205
Netherlands,NLD,2021-12-27 17:00:00,2021-12-27 18:00:00,0.2071
Netherlands,NLD,2021-12-27 18:00:00,2021-12-27 19:00:00,0.19605
Netherlands,NLD,2021-12-27 19:00:00,2021-12-27 20:00:00,0.17839
Netherlands,NLD,2021-12-27 20:00:00,2021-12-27 21:00:00,0.1529
Netherlands,NLD,2021-12-27 21:00:00,2021-12-27 22:00:00,0.11305
Netherlands,NLD,2021-12-27 22:00:00,2021-12-27 23:00:00,0.09627
Netherlands,NLD,2021-12-27 23:00:00,2021-12-28 00:00:00,0.07440000000000001
Netherlands,NLD,2021-12-28 00:00:00,2021-12-28 01:00:00,0.0686
Netherlands,NLD,2021-12-28 01:00:00,2021-12-28 02:00:00,0.052840000000000005
Netherlands,NLD,2021-12-28 02:00:00,2021-12-28 03:00:00,0.03711
Netherlands,NLD,2021-12-28 03:00:00,2021-12-28 04:00:00,0.03879
Netherlands,NLD,2021-12-28 04:00:00,2021-12-28 05:00:00,0.048600000000000004
Netherlands,NLD,2021-12-28 05:00:00,2021-12-28 06:00:00,0.07559
Netherlands,NLD,2021-12-28 06:00:00,2021-12-28 07:00:00,0.10196
Netherlands,NLD,2021-12-28 07:00:00,2021-12-28 08:00:00,0.1238
Netherlands,NLD,2021-12-28 08:00:00,2021-12-28 09:00:00,0.14325
Netherlands,NLD,2021-12-28 09:00:00,2021-12-28 10:00:00,0.142
Netherlands,NLD,2021-12-28 10:00:00,2021-12-28 11:00:00,0.13487000000000002
Netherlands,NLD,2021-12-28 11:00:00,2021-12-28 12:00:00,0.12599
Netherlands,NLD,2021-12-28 12:00:00,2021-12-28 13:00:00,0.11449
Netherlands,NLD,2021-12-28 13:00:00,2021-12-28 14:00:00,0.1306
Netherlands,NLD,2021-12-28 14:00:00,2021-12-28 15:00:00,0.14561000000000002
Netherlands,NLD,2021-12-28 15:00:00,2021-12-28 16:00:00,0.1449
Netherlands,NLD,2021-12-28 16:00:00,2021-12-28 17:00:00,0.16490000000000002
Netherlands,NLD,2021-12-28 17:00:00,2021-12-28 18:00:00,0.15006
Netherlands,NLD,2021-12-28 18:00:00,2021-12-28 19:00:00,0.14989
Netherlands,NLD,2021-12-28 19:00:00,2021-12-28 20:00:00,0.13909
Netherlands,NLD,2021-12-28 20:00:00,2021-12-28 21:00:00,0.12522
Netherlands,NLD,2021-12-28 21:00:00,2021-12-28 22:00:00,0.12768000000000002
Netherlands,NLD,2021-12-28 22:00:00,2021-12-28 23:00:00,0.11008
Netherlands,NLD,2021-12-28 23:00:00,2021-12-29 00:00:00,0.11206
Netherlands,NLD,2021-12-29 00:00:00,2021-12-29 01:00:00,0.09326999999999999
Netherlands,NLD,2021-12-29 01:00:00,2021-12-29 02:00:00,0.09437000000000001
Netherlands,NLD,2021-12-29 02:00:00,2021-12-29 03:00:00,0.09082
Netherlands,NLD,2021-12-29 03:00:00,2021-12-29 04:00:00,0.09401000000000001
Netherlands,NLD,2021-12-29 04:00:00,2021-12-29 05:00:00,0.11763
Netherlands,NLD,2021-12-29 05:00:00,2021-12-29 06:00:00,0.13998
Netherlands,NLD,2021-12-29 06:00:00,2021-12-29 07:00:00,0.188
Netherlands,NLD,2021-12-29 07:00:00,2021-12-29 08:00:00,0.2
Netherlands,NLD,2021-12-29 08:00:00,2021-12-29 09:00:00,0.20345
Netherlands,NLD,2021-12-29 09:00:00,2021-12-29 10:00:00,0.2042
Netherlands,NLD,2021-12-29 10:00:00,2021-12-29 11:00:00,0.20438
Netherlands,NLD,2021-12-29 11:00:00,2021-12-29 12:00:00,0.20561000000000001
Netherlands,NLD,2021-12-29 12:00:00,2021-12-29 13:00:00,0.20562
Netherlands,NLD,2021-12-29 13:00:00,2021-12-29 14:00:00,0.2057
Netherlands,NLD,2021-12-29 14:00:00,2021-12-29 15:00:00,0.2
Netherlands,NLD,2021-12-29 15:00:00,2021-12-29 16:00:00,0.19599
Netherlands,NLD,2021-12-29 16:00:00,2021-12-29 17:00:00,0.20344
Netherlands,NLD,2021-12-29 17:00:00,2021-12-29 18:00:00,0.18393
Netherlands,NLD,2021-12-29 18:00:00,2021-12-29 19:00:00,0.16363
Netherlands,NLD,2021-12-29 19:00:00,2021-12-29 20:00:00,0.13006
Netherlands,NLD,2021-12-29 20:00:00,2021-12-29 21:00:00,0.10864
Netherlands,NLD,2021-12-29 21:00:00,2021-12-29 22:00:00,0.10634
Netherlands,NLD,2021-12-29 22:00:00,2021-12-29 23:00:00,0.08335
Netherlands,NLD,2021-12-29 23:00:00,2021-12-30 00:00:00,0.07307999999999999
Netherlands,NLD,2021-12-30 00:00:00,2021-12-30 01:00:00,0.04786
Netherlands,NLD,2021-12-30 01:00:00,2021-12-30 02:00:00,0.03312
Netherlands,NLD,2021-12-30 02:00:00,2021-12-30 03:00:00,0.02556
Netherlands,NLD,2021-12-30 03:00:00,2021-12-30 04:00:00,0.02136
Netherlands,NLD,2021-12-30 04:00:00,2021-12-30 05:00:00,0.0431
Netherlands,NLD,2021-12-30 05:00:00,2021-12-30 06:00:00,0.052969999999999996
Netherlands,NLD,2021-12-30 06:00:00,2021-12-30 07:00:00,0.09862
Netherlands,NLD,2021-12-30 07:00:00,2021-12-30 08:00:00,0.11845
Netherlands,NLD,2021-12-30 08:00:00,2021-12-30 09:00:00,0.13
Netherlands,NLD,2021-12-30 09:00:00,2021-12-30 10:00:00,0.13
Netherlands,NLD,2021-12-30 10:00:00,2021-12-30 11:00:00,0.1
Netherlands,NLD,2021-12-30 11:00:00,2021-12-30 12:00:00,0.13
Netherlands,NLD,2021-12-30 12:00:00,2021-12-30 13:00:00,0.11243
Netherlands,NLD,2021-12-30 13:00:00,2021-12-30 14:00:00,0.10990000000000001
Netherlands,NLD,2021-12-30 14:00:00,2021-12-30 15:00:00,0.14
Netherlands,NLD,2021-12-30 15:00:00,2021-12-30 16:00:00,0.11751
Netherlands,NLD,2021-12-30 16:00:00,2021-12-30 17:00:00,0.18215
Netherlands,NLD,2021-12-30 17:00:00,2021-12-30 18:00:00,0.186
Netherlands,NLD,2021-12-30 18:00:00,2021-12-30 19:00:00,0.15259
Netherlands,NLD,2021-12-30 19:00:00,2021-12-30 20:00:00,0.14133
Netherlands,NLD,2021-12-30 20:00:00,2021-12-30 21:00:00,0.135
Netherlands,NLD,2021-12-30 21:00:00,2021-12-30 22:00:00,0.09490000000000001
Netherlands,NLD,2021-12-30 22:00:00,2021-12-30 23:00:00,0.05565
Netherlands,NLD,2021-12-30 23:00:00,2021-12-31 00:00:00,0.00571
Netherlands,NLD,2021-12-31 00:00:00,2021-12-31 01:00:00,0.02615
Netherlands,NLD,2021-12-31 01:00:00,2021-12-31 02:00:00,0.02512
Netherlands,NLD,2021-12-31 02:00:00,2021-12-31 03:00:00,0.0
Netherlands,NLD,2021-12-31 03:00:00,2021-12-31 04:00:00,0.0
Netherlands,NLD,2021-12-31 04:00:00,2021-12-31 05:00:00,4e-05
Netherlands,NLD,2021-12-31 05:00:00,2021-12-31 06:00:00,0.023
Netherlands,NLD,2021-12-31 06:00:00,2021-12-31 07:00:00,0.09
Netherlands,NLD,2021-12-31 07:00:00,2021-12-31 08:00:00,0.12944999999999998
Netherlands,NLD,2021-12-31 08:00:00,2021-12-31 09:00:00,0.13635
Netherlands,NLD,2021-12-31 09:00:00,2021-12-31 10:00:00,0.11083
Netherlands,NLD,2021-12-31 10:00:00,2021-12-31 11:00:00,0.10586
Netherlands,NLD,2021-12-31 11:00:00,2021-12-31 12:00:00,0.09783
Netherlands,NLD,2021-12-31 12:00:00,2021-12-31 13:00:00,0.075
Netherlands,NLD,2021-12-31 13:00:00,2021-12-31 14:00:00,0.099
Netherlands,NLD,2021-12-31 14:00:00,2021-12-31 15:00:00,0.0999
Netherlands,NLD,2021-12-31 15:00:00,2021-12-31 16:00:00,0.1393
Netherlands,NLD,2021-12-31 16:00:00,2021-12-31 17:00:00,0.14253
Netherlands,NLD,2021-12-31 17:00:00,2021-12-31 18:00:00,0.13
Netherlands,NLD,2021-12-31 18:00:00,2021-12-31 19:00:00,0.07490000000000001
Netherlands,NLD,2021-12-31 19:00:00,2021-12-31 20:00:00,0.094
Netherlands,NLD,2021-12-31 20:00:00,2021-12-31 21:00:00,0.0849
Netherlands,NLD,2021-12-31 21:00:00,2021-12-31 22:00:00,0.099
Netherlands,NLD,2021-12-31 22:00:00,2021-12-31 23:00:00,0.09820000000000001
Netherlands,NLD,2021-12-31 23:00:00,2022-01-01 00:00:00,0.1247
